prefLabel,altLabels,displayName,uri,confidence,in_hierarchy_gold,relations,classification
cell transplantation,,cell transplantation,https://lod.nal.usda.gov/nalt/23441,0.95,False,skos:related,EXCLUDE
cellular microenvironment,cell microenvironment,cellular microenvironment (cell microenvironment),https://lod.nal.usda.gov/nalt/226485,0.65,True,skos:related,EXCLUDE
islets of Langerhans,alpha cells (pancreatic); beta cells (pancreatic); delta cells (pancreatic); islet cells; pancreas islets; pancreatic B cells; pancreatic D cells; pancreatic alpha cells; pancreatic beta cells; pancreatic delta cells; pancreatic islets; pancreatic polypeptide cells,"islets of Langerhans (alpha cells (pancreatic), beta cells (pancreatic), delta cells (pancreatic), islet cells, pancreas islets, pancreatic B cells, pancreatic D cells, pancreatic alpha cells, pancreatic beta cells, pancreatic delta cells, pancreatic islets, pancreatic polypeptide cells)",https://lod.nal.usda.gov/nalt/6863,0.9,True,skos:broader; skos:narrower,EXCLUDE
spores,,spores,https://lod.nal.usda.gov/nalt/15200,0.6,True,skos:broader; skos:narrower,EXCLUDE
adipogenesis,adipogenic differentiation,adipogenesis (adipogenic differentiation),https://lod.nal.usda.gov/nalt/70809,0.8,True,skos:related,EXCLUDE
adipokines,adipocytokines; adipokine,"adipokines (adipocytokines, adipokine)",https://lod.nal.usda.gov/nalt/132364,0.9,False,skos:related,EXCLUDE
adiponectin,,adiponectin,https://lod.nal.usda.gov/nalt/132363,0.95,False,skos:related,EXCLUDE
adipophilin,perilipin 2,adipophilin (perilipin 2),https://lod.nal.usda.gov/nalt/196331,0.95,False,skos:related,EXCLUDE
adipose tissue,,adipose tissue,https://lod.nal.usda.gov/nalt/4220,0.85,False,skos:related,EXCLUDE
aleurone layer,,aleurone layer,https://lod.nal.usda.gov/nalt/6265,0.8,False,skos:broader; skos:narrower,EXCLUDE
animal ovaries,mammalian ovary,animal ovaries (mammalian ovary),https://lod.nal.usda.gov/nalt/29278,0.9,False,skos:broader; skos:narrower,EXCLUDE
antigen presentation,,antigen presentation,https://lod.nal.usda.gov/nalt/10340,0.75,False,skos:related,EXCLUDE
artificial membranes,biomimetic membranes; synthetic membranes,"artificial membranes (biomimetic membranes, synthetic membranes)",https://lod.nal.usda.gov/nalt/12600,0.9,False,skos:broader; skos:narrower,EXCLUDE
bacteriome,mycetome,bacteriome (mycetome),https://lod.nal.usda.gov/nalt/218603,0.85,False,skos:related,EXCLUDE
beta-3 adrenergic receptors,,beta-3 adrenergic receptors,https://lod.nal.usda.gov/nalt/316457,0.9,False,skos:related,EXCLUDE
blood,,blood,https://lod.nal.usda.gov/nalt/18059,0.85,False,skos:broader; skos:narrower,EXCLUDE
blood cell counts,blood cell number; blood picture,"blood cell counts (blood cell number, blood picture)",https://lod.nal.usda.gov/nalt/18073,0.9,False,skos:related,EXCLUDE
bone resorption,osteoclastic bone loss; osteolysis,"bone resorption (osteoclastic bone loss, osteolysis)",https://lod.nal.usda.gov/nalt/18501,0.8,False,skos:related,EXCLUDE
California mastitis test,California milk test,California mastitis test (California milk test),https://lod.nal.usda.gov/nalt/243947,0.95,False,skos:related,EXCLUDE
cartilage,,cartilage,https://lod.nal.usda.gov/nalt/22713,0.95,False,skos:related,EXCLUDE
cathelicidins,cathelicidin peptides,cathelicidins (cathelicidin peptides),https://lod.nal.usda.gov/nalt/235861,0.95,False,skos:related,EXCLUDE
CD146 antigen,gicerin; melanoma cell adhesion molecule,"CD146 antigen (gicerin, melanoma cell adhesion molecule)",https://lod.nal.usda.gov/nalt/293046,0.95,False,skos:related,EXCLUDE
cell culture,cell cultures; cell culturing,"cell culture (cell cultures, cell culturing)",https://lod.nal.usda.gov/nalt/23373,0.65,False,skos:related,EXCLUDE
cell engineering,,cell engineering,https://lod.nal.usda.gov/nalt/206573,0.9,False,skos:related,EXCLUDE
connective tissues,,connective tissues,https://lod.nal.usda.gov/nalt/4227,0.95,False,skos:broader; skos:narrower,EXCLUDE
corpus luteum,,corpus luteum,https://lod.nal.usda.gov/nalt/29277,0.95,False,skos:broader; skos:narrower,EXCLUDE
Cyanobacteria,Cyanochloronta; Cyanophyta; blue green algae; blue green bacteria; blue-green algae; blue-green bacteria,"Cyanobacteria (Cyanochloronta, Cyanophyta, blue green algae, blue green bacteria, blue-green algae, blue-green bacteria)",https://lod.nal.usda.gov/nalt/72,0.75,False,skos:related,EXCLUDE
desmin,skeletin,desmin (skeletin),https://lod.nal.usda.gov/nalt/190839,0.95,False,skos:related,EXCLUDE
drug delivery systems,drug delivery applications; drug delivery methods,"drug delivery systems (drug delivery applications, drug delivery methods)",https://lod.nal.usda.gov/nalt/4249,0.95,False,skos:related,EXCLUDE
endothelins,endothelin-1; endothelin-2; endothelin-3,"endothelins (endothelin-1, endothelin-2, endothelin-3)",https://lod.nal.usda.gov/nalt/68181,0.95,False,skos:related,EXCLUDE
endothelium,,endothelium,https://lod.nal.usda.gov/nalt/22425,0.9,False,skos:related,EXCLUDE
epidermis (plant),plant epidermis,epidermis (plant) (plant epidermis),https://lod.nal.usda.gov/nalt/37574,0.9,False,skos:broader; skos:narrower,EXCLUDE
epithelial cell adhesion molecule,CD326 antigen; CD326 protein,"epithelial cell adhesion molecule (CD326 antigen, CD326 protein)",https://lod.nal.usda.gov/nalt/293063,0.95,False,skos:related,EXCLUDE
epithelium,,epithelium,https://lod.nal.usda.gov/nalt/9530,0.95,False,skos:related,EXCLUDE
fluorescein diacetate,diacetylfluorescein,fluorescein diacetate (diacetylfluorescein),https://lod.nal.usda.gov/nalt/295790,0.9,False,skos:related,EXCLUDE
gametogenesis,gamete production; pollen grain development,"gametogenesis (gamete production, pollen grain development)",https://lod.nal.usda.gov/nalt/42261,0.9,False,skos:related,EXCLUDE
germplasm,germ plasm,germplasm (germ plasm),https://lod.nal.usda.gov/nalt/42649,0.8,False,skos:related,EXCLUDE
granuloma,,granuloma,https://lod.nal.usda.gov/nalt/748,0.9,False,skos:related,EXCLUDE
hemolymph,haemolymph,hemolymph (haemolymph),https://lod.nal.usda.gov/nalt/26359,0.95,False,skos:broader; skos:narrower,EXCLUDE
immune system,,immune system,https://lod.nal.usda.gov/nalt/8973,0.95,False,skos:broader; skos:narrower,EXCLUDE
immunological synapse,,immunological synapse,https://lod.nal.usda.gov/nalt/246169,0.75,True,skos:related,EXCLUDE
immunophenotype,,immunophenotype,https://lod.nal.usda.gov/nalt/329494,0.7,False,skos:related,EXCLUDE
innate immunity,innate immune response; innate immune system; natural immunity,"innate immunity (innate immune response, innate immune system, natural immunity)",https://lod.nal.usda.gov/nalt/105991,0.9,False,skos:related,EXCLUDE
leukemia inhibitory factor,,leukemia inhibitory factor,https://lod.nal.usda.gov/nalt/231910,0.95,False,skos:related,EXCLUDE
liposomes (artificial),,liposomes (artificial),https://lod.nal.usda.gov/nalt/12604,0.9,False,skos:related,EXCLUDE
mammary glands,,mammary glands,https://lod.nal.usda.gov/nalt/2896,0.9,False,skos:related,EXCLUDE
megaspores,,megaspores,https://lod.nal.usda.gov/nalt/42843,0.6,True,skos:broader; skos:narrower,EXCLUDE
microspores,,microspores,https://lod.nal.usda.gov/nalt/42844,0.6,True,skos:broader; skos:narrower,EXCLUDE
myelin sheath,medullary sheath; myelin,"myelin sheath (medullary sheath, myelin)",https://lod.nal.usda.gov/nalt/51883,0.8,False,skos:related,EXCLUDE
myogenic regulatory factors,,myogenic regulatory factors,https://lod.nal.usda.gov/nalt/287136,0.9,False,skos:related,EXCLUDE
nanomedicine,,nanomedicine,https://lod.nal.usda.gov/nalt/138085,0.95,False,skos:related,EXCLUDE
neoplasms,cancer (disease); cancers; neoplasia; tumors; tumours,"neoplasms (cancer (disease), cancers, neoplasia, tumors, tumours)",https://lod.nal.usda.gov/nalt/702,0.65,False,skos:related,EXCLUDE
neurosecretory system,neuroendocrine system,neurosecretory system (neuroendocrine system),https://lod.nal.usda.gov/nalt/29267,0.9,False,skos:broader; skos:narrower,EXCLUDE
niosomes,non-ionic surfactant vesicles,niosomes (non-ionic surfactant vesicles),https://lod.nal.usda.gov/nalt/238321,0.95,False,skos:related,EXCLUDE
ovarian follicles,dominant follicles; subordinate follicles,"ovarian follicles (dominant follicles, subordinate follicles)",https://lod.nal.usda.gov/nalt/30722,0.9,False,skos:broader; skos:narrower,EXCLUDE
pancreas,,pancreas,https://lod.nal.usda.gov/nalt/2897,0.95,False,skos:related,EXCLUDE
parotid gland,,parotid gland,https://lod.nal.usda.gov/nalt/2898,0.95,False,skos:related,EXCLUDE
peripheral nervous system,,peripheral nervous system,https://lod.nal.usda.gov/nalt/14032,0.95,False,skos:related,EXCLUDE
phagocytosis,phagocytic activity,phagocytosis (phagocytic activity),https://lod.nal.usda.gov/nalt/37025,0.7,True,skos:related,EXCLUDE
pigmentation,,pigmentation,https://lod.nal.usda.gov/nalt/124,0.85,False,skos:related,EXCLUDE
pollen viability,pollen grain viability,pollen viability (pollen grain viability),https://lod.nal.usda.gov/nalt/334176,0.75,False,skos:related,EXCLUDE
resistin,,resistin,https://lod.nal.usda.gov/nalt/132367,0.95,False,skos:related,EXCLUDE
reticuloendothelial system,,reticuloendothelial system,https://lod.nal.usda.gov/nalt/46970,0.95,False,skos:broader; skos:narrower,EXCLUDE
salivary glands,,salivary glands,https://lod.nal.usda.gov/nalt/2899,0.95,False,skos:related,EXCLUDE
somatic cell count,,somatic cell count,https://lod.nal.usda.gov/nalt/52963,0.7,False,skos:related,EXCLUDE
somatic mutation,somatic mutagenesis,somatic mutation (somatic mutagenesis),https://lod.nal.usda.gov/nalt/132647,0.75,False,skos:related,EXCLUDE
spleen,,spleen,https://lod.nal.usda.gov/nalt/9348,0.95,False,skos:related,EXCLUDE
teleomorphs,sexual stage (fungi); sexual state (fungi),"teleomorphs (sexual stage (fungi), sexual state (fungi))",https://lod.nal.usda.gov/nalt/41787,0.95,False,skos:related,EXCLUDE
tendons,,tendons,https://lod.nal.usda.gov/nalt/28572,0.95,False,skos:related,EXCLUDE
testes,testicles; testis,"testes (testicles, testis)",https://lod.nal.usda.gov/nalt/43422,0.95,False,skos:broader; skos:narrower,EXCLUDE
thiazolyl blue,"3-(4,5-dimethylthiazol-2-yl)-2,5-diphenyl tetrazolium bromide; MTT tetrazolium; thiazolyl blue tetrazolium bromide","thiazolyl blue (3-(4,5-dimethylthiazol-2-yl)-2,5-diphenyl tetrazolium bromide, MTT tetrazolium, thiazolyl blue tetrazolium bromide)",https://lod.nal.usda.gov/nalt/325861,0.95,False,skos:related,EXCLUDE
vascular bundles,,vascular bundles,https://lod.nal.usda.gov/nalt/20384,0.9,False,skos:broader; skos:narrower,EXCLUDE
viability assays,viability tests,viability assays (viability tests),https://lod.nal.usda.gov/nalt/309738,0.95,False,skos:related,EXCLUDE
abnormal hemoglobin,abnormal haemoglobin; haemoglobin C; haemoglobin E; haemoglobin H; haemoglobin M; haemoglobin S; hemoglobin C; hemoglobin E; hemoglobin H; hemoglobin J; hemoglobin M; hemoglobin S; sickle haemoglobin; sickle hemoglobin,"abnormal hemoglobin (abnormal haemoglobin, haemoglobin C, haemoglobin E, haemoglobin H, haemoglobin M, haemoglobin S, hemoglobin C, hemoglobin E, hemoglobin H, hemoglobin J, hemoglobin M, hemoglobin S, sickle haemoglobin, sickle hemoglobin)",https://lod.nal.usda.gov/nalt/245234,0.95,False,skos:related,EXCLUDE
acetic acid bacteria,,acetic acid bacteria,https://lod.nal.usda.gov/nalt/2345,0.7,False,skos:broader; skos:narrower,EXCLUDE
acetogens,homoacetogens,acetogens (homoacetogens),https://lod.nal.usda.gov/nalt/326230,0.7,False,skos:broader; skos:narrower,EXCLUDE
animal pathogenic bacteria,fish pathogenic bacteria,animal pathogenic bacteria (fish pathogenic bacteria),https://lod.nal.usda.gov/nalt/9397,0.7,False,skos:broader; skos:narrower,EXCLUDE
aquatic bacteria,marine bacteria,aquatic bacteria (marine bacteria),https://lod.nal.usda.gov/nalt/310004,0.7,False,skos:broader; skos:narrower,EXCLUDE
autotrophic bacteria,,autotrophic bacteria,https://lod.nal.usda.gov/nalt/72652,0.7,False,skos:broader; skos:narrower,EXCLUDE
bacterial culture,bacteria culture; bacterial culture methods; bacterial culture techniques,"bacterial culture (bacteria culture, bacterial culture methods, bacterial culture techniques)",https://lod.nal.usda.gov/nalt/283949,0.95,False,skos:related,EXCLUDE
bacterial infections,animal bacterial diseases; animal bacterial infections; bacterial diseases of animals; bacterial infections of animals; bacterioses; human bacterial diseases,"bacterial infections (animal bacterial diseases, animal bacterial infections, bacterial diseases of animals, bacterial infections of animals, bacterioses, human bacterial diseases)",https://lod.nal.usda.gov/nalt/8545,0.9,False,skos:related,EXCLUDE
beta-lactamase bacteria,beta-lactamase producing bacteria; extended spectrum beta-lactamase bacteria; extended spectrum beta-lactamase producing bacteria,"beta-lactamase bacteria (beta-lactamase producing bacteria, extended spectrum beta-lactamase bacteria, extended spectrum beta-lactamase producing bacteria)",https://lod.nal.usda.gov/nalt/323527,0.7,False,skos:broader; skos:narrower,EXCLUDE
biological properties and phenomena,,biological properties and phenomena,https://lod.nal.usda.gov/nalt/107,0.95,False,skos:broader; skos:narrower,EXCLUDE
blood banks,blood banking,blood banks (blood banking),https://lod.nal.usda.gov/nalt/291434,0.95,False,skos:related,EXCLUDE
blood platelet count,blood platelet number; platelet count; platelet number,"blood platelet count (blood platelet number, platelet count, platelet number)",https://lod.nal.usda.gov/nalt/18077,0.95,False,skos:related,EXCLUDE
bone marrow,,bone marrow,https://lod.nal.usda.gov/nalt/9528,0.95,False,skos:related,EXCLUDE
brown adipose tissue,brown fat,brown adipose tissue (brown fat),https://lod.nal.usda.gov/nalt/4228,0.95,False,skos:related,EXCLUDE
Calvin cycle,Calvin-Benson cycle; carbon fixation (photosynthesis); dark reaction (photosynthesis); light-independent reactions (photosynthesis),"Calvin cycle (Calvin-Benson cycle, carbon fixation (photosynthesis), dark reaction (photosynthesis), light-independent reactions (photosynthesis))",https://lod.nal.usda.gov/nalt/17285,0.95,False,skos:related,EXCLUDE
caspase-1,EC 3.4.22.36; IL-1 beta convertase; IL-1 beta-converting enzyme; interleukin 1beta-converting enzyme; interleukin-1beta convertase,"caspase-1 (EC 3.4.22.36, IL-1 beta convertase, IL-1 beta-converting enzyme, interleukin 1beta-converting enzyme, interleukin-1beta convertase)",https://lod.nal.usda.gov/nalt/136654,0.95,False,skos:related,EXCLUDE
caspase-10,EC 3.4.22.63,caspase-10 (EC 3.4.22.63),https://lod.nal.usda.gov/nalt/136675,0.95,False,skos:related,EXCLUDE
caspase-11,EC 3.4.22.64,caspase-11 (EC 3.4.22.64),https://lod.nal.usda.gov/nalt/136677,0.95,False,skos:related,EXCLUDE
caspase-12,,caspase-12,https://lod.nal.usda.gov/nalt/136679,0.95,False,skos:related,EXCLUDE
caspase-2,EC 3.4.22.55,caspase-2 (EC 3.4.22.55),https://lod.nal.usda.gov/nalt/136660,0.95,False,skos:related,EXCLUDE
caspase-3,EC 3.4.22.56,caspase-3 (EC 3.4.22.56),https://lod.nal.usda.gov/nalt/136662,0.95,False,skos:related,EXCLUDE
caspase-4,EC 3.4.22.57,caspase-4 (EC 3.4.22.57),https://lod.nal.usda.gov/nalt/136664,0.95,False,skos:related,EXCLUDE
caspase-5,,caspase-5,https://lod.nal.usda.gov/nalt/136666,0.95,False,skos:related,EXCLUDE
caspase-6,EC 3.4.22.59,caspase-6 (EC 3.4.22.59),https://lod.nal.usda.gov/nalt/136669,0.95,False,skos:related,EXCLUDE
caspase-7,EC 3.4.22.60,caspase-7 (EC 3.4.22.60),https://lod.nal.usda.gov/nalt/136667,0.95,False,skos:related,EXCLUDE
caspase-8,EC 3.4.22.61; FLICE protein,"caspase-8 (EC 3.4.22.61, FLICE protein)",https://lod.nal.usda.gov/nalt/136671,0.95,False,skos:related,EXCLUDE
caspase-9,,caspase-9,https://lod.nal.usda.gov/nalt/136674,0.95,False,skos:related,EXCLUDE
cell senescence,cellular senescence,cell senescence (cellular senescence),https://lod.nal.usda.gov/nalt/264819,0.95,True,skos:related,EXCLUDE
cellulolytic bacteria,cellulose degrading bacteria,cellulolytic bacteria (cellulose degrading bacteria),https://lod.nal.usda.gov/nalt/215655,0.9,False,skos:broader; skos:narrower,EXCLUDE
chemokines,chemotactic cytokines; intercrines,"chemokines (chemotactic cytokines, intercrines)",https://lod.nal.usda.gov/nalt/123140,0.95,False,skos:related,EXCLUDE
chloroplast DNA,cpDNA,chloroplast DNA (cpDNA),https://lod.nal.usda.gov/nalt/25474,0.7,False,skos:related,EXCLUDE
chloroplast genes,,chloroplast genes,https://lod.nal.usda.gov/nalt/297806,0.7,False,skos:related,EXCLUDE
chloroplast genome,,chloroplast genome,https://lod.nal.usda.gov/nalt/75782,0.7,False,skos:related,EXCLUDE
chloroplast proteins,plastid proteins,chloroplast proteins (plastid proteins),https://lod.nal.usda.gov/nalt/317144,0.85,False,skos:related,EXCLUDE
chloroplast RNA,,chloroplast RNA,https://lod.nal.usda.gov/nalt/317299,0.85,False,skos:related,EXCLUDE
chloroplast thioredoxins,algal thioredoxins; plant thioredoxins; thioredoxin f; thioredoxin m,"chloroplast thioredoxins (algal thioredoxins, plant thioredoxins, thioredoxin f, thioredoxin m)",https://lod.nal.usda.gov/nalt/291579,0.9,False,skos:related,EXCLUDE
chloroplast transit peptides,plastid transit peptides,chloroplast transit peptides (plastid transit peptides),https://lod.nal.usda.gov/nalt/317761,0.9,False,skos:related,EXCLUDE
clutch size,,clutch size,https://lod.nal.usda.gov/nalt/9461,0.95,False,skos:related,EXCLUDE
coliform bacteria,,coliform bacteria,https://lod.nal.usda.gov/nalt/15079,0.95,False,skos:broader; skos:narrower,EXCLUDE
culture flasks,cell culture flasks; cell culturing flasks; culturing flasks,"culture flasks (cell culture flasks, cell culturing flasks, culturing flasks)",https://lod.nal.usda.gov/nalt/284384,0.95,False,skos:related,EXCLUDE
death domain receptors,death receptors,death domain receptors (death receptors),https://lod.nal.usda.gov/nalt/264095,0.9,False,skos:related,EXCLUDE
denitrifying bacteria,,denitrifying bacteria,https://lod.nal.usda.gov/nalt/15080,0.95,False,skos:broader; skos:narrower,EXCLUDE
developmental stages,growth stages; life cycle stages (developmental stages),"developmental stages (growth stages, life cycle stages (developmental stages))",https://lod.nal.usda.gov/nalt/4287,0.55,False,skos:related,EXCLUDE
DNA fragmentation,,DNA fragmentation,https://lod.nal.usda.gov/nalt/11246,0.75,False,skos:related,EXCLUDE
egg masses,egg cases; egg clutches; egg mass (clutch); egg pods; oothecae,"egg masses (egg cases, egg clutches, egg mass (clutch), egg pods, oothecae)",https://lod.nal.usda.gov/nalt/982,0.9,False,skos:related,EXCLUDE
egg membranes,,egg membranes,https://lod.nal.usda.gov/nalt/35937,0.6,True,skos:broader; skos:narrower,EXCLUDE
egg shell,eggshell,egg shell (eggshell),https://lod.nal.usda.gov/nalt/35939,0.95,True,skos:broader; skos:narrower,EXCLUDE
egg yolk,vitellus (egg yolk),egg yolk (vitellus (egg yolk)),https://lod.nal.usda.gov/nalt/35940,0.9,True,skos:broader; skos:narrower,EXCLUDE
embryonic structures,,embryonic structures,https://lod.nal.usda.gov/nalt/8970,0.85,False,skos:related,EXCLUDE
entomopathogenic bacteria,entomogenous bacteria; entomophilic bacteria,"entomopathogenic bacteria (entomogenous bacteria, entomophilic bacteria)",https://lod.nal.usda.gov/nalt/14975,0.65,False,skos:broader; skos:narrower,EXCLUDE
erythrocyte count,RBC count (red blood cell count); RBC number (red blood cell number); erythrocyte number; red blood cell count; red blood cell number,"erythrocyte count (RBC count (red blood cell count), RBC number (red blood cell number), erythrocyte number, red blood cell count, red blood cell number)",https://lod.nal.usda.gov/nalt/18078,0.9,False,skos:related,EXCLUDE
erythrocyte sedimentation rate,blood sedimentation; blood sedimentation tests; erythrocyte sedimentation,"erythrocyte sedimentation rate (blood sedimentation, blood sedimentation tests, erythrocyte sedimentation)",https://lod.nal.usda.gov/nalt/18170,0.95,False,skos:related,EXCLUDE
erythropoiesis,erythrocytopoiesis,erythropoiesis (erythrocytopoiesis),https://lod.nal.usda.gov/nalt/38116,0.6,False,skos:related,EXCLUDE
exoerythrocytic stage,exoerythrocyte stage,exoerythrocytic stage (exoerythrocyte stage),https://lod.nal.usda.gov/nalt/200593,0.7,False,skos:related,EXCLUDE
fecal bacteria,fecal coliform,fecal bacteria (fecal coliform),https://lod.nal.usda.gov/nalt/315570,0.7,False,skos:broader; skos:narrower,EXCLUDE
female reproductive system,,female reproductive system,https://lod.nal.usda.gov/nalt/24114,0.95,False,skos:related,EXCLUDE
genetic lines,,genetic lines,https://lod.nal.usda.gov/nalt/19698,0.75,False,skos:broader; skos:narrower,EXCLUDE
glucagon-like peptide 2,glucagon-like peptide II,glucagon-like peptide 2 (glucagon-like peptide II),https://lod.nal.usda.gov/nalt/285612,0.95,False,skos:related,EXCLUDE
glucosephosphate dehydrogenase deficiency,G6PD deficiency,glucosephosphate dehydrogenase deficiency (G6PD deficiency),https://lod.nal.usda.gov/nalt/245231,0.95,False,skos:related,EXCLUDE
Gram-negative bacteria,Gram negative bacteria,Gram-negative bacteria (Gram negative bacteria),https://lod.nal.usda.gov/nalt/15081,0.7,False,skos:broader; skos:narrower,EXCLUDE
Gram-positive bacteria,Gram positive bacteria,Gram-positive bacteria (Gram positive bacteria),https://lod.nal.usda.gov/nalt/15082,0.7,False,skos:broader; skos:narrower,EXCLUDE
hematocrit,erythrocyte volume fraction; haematocrit; packed cell volume; packed erythrocyte volume; packed red-cell volume; pecked red cell volume,"hematocrit (erythrocyte volume fraction, haematocrit, packed cell volume, packed erythrocyte volume, packed red-cell volume, pecked red cell volume)",https://lod.nal.usda.gov/nalt/38091,0.95,False,skos:related,EXCLUDE
hemolysis,haemolysis,hemolysis (haemolysis),https://lod.nal.usda.gov/nalt/750,0.95,True,skos:related,EXCLUDE
heterotrophic bacteria,,heterotrophic bacteria,https://lod.nal.usda.gov/nalt/337289,0.7,False,skos:broader; skos:narrower,EXCLUDE
host strains,host-adapted strains,host strains (host-adapted strains),https://lod.nal.usda.gov/nalt/840,0.75,False,skos:related,EXCLUDE
hydrogen-oxidizing bacteria,Knallgas bacteria; hydrogenotrophic bacteria,"hydrogen-oxidizing bacteria (Knallgas bacteria, hydrogenotrophic bacteria)",https://lod.nal.usda.gov/nalt/208098,0.7,False,skos:broader; skos:narrower,EXCLUDE
hypersensitive response,hypersensitive reaction; hypersensitivity (plants); plant hypersensitivity,"hypersensitive response (hypersensitive reaction, hypersensitivity (plants), plant hypersensitivity)",https://lod.nal.usda.gov/nalt/11247,0.95,False,skos:related,EXCLUDE
intercellular adhesion molecule-1,CD54 antigens; ICAM-1 (intercellular adhesion molecule-1),"intercellular adhesion molecule-1 (CD54 antigens, ICAM-1 (intercellular adhesion molecule-1))",https://lod.nal.usda.gov/nalt/293119,0.95,False,skos:related,EXCLUDE
intestinal mucosa,intestinal epithelium,intestinal mucosa (intestinal epithelium),https://lod.nal.usda.gov/nalt/33580,0.8,False,skos:related,EXCLUDE
leukocyte count,WBC count; WBC count (white blood cell count); WBC number; WBC number (white blood cell number); differential leucocyte count; differential leukocyte count; leucocyte count; leucocyte number; leukocyte number; white blood cell count; white blood cell number,"leukocyte count (WBC count, WBC count (white blood cell count), WBC number, WBC number (white blood cell number), differential leucocyte count, differential leukocyte count, leucocyte count, leucocyte number, leukocyte number, white blood cell count, white blood cell number)",https://lod.nal.usda.gov/nalt/18079,0.95,False,skos:related,EXCLUDE
leukopenia,leukocytopenia,leukopenia (leukocytopenia),https://lod.nal.usda.gov/nalt/39763,0.8,False,skos:related,EXCLUDE
lipotoxicity,,lipotoxicity,https://lod.nal.usda.gov/nalt/261791,0.85,False,skos:related,EXCLUDE
macrophage activation,,macrophage activation,https://lod.nal.usda.gov/nalt/46969,0.8,False,skos:related,EXCLUDE
male reproductive system,gubernaculum,male reproductive system (gubernaculum),https://lod.nal.usda.gov/nalt/20336,0.95,False,skos:related,EXCLUDE
melanin,,melanin,https://lod.nal.usda.gov/nalt/51962,0.95,False,skos:related,EXCLUDE
melanization,melanisation,melanization (melanisation),https://lod.nal.usda.gov/nalt/51963,0.85,False,skos:related,EXCLUDE
melanogenesis,,melanogenesis,https://lod.nal.usda.gov/nalt/204398,0.85,False,skos:related,EXCLUDE
micronucleus tests,bone marrow micronucleus assay; bone marrow micronucleus test; micronucleus assay,"micronucleus tests (bone marrow micronucleus assay, bone marrow micronucleus test, micronucleus assay)",https://lod.nal.usda.gov/nalt/309754,0.95,False,skos:related,EXCLUDE
mucosa,mucous membrane; mucous membranes,"mucosa (mucous membrane, mucous membranes)",https://lod.nal.usda.gov/nalt/23407,0.95,False,skos:broader; skos:narrower,EXCLUDE
myocardium,cardiac muscle,myocardium (cardiac muscle),https://lod.nal.usda.gov/nalt/22397,0.95,False,skos:broader; skos:narrower,EXCLUDE
nervous system,,nervous system,https://lod.nal.usda.gov/nalt/8977,0.95,False,skos:broader; skos:narrower,EXCLUDE
nonanimal tests,non-animal tests,nonanimal tests (non-animal tests),https://lod.nal.usda.gov/nalt/9559,0.95,False,skos:broader; skos:narrower,EXCLUDE
oogenesis,egg formation,oogenesis (egg formation),https://lod.nal.usda.gov/nalt/9479,0.7,False,skos:related,EXCLUDE
ova transfer,oocyte transfer,ova transfer (oocyte transfer),https://lod.nal.usda.gov/nalt/9032,0.95,False,skos:related,EXCLUDE
ovicides,,ovicides,https://lod.nal.usda.gov/nalt/827,0.95,False,skos:related,EXCLUDE
ovipary,oviparity; oviparous,"ovipary (oviparity, oviparous)",https://lod.nal.usda.gov/nalt/9480,0.95,False,skos:related,EXCLUDE
oviposition,egg laying,oviposition (egg laying),https://lod.nal.usda.gov/nalt/9481,0.95,False,skos:related,EXCLUDE
ovulation,,ovulation,https://lod.nal.usda.gov/nalt/9482,0.85,False,skos:related,EXCLUDE
photosystem I,,photosystem I,https://lod.nal.usda.gov/nalt/25482,0.75,False,skos:related,EXCLUDE
photosystem II,,photosystem II,https://lod.nal.usda.gov/nalt/25483,0.75,False,skos:related,EXCLUDE
phylloplane bacteria,,phylloplane bacteria,https://lod.nal.usda.gov/nalt/15085,0.7,False,skos:broader; skos:narrower,EXCLUDE
plant pathogenic bacteria,bacterial phytopathogens; phytopathogenic bacteria,"plant pathogenic bacteria (bacterial phytopathogens, phytopathogenic bacteria)",https://lod.nal.usda.gov/nalt/15086,0.7,False,skos:broader; skos:narrower,EXCLUDE
plastid genome,,plastid genome,https://lod.nal.usda.gov/nalt/89067,0.9,False,skos:related,EXCLUDE
platelet activation,,platelet activation,https://lod.nal.usda.gov/nalt/18144,0.7,False,skos:related,EXCLUDE
platelet aggregation,,platelet aggregation,https://lod.nal.usda.gov/nalt/18145,0.7,False,skos:related,EXCLUDE
polycythemia,erythrocytosis,polycythemia (erythrocytosis),https://lod.nal.usda.gov/nalt/45050,0.9,False,skos:related,EXCLUDE
pro-apoptotic proteins,anti-apoptotic proteins; apoptosis inducing proteins,"pro-apoptotic proteins (anti-apoptotic proteins, apoptosis inducing proteins)",https://lod.nal.usda.gov/nalt/261849,0.95,False,skos:related,EXCLUDE
propionic acid bacteria,,propionic acid bacteria,https://lod.nal.usda.gov/nalt/15087,0.7,False,skos:broader; skos:narrower,EXCLUDE
proteolytic bacteria,,proteolytic bacteria,https://lod.nal.usda.gov/nalt/276897,0.7,False,skos:broader; skos:narrower,EXCLUDE
protoplast fusion,,protoplast fusion,https://lod.nal.usda.gov/nalt/23378,0.75,False,skos:related,EXCLUDE
psychrophilic bacteria,,psychrophilic bacteria,https://lod.nal.usda.gov/nalt/15088,0.7,False,skos:broader; skos:narrower,EXCLUDE
pulmonary alveoli,,pulmonary alveoli,https://lod.nal.usda.gov/nalt/7283,0.95,False,skos:broader; skos:narrower,EXCLUDE
respiratory burst,,respiratory burst,https://lod.nal.usda.gov/nalt/298136,0.7,True,skos:related,EXCLUDE
respiratory mucosa,respiratory epithelium,respiratory mucosa (respiratory epithelium),https://lod.nal.usda.gov/nalt/202662,0.9,False,skos:related,EXCLUDE
root cap,plant root cap,root cap (plant root cap),https://lod.nal.usda.gov/nalt/61633,0.95,False,skos:related,EXCLUDE
roots,plant roots,roots (plant roots),https://lod.nal.usda.gov/nalt/4425,0.98,False,skos:related,EXCLUDE
seed-borne bacteria,seedborne bacteria,seed-borne bacteria (seedborne bacteria),https://lod.nal.usda.gov/nalt/15089,0.9,False,skos:broader; skos:narrower,EXCLUDE
semen,,semen,https://lod.nal.usda.gov/nalt/18324,0.95,False,skos:related,EXCLUDE
semen banks,sperm banks,semen banks (sperm banks),https://lod.nal.usda.gov/nalt/9034,0.98,False,skos:related,EXCLUDE
skin neoplasms,skin cancer; skin tumors; skin tumours,"skin neoplasms (skin cancer, skin tumors, skin tumours)",https://lod.nal.usda.gov/nalt/241657,0.95,False,skos:related,EXCLUDE
soil bacteria,soil bacterial communities,soil bacteria (soil bacterial communities),https://lod.nal.usda.gov/nalt/15090,0.9,False,skos:broader; skos:narrower,EXCLUDE
spectrin,,spectrin,https://lod.nal.usda.gov/nalt/38094,0.98,False,skos:related,EXCLUDE
sperm capacitation,capacitation of sperm; capacitation of spermatozoa; cryocapacitation; sperm activation; sperm hyperactivation,"sperm capacitation (capacitation of sperm, capacitation of spermatozoa, cryocapacitation, sperm activation, sperm hyperactivation)",https://lod.nal.usda.gov/nalt/9460,0.65,False,skos:related,EXCLUDE
sperm competition,,sperm competition,https://lod.nal.usda.gov/nalt/47567,0.9,False,skos:related,EXCLUDE
sperm concentration,concentration of sperm; concentration of spermatozoa; spermatic concentration; spermatozoa concentration,"sperm concentration (concentration of sperm, concentration of spermatozoa, spermatic concentration, spermatozoa concentration)",https://lod.nal.usda.gov/nalt/198414,0.95,False,skos:related,EXCLUDE
sperm motility,spermatozoa motility; spermatozoal motility,"sperm motility (spermatozoa motility, spermatozoal motility)",https://lod.nal.usda.gov/nalt/9490,0.7,True,skos:related,EXCLUDE
sperm quality,sperm characteristics; sperm characters; spermatozoa quality,"sperm quality (sperm characteristics, sperm characters, spermatozoa quality)",https://lod.nal.usda.gov/nalt/296215,0.95,True,skos:broader; skos:narrower,EXCLUDE
spermatogenesis,,spermatogenesis,https://lod.nal.usda.gov/nalt/42264,0.75,False,skos:related,EXCLUDE
spermatophores,,spermatophores,https://lod.nal.usda.gov/nalt/47405,0.95,False,skos:related,EXCLUDE
spermatozeugmata,sperm bundles,spermatozeugmata (sperm bundles),https://lod.nal.usda.gov/nalt/323012,0.95,True,skos:broader; skos:narrower,EXCLUDE
spore-forming bacteria,spore forming bacteria; sporeforming bacteria,"spore-forming bacteria (spore forming bacteria, sporeforming bacteria)",https://lod.nal.usda.gov/nalt/15091,0.6,False,skos:broader; skos:narrower,EXCLUDE
suicide genes,,suicide genes,https://lod.nal.usda.gov/nalt/190298,0.9,False,skos:related,EXCLUDE
thrombocytopenia,thrombocytopaenia; thrombopenia,"thrombocytopenia (thrombocytopaenia, thrombopenia)",https://lod.nal.usda.gov/nalt/18109,0.95,False,skos:related,EXCLUDE
troponin T,troponin T1; troponin T2,"troponin T (troponin T1, troponin T2)",https://lod.nal.usda.gov/nalt/199112,0.9,False,skos:related,EXCLUDE
tumor suppressor protein p53,TRP53 protein; oncoprotein p53; p53 antigen,"tumor suppressor protein p53 (TRP53 protein, oncoprotein p53, p53 antigen)",https://lod.nal.usda.gov/nalt/261837,0.9,False,skos:related,EXCLUDE
ventral receptacle,,ventral receptacle,https://lod.nal.usda.gov/nalt/231401,0.95,False,skos:related,EXCLUDE
actinorhizae,actinorhizal root nodules; actinorhizas; actinorrhizae; actinorrhizas,"actinorhizae (actinorhizal root nodules, actinorhizas, actinorrhizae, actinorrhizas)",https://lod.nal.usda.gov/nalt/154508,0.95,False,skos:related,EXCLUDE
airborne microorganisms,air-borne bacteria; air-borne fungi; air-borne microorganisms; airborne bacteria; airborne fungi,"airborne microorganisms (air-borne bacteria, air-borne fungi, air-borne microorganisms, airborne bacteria, airborne fungi)",https://lod.nal.usda.gov/nalt/5872,0.85,False,skos:broader; skos:narrower,EXCLUDE
ammonia,NH3 (ammonia),ammonia (NH3 (ammonia)),https://lod.nal.usda.gov/nalt/7925,0.99,False,skos:related,EXCLUDE
amyotrophic lateral sclerosis,Guam disease,amyotrophic lateral sclerosis (Guam disease),https://lod.nal.usda.gov/nalt/264298,0.95,False,skos:related,EXCLUDE
animal fertility,animal infertility; animal sterility; animal subfertility,"animal fertility (animal infertility, animal sterility, animal subfertility)",https://lod.nal.usda.gov/nalt/9196,0.9,False,skos:broader; skos:narrower,EXCLUDE
animal reproduction,reproductive physiology (animals); theriogenology,"animal reproduction (reproductive physiology (animals), theriogenology)",https://lod.nal.usda.gov/nalt/3138,0.9,False,skos:broader; skos:narrower,EXCLUDE
antibody formation,antibody production; antibody response; autoantibody production,"antibody formation (antibody production, antibody response, autoantibody production)",https://lod.nal.usda.gov/nalt/10230,0.85,False,skos:broader; skos:narrower,EXCLUDE
antimitotic agents,antimitotic drugs; antimitotics,"antimitotic agents (antimitotic drugs, antimitotics)",https://lod.nal.usda.gov/nalt/316636,0.9,False,skos:related,EXCLUDE
apoplast,apoplasm; apoplastic compartment; apoplastic component; apoplastic pathway,"apoplast (apoplasm, apoplastic compartment, apoplastic component, apoplastic pathway)",https://lod.nal.usda.gov/nalt/194621,0.8,False,skos:related,EXCLUDE
bacterial adhesion,bacterial adherence,bacterial adhesion (bacterial adherence),https://lod.nal.usda.gov/nalt/4195,0.9,True,skos:related,EXCLUDE
bacterial antigens,,bacterial antigens,https://lod.nal.usda.gov/nalt/10356,0.9,False,skos:related,EXCLUDE
bacterial artificial chromosomes,BACs (bacterial artificial chromosomes),bacterial artificial chromosomes (BACs (bacterial artificial chromosomes)),https://lod.nal.usda.gov/nalt/15075,0.95,True,skos:related,EXCLUDE
bacterial colonization,bacterial colonisation,bacterial colonization (bacterial colonisation),https://lod.nal.usda.gov/nalt/15120,0.9,False,skos:related,EXCLUDE
bacterial contamination,bacterial contaminants,bacterial contamination (bacterial contaminants),https://lod.nal.usda.gov/nalt/15125,0.9,False,skos:related,EXCLUDE
bacterial proteins,,bacterial proteins,https://lod.nal.usda.gov/nalt/4197,0.95,False,skos:related,EXCLUDE
bacterial toxins,,bacterial toxins,https://lod.nal.usda.gov/nalt/15201,0.95,False,skos:related,EXCLUDE
beneficial microorganisms,EM technology; beneficial microbes; effective microbes; effective microorganisms; efficient microbes; efficient microorganisms,"beneficial microorganisms (EM technology, beneficial microbes, effective microbes, effective microorganisms, efficient microbes, efficient microorganisms)",https://lod.nal.usda.gov/nalt/132503,0.7,False,skos:broader; skos:narrower,EXCLUDE
biofertilizers,bio-fertilizers; biofertilisers; microbial fertilizers,"biofertilizers (bio-fertilizers, biofertilisers, microbial fertilizers)",https://lod.nal.usda.gov/nalt/69901,0.95,False,skos:related,EXCLUDE
chlorophyll,chlorophyl; chlorophyll a; chlorophyll b; chlorophyll c; chlorophyll d; chlorophyll f,"chlorophyll (chlorophyl, chlorophyll a, chlorophyll b, chlorophyll c, chlorophyll d, chlorophyll f)",https://lod.nal.usda.gov/nalt/25453,0.95,False,skos:related,EXCLUDE
cysteine proteinases,EC 3.4.22; cysteine endopeptidases; cysteine proteases; thiol proteases; thiol proteinases; vacuolar processing enzymes,"cysteine proteinases (EC 3.4.22, cysteine endopeptidases, cysteine proteases, thiol proteases, thiol proteinases, vacuolar processing enzymes)",https://lod.nal.usda.gov/nalt/19947,0.95,False,skos:broader; skos:narrower,EXCLUDE
denitrifying microorganisms,denitrifying microbes,denitrifying microorganisms (denitrifying microbes),https://lod.nal.usda.gov/nalt/32322,0.95,False,skos:broader; skos:narrower,EXCLUDE
egg composition,,egg composition,https://lod.nal.usda.gov/nalt/35941,0.95,False,skos:related,EXCLUDE
egg hatchability,,egg hatchability,https://lod.nal.usda.gov/nalt/35944,0.95,False,skos:broader; skos:narrower,EXCLUDE
egg production,,egg production,https://lod.nal.usda.gov/nalt/35951,0.95,False,skos:related,EXCLUDE
egg products,,egg products,https://lod.nal.usda.gov/nalt/34531,0.95,False,skos:related,EXCLUDE
egg shell quality,eggshell quality,egg shell quality (eggshell quality),https://lod.nal.usda.gov/nalt/35963,0.95,True,skos:broader; skos:narrower,EXCLUDE
egg tooth,egg teeth,egg tooth (egg teeth),https://lod.nal.usda.gov/nalt/238136,0.95,False,skos:related,EXCLUDE
egg weight,egg mass (weight),egg weight (egg mass (weight)),https://lod.nal.usda.gov/nalt/35964,0.95,True,skos:broader; skos:narrower,EXCLUDE
egg yolk color,egg yolk colour,egg yolk color (egg yolk colour),https://lod.nal.usda.gov/nalt/35981,0.95,True,skos:broader; skos:narrower,EXCLUDE
endosymbionts,,endosymbionts,https://lod.nal.usda.gov/nalt/37081,0.85,False,skos:broader; skos:narrower,EXCLUDE
Enterococcus,enterococci,Enterococcus (enterococci),https://lod.nal.usda.gov/nalt/37281,0.7,False,skos:related,EXCLUDE
erythrocytic stage,erythrocyte stage,erythrocytic stage (erythrocyte stage),https://lod.nal.usda.gov/nalt/200598,0.75,False,skos:related,EXCLUDE
etioplast DNA,,etioplast DNA,https://lod.nal.usda.gov/nalt/220601,0.9,False,skos:related,EXCLUDE
fastidious microorganisms,fastidious microbes,fastidious microorganisms (fastidious microbes),https://lod.nal.usda.gov/nalt/216414,0.9,False,skos:broader; skos:narrower,EXCLUDE
food quality,food properties; wholesomeness,"food quality (food properties, wholesomeness)",https://lod.nal.usda.gov/nalt/27606,0.98,False,skos:related,EXCLUDE
fungi,fungal organisms; macrofungi; microfungi,"fungi (fungal organisms, macrofungi, microfungi)",https://lod.nal.usda.gov/nalt/495,0.9,False,skos:broader; skos:narrower,EXCLUDE
ganglia,ganglion,ganglia (ganglion),https://lod.nal.usda.gov/nalt/1617,0.8,False,skos:related,EXCLUDE
gangrene,,gangrene,https://lod.nal.usda.gov/nalt/324041,0.85,False,skos:broader; skos:narrower,EXCLUDE
giardin protein,alpha-giardin; beta-giardin; delta-giardin; gamma-giardin,"giardin protein (alpha-giardin, beta-giardin, delta-giardin, gamma-giardin)",https://lod.nal.usda.gov/nalt/200635,0.95,False,skos:related,EXCLUDE
glioma,glial cell tumors,glioma (glial cell tumors),https://lod.nal.usda.gov/nalt/317772,0.85,False,skos:related,EXCLUDE
gliotoxins,aspergillin,gliotoxins (aspergillin),https://lod.nal.usda.gov/nalt/323535,0.95,False,skos:related,EXCLUDE
growth retardation,growth inhibition; growth reduction; stunting,"growth retardation (growth inhibition, growth reduction, stunting)",https://lod.nal.usda.gov/nalt/34962,0.9,False,skos:related,EXCLUDE
histiocytosis,,histiocytosis,https://lod.nal.usda.gov/nalt/45637,0.85,False,skos:related,EXCLUDE
hollow heart,,hollow heart,https://lod.nal.usda.gov/nalt/226534,0.9,False,skos:related,EXCLUDE
hyperthermophilic bacteria,,hyperthermophilic bacteria,https://lod.nal.usda.gov/nalt/316774,0.9,False,skos:broader; skos:narrower,EXCLUDE
infarction,infarct,infarction (infarct),https://lod.nal.usda.gov/nalt/47227,0.9,False,skos:broader; skos:narrower,EXCLUDE
inoculum,propagules (microorganisms),inoculum (propagules (microorganisms)),https://lod.nal.usda.gov/nalt/837,0.9,False,skos:broader; skos:narrower,EXCLUDE
insect eggs,,insect eggs,https://lod.nal.usda.gov/nalt/189428,0.95,False,skos:broader; skos:narrower,EXCLUDE
intestinal microorganisms,colonic microflora; enteric bacteria; gut flora; gut microbial; gut microbiota; gut microflora; intestinal bacteria; intestinal flora; intestinal microbiota; intestinal microflora,"intestinal microorganisms (colonic microflora, enteric bacteria, gut flora, gut microbial, gut microbiota, gut microflora, intestinal bacteria, intestinal flora, intestinal microbiota, intestinal microflora)",https://lod.nal.usda.gov/nalt/37220,0.9,False,skos:broader; skos:narrower,EXCLUDE
keratinocyte growth factor receptor,FGF receptor 2IIIb; KGF receptor; fibroblast growth factor receptor 2IIIb; keratinocyte growth factor receptors,"keratinocyte growth factor receptor (FGF receptor 2IIIb, KGF receptor, fibroblast growth factor receptor 2IIIb, keratinocyte growth factor receptors)",https://lod.nal.usda.gov/nalt/222893,0.95,False,skos:related,EXCLUDE
kidneys,anterior kidney; head kidney,"kidneys (anterior kidney, head kidney)",https://lod.nal.usda.gov/nalt/9343,0.95,False,skos:related,EXCLUDE
kleptoplasty,,kleptoplasty,https://lod.nal.usda.gov/nalt/298738,0.9,False,skos:related,EXCLUDE
lactic acid,,lactic acid,https://lod.nal.usda.gov/nalt/48736,0.95,False,skos:related,EXCLUDE
Lactobacillus,lactobacilli,Lactobacillus (lactobacilli),https://lod.nal.usda.gov/nalt/48746,0.85,False,skos:related,EXCLUDE
light harvesting complex,chlorophyll antenna; chlorophyll antennae; light harvesting antennae; light harvesting complex 1; light harvesting complex 2; light harvesting complex I; light harvesting complex II; light-harvesting antenna complex; light-harvesting antenna complexes; light-harvesting antenna proteins; light-harvesting antenna systems; light-harvesting center,"light harvesting complex (chlorophyll antenna, chlorophyll antennae, light harvesting antennae, light harvesting complex 1, light harvesting complex 2, light harvesting complex I, light harvesting complex II, light-harvesting antenna complex, light-harvesting antenna complexes, light-harvesting antenna proteins, light-harvesting antenna systems, light-harvesting center)",https://lod.nal.usda.gov/nalt/50030,0.9,False,skos:related,EXCLUDE
lipids,fats,lipids (fats),https://lod.nal.usda.gov/nalt/3990,0.95,False,skos:related,EXCLUDE
lipolysis,,lipolysis,https://lod.nal.usda.gov/nalt/50285,0.9,False,skos:related,EXCLUDE
liver,liver (anatomy),liver (liver (anatomy)),https://lod.nal.usda.gov/nalt/9344,0.95,False,skos:related,EXCLUDE
macroautophagy,aggrephagy; chaperone-assisted selective autophagy; lysophagy; pexophagy; proteaphagy; xenophagy,"macroautophagy (aggrephagy, chaperone-assisted selective autophagy, lysophagy, pexophagy, proteaphagy, xenophagy)",https://lod.nal.usda.gov/nalt/310092,0.85,True,skos:broader; skos:narrower,EXCLUDE
magnetotaxis,,magnetotaxis,https://lod.nal.usda.gov/nalt/312993,0.9,False,skos:related,EXCLUDE
microbial biomass,,microbial biomass,https://lod.nal.usda.gov/nalt/146788,0.9,False,skos:related,EXCLUDE
microbial ecology,bacterial ecology; microbial ecosystem,"microbial ecology (bacterial ecology, microbial ecosystem)",https://lod.nal.usda.gov/nalt/17348,0.85,False,skos:related,EXCLUDE
microbial toxins,,microbial toxins,https://lod.nal.usda.gov/nalt/323561,0.9,False,skos:related,EXCLUDE
microbiological risk assessment,microbial risk assessment,microbiological risk assessment (microbial risk assessment),https://lod.nal.usda.gov/nalt/137355,0.9,False,skos:related,EXCLUDE
microbiology,,microbiology,https://lod.nal.usda.gov/nalt/5841,0.6,False,skos:broader; skos:narrower,EXCLUDE
mitochondrial DNA,mtDNA (mitochondrial DNA),mitochondrial DNA (mtDNA (mitochondrial DNA)),https://lod.nal.usda.gov/nalt/34167,0.9,False,skos:related,EXCLUDE
mitochondrial genes,,mitochondrial genes,https://lod.nal.usda.gov/nalt/308393,0.9,False,skos:related,EXCLUDE
mitochondrial genome,mitogenome,mitochondrial genome (mitogenome),https://lod.nal.usda.gov/nalt/244932,0.9,False,skos:related,EXCLUDE
mitogens,phytomitogens,mitogens (phytomitogens),https://lod.nal.usda.gov/nalt/314424,0.85,False,skos:related,EXCLUDE
mitophagy,mitochondrial degradation,mitophagy (mitochondrial degradation),https://lod.nal.usda.gov/nalt/296510,0.6,True,skos:related,EXCLUDE
myofibrillar proteins,,myofibrillar proteins,https://lod.nal.usda.gov/nalt/200160,0.9,True,skos:broader; skos:narrower,EXCLUDE
Myxococcales,,Myxococcales,https://lod.nal.usda.gov/nalt/11871,0.65,False,skos:related,EXCLUDE
nitrification,nitratation; nitritation,"nitrification (nitratation, nitritation)",https://lod.nal.usda.gov/nalt/24675,0.9,False,skos:related,EXCLUDE
nitrites,,nitrites,https://lod.nal.usda.gov/nalt/30836,0.95,False,skos:related,EXCLUDE
nitrogen cycle,nitrogen cycling,nitrogen cycle (nitrogen cycling),https://lod.nal.usda.gov/nalt/86995,0.9,False,skos:related,EXCLUDE
nitrogen fixation,diazotrophy; dinitrogen fixation,"nitrogen fixation (diazotrophy, dinitrogen fixation)",https://lod.nal.usda.gov/nalt/17288,0.85,False,skos:related,EXCLUDE
nitrogen-fixing trees,nitrogen fixing trees,nitrogen-fixing trees (nitrogen fixing trees),https://lod.nal.usda.gov/nalt/138382,0.9,False,skos:related,EXCLUDE
nucleocytoplasmic transport,nucleocytoplasmic trafficking,nucleocytoplasmic transport (nucleocytoplasmic trafficking),https://lod.nal.usda.gov/nalt/87320,0.6,False,skos:related,EXCLUDE
organisms,biota,organisms (biota),https://lod.nal.usda.gov/nalt/4628,0.95,False,skos:broader; skos:narrower,EXCLUDE
osteonecrosis,Kienbock disease; Kienbock's disease; bone necrosis,"osteonecrosis (Kienbock disease, Kienbock's disease, bone necrosis)",https://lod.nal.usda.gov/nalt/313483,0.9,False,skos:broader; skos:narrower,EXCLUDE
pasteurization,pasteurisation; pasteurising; pasteurizing,"pasteurization (pasteurisation, pasteurising, pasteurizing)",https://lod.nal.usda.gov/nalt/27775,0.95,False,skos:related,EXCLUDE
pathogenicity,infectivity; pathogenic potential,"pathogenicity (infectivity, pathogenic potential)",https://lod.nal.usda.gov/nalt/15187,0.8,False,skos:related,EXCLUDE
pathological processes and conditions,,pathological processes and conditions,https://lod.nal.usda.gov/nalt/319,0.9,False,skos:broader; skos:narrower,EXCLUDE
photobioreactors,,photobioreactors,https://lod.nal.usda.gov/nalt/289380,0.95,False,skos:related,EXCLUDE
photosynthesis,,photosynthesis,https://lod.nal.usda.gov/nalt/14059,0.7,False,skos:related,EXCLUDE
plastid DNA,,plastid DNA,https://lod.nal.usda.gov/nalt/25478,0.8,False,skos:related,EXCLUDE
plate count,bacterial count; bacterial enumeration; fungal count; microbial colony count; microbial enumeration; total viable count,"plate count (bacterial count, bacterial enumeration, fungal count, microbial colony count, microbial enumeration, total viable count)",https://lod.nal.usda.gov/nalt/15129,0.95,False,skos:related,EXCLUDE
probiotics,,probiotics,https://lod.nal.usda.gov/nalt/4066,0.65,False,skos:related,EXCLUDE
product quality,,product quality,https://lod.nal.usda.gov/nalt/4405,0.95,False,skos:related,EXCLUDE
reticulocyte count,,reticulocyte count,https://lod.nal.usda.gov/nalt/90688,0.95,False,skos:related,EXCLUDE
root inoculation,,root inoculation,https://lod.nal.usda.gov/nalt/69902,0.95,False,skos:related,EXCLUDE
root nodules,,root nodules,https://lod.nal.usda.gov/nalt/55104,0.9,False,skos:related,EXCLUDE
rumen microorganisms,rumen fauna; rumen flora; ruminal fauna; ruminal flora; ruminal microorganisms,"rumen microorganisms (rumen fauna, rumen flora, ruminal fauna, ruminal flora, ruminal microorganisms)",https://lod.nal.usda.gov/nalt/52767,0.85,False,skos:broader; skos:narrower,EXCLUDE
seed inoculation,,seed inoculation,https://lod.nal.usda.gov/nalt/47309,0.95,False,skos:related,EXCLUDE
semen quality,semen characteristics; semen characters,"semen quality (semen characteristics, semen characters)",https://lod.nal.usda.gov/nalt/296230,0.9,False,skos:related,EXCLUDE
soil inoculation,,soil inoculation,https://lod.nal.usda.gov/nalt/47310,0.95,False,skos:related,EXCLUDE
soil microorganisms,soil microbes; soil microbial flora; soil microbial systems; soil microbiota; soil microflora,"soil microorganisms (soil microbes, soil microbial flora, soil microbial systems, soil microbiota, soil microflora)",https://lod.nal.usda.gov/nalt/52768,0.85,False,skos:broader; skos:narrower,EXCLUDE
soil organic nitrogen,,soil organic nitrogen,https://lod.nal.usda.gov/nalt/276406,0.95,False,skos:related,EXCLUDE
spoilage microorganisms,,spoilage microorganisms,https://lod.nal.usda.gov/nalt/255624,0.85,False,skos:broader; skos:narrower,EXCLUDE
starter cultures,fermentation starters,starter cultures (fermentation starters),https://lod.nal.usda.gov/nalt/19653,0.9,False,skos:related,EXCLUDE
Streptococcus,,Streptococcus,https://lod.nal.usda.gov/nalt/40967,0.7,False,skos:related,EXCLUDE
thermophilic archaea,,thermophilic archaea,https://lod.nal.usda.gov/nalt/316778,0.85,False,skos:related,EXCLUDE
thermophilic microorganisms,hyperthermophilic microbes; thermophilic microbes,"thermophilic microorganisms (hyperthermophilic microbes, thermophilic microbes)",https://lod.nal.usda.gov/nalt/52769,0.85,False,skos:broader; skos:narrower,EXCLUDE
tissue degeneration,,tissue degeneration,https://lod.nal.usda.gov/nalt/770,0.75,False,skos:related,EXCLUDE
triacylglycerol lipase,EC 3.1.1.3; glycerol ester hydrolase; pancreatic lipase; triacylglycerol acyl hydrolase; triacylglycerol acylhydrolase; triacylglycerol ester hydrolase; tributyrin esterase; tributyrinase; triglyceridase; triglyceride hydrolase; triglyceride lipase,"triacylglycerol lipase (EC 3.1.1.3, glycerol ester hydrolase, pancreatic lipase, triacylglycerol acyl hydrolase, triacylglycerol acylhydrolase, triacylglycerol ester hydrolase, tributyrin esterase, tributyrinase, triglyceridase, triglyceride hydrolase, triglyceride lipase)",https://lod.nal.usda.gov/nalt/22303,0.9,False,skos:related,EXCLUDE
unfolded protein response,,unfolded protein response,https://lod.nal.usda.gov/nalt/146596,0.9,False,skos:related,EXCLUDE
viruses,,viruses,https://lod.nal.usda.gov/nalt/1138,0.95,False,skos:broader; skos:narrower,EXCLUDE
xylanolytic microorganisms,,xylanolytic microorganisms,https://lod.nal.usda.gov/nalt/52770,0.95,False,skos:broader; skos:narrower,EXCLUDE
ABC transporters,ABC-type transporters; ATP binding cassette transporters; ATP-binding cassette transporters,"ABC transporters (ABC-type transporters, ATP binding cassette transporters, ATP-binding cassette transporters)",https://lod.nal.usda.gov/nalt/1597,0.95,False,skos:related,EXCLUDE
actin,F-actin; G-actin; N-actin; alpha-actin; alpha-isoactin; beta-actin; gamma-actin; isoactin,"actin (F-actin, G-actin, N-actin, alpha-actin, alpha-isoactin, beta-actin, gamma-actin, isoactin)",https://lod.nal.usda.gov/nalt/3179,0.85,False,skos:related,EXCLUDE
activins,,activins,https://lod.nal.usda.gov/nalt/3936,0.95,False,skos:related,EXCLUDE
adhesins,bacterial adhesins,adhesins (bacterial adhesins),https://lod.nal.usda.gov/nalt/4196,0.95,False,skos:related,EXCLUDE
alpha catenin,alpha-1 catenin; alpha-E catenin,"alpha catenin (alpha-1 catenin, alpha-E catenin)",https://lod.nal.usda.gov/nalt/295010,0.95,False,skos:related,EXCLUDE
alpha-Proteobacteria,"Alphaproteobacteria; Proteobacteria alpha subdivision; Proteobacteria, alpha subdivision","alpha-Proteobacteria (Alphaproteobacteria, Proteobacteria alpha subdivision, Proteobacteria, alpha subdivision)",https://lod.nal.usda.gov/nalt/2454,0.75,False,skos:broader; skos:narrower,EXCLUDE
amyloplast DNA,,amyloplast DNA,https://lod.nal.usda.gov/nalt/220598,0.8,False,skos:related,EXCLUDE
anion pumps,anion transport proteins,anion pumps (anion transport proteins),https://lod.nal.usda.gov/nalt/196260,0.95,False,skos:related,EXCLUDE
apicoplast DNA,,apicoplast DNA,https://lod.nal.usda.gov/nalt/220599,0.8,False,skos:related,EXCLUDE
apicoplast genome,,apicoplast genome,https://lod.nal.usda.gov/nalt/244970,0.8,False,skos:related,EXCLUDE
apoplastic fluids,apoplast fluids,apoplastic fluids (apoplast fluids),https://lod.nal.usda.gov/nalt/296072,0.65,True,skos:related,EXCLUDE
beta catenin,,beta catenin,https://lod.nal.usda.gov/nalt/295011,0.95,False,skos:related,EXCLUDE
beta-Proteobacteria,"Betaproteobacteria; Proteobacteria beta subdivision; Proteobacteria, beta subdivision","beta-Proteobacteria (Betaproteobacteria, Proteobacteria beta subdivision, Proteobacteria, beta subdivision)",https://lod.nal.usda.gov/nalt/1042,0.75,False,skos:broader; skos:narrower,EXCLUDE
Bifidobacteriaceae,,Bifidobacteriaceae,https://lod.nal.usda.gov/nalt/17041,0.75,False,skos:broader; skos:narrower,EXCLUDE
Bifidobacterium adolescentis,,Bifidobacterium adolescentis,https://lod.nal.usda.gov/nalt/17044,0.75,False,skos:broader; skos:narrower,EXCLUDE
Bifidobacterium angulatum,,Bifidobacterium angulatum,https://lod.nal.usda.gov/nalt/17045,0.75,False,skos:broader; skos:narrower,EXCLUDE
Bifidobacterium animalis,,Bifidobacterium animalis,https://lod.nal.usda.gov/nalt/17046,1.0,False,skos:broader; skos:narrower,EXCLUDE
Bifidobacterium asteroides,,Bifidobacterium asteroides,https://lod.nal.usda.gov/nalt/17047,1.0,False,skos:broader; skos:narrower,EXCLUDE
Bifidobacterium bifidum,Actinobacterium bifidum; Actinomyces bifidus; Actinomyces parabifidus; Bacillus bifidus; Bacterium bifidum; Bacteroides bifidus; Bifidibacterium bifidum; Cohnistreptothrix bifidus; Lactobacillus bifidus type II; Lactobacillus parabifidus; Nocardia bifida; Tissieria bifida,"Bifidobacterium bifidum (Actinobacterium bifidum, Actinomyces bifidus, Actinomyces parabifidus, Bacillus bifidus, Bacterium bifidum, Bacteroides bifidus, Bifidibacterium bifidum, Cohnistreptothrix bifidus, Lactobacillus bifidus type II, Lactobacillus parabifidus, Nocardia bifida, Tissieria bifida)",https://lod.nal.usda.gov/nalt/3279,1.0,False,skos:broader; skos:narrower,EXCLUDE
Bifidobacterium boum,,Bifidobacterium boum,https://lod.nal.usda.gov/nalt/17048,1.0,False,skos:broader; skos:narrower,EXCLUDE
Bifidobacterium breve,Bifidobacterium parvulorum,Bifidobacterium breve (Bifidobacterium parvulorum),https://lod.nal.usda.gov/nalt/17049,1.0,False,skos:broader; skos:narrower,EXCLUDE
Bifidobacterium catenulatum,,Bifidobacterium catenulatum,https://lod.nal.usda.gov/nalt/17050,1.0,False,skos:broader; skos:narrower,EXCLUDE
Bifidobacterium choerinum,,Bifidobacterium choerinum,https://lod.nal.usda.gov/nalt/17051,1.0,False,skos:broader; skos:narrower,EXCLUDE
Bifidobacterium coryneforme,,Bifidobacterium coryneforme,https://lod.nal.usda.gov/nalt/17052,1.0,False,skos:broader; skos:narrower,EXCLUDE
Bifidobacterium cuniculi,,Bifidobacterium cuniculi,https://lod.nal.usda.gov/nalt/17053,1.0,False,skos:broader; skos:narrower,EXCLUDE
Bifidobacterium denticolens,,Bifidobacterium denticolens,https://lod.nal.usda.gov/nalt/17054,1.0,False,skos:broader; skos:narrower,EXCLUDE
Bifidobacterium dentium,Actinomyces eriksonii,Bifidobacterium dentium (Actinomyces eriksonii),https://lod.nal.usda.gov/nalt/3550,1.0,False,skos:broader; skos:narrower,EXCLUDE
Bifidobacterium gallicum,,Bifidobacterium gallicum,https://lod.nal.usda.gov/nalt/17055,1.0,False,skos:broader; skos:narrower,EXCLUDE
Bifidobacterium gallinarum,,Bifidobacterium gallinarum,https://lod.nal.usda.gov/nalt/17056,1.0,False,skos:broader; skos:narrower,EXCLUDE
Bifidobacterium indicum,,Bifidobacterium indicum,https://lod.nal.usda.gov/nalt/17057,1.0,False,skos:broader; skos:narrower,EXCLUDE
Bifidobacterium inopinatum,,Bifidobacterium inopinatum,https://lod.nal.usda.gov/nalt/17059,1.0,False,skos:broader; skos:narrower,EXCLUDE
Bifidobacterium longum,,Bifidobacterium longum,https://lod.nal.usda.gov/nalt/17060,1.0,False,skos:broader; skos:narrower,EXCLUDE
Bifidobacterium magnum,,Bifidobacterium magnum,https://lod.nal.usda.gov/nalt/17061,1.0,False,skos:broader; skos:narrower,EXCLUDE
Bifidobacterium merycicum,,Bifidobacterium merycicum,https://lod.nal.usda.gov/nalt/17062,1.0,False,skos:broader; skos:narrower,EXCLUDE
Bifidobacterium minimum,,Bifidobacterium minimum,https://lod.nal.usda.gov/nalt/17063,1.0,False,skos:broader; skos:narrower,EXCLUDE
Bifidobacterium pseudocatenulatum,,Bifidobacterium pseudocatenulatum,https://lod.nal.usda.gov/nalt/17064,1.0,False,skos:broader; skos:narrower,EXCLUDE
blastocyst,,blastocyst,https://lod.nal.usda.gov/nalt/17929,0.9,False,skos:related,EXCLUDE
brain,deutocerebrum; forebrain; hindbrain; midbrain; protocerebrum; tritocerebrum,"brain (deutocerebrum, forebrain, hindbrain, midbrain, protocerebrum, tritocerebrum)",https://lod.nal.usda.gov/nalt/9337,0.95,False,skos:related,EXCLUDE
brush border membrane vesicles,BBMV (cell preparations),brush border membrane vesicles (BBMV (cell preparations)),https://lod.nal.usda.gov/nalt/16111,0.85,True,skos:broader; skos:narrower,EXCLUDE
Ca2-transporting ATPase,Ca pump; Ca-ATPase; Ca2+ pump; Ca2+-ATPase; Ca2+-transporting ATPase; Ca2-ATPase; EC 3.6.3.8; calcium ATPase; calcium adenosine triphosphatase; calcium adenosinetriphosphatase; calcium pump; calcium-transporting ATPase; plasma membrane Ca-ATPase; plasma membrane calcium ATPase; sarcoplasmic reticulum ATPase,"Ca2-transporting ATPase (Ca pump, Ca-ATPase, Ca2+ pump, Ca2+-ATPase, Ca2+-transporting ATPase, Ca2-ATPase, EC 3.6.3.8, calcium ATPase, calcium adenosine triphosphatase, calcium adenosinetriphosphatase, calcium pump, calcium-transporting ATPase, plasma membrane Ca-ATPase, plasma membrane calcium ATPase, sarcoplasmic reticulum ATPase)",https://lod.nal.usda.gov/nalt/20724,0.95,False,skos:related,EXCLUDE
calcium ionophores,,calcium ionophores,https://lod.nal.usda.gov/nalt/297917,0.95,False,skos:related,EXCLUDE
Carnobacterium piscicola,Carnibacterium piscicola; Carnobacterium maltaromaticum; Lactobacillus carnis; Lactobacillus piscicola,"Carnobacterium piscicola (Carnibacterium piscicola, Carnobacterium maltaromaticum, Lactobacillus carnis, Lactobacillus piscicola)",https://lod.nal.usda.gov/nalt/22568,0.6,False,skos:broader; skos:narrower,EXCLUDE
cation pumps,cation efflux pumps; cation transport proteins,"cation pumps (cation efflux pumps, cation transport proteins)",https://lod.nal.usda.gov/nalt/196259,0.9,False,skos:related,EXCLUDE
cecropins,,cecropins,https://lod.nal.usda.gov/nalt/277515,0.95,False,skos:related,EXCLUDE
cell free system,cell-free system; cellfree system,"cell free system (cell-free system, cellfree system)",https://lod.nal.usda.gov/nalt/23400,0.9,True,skos:broader; skos:narrower,EXCLUDE
cellulose fibrils,,cellulose fibrils,https://lod.nal.usda.gov/nalt/291537,0.85,False,skos:related,EXCLUDE
cellulose microfibrils,microfibrillar cellulose,cellulose microfibrils (microfibrillar cellulose),https://lod.nal.usda.gov/nalt/291539,0.85,False,skos:related,EXCLUDE
cellulosic fibers,cellulose fibers; cellulose fibres; cellulosic fibres,"cellulosic fibers (cellulose fibers, cellulose fibres, cellulosic fibres)",https://lod.nal.usda.gov/nalt/9216,0.9,False,skos:related,EXCLUDE
cellulosome,cellulolytic complexes,cellulosome (cellulolytic complexes),https://lod.nal.usda.gov/nalt/23495,0.9,True,skos:broader; skos:narrower,EXCLUDE
chromosome pairing,chromosomal synapsis; chromosome synapse; chromosome synapsis,"chromosome pairing (chromosomal synapsis, chromosome synapse, chromosome synapsis)",https://lod.nal.usda.gov/nalt/13546,0.85,True,skos:broader; skos:narrower,EXCLUDE
chromosome segregation,chromosomal disjunction; chromosome disjunction; chromosome separation,"chromosome segregation (chromosomal disjunction, chromosome disjunction, chromosome separation)",https://lod.nal.usda.gov/nalt/23388,0.85,True,skos:broader; skos:narrower,EXCLUDE
constitutive photomorphogenesis 9 signalosome,COP9 (constitutive photomorphogenesis 9) signalosome; COP9 complex; COP9 signalosome; CSN (COP9 signalosome); JAB1-containing signalosome; constitutive photomorphogenic9 signalosome,"constitutive photomorphogenesis 9 signalosome (COP9 (constitutive photomorphogenesis 9) signalosome, COP9 complex, COP9 signalosome, CSN (COP9 signalosome), JAB1-containing signalosome, constitutive photomorphogenic9 signalosome)",https://lod.nal.usda.gov/nalt/293005,0.9,False,skos:related,EXCLUDE
cytoskeletal proteins,,cytoskeletal proteins,https://lod.nal.usda.gov/nalt/190838,0.75,False,skos:related,EXCLUDE
delta-Proteobacteria,Deltaproteobacteria; Proteobacteria delta subdivision,"delta-Proteobacteria (Deltaproteobacteria, Proteobacteria delta subdivision)",https://lod.nal.usda.gov/nalt/15240,0.9,False,skos:broader; skos:narrower,EXCLUDE
desynapsis,,desynapsis,https://lod.nal.usda.gov/nalt/23389,0.85,True,skos:broader; skos:narrower,EXCLUDE
DNA packaging,genome packaging,DNA packaging (genome packaging),https://lod.nal.usda.gov/nalt/262472,0.8,True,skos:related,EXCLUDE
electroosmosis,electroosmotic flow,electroosmosis (electroosmotic flow),https://lod.nal.usda.gov/nalt/282559,0.95,False,skos:related,EXCLUDE
elicitors,,elicitors,https://lod.nal.usda.gov/nalt/210530,0.85,False,skos:related,EXCLUDE
embryo (animal),animal embryos,embryo (animal) (animal embryos),https://lod.nal.usda.gov/nalt/8004,0.9,False,skos:related,EXCLUDE
endospore forming bacteria,endospore forming cocci; endospore forming rods,"endospore forming bacteria (endospore forming cocci, endospore forming rods)",https://lod.nal.usda.gov/nalt/327459,0.9,False,skos:related,EXCLUDE
epsilon-Proteobacteria,Epsilonproteobacteria; Proteobacteria epsilon subdivision,"epsilon-Proteobacteria (Epsilonproteobacteria, Proteobacteria epsilon subdivision)",https://lod.nal.usda.gov/nalt/21666,0.9,False,skos:broader; skos:narrower,EXCLUDE
ethylene signaling pathway,ethylene perception pathway; ethylene response pathway; ethylene signal transduction pathway,"ethylene signaling pathway (ethylene perception pathway, ethylene response pathway, ethylene signal transduction pathway)",https://lod.nal.usda.gov/nalt/329999,0.9,True,skos:broader; skos:narrower,EXCLUDE
Eubacteria,CFB group; Chloroflecales; Chloroflexaceae/Deinococcaceae group; Chloroflexus/Deinococcaceae group; Chloroflexus/Deinococcus group; Cytophaga-Flexibacter-Bacteroides group; Fibrobacter-Acidobacteria group; Flexistipes group; GNS bacteria; Green non-sulfur bacteria; true bacteria,"Eubacteria (CFB group, Chloroflecales, Chloroflexaceae/Deinococcaceae group, Chloroflexus/Deinococcaceae group, Chloroflexus/Deinococcus group, Cytophaga-Flexibacter-Bacteroides group, Fibrobacter-Acidobacteria group, Flexistipes group, GNS bacteria, Green non-sulfur bacteria, true bacteria)",https://lod.nal.usda.gov/nalt/73,0.85,False,skos:broader; skos:narrower,EXCLUDE
exocytosis,,exocytosis,https://lod.nal.usda.gov/nalt/23425,0.8,True,skos:broader; skos:narrower,EXCLUDE
exosomes,,exosomes,https://lod.nal.usda.gov/nalt/196334,0.95,True,skos:broader; skos:narrower,EXCLUDE
extracellular matrix,,extracellular matrix,https://lod.nal.usda.gov/nalt/38966,0.95,True,skos:related,EXCLUDE
Fabry disease,,Fabry disease,https://lod.nal.usda.gov/nalt/299590,0.95,False,skos:related,EXCLUDE
fish roe,"caviar; eggs (fish, as food); fish eggs as food","fish roe (caviar, eggs (fish, as food), fish eggs as food)",https://lod.nal.usda.gov/nalt/23181,0.95,False,skos:related,EXCLUDE
flagellin,,flagellin,https://lod.nal.usda.gov/nalt/144694,0.95,False,skos:related,EXCLUDE
fluorescence recovery after photobleaching,FRAP (fluorescence recovery after photobleaching),fluorescence recovery after photobleaching (FRAP (fluorescence recovery after photobleaching)),https://lod.nal.usda.gov/nalt/262830,0.95,False,skos:related,EXCLUDE
G-proteins,GTP binding proteins; GTP-binding proteins; guanosine triphosphate binding proteins; guanosine triphosphate-binding proteins,"G-proteins (GTP binding proteins, GTP-binding proteins, guanosine triphosphate binding proteins, guanosine triphosphate-binding proteins)",https://lod.nal.usda.gov/nalt/12337,0.95,False,skos:related,EXCLUDE
gamma catenin,plakoglobin,gamma catenin (plakoglobin),https://lod.nal.usda.gov/nalt/295012,0.95,False,skos:related,EXCLUDE
gamma-Proteobacteria,"Gammaproteobacteria; Proteobacteria gamma subdivision; Proteobacteria, gamma subdivision; purple bacteria, gamma subdivision","gamma-Proteobacteria (Gammaproteobacteria, Proteobacteria gamma subdivision, Proteobacteria, gamma subdivision, purple bacteria, gamma subdivision)",https://lod.nal.usda.gov/nalt/1024,0.9,False,skos:broader; skos:narrower,EXCLUDE
hemicellulose,,hemicellulose,https://lod.nal.usda.gov/nalt/45073,0.95,False,skos:related,EXCLUDE
ichthyoplankton,,ichthyoplankton,https://lod.nal.usda.gov/nalt/68684,0.95,False,skos:related,EXCLUDE
intracellular enzymes,endoenzymes,intracellular enzymes (endoenzymes),https://lod.nal.usda.gov/nalt/315659,0.9,False,skos:related,EXCLUDE
intracellular signaling peptides and proteins,intracellular signaling peptides; intracellular signaling proteins,"intracellular signaling peptides and proteins (intracellular signaling peptides, intracellular signaling proteins)",https://lod.nal.usda.gov/nalt/217155,0.9,False,skos:related,EXCLUDE
Lactobacillaceae,,Lactobacillaceae,https://lod.nal.usda.gov/nalt/6416,0.95,False,skos:broader; skos:narrower,EXCLUDE
Lactococcus garvieae,Enterococcus seriolicida; Lactococcus garviae; Streptococcus garvieae,"Lactococcus garvieae (Enterococcus seriolicida, Lactococcus garviae, Streptococcus garvieae)",https://lod.nal.usda.gov/nalt/37325,0.95,False,skos:broader; skos:narrower,EXCLUDE
Lactococcus lactis,Bacterium lacti; Streptococcus lactis,"Lactococcus lactis (Bacterium lacti, Streptococcus lactis)",https://lod.nal.usda.gov/nalt/15301,0.95,False,skos:broader; skos:narrower,EXCLUDE
Lactococcus piscium,,Lactococcus piscium,https://lod.nal.usda.gov/nalt/48911,0.95,False,skos:broader; skos:narrower,EXCLUDE
Lactococcus plantarum,Streptococcus plantarum,Lactococcus plantarum (Streptococcus plantarum),https://lod.nal.usda.gov/nalt/48912,0.95,False,skos:broader; skos:narrower,EXCLUDE
Lactococcus raffinolactis,Streptococcus raffinolactis,Lactococcus raffinolactis (Streptococcus raffinolactis),https://lod.nal.usda.gov/nalt/48913,0.95,False,skos:broader; skos:narrower,EXCLUDE
lecithins,,lecithins,https://lod.nal.usda.gov/nalt/84498,0.9,False,skos:related,EXCLUDE
Leuconostoc argentinum,,Leuconostoc argentinum,https://lod.nal.usda.gov/nalt/49899,0.95,False,skos:broader; skos:narrower,EXCLUDE
Leuconostoc carnosum,,Leuconostoc carnosum,https://lod.nal.usda.gov/nalt/49900,0.95,False,skos:broader; skos:narrower,EXCLUDE
Leuconostoc citreum,Leuconostoc amelibiosum,Leuconostoc citreum (Leuconostoc amelibiosum),https://lod.nal.usda.gov/nalt/49901,0.95,False,skos:broader; skos:narrower,EXCLUDE
Leuconostoc fallax,,Leuconostoc fallax,https://lod.nal.usda.gov/nalt/49902,0.95,False,skos:broader; skos:narrower,EXCLUDE
Leuconostoc ficulneum,,Leuconostoc ficulneum,https://lod.nal.usda.gov/nalt/49903,0.95,False,skos:broader; skos:narrower,EXCLUDE
Leuconostoc fructosum,Lactobacillus fructosus,Leuconostoc fructosum (Lactobacillus fructosus),https://lod.nal.usda.gov/nalt/48873,0.95,False,skos:broader; skos:narrower,EXCLUDE
Leuconostoc gasicomitatum,,Leuconostoc gasicomitatum,https://lod.nal.usda.gov/nalt/49904,0.95,False,skos:broader; skos:narrower,EXCLUDE
Leuconostoc gelidum,,Leuconostoc gelidum,https://lod.nal.usda.gov/nalt/49905,0.95,False,skos:broader; skos:narrower,EXCLUDE
Leuconostoc inhae,,Leuconostoc inhae,https://lod.nal.usda.gov/nalt/49906,0.95,False,skos:broader; skos:narrower,EXCLUDE
Leuconostocaceae,,Leuconostocaceae,https://lod.nal.usda.gov/nalt/312668,0.9,False,skos:broader; skos:narrower,EXCLUDE
lignin,,lignin,https://lod.nal.usda.gov/nalt/50048,0.95,False,skos:related,EXCLUDE
lipid transfer proteins,glycolipid exchange proteins; glycolipid transfer proteins; lipid exchange proteins; phospholipid transfer proteins,"lipid transfer proteins (glycolipid exchange proteins, glycolipid transfer proteins, lipid exchange proteins, phospholipid transfer proteins)",https://lod.nal.usda.gov/nalt/281496,0.9,False,skos:related,EXCLUDE
lipoteichoic acids,,lipoteichoic acids,https://lod.nal.usda.gov/nalt/271991,0.9,False,skos:related,EXCLUDE
lymphocyte antigens,,lymphocyte antigens,https://lod.nal.usda.gov/nalt/10362,0.9,False,skos:related,EXCLUDE
lymphocyte count,lymphocyte number; lymphocyte numbers; total lymphocyte count,"lymphocyte count (lymphocyte number, lymphocyte numbers, total lymphocyte count)",https://lod.nal.usda.gov/nalt/23192,0.9,False,skos:related,EXCLUDE
mannans,galactoglucomannans,mannans (galactoglucomannans),https://lod.nal.usda.gov/nalt/42154,0.95,False,skos:related,EXCLUDE
methane production,CH4 biosynthesis; CH4 flux; CH4 formation; CH4 production; biogenic methane; methanation; methane biosynthesis; methane flux; methane formation; methanogenesis,"methane production (CH4 biosynthesis, CH4 flux, CH4 formation, CH4 production, biogenic methane, methanation, methane biosynthesis, methane flux, methane formation, methanogenesis)",https://lod.nal.usda.gov/nalt/42386,0.95,False,skos:related,EXCLUDE
microsomes,,microsomes,https://lod.nal.usda.gov/nalt/50441,0.85,True,skos:broader; skos:narrower,EXCLUDE
molecular genetics,biochemical genetics,molecular genetics (biochemical genetics),https://lod.nal.usda.gov/nalt/7772,0.65,False,skos:broader; skos:narrower,EXCLUDE
monocarboxylic acid transporters,lactate transport proteins; lactate transporters,"monocarboxylic acid transporters (lactate transport proteins, lactate transporters)",https://lod.nal.usda.gov/nalt/277897,0.9,False,skos:related,EXCLUDE
mothers against decapentaplegic homolog proteins,SMAD proteins,mothers against decapentaplegic homolog proteins (SMAD proteins),https://lod.nal.usda.gov/nalt/317041,0.95,False,skos:related,EXCLUDE
myogenin,,myogenin,https://lod.nal.usda.gov/nalt/287139,0.95,False,skos:related,EXCLUDE
nerve tissue,nerves,nerve tissue (nerves),https://lod.nal.usda.gov/nalt/9535,0.9,False,skos:broader; skos:narrower,EXCLUDE
neuroplasticity,neurite pruning; neuronal plasticity; neuronal pruning; synaptic plasticity; synaptic pruning,"neuroplasticity (neurite pruning, neuronal plasticity, neuronal pruning, synaptic plasticity, synaptic pruning)",https://lod.nal.usda.gov/nalt/246161,0.9,False,skos:related,EXCLUDE
Nitrospiraceae,Nitrospira group,Nitrospiraceae (Nitrospira group),https://lod.nal.usda.gov/nalt/38289,0.95,False,skos:broader; skos:narrower,EXCLUDE
O-antigens,O-specific polysaccharides,O-antigens (O-specific polysaccharides),https://lod.nal.usda.gov/nalt/312451,0.95,False,skos:related,EXCLUDE
operator regions,operators (genetics),operator regions (operators (genetics)),https://lod.nal.usda.gov/nalt/55934,0.9,False,skos:related,EXCLUDE
organogenesis,,organogenesis,https://lod.nal.usda.gov/nalt/53498,0.75,False,skos:related,EXCLUDE
P-glycoproteins,multidrug resistance protein 1; permeability glycoproteins,"P-glycoproteins (multidrug resistance protein 1, permeability glycoproteins)",https://lod.nal.usda.gov/nalt/278020,0.95,False,skos:related,EXCLUDE
pancreatic insulitis,,pancreatic insulitis,https://lod.nal.usda.gov/nalt/228021,0.9,False,skos:related,EXCLUDE
Parkinson disease,Parkinson's disease,Parkinson disease (Parkinson's disease),https://lod.nal.usda.gov/nalt/23685,0.95,False,skos:related,EXCLUDE
Pediococcus acidilactici,Pediococcus lindneri,Pediococcus acidilactici (Pediococcus lindneri),https://lod.nal.usda.gov/nalt/57169,0.95,False,skos:broader; skos:narrower,EXCLUDE
Pediococcus claussenii,,Pediococcus claussenii,https://lod.nal.usda.gov/nalt/57170,0.95,False,skos:broader; skos:narrower,EXCLUDE
Pediococcus damnosus,,Pediococcus damnosus,https://lod.nal.usda.gov/nalt/57171,0.95,False,skos:broader; skos:narrower,EXCLUDE
Pediococcus dextrinicus,Pediococcus cerevisiae; Pediococcus cerevisiae ssp. dextrinicus; Pediococcus cerevisiae subsp. dextrinicus,"Pediococcus dextrinicus (Pediococcus cerevisiae, Pediococcus cerevisiae ssp. dextrinicus, Pediococcus cerevisiae subsp. dextrinicus)",https://lod.nal.usda.gov/nalt/57172,0.95,False,skos:broader; skos:narrower,EXCLUDE
Pediococcus inopinatus,,Pediococcus inopinatus,https://lod.nal.usda.gov/nalt/57173,0.95,False,skos:broader; skos:narrower,EXCLUDE
Pediococcus parvulus,,Pediococcus parvulus,https://lod.nal.usda.gov/nalt/57174,0.95,False,skos:broader; skos:narrower,EXCLUDE
Pediococcus pentosaceus,Pediococcus hennebergii; Pediococcus pentosaceous,"Pediococcus pentosaceus (Pediococcus hennebergii, Pediococcus pentosaceous)",https://lod.nal.usda.gov/nalt/57175,0.95,False,skos:broader; skos:narrower,EXCLUDE
Pediococcus urinaeequi,Pediococcus urinae equi,Pediococcus urinaeequi (Pediococcus urinae equi),https://lod.nal.usda.gov/nalt/57176,0.95,False,skos:broader; skos:narrower,EXCLUDE
phospholipid-hydroperoxide glutathione peroxidase,EC 1.11.1.12; GPX4 glutathione peroxidase; PHGPX (phospholipid-hydroperoxide glutathione peroxidase); glutathione peroxidase 4; glutathione peroxidase GPX4; hydroperoxide glutathione peroxidase; phospholipid hydroperoxide glutathione peroxidase,"phospholipid-hydroperoxide glutathione peroxidase (EC 1.11.1.12, GPX4 glutathione peroxidase, PHGPX (phospholipid-hydroperoxide glutathione peroxidase), glutathione peroxidase 4, glutathione peroxidase GPX4, hydroperoxide glutathione peroxidase, phospholipid hydroperoxide glutathione peroxidase)",https://lod.nal.usda.gov/nalt/131681,0.95,False,skos:related,EXCLUDE
phototransduction,,phototransduction,https://lod.nal.usda.gov/nalt/57963,0.75,True,skos:broader; skos:narrower,EXCLUDE
physiological transport,biological transport; transcytosis,"physiological transport (biological transport, transcytosis)",https://lod.nal.usda.gov/nalt/3934,0.75,False,skos:related,EXCLUDE
plant anatomy,plant parts,plant anatomy (plant parts),https://lod.nal.usda.gov/nalt/851,0.95,False,skos:broader; skos:narrower,EXCLUDE
plant growth-promoting rhizobacteria,PGPR (plant growth-promoting rhizobacteria); plant growth-promoting bacteria,"plant growth-promoting rhizobacteria (PGPR (plant growth-promoting rhizobacteria), plant growth-promoting bacteria)",https://lod.nal.usda.gov/nalt/57623,0.9,False,skos:related,EXCLUDE
proliferating cell nuclear antigen,PCNA (proliferating cell nuclear antigen),proliferating cell nuclear antigen (PCNA (proliferating cell nuclear antigen)),https://lod.nal.usda.gov/nalt/23384,0.95,False,skos:related,EXCLUDE
protein transport,protein sorting; protein trafficking; protein translocation,"protein transport (protein sorting, protein trafficking, protein translocation)",https://lod.nal.usda.gov/nalt/58086,0.75,False,skos:related,EXCLUDE
protolignin,,protolignin,https://lod.nal.usda.gov/nalt/325588,0.9,False,skos:related,EXCLUDE
proton extrusion,,proton extrusion,https://lod.nal.usda.gov/nalt/311369,0.75,False,skos:related,EXCLUDE
proton-motive force,chemiosmosis; chemiosmotic mechanism,"proton-motive force (chemiosmosis, chemiosmotic mechanism)",https://lod.nal.usda.gov/nalt/243920,0.85,False,skos:related,EXCLUDE
repressor proteins,repressor molecules; transcriptional silencing factors,"repressor proteins (repressor molecules, transcriptional silencing factors)",https://lod.nal.usda.gov/nalt/239685,0.95,False,skos:related,EXCLUDE
Rhizobiaceae,,Rhizobiaceae,https://lod.nal.usda.gov/nalt/5532,0.9,False,skos:broader; skos:narrower,EXCLUDE
Rhizobium etli,,Rhizobium etli,https://lod.nal.usda.gov/nalt/61237,0.9,False,skos:broader; skos:narrower,EXCLUDE
Rhizobium galegae,,Rhizobium galegae,https://lod.nal.usda.gov/nalt/61238,0.9,False,skos:broader; skos:narrower,EXCLUDE
Rhizobium gallicum,,Rhizobium gallicum,https://lod.nal.usda.gov/nalt/61239,0.9,False,skos:broader; skos:narrower,EXCLUDE
Rhizobium giardinii,,Rhizobium giardinii,https://lod.nal.usda.gov/nalt/61240,0.9,False,skos:broader; skos:narrower,EXCLUDE
Rhizobium hainanensis,,Rhizobium hainanensis,https://lod.nal.usda.gov/nalt/61241,0.9,False,skos:broader; skos:narrower,EXCLUDE
Rhizobium hedysari,,Rhizobium hedysari,https://lod.nal.usda.gov/nalt/61242,0.9,False,skos:broader; skos:narrower,EXCLUDE
Rhizobium huautlense,,Rhizobium huautlense,https://lod.nal.usda.gov/nalt/61243,0.9,False,skos:broader; skos:narrower,EXCLUDE
Rhizobium leguminosarum,Bacillus francki; Phytomyxa leguminosarum; Rhizobacterium leguminosarum; Rhizobium trifoli; Rhizobium trifolii; Schinzia leguminosarum,"Rhizobium leguminosarum (Bacillus francki, Phytomyxa leguminosarum, Rhizobacterium leguminosarum, Rhizobium trifoli, Rhizobium trifolii, Schinzia leguminosarum)",https://lod.nal.usda.gov/nalt/14726,0.9,False,skos:broader; skos:narrower,EXCLUDE
Rhizobium lupini,Phytomyxa lupini,Rhizobium lupini (Phytomyxa lupini),https://lod.nal.usda.gov/nalt/58131,0.9,False,skos:broader; skos:narrower,EXCLUDE
Rhizobium mongolense,,Rhizobium mongolense,https://lod.nal.usda.gov/nalt/61244,0.9,False,skos:broader; skos:narrower,EXCLUDE
Rhizobium oryzae,,Rhizobium oryzae,https://lod.nal.usda.gov/nalt/208728,0.9,False,skos:broader; skos:narrower,EXCLUDE
Rhizobium phaseoli,,Rhizobium phaseoli,https://lod.nal.usda.gov/nalt/61245,0.9,False,skos:broader; skos:narrower,EXCLUDE
Rhizobium qilianshanense,,Rhizobium qilianshanense,https://lod.nal.usda.gov/nalt/208729,0.9,False,skos:broader; skos:narrower,EXCLUDE
Rhizobium rhizogenes,Agrobacterium rhizogenes,Rhizobium rhizogenes (Agrobacterium rhizogenes),https://lod.nal.usda.gov/nalt/5551,0.9,False,skos:broader; skos:narrower,EXCLUDE
Rhizobium rubi,Agrobacterium rubi; Phytomonas rubi,"Rhizobium rubi (Agrobacterium rubi, Phytomonas rubi)",https://lod.nal.usda.gov/nalt/5553,0.9,False,skos:broader; skos:narrower,EXCLUDE
Rhizobium tropici,,Rhizobium tropici,https://lod.nal.usda.gov/nalt/61246,0.9,False,skos:broader; skos:narrower,EXCLUDE
Rhizobium vitis,Agrobacterium vitis; Allorhizobium vitis,"Rhizobium vitis (Agrobacterium vitis, Allorhizobium vitis)",https://lod.nal.usda.gov/nalt/5557,0.9,False,skos:broader; skos:narrower,EXCLUDE
Rhizobium yanglingense,,Rhizobium yanglingense,https://lod.nal.usda.gov/nalt/61247,0.9,False,skos:broader; skos:narrower,EXCLUDE
rhizosphere,root zone,rhizosphere (root zone),https://lod.nal.usda.gov/nalt/52688,0.95,False,skos:related,EXCLUDE
RNA packaging,mRNA packaging,RNA packaging (mRNA packaging),https://lod.nal.usda.gov/nalt/264024,0.75,True,skos:broader; skos:narrower,EXCLUDE
second messengers,,second messengers,https://lod.nal.usda.gov/nalt/62732,0.85,True,skos:broader; skos:narrower,EXCLUDE
signal transducing adaptor proteins,,signal transducing adaptor proteins,https://lod.nal.usda.gov/nalt/223061,0.9,False,skos:related,EXCLUDE
signalosome,,signalosome,https://lod.nal.usda.gov/nalt/293003,0.75,False,skos:related,EXCLUDE
SNARE proteins,SNAP receptors; soluble N-ethylmaleimide-sensitive factor activating protein receptor (SNARE) proteins; soluble N-ethylmaleimide-sensitive factor activating protein receptor proteins; t-SNAREs; target SNARE proteins; v-SNAREs; vesicle SNARE proteins,"SNARE proteins (SNAP receptors, soluble N-ethylmaleimide-sensitive factor activating protein receptor (SNARE) proteins, soluble N-ethylmaleimide-sensitive factor activating protein receptor proteins, t-SNAREs, target SNARE proteins, v-SNAREs, vesicle SNARE proteins)",https://lod.nal.usda.gov/nalt/283211,0.9,False,skos:related,EXCLUDE
spliceosomes,,spliceosomes,https://lod.nal.usda.gov/nalt/56076,0.8,True,skos:broader; skos:narrower,EXCLUDE
spore germination,,spore germination,https://lod.nal.usda.gov/nalt/42880,0.7,False,skos:related,EXCLUDE
sporopollenin,,sporopollenin,https://lod.nal.usda.gov/nalt/252751,0.9,False,skos:related,EXCLUDE
starch granules,starch grains,starch granules (starch grains),https://lod.nal.usda.gov/nalt/8250,0.65,False,skos:related,EXCLUDE
Streptococcaceae,,Streptococcaceae,https://lod.nal.usda.gov/nalt/1737,0.9,False,skos:broader; skos:narrower,EXCLUDE
striated muscle,,striated muscle,https://lod.nal.usda.gov/nalt/53776,0.8,False,skos:related,EXCLUDE
sympathetic nervous system,,sympathetic nervous system,https://lod.nal.usda.gov/nalt/14034,0.95,False,skos:related,EXCLUDE
symporters,co-transporters,symporters (co-transporters),https://lod.nal.usda.gov/nalt/65313,0.9,False,skos:related,EXCLUDE
synaptic transmission,neural transmission; neurotransmission,"synaptic transmission (neural transmission, neurotransmission)",https://lod.nal.usda.gov/nalt/54717,0.75,False,skos:related,EXCLUDE
synaptogenesis,,synaptogenesis,https://lod.nal.usda.gov/nalt/246202,0.7,False,skos:related,EXCLUDE
synaptosomes,,synaptosomes,https://lod.nal.usda.gov/nalt/65104,0.7,True,skos:broader; skos:narrower,EXCLUDE
syndecans,,syndecans,https://lod.nal.usda.gov/nalt/317794,0.95,False,skos:related,EXCLUDE
target of rapamycin signaling pathways,mammalian target of rapamycin signalling pathways,target of rapamycin signaling pathways (mammalian target of rapamycin signalling pathways),https://lod.nal.usda.gov/nalt/291508,0.9,True,skos:broader; skos:narrower,EXCLUDE
teichoic acids,,teichoic acids,https://lod.nal.usda.gov/nalt/271989,0.95,False,skos:related,EXCLUDE
transport proteins,carrier proteins; translocator proteins; transporter proteins,"transport proteins (carrier proteins, translocator proteins, transporter proteins)",https://lod.nal.usda.gov/nalt/17197,0.95,False,skos:related,EXCLUDE
transposases,,transposases,https://lod.nal.usda.gov/nalt/331529,0.95,False,skos:related,EXCLUDE
trophic relationships,trophic interactions; trophodynamics,"trophic relationships (trophic interactions, trophodynamics)",https://lod.nal.usda.gov/nalt/14058,0.95,False,skos:broader; skos:narrower,EXCLUDE
type I secretion system,T1SS (type I secretion system); type I secretion apparatus; type I secretion process; type one secretion system,"type I secretion system (T1SS (type I secretion system), type I secretion apparatus, type I secretion process, type one secretion system)",https://lod.nal.usda.gov/nalt/245155,0.95,False,skos:related,EXCLUDE
type V secretion system,type V autotransporter pathway; type V secretion pathway; type V secretion systems,"type V secretion system (type V autotransporter pathway, type V secretion pathway, type V secretion systems)",https://lod.nal.usda.gov/nalt/245158,0.95,False,skos:related,EXCLUDE
ventral adhesive disk,ventral adhesive disc,ventral adhesive disk (ventral adhesive disc),https://lod.nal.usda.gov/nalt/200645,0.65,True,skos:broader; skos:narrower,EXCLUDE
viral inclusion bodies,Negri bodies; viroplasms,"viral inclusion bodies (Negri bodies, viroplasms)",https://lod.nal.usda.gov/nalt/246154,0.7,True,skos:related,EXCLUDE
virus replication,viral replication; virus reproduction,"virus replication (viral replication, virus reproduction)",https://lod.nal.usda.gov/nalt/61083,0.95,False,skos:related,EXCLUDE
white-rot fungi,white rot fungi; white-rot fungus,"white-rot fungi (white rot fungi, white-rot fungus)",https://lod.nal.usda.gov/nalt/17320,0.95,False,skos:related,EXCLUDE
zeta-Proteobacteria,Zetaproteobacteria,zeta-Proteobacteria (Zetaproteobacteria),https://lod.nal.usda.gov/nalt/287481,0.95,False,skos:broader; skos:narrower,EXCLUDE
adaptive immunity,acquired immune system; acquired immunity; adaptive immune response; adaptive immune system; adoptive immunity,"adaptive immunity (acquired immune system, acquired immunity, adaptive immune response, adaptive immune system, adoptive immunity)",https://lod.nal.usda.gov/nalt/105992,0.9,False,skos:related,EXCLUDE
aerobiosis,aerobic growth; aerobic respiration; oxidative metabolism,"aerobiosis (aerobic growth, aerobic respiration, oxidative metabolism)",https://lod.nal.usda.gov/nalt/4629,0.85,False,skos:related,EXCLUDE
Alkalibacterium,,Alkalibacterium,https://lod.nal.usda.gov/nalt/6415,0.95,False,skos:broader; skos:narrower,EXCLUDE
Alloiococcus,,Alloiococcus,https://lod.nal.usda.gov/nalt/6684,0.95,False,skos:broader; skos:narrower,EXCLUDE
anaerobiosis,anaerobic metabolism; anaerobic respiration,"anaerobiosis (anaerobic metabolism, anaerobic respiration)",https://lod.nal.usda.gov/nalt/8375,0.85,False,skos:related,EXCLUDE
autocrine signaling,autocrine communication,autocrine signaling (autocrine communication),https://lod.nal.usda.gov/nalt/261288,0.8,True,skos:broader; skos:narrower,EXCLUDE
autolysis,,autolysis,https://lod.nal.usda.gov/nalt/14014,0.8,True,skos:broader; skos:narrower,EXCLUDE
B-cell lymphoma,diffuse large B-Cell lymphoma; diffuse large-cell lymphoma; histiocytic lymphoma,"B-cell lymphoma (diffuse large B-Cell lymphoma, diffuse large-cell lymphoma, histiocytic lymphoma)",https://lod.nal.usda.gov/nalt/295040,0.9,False,skos:related,EXCLUDE
Bifidobacterium pseudolongum subsp. globosum,Bifidobacterium globosum; Bifidobacterium pseudolongum ssp. globosum,"Bifidobacterium pseudolongum subsp. globosum (Bifidobacterium globosum, Bifidobacterium pseudolongum ssp. globosum)",https://lod.nal.usda.gov/nalt/17082,0.95,False,skos:broader; skos:narrower,EXCLUDE
bioencapsulation,,bioencapsulation,https://lod.nal.usda.gov/nalt/228596,0.95,False,skos:related,EXCLUDE
body fluids,,body fluids,https://lod.nal.usda.gov/nalt/49,0.95,False,skos:broader; skos:narrower,EXCLUDE
botulinum toxin,botulinum neurotoxin,botulinum toxin (botulinum neurotoxin),https://lod.nal.usda.gov/nalt/15202,0.95,False,skos:related,EXCLUDE
Bradyrhizobiaceae,Bradyrhizobium group; Nitrobacteraceae; bradyrhizobia,"Bradyrhizobiaceae (Bradyrhizobium group, Nitrobacteraceae, bradyrhizobia)",https://lod.nal.usda.gov/nalt/4795,0.95,False,skos:broader; skos:narrower,EXCLUDE
Bradyrhizobium diazoefficiens,,Bradyrhizobium diazoefficiens,https://lod.nal.usda.gov/nalt/257141,0.95,False,skos:broader; skos:narrower,EXCLUDE
Bradyrhizobium elkanii,,Bradyrhizobium elkanii,https://lod.nal.usda.gov/nalt/19201,0.95,False,skos:broader; skos:narrower,EXCLUDE
Bradyrhizobium japonicum,Rhizobacterium japonicum; Rhizobium japonicum,"Bradyrhizobium japonicum (Rhizobacterium japonicum, Rhizobium japonicum)",https://lod.nal.usda.gov/nalt/19202,0.95,False,skos:broader; skos:narrower,EXCLUDE
Bradyrhizobium liaoningense,Bradyrhizobium liaoningensis,Bradyrhizobium liaoningense (Bradyrhizobium liaoningensis),https://lod.nal.usda.gov/nalt/19203,0.95,False,skos:broader; skos:narrower,EXCLUDE
Bradyrhizobium lupini,,Bradyrhizobium lupini,https://lod.nal.usda.gov/nalt/19204,0.95,False,skos:broader; skos:narrower,EXCLUDE
cell adhesion molecules,intercellular adhesion molecules; leukocyte adhesion molecules,"cell adhesion molecules (intercellular adhesion molecules, leukocyte adhesion molecules)",https://lod.nal.usda.gov/nalt/293054,0.85,False,skos:related,EXCLUDE
cell-mediated immunity,cell mediated immunity; cell-mediated immune response; cellular immune response; cellular immunity,"cell-mediated immunity (cell mediated immunity, cell-mediated immune response, cellular immune response, cellular immunity)",https://lod.nal.usda.gov/nalt/10341,0.7,False,skos:broader; skos:narrower,EXCLUDE
chemical constituents of plants,phytoconstituents; plant composition (chemistry),"chemical constituents of plants (phytoconstituents, plant composition (chemistry))",https://lod.nal.usda.gov/nalt/10478,0.95,False,skos:related,EXCLUDE
chimerism,chimaerism; chimeras,"chimerism (chimaerism, chimeras)",https://lod.nal.usda.gov/nalt/24981,0.9,True,skos:broader; skos:narrower,EXCLUDE
clathrin,,clathrin,https://lod.nal.usda.gov/nalt/26664,0.9,False,skos:related,EXCLUDE
cytogenetic analysis,chromosome analysis,cytogenetic analysis (chromosome analysis),https://lod.nal.usda.gov/nalt/25841,0.9,True,skos:broader; skos:narrower,EXCLUDE
DEAD-box RNA helicases,DEAD box helicases; DEAD-box proteins,"DEAD-box RNA helicases (DEAD box helicases, DEAD-box proteins)",https://lod.nal.usda.gov/nalt/240461,0.9,False,skos:related,EXCLUDE
Desemzia,,Desemzia,https://lod.nal.usda.gov/nalt/32530,0.9,False,skos:broader; skos:narrower,EXCLUDE
Dolosigranulum,,Dolosigranulum,https://lod.nal.usda.gov/nalt/34340,0.9,False,skos:broader; skos:narrower,EXCLUDE
dynamins,dephosphin; dynamin; dynamin K44A,"dynamins (dephosphin, dynamin, dynamin K44A)",https://lod.nal.usda.gov/nalt/242721,0.85,False,skos:related,EXCLUDE
ecosystem respiration,,ecosystem respiration,https://lod.nal.usda.gov/nalt/189757,0.95,False,skos:related,EXCLUDE
electrofusion,,electrofusion,https://lod.nal.usda.gov/nalt/125072,0.9,False,skos:related,EXCLUDE
electroporation,,electroporation,https://lod.nal.usda.gov/nalt/36237,0.9,False,skos:related,EXCLUDE
gait,,gait,https://lod.nal.usda.gov/nalt/42145,0.95,False,skos:related,EXCLUDE
gene segregation,allele segregation,gene segregation (allele segregation),https://lod.nal.usda.gov/nalt/6536,0.8,False,skos:broader; skos:narrower,EXCLUDE
genetics,,genetics,https://lod.nal.usda.gov/nalt/9222,0.75,False,skos:broader; skos:narrower,EXCLUDE
Granulicatella,,Granulicatella,https://lod.nal.usda.gov/nalt/1057,0.9,False,skos:broader; skos:narrower,EXCLUDE
host-parasite relationships,host parasite relationships; host-parasite interactions; parasite host relationships; parasite-host interactions; parasite-host relationships,"host-parasite relationships (host parasite relationships, host-parasite interactions, parasite host relationships, parasite-host interactions, parasite-host relationships)",https://lod.nal.usda.gov/nalt/834,0.9,False,skos:related,EXCLUDE
inherited metabolic diseases,inborn errors of metabolism; inherited metabolic disorders,"inherited metabolic diseases (inborn errors of metabolism, inherited metabolic disorders)",https://lod.nal.usda.gov/nalt/2755,0.85,False,skos:related,EXCLUDE
innexins,,innexins,https://lod.nal.usda.gov/nalt/296625,0.85,False,skos:related,EXCLUDE
integrins,,integrins,https://lod.nal.usda.gov/nalt/47468,0.85,False,skos:related,EXCLUDE
interleukin-13,IL-13; interleukin 13,"interleukin-13 (IL-13, interleukin 13)",https://lod.nal.usda.gov/nalt/222512,0.95,False,skos:related,EXCLUDE
intermediate filament proteins,,intermediate filament proteins,https://lod.nal.usda.gov/nalt/190836,0.7,False,skos:related,EXCLUDE
ketolides,,ketolides,https://lod.nal.usda.gov/nalt/235866,0.95,False,skos:related,EXCLUDE
kinesin,,kinesin,https://lod.nal.usda.gov/nalt/146580,0.9,False,skos:related,EXCLUDE
Lactobacillales,,Lactobacillales,https://lod.nal.usda.gov/nalt/288409,0.65,False,skos:broader; skos:narrower,EXCLUDE
Leuconostoc mesenteroides subsp. cremoris,Leuconostoc cremoris; Leuconostoc mesenteroides ssp. cremoris,"Leuconostoc mesenteroides subsp. cremoris (Leuconostoc cremoris, Leuconostoc mesenteroides ssp. cremoris)",https://lod.nal.usda.gov/nalt/49915,0.9,False,skos:broader; skos:narrower,EXCLUDE
Leuconostoc mesenteroides subsp. dextranicum,Betacoccus bovis; Lactococcus dextranicus; Leuconostoc dextranicum; Leuconostoc mesenteroides ssp. dextranicum,"Leuconostoc mesenteroides subsp. dextranicum (Betacoccus bovis, Lactococcus dextranicus, Leuconostoc dextranicum, Leuconostoc mesenteroides ssp. dextranicum)",https://lod.nal.usda.gov/nalt/16884,0.9,False,skos:broader; skos:narrower,EXCLUDE
Leuconostoc mesenteroides subsp. mesenteroides,Leuconostoc mesenteroides ssp. mesenteroides,Leuconostoc mesenteroides subsp. mesenteroides (Leuconostoc mesenteroides ssp. mesenteroides),https://lod.nal.usda.gov/nalt/49917,0.9,False,skos:broader; skos:narrower,EXCLUDE
lipid A,,lipid A,https://lod.nal.usda.gov/nalt/209104,0.95,False,skos:related,EXCLUDE
lipid metabolism,fat metabolism,lipid metabolism (fat metabolism),https://lod.nal.usda.gov/nalt/17396,0.7,False,skos:related,EXCLUDE
liquid membranes,,liquid membranes,https://lod.nal.usda.gov/nalt/229418,0.9,False,skos:related,EXCLUDE
Marinilactibacillus,,Marinilactibacillus,https://lod.nal.usda.gov/nalt/208708,0.9,False,skos:broader; skos:narrower,EXCLUDE
mechanical stress,,mechanical stress,https://lod.nal.usda.gov/nalt/1734,0.9,False,skos:related,EXCLUDE
microfilament proteins,actin binding proteins; actin-binding proteins,"microfilament proteins (actin binding proteins, actin-binding proteins)",https://lod.nal.usda.gov/nalt/200164,0.85,False,skos:related,EXCLUDE
monosaccharide transport proteins,hexose transport proteins; hexose transporters,"monosaccharide transport proteins (hexose transport proteins, hexose transporters)",https://lod.nal.usda.gov/nalt/296223,0.95,False,skos:related,EXCLUDE
nanopores,,nanopores,https://lod.nal.usda.gov/nalt/259874,0.85,False,skos:related,EXCLUDE
nerve regeneration,,nerve regeneration,https://lod.nal.usda.gov/nalt/324029,0.7,False,skos:related,EXCLUDE
neurodevelopment,central nervous system development; nervous system development; neural development; neurologic development; neurological development,"neurodevelopment (central nervous system development, nervous system development, neural development, neurologic development, neurological development)",https://lod.nal.usda.gov/nalt/199237,0.75,False,skos:related,EXCLUDE
neurotransmitters,neuromediators; neuromodulators; neuroregulators,"neurotransmitters (neuromediators, neuromodulators, neuroregulators)",https://lod.nal.usda.gov/nalt/2522,0.95,False,skos:related,EXCLUDE
nuclear proteins,,nuclear proteins,https://lod.nal.usda.gov/nalt/196599,0.9,False,skos:related,EXCLUDE
occludins,,occludins,https://lod.nal.usda.gov/nalt/215663,0.95,False,skos:related,EXCLUDE
osmosis,,osmosis,https://lod.nal.usda.gov/nalt/52083,0.9,False,skos:related,EXCLUDE
oxygen consumption,,oxygen consumption,https://lod.nal.usda.gov/nalt/8382,0.9,False,skos:related,EXCLUDE
pannexins,,pannexins,https://lod.nal.usda.gov/nalt/296627,0.95,False,skos:related,EXCLUDE
paracrine signaling,,paracrine signaling,https://lod.nal.usda.gov/nalt/261291,0.65,True,skos:broader; skos:narrower,EXCLUDE
parasitism,parasitisation; parasitising; parasitization; parasitizing,"parasitism (parasitisation, parasitising, parasitization, parasitizing)",https://lod.nal.usda.gov/nalt/46000,0.95,False,skos:related,EXCLUDE
permeability,,permeability,https://lod.nal.usda.gov/nalt/52082,0.9,False,skos:broader; skos:narrower,EXCLUDE
photorespiration,,photorespiration,https://lod.nal.usda.gov/nalt/23434,0.95,True,skos:broader; skos:narrower,EXCLUDE
physical activity,human activity (physical activity),physical activity (human activity (physical activity)),https://lod.nal.usda.gov/nalt/37116,0.95,False,skos:broader; skos:narrower,EXCLUDE
protein synthesis,protein anabolism; protein biosynthesis; protein expression,"protein synthesis (protein anabolism, protein biosynthesis, protein expression)",https://lod.nal.usda.gov/nalt/38953,0.8,False,skos:related,EXCLUDE
quorum sensing,quorum signaling,quorum sensing (quorum signaling),https://lod.nal.usda.gov/nalt/23372,0.9,False,skos:related,EXCLUDE
rhoptry proteins,,rhoptry proteins,https://lod.nal.usda.gov/nalt/263930,0.75,False,skos:related,EXCLUDE
ribosomal DNA,rDNA (ribosomal DNA),ribosomal DNA (rDNA (ribosomal DNA)),https://lod.nal.usda.gov/nalt/34168,0.9,False,skos:related,EXCLUDE
ribosomal RNA,rRNA (ribosomal RNA); rRNAs (ribosomal RNA),"ribosomal RNA (rRNA (ribosomal RNA), rRNAs (ribosomal RNA))",https://lod.nal.usda.gov/nalt/61502,0.9,False,skos:related,EXCLUDE
seed storage proteins,,seed storage proteins,https://lod.nal.usda.gov/nalt/198167,0.95,False,skos:related,EXCLUDE
segregation distortion,,segregation distortion,https://lod.nal.usda.gov/nalt/51929,0.75,True,skos:broader; skos:narrower,EXCLUDE
sensory system,,sensory system,https://lod.nal.usda.gov/nalt/54682,0.95,False,skos:related,EXCLUDE
somatic hybridization,somatic hybridisation,somatic hybridization (somatic hybridisation),https://lod.nal.usda.gov/nalt/46235,0.9,False,skos:related,EXCLUDE
synapse,synapses (nervous system),synapse (synapses (nervous system)),https://lod.nal.usda.gov/nalt/54683,0.7,True,skos:broader; skos:narrower,EXCLUDE
T-cell lymphoma,,T-cell lymphoma,https://lod.nal.usda.gov/nalt/295041,0.85,False,skos:related,EXCLUDE
thymus gland,,thymus gland,https://lod.nal.usda.gov/nalt/37012,0.95,False,skos:related,EXCLUDE
transient receptor potential channels,TRP cation channels; TRP membrane proteins; transient receptor potential (TRP) channels,"transient receptor potential channels (TRP cation channels, TRP membrane proteins, transient receptor potential (TRP) channels)",https://lod.nal.usda.gov/nalt/271059,0.95,False,skos:related,EXCLUDE
triacylglycerols,neutral fats; neutral lipids; triglycerides,"triacylglycerols (neutral fats, neutral lipids, triglycerides)",https://lod.nal.usda.gov/nalt/3995,0.95,False,skos:related,EXCLUDE
tubulin,alpha-tubulin; beta-tubulin; delta-tubulin; gamma-tubulin,"tubulin (alpha-tubulin, beta-tubulin, delta-tubulin, gamma-tubulin)",https://lod.nal.usda.gov/nalt/52880,0.95,False,skos:related,EXCLUDE
villi,villus,villi (villus),https://lod.nal.usda.gov/nalt/47558,0.95,False,skos:related,EXCLUDE
adhesion,adhesiveness,adhesion (adhesiveness),https://lod.nal.usda.gov/nalt/4199,0.85,False,skos:related,EXCLUDE
adhesion inhibition assay,bacterial adhesion inhibition assay; cell adhesion inhibition assay,"adhesion inhibition assay (bacterial adhesion inhibition assay, cell adhesion inhibition assay)",https://lod.nal.usda.gov/nalt/295058,0.95,False,skos:related,EXCLUDE
bioadhesion,bio-adhesiveness; bioadhesiveness,"bioadhesion (bio-adhesiveness, bioadhesiveness)",https://lod.nal.usda.gov/nalt/316508,0.85,False,skos:related,EXCLUDE
biochemical pathways,biosynthetic pathways; metabolic pathways,"biochemical pathways (biosynthetic pathways, metabolic pathways)",https://lod.nal.usda.gov/nalt/17280,0.7,False,skos:broader; skos:narrower,EXCLUDE
cadherins,protocadherins,cadherins (protocadherins),https://lod.nal.usda.gov/nalt/20827,0.9,False,skos:related,EXCLUDE
carcinogenesis,cancerogenesis; oncogenesis; tumorigenesis,"carcinogenesis (cancerogenesis, oncogenesis, tumorigenesis)",https://lod.nal.usda.gov/nalt/22355,0.75,False,skos:related,EXCLUDE
CD4 lymphocyte count,CD4 cell count; CD4-positive cell count,"CD4 lymphocyte count (CD4 cell count, CD4-positive cell count)",https://lod.nal.usda.gov/nalt/323735,0.95,False,skos:related,EXCLUDE
chemokine CCL5,CC chemokine ligand 5; CCL5 chemokine; RANTES; SCYA5 protein; T cell RNATES protein; T-Cell specific protein p288; TCP228 protein; chemokine (C-C motif) ligand 5; small inducible cytokine A5,"chemokine CCL5 (CC chemokine ligand 5, CCL5 chemokine, RANTES, SCYA5 protein, T cell RNATES protein, T-Cell specific protein p288, TCP228 protein, chemokine (C-C motif) ligand 5, small inducible cytokine A5)",https://lod.nal.usda.gov/nalt/236678,0.95,False,skos:related,EXCLUDE
chromosome addition,,chromosome addition,https://lod.nal.usda.gov/nalt/25834,0.7,True,skos:broader; skos:narrower,EXCLUDE
chromosome breakage,chromosome breaks,chromosome breakage (chromosome breaks),https://lod.nal.usda.gov/nalt/25835,0.7,True,skos:broader; skos:narrower,EXCLUDE
chromosome duplication,,chromosome duplication,https://lod.nal.usda.gov/nalt/322710,0.7,True,skos:broader; skos:narrower,EXCLUDE
chromosome elimination,chromosome deletion; chromosome loss,"chromosome elimination (chromosome deletion, chromosome loss)",https://lod.nal.usda.gov/nalt/25836,0.7,True,skos:broader; skos:narrower,EXCLUDE
chromosome fragility,,chromosome fragility,https://lod.nal.usda.gov/nalt/332894,0.7,True,skos:related,EXCLUDE
chromosome inversions,,chromosome inversions,https://lod.nal.usda.gov/nalt/25837,0.7,True,skos:broader; skos:narrower,EXCLUDE
chromosome painting,,chromosome painting,https://lod.nal.usda.gov/nalt/259363,0.95,False,skos:related,EXCLUDE
chromosome substitution,,chromosome substitution,https://lod.nal.usda.gov/nalt/25838,0.85,True,skos:broader; skos:narrower,EXCLUDE
chromosome translocation,autosome translocation; translocation (genetics),"chromosome translocation (autosome translocation, translocation (genetics))",https://lod.nal.usda.gov/nalt/25839,0.7,True,skos:broader; skos:narrower,EXCLUDE
color vision,,color vision,https://lod.nal.usda.gov/nalt/204413,0.95,False,skos:related,EXCLUDE
doubled haploids,doubled haploidy,doubled haploids (doubled haploidy),https://lod.nal.usda.gov/nalt/9954,0.75,True,skos:broader; skos:narrower,EXCLUDE
electron transfer,electron transport,electron transfer (electron transport),https://lod.nal.usda.gov/nalt/36193,0.9,False,skos:related,EXCLUDE
energy metabolism,bioenergetics,energy metabolism (bioenergetics),https://lod.nal.usda.gov/nalt/8391,0.85,False,skos:broader; skos:narrower,EXCLUDE
epigenome,,epigenome,https://lod.nal.usda.gov/nalt/339429,0.7,False,skos:broader; skos:narrower,EXCLUDE
familial Mediterranean fever,,familial Mediterranean fever,https://lod.nal.usda.gov/nalt/309683,0.95,False,skos:related,EXCLUDE
fungal anatomy,gills (mushrooms),fungal anatomy (gills (mushrooms)),https://lod.nal.usda.gov/nalt/8506,0.95,False,skos:broader; skos:narrower,EXCLUDE
genes,cistron,genes (cistron),https://lod.nal.usda.gov/nalt/6539,0.8,False,skos:broader; skos:narrower,EXCLUDE
genetic analysis,,genetic analysis,https://lod.nal.usda.gov/nalt/81449,0.9,False,skos:related,EXCLUDE
genetic equilibrium,,genetic equilibrium,https://lod.nal.usda.gov/nalt/302272,0.95,False,skos:related,EXCLUDE
genetic recombination,,genetic recombination,https://lod.nal.usda.gov/nalt/30225,0.75,False,skos:broader; skos:narrower,EXCLUDE
genetic resources,germplasm resources,genetic resources (germplasm resources),https://lod.nal.usda.gov/nalt/9219,0.95,False,skos:broader; skos:narrower,EXCLUDE
genetic structure,,genetic structure,https://lod.nal.usda.gov/nalt/336948,0.85,False,skos:broader; skos:narrower,EXCLUDE
genome assembly,genome sequence assembly,genome assembly (genome sequence assembly),https://lod.nal.usda.gov/nalt/206219,0.95,False,skos:related,EXCLUDE
genome mining,gene mining,genome mining (gene mining),https://lod.nal.usda.gov/nalt/214735,0.95,False,skos:related,EXCLUDE
genomic islands,genomic islets; symbiosis islands,"genomic islands (genomic islets, symbiosis islands)",https://lod.nal.usda.gov/nalt/190926,0.9,False,skos:broader; skos:narrower,EXCLUDE
genomics,genomic analysis,genomics (genomic analysis),https://lod.nal.usda.gov/nalt/17410,0.8,False,skos:related,EXCLUDE
genotype-phenotype correlation,gene-association study; genotype-phenotype analysis; genotype-phenotype association; genotype-phenotype relationship; genotype-phenotype study,"genotype-phenotype correlation (gene-association study, genotype-phenotype analysis, genotype-phenotype association, genotype-phenotype relationship, genotype-phenotype study)",https://lod.nal.usda.gov/nalt/270455,0.9,False,skos:related,EXCLUDE
glyoxylate cycle,glyoxylate by-pass; glyoxylate bypass; glyoxylate bypass cycle; glyoxylate shunt,"glyoxylate cycle (glyoxylate by-pass, glyoxylate bypass, glyoxylate bypass cycle, glyoxylate shunt)",https://lod.nal.usda.gov/nalt/17287,0.95,False,skos:related,EXCLUDE
karyotyping,karyotype,karyotyping (karyotype),https://lod.nal.usda.gov/nalt/31438,0.9,True,skos:related,EXCLUDE
lateral line system,lateral line organs,lateral line system (lateral line organs),https://lod.nal.usda.gov/nalt/217165,0.95,False,skos:related,EXCLUDE
loci,,loci,https://lod.nal.usda.gov/nalt/280,0.9,True,skos:broader; skos:narrower,EXCLUDE
metabolome,,metabolome,https://lod.nal.usda.gov/nalt/42650,0.95,False,skos:related,EXCLUDE
metagenomics,(meta)genomics; community genomics; ecogenomics; ecological genomics; environmental genomics; meta genomics; meta-genomics; metagenome; metagenomic analysis; population genomics,"metagenomics ((meta)genomics, community genomics, ecogenomics, ecological genomics, environmental genomics, meta genomics, meta-genomics, metagenome, metagenomic analysis, population genomics)",https://lod.nal.usda.gov/nalt/147744,0.9,False,skos:related,EXCLUDE
neuromasts,,neuromasts,https://lod.nal.usda.gov/nalt/217268,0.95,False,skos:related,EXCLUDE
nexine,endexine; nexine 1; nexine 2; nexine I; nexine II,"nexine (endexine, nexine 1, nexine 2, nexine I, nexine II)",https://lod.nal.usda.gov/nalt/334283,0.7,True,skos:broader; skos:narrower,EXCLUDE
night vision,rod vision; scotopic vision; twilight vision,"night vision (rod vision, scotopic vision, twilight vision)",https://lod.nal.usda.gov/nalt/204409,0.9,False,skos:related,EXCLUDE
nucleoporins,nuclear pore complex proteins,nucleoporins (nuclear pore complex proteins),https://lod.nal.usda.gov/nalt/55364,0.85,False,skos:related,EXCLUDE
opsin,,opsin,https://lod.nal.usda.gov/nalt/192484,0.9,False,skos:related,EXCLUDE
oxidative phosphorylation,,oxidative phosphorylation,https://lod.nal.usda.gov/nalt/4160,0.9,False,skos:broader; skos:narrower,EXCLUDE
phenomics,,phenomics,https://lod.nal.usda.gov/nalt/276050,0.8,False,skos:related,EXCLUDE
pollen tectum,,pollen tectum,https://lod.nal.usda.gov/nalt/334282,0.7,True,skos:broader; skos:narrower,EXCLUDE
pollenkitt,pollen kit; pollen-kitt; pollenkit,"pollenkitt (pollen kit, pollen-kitt, pollenkit)",https://lod.nal.usda.gov/nalt/334348,0.8,True,skos:broader; skos:narrower,EXCLUDE
retina,,retina,https://lod.nal.usda.gov/nalt/38995,0.9,False,skos:broader; skos:narrower,EXCLUDE
retinitis pigmentosa,pigmentary retinopathy; rod cone dystrophies,"retinitis pigmentosa (pigmentary retinopathy, rod cone dystrophies)",https://lod.nal.usda.gov/nalt/317435,0.95,False,skos:related,EXCLUDE
satellite DNA,,satellite DNA,https://lod.nal.usda.gov/nalt/34245,0.85,False,skos:related,EXCLUDE
sexine,,sexine,https://lod.nal.usda.gov/nalt/334289,0.95,True,skos:broader; skos:narrower,EXCLUDE
skeletal muscle,,skeletal muscle,https://lod.nal.usda.gov/nalt/35050,0.8,False,skos:related,EXCLUDE
succinate dehydrogenase (quinone),EC 1.3.5.1; EC 1.3.99.1; complex II (mitochondrial electron transport); electron transport complex II; fumarate reductase; fumaric hydrogenase; mitochondrial electron transport complex II; succinate dehydrogenase; succinate dehydrogenase (ubiquinone); succinate dehydrogenase complex; succinate oxidoreductase; succinate:quinone oxidoreductase (aerobic respiratory chain); succinate:ubiquinone oxidoreductase; succinic acid dehydrogenase,"succinate dehydrogenase (quinone) (EC 1.3.5.1, EC 1.3.99.1, complex II (mitochondrial electron transport), electron transport complex II, fumarate reductase, fumaric hydrogenase, mitochondrial electron transport complex II, succinate dehydrogenase, succinate dehydrogenase (ubiquinone), succinate dehydrogenase complex, succinate oxidoreductase, succinate:quinone oxidoreductase (aerobic respiratory chain), succinate:ubiquinone oxidoreductase, succinic acid dehydrogenase)",https://lod.nal.usda.gov/nalt/28357,0.95,False,skos:related,EXCLUDE
tricarboxylic acid cycle,Kreb's cycle; Krebs cycle; Krebs' cycle; TCA cycle (tricarboxylic acid cycle); citrate cycle; citric acid cycle,"tricarboxylic acid cycle (Kreb's cycle, Krebs cycle, Krebs' cycle, TCA cycle (tricarboxylic acid cycle), citrate cycle, citric acid cycle)",https://lod.nal.usda.gov/nalt/17291,0.75,False,skos:related,EXCLUDE
tricolporate pollen,tricolporate pollen grains,tricolporate pollen (tricolporate pollen grains),https://lod.nal.usda.gov/nalt/334267,0.9,False,skos:related,EXCLUDE
ubiquinol-cytochrome-c reductase,EC 1.10.2.2; complex III (mitochondrial electron transport); cytochrome bc1 complex; electron transport complex III; mitochondrial complex III; mitochondrial electron transport complex III; ubiquinone-cytochrome b-c1 oxidoreductase; ubiquinone-cytochrome c oxidoreductase,"ubiquinol-cytochrome-c reductase (EC 1.10.2.2, complex III (mitochondrial electron transport), cytochrome bc1 complex, electron transport complex III, mitochondrial complex III, mitochondrial electron transport complex III, ubiquinone-cytochrome b-c1 oxidoreductase, ubiquinone-cytochrome c oxidoreductase)",https://lod.nal.usda.gov/nalt/28359,0.95,False,skos:related,EXCLUDE
viral genome,virus genome,viral genome (virus genome),https://lod.nal.usda.gov/nalt/341836,0.9,False,skos:broader; skos:narrower,EXCLUDE
viscin threads,sporopollenin filaments; viscin strands,"viscin threads (sporopollenin filaments, viscin strands)",https://lod.nal.usda.gov/nalt/334489,0.95,True,skos:broader; skos:narrower,EXCLUDE
yeast artificial chromosomes,YACs (yeast artificial chromosomes),yeast artificial chromosomes (YACs (yeast artificial chromosomes)),https://lod.nal.usda.gov/nalt/25880,0.95,True,skos:broader; skos:narrower,EXCLUDE
anthers,,anthers,https://lod.nal.usda.gov/nalt/8700,0.95,False,skos:broader; skos:narrower,EXCLUDE
birch pollen,Betaula pollen; Betula pollen grains; birch pollen grains,"birch pollen (Betaula pollen, Betula pollen grains, birch pollen grains)",https://lod.nal.usda.gov/nalt/334618,0.7,False,skos:broader; skos:narrower,EXCLUDE
bird pollination,ornithophily,bird pollination (ornithophily),https://lod.nal.usda.gov/nalt/334102,0.95,False,skos:related,EXCLUDE
connexins,,connexins,https://lod.nal.usda.gov/nalt/28575,0.95,False,skos:related,EXCLUDE
fly pollination,myiophily; myophily; sapromyiophily; sapromyophily,"fly pollination (myiophily, myophily, sapromyiophily, sapromyophily)",https://lod.nal.usda.gov/nalt/277455,0.95,False,skos:related,EXCLUDE
forensic palynology,,forensic palynology,https://lod.nal.usda.gov/nalt/334298,0.95,False,skos:related,EXCLUDE
genetic variation,genetic differentiation; genetic divergence; genetic diversity; genetic variability; genotypic diversity,"genetic variation (genetic differentiation, genetic divergence, genetic diversity, genetic variability, genotypic diversity)",https://lod.nal.usda.gov/nalt/10351,0.7,False,skos:related,EXCLUDE
light,visible light; visible radiation,"light (visible light, visible radiation)",https://lod.nal.usda.gov/nalt/18228,0.95,False,skos:related,EXCLUDE
melissopalynology,melittopalynology,melissopalynology (melittopalynology),https://lod.nal.usda.gov/nalt/334299,0.95,False,skos:related,EXCLUDE
Mendelian inheritance,Mendelism,Mendelian inheritance (Mendelism),https://lod.nal.usda.gov/nalt/42580,0.75,False,skos:related,EXCLUDE
monosomics,monosomy,monosomics (monosomy),https://lod.nal.usda.gov/nalt/8827,0.85,True,skos:broader; skos:narrower,EXCLUDE
monosulcate pollen,monocolpate pollen; monocolpate pollen grain; monosulcate pollen grain,"monosulcate pollen (monocolpate pollen, monocolpate pollen grain, monosulcate pollen grain)",https://lod.nal.usda.gov/nalt/325418,0.95,False,skos:broader; skos:narrower,EXCLUDE
nucleoproteins,,nucleoproteins,https://lod.nal.usda.gov/nalt/55381,0.95,False,skos:broader; skos:narrower,EXCLUDE
nucleosomes,dinucleosomes; polynucleosomes,"nucleosomes (dinucleosomes, polynucleosomes)",https://lod.nal.usda.gov/nalt/25761,0.8,True,skos:broader; skos:narrower,EXCLUDE
nullisomics,nullisomy,nullisomics (nullisomy),https://lod.nal.usda.gov/nalt/8828,0.85,True,skos:broader; skos:narrower,EXCLUDE
octaploidy,octaploids,octaploidy (octaploids),https://lod.nal.usda.gov/nalt/55620,0.7,True,skos:broader; skos:narrower,EXCLUDE
olfactory receptors,,olfactory receptors,https://lod.nal.usda.gov/nalt/55794,0.95,False,skos:broader; skos:narrower,EXCLUDE
palynology,,palynology,https://lod.nal.usda.gov/nalt/18792,0.95,False,skos:related,EXCLUDE
pine pollen,conifer pollen; conifer pollen grains; pine pollen grains,"pine pollen (conifer pollen, conifer pollen grains, pine pollen grains)",https://lod.nal.usda.gov/nalt/334607,0.95,False,skos:broader; skos:narrower,EXCLUDE
pollen analysis,pollen analyses,pollen analysis (pollen analyses),https://lod.nal.usda.gov/nalt/304866,0.95,False,skos:related,EXCLUDE
pollen color,pollen colour; pollen grain color; pollen grain colour,"pollen color (pollen colour, pollen grain color, pollen grain colour)",https://lod.nal.usda.gov/nalt/334205,0.95,False,skos:related,EXCLUDE
pollen competition,,pollen competition,https://lod.nal.usda.gov/nalt/304868,0.95,False,skos:broader; skos:narrower,EXCLUDE
pollen germination,,pollen germination,https://lod.nal.usda.gov/nalt/42879,0.95,False,skos:related,EXCLUDE
pollen loads,,pollen loads,https://lod.nal.usda.gov/nalt/307006,0.95,False,skos:related,EXCLUDE
pollen morphology,pollen shape,pollen morphology (pollen shape),https://lod.nal.usda.gov/nalt/334198,0.95,False,skos:related,EXCLUDE
pollen productivity,,pollen productivity,https://lod.nal.usda.gov/nalt/334252,0.95,False,skos:related,EXCLUDE
pollen proteins,pollen grain proteins; pollen-coat proteins; pollen-wall proteins,"pollen proteins (pollen grain proteins, pollen-coat proteins, pollen-wall proteins)",https://lod.nal.usda.gov/nalt/278567,0.95,False,skos:related,EXCLUDE
pollen rain,,pollen rain,https://lod.nal.usda.gov/nalt/266238,0.95,False,skos:related,EXCLUDE
pollen sampling,pollen samples,pollen sampling (pollen samples),https://lod.nal.usda.gov/nalt/334302,0.95,False,skos:related,EXCLUDE
pollen tetrad,tetrad pollen,pollen tetrad (tetrad pollen),https://lod.nal.usda.gov/nalt/334269,0.95,False,skos:broader; skos:narrower,EXCLUDE
pollen trapping,,pollen trapping,https://lod.nal.usda.gov/nalt/304872,0.95,False,skos:related,EXCLUDE
pollen tubes,,pollen tubes,https://lod.nal.usda.gov/nalt/59057,0.7,False,skos:related,EXCLUDE
pollinia (pollen),pollinium,pollinia (pollen) (pollinium),https://lod.nal.usda.gov/nalt/8702,0.9,False,skos:broader; skos:narrower,EXCLUDE
spore traps,pollen traps,spore traps (pollen traps),https://lod.nal.usda.gov/nalt/233513,0.95,False,skos:related,EXCLUDE
vision,eyesight; visual phototransduction; visual transduction,"vision (eyesight, visual phototransduction, visual transduction)",https://lod.nal.usda.gov/nalt/38987,0.95,False,skos:related,EXCLUDE
plant-water relations,plant water relations; water-plant relations,"plant-water relations (plant water relations, water-plant relations)",https://lod.nal.usda.gov/nalt/34627,0.9,False,skos:broader; skos:narrower,EXCLUDE
pollination,hand pollination; manual pollination; pollinating,"pollination (hand pollination, manual pollination, pollinating)",https://lod.nal.usda.gov/nalt/7175,0.95,False,skos:related,EXCLUDE
taste receptors,,taste receptors,https://lod.nal.usda.gov/nalt/224489,0.85,False,skos:broader; skos:narrower,EXCLUDE
