from,starting label,QID,label,depth,target
Q160236,Metropolitan Museum of Art,Q75581245,Zénaïde Eugénie Bonaparte,5,0
Q1634926,Hugo Cassirer,Q17355822,Yonker Ramp and his Sweetheart,5,0
Q214867,National Gallery of Art,Q17355822,Yonker Ramp and his Sweetheart,5,0
Q1634926,Hugo Cassirer,Q36180,writer,3,0
Q867510,Cypresses,Q36180,writer,4,0
Q104530765,Hugo Nathan,Q36180,writer,5,0
Q21948567,Sunflowers,Q36180,writer,2,0
Q17277888,Gottlieb Friedrich Reber,Q36180,writer,4,0
Q29441758,Margarete Mauthner,Q36180,writer,5,0
Q11770767,Still life with coffee pot  dishes and fruit,Q36180,writer,2,0
Q74128,Alfred Flechtheim,Q36180,writer,3,0
Q17277888,Gottlieb Friedrich Reber,Q20275618,A Peasant Woman Digging in Front of Her Cottage,5,1
Q1634926,Hugo Cassirer,Q75758411,William A. M. Burden I,3,1
Q160236,Metropolitan Museum of Art,Q20275618,A Peasant Woman Digging in Front of Her Cottage,5,1
Q74128,Alfred Flechtheim,Q20275618,A Peasant Woman Digging in Front of Her Cottage,5,1
Q666331,Foundation E.G. Bührle Collection,Q98801351,WikiProject Provenance,3,1
Q69860245,Mór Lipót Herzog,Q98801351,WikiProject Provenance,1,1
Q324935,Ferenc Hatvany,Q98801351,WikiProject Provenance,3,1
Q55680361,Oskar Reichel,Q98801351,WikiProject Provenance,5,1
Q214867,National Gallery of Art,Q98801351,WikiProject Provenance,3,1
Q74128,Alfred Flechtheim,Q103505599,WikiProject PCC Wikidata Pilot/Smithsonian Libraries Dibner Library portraits,5,0
Q17277888,Gottlieb Friedrich Reber,Q20267520,Abraham's Sacrifice of Isaac,5,0
Q74128,Alfred Flechtheim,Q20267520,Abraham's Sacrifice of Isaac,5,0
Q867510,Cypresses,Q47309996,Adolf Wuester,4,1
Q104530765,Hugo Nathan,Q47309996,Adolf Wuester,5,1
Q26221176,Two Poplars in the Alpilles near Saint-Rémy,Q14942930,WikiProject Painting,5,1
Q160236,Metropolitan Museum of Art,Q47309996,Adolf Wuester,4,1
Q160236,Metropolitan Museum of Art,Q110322027,WikiProject Local Community,3,0
Q1201549,Detroit Institute of Arts,Q110322027,WikiProject Local Community,3,0
Q1634926,Hugo Cassirer,Q68074438,WikiProject Livius,5,0
Q867510,Cypresses,Q68074438,WikiProject Livius,4,0
Q104530765,Hugo Nathan,Q68074438,WikiProject Livius,5,0
Q26221176,Two Poplars in the Alpilles near Saint-Rémy,Q68074438,WikiProject Livius,2,0
Q160236,Metropolitan Museum of Art,Q68074438,WikiProject Livius,1,0
Q214867,National Gallery of Art,Q68074438,WikiProject Livius,5,0
Q74128,Alfred Flechtheim,Q68074438,WikiProject Livius,3,0
Q657415,Cleveland Museum of Art,Q68074438,WikiProject Livius,1,0
Q74128,Alfred Flechtheim,Q13382529,WikiProject about human rights,2,0
Q160236,Metropolitan Museum of Art,Q87748614,WikiProject COVID-19,3,0
Q17277888,Gottlieb Friedrich Reber,Q109496377,WikiProject Applied arts,5,0
Q160236,Metropolitan Museum of Art,Q109496377,WikiProject Applied arts,2,0
Q160236,Metropolitan Museum of Art,Q64214265,Wiki Loves Pride Art & Artists,5,0
Q867510,Cypresses,Q18745022,Alec N. Wildenstein,4,1
Q104530765,Hugo Nathan,Q18745022,Alec N. Wildenstein,3,1
Q26221201,Two Diggers among Trees,Q18745022,Alec N. Wildenstein,4,1
Q1634926,Hugo Cassirer,Q19924921,Alexander Hamilton,5,0
Q160236,Metropolitan Museum of Art,Q24575431,Alexander II,5,0
Q214867,National Gallery of Art,Q317578,"Alexander Karađorđević, Prince of Serbia",5,0
Q26221176,Two Poplars in the Alpilles near Saint-Rémy,Q7933396,Violin and Grapes,2,1
Q17277888,Gottlieb Friedrich Reber,Q7933396,Violin and Grapes,3,1
Q55680361,Oskar Reichel,Q19681547,"View of Pirna, from Sonnestein Castle",3,1
Q11770767,Still life with coffee pot  dishes and fruit,Q104599828,"Verbrannt, verboten, vergessen",3,1
Q867510,Cypresses,Q120993,Amedeo Modigliani,5,1
Q55680361,Oskar Reichel,Q26221176,Two Poplars in the Alpilles near Saint-Rémy,5,1
Q21948567,Sunflowers,Q333634,translator,2,0
Q214867,National Gallery of Art,Q333634,translator,5,0
Q17277888,Gottlieb Friedrich Reber,Q1234713,theologian,4,0
Q160236,Metropolitan Museum of Art,Q19429021,Theodor Fischer,5,1
Q160236,Metropolitan Museum of Art,Q27980299,Apollo and Daphne,5,0
Q867510,Cypresses,Q87842429,"Apple, Pear and Orange",4,1
Q104530765,Hugo Nathan,Q87842429,"Apple, Pear and Orange",5,1
Q867510,Cypresses,Q19912997,Barges at Pontoise,4,1
Q17277888,Gottlieb Friedrich Reber,Q19912997,Barges at Pontoise,3,1
Q74128,Alfred Flechtheim,Q20267585,The Rape of Europa,5,1
Q1634926,Hugo Cassirer,Q20167246,The Potato Peeler,5,1
Q156426,Alexej von Jawlensky,Q3181656,The Nuttall Encyclopædia,3,0
Q1634926,Hugo Cassirer,Q3181656,The Nuttall Encyclopædia,5,0
Q104530765,Hugo Nathan,Q3181656,The Nuttall Encyclopædia,5,0
Q17277888,Gottlieb Friedrich Reber,Q3181656,The Nuttall Encyclopædia,4,0
Q160236,Metropolitan Museum of Art,Q3181656,The Nuttall Encyclopædia,3,0
Q3783572,Harvard Art Museums,Q3181656,The Nuttall Encyclopædia,2,0
Q1201549,Detroit Institute of Arts,Q3181656,The Nuttall Encyclopædia,3,0
Q214867,National Gallery of Art,Q3181656,The Nuttall Encyclopædia,5,0
Q74128,Alfred Flechtheim,Q3181656,The Nuttall Encyclopædia,5,0
Q657415,Cleveland Museum of Art,Q3181656,The Nuttall Encyclopædia,3,0
Q160236,Metropolitan Museum of Art,Q26821240,Bathing Nymphs,5,0
Q160236,Metropolitan Museum of Art,Q27980296,Birth of Jupiter,5,0
Q55680361,Oskar Reichel,Q60474736,The Aviator,5,1
Q26221176,Two Poplars in the Alpilles near Saint-Rémy,Q109354198,Boy Holding a Blue Vase,2,1
Q55680361,Oskar Reichel,Q109354198,Boy Holding a Blue Vase,5,1
Q160236,Metropolitan Museum of Art,Q4987244,Bulb Fields,5,1
Q74128,Alfred Flechtheim,Q37226,teacher,5,0
Q160236,Metropolitan Museum of Art,Q3853758,Tarquin and Lucretia,5,1
Q156426,Alexej von Jawlensky,Q4114391,Sytin Military Encyclopedia,3,0
Q867510,Cypresses,Q4114391,Sytin Military Encyclopedia,4,0
Q324935,Ferenc Hatvany,Q4114391,Sytin Military Encyclopedia,4,0
Q17277888,Gottlieb Friedrich Reber,Q19698487,Swedish Publicist's Association Photo Directory 1936,4,0
Q17277888,Gottlieb Friedrich Reber,Q10501038,Swedish church birth records,5,0
Q17277888,Gottlieb Friedrich Reber,Q48761314,Swedish Census 1910,3,0
Q214867,National Gallery of Art,Q48761314,Swedish Census 1910,5,0
Q17277888,Gottlieb Friedrich Reber,Q50287368,Swedish Census 1900,4,0
Q17277888,Gottlieb Friedrich Reber,Q50287327,Swedish Census 1890,4,0
Q17277888,Gottlieb Friedrich Reber,Q49213654,Swedish Census 1880,3,0
Q214867,National Gallery of Art,Q49213654,Swedish Census 1880,5,0
Q26221184,Olive Picking,Q10873124,chess player,4,0
Q1634926,Hugo Cassirer,Q36834,composer,5,0
Q1634926,Hugo Cassirer,Q158852,conductor,5,0
Q17277888,Gottlieb Friedrich Reber,Q19180675,Small Brockhaus and Efron Encyclopedic Dictionary,4,0
Q29441758,Margarete Mauthner,Q19180675,Small Brockhaus and Efron Encyclopedic Dictionary,4,0
Q3783572,Harvard Art Museums,Q19180675,Small Brockhaus and Efron Encyclopedic Dictionary,5,0
Q26221184,Olive Picking,Q19180675,Small Brockhaus and Efron Encyclopedic Dictionary,4,0
Q214867,National Gallery of Art,Q19180675,Small Brockhaus and Efron Encyclopedic Dictionary,3,0
Q657415,Cleveland Museum of Art,Q19180675,Small Brockhaus and Efron Encyclopedic Dictionary,3,0
Q1634926,Hugo Cassirer,Q95541,Samuel Fischer,4,1
Q867510,Cypresses,Q21785872,"Edge of the Woods Near L'Hermitage, Pontoise",4,1
Q104530765,Hugo Nathan,Q21785872,"Edge of the Woods Near L'Hermitage, Pontoise",3,1
Q26221201,Two Diggers among Trees,Q21785872,"Edge of the Woods Near L'Hermitage, Pontoise",4,1
Q29441758,Margarete Mauthner,Q27680201,Riemann's Music Dictionary (1901–1904),2,0
Q104530765,Hugo Nathan,Q96297,Emil Georg Bührle,5,1
Q160236,Metropolitan Museum of Art,Q96297,Emil Georg Bührle,5,1
Q1634926,Hugo Cassirer,Q5375476,Enclosed Field with Peasant,3,1
Q17277888,Gottlieb Friedrich Reber,Q5375476,Enclosed Field with Peasant,4,1
Q160236,Metropolitan Museum of Art,Q27980683,Portrait of the Artist's daughter Lavinia,5,0
Q214867,National Gallery of Art,Q1551926,Portrait of Stéphane Mallarmé,5,0
Q1634926,Hugo Cassirer,Q17813915,Portrait of Petrus Scriverius,5,0
Q214867,National Gallery of Art,Q2105271,Portrait of Mademoiselle Claus,5,0
Q17277888,Gottlieb Friedrich Reber,Q2105269,Portrait of Henri Rochefort,4,0
Q160236,Metropolitan Museum of Art,Q27978043,Portrait of Grand Duchess Bianca Capello (1548-1587),5,0
Q160236,Metropolitan Museum of Art,Q26712700,Portrait of Fabrizio Salvaresio,5,0
Q1634926,Hugo Cassirer,Q17815340,Portrait of Anna van der Aar,5,0
Q214867,National Gallery of Art,Q17815340,Portrait of Anna van der Aar,5,0
Q160236,Metropolitan Museum of Art,Q2842423,Portrait of Ambroise Vollard in a Red Headscarf,5,0
Q214867,National Gallery of Art,Q2842423,Portrait of Ambroise Vollard in a Red Headscarf,3,0
Q160236,Metropolitan Museum of Art,Q20174444,Portrait of a Youth,5,0
Q160236,Metropolitan Museum of Art,Q28019486,Portrait of a Young Lady,5,0
Q1634926,Hugo Cassirer,Q3937681,Portrait of a Woman with a Man at a Casement,5,0
Q17277888,Gottlieb Friedrich Reber,Q17275827,Portrait of a man in a plumed hat,4,0
Q55680361,Oskar Reichel,Q20539227,Portrait of a Man and Woman in an Interior,3,1
Q1634926,Hugo Cassirer,Q19911671,"Portrait of a Man, Said to be Christopher Columbus (born about 1446, died 1506)",5,0
Q214867,National Gallery of Art,Q19911671,"Portrait of a Man, Said to be Christopher Columbus (born about 1446, died 1506)",5,0
Q160236,Metropolitan Museum of Art,Q28020106,Portrait of a Bearded Man,5,0
Q160236,Metropolitan Museum of Art,Q1485141,Polish Biographical Dictionary,4,0
Q1634926,Hugo Cassirer,Q49757,poet,3,0
Q160236,Metropolitan Museum of Art,Q106323898,Pavlenkov Encyclopedic Dictionary,5,0
Q160236,Metropolitan Museum of Art,Q152785,Pauline Bonaparte,4,0
Q160236,Metropolitan Museum of Art,Q18662018,galerie Georges Petit,3,1
Q17277888,Gottlieb Friedrich Reber,Q64216457,Galerie Jacques Dubourg,4,1
Q55680361,Oskar Reichel,Q27431468,Galerie St. Etienne,2,1
Q17277888,Gottlieb Friedrich Reber,Q20771242,gallerist,5,1
Q1634926,Hugo Cassirer,Q106906938,Georges Durand-Ruel,5,1
Q867510,Cypresses,Q47035126,Gottfried Tanner,4,1
Q160236,Metropolitan Museum of Art,Q1358886,Grand Synagogue of Paris,5,0
Q1634926,Hugo Cassirer,Q1768721,Gujin Tushu Jicheng,4,0
Q867510,Cypresses,Q1768721,Gujin Tushu Jicheng,3,0
Q104530765,Hugo Nathan,Q1768721,Gujin Tushu Jicheng,5,0
Q26221176,Two Poplars in the Alpilles near Saint-Rémy,Q1768721,Gujin Tushu Jicheng,3,0
Q1634926,Hugo Cassirer,Q104601081,Österreichische Schriftstellerinnen 1880–1938,4,0
Q69860245,Mór Lipót Herzog,Q1768721,Gujin Tushu Jicheng,2,0
Q324935,Ferenc Hatvany,Q1768721,Gujin Tushu Jicheng,3,0
Q160236,Metropolitan Museum of Art,Q19211082,Orthodox Theological Encyclopedia,3,0
Q160236,Metropolitan Museum of Art,Q1768721,Gujin Tushu Jicheng,3,0
Q214867,National Gallery of Art,Q19222701,Oesterreichische National-Encyklopädie,5,0
Q214867,National Gallery of Art,Q1768721,Gujin Tushu Jicheng,4,0
Q20178788,Still Life with Apples,Q1768721,Gujin Tushu Jicheng,4,0
Q74128,Alfred Flechtheim,Q1768721,Gujin Tushu Jicheng,4,0
Q1634926,Hugo Cassirer,Q1573212,Hamburg Biographies,5,0
Q26221176,Two Poplars in the Alpilles near Saint-Rémy,Q1573212,Hamburg Biographies,4,0
Q160236,Metropolitan Museum of Art,Q1573212,Hamburg Biographies,5,0
Q74128,Alfred Flechtheim,Q1573212,Hamburg Biographies,3,0
Q1634926,Hugo Cassirer,Q58433306,"Hans Haacke,Framing and Being Framed: 7 Works, 1970–75",5,1
Q867510,Cypresses,Q58433306,"Hans Haacke,Framing and Being Framed: 7 Works, 1970–75",4,1
Q104530765,Hugo Nathan,Q58433306,"Hans Haacke,Framing and Being Framed: 7 Works, 1970–75",5,1
Q21948567,Sunflowers,Q58433306,"Hans Haacke,Framing and Being Framed: 7 Works, 1970–75",5,1
Q26221176,Two Poplars in the Alpilles near Saint-Rémy,Q58433306,"Hans Haacke,Framing and Being Framed: 7 Works, 1970–75",4,1
Q17277888,Gottlieb Friedrich Reber,Q58433306,"Hans Haacke,Framing and Being Framed: 7 Works, 1970–75",3,1
Q74128,Alfred Flechtheim,Q58433306,"Hans Haacke,Framing and Being Framed: 7 Works, 1970–75",3,1
Q160236,Metropolitan Museum of Art,Q20442391,Head of a peasant,5,1
Q214867,National Gallery of Art,Q20442391,Head of a peasant,5,1
Q1634926,Hugo Cassirer,Q89929597,hedendaagsesieraden.nl,5,0
Q867510,Cypresses,Q89929597,hedendaagsesieraden.nl,4,0
Q104530765,Hugo Nathan,Q89929597,hedendaagsesieraden.nl,5,0
Q26221184,Olive Picking,Q89929597,hedendaagsesieraden.nl,4,0
Q1634926,Hugo Cassirer,Q20089963,New International Encyclopedia (1902–05),5,0
Q160236,Metropolitan Museum of Art,Q56857488,Napoléons moder (Letizia Ramolino Bonaparte),5,0
Q160236,Metropolitan Museum of Art,Q434077,"Prince Napoléon-Jérôme, Prince Napoléon",5,0
Q17277888,Gottlieb Friedrich Reber,Q54149726,Hitler and Genghis Khan,5,0
Q55680361,Oskar Reichel,Q49133,Museum of Fine Arts Boston,2,0
Q55680361,Oskar Reichel,Q54149726,Hitler and Genghis Khan,5,0
Q74128,Alfred Flechtheim,Q54149726,Hitler and Genghis Khan,5,0
Q104530765,Hugo Nathan,Q27051827,"Hoff's Kurze Biographien, vol 2",5,0
Q160236,Metropolitan Museum of Art,Q27051827,"Hoff's Kurze Biographien, vol 2",5,0
Q867510,Cypresses,Q16000367,horse breeder,5,0
Q104530765,Hugo Nathan,Q16000367,horse breeder,4,0
Q160236,Metropolitan Museum of Art,Q16000367,horse breeder,4,0
Q160236,Metropolitan Museum of Art,Q369234,Hôtel de Chalon-Luxembourg,5,0
Q214867,National Gallery of Art,Q3145951,Hôtel de Rohan-Montbazon,3,0
Q160236,Metropolitan Museum of Art,Q19832938,hôtel Dodun,5,0
Q867510,Cypresses,Q333256,"Hugh Grosvenor, 1st Duke of Westminster",5,0
Q104530765,Hugo Nathan,Q333256,"Hugh Grosvenor, 1st Duke of Westminster",4,0
Q26221201,Two Diggers among Trees,Q333256,"Hugh Grosvenor, 1st Duke of Westminster",5,0
Q26221201,Two Diggers among Trees,Q1384654,"Hugh Grosvenor, 2nd Duke of Westminster",5,0
Q1634926,Hugo Cassirer,Q106727050,Metropolitan Museum of Art Tagging Vocabulary,5,1
Q867510,Cypresses,Q106727050,Metropolitan Museum of Art Tagging Vocabulary,5,1
Q104530765,Hugo Nathan,Q106727050,Metropolitan Museum of Art Tagging Vocabulary,5,1
Q160236,Metropolitan Museum of Art,Q106727050,Metropolitan Museum of Art Tagging Vocabulary,3,1
Q3783572,Harvard Art Museums,Q106727050,Metropolitan Museum of Art Tagging Vocabulary,5,1
Q26221184,Olive Picking,Q106727050,Metropolitan Museum of Art Tagging Vocabulary,4,1
Q214867,National Gallery of Art,Q106727050,Metropolitan Museum of Art Tagging Vocabulary,3,1
Q74128,Alfred Flechtheim,Q106727050,Metropolitan Museum of Art Tagging Vocabulary,4,1
Q657415,Cleveland Museum of Art,Q106727050,Metropolitan Museum of Art Tagging Vocabulary,3,1
Q1634926,Hugo Cassirer,Q1868065,merchant's house,5,0
Q74128,Alfred Flechtheim,Q1868065,merchant's house,4,0
Q5147536,Josef Feinhals,Q644687,illustrator,2,0
Q214867,National Gallery of Art,Q644687,illustrator,5,0
Q657415,Cleveland Museum of Art,Q20026460,Interior with a Woman sewing and a Child,3,1
Q657415,Cleveland Museum of Art,Q432,Islam,4,0
Q3783572,Harvard Art Museums,Q17576108,Islamopedia Online,2,0
Q160236,Metropolitan Museum of Art,Q3837491,Jacob Wrestling with the Angel,5,0
Q867510,Cypresses,Q3067376,Jacques Seligmann & Company,3,1
Q867510,Cypresses,Q100708933,Martin Fabiani,4,1
Q104530765,Hugo Nathan,Q100708933,Martin Fabiani,5,1
Q160236,Metropolitan Museum of Art,Q100708933,Martin Fabiani,4,1
Q214867,National Gallery of Art,Q62576151,Marthe Meurier,5,0
Q160236,Metropolitan Museum of Art,Q17603041,Marthe Hoschedé,3,0
Q867510,Cypresses,Q3175096,Jean Walter,4,1
Q104530765,Hugo Nathan,Q3175096,Jean Walter,5,1
Q4008950,Irises,Q2554450,Johanna van Gogh-Bonger,1,1
Q17277888,Gottlieb Friedrich Reber,Q1706617,Joseph Beuys,5,0
Q74128,Alfred Flechtheim,Q1706617,Joseph Beuys,5,0
Q214867,National Gallery of Art,Q9268,Judaism,4,1
Q17277888,Gottlieb Friedrich Reber,Q47530987,Julius Böhler Jr.,5,1
Q74128,Alfred Flechtheim,Q63342871,Julius Wilhelm Böhler,5,1
Q26221176,Two Poplars in the Alpilles near Saint-Rémy,Q66503800,Käte Perls,5,1
Q74128,Alfred Flechtheim,Q66503800,Käte Perls,4,1
Q1634926,Hugo Cassirer,Q964608,Lucien Pissarro,4,1
Q160236,Metropolitan Museum of Art,Q935182,Lucien Louis Joseph Napoleon Bonaparte,4,0
Q11770767,Still life with coffee pot  dishes and fruit,Q26221124,L'Arlésienne,2,0
Q160236,Metropolitan Museum of Art,Q17519173,L'Arlésienne,5,0
Q214867,National Gallery of Art,Q17519173,L'Arlésienne,3,0
Q160236,Metropolitan Museum of Art,Q4896868,La belle Angèle,5,0
Q214867,National Gallery of Art,Q4896868,La belle Angèle,3,0
Q867510,Cypresses,Q26689481,La Ferté,5,1
Q17277888,Gottlieb Friedrich Reber,Q26689481,La Ferté,4,1
Q160236,Metropolitan Museum of Art,Q20177080,Lady with a Fan,5,0
Q214867,National Gallery of Art,Q2815948,landscape architect,4,0
Q160236,Metropolitan Museum of Art,Q3220784,Le Canal Saint-Martin,5,0
Q214867,National Gallery of Art,Q3220784,Le Canal Saint-Martin,5,0
Q324935,Ferenc Hatvany,Q1549283,large estate owner,3,0
Q1634926,Hugo Cassirer,Q48976445,Le Palais Ducal,5,1
Q1634926,Hugo Cassirer,Q18347243,Lefevre Gallery,5,1
Q867510,Cypresses,Q18347243,Lefevre Gallery,3,1
Q26221201,Two Diggers among Trees,Q18347243,Lefevre Gallery,5,1
Q1634926,Hugo Cassirer,Q19098835,Library of the World's Best Literature,5,0
Q160236,Metropolitan Museum of Art,Q19098835,Library of the World's Best Literature,3,0
Q74128,Alfred Flechtheim,Q19098835,Library of the World's Best Literature,5,0
Q657415,Cleveland Museum of Art,Q19098835,Library of the World's Best Literature,3,0
Q1634926,Hugo Cassirer,Q53092134,Lilly Cassirer,5,1
Q26221176,Two Poplars in the Alpilles near Saint-Rémy,Q49870534,Madame Cézanne in a Red Dress,2,1
Q55680361,Oskar Reichel,Q49870534,Madame Cézanne in a Red Dress,5,1
Q74128,Alfred Flechtheim,Q49870534,Madame Cézanne in a Red Dress,1,1
Q160236,Metropolitan Museum of Art,Q3189169,Julie Bonaparte,4,0
Q214867,National Gallery of Art,Q22954841,,5,0
Q160236,Metropolitan Museum of Art,Q275336,"John Stuart, 1st Marquess of Bute",5,0
Q214867,National Gallery of Art,Q22954842,,5,0
Q17277888,Gottlieb Friedrich Reber,Q72961007,Margaret Silberman,4,1
Q55680361,Oskar Reichel,Q72961007,Margaret Silberman,4,1
Q74128,Alfred Flechtheim,Q90554,"Margit Thyssen-Bornemisza, Countess of Batthyány",5,1
Q1634926,Hugo Cassirer,Q99413897,Medvik,3,0
Q867510,Cypresses,Q99413897,Medvik,5,0
Q21948567,Sunflowers,Q99413897,Medvik,5,0
Q17277888,Gottlieb Friedrich Reber,Q99413897,Medvik,5,0
Q55680361,Oskar Reichel,Q99413897,Medvik,5,0
Q74128,Alfred Flechtheim,Q99413897,Medvik,5,0
Q21948567,Sunflowers,Q11774156,memoirist,5,0
Q160236,Metropolitan Museum of Art,Q11774156,memoirist,4,0
Q160236,Metropolitan Museum of Art,Q95948198,Meyers Conversations-Lexicon,5,0
Q214867,National Gallery of Art,Q95948198,Meyers Conversations-Lexicon,5,0
Q214867,National Gallery of Art,Q19219752,"Meyers Konversations-Lexikon, 4th edition (1885–1890)",4,0
Q160236,Metropolitan Museum of Art,Q17010072,militant,5,0
Q17277888,Gottlieb Friedrich Reber,Q47064,military personnel,4,0
Q17277888,Gottlieb Friedrich Reber,Q219477,missionary,4,0
Q1634926,Hugo Cassirer,Q4610556,model,5,0
Q214867,National Gallery of Art,Q116,monarch,5,0
Q867510,Cypresses,Q49246672,Mount of Sainte-Victoire,4,1
Q104530765,Hugo Nathan,Q49246672,Mount of Sainte-Victoire,5,1
Q867510,Cypresses,Q12954454,Nathan Wildenstein,4,1
Q104530765,Hugo Nathan,Q12954454,Nathan Wildenstein,3,1
Q26221201,Two Diggers among Trees,Q12954454,Nathan Wildenstein,4,1
Q17277888,Gottlieb Friedrich Reber,Q1066835,New York World,5,0
Q867510,Cypresses,Q28837176,Heilbrunn Timeline of Art History,1,0
Q1634926,Hugo Cassirer,Q94763749,Hedwig Fischer,4,1
Q1634926,Hugo Cassirer,Q21171699,Hedwig Cassirer,4,1
Q17277888,Gottlieb Friedrich Reber,Q22083543,,4,0
Q17277888,Gottlieb Friedrich Reber,Q110952532,,4,0
Q17277888,Gottlieb Friedrich Reber,Q58366813,1877 State Calendar of Sweden,5,0
Q17277888,Gottlieb Friedrich Reber,Q21600495,,5,0
Q214867,National Gallery of Art,Q5460604,Wikipedia:List of articles all languages should have,5,0
Q160236,Metropolitan Museum of Art,Q327240,Norton Simon,5,1
Q214867,National Gallery of Art,Q3345156,Nouvelle Biographie Générale,5,0
Q160236,Metropolitan Museum of Art,Q191808,nun,4,0
Q160236,Metropolitan Museum of Art,Q3346473,Nureyev,5,0
Q160236,Metropolitan Museum of Art,Q27979252,Nymph and Hunter,5,0
Q1634926,Hugo Cassirer,Q67311526,Obalky knih.cz,3,0
Q867510,Cypresses,Q67311526,Obalky knih.cz,4,0
Q104530765,Hugo Nathan,Q67311526,Obalky knih.cz,5,0
Q21948567,Sunflowers,Q67311526,Obalky knih.cz,5,0
Q26221176,Two Poplars in the Alpilles near Saint-Rémy,Q67311526,Obalky knih.cz,4,0
Q17277888,Gottlieb Friedrich Reber,Q67311526,Obalky knih.cz,2,0
Q29441758,Margarete Mauthner,Q67311526,Obalky knih.cz,3,0
Q324935,Ferenc Hatvany,Q67311526,Obalky knih.cz,3,0
Q55680361,Oskar Reichel,Q67311526,Obalky knih.cz,5,0
Q160236,Metropolitan Museum of Art,Q67311526,Obalky knih.cz,3,0
Q214867,National Gallery of Art,Q67311526,Obalky knih.cz,3,0
Q74128,Alfred Flechtheim,Q67311526,Obalky knih.cz,3,0
Q160236,Metropolitan Museum of Art,Q1225716,ornithologist,4,0
Q17277888,Gottlieb Friedrich Reber,Q19754058,Otto Kallir,4,1
Q55680361,Oskar Reichel,Q19754058,Otto Kallir,2,1
Q74128,Alfred Flechtheim,Q19754058,Otto Kallir,4,1
Q21948567,Sunflowers,Q2041543,Ottův slovník naučný,5,0
Q1634926,Hugo Cassirer,Q17378135,Great Soviet Encyclopedia (1969–1978),5,0
Q21948567,Sunflowers,Q17378135,Great Soviet Encyclopedia (1969–1978),5,0
Q17277888,Gottlieb Friedrich Reber,Q17378135,Great Soviet Encyclopedia (1969–1978),2,0
Q55680361,Oskar Reichel,Q17378135,Great Soviet Encyclopedia (1969–1978),5,0
Q11770767,Still life with coffee pot  dishes and fruit,Q17378135,Great Soviet Encyclopedia (1969–1978),2,0
Q74128,Alfred Flechtheim,Q17378135,Great Soviet Encyclopedia (1969–1978),5,0
Q867510,Cypresses,Q20078554,Great Soviet Encyclopedia (1926–1947),4,0
Q17277888,Gottlieb Friedrich Reber,Q20078554,Great Soviet Encyclopedia (1926–1947),5,0
Q55680361,Oskar Reichel,Q20078554,Great Soviet Encyclopedia (1926–1947),5,0
Q657415,Cleveland Museum of Art,Q20078554,Great Soviet Encyclopedia (1926–1947),3,0
Q26221176,Two Poplars in the Alpilles near Saint-Rémy,Q2041543,Ottův slovník naučný,5,0
Q17277888,Gottlieb Friedrich Reber,Q2041543,Ottův slovník naučný,4,0
Q1634926,Hugo Cassirer,Q4532138,Granat Encyclopedic Dictionary,5,0
Q17277888,Gottlieb Friedrich Reber,Q4532138,Granat Encyclopedic Dictionary,4,0
Q11770767,Still life with coffee pot  dishes and fruit,Q4532138,Granat Encyclopedic Dictionary,2,0
Q160236,Metropolitan Museum of Art,Q4532138,Granat Encyclopedic Dictionary,3,0
Q1201549,Detroit Institute of Arts,Q4532138,Granat Encyclopedic Dictionary,3,0
Q214867,National Gallery of Art,Q4532138,Granat Encyclopedic Dictionary,4,0
Q74128,Alfred Flechtheim,Q4532138,Granat Encyclopedic Dictionary,4,0
Q11770767,Still life with coffee pot  dishes and fruit,Q2041543,Ottův slovník naučný,5,0
Q1634926,Hugo Cassirer,Q104520680,Göring's man in Paris : the story of a Nazi art plunderer and his world,5,1
Q160236,Metropolitan Museum of Art,Q104520680,Göring's man in Paris : the story of a Nazi art plunderer and his world,5,1
Q160236,Metropolitan Museum of Art,Q1528420,Giuseppe Maria Buonaparte,4,0
Q160236,Metropolitan Museum of Art,Q2041543,Ottův slovník naučný,3,0
Q3783572,Harvard Art Museums,Q2041543,Ottův slovník naučný,2,0
Q26221184,Olive Picking,Q2041543,Ottův slovník naučný,4,0
Q214867,National Gallery of Art,Q2041543,Ottův slovník naučný,5,0
Q74128,Alfred Flechtheim,Q2041543,Ottův slovník naučný,5,0
Q160236,Metropolitan Museum of Art,Q178513,Paris Bourse,5,0
Q17277888,Gottlieb Friedrich Reber,Q152002,pastor,4,0
Q104530765,Hugo Nathan,Q47310686,Paul Cailleux,5,1
Q1634926,Hugo Cassirer,Q1138524,Paulys Realenzyklopädie der klassischen Altertumswissenschaft,5,0
Q160236,Metropolitan Museum of Art,Q1138524,Paulys Realenzyklopädie der klassischen Altertumswissenschaft,4,0
Q26221176,Two Poplars in the Alpilles near Saint-Rémy,Q5488972,Frank Perls,5,1
Q74128,Alfred Flechtheim,Q5488972,Frank Perls,4,1
Q1634926,Hugo Cassirer,Q19906011,Peasant Woman Cooking by a Fireplace,5,1
Q160236,Metropolitan Museum of Art,Q105186,pharmacist,5,0
Q26221184,Olive Picking,Q12362622,philanthropist,4,0
Q26221176,Two Poplars in the Alpilles near Saint-Rémy,Q4964182,philosopher,5,0
Q74128,Alfred Flechtheim,Q4964182,philosopher,4,0
Q214867,National Gallery of Art,Q33231,photographer,5,0
Q20178788,Still Life with Apples,Q4808368,Femme nue couchée,2,1
Q867510,Cypresses,Q49757,poet,3,0
Q104530765,Hugo Nathan,Q49757,poet,5,0
Q1634926,Hugo Cassirer,Q1970746,Explanatory Dictionary of the Living Great Russian Language,5,0
Q867510,Cypresses,Q1970746,Explanatory Dictionary of the Living Great Russian Language,4,0
Q324935,Ferenc Hatvany,Q1970746,Explanatory Dictionary of the Living Great Russian Language,4,0
Q74128,Alfred Flechtheim,Q1970746,Explanatory Dictionary of the Living Great Russian Language,4,0
Q11770767,Still life with coffee pot  dishes and fruit,Q49757,poet,2,0
Q214867,National Gallery of Art,Q49757,poet,3,0
Q1634926,Hugo Cassirer,Q3059832,Eugène Druet,4,1
Q74128,Alfred Flechtheim,Q49757,poet,5,0
Q657415,Cleveland Museum of Art,Q49757,poet,3,0
Q5147536,Josef Feinhals,Q82955,politician,5,0
Q3783572,Harvard Art Museums,Q48968006,encyclopedia.com,5,0
Q160236,Metropolitan Museum of Art,Q21032589,Encyclopedia of Modern Christian Politics (2006 ed.),5,0
Q1634926,Hugo Cassirer,Q867541,Encyclopædia Britannica 11th edition,5,0
Q214867,National Gallery of Art,Q867541,Encyclopædia Britannica 11th edition,5,0
Q74128,Alfred Flechtheim,Q867541,Encyclopædia Britannica 11th edition,5,0
Q657415,Cleveland Museum of Art,Q867541,Encyclopædia Britannica 11th edition,3,0
Q160236,Metropolitan Museum of Art,Q455,Encyclopædia Britannica,4,0
Q74128,Alfred Flechtheim,Q455,Encyclopædia Britannica,5,0
Q160236,Metropolitan Museum of Art,Q42603,priest,4,0
Q160236,Metropolitan Museum of Art,Q42857,prophet,4,0
Q74128,Alfred Flechtheim,Q42857,prophet,5,0
Q160236,Metropolitan Museum of Art,Q3411287,pyramid of bois de Vincennes,5,0
Q657415,Cleveland Museum of Art,Q98959841,Reclaimed. Paintings from the Collection of Jacques Goudstikker,3,1
Q17277888,Gottlieb Friedrich Reber,Q1397808,resistance fighter,4,0
Q867510,Cypresses,Q27096203,Saint John the Baptist,4,1
Q104530765,Hugo Nathan,Q27096203,Saint John the Baptist,5,1
Q26221176,Two Poplars in the Alpilles near Saint-Rémy,Q27096203,Saint John the Baptist,2,1
Q74128,Alfred Flechtheim,Q27096203,Saint John the Baptist,3,1
Q160236,Metropolitan Museum of Art,Q2251335,schoolteacher,4,0
Q1634926,Hugo Cassirer,Q177220,singer,5,0
Q160236,Metropolitan Museum of Art,Q177220,singer,3,0
Q657415,Cleveland Museum of Art,Q512314,socialite,5,0
Q26221176,Two Poplars in the Alpilles near Saint-Rémy,Q67138112,Dolly Perls,4,1
Q74128,Alfred Flechtheim,Q67138112,Dolly Perls,3,1
Q160236,Metropolitan Museum of Art,Q1210353,Dictionnaire Infernal,5,0
Q160236,Metropolitan Museum of Art,Q105802405,Dictionary of Women Worldwide,4,0
Q17277888,Gottlieb Friedrich Reber,Q379406,Dictionary of Swedish National Biography,3,0
Q160236,Metropolitan Museum of Art,Q379406,Dictionary of Swedish National Biography,5,0
Q214867,National Gallery of Art,Q379406,Dictionary of Swedish National Biography,5,0
Q160236,Metropolitan Museum of Art,Q16014697,"Dictionary of National Biography, second supplement",4,0
Q74128,Alfred Flechtheim,Q16014697,"Dictionary of National Biography, second supplement",5,0
Q160236,Metropolitan Museum of Art,Q16014700,"Dictionary of National Biography, first supplement",4,0
Q160236,Metropolitan Museum of Art,Q15987216,"Dictionary of National Biography, 1885–1900",3,0
Q1634926,Hugo Cassirer,Q46002746,Dictionary of African Biography,3,0
Q160236,Metropolitan Museum of Art,Q63284758,Desktop Encyclopedic Dictionary,3,0
Q55680361,Oskar Reichel,Q4991371,soldier,5,0
Q3783572,Harvard Art Museums,Q7557389,Soldiers Field Soccer Stadium,2,0
Q1634926,Hugo Cassirer,Q19905413,Spring Flowers,5,0
Q26221201,Two Diggers among Trees,Q50807788,Spring Flowers,4,0
Q214867,National Gallery of Art,Q19905413,Spring Flowers,5,0
Q160236,Metropolitan Museum of Art,Q3451370,Square in Argenteuil,5,0
Q214867,National Gallery of Art,Q3451370,Square in Argenteuil,5,0
Q17277888,Gottlieb Friedrich Reber,Q2259451,stage actor,3,0
Q55680361,Oskar Reichel,Q372436,statesperson,5,0
Q74128,Alfred Flechtheim,Q372436,statesperson,5,0
Q160236,Metropolitan Museum of Art,Q3873319,Still life,5,0
Q214867,National Gallery of Art,Q3873319,Still life,5,0
Q324935,Ferenc Hatvany,Q20178788,Still Life with Apples,1,1
Q160236,Metropolitan Museum of Art,Q4239850,Concise Literary Encyclopedia,5,0
Q1634926,Hugo Cassirer,Q78662681,Composition of Red and White: Nom 1/Composition No....,3,1
Q55680361,Oskar Reichel,Q24022779,Still Life: Potatoes in a Yellow Dish,5,1
Q11770767,Still life with coffee pot  dishes and fruit,Q28146931,Street in Saintes-Maries,2,1
Q1634926,Hugo Cassirer,Q73357989,Survey of GLAM open access policy and practice,5,0
Q867510,Cypresses,Q73357989,Survey of GLAM open access policy and practice,4,0
Q303139,Belvedere,Q73357989,Survey of GLAM open access policy and practice,1,0
Q104530765,Hugo Nathan,Q73357989,Survey of GLAM open access policy and practice,5,0
Q262234,Lenbachhaus,Q73357989,Survey of GLAM open access policy and practice,1,0
Q26221176,Two Poplars in the Alpilles near Saint-Rémy,Q73357989,Survey of GLAM open access policy and practice,2,0
Q17277888,Gottlieb Friedrich Reber,Q73357989,Survey of GLAM open access policy and practice,4,0
Q55680361,Oskar Reichel,Q73357989,Survey of GLAM open access policy and practice,5,0
Q214867,National Gallery of Art,Q73357989,Survey of GLAM open access policy and practice,1,0
Q74128,Alfred Flechtheim,Q73357989,Survey of GLAM open access policy and practice,3,0
Q657415,Cleveland Museum of Art,Q73357989,Survey of GLAM open access policy and practice,1,0
Q104530765,Hugo Nathan,Q1766280,Svensk uppslagsbok,5,0
Q160236,Metropolitan Museum of Art,Q1766280,Svensk uppslagsbok,4,0
Q104530765,Hugo Nathan,Q250867,Catholic priest,5,0
Q214867,National Gallery of Art,Q302556,Catholic Encyclopedia,5,0
Q74128,Alfred Flechtheim,Q302556,Catholic Encyclopedia,5,0
Q657415,Cleveland Museum of Art,Q302556,Catholic Encyclopedia,3,0
Q104530765,Hugo Nathan,Q25393460,Catholic deacon,5,0
Q214867,National Gallery of Art,Q1766280,Svensk uppslagsbok,5,0
Q17277888,Gottlieb Friedrich Reber,Q10685690,Svenskt konstnärslexikon,4,0
Q17277888,Gottlieb Friedrich Reber,Q50395049,Svenskt kvinnobiografiskt lexikon,3,0
Q160236,Metropolitan Museum of Art,Q50395049,Svenskt kvinnobiografiskt lexikon,5,0
Q214867,National Gallery of Art,Q50395049,Svenskt kvinnobiografiskt lexikon,5,0
Q867510,Cypresses,Q1039808,Carl Montag,5,1
Q104530765,Hugo Nathan,Q1039808,Carl Montag,5,1
Q160236,Metropolitan Museum of Art,Q1039808,Carl Montag,5,1
Q867510,Cypresses,Q3658608,caricaturist,5,0
Q29441758,Margarete Mauthner,Q3658608,caricaturist,5,0
Q5147536,Josef Feinhals,Q3658608,caricaturist,2,0
Q21948567,Sunflowers,Q907660,Canon of Dutch History,5,0
Q26221176,Two Poplars in the Alpilles near Saint-Rémy,Q907660,Canon of Dutch History,5,0
Q867510,Cypresses,Q108829905,Bruno Paul : the life and work of a pragmatic modernist,5,1
Q5147536,Josef Feinhals,Q108829905,Bruno Paul : the life and work of a pragmatic modernist,2,1
Q1634926,Hugo Cassirer,Q91618,Bruno Cassirer,4,1
Q156426,Alexej von Jawlensky,Q602358,Brockhaus and Efron Encyclopedic Dictionary,3,0
Q1634926,Hugo Cassirer,Q602358,Brockhaus and Efron Encyclopedic Dictionary,5,0
Q867510,Cypresses,Q602358,Brockhaus and Efron Encyclopedic Dictionary,4,0
Q104530765,Hugo Nathan,Q602358,Brockhaus and Efron Encyclopedic Dictionary,5,0
Q26221176,Two Poplars in the Alpilles near Saint-Rémy,Q602358,Brockhaus and Efron Encyclopedic Dictionary,5,0
Q17277888,Gottlieb Friedrich Reber,Q602358,Brockhaus and Efron Encyclopedic Dictionary,4,0
Q29441758,Margarete Mauthner,Q602358,Brockhaus and Efron Encyclopedic Dictionary,4,0
Q324935,Ferenc Hatvany,Q602358,Brockhaus and Efron Encyclopedic Dictionary,4,0
Q160236,Metropolitan Museum of Art,Q602358,Brockhaus and Efron Encyclopedic Dictionary,3,0
Q3783572,Harvard Art Museums,Q602358,Brockhaus and Efron Encyclopedic Dictionary,5,0
Q1201549,Detroit Institute of Arts,Q602358,Brockhaus and Efron Encyclopedic Dictionary,3,0
Q26221184,Olive Picking,Q602358,Brockhaus and Efron Encyclopedic Dictionary,4,0
Q214867,National Gallery of Art,Q602358,Brockhaus and Efron Encyclopedic Dictionary,3,0
Q74128,Alfred Flechtheim,Q602358,Brockhaus and Efron Encyclopedic Dictionary,4,0
Q657415,Cleveland Museum of Art,Q602358,Brockhaus and Efron Encyclopedic Dictionary,3,0
Q69860245,Mór Lipót Herzog,Q3518553,a parcel of property land,2,0
Q867510,Cypresses,Q7720110,The Brierwood Pipe,4,0
Q104530765,Hugo Nathan,Q7720110,The Brierwood Pipe,5,0
Q26221176,Two Poplars in the Alpilles near Saint-Rémy,Q7720110,The Brierwood Pipe,2,0
Q1634926,Hugo Cassirer,Q19820423,The Church in Moret after the Rain,5,0
Q160236,Metropolitan Museum of Art,Q665807,Biographisches Lexikon des Kaiserthums Oesterreich,3,0
Q214867,National Gallery of Art,Q665807,Biographisches Lexikon des Kaiserthums Oesterreich,3,0
Q214867,National Gallery of Art,Q19135478,,5,0
Q1634926,Hugo Cassirer,Q98281053,biografiA: Lexikon österreichischer Frauen,4,0
Q17277888,Gottlieb Friedrich Reber,Q98281053,biografiA: Lexikon österreichischer Frauen,5,0
Q657415,Cleveland Museum of Art,Q98281053,biografiA: Lexikon österreichischer Frauen,5,0
Q29441758,Margarete Mauthner,Q58488719,Billy Ireland Cartoon Library & Museum biographical files,5,1
Q160236,Metropolitan Museum of Art,Q3639582,Biblioteca Europea di Informazione e Cultura,4,0
Q1634926,Hugo Cassirer,Q4086271,Bible Encyclopedia of Archimandrite Nicephorus,5,0
Q160236,Metropolitan Museum of Art,Q4086271,Bible Encyclopedia of Archimandrite Nicephorus,3,0
Q74128,Alfred Flechtheim,Q4086271,Bible Encyclopedia of Archimandrite Nicephorus,4,0
Q160236,Metropolitan Museum of Art,Q7044697,"Betty de Rothschild, Baronne James de Rothschild",5,1
Q867510,Cypresses,Q45320214,Beteiligte Privatpersonen und Körperschaften am NS-Kulturgutraub,5,1
Q17277888,Gottlieb Friedrich Reber,Q45320214,Beteiligte Privatpersonen und Körperschaften am NS-Kulturgutraub,2,1
Q26221176,Two Poplars in the Alpilles near Saint-Rémy,Q94764626,Bertha Flechtheim,2,1
Q55680361,Oskar Reichel,Q94764626,Bertha Flechtheim,5,1
Q26221197,Two Peasant Women Digging in Field with Snow,Q94839745,Bernhard Koehler,1,1
Q160236,Metropolitan Museum of Art,Q1524643,Belleville funicular tramway,5,0
Q26221197,Two Peasant Women Digging in Field with Snow,Q52086999,The Little Yellow Horses (Die kleinen gelben Pferde),2,1
Q17277888,Gottlieb Friedrich Reber,Q20267585,The Rape of Europa,5,0
Q160236,Metropolitan Museum of Art,Q18891157,The Scream,5,1
Q160236,Metropolitan Museum of Art,Q117474,Arthur Stoll,4,1
Q160236,Metropolitan Museum of Art,Q4799609,Arthur M. Sackler,5,1
Q214867,National Gallery of Art,Q17391638,art theorist,5,0
Q1634926,Hugo Cassirer,Q1630100,art model,5,0
Q160236,Metropolitan Museum of Art,Q1630100,art model,4,0
Q867510,Cypresses,Q30335959,Art Looting Investigation Unit,4,1
Q1634926,Hugo Cassirer,Q326503,The Sleepers,5,1
Q160236,Metropolitan Museum of Art,Q220859,Arnolfini Portrait,5,0
Q1634926,Hugo Cassirer,Q28790437,Armor of Emperor Ferdinand I,5,0
Q160236,Metropolitan Museum of Art,Q28790437,Armor of Emperor Ferdinand I,1,0
Q214867,National Gallery of Art,Q28790437,Armor of Emperor Ferdinand I,5,0
Q1634926,Hugo Cassirer,Q2657718,Armenian Soviet Encyclopedia,4,0
Q26221176,Two Poplars in the Alpilles near Saint-Rémy,Q2657718,Armenian Soviet Encyclopedia,3,0
Q74128,Alfred Flechtheim,Q2657718,Armenian Soviet Encyclopedia,2,0
Q160236,Metropolitan Museum of Art,Q2478141,aristocrat,3,0
Q17277888,Gottlieb Friedrich Reber,Q42973,architect,4,0
Q5147536,Josef Feinhals,Q42973,architect,2,0
Q1634926,Hugo Cassirer,Q39013,The Woman in the Waves,5,0
Q160236,Metropolitan Museum of Art,Q79077,Archduchess Eleanor of Austria,5,0
Q160236,Metropolitan Museum of Art,Q64436,Arc de Triomphe,5,0
Q17277888,Gottlieb Friedrich Reber,Q12912667,Appletons' Cyclopædia of American Biography,5,0
Q160236,Metropolitan Museum of Art,Q12912667,Appletons' Cyclopædia of American Biography,3,0
Q214867,National Gallery of Art,Q39013,The Woman in the Waves,5,0
Q74128,Alfred Flechtheim,Q106787730,American Women Writers,5,0
Q657415,Cleveland Museum of Art,Q106787730,American Women Writers,3,0
Q160236,Metropolitan Museum of Art,Q15709188,View of Volterra,5,0
Q160236,Metropolitan Museum of Art,Q15709185,View of Volterra,5,0
Q214867,National Gallery of Art,Q15709188,View of Volterra,5,0
Q214867,National Gallery of Art,Q15709185,View of Volterra,5,0
Q867510,Cypresses,Q2837972,Allez France,5,0
Q160236,Metropolitan Museum of Art,Q2837972,Allez France,4,0
Q26221201,Two Diggers among Trees,Q2837972,Allez France,5,0
Q1634926,Hugo Cassirer,Q42601013,ALIU Detailed Interrogation Report (DIR) No. 6 Bruno Lohse August 1945,5,1
Q160236,Metropolitan Museum of Art,Q42601013,ALIU Detailed Interrogation Report (DIR) No. 6 Bruno Lohse August 1945,5,1
Q1634926,Hugo Cassirer,Q107177051,Walter Feilchenfeldt Jr.,5,1
Q29441758,Margarete Mauthner,Q26221149,Wheat Field with Sheaves,1,1
Q160236,Metropolitan Museum of Art,Q19794158,WikiProject Open Access,3,0
Q1201549,Detroit Institute of Arts,Q19794158,WikiProject Open Access,3,0
Q1634926,Hugo Cassirer,Q105757729,WikiProject PCC Wikidata Pilot — Smithsonian Libraries — Artists Files,5,0
Q21948567,Sunflowers,Q104694359,WikiProject PCC Wikidata Pilot/Frick Art Reference Library,5,0
Q17277888,Gottlieb Friedrich Reber,Q104694359,WikiProject PCC Wikidata Pilot/Frick Art Reference Library,2,0
Q29441758,Margarete Mauthner,Q104694359,WikiProject PCC Wikidata Pilot/Frick Art Reference Library,5,0
Q26221184,Olive Picking,Q104694359,WikiProject PCC Wikidata Pilot/Frick Art Reference Library,3,0
Q160236,Metropolitan Museum of Art,Q537720,Accor Arena,5,0
Q26221201,Two Diggers among Trees,Q104694359,WikiProject PCC Wikidata Pilot/Frick Art Reference Library,4,0
Q214867,National Gallery of Art,Q104694359,WikiProject PCC Wikidata Pilot/Frick Art Reference Library,3,0
Q74128,Alfred Flechtheim,Q104694359,WikiProject PCC Wikidata Pilot/Frick Art Reference Library,3,0
Q160236,Metropolitan Museum of Art,Q98970039,WikiProject PCC Wikidata Pilot/University of Washington,4,0
Q17277888,Gottlieb Friedrich Reber,Q20080422,Woman with a glass of wine and a child in a garden,2,1
Q1634926,Hugo Cassirer,Q113262,Young man in Mayo costume,5,0
Q214867,National Gallery of Art,Q113262,Young man in Mayo costume,5,0
Q160236,Metropolitan Museum of Art,Q26772533,Young Woman in blue Gown with Feather,5,0
Q104530765,Hugo Nathan,Q66362718,1001 Paintings You Must See Before You Die,4,0
Q21948567,Sunflowers,Q66362718,1001 Paintings You Must See Before You Die,1,0
Q26221201,Two Diggers among Trees,Q66362718,1001 Paintings You Must See Before You Die,5,0
Q74128,Alfred Flechtheim,Q66362718,1001 Paintings You Must See Before You Die,4,0
Q657415,Cleveland Museum of Art,Q139464,Zachary,3,0
Q1634926,Hugo Cassirer,Q56816048,Zur Übernahme des Auktionshauses Paul Graupe durch Hans W. Lange,5,1
Q104530765,Hugo Nathan,Q107750647,Zürcher Kunstgesellschaft,5,1
Q160236,Metropolitan Museum of Art,Q107750647,Zürcher Kunstgesellschaft,5,1
Q160236,Metropolitan Museum of Art,Q56816048,Zur Übernahme des Auktionshauses Paul Graupe durch Hans W. Lange,5,1
Q160236,Metropolitan Museum of Art,Q350979,zoologist,4,0
Q156426,Alexej von Jawlensky,Q4091878,Yuzhakov Big Encyclopedia,5,0
Q867510,Cypresses,Q4091878,Yuzhakov Big Encyclopedia,4,0
Q324935,Ferenc Hatvany,Q4091878,Yuzhakov Big Encyclopedia,4,0
Q160236,Metropolitan Museum of Art,Q4091878,Yuzhakov Big Encyclopedia,4,0
Q74128,Alfred Flechtheim,Q21711845,Young Woman with a lighted Candle at a Window,5,1
Q160236,Metropolitan Museum of Art,Q26718316,Young Woman in Green Dress,5,0
Q160236,Metropolitan Museum of Art,Q113262,Young man in Mayo costume,1,0
Q17277888,Gottlieb Friedrich Reber,Q1568434,Yale University Art Gallery,4,1
Q55680361,Oskar Reichel,Q1568434,Yale University Art Gallery,4,1
Q160236,Metropolitan Museum of Art,Q1568434,Yale University Art Gallery,5,1
Q74128,Alfred Flechtheim,Q1568434,Yale University Art Gallery,4,1
Q160236,Metropolitan Museum of Art,Q1437754,xylographer,5,0
Q160236,Metropolitan Museum of Art,Q926842,Xiuhcoatl,2,0
Q26221176,Two Poplars in the Alpilles near Saint-Rémy,Q36180,writer,2,0
Q160236,Metropolitan Museum of Art,Q36180,writer,3,0
Q214867,National Gallery of Art,Q36180,writer,4,0
Q74128,Alfred Flechtheim,Q36180,writer,3,0
Q657415,Cleveland Museum of Art,Q36180,writer,3,0
Q21948567,Sunflowers,Q28692502,women's rights activist,5,0
Q26221176,Two Poplars in the Alpilles near Saint-Rémy,Q28692502,women's rights activist,5,0
Q160236,Metropolitan Museum of Art,Q28692502,women's rights activist,3,0
Q160236,Metropolitan Museum of Art,Q19913634,Woman with a Towel,3,0
Q1634926,Hugo Cassirer,Q8030760,Woman with a Parrot,5,0
Q160236,Metropolitan Museum of Art,Q8030760,Woman with a Parrot,1,0
Q214867,National Gallery of Art,Q8030760,Woman with a Parrot,5,0
Q1634926,Hugo Cassirer,Q20080422,Woman with a glass of wine and a child in a garden,5,1
Q160236,Metropolitan Museum of Art,Q20080422,Woman with a glass of wine and a child in a garden,5,1
Q214867,National Gallery of Art,Q20080422,Woman with a glass of wine and a child in a garden,4,1
Q867510,Cypresses,Q20539215,Woman Sewing before a Garden Window,4,1
Q104530765,Hugo Nathan,Q20539215,Woman Sewing before a Garden Window,3,1
Q29441758,Margarete Mauthner,Q20539215,Woman Sewing before a Garden Window,5,1
Q160236,Metropolitan Museum of Art,Q20539215,Woman Sewing before a Garden Window,3,1
Q26221201,Two Diggers among Trees,Q20539215,Woman Sewing before a Garden Window,4,1
Q867510,Cypresses,Q60469188,Woman Reading,4,1
Q104530765,Hugo Nathan,Q60469188,Woman Reading,3,1
Q29441758,Margarete Mauthner,Q60469188,Woman Reading,5,1
Q160236,Metropolitan Museum of Art,Q60469188,Woman Reading,3,1
Q26221201,Two Diggers among Trees,Q60469188,Woman Reading,4,1
Q1634926,Hugo Cassirer,Q22965268,Woman Playing a Guitar,5,1
Q160236,Metropolitan Museum of Art,Q22965268,Woman Playing a Guitar,3,1
Q214867,National Gallery of Art,Q22965268,Woman Playing a Guitar,5,1
Q160236,Metropolitan Museum of Art,Q19913374,Woman on a Sofa,3,1
Q160236,Metropolitan Museum of Art,Q19905240,Woman in a Riding Habit (L'Amazone),3,1
Q160236,Metropolitan Museum of Art,Q19912688,Woman Having Her Hair Combed,3,1
Q160236,Metropolitan Museum of Art,Q19913641,Woman Drying Her Foot,3,1
Q160236,Metropolitan Museum of Art,Q19913763,Woman Drying Her Arm,3,1
Q160236,Metropolitan Museum of Art,Q19912683,Woman Bathing in a Shallow Tub,3,1
Q160236,Metropolitan Museum of Art,Q6126670,Woman and a maid with a pail of fish in a courtyard,5,1
Q160236,Metropolitan Museum of Art,Q467,woman,4,0
Q160236,Metropolitan Museum of Art,Q61214,"Wolfgang William, Count Palatine of Neuburg",2,0
Q160236,Metropolitan Museum of Art,Q75770,Count Palatine Wolfgang George Frederick of Neuburg,3,0
Q160236,Metropolitan Museum of Art,Q63775,"Wolfgang, Count Palatine of Zweibrücken",3,0
Q867510,Cypresses,Q104918094,Wolf Dietrich Freiherr von Amstetter-Zwerbach und Grabeneck,5,0
Q160236,Metropolitan Museum of Art,Q100740509,Wodehouse family,2,0
Q160236,Metropolitan Museum of Art,Q54054,Władysław IV Vasa,5,0
Q160236,Metropolitan Museum of Art,Q8026087,Winston Frederick Churchill Guest,5,0
Q160236,Metropolitan Museum of Art,Q8016,Winston Churchill,4,0
Q104530765,Hugo Nathan,Q20735394,Wineglass and a Bowl of Fruit,5,1
Q160236,Metropolitan Museum of Art,Q20735394,Wineglass and a Bowl of Fruit,5,1
Q160236,Metropolitan Museum of Art,Q16197448,William Williams-Hope,2,0
Q160236,Metropolitan Museum of Art,Q1274863,William Burrell,5,1
Q867510,Cypresses,Q61294807,William Buchanan,5,0
Q104530765,Hugo Nathan,Q61294807,William Buchanan,4,0
Q160236,Metropolitan Museum of Art,Q61294807,William Buchanan,4,0
Q26221201,Two Diggers among Trees,Q61294807,William Buchanan,5,0
Q160236,Metropolitan Museum of Art,Q3049525,William Bonaparte-Wyse,4,0
Q1634926,Hugo Cassirer,Q40457263,William A. M. Burden,2,1
Q74128,Alfred Flechtheim,Q19754135,Willem Steenhoff,2,1
Q214867,National Gallery of Art,Q18325075,Wilhelm von Gutmann,4,0
Q26221176,Two Poplars in the Alpilles near Saint-Rémy,Q69574,Wilhelm Uhde,3,1
Q74128,Alfred Flechtheim,Q69574,Wilhelm Uhde,2,1
Q160236,Metropolitan Museum of Art,Q150652,Wilhelm I of Germany,5,0
Q657415,Cleveland Museum of Art,Q76371779,Wilfred Alexander von Thyssen-Bornemisza,5,1
Q867510,Cypresses,Q3568152,Wildenstein Institute,5,1
Q104530765,Hugo Nathan,Q3568152,Wildenstein Institute,4,1
Q160236,Metropolitan Museum of Art,Q3568152,Wildenstein Institute,4,1
Q26221201,Two Diggers among Trees,Q3568152,Wildenstein Institute,5,1
Q1634926,Hugo Cassirer,Q10288082,Wildenstein & Company,5,1
Q867510,Cypresses,Q10288082,Wildenstein & Company,3,1
Q104530765,Hugo Nathan,Q10288082,Wildenstein & Company,2,1
Q29441758,Margarete Mauthner,Q10288082,Wildenstein & Company,4,1
Q160236,Metropolitan Museum of Art,Q10288082,Wildenstein & Company,2,1
Q26221201,Two Diggers among Trees,Q10288082,Wildenstein & Company,3,1
Q55680361,Oskar Reichel,Q28002707,Wildbad Gastein in the evening (with Bengal lights),1,1
Q74128,Alfred Flechtheim,Q98801351,WikiProject Provenance,1,1
Q26221176,Two Poplars in the Alpilles near Saint-Rémy,Q98970039,WikiProject PCC Wikidata Pilot/University of Washington,3,0
Q214867,National Gallery of Art,Q98970039,WikiProject PCC Wikidata Pilot/University of Washington,5,0
Q74128,Alfred Flechtheim,Q98970039,WikiProject PCC Wikidata Pilot/University of Washington,4,0
Q657415,Cleveland Museum of Art,Q98970039,WikiProject PCC Wikidata Pilot/University of Washington,4,0
Q26221176,Two Poplars in the Alpilles near Saint-Rémy,Q102024112,WikiProject PCC Wikidata Pilot/New Mexico State Library,5,0
Q74128,Alfred Flechtheim,Q102024112,WikiProject PCC Wikidata Pilot/New Mexico State Library,4,0
Q160236,Metropolitan Museum of Art,Q105936481,WikiProject PCC Wikidata Pilot/Harry Ransom Center,5,0
Q156426,Alexej von Jawlensky,Q104694359,WikiProject PCC Wikidata Pilot/Frick Art Reference Library,1,0
Q1634926,Hugo Cassirer,Q104694359,WikiProject PCC Wikidata Pilot/Frick Art Reference Library,3,0
Q867510,Cypresses,Q104694359,WikiProject PCC Wikidata Pilot/Frick Art Reference Library,2,0
Q104530765,Hugo Nathan,Q104694359,WikiProject PCC Wikidata Pilot/Frick Art Reference Library,3,0
Q26221176,Two Poplars in the Alpilles near Saint-Rémy,Q104694359,WikiProject PCC Wikidata Pilot/Frick Art Reference Library,2,0
Q29441758,Margarete Mauthner,Q104694359,WikiProject PCC Wikidata Pilot/Frick Art Reference Library,5,0
Q55680361,Oskar Reichel,Q104694359,WikiProject PCC Wikidata Pilot/Frick Art Reference Library,3,0
Q160236,Metropolitan Museum of Art,Q104694359,WikiProject PCC Wikidata Pilot/Frick Art Reference Library,3,0
Q17277888,Gottlieb Friedrich Reber,Q105757729,WikiProject PCC Wikidata Pilot — Smithsonian Libraries — Artists Files,5,0
Q55680361,Oskar Reichel,Q105757729,WikiProject PCC Wikidata Pilot — Smithsonian Libraries — Artists Files,5,0
Q160236,Metropolitan Museum of Art,Q105757729,WikiProject PCC Wikidata Pilot — Smithsonian Libraries — Artists Files,3,0
Q214867,National Gallery of Art,Q105757729,WikiProject PCC Wikidata Pilot — Smithsonian Libraries — Artists Files,5,0
Q74128,Alfred Flechtheim,Q105757729,WikiProject PCC Wikidata Pilot — Smithsonian Libraries — Artists Files,5,0
Q1634926,Hugo Cassirer,Q100137722,Wikiproject Nuremberg Trials,5,1
Q17277888,Gottlieb Friedrich Reber,Q100137722,Wikiproject Nuremberg Trials,2,1
Q160236,Metropolitan Museum of Art,Q100137722,Wikiproject Nuremberg Trials,5,1
Q214867,National Gallery of Art,Q100137722,Wikiproject Nuremberg Trials,4,1
Q74128,Alfred Flechtheim,Q100137722,Wikiproject Nuremberg Trials,5,1
Q160236,Metropolitan Museum of Art,Q15092984,WikiProject about LGBT-related content,5,0
Q26221176,Two Poplars in the Alpilles near Saint-Rémy,Q13382529,WikiProject about human rights,3,0
Q17277888,Gottlieb Friedrich Reber,Q13382529,WikiProject about human rights,4,0
Q21948567,Sunflowers,Q110249806,WikiProject Craft,5,0
Q26221176,Two Poplars in the Alpilles near Saint-Rémy,Q110249806,WikiProject Craft,5,0
Q160236,Metropolitan Museum of Art,Q110249806,WikiProject Craft,3,0
Q74128,Alfred Flechtheim,Q110249806,WikiProject Craft,4,0
Q1201549,Detroit Institute of Arts,Q87748614,WikiProject COVID-19,3,0
Q160236,Metropolitan Museum of Art,Q109691972,WikiProject Applied arts/Drinking vessels,2,0
Q160236,Metropolitan Museum of Art,Q99484628,"WikiProject Alba amicorum of the KB, national library of the Netherlands",3,0
Q160236,Metropolitan Museum of Art,Q106447762,"Wikidata:Gruppo Wikidata per Musei, Archivi e Biblioteche/Riviste italiane di biblioteconomia",4,0
Q160236,Metropolitan Museum of Art,Q97285685,Wiki99/LGBT+,5,0
Q17277888,Gottlieb Friedrich Reber,Q96971115,Whereabouts of paintings 1933,4,1
Q55680361,Oskar Reichel,Q96971115,Whereabouts of paintings 1933,4,1
Q74128,Alfred Flechtheim,Q96971115,Whereabouts of paintings 1933,4,1
Q1634926,Hugo Cassirer,Q26221228,Wheat Fields after the Rain,5,1
Q867510,Cypresses,Q26221228,Wheat Fields after the Rain,5,1
Q160236,Metropolitan Museum of Art,Q26221228,Wheat Fields after the Rain,3,1
Q867510,Cypresses,Q1798475,Westphalian State Museum of Art and Cultural History,5,1
Q160236,Metropolitan Museum of Art,Q66717484,Werner H. Kramarsky,5,1
Q160236,Metropolitan Museum of Art,Q78749849,Weislingen Captured by Götz’s Men,5,1
Q160236,Metropolitan Museum of Art,Q300849,Weilbachs Kunstnerleksikon,3,0
Q21948567,Sunflowers,Q20630408,Weaver,3,1
Q26221176,Two Poplars in the Alpilles near Saint-Rémy,Q20630408,Weaver,3,1
Q160236,Metropolitan Museum of Art,Q20630408,Weaver,5,1
Q26221176,Two Poplars in the Alpilles near Saint-Rémy,Q42882613,"Waterloo Bridge, London",2,1
Q74128,Alfred Flechtheim,Q42882613,"Waterloo Bridge, London",3,1
Q104530765,Hugo Nathan,Q17505902,watercolorist,5,0
Q1634926,Hugo Cassirer,Q11075015,war criminal,5,0
Q17277888,Gottlieb Friedrich Reber,Q11075015,war criminal,2,0
Q160236,Metropolitan Museum of Art,Q11075015,war criminal,5,0
Q214867,National Gallery of Art,Q11075015,war criminal,4,0
Q160236,Metropolitan Museum of Art,Q164236,war correspondent,4,0
Q17277888,Gottlieb Friedrich Reber,Q2546745,Walter Westfeld,4,1
Q74128,Alfred Flechtheim,Q2546745,Walter Westfeld,4,1
Q17277888,Gottlieb Friedrich Reber,Q18602666,Walter Hofer,1,1
Q160236,Metropolitan Museum of Art,Q18602666,Walter Hofer,4,1
Q214867,National Gallery of Art,Q18602666,Walter Hofer,5,1
Q867510,Cypresses,Q107177051,Walter Feilchenfeldt Jr.,4,1
Q104530765,Hugo Nathan,Q107177051,Walter Feilchenfeldt Jr.,5,1
Q160236,Metropolitan Museum of Art,Q107177051,Walter Feilchenfeldt Jr.,3,1
Q1634926,Hugo Cassirer,Q2544162,Walter Feilchenfeldt,4,1
Q867510,Cypresses,Q2544162,Walter Feilchenfeldt,4,1
Q104530765,Hugo Nathan,Q2544162,Walter Feilchenfeldt,5,1
Q17277888,Gottlieb Friedrich Reber,Q2544162,Walter Feilchenfeldt,5,1
Q160236,Metropolitan Museum of Art,Q2544162,Walter Feilchenfeldt,2,1
Q104530765,Hugo Nathan,Q7964251,Walter Bareiss,5,1
Q160236,Metropolitan Museum of Art,Q7964251,Walter Bareiss,5,1
Q160236,Metropolitan Museum of Art,Q1750541,Walter Annenberg,2,1
Q160236,Metropolitan Museum of Art,Q7963124,Wallis Annenberg,3,1
Q17277888,Gottlieb Friedrich Reber,Q19885021,Wall with Inscriptions,5,0
Q55680361,Oskar Reichel,Q19885021,Wall with Inscriptions,5,0
Q74128,Alfred Flechtheim,Q19885021,Wall with Inscriptions,5,0
Q74128,Alfred Flechtheim,Q7960534,Waiting,3,1
Q160236,Metropolitan Museum of Art,Q944225,Waddesdon Manor,5,0
Q1634926,Hugo Cassirer,Q152564,Völkischer Beobachter,5,0
Q160236,Metropolitan Museum of Art,Q152564,Völkischer Beobachter,5,0
Q156426,Alexej von Jawlensky,Q4109309,Vladimir Nikolaevich Veryovkin,2,0
Q160236,Metropolitan Museum of Art,Q28854014,Vladimir Velho,5,0
Q160236,Metropolitan Museum of Art,Q16699463,Vladimir Solomirski,3,0
Q160236,Metropolitan Museum of Art,Q16977139,Vladimir Sheremetev,5,0
Q160236,Metropolitan Museum of Art,Q700060,Vladimir Paley,5,0
Q160236,Metropolitan Museum of Art,Q76314389,Vivien Catherine Evelyn Ridley,5,0
Q104530765,Hugo Nathan,Q2528876,Vittorio Cini,5,0
Q160236,Metropolitan Museum of Art,Q2528876,Vittorio Cini,5,0
Q214867,National Gallery of Art,Q4015210,Vittoria Contini Bonacossi,3,1
Q867510,Cypresses,Q3391743,visual artist,4,0
Q104530765,Hugo Nathan,Q3391743,visual artist,5,0
Q160236,Metropolitan Museum of Art,Q3391743,visual artist,5,0
Q214867,National Gallery of Art,Q3391743,visual artist,5,0
Q160236,Metropolitan Museum of Art,Q27982855,Visitation,5,1
Q160236,Metropolitan Museum of Art,Q1259917,violinist,5,1
Q55680361,Oskar Reichel,Q7933396,Violin and Grapes,3,1
Q74128,Alfred Flechtheim,Q7933396,Violin and Grapes,1,1
Q160236,Metropolitan Museum of Art,Q75385956,Violet Spencer-Churchill,5,0
Q160236,Metropolitan Museum of Art,Q18704648,Violet Pure Pitman,4,0
Q160236,Metropolitan Museum of Art,Q18704645,Violet Ormond,4,0
Q104530765,Hugo Nathan,Q7933233,"Violet Cripps, Baroness Parmoor",5,0
Q160236,Metropolitan Museum of Art,Q7933233,"Violet Cripps, Baroness Parmoor",5,0
Q160236,Metropolitan Museum of Art,Q76328870,Violente Theresia Gräfin von Thurn und Taxis,4,0
Q160236,Metropolitan Museum of Art,Q452580,Vincenzo Gonzaga,5,0
Q21948567,Sunflowers,Q2185351,Vincent Willem van Gogh,2,0
Q26221176,Two Poplars in the Alpilles near Saint-Rémy,Q2185351,Vincent Willem van Gogh,2,0
Q160236,Metropolitan Museum of Art,Q2185351,Vincent Willem van Gogh,5,0
Q74128,Alfred Flechtheim,Q2185351,Vincent Willem van Gogh,3,0
Q21948567,Sunflowers,Q102413149,Vincent van Gogh (Uncle Cent),5,0
Q26221176,Two Poplars in the Alpilles near Saint-Rémy,Q102413149,Vincent van Gogh (Uncle Cent),5,0
Q160236,Metropolitan Museum of Art,Q102413149,Vincent van Gogh (Uncle Cent),5,0
Q21948567,Sunflowers,Q5582,Vincent van Gogh,4,1
Q21948567,Sunflowers,Q1960369,Vincent van Gogh,4,1
Q21948567,Sunflowers,Q102441871,Vincent van Gogh,5,1
Q26221176,Two Poplars in the Alpilles near Saint-Rémy,Q5582,Vincent van Gogh,4,1
Q26221176,Two Poplars in the Alpilles near Saint-Rémy,Q1960369,Vincent van Gogh,4,1
Q26221176,Two Poplars in the Alpilles near Saint-Rémy,Q102441871,Vincent van Gogh,5,1
Q160236,Metropolitan Museum of Art,Q5582,Vincent van Gogh,2,1
Q160236,Metropolitan Museum of Art,Q1960369,Vincent van Gogh,4,1
Q17277888,Gottlieb Friedrich Reber,Q19681547,"View of Pirna, from Sonnestein Castle",3,1
Q74128,Alfred Flechtheim,Q19681547,"View of Pirna, from Sonnestein Castle",3,1
Q657415,Cleveland Museum of Art,Q2567431,View of Dordrecht,4,1
Q74128,Alfred Flechtheim,Q20560074,View of Beverwijk,5,1
Q29441758,Margarete Mauthner,Q4110598,video blogger,5,0
Q55680361,Oskar Reichel,Q3557533,Victor Rabinowitz,5,0
Q160236,Metropolitan Museum of Art,Q75534054,unnamed son Pratt,5,0
Q160236,Metropolitan Museum of Art,Q75580493,unnamed son Bonaparte,3,0
Q160236,Metropolitan Museum of Art,Q75391592,unnamed daughter Romanov,3,0
Q160236,Metropolitan Museum of Art,Q75585274,unnamed daughter Bonaparte,4,0
Q160236,Metropolitan Museum of Art,Q75385520,unnamed child Romanov,4,0
Q160236,Metropolitan Museum of Art,Q76328875,unknown von der Pfalz,4,0
Q160236,Metropolitan Museum of Art,Q75883813,unknown son Petty-FitzMaurice,5,0
Q160236,Metropolitan Museum of Art,Q76099630,unknown son Grosvenor,5,0
Q160236,Metropolitan Museum of Art,Q76099629,unknown son Grosvenor,5,0
Q160236,Metropolitan Museum of Art,Q75953496,unknown daughter Grenfell,5,0
Q160236,Metropolitan Museum of Art,Q75317885,unknown daughter d'Orléans,5,0
Q160236,Metropolitan Museum of Art,Q75474000,unknown daughter d'Orléans,5,0
Q160236,Metropolitan Museum of Art,Q75295047,unknown daughter d'Orléans,5,0
Q1634926,Hugo Cassirer,Q1622272,university teacher,3,0
Q867510,Cypresses,Q1622272,university teacher,4,0
Q21948567,Sunflowers,Q1622272,university teacher,2,0
Q26221176,Two Poplars in the Alpilles near Saint-Rémy,Q1622272,university teacher,2,0
Q17277888,Gottlieb Friedrich Reber,Q1622272,university teacher,4,0
Q160236,Metropolitan Museum of Art,Q1622272,university teacher,3,0
Q5147536,Josef Feinhals,Q1622272,university teacher,2,0
Q26221184,Olive Picking,Q1622272,university teacher,3,0
Q74128,Alfred Flechtheim,Q1622272,university teacher,3,0
Q160236,Metropolitan Museum of Art,Q14213,United States Secretary of State,4,0
Q160236,Metropolitan Museum of Art,Q1145552,UbuWeb,5,0
Q160236,Metropolitan Museum of Art,Q354034,type designer,5,0
Q21948567,Sunflowers,Q20010400,"Two women and a child,  'A Mother's Care'",5,0
Q26221176,Two Poplars in the Alpilles near Saint-Rémy,Q20010400,"Two women and a child,  'A Mother's Care'",5,0
Q160236,Metropolitan Museum of Art,Q20010400,"Two women and a child,  'A Mother's Care'",5,0
Q160236,Metropolitan Museum of Art,Q17265543,Two Riders on the Beach to the left,5,1
Q74128,Alfred Flechtheim,Q26221176,Two Poplars in the Alpilles near Saint-Rémy,1,1
Q17277888,Gottlieb Friedrich Reber,Q20553562,Two Nudes (Lovers),5,1
Q55680361,Oskar Reichel,Q20553562,Two Nudes (Lovers),1,1
Q74128,Alfred Flechtheim,Q20553562,Two Nudes (Lovers),5,1
Q17277888,Gottlieb Friedrich Reber,Q19883498,Two Nudes,3,1
Q55680361,Oskar Reichel,Q19883498,Two Nudes,3,1
Q74128,Alfred Flechtheim,Q19883498,Two Nudes,3,1
Q1634926,Hugo Cassirer,Q26221201,Two Diggers among Trees,5,1
Q867510,Cypresses,Q26221201,Two Diggers among Trees,4,1
Q104530765,Hugo Nathan,Q26221201,Two Diggers among Trees,1,1
Q160236,Metropolitan Museum of Art,Q26221201,Two Diggers among Trees,5,1
Q160236,Metropolitan Museum of Art,Q19913218,Two Dancers,3,1
Q160236,Metropolitan Museum of Art,Q19914011,Two Dancers,3,1
Q160236,Metropolitan Museum of Art,Q3108260,Trois Baigneuses,3,1
Q214867,National Gallery of Art,Q3108260,Trois Baigneuses,3,1
Q1634926,Hugo Cassirer,Q27568006,Triptych: Holy Family with Saints Catherine and Barbara,5,1
Q160236,Metropolitan Museum of Art,Q27568006,Triptych: Holy Family with Saints Catherine and Barbara,5,1
Q26221176,Two Poplars in the Alpilles near Saint-Rémy,Q333634,translator,2,0
Q29441758,Margarete Mauthner,Q333634,translator,1,0
Q160236,Metropolitan Museum of Art,Q333634,translator,4,0
Q74128,Alfred Flechtheim,Q333634,translator,3,0
Q160236,Metropolitan Museum of Art,Q98755339,TP updated between September 2019 and August 2020,3,0
Q160236,Metropolitan Museum of Art,Q41213,Tower of Babel,4,0
Q160236,Metropolitan Museum of Art,Q69997425,Tower of Babel,5,0
Q160236,Metropolitan Museum of Art,Q88817706,Tout l'œuvre peint de Courbet,3,0
Q5147536,Josef Feinhals,Q2446761,Touro College Berlin,4,0
Q1634926,Hugo Cassirer,Q1321055,Tilla Durieux,3,1
Q1634926,Hugo Cassirer,Q78793,Tilla Durieux,3,1
Q21948567,Sunflowers,Q1321055,Tilla Durieux,5,1
Q21948567,Sunflowers,Q78793,Tilla Durieux,5,1
Q26221176,Two Poplars in the Alpilles near Saint-Rémy,Q1321055,Tilla Durieux,5,1
Q26221176,Two Poplars in the Alpilles near Saint-Rémy,Q78793,Tilla Durieux,5,1
Q17277888,Gottlieb Friedrich Reber,Q1321055,Tilla Durieux,4,1
Q17277888,Gottlieb Friedrich Reber,Q78793,Tilla Durieux,4,1
Q29441758,Margarete Mauthner,Q78793,Tilla Durieux,5,1
Q29441758,Margarete Mauthner,Q1321055,Tilla Durieux,5,1
Q160236,Metropolitan Museum of Art,Q1321055,Tilla Durieux,1,1
Q160236,Metropolitan Museum of Art,Q78793,Tilla Durieux,2,1
Q214867,National Gallery of Art,Q1321055,Tilla Durieux,5,1
Q657415,Cleveland Museum of Art,Q176251,Thyssen-Bornemisza Museum,2,1
Q74128,Alfred Flechtheim,Q21753940,Thyssen-Bornemisza family Collection,5,1
Q657415,Cleveland Museum of Art,Q21753940,Thyssen-Bornemisza family Collection,5,1
Q17277888,Gottlieb Friedrich Reber,Q106874309,Three Figures with Furniture-like Forms,5,1
Q55680361,Oskar Reichel,Q106874309,Three Figures with Furniture-like Forms,5,1
Q74128,Alfred Flechtheim,Q106874309,Three Figures with Furniture-like Forms,5,1
Q160236,Metropolitan Museum of Art,Q17021787,Thomas Agnew & Sons,2,1
Q160236,Metropolitan Museum of Art,Q75391596,third unnamed daughter Romanov,3,0
Q1634926,Hugo Cassirer,Q56555894,Theodore Schempp,5,1
Q867510,Cypresses,Q56555894,Theodore Schempp,3,1
Q104530765,Hugo Nathan,Q56555894,Theodore Schempp,4,1
Q21948567,Sunflowers,Q56555894,Theodore Schempp,5,1
Q26221176,Two Poplars in the Alpilles near Saint-Rémy,Q56555894,Theodore Schempp,5,1
Q17277888,Gottlieb Friedrich Reber,Q56555894,Theodore Schempp,2,1
Q160236,Metropolitan Museum of Art,Q56555894,Theodore Schempp,3,1
Q26221201,Two Diggers among Trees,Q56555894,Theodore Schempp,5,1
Q74128,Alfred Flechtheim,Q56555894,Theodore Schempp,5,1
Q104530765,Hugo Nathan,Q19429021,Theodor Fischer,5,1
Q160236,Metropolitan Museum of Art,Q19429021,Theodor Fischer,5,1
Q21948567,Sunflowers,Q317188,Theo Van Gogh,2,0
Q21948567,Sunflowers,Q2659670,Theo van Gogh,3,0
Q21948567,Sunflowers,Q205456,Theo van Gogh,4,0
Q26221176,Two Poplars in the Alpilles near Saint-Rémy,Q317188,Theo Van Gogh,2,0
Q26221176,Two Poplars in the Alpilles near Saint-Rémy,Q2659670,Theo van Gogh,3,0
Q26221176,Two Poplars in the Alpilles near Saint-Rémy,Q205456,Theo van Gogh,4,0
Q160236,Metropolitan Museum of Art,Q317188,Theo Van Gogh,4,0
Q74128,Alfred Flechtheim,Q2659670,Theo van Gogh,4,0
Q74128,Alfred Flechtheim,Q205456,Theo van Gogh,5,0
Q17277888,Gottlieb Friedrich Reber,Q3387717,theatrical director,5,0
Q74128,Alfred Flechtheim,Q11613590,theatre designer,5,0
Q11770767,Still life with coffee pot  dishes and fruit,Q103479,Thea Sternheim,2,1
Q160236,Metropolitan Museum of Art,Q39013,The Woman in the Waves,1,0
Q74128,Alfred Flechtheim,Q104585989,The Two Brothers,1,1
Q17277888,Gottlieb Friedrich Reber,Q42877939,The Swimmers,5,1
Q55680361,Oskar Reichel,Q42877939,The Swimmers,5,1
Q74128,Alfred Flechtheim,Q42877939,The Swimmers,5,1
Q160236,Metropolitan Museum of Art,Q20267585,The Rape of Europa,3,0
Q160236,Metropolitan Museum of Art,Q20268530,The Rape of Europa,3,0
Q1634926,Hugo Cassirer,Q1810348,The Quai Malaquais and the Institute,3,1
Q21948567,Sunflowers,Q1810348,The Quai Malaquais and the Institute,5,1
Q26221176,Two Poplars in the Alpilles near Saint-Rémy,Q1810348,The Quai Malaquais and the Institute,5,1
Q17277888,Gottlieb Friedrich Reber,Q1810348,The Quai Malaquais and the Institute,4,1
Q29441758,Margarete Mauthner,Q1810348,The Quai Malaquais and the Institute,5,1
Q160236,Metropolitan Museum of Art,Q1810348,The Quai Malaquais and the Institute,3,1
Q160236,Metropolitan Museum of Art,Q1976985,The Nelson-Atkins Museum of Art,4,1
Q160236,Metropolitan Museum of Art,Q29167435,The Metropolitan Museum of Art Guide (2012 edition),2,0
Q867510,Cypresses,Q55647114,The Lute Player,5,0
Q104530765,Hugo Nathan,Q55647114,The Lute Player,4,0
Q160236,Metropolitan Museum of Art,Q55647114,The Lute Player,4,0
Q26221201,Two Diggers among Trees,Q55647114,The Lute Player,5,0
Q867510,Cypresses,Q21479251,The Lock at Pontoise,4,1
Q104530765,Hugo Nathan,Q21479251,The Lock at Pontoise,3,1
Q29441758,Margarete Mauthner,Q21479251,The Lock at Pontoise,5,1
Q160236,Metropolitan Museum of Art,Q21479251,The Lock at Pontoise,3,1
Q26221201,Two Diggers among Trees,Q21479251,The Lock at Pontoise,4,1
Q1634926,Hugo Cassirer,Q776175,The Harvesters,5,0
Q160236,Metropolitan Museum of Art,Q776175,The Harvesters,1,0
Q214867,National Gallery of Art,Q776175,The Harvesters,5,0
Q160236,Metropolitan Museum of Art,Q30034332,The H. O. Havemeyer Collection,3,0
Q104530765,Hugo Nathan,Q64212048,The Glade,5,1
Q160236,Metropolitan Museum of Art,Q64212048,The Glade,5,1
Q160236,Metropolitan Museum of Art,Q19905131,The Four Trees,3,0
Q160236,Metropolitan Museum of Art,Q79896273,The Fall of Man,3,1
Q214867,National Gallery of Art,Q79896273,The Fall of Man,3,1
Q74128,Alfred Flechtheim,Q7720110,The Brierwood Pipe,3,1
Q74128,Alfred Flechtheim,Q60474736,The Aviator,1,1
Q74128,Alfred Flechtheim,Q19077875,The American Cyclopædia,5,0
Q74128,Alfred Flechtheim,Q49277733,"Thalia and Melpomene, the Muses of Comedy and Tragedy",3,1
Q74128,Alfred Flechtheim,Q1320883,talent manager,5,0
Q160236,Metropolitan Museum of Art,Q524534,Suzanne Manet,3,0
Q214867,National Gallery of Art,Q524534,Suzanne Manet,4,0
Q74128,Alfred Flechtheim,Q21948567,Sunflowers,3,1
Q74128,Alfred Flechtheim,Q24022779,Still Life: Potatoes in a Yellow Dish,1,1
Q55680361,Oskar Reichel,Q28008262,Still Life with Mutton and Hyacinth,1,0
Q1634926,Hugo Cassirer,Q28035859,Still Life with Mangoes and a Hibiscus Flower,4,1
Q867510,Cypresses,Q28035859,Still Life with Mangoes and a Hibiscus Flower,2,1
Q104530765,Hugo Nathan,Q28035859,Still Life with Mangoes and a Hibiscus Flower,3,1
Q29441758,Margarete Mauthner,Q28035859,Still Life with Mangoes and a Hibiscus Flower,5,1
Q160236,Metropolitan Museum of Art,Q28035859,Still Life with Mangoes and a Hibiscus Flower,5,1
Q26221201,Two Diggers among Trees,Q28035859,Still Life with Mangoes and a Hibiscus Flower,4,1
Q160236,Metropolitan Museum of Art,Q109870350,Spoliation reports from UK museums,5,1
Q74128,Alfred Flechtheim,Q232972,Sonia Delaunay,3,1
Q160236,Metropolitan Museum of Art,Q7560690,Son of Man in Judaism,5,0
Q160236,Metropolitan Museum of Art,Q7560691,Son of man in Christianity,5,0
Q324935,Ferenc Hatvany,Q19180675,Small Brockhaus and Efron Encyclopedic Dictionary,4,0
Q74128,Alfred Flechtheim,Q19180675,Small Brockhaus and Efron Encyclopedic Dictionary,5,0
Q3783572,Harvard Art Museums,Q2918448,Harvard Museum of the Ancient Near East,2,0
Q55680361,Oskar Reichel,Q105582344,Self-portrait as a clown,5,1
Q74128,Alfred Flechtheim,Q105582344,Self-portrait as a clown,1,1
Q160236,Metropolitan Museum of Art,Q75391593,second unnamed daughter Romanov,3,0
Q324935,Ferenc Hatvany,Q1034379,Sándor Hatvany-Deutsch,1,1
Q160236,Metropolitan Museum of Art,Q62274663,Samuel H. Kress Collection of the National Gallery of Art,5,1
Q214867,National Gallery of Art,Q62274663,Samuel H. Kress Collection of the National Gallery of Art,3,1
Q74128,Alfred Flechtheim,Q19308411,Sam Salz,2,1
Q867510,Cypresses,Q96522,Salman Schocken,1,1
Q867510,Cypresses,Q1760539,Saint Louis Art Museum,5,1
Q17277888,Gottlieb Friedrich Reber,Q1760539,Saint Louis Art Museum,4,1
Q160236,Metropolitan Museum of Art,Q1760539,Saint Louis Art Museum,5,1
Q214867,National Gallery of Art,Q1360663,Rudolf von Gutmann,5,1
Q74128,Alfred Flechtheim,Q19006298,Rudolf Staechelin,2,1
Q160236,Metropolitan Museum of Art,Q35134777,Rudolf J. Heinemann,4,1
Q160236,Metropolitan Museum of Art,Q67380808,Rosenberg and Stiebel,4,1
Q17277888,Gottlieb Friedrich Reber,Q75837445,Rose Pearlman,5,1
Q55680361,Oskar Reichel,Q75837445,Rose Pearlman,5,1
Q74128,Alfred Flechtheim,Q75837445,Rose Pearlman,5,1
Q214867,National Gallery of Art,Q3442230,Rosalie von Gutmann,5,0
Q867510,Cypresses,Q104917373,Romantic Painting with Ruins,4,1
Q104530765,Hugo Nathan,Q104917373,Romantic Painting with Ruins,5,1
Q160236,Metropolitan Museum of Art,Q104917373,Romantic Painting with Ruins,5,1
Q160236,Metropolitan Museum of Art,Q2504617,romanist,4,0
Q1634926,Hugo Cassirer,Q55656666,"Roman period shears from Trabzon, MET 39.2.2",5,1
Q160236,Metropolitan Museum of Art,Q55656666,"Roman period shears from Trabzon, MET 39.2.2",1,1
Q214867,National Gallery of Art,Q55656666,"Roman period shears from Trabzon, MET 39.2.2",5,1
Q160236,Metropolitan Museum of Art,Q22101864,Robin Lehman,3,1
Q17277888,Gottlieb Friedrich Reber,Q1998160,Robert Noortman,5,1
Q160236,Metropolitan Museum of Art,Q3435730,Robert Lehman,2,1
Q214867,National Gallery of Art,Q190804,Rijksmuseum,5,1
Q657415,Cleveland Museum of Art,Q190804,Rijksmuseum,5,1
Q1634926,Hugo Cassirer,Q27680201,Riemann's Music Dictionary (1901–1904),5,0
Q160236,Metropolitan Museum of Art,Q27680201,Riemann's Music Dictionary (1901–1904),3,0
Q1634926,Hugo Cassirer,Q2148186,Rhode Island School of Design Museum,5,1
Q867510,Cypresses,Q2148186,Rhode Island School of Design Museum,3,1
Q104530765,Hugo Nathan,Q2148186,Rhode Island School of Design Museum,4,1
Q26221201,Two Diggers among Trees,Q2148186,Rhode Island School of Design Museum,5,1
Q17277888,Gottlieb Friedrich Reber,Q83488454,Revealed: National Gallery's Cranach is war loot,4,1
Q55680361,Oskar Reichel,Q83488454,Revealed: National Gallery's Cranach is war loot,4,1
Q74128,Alfred Flechtheim,Q83488454,Revealed: National Gallery's Cranach is war loot,4,1
Q1634926,Hugo Cassirer,Q673751,Reichsleiter Rosenberg Taskforce,5,1
Q867510,Cypresses,Q673751,Reichsleiter Rosenberg Taskforce,5,1
Q104530765,Hugo Nathan,Q673751,Reichsleiter Rosenberg Taskforce,4,1
Q160236,Metropolitan Museum of Art,Q673751,Reichsleiter Rosenberg Taskforce,4,1
Q26221201,Two Diggers among Trees,Q673751,Reichsleiter Rosenberg Taskforce,5,1
Q55680361,Oskar Reichel,Q131572,refugee,5,1
Q74128,Alfred Flechtheim,Q131572,refugee,1,1
Q74128,Alfred Flechtheim,Q131572,refugee,1,1
Q160236,Metropolitan Museum of Art,Q20074801,Raising the Young Man of Nain,5,0
Q160236,Metropolitan Museum of Art,Q57666,Queen Marie of Romania,5,0
Q55680361,Oskar Reichel,Q2516866,publisher,5,0
Q55680361,Oskar Reichel,Q1773840,provenance,5,1
Q74128,Alfred Flechtheim,Q1773840,provenance,2,1
Q55680361,Oskar Reichel,Q768717,private collection,4,1
Q74128,Alfred Flechtheim,Q768717,private collection,2,1
Q74128,Alfred Flechtheim,Q20183867,Portrait of Madame Brunet,3,1
Q160236,Metropolitan Museum of Art,Q18760265,Portrait of Herman Doomer,3,0
Q74128,Alfred Flechtheim,Q18056753,Portrait of an unknown man,5,1
Q21948567,Sunflowers,Q18120969,Portrait of an old woman,5,0
Q26221176,Two Poplars in the Alpilles near Saint-Rémy,Q18120969,Portrait of an old woman,5,0
Q160236,Metropolitan Museum of Art,Q19905326,Portrait of an Old Woman,3,0
Q55680361,Oskar Reichel,Q19883952,Portrait of an Equilibrist,5,1
Q160236,Metropolitan Museum of Art,Q17987246,"Portrait of an Elderly Man, traditionally called Heer Bodolphe",3,1
Q160236,Metropolitan Museum of Art,Q20168379,Portrait of a Young Woman,3,0
Q160236,Metropolitan Museum of Art,Q3937730,Portrait of a Young Man with a Book,3,0
Q55680361,Oskar Reichel,Q20276008,Portrait of a Young Artist,3,1
Q74128,Alfred Flechtheim,Q20276008,Portrait of a Young Artist,3,1
Q160236,Metropolitan Museum of Art,Q3937681,Portrait of a Woman with a Man at a Casement,1,0
Q214867,National Gallery of Art,Q3937681,Portrait of a Woman with a Man at a Casement,5,0
Q867510,Cypresses,Q60514834,Portrait of a Woman as Diana,4,1
Q104530765,Hugo Nathan,Q60514834,Portrait of a Woman as Diana,3,1
Q29441758,Margarete Mauthner,Q60514834,Portrait of a Woman as Diana,5,1
Q160236,Metropolitan Museum of Art,Q60514834,Portrait of a Woman as Diana,3,1
Q26221201,Two Diggers among Trees,Q60514834,Portrait of a Woman as Diana,4,1
Q160236,Metropolitan Museum of Art,Q20167179,"Portrait of a Woman, probably a Member of the Van Beresteyn Family",3,0
Q160236,Metropolitan Museum of Art,Q19913201,"Portrait of a Woman, Called Héloïse Abélard",3,0
Q160236,Metropolitan Museum of Art,Q19912383,Portrait of a Woman,3,0
Q74128,Alfred Flechtheim,Q20539227,Portrait of a Man and Woman in an Interior,3,1
Q74128,Alfred Flechtheim,Q18030849,"Portrait of a man, possibly Adriaen van Ostade",5,1
Q74128,Alfred Flechtheim,Q19913398,Portrait of a Man,3,1
Q17277888,Gottlieb Friedrich Reber,Q49277675,"Polymnia, the Muse of Sacred Hymn",3,1
Q55680361,Oskar Reichel,Q49277675,"Polymnia, the Muse of Sacred Hymn",3,1
Q74128,Alfred Flechtheim,Q49277675,"Polymnia, the Muse of Sacred Hymn",3,1
Q21948567,Sunflowers,Q11822840,,5,0
Q26221176,Two Poplars in the Alpilles near Saint-Rémy,Q11822840,,5,0
Q160236,Metropolitan Museum of Art,Q11822840,,3,0
Q867510,Cypresses,Q13218361,polo player,5,0
Q104530765,Hugo Nathan,Q13218361,polo player,4,0
Q160236,Metropolitan Museum of Art,Q13218361,polo player,3,0
Q156426,Alexej von Jawlensky,Q82955,politician,4,0
Q666331,Foundation E.G. Bührle Collection,Q82955,politician,3,0
Q1634926,Hugo Cassirer,Q82955,politician,5,0
Q867510,Cypresses,Q82955,politician,3,0
Q104530765,Hugo Nathan,Q82955,politician,5,0
Q17277888,Gottlieb Friedrich Reber,Q82955,politician,2,0
Q55680361,Oskar Reichel,Q82955,politician,5,0
Q160236,Metropolitan Museum of Art,Q82955,politician,3,0
Q214867,National Gallery of Art,Q82955,politician,3,0
Q74128,Alfred Flechtheim,Q82955,politician,5,0
Q17277888,Gottlieb Friedrich Reber,Q15958642,political writer,5,0
Q55680361,Oskar Reichel,Q15958642,political writer,5,0
Q74128,Alfred Flechtheim,Q15958642,political writer,5,0
Q17277888,Gottlieb Friedrich Reber,Q1238570,political scientist,5,0
Q160236,Metropolitan Museum of Art,Q36,Poland,4,0
Q21948567,Sunflowers,Q49757,poet,5,0
Q26221176,Two Poplars in the Alpilles near Saint-Rémy,Q49757,poet,5,0
Q160236,Metropolitan Museum of Art,Q49757,poet,3,0
Q160236,Metropolitan Museum of Art,Q1752882,Ploskovice,5,0
Q1634926,Hugo Cassirer,Q214917,playwright,3,0
Q11770767,Still life with coffee pot  dishes and fruit,Q214917,playwright,2,0
Q160236,Metropolitan Museum of Art,Q214917,playwright,3,0
Q214867,National Gallery of Art,Q214917,playwright,3,0
Q160236,Metropolitan Museum of Art,Q3906134,Placido Gabrielli,4,0
Q160236,Metropolitan Museum of Art,Q53950502,Pinakos Inc,4,1
Q160236,Metropolitan Museum of Art,Q253864,Pietro Toesca,5,0
Q160236,Metropolitan Museum of Art,Q75581268,"Pietro Primoli di Foglia, Conte Primoli di Foglia",5,0
Q160236,Metropolitan Museum of Art,Q57151860,Pieter Reael,5,0
Q160236,Metropolitan Museum of Art,Q17651291,Pietà,5,0
Q160236,Metropolitan Museum of Art,Q2871551,Pierre-Suzanne-Augustin Cochin,5,0
Q214867,National Gallery of Art,Q2871551,Pierre-Suzanne-Augustin Cochin,5,0
Q1634926,Hugo Cassirer,Q39931,Pierre-Auguste Renoir,4,1
Q17277888,Gottlieb Friedrich Reber,Q39931,Pierre-Auguste Renoir,5,1
Q160236,Metropolitan Museum of Art,Q39931,Pierre-Auguste Renoir,2,1
Q1634926,Hugo Cassirer,Q518966,Pierre Renoir,5,0
Q160236,Metropolitan Museum of Art,Q518966,Pierre Renoir,3,0
Q160236,Metropolitan Museum of Art,Q764398,Pierre Napoleon Bonaparte,3,0
Q160236,Metropolitan Museum of Art,Q2092993,Pierre Ernest Prins,5,0
Q160236,Metropolitan Museum of Art,Q75392841,Pierre André Boyer,4,0
Q160236,Metropolitan Museum of Art,Q486748,pianist,4,0
Q26221184,Olive Picking,Q486748,pianist,4,0
Q214867,National Gallery of Art,Q486748,pianist,5,0
Q1634926,Hugo Cassirer,Q39631,physician,5,0
Q867510,Cypresses,Q39631,physician,5,0
Q17277888,Gottlieb Friedrich Reber,Q39631,physician,5,0
Q160236,Metropolitan Museum of Art,Q39631,physician,3,0
Q160236,Metropolitan Museum of Art,Q45764132,photography collector,5,0
Q867510,Cypresses,Q33231,photographer,4,0
Q104530765,Hugo Nathan,Q33231,photographer,5,0
Q17277888,Gottlieb Friedrich Reber,Q33231,photographer,4,0
Q160236,Metropolitan Museum of Art,Q33231,photographer,3,0
Q5147536,Josef Feinhals,Q33231,photographer,2,0
Q74128,Alfred Flechtheim,Q33231,photographer,5,0
Q1634926,Hugo Cassirer,Q4964182,philosopher,5,0
Q160236,Metropolitan Museum of Art,Q4964182,philosopher,3,0
Q160236,Metropolitan Museum of Art,Q2735601,Philippine Élisabeth d'Orléans,5,0
Q160236,Metropolitan Museum of Art,Q2087497,Philippe-Paul de Ségur,5,0
Q160236,Metropolitan Museum of Art,Q155596,"Philippe, Duke of Orléans, Regent of France",4,0
Q160236,Metropolitan Museum of Art,Q296555,"Philippe, Duke of Orléans",5,0
Q160236,Metropolitan Museum of Art,Q76328871,Philipp Wilhelm Graf von Thurn und Taxis,5,0
Q160236,Metropolitan Museum of Art,Q75286670,Philipp von Habsburg,5,0
Q160236,Metropolitan Museum of Art,Q91763,Philipp of Bavaria,5,0
Q160236,Metropolitan Museum of Art,Q67198,"Philip William August, Count Palatine of Neuburg",3,0
Q160236,Metropolitan Museum of Art,Q60514,"Philip William, Elector Palatine",2,0
Q160236,Metropolitan Museum of Art,Q170467,Philip V of Spain,5,0
Q160236,Metropolitan Museum of Art,Q1115886,Philip Schuyler,4,0
Q160236,Metropolitan Museum of Art,Q690276,"Philip Prospero, Prince of Asturias",5,0
Q160236,Metropolitan Museum of Art,Q62885,"Philip Louis, Count Palatine of Neuburg",2,0
Q160236,Metropolitan Museum of Art,Q7183964,Philip Lehman,3,1
Q160236,Metropolitan Museum of Art,Q774992,Philip Jeremiah Schuyler,5,0
Q160236,Metropolitan Museum of Art,Q691402,Philip IV of Spain,4,0
Q160236,Metropolitan Museum of Art,Q34464,Philip III of Spain,4,0
Q160236,Metropolitan Museum of Art,Q34417,Philip II of Spain,4,0
Q160236,Metropolitan Museum of Art,Q157098,Philip I of Castile,5,0
Q160236,Metropolitan Museum of Art,Q169319,Philip I,5,0
Q160236,Metropolitan Museum of Art,Q22088567,Philip Hamilton,3,0
Q160236,Metropolitan Museum of Art,Q28124142,Philip Hamilton,3,0
Q160236,Metropolitan Museum of Art,Q75385969,Philip Green,5,0
Q160236,Metropolitan Museum of Art,Q39074069,Philip George Schuyler,5,0
Q160236,Metropolitan Museum of Art,Q2086712,Philip Florinus of Sulzbach,4,0
Q160236,Metropolitan Museum of Art,Q75286698,Philip August von Habsburg,5,0
Q1634926,Hugo Cassirer,Q12362622,philanthropist,4,0
Q26221176,Two Poplars in the Alpilles near Saint-Rémy,Q12362622,philanthropist,2,0
Q17277888,Gottlieb Friedrich Reber,Q12362622,philanthropist,3,0
Q55680361,Oskar Reichel,Q12362622,philanthropist,5,0
Q160236,Metropolitan Museum of Art,Q12362622,philanthropist,3,0
Q214867,National Gallery of Art,Q12362622,philanthropist,3,0
Q74128,Alfred Flechtheim,Q12362622,philanthropist,3,0
Q657415,Cleveland Museum of Art,Q12362622,philanthropist,5,0
Q29441758,Margarete Mauthner,Q510324,Philadelphia Museum of Art,4,1
Q160236,Metropolitan Museum of Art,Q510324,Philadelphia Museum of Art,4,1
Q160236,Metropolitan Museum of Art,Q19906011,Peasant Woman Cooking by a Fireplace,1,0
Q214867,National Gallery of Art,Q19906011,Peasant Woman Cooking by a Fireplace,3,0
Q74128,Alfred Flechtheim,Q16917809,Pear Tree,5,1
Q160236,Metropolitan Museum of Art,Q560643,Paul Rosenberg,4,1
Q214867,National Gallery of Art,Q560643,Paul Rosenberg,4,1
Q867510,Cypresses,Q108837588,Paul Lindemann,5,1
Q5147536,Josef Feinhals,Q108837588,Paul Lindemann,2,1
Q1634926,Hugo Cassirer,Q78060740,Paul Cassirer Gallery,3,1
Q21948567,Sunflowers,Q78060740,Paul Cassirer Gallery,5,1
Q26221176,Two Poplars in the Alpilles near Saint-Rémy,Q78060740,Paul Cassirer Gallery,5,1
Q17277888,Gottlieb Friedrich Reber,Q78060740,Paul Cassirer Gallery,4,1
Q29441758,Margarete Mauthner,Q78060740,Paul Cassirer Gallery,5,1
Q160236,Metropolitan Museum of Art,Q78060740,Paul Cassirer Gallery,3,1
Q74128,Alfred Flechtheim,Q15472169,patron of the arts,5,1
Q324935,Ferenc Hatvany,Q1028181,painter,1,0
Q55680361,Oskar Reichel,Q2498180,Orthodox Encyclopedia,5,0
Q160236,Metropolitan Museum of Art,Q66663817,Online Biographical Dictionary of the Woman Suffrage Movement in the United States,3,0
Q74128,Alfred Flechtheim,Q21888081,Old man with a beard and beret,5,1
Q26221176,Two Poplars in the Alpilles near Saint-Rémy,Q1752085,Norton Simon Museum,5,1
Q74128,Alfred Flechtheim,Q1752085,Norton Simon Museum,4,1
Q55680361,Oskar Reichel,Q5460604,Wikipedia:List of articles all languages should have,5,0
Q55680361,Oskar Reichel,Q76513716,Nierendorf Gallery,2,1
Q74128,Alfred Flechtheim,Q1029706,New International Encyclopedia,5,0
Q74128,Alfred Flechtheim,Q19190511,New Encyclopedic Dictionary,5,0
Q17277888,Gottlieb Friedrich Reber,Q328376,Nazi plunder,5,1
Q55680361,Oskar Reichel,Q328376,Nazi plunder,5,1
Q160236,Metropolitan Museum of Art,Q328376,Nazi plunder,5,1
Q74128,Alfred Flechtheim,Q328376,Nazi plunder,5,1
Q17277888,Gottlieb Friedrich Reber,Q7319,Nazi Era,5,1
Q55680361,Oskar Reichel,Q7319,Nazi Era,5,1
Q74128,Alfred Flechtheim,Q7319,Nazi Era,5,1
Q160236,Metropolitan Museum of Art,Q98280619,"Nazi Art Theft: Pissarro's “Le Quai Malaquais, Printemps”",5,1
Q1634926,Hugo Cassirer,Q7320,Nazi Party,4,1
Q17277888,Gottlieb Friedrich Reber,Q7320,Nazi Party,5,1
Q160236,Metropolitan Museum of Art,Q7320,Nazi Party,4,1
Q160236,Metropolitan Museum of Art,Q214867,National Gallery of Art,4,1
Q160236,Metropolitan Museum of Art,Q511,Museum of Fine Arts of Lyon,4,1
Q1634926,Hugo Cassirer,Q1565911,"Museum of Fine Arts, Houston",5,1
Q867510,Cypresses,Q1565911,"Museum of Fine Arts, Houston",3,1
Q104530765,Hugo Nathan,Q1565911,"Museum of Fine Arts, Houston",4,1
Q26221201,Two Diggers among Trees,Q1565911,"Museum of Fine Arts, Houston",5,1
Q21948567,Sunflowers,Q49133,Museum of Fine Arts Boston,4,1
Q26221176,Two Poplars in the Alpilles near Saint-Rémy,Q49133,Museum of Fine Arts Boston,4,1
Q3783572,Harvard Art Museums,Q1420782,Museum of Comparative Zoology,2,0
Q1634926,Hugo Cassirer,Q125634,Museum Folkwang,4,1
Q17277888,Gottlieb Friedrich Reber,Q125634,Museum Folkwang,5,1
Q160236,Metropolitan Museum of Art,Q125634,Museum Folkwang,4,1
Q324935,Ferenc Hatvany,Q69860245,Mór Lipót Herzog,2,1
Q324935,Ferenc Hatvany,Q189290,military officer,3,1
Q156426,Alexej von Jawlensky,Q106727050,Metropolitan Museum of Art Tagging Vocabulary,3,0
Q1634926,Hugo Cassirer,Q160236,Metropolitan Museum of Art,4,1
Q17277888,Gottlieb Friedrich Reber,Q160236,Metropolitan Museum of Art,5,1
Q214867,National Gallery of Art,Q160236,Metropolitan Museum of Art,4,1
Q74128,Alfred Flechtheim,Q105758538,Met x Wikipedia Virtual Edit Meet-up: Women's History Month,4,0
Q74128,Alfred Flechtheim,Q51626,Messiah,5,1
Q55680361,Oskar Reichel,Q215536,merchant,5,0
Q74128,Alfred Flechtheim,Q99413897,Medvik,5,0
Q74128,Alfred Flechtheim,Q108580850,Max Kofler,2,1
Q74128,Alfred Flechtheim,Q109227939,Martha Suermondt,2,1
Q867510,Cypresses,Q6762972,Marie Norton Harriman,5,1
Q160236,Metropolitan Museum of Art,Q159660,"Maria of Austria, Holy Roman Empress",4,0
Q74128,Alfred Flechtheim,Q76371784,Margit Bornemisza,5,1
Q324935,Ferenc Hatvany,Q587955,Marcell Nemes,2,1
Q160236,Metropolitan Museum of Art,Q12713481,laborer,5,0
Q867510,Cypresses,Q78684258,Mandolin and Vase of Flowers,4,1
Q104530765,Hugo Nathan,Q78684258,Mandolin and Vase of Flowers,5,1
Q17277888,Gottlieb Friedrich Reber,Q78684258,Mandolin and Vase of Flowers,3,1
Q160236,Metropolitan Museum of Art,Q78684258,Mandolin and Vase of Flowers,4,1
Q17277888,Gottlieb Friedrich Reber,Q20540932,Mandolin and Fruit Dish,1,1
Q214867,National Gallery of Art,Q20540932,Mandolin and Fruit Dish,5,1
Q74128,Alfred Flechtheim,Q51722332,Magdalena Haberstock,5,1
Q74128,Alfred Flechtheim,Q10288073,M. Knoedler & Co.,4,1
Q55680361,Oskar Reichel,Q1871838,Louis M. Rabinowitz,4,1
Q160236,Metropolitan Museum of Art,Q110356591,Lore Heinemann,5,1
Q5147536,Josef Feinhals,Q108841562,Lindemann House,3,1
Q160236,Metropolitan Museum of Art,Q28860117,Levy-Hermanos,2,0
Q214867,National Gallery of Art,Q28860117,Levy-Hermanos,4,0
Q160236,Metropolitan Museum of Art,Q150494,"Leopold I, Holy Roman Emperor",4,0
Q74128,Alfred Flechtheim,Q47153187,Leonard C. Hanna Jr.,2,1
Q104530765,Hugo Nathan,Q18347243,Lefevre Gallery,4,1
Q160236,Metropolitan Museum of Art,Q18347243,Lefevre Gallery,5,1
Q55680361,Oskar Reichel,Q20087533,Le Fumeur,5,1
Q74128,Alfred Flechtheim,Q20087533,Le Fumeur,5,1
Q160236,Metropolitan Museum of Art,Q95569,Kunsthistorisches Museum,4,1
Q26221176,Two Poplars in the Alpilles near Saint-Rémy,Q6419949,Klaus Perls,3,1
Q74128,Alfred Flechtheim,Q6419949,Klaus Perls,2,1
Q55680361,Oskar Reichel,Q55845255,Karl Nierendorf,3,1
Q74128,Alfred Flechtheim,Q74432,Karl Ernst Osthaus,2,1
Q55680361,Oskar Reichel,Q60010460,Kahnweiler gallery,4,1
Q74128,Alfred Flechtheim,Q60010460,Kahnweiler gallery,2,1
Q74128,Alfred Flechtheim,Q47530987,Julius Böhler Jr.,5,1
Q74128,Alfred Flechtheim,Q47531053,Julius Böhler AG,4,1
Q55680361,Oskar Reichel,Q1930187,journalist,5,0
Q55680361,Oskar Reichel,Q855,Joseph Stalin,5,0
Q74128,Alfred Flechtheim,Q855,Joseph Stalin,5,0
Q74128,Alfred Flechtheim,Q2554450,Johanna van Gogh-Bonger,2,1
Q74128,Alfred Flechtheim,Q2208214,Johan Cohen Gosschalk,3,1
Q17277888,Gottlieb Friedrich Reber,Q104820943,Jewish Collectors and Art Dealers (Victims of Nazi persecution and expropriation),4,1
Q55680361,Oskar Reichel,Q104820943,Jewish Collectors and Art Dealers (Victims of Nazi persecution and expropriation),4,1
Q160236,Metropolitan Museum of Art,Q104820943,Jewish Collectors and Art Dealers (Victims of Nazi persecution and expropriation),5,1
Q74128,Alfred Flechtheim,Q104820943,Jewish Collectors and Art Dealers (Victims of Nazi persecution and expropriation),4,1
Q55680361,Oskar Reichel,Q689638,Jean-Marie Loret,5,0
Q1634926,Hugo Cassirer,Q3067376,Jacques Seligmann & Company,5,1
Q104530765,Hugo Nathan,Q3067376,Jacques Seligmann & Company,4,1
Q26221201,Two Diggers among Trees,Q3067376,Jacques Seligmann & Company,5,1
Q104530765,Hugo Nathan,Q3159990,Jacques Seligmann,5,1
Q160236,Metropolitan Museum of Art,Q3159990,Jacques Seligmann,4,1
Q26221176,Two Poplars in the Alpilles near Saint-Rémy,Q731126,J. Paul Getty Museum,3,1
Q74128,Alfred Flechtheim,Q731126,J. Paul Getty Museum,2,1
Q1634926,Hugo Cassirer,Q28848149,J. K. Thannhauser Art Gallery,4,1
Q867510,Cypresses,Q28848149,J. K. Thannhauser Art Gallery,2,1
Q104530765,Hugo Nathan,Q28848149,J. K. Thannhauser Art Gallery,3,1
Q29441758,Margarete Mauthner,Q28848149,J. K. Thannhauser Art Gallery,5,1
Q160236,Metropolitan Museum of Art,Q28848149,J. K. Thannhauser Art Gallery,5,1
Q26221201,Two Diggers among Trees,Q28848149,J. K. Thannhauser Art Gallery,4,1
Q74128,Alfred Flechtheim,Q4008950,Vase with Irises,3,1
Q55680361,Oskar Reichel,Q15924224,internist,1,0
Q55680361,Oskar Reichel,Q461,Internet Archive,5,0
Q55680361,Oskar Reichel,Q72853350,International Art,4,1
Q26221176,Two Poplars in the Alpilles near Saint-Rémy,Q8458,human rights,4,0
Q17277888,Gottlieb Friedrich Reber,Q8458,human rights,5,0
Q26221176,Two Poplars in the Alpilles near Saint-Rémy,Q5934356,Hugo Perls,4,1
Q74128,Alfred Flechtheim,Q5934356,Hugo Perls,3,1
Q214867,National Gallery of Art,Q99542700,Hôtel Valentinois,3,0
Q160236,Metropolitan Museum of Art,Q18669900,Hermann Paechter,5,1
Q1634926,Hugo Cassirer,Q65059,Hermann Josef Abs,4,1
Q17277888,Gottlieb Friedrich Reber,Q65059,Hermann Josef Abs,5,1
Q160236,Metropolitan Museum of Art,Q65059,Hermann Josef Abs,4,1
Q1634926,Hugo Cassirer,Q47906,Hermann Göring,4,1
Q17277888,Gottlieb Friedrich Reber,Q47906,Hermann Göring,1,1
Q160236,Metropolitan Museum of Art,Q47906,Hermann Göring,4,1
Q214867,National Gallery of Art,Q47906,Hermann Göring,3,1
Q657415,Cleveland Museum of Art,Q47906,Hermann Göring,5,1
Q867510,Cypresses,Q15432931,Hermann Bunjes,4,1
Q104530765,Hugo Nathan,Q15432931,Hermann Bunjes,5,1
Q160236,Metropolitan Museum of Art,Q15432931,Hermann Bunjes,4,1
Q17277888,Gottlieb Friedrich Reber,Q17421703,Henry Pearlman,4,1
Q55680361,Oskar Reichel,Q17421703,Henry Pearlman,4,1
Q74128,Alfred Flechtheim,Q17421703,Henry Pearlman,4,1
Q74128,Alfred Flechtheim,Q76157871,Helen Georgiana St. John-Mildmay,5,0
Q74128,Alfred Flechtheim,Q21526824,Head of Christ,3,1
Q160236,Metropolitan Museum of Art,Q19912793,Head of a Man,3,1
Q74128,Alfred Flechtheim,Q58328672,Harry G. Sperling,2,1
Q74128,Alfred Flechtheim,Q670075,Hans Heinrich Thyssen-Bornemisza,5,1
Q160236,Metropolitan Museum of Art,Q17249501,Gustave Manet,4,0
Q160236,Metropolitan Museum of Art,Q540752,Grigory Orlov,4,0
Q160236,Metropolitan Museum of Art,Q3776769,Grigory Orlov,5,0
Q160236,Metropolitan Museum of Art,Q75329998,Grigory Milashevich,5,0
Q160236,Metropolitan Museum of Art,Q3116663,Grigori Alexandrovitch Stroganov,4,0
Q156426,Alexej von Jawlensky,Q28927781,Great Women Masters of Art,2,0
Q26221176,Two Poplars in the Alpilles near Saint-Rémy,Q28927781,Great Women Masters of Art,5,0
Q74128,Alfred Flechtheim,Q28927781,Great Women Masters of Art,4,0
Q26221176,Two Poplars in the Alpilles near Saint-Rémy,Q17378135,Great Soviet Encyclopedia (1969–1978),5,0
Q160236,Metropolitan Museum of Art,Q17378135,Great Soviet Encyclopedia (1969–1978),3,0
Q214867,National Gallery of Art,Q17378135,Great Soviet Encyclopedia (1969–1978),4,0
Q156426,Alexej von Jawlensky,Q20078554,Great Soviet Encyclopedia (1926–1947),5,0
Q867510,Cypresses,Q20078554,Great Soviet Encyclopedia (1926–1947),4,0
Q104530765,Hugo Nathan,Q20078554,Great Soviet Encyclopedia (1926–1947),5,0
Q324935,Ferenc Hatvany,Q20078554,Great Soviet Encyclopedia (1926–1947),4,0
Q160236,Metropolitan Museum of Art,Q20078554,Great Soviet Encyclopedia (1926–1947),3,0
Q214867,National Gallery of Art,Q20078554,Great Soviet Encyclopedia (1926–1947),3,0
Q74128,Alfred Flechtheim,Q20078554,Great Soviet Encyclopedia (1926–1947),5,0
Q21948567,Sunflowers,Q4091875,,5,0
Q26221176,Two Poplars in the Alpilles near Saint-Rémy,Q4091875,,5,0
Q160236,Metropolitan Museum of Art,Q4091875,,3,0
Q1634926,Hugo Cassirer,Q627325,graphic designer,5,0
Q867510,Cypresses,Q627325,graphic designer,5,0
Q160236,Metropolitan Museum of Art,Q627325,graphic designer,4,0
Q5147536,Josef Feinhals,Q627325,graphic designer,2,0
Q1634926,Hugo Cassirer,Q1925963,graphic artist,5,0
Q867510,Cypresses,Q1925963,graphic artist,4,0
Q104530765,Hugo Nathan,Q1925963,graphic artist,5,0
Q21948567,Sunflowers,Q1925963,graphic artist,5,0
Q26221176,Two Poplars in the Alpilles near Saint-Rémy,Q1925963,graphic artist,5,0
Q29441758,Margarete Mauthner,Q1925963,graphic artist,5,0
Q160236,Metropolitan Museum of Art,Q1925963,graphic artist,3,0
Q74128,Alfred Flechtheim,Q1925963,graphic artist,4,0
Q160236,Metropolitan Museum of Art,Q1090291,"Granville Leveson-Gower, 1st Marquess of Stafford",5,0
Q160236,Metropolitan Museum of Art,Q240282,Grand Princess Vera Constantinovna of Russia,4,0
Q160236,Metropolitan Museum of Art,Q1188421,Grand Duke Vyacheslav Constantinovich of Russia,4,0
Q160236,Metropolitan Museum of Art,Q312819,Grand Duke Vladimir Alexandrovich of Russia,4,0
Q160236,Metropolitan Museum of Art,Q428256,Grand Duke Sergei Mikhailovich of Russia,4,0
Q160236,Metropolitan Museum of Art,Q248900,Grand Duke Sergei Alexandrovich of Russia,4,0
Q160236,Metropolitan Museum of Art,Q446676,Grand Duke Peter Nikolaevich of Russia,4,0
Q160236,Metropolitan Museum of Art,Q372964,Grand Duke Paul Alexandrovich of Russia,4,0
Q160236,Metropolitan Museum of Art,Q163863,Grand Duke Nicholas Nikolaevich of Russia,3,0
Q160236,Metropolitan Museum of Art,Q160869,Grand Duke Nicholas Nikolaevich of Russia,4,0
Q160236,Metropolitan Museum of Art,Q535400,Grand Duke Nicholas Mikhailovich of Russia,4,0
Q160236,Metropolitan Museum of Art,Q706075,Grand Duke Nicholas Constantinovich of Russia,4,0
Q160236,Metropolitan Museum of Art,Q371731,Grand Duke Michael Pavlovich of Russia,4,0
Q160236,Metropolitan Museum of Art,Q161199,Grand Duke Michael Nikolaevich of Russia,3,0
Q160236,Metropolitan Museum of Art,Q628679,Grand Duke Michael Mikhailovich of Russia,4,0
Q160236,Metropolitan Museum of Art,Q154444,Grand Duke Michael Alexandrovich of Russia,5,0
Q160236,Metropolitan Museum of Art,Q161106,Grand Duke Konstantin Pavlovich of Russia,4,0
Q160236,Metropolitan Museum of Art,Q446724,Grand Duke Konstantin Nikolayevich of Russia,3,0
Q160236,Metropolitan Museum of Art,Q313832,Grand Duke Konstantin Konstantinovich of Russia,4,0
Q160236,Metropolitan Museum of Art,Q160948,Grand Duke Kirill Vladimirovich of Russia,5,0
Q160236,Metropolitan Museum of Art,Q524451,Grand Duke George Mikhailovich of Russia,4,0
Q160236,Metropolitan Museum of Art,Q170293,Grand Duke George Alexandrovich of Russia,5,0
Q160236,Metropolitan Museum of Art,Q57930,"Grand Duke Friedrich Franz IV, Grand Duke of Mecklenburg-Schwerin",5,0
Q160236,Metropolitan Museum of Art,Q372954,Grand Duke Dmitri Pavlovich of Russia,5,0
Q160236,Metropolitan Museum of Art,Q27606,Grand Duke Dimitri Constantinovich of Russia,4,0
Q160236,Metropolitan Museum of Art,Q373048,Grand Duke Boris Vladimirovich of Russia,5,0
Q160236,Metropolitan Museum of Art,Q502763,Grand Duke Andrei Vladimirovich of Russia,5,0
Q160236,Metropolitan Museum of Art,Q621088,Grand Duke Alexei Mikhailovich of Russia,4,0
Q160236,Metropolitan Museum of Art,Q315726,Grand Duke Alexei Alexandrovich of Russia,4,0
Q160236,Metropolitan Museum of Art,Q2834124,Grand Duke Alexander Vladimirovich of Russia,5,0
Q160236,Metropolitan Museum of Art,Q464626,Grand Duke Alexander Mikhailovich of Russia,4,0
Q160236,Metropolitan Museum of Art,Q619068,Grand Duke Alexander Alexandrovich of Russia,5,0
Q160236,Metropolitan Museum of Art,Q165113,Grand Duchess Xenia Alexandrovna of Russia,5,0
Q160236,Metropolitan Museum of Art,Q3350444,Grand Duchess Olga Pavlovna of Russia,4,0
Q160236,Metropolitan Museum of Art,Q166198,Grand Duchess Maria Pavlovna of Russia,4,0
Q160236,Metropolitan Museum of Art,Q235438,Grand Duchess Maria Pavlovna of Russia,5,0
Q160236,Metropolitan Museum of Art,Q234052,Grand Duchess Maria Nikolaevna of Russia,3,0
Q160236,Metropolitan Museum of Art,Q2464532,Grand Duchess Maria Mikhailovna of Russia,5,0
Q160236,Metropolitan Museum of Art,Q158154,Grand Duchess Maria Alexandrovna of Russia,4,0
Q160236,Metropolitan Museum of Art,Q11768687,Grand Duchess Maria Alexandrovna of Russia,5,0
Q160236,Metropolitan Museum of Art,Q5594505,Grand Duchess Elizabeth Nikolaevna of Russia,3,0
Q160236,Metropolitan Museum of Art,Q260550,Grand Duchess Elizabeth Mikhailovna of Russia,5,0
Q160236,Metropolitan Museum of Art,Q5594502,Grand Duchess Elizabeth Alexandrovna of Russia,5,0
Q160236,Metropolitan Museum of Art,Q232483,Grand Duchess Elena Vladimirovna of Russia,5,0
Q160236,Metropolitan Museum of Art,Q234442,Grand Duchess Elena Pavlovna of Russia,4,0
Q160236,Metropolitan Museum of Art,Q166768,Grand Duchess Catherine Mikhailovna of Russia,5,0
Q160236,Metropolitan Museum of Art,Q232159,Grand Duchess Anastasia Mikhailovna of Russia,4,0
Q160236,Metropolitan Museum of Art,Q233471,Grand Duchess Alexandra Pavlovna of Russia,4,0
Q160236,Metropolitan Museum of Art,Q238478,Grand Duchess Alexandra Nikolaevna of Russia,3,0
Q160236,Metropolitan Museum of Art,Q41450421,Grand Duchess Alexandra Mikhailovna of Russia,5,0
Q160236,Metropolitan Museum of Art,Q232728,Grand Duchess Alexandra Georgievna of Russia,5,0
Q160236,Metropolitan Museum of Art,Q620933,Grand Duchess Alexandra Alexandrovna of Russia,4,0
Q26221176,Two Poplars in the Alpilles near Saint-Rémy,Q4532138,Granat Encyclopedic Dictionary,3,0
Q160236,Metropolitan Museum of Art,Q28989,graf,5,0
Q867510,Cypresses,Q17277888,Gottlieb Friedrich Reber,5,1
Q160236,Metropolitan Museum of Art,Q17277888,Gottlieb Friedrich Reber,5,1
Q214867,National Gallery of Art,Q17277888,Gottlieb Friedrich Reber,4,1
Q160236,Metropolitan Museum of Art,Q44192051,Gottfried zu Oettingen-Oettingen,5,1
Q104530765,Hugo Nathan,Q47035126,Gottfried Tanner,5,1
Q160236,Metropolitan Museum of Art,Q47035126,Gottfried Tanner,4,1
Q1634926,Hugo Cassirer,Q97753,Gottfried Bermann,4,1
Q17277888,Gottlieb Friedrich Reber,Q97753,Gottfried Bermann,5,1
Q160236,Metropolitan Museum of Art,Q97753,Gottfried Bermann,4,1
Q104530765,Hugo Nathan,Q298877,Giuliano de' Medici,5,0
Q160236,Metropolitan Museum of Art,Q298877,Giuliano de' Medici,5,0
Q1634926,Hugo Cassirer,Q40023372,Gisela Fischer,4,1
Q17277888,Gottlieb Friedrich Reber,Q40023372,Gisela Fischer,5,1
Q160236,Metropolitan Museum of Art,Q40023372,Gisela Fischer,4,1
Q104530765,Hugo Nathan,Q5550990,Germain Seligman,5,1
Q867510,Cypresses,Q215626,Georges Wildenstein,4,1
Q104530765,Hugo Nathan,Q215626,Georges Wildenstein,3,1
Q29441758,Margarete Mauthner,Q215626,Georges Wildenstein,5,1
Q160236,Metropolitan Museum of Art,Q215626,Georges Wildenstein,3,1
Q160236,Metropolitan Museum of Art,Q44139,Georges Petit,2,1
Q160236,Metropolitan Museum of Art,Q18699918,Georges Brauer,2,0
Q160236,Metropolitan Museum of Art,Q70189,"George William, Count Palatine of Zweibrücken-Birkenfeld",5,0
Q160236,Metropolitan Museum of Art,Q4210134,George Washington Cullum,5,0
Q160236,Metropolitan Museum of Art,Q47414451,George Washington,5,0
Q160236,Metropolitan Museum of Art,Q334145,"George Sutherland-Leveson-Gower, 2nd Duke of Sutherland",5,0
Q160236,Metropolitan Museum of Art,Q102421082,George Sullivan Bowdoin,5,0
Q160236,Metropolitan Museum of Art,Q5544847,"George Stewart, 8th Earl of Galloway",5,0
Q160236,Metropolitan Museum of Art,Q336025,"George Spencer-Churchill, 8th Duke of Marlborough",3,0
Q160236,Metropolitan Museum of Art,Q333601,"George Spencer-Churchill, 6th Duke of Marlborough",3,0
Q160236,Metropolitan Museum of Art,Q333347,"George Spencer-Churchill, 5th Duke of Marlborough",4,0
Q160236,Metropolitan Museum of Art,Q335825,"George Spencer, 4th Duke of Marlborough",5,0
Q17277888,Gottlieb Friedrich Reber,Q16947320,geopolitician,5,0
Q17277888,Gottlieb Friedrich Reber,Q901402,geographer,5,0
Q160236,Metropolitan Museum of Art,Q901402,geographer,5,0
Q1634926,Hugo Cassirer,Q80317,Garçon à la pipe,5,1
Q867510,Cypresses,Q80317,Garçon à la pipe,5,1
Q160236,Metropolitan Museum of Art,Q80317,Garçon à la pipe,3,1
Q1634926,Hugo Cassirer,Q20771242,gallerist,5,1
Q104530765,Hugo Nathan,Q20771242,gallerist,5,1
Q26221176,Two Poplars in the Alpilles near Saint-Rémy,Q20771242,gallerist,4,1
Q29441758,Margarete Mauthner,Q20771242,gallerist,5,1
Q55680361,Oskar Reichel,Q20771242,gallerist,4,1
Q160236,Metropolitan Museum of Art,Q20771242,gallerist,3,1
Q214867,National Gallery of Art,Q20771242,gallerist,5,1
Q74128,Alfred Flechtheim,Q20771242,gallerist,3,1
Q160236,Metropolitan Museum of Art,Q47035109,Galerie Tanner,5,1
Q17277888,Gottlieb Friedrich Reber,Q27431468,Galerie St. Etienne,4,1
Q74128,Alfred Flechtheim,Q27431468,Galerie St. Etienne,4,1
Q55680361,Oskar Reichel,Q1491880,Galerie Nierendorf,4,1
Q867510,Cypresses,Q78161758,Galerie Nathan,5,1
Q867510,Cypresses,Q64216457,Galerie Jacques Dubourg,5,1
Q160236,Metropolitan Museum of Art,Q64216457,Galerie Jacques Dubourg,5,1
Q1634926,Hugo Cassirer,Q47001605,Galerie Fischer,5,1
Q867510,Cypresses,Q47001605,Galerie Fischer,3,1
Q104530765,Hugo Nathan,Q47001605,Galerie Fischer,4,1
Q160236,Metropolitan Museum of Art,Q47001605,Galerie Fischer,4,1
Q26221201,Two Diggers among Trees,Q47001605,Galerie Fischer,5,1
Q26221176,Two Poplars in the Alpilles near Saint-Rémy,Q15305978,galerie Durand-Ruel,3,1
Q74128,Alfred Flechtheim,Q15305978,galerie Durand-Ruel,4,1
Q160236,Metropolitan Museum of Art,Q3094593,Galerie Charpentier,2,1
Q867510,Cypresses,Q50990573,Galerie Cailleux,5,1
Q104530765,Hugo Nathan,Q50990573,Galerie Cailleux,4,1
Q160236,Metropolitan Museum of Art,Q50990573,Galerie Cailleux,4,1
Q26221201,Two Diggers among Trees,Q50990573,Galerie Cailleux,5,1
Q26221176,Two Poplars in the Alpilles near Saint-Rémy,Q61446519,Gabrielle Bentinck-Thyssen,5,1
Q74128,Alfred Flechtheim,Q61446519,Gabrielle Bentinck-Thyssen,4,1
Q17277888,Gottlieb Friedrich Reber,Q21078532,G. David Thompson,4,1
Q55680361,Oskar Reichel,Q21078532,G. David Thompson,4,1
Q74128,Alfred Flechtheim,Q21078532,G. David Thompson,4,1
Q867510,Cypresses,Q11455387,furniture designer,5,0
Q5147536,Josef Feinhals,Q11455387,furniture designer,2,0
Q867510,Cypresses,Q475667,Führermuseum,5,1
Q867510,Cypresses,Q1418856,Fritz Nathan,5,1
Q160236,Metropolitan Museum of Art,Q1418856,Fritz Nathan,4,1
Q1634926,Hugo Cassirer,Q19502360,Fritz Meyer-Fierz,5,1
Q867510,Cypresses,Q19502360,Fritz Meyer-Fierz,1,1
Q104530765,Hugo Nathan,Q19502360,Fritz Meyer-Fierz,4,1
Q21948567,Sunflowers,Q19502360,Fritz Meyer-Fierz,4,1
Q26221176,Two Poplars in the Alpilles near Saint-Rémy,Q19502360,Fritz Meyer-Fierz,4,1
Q160236,Metropolitan Museum of Art,Q19502360,Fritz Meyer-Fierz,4,1
Q26221201,Two Diggers among Trees,Q19502360,Fritz Meyer-Fierz,5,1
Q867510,Cypresses,Q33315010,Frederick Mont,5,1
Q104530765,Hugo Nathan,Q33315010,Frederick Mont,4,1
Q160236,Metropolitan Museum of Art,Q33315010,Frederick Mont,4,1
Q26221201,Two Diggers among Trees,Q33315010,Frederick Mont,5,1
Q160236,Metropolitan Museum of Art,Q96090141,Franziska Figdor,5,1
Q160236,Metropolitan Museum of Art,Q56291714,Franz Kleinberger,5,1
Q160236,Metropolitan Museum of Art,Q142,France,4,0
Q214867,National Gallery of Art,Q142,France,4,0
Q160236,Metropolitan Museum of Art,Q2142783,father of faith,4,0
Q74128,Alfred Flechtheim,Q2142783,father of faith,5,0
Q17277888,Gottlieb Friedrich Reber,Q1979607,financier,5,0
Q324935,Ferenc Hatvany,Q1979607,financier,3,0
Q160236,Metropolitan Museum of Art,Q1979607,financier,3,0
Q214867,National Gallery of Art,Q1979607,financier,3,0
Q74128,Alfred Flechtheim,Q1979607,financier,5,0
Q1634926,Hugo Cassirer,Q1414443,filmmaker,3,0
Q21948567,Sunflowers,Q3282637,film producer,5,0
Q26221176,Two Poplars in the Alpilles near Saint-Rémy,Q3282637,film producer,5,0
Q160236,Metropolitan Museum of Art,Q3282637,film producer,4,0
Q21948567,Sunflowers,Q7042855,film editor,5,0
Q26221176,Two Poplars in the Alpilles near Saint-Rémy,Q7042855,film editor,5,0
Q160236,Metropolitan Museum of Art,Q7042855,film editor,4,0
Q21948567,Sunflowers,Q2526255,film director,5,0
Q26221176,Two Poplars in the Alpilles near Saint-Rémy,Q2526255,film director,5,0
Q160236,Metropolitan Museum of Art,Q2526255,film director,4,0
Q1634926,Hugo Cassirer,Q10800557,film actor,4,0
Q21948567,Sunflowers,Q10800557,film actor,5,0
Q26221176,Two Poplars in the Alpilles near Saint-Rémy,Q10800557,film actor,5,0
Q17277888,Gottlieb Friedrich Reber,Q10800557,film actor,3,0
Q160236,Metropolitan Museum of Art,Q10800557,film actor,3,0
Q214867,National Gallery of Art,Q10800557,film actor,5,0
Q17277888,Gottlieb Friedrich Reber,Q106866308,Figures in a Landscape,5,1
Q55680361,Oskar Reichel,Q106866308,Figures in a Landscape,5,1
Q74128,Alfred Flechtheim,Q106866308,Figures in a Landscape,5,1
Q160236,Metropolitan Museum of Art,Q110146410,Fernande Olivier,3,0
Q20178788,Still Life with Apples,Q324935,Ferenc Hatvany,1,1
Q160236,Metropolitan Museum of Art,Q96090146,Ferdinand Joachim Figdor,3,1
Q160236,Metropolitan Museum of Art,Q157103,"Ferdinand IV, King of the Romans",5,0
Q160236,Metropolitan Museum of Art,Q150575,"Ferdinand III, Holy Roman Emperor",4,0
Q160236,Metropolitan Museum of Art,Q150599,"Ferdinand II, Holy Roman Emperor",3,0
Q324935,Ferenc Hatvany,Q4808368,Femme nue couchée,1,1
Q5147536,Josef Feinhals,Q108841920,Feinhals Haus,1,1
Q160236,Metropolitan Museum of Art,Q77823005,Federico Napoleone,5,0
Q160236,Metropolitan Museum of Art,Q48525,federal government of the United States,5,0
Q160236,Metropolitan Museum of Art,Q496,feces,2,0
Q26221176,Two Poplars in the Alpilles near Saint-Rémy,Q3501317,fashion designer,5,0
Q74128,Alfred Flechtheim,Q3501317,fashion designer,4,0
Q17277888,Gottlieb Friedrich Reber,Q11900058,explorer,5,0
Q160236,Metropolitan Museum of Art,Q11900058,explorer,3,0
Q156426,Alexej von Jawlensky,Q1970746,Explanatory Dictionary of the Living Great Russian Language,5,0
Q160236,Metropolitan Museum of Art,Q1970746,Explanatory Dictionary of the Living Great Russian Language,4,0
Q17277888,Gottlieb Friedrich Reber,Q76433,Eva Braun,5,0
Q55680361,Oskar Reichel,Q76433,Eva Braun,5,0
Q74128,Alfred Flechtheim,Q76433,Eva Braun,5,0
Q104530765,Hugo Nathan,Q53563347,Eugene Thaw,5,1
Q160236,Metropolitan Museum of Art,Q53563347,Eugene Thaw,5,1
Q160236,Metropolitan Museum of Art,Q7126304,Eugène Manet,4,0
Q74128,Alfred Flechtheim,Q105873816,Eugen Gutmann art collection,5,1
Q17277888,Gottlieb Friedrich Reber,Q98806862,Ettore Sestieri,2,1
Q214867,National Gallery of Art,Q98806862,Ettore Sestieri,3,1
Q1634926,Hugo Cassirer,Q20730464,Étienne Bignou,5,0
Q1634926,Hugo Cassirer,Q20730464,Étienne Bignou,5,1
Q867510,Cypresses,Q20730464,Étienne Bignou,3,1
Q104530765,Hugo Nathan,Q20730464,Étienne Bignou,4,1
Q160236,Metropolitan Museum of Art,Q20730464,Étienne Bignou,3,1
Q26221201,Two Diggers among Trees,Q20730464,Étienne Bignou,5,1
Q26221176,Two Poplars in the Alpilles near Saint-Rémy,Q1371378,ethnologist,4,0
Q74128,Alfred Flechtheim,Q1371378,ethnologist,3,0
Q21948567,Sunflowers,Q10862983,etcher,5,0
Q26221176,Two Poplars in the Alpilles near Saint-Rémy,Q10862983,etcher,2,0
Q160236,Metropolitan Museum of Art,Q10862983,etcher,3,0
Q74128,Alfred Flechtheim,Q10862983,etcher,3,0
Q1634926,Hugo Cassirer,Q110491536,Estella Katzenellenbogen,5,1
Q160236,Metropolitan Museum of Art,Q110491536,Estella Katzenellenbogen,4,1
Q160236,Metropolitan Museum of Art,Q66495020,estate owner,4,0
Q17277888,Gottlieb Friedrich Reber,Q2186896,estate,3,0
Q214867,National Gallery of Art,Q2186896,estate,5,0
Q160236,Metropolitan Museum of Art,Q860918,Esperantist,5,0
Q160236,Metropolitan Museum of Art,Q1360879,Ernst von Mendelssohn-Bartholdy,5,1
Q1634926,Hugo Cassirer,Q57188,Ernst Cassirer,4,1
Q160236,Metropolitan Museum of Art,Q777344,Erich Šlomović,5,1
Q214867,National Gallery of Art,Q777344,Erich Šlomović,3,1
Q1634926,Hugo Cassirer,Q2894644,Ephrussi family,4,1
Q17277888,Gottlieb Friedrich Reber,Q2894644,Ephrussi family,5,1
Q160236,Metropolitan Museum of Art,Q2894644,Ephrussi family,4,1
Q26221184,Olive Picking,Q3578589,environmentalist,4,0
Q1634926,Hugo Cassirer,Q131524,entrepreneur,1,0
Q867510,Cypresses,Q131524,entrepreneur,2,0
Q104530765,Hugo Nathan,Q131524,entrepreneur,5,0
Q21948567,Sunflowers,Q131524,entrepreneur,5,0
Q26221176,Two Poplars in the Alpilles near Saint-Rémy,Q131524,entrepreneur,5,0
Q160236,Metropolitan Museum of Art,Q131524,entrepreneur,3,0
Q5147536,Josef Feinhals,Q131524,entrepreneur,1,0
Q214867,National Gallery of Art,Q131524,entrepreneur,3,0
Q74128,Alfred Flechtheim,Q131524,entrepreneur,3,0
Q160236,Metropolitan Museum of Art,Q3055126,entomologist,5,0
Q867510,Cypresses,Q329439,engraver,4,0
Q104530765,Hugo Nathan,Q329439,engraver,5,0
Q160236,Metropolitan Museum of Art,Q329439,engraver,5,0
Q74128,Alfred Flechtheim,Q329439,engraver,5,0
Q1634926,Hugo Cassirer,Q81096,engineer,1,0
Q867510,Cypresses,Q81096,engineer,4,0
Q21948567,Sunflowers,Q81096,engineer,3,0
Q26221176,Two Poplars in the Alpilles near Saint-Rémy,Q81096,engineer,3,0
Q160236,Metropolitan Museum of Art,Q81096,engineer,4,0
Q26221184,Olive Picking,Q81096,engineer,3,0
Q74128,Alfred Flechtheim,Q81096,engineer,4,0
Q160236,Metropolitan Museum of Art,Q4532135,Encyclopedic Lexicon,3,0
Q160236,Metropolitan Museum of Art,Q48968006,encyclopedia.com,5,0
Q160236,Metropolitan Museum of Art,Q753754,Encyclopedia Americana,5,0
Q160236,Metropolitan Museum of Art,Q867541,Encyclopædia Britannica 11th edition,3,0
Q867510,Cypresses,Q96297,Emil Georg Bührle,4,1
Q160236,Metropolitan Museum of Art,Q96297,Emil Georg Bührle,5,1
Q160236,Metropolitan Museum of Art,Q21589753,Else Cassirer,4,1
Q17277888,Gottlieb Friedrich Reber,Q72958372,Elkan Silberman,3,1
Q55680361,Oskar Reichel,Q72958372,Elkan Silberman,3,1
Q74128,Alfred Flechtheim,Q72958372,Elkan Silberman,3,1
Q160236,Metropolitan Museum of Art,Q279283,election in the United States,4,0
Q26221176,Two Poplars in the Alpilles near Saint-Rémy,Q33011974,Edwin Suermondt,3,1
Q74128,Alfred Flechtheim,Q33011974,Edwin Suermondt,2,1
Q26221176,Two Poplars in the Alpilles near Saint-Rémy,Q43301751,Edward Speelman,5,1
Q74128,Alfred Flechtheim,Q43301751,Edward Speelman,4,1
Q1634926,Hugo Cassirer,Q24255440,Eduard Cassirer,3,1
Q160236,Metropolitan Museum of Art,Q24255440,Eduard Cassirer,5,1
Q657415,Cleveland Museum of Art,Q28065291,Edouard von Saher,4,1
Q160236,Metropolitan Museum of Art,Q40599,Édouard Manet,2,1
Q214867,National Gallery of Art,Q40599,Édouard Manet,4,1
Q160236,Metropolitan Museum of Art,Q2443913,Édouard Alphonse James de Rothschild,5,1
Q160236,Metropolitan Museum of Art,Q467167,Edmond James de Rothschild,3,1
Q214867,National Gallery of Art,Q467167,Edmond James de Rothschild,5,1
Q160236,Metropolitan Museum of Art,Q932401,Edmond Adolphe de Rothschild,3,1
Q867510,Cypresses,Q1607826,editor,5,0
Q104530765,Hugo Nathan,Q1607826,editor,4,0
Q17277888,Gottlieb Friedrich Reber,Q1607826,editor,4,0
Q55680361,Oskar Reichel,Q1607826,editor,5,0
Q160236,Metropolitan Museum of Art,Q1607826,editor,4,0
Q26221201,Two Diggers among Trees,Q1607826,editor,5,0
Q74128,Alfred Flechtheim,Q1607826,editor,5,0
Q160236,Metropolitan Museum of Art,Q84798010,Edited By – Women Film Editors,5,0
Q21948567,Sunflowers,Q5334534,Ed Bass,5,0
Q26221176,Two Poplars in the Alpilles near Saint-Rémy,Q5334534,Ed Bass,5,0
Q160236,Metropolitan Museum of Art,Q188094,economist,3,0
Q160236,Metropolitan Museum of Art,Q27981616,Ecce Homo,5,1
Q17277888,Gottlieb Friedrich Reber,Q13575004,E. & A. Silberman Galleries,2,1
Q55680361,Oskar Reichel,Q13575004,E. & A. Silberman Galleries,2,1
Q74128,Alfred Flechtheim,Q13575004,E. & A. Silberman Galleries,2,1
Q160236,Metropolitan Museum of Art,Q166886,duke,5,0
Q160236,Metropolitan Museum of Art,Q3040048,Drouot,5,1
Q160236,Metropolitan Museum of Art,Q2453629,drinking vessel,3,0
Q160236,Metropolitan Museum of Art,Q2034021,dressmaker,4,0
Q156426,Alexej von Jawlensky,Q15296811,drawer,1,0
Q1634926,Hugo Cassirer,Q15296811,drawer,5,0
Q867510,Cypresses,Q15296811,drawer,5,0
Q21948567,Sunflowers,Q15296811,drawer,5,0
Q26221176,Two Poplars in the Alpilles near Saint-Rémy,Q15296811,drawer,2,0
Q160236,Metropolitan Museum of Art,Q15296811,drawer,3,0
Q5147536,Josef Feinhals,Q15296811,drawer,2,0
Q214867,National Gallery of Art,Q15296811,drawer,5,0
Q74128,Alfred Flechtheim,Q15296811,drawer,3,0
Q1634926,Hugo Cassirer,Q14623005,draftsperson,5,0
Q867510,Cypresses,Q14623005,draftsperson,4,0
Q104530765,Hugo Nathan,Q14623005,draftsperson,5,0
Q21948567,Sunflowers,Q14623005,draftsperson,5,0
Q26221176,Two Poplars in the Alpilles near Saint-Rémy,Q14623005,draftsperson,5,0
Q160236,Metropolitan Museum of Art,Q14623005,draftsperson,3,0
Q214867,National Gallery of Art,Q14623005,draftsperson,5,0
Q74128,Alfred Flechtheim,Q14623005,draftsperson,4,0
Q160236,Metropolitan Museum of Art,Q35275336,Dr. Willi Raeber,4,1
Q1634926,Hugo Cassirer,Q107676574,Dr. Fritz Rosenfeld,5,1
Q867510,Cypresses,Q107676574,Dr. Fritz Rosenfeld,3,1
Q104530765,Hugo Nathan,Q107676574,Dr. Fritz Rosenfeld,4,1
Q26221201,Two Diggers among Trees,Q107676574,Dr. Fritz Rosenfeld,5,1
Q214867,National Gallery of Art,Q1968442,donor,4,1
Q160236,Metropolitan Museum of Art,Q75328088,Dominique-Alexandre Roman-Fricero,5,0
Q1634926,Hugo Cassirer,Q25391673,Domenica Walter,5,1
Q867510,Cypresses,Q25391673,Domenica Walter,3,1
Q104530765,Hugo Nathan,Q25391673,Domenica Walter,4,1
Q160236,Metropolitan Museum of Art,Q25391673,Domenica Walter,4,1
Q26221201,Two Diggers among Trees,Q25391673,Domenica Walter,5,1
Q55680361,Oskar Reichel,Q19883543,Doctor Emma Veronika Sanders,3,1
Q74128,Alfred Flechtheim,Q19883543,Doctor Emma Veronika Sanders,3,1
Q17277888,Gottlieb Friedrich Reber,Q1162163,director,2,0
Q160236,Metropolitan Museum of Art,Q3455803,director,4,0
Q160236,Metropolitan Museum of Art,Q1162163,director,5,0
Q160236,Metropolitan Museum of Art,Q193391,diplomat,3,0
Q214867,National Gallery of Art,Q193391,diplomat,3,0
Q74128,Alfred Flechtheim,Q193391,diplomat,5,0
Q867510,Cypresses,Q1221807,Dieter Bührle,5,1
Q160236,Metropolitan Museum of Art,Q452379,Diego Columbus,3,0
Q160236,Metropolitan Museum of Art,Q325909,Diego Colombos,4,0
Q160236,Metropolitan Museum of Art,Q668424,"Diego, Prince of Asturias",5,0
Q74128,Alfred Flechtheim,Q93734702,Die Zusammenarbeit der Kunsthandlungen Julius Böhler München und Karl Haberstock Berlin: Eine Analyse gemeinsam gehandelter Gemälde zwischen 1936 und 1945,5,1
Q160236,Metropolitan Museum of Art,Q105802405,Dictionary of Women Worldwide,4,0
Q160236,Metropolitan Museum of Art,Q46002746,Dictionary of African Biography,5,0
Q11770767,Still life with coffee pot  dishes and fruit,Q18939491,diarist,3,0
Q160236,Metropolitan Museum of Art,Q18939491,diarist,4,0
Q74128,Alfred Flechtheim,Q18939491,diarist,5,0
Q657415,Cleveland Museum of Art,Q18939491,diarist,3,0
Q1634926,Hugo Cassirer,Q27349,dentist,4,0
Q1634926,Hugo Cassirer,Q1186818,Den Store Danske Encyklopædi,5,0
Q160236,Metropolitan Museum of Art,Q1186818,Den Store Danske Encyklopædi,3,0
Q214867,National Gallery of Art,Q1186818,Den Store Danske Encyklopædi,5,0
Q17277888,Gottlieb Friedrich Reber,Q10478639,church death record,5,0
Q160236,Metropolitan Museum of Art,Q18242306,dealer,3,1
Q160236,Metropolitan Museum of Art,Q110637123,David Katz,5,1
Q214867,National Gallery of Art,Q325810,David K. E. Bruce,4,1
Q867510,Cypresses,Q17254907,David Graham Carritt,5,1
Q104530765,Hugo Nathan,Q17254907,David Graham Carritt,4,1
Q160236,Metropolitan Museum of Art,Q17254907,David Graham Carritt,4,1
Q26221201,Two Diggers among Trees,Q17254907,David Graham Carritt,5,1
Q867510,Cypresses,Q723358,Daniel Wildenstein,4,1
Q104530765,Hugo Nathan,Q723358,Daniel Wildenstein,3,1
Q29441758,Margarete Mauthner,Q723358,Daniel Wildenstein,5,1
Q160236,Metropolitan Museum of Art,Q723358,Daniel Wildenstein,3,1
Q26221201,Two Diggers among Trees,Q723358,Daniel Wildenstein,4,1
Q104530765,Hugo Nathan,Q867510,Cypresses,5,1
Q21948567,Sunflowers,Q867510,Cypresses,5,1
Q26221176,Two Poplars in the Alpilles near Saint-Rémy,Q867510,Cypresses,5,1
Q160236,Metropolitan Museum of Art,Q867510,Cypresses,5,1
Q17277888,Gottlieb Friedrich Reber,Q4904268,Curt Valentin,4,1
Q55680361,Oskar Reichel,Q4904268,Curt Valentin,4,1
Q74128,Alfred Flechtheim,Q4904268,Curt Valentin,4,1
Q1634926,Hugo Cassirer,Q674426,curator,4,1
Q214867,National Gallery of Art,Q674426,curator,4,1
Q17277888,Gottlieb Friedrich Reber,Q2805058,Cupid Complaining to Venus,3,1
Q55680361,Oskar Reichel,Q2805058,Cupid Complaining to Venus,3,1
Q74128,Alfred Flechtheim,Q2805058,Cupid Complaining to Venus,3,1
Q160236,Metropolitan Museum of Art,Q1142334,Crystal Bridges Museum of American Art,2,0
Q55680361,Oskar Reichel,Q64513741,Crucifixion,3,1
Q74128,Alfred Flechtheim,Q64513741,Crucifixion,3,1
Q160236,Metropolitan Museum of Art,Q6430706,critic,5,0
Q160236,Metropolitan Museum of Art,Q12299841,cricketer,4,0
Q867510,Cypresses,Q60476309,Countess Széchenyi,4,1
Q104530765,Hugo Nathan,Q60476309,Countess Széchenyi,5,1
Q160236,Metropolitan Museum of Art,Q60476309,Countess Széchenyi,5,1
Q160236,Metropolitan Museum of Art,Q22932,count palatine,5,0
Q160236,Metropolitan Museum of Art,Q708492,council member,4,0
Q21948567,Sunflowers,Q94378647,Cornelis Marinus van Gogh,5,0
Q26221176,Two Poplars in the Alpilles near Saint-Rémy,Q94378647,Cornelis Marinus van Gogh,5,0
Q160236,Metropolitan Museum of Art,Q94378647,Cornelis Marinus van Gogh,5,0
Q160236,Metropolitan Museum of Art,Q1297822,copyright,2,0
Q1201549,Detroit Institute of Arts,Q1297822,copyright,2,0
Q160236,Metropolitan Museum of Art,Q38695,cooking,2,0
Q214867,National Gallery of Art,Q38695,cooking,4,0
Q17277888,Gottlieb Friedrich Reber,Q876864,contributing editor,4,0
Q29441758,Margarete Mauthner,Q158852,conductor,3,0
Q1634926,Hugo Cassirer,Q21550489,conceptual artist,5,0
Q160236,Metropolitan Museum of Art,Q21550489,conceptual artist,5,0
Q17277888,Gottlieb Friedrich Reber,Q19883783,Composition with Color Planes 5,5,1
Q55680361,Oskar Reichel,Q19883783,Composition with Color Planes 5,5,1
Q74128,Alfred Flechtheim,Q19883783,Composition with Color Planes 5,5,1
Q29441758,Margarete Mauthner,Q36834,composer,1,0
Q160236,Metropolitan Museum of Art,Q36834,composer,3,0
Q1634926,Hugo Cassirer,Q1780490,communard,5,0
Q160236,Metropolitan Museum of Art,Q1780490,communard,3,0
Q214867,National Gallery of Art,Q1780490,communard,5,0
Q21948567,Sunflowers,Q1086863,columnist,5,0
Q26221176,Two Poplars in the Alpilles near Saint-Rémy,Q1086863,columnist,5,0
Q160236,Metropolitan Museum of Art,Q1086863,columnist,5,0
Q26221176,Two Poplars in the Alpilles near Saint-Rémy,Q3243461,collector,4,1
Q17277888,Gottlieb Friedrich Reber,Q3243461,collector,2,1
Q29441758,Margarete Mauthner,Q3243461,collector,1,1
Q160236,Metropolitan Museum of Art,Q3243461,collector,4,1
Q214867,National Gallery of Art,Q3243461,collector,3,1
Q74128,Alfred Flechtheim,Q3243461,collector,3,1
Q160236,Metropolitan Museum of Art,Q3262402,cloistered nun,4,0
Q1634926,Hugo Cassirer,Q60729883,Cleveland Museum of Art Open Access project,5,0
Q867510,Cypresses,Q60729883,Cleveland Museum of Art Open Access project,3,0
Q104530765,Hugo Nathan,Q60729883,Cleveland Museum of Art Open Access project,4,0
Q160236,Metropolitan Museum of Art,Q60729883,Cleveland Museum of Art Open Access project,4,0
Q26221201,Two Diggers among Trees,Q60729883,Cleveland Museum of Art Open Access project,5,0
Q1634926,Hugo Cassirer,Q657415,Cleveland Museum of Art,5,1
Q867510,Cypresses,Q657415,Cleveland Museum of Art,3,1
Q104530765,Hugo Nathan,Q657415,Cleveland Museum of Art,4,1
Q26221176,Two Poplars in the Alpilles near Saint-Rémy,Q657415,Cleveland Museum of Art,1,1
Q26221201,Two Diggers among Trees,Q657415,Cleveland Museum of Art,5,1
Q74128,Alfred Flechtheim,Q657415,Cleveland Museum of Art,2,1
Q160236,Metropolitan Museum of Art,Q96242104,Clément Manet,4,0
Q160236,Metropolitan Museum of Art,Q96242105,Clément Jean-Baptiste Manet,5,0
Q160236,Metropolitan Museum of Art,Q2468727,classical scholar,5,0
Q160236,Metropolitan Museum of Art,Q21680663,classical composer,4,0
Q17277888,Gottlieb Friedrich Reber,Q53438402,Clara Westman,5,0
Q17277888,Gottlieb Friedrich Reber,Q212238,civil servant,4,0
Q160236,Metropolitan Museum of Art,Q59916588,City of Toulouse,5,0
Q160236,Metropolitan Museum of Art,Q222344,cinematographer,4,0
Q160236,Metropolitan Museum of Art,Q96071935,"Christie's, New York",4,1
Q55680361,Oskar Reichel,Q12306176,Christian Tetzen-Lund,4,1
Q74128,Alfred Flechtheim,Q12306176,Christian Tetzen-Lund,2,1
Q21948567,Sunflowers,Q1423891,Christian minister,4,0
Q26221176,Two Poplars in the Alpilles near Saint-Rémy,Q1423891,Christian minister,4,0
Q160236,Metropolitan Museum of Art,Q1423891,Christian minister,4,0
Q160236,Metropolitan Museum of Art,Q657550,Christian I,5,0
Q160236,Metropolitan Museum of Art,Q28020362,Christ and the Woman Taken in Adultery,5,0
Q160236,Metropolitan Museum of Art,Q26722705,Christ and the Woman of Samaria,5,0
Q160236,Metropolitan Museum of Art,Q27979524,Christ and the Woman of Samaria,5,0
Q1634926,Hugo Cassirer,Q593644,chemist,5,0
Q26221176,Two Poplars in the Alpilles near Saint-Rémy,Q593644,chemist,4,0
Q160236,Metropolitan Museum of Art,Q593644,chemist,4,0
Q214867,National Gallery of Art,Q593644,chemist,5,0
Q74128,Alfred Flechtheim,Q593644,chemist,3,0
Q160236,Metropolitan Museum of Art,Q1461848,Château de Ferrières,5,1
Q160236,Metropolitan Museum of Art,Q34064952,"Charlotte Spencer-Churchill, Duchess of Marlborough",4,0
Q160236,Metropolitan Museum of Art,Q262788,Charlotte Napoléone Bonaparte,5,0
Q104530765,Hugo Nathan,Q2960213,Charles Sedelmeyer,5,1
Q160236,Metropolitan Museum of Art,Q2960213,Charles Sedelmeyer,2,1
Q160236,Metropolitan Museum of Art,Q56297473,Charles R. Henschel,5,1
Q160236,Metropolitan Museum of Art,Q134309,Charles IX of France,5,0
Q160236,Metropolitan Museum of Art,Q62594,"Charles III Philip, Elector Palatine",3,0
Q160236,Metropolitan Museum of Art,Q36234,Charles III of Spain,5,0
Q160236,Metropolitan Museum of Art,Q36174,Charles II of Spain,4,0
Q1634926,Hugo Cassirer,Q104439776,Charles Durand-Ruel,5,1
Q160236,Metropolitan Museum of Art,Q104439776,Charles Durand-Ruel,3,1
Q160236,Metropolitan Museum of Art,Q104439800,Charles Durand-Ruel,4,1
Q214867,National Gallery of Art,Q104439776,Charles Durand-Ruel,5,1
Q867510,Cypresses,Q21069797,Charles Carstairs,4,1
Q104530765,Hugo Nathan,Q21069797,Charles Carstairs,5,1
Q21948567,Sunflowers,Q21069797,Charles Carstairs,5,1
Q26221176,Two Poplars in the Alpilles near Saint-Rémy,Q21069797,Charles Carstairs,5,1
Q17277888,Gottlieb Friedrich Reber,Q21069797,Charles Carstairs,5,1
Q160236,Metropolitan Museum of Art,Q21069797,Charles Carstairs,3,1
Q74128,Alfred Flechtheim,Q21069797,Charles Carstairs,5,1
Q657415,Cleveland Museum of Art,Q5074681,Charlene von Saher,5,1
Q160236,Metropolitan Museum of Art,Q66660783,charity worker,4,0
Q1634926,Hugo Cassirer,Q140686,chairperson,5,0
Q160236,Metropolitan Museum of Art,Q140686,chairperson,5,0
Q160236,Metropolitan Museum of Art,Q15969109,César-Emmanuel-Flavien Henrion de Staal de Magnoncour,2,0
Q160236,Metropolitan Museum of Art,Q7541856,ceramicist,4,0
Q214867,National Gallery of Art,Q7541856,ceramicist,5,0
Q214867,National Gallery of Art,Q2944360,,4,0
Q160236,Metropolitan Museum of Art,Q235812,"Cecilie, Crown Princess of Germany",5,0
Q160236,Metropolitan Museum of Art,Q250867,Catholic priest,3,0
Q214867,National Gallery of Art,Q250867,Catholic priest,3,0
Q160236,Metropolitan Museum of Art,Q302556,Catholic Encyclopedia,4,0
Q160236,Metropolitan Museum of Art,Q25393460,Catholic deacon,5,0
Q160236,Metropolitan Museum of Art,Q234257,Catherine Pavlovna of Russia,4,0
Q160236,Metropolitan Museum of Art,Q237737,Catherine of Austria,5,0
Q17277888,Gottlieb Friedrich Reber,Q179718,Catherine of Alexandria,3,0
Q214867,National Gallery of Art,Q179718,Catherine of Alexandria,5,0
Q160236,Metropolitan Museum of Art,Q36450,Catherine II of Russia,5,0
Q657415,Cleveland Museum of Art,Q36450,Catherine II of Russia,5,0
Q17277888,Gottlieb Friedrich Reber,Q106849354,Cataract of Figures,5,1
Q55680361,Oskar Reichel,Q106849354,Cataract of Figures,5,1
Q74128,Alfred Flechtheim,Q106849354,Cataract of Figures,5,1
Q17277888,Gottlieb Friedrich Reber,Q16986324,Catalog of the paintings on show at the Rijksmuseum in 1956,5,1
Q214867,National Gallery of Art,Q16986324,Catalog of the paintings on show at the Rijksmuseum in 1956,5,1
Q657415,Cleveland Museum of Art,Q16986324,Catalog of the paintings on show at the Rijksmuseum in 1956,5,1
Q867510,Cypresses,Q5046521,Carroll Carstairs,5,1
Q160236,Metropolitan Museum of Art,Q5046521,Carroll Carstairs,4,1
Q26221176,Two Poplars in the Alpilles near Saint-Rémy,Q1043967,Carnegie Museum of Art,3,1
Q160236,Metropolitan Museum of Art,Q1043967,Carnegie Museum of Art,4,1
Q74128,Alfred Flechtheim,Q1043967,Carnegie Museum of Art,4,1
Q160236,Metropolitan Museum of Art,Q5750314,Carlos Fernando de Austria y Manrique,5,0
Q1634926,Hugo Cassirer,Q222728,Carinhall,5,1
Q17277888,Gottlieb Friedrich Reber,Q222728,Carinhall,2,1
Q160236,Metropolitan Museum of Art,Q222728,Carinhall,5,1
Q214867,National Gallery of Art,Q222728,Carinhall,4,1
Q21948567,Sunflowers,Q28874033,C.M. van Gogh Gallery,4,1
Q26221176,Two Poplars in the Alpilles near Saint-Rémy,Q28874033,C.M. van Gogh Gallery,4,1
Q1634926,Hugo Cassirer,Q43845,businessperson,3,0
Q867510,Cypresses,Q43845,businessperson,2,0
Q104530765,Hugo Nathan,Q43845,businessperson,4,0
Q21948567,Sunflowers,Q43845,businessperson,5,0
Q26221176,Two Poplars in the Alpilles near Saint-Rémy,Q43845,businessperson,2,0
Q17277888,Gottlieb Friedrich Reber,Q43845,businessperson,5,0
Q69860245,Mór Lipót Herzog,Q43845,businessperson,1,0
Q324935,Ferenc Hatvany,Q43845,businessperson,2,0
Q55680361,Oskar Reichel,Q43845,businessperson,5,0
Q160236,Metropolitan Museum of Art,Q43845,businessperson,3,0
Q26221201,Two Diggers among Trees,Q43845,businessperson,5,0
Q214867,National Gallery of Art,Q43845,businessperson,3,0
Q20178788,Still Life with Apples,Q43845,businessperson,3,0
Q74128,Alfred Flechtheim,Q43845,businessperson,3,0
Q1634926,Hugo Cassirer,Q18223037,Bunch of Asparagus,3,1
Q21948567,Sunflowers,Q18223037,Bunch of Asparagus,5,1
Q26221176,Two Poplars in the Alpilles near Saint-Rémy,Q18223037,Bunch of Asparagus,5,1
Q17277888,Gottlieb Friedrich Reber,Q18223037,Bunch of Asparagus,4,1
Q29441758,Margarete Mauthner,Q18223037,Bunch of Asparagus,5,1
Q160236,Metropolitan Museum of Art,Q18223037,Bunch of Asparagus,3,1
Q867510,Cypresses,Q66677,Bruno Paul,4,1
Q160236,Metropolitan Museum of Art,Q66677,Bruno Paul,5,1
Q5147536,Josef Feinhals,Q66677,Bruno Paul,1,1
Q1634926,Hugo Cassirer,Q89582,Bruno Lohse,4,1
Q17277888,Gottlieb Friedrich Reber,Q89582,Bruno Lohse,5,1
Q160236,Metropolitan Museum of Art,Q89582,Bruno Lohse,4,1
Q160236,Metropolitan Museum of Art,Q91618,Bruno Cassirer,5,1
Q74128,Alfred Flechtheim,Q109354198,Boy Holding a Blue Vase,1,1
Q160236,Metropolitan Museum of Art,Q2374149,botanist,5,0
Q21948567,Sunflowers,Q3148760,botanical illustrator,5,0
Q26221176,Two Poplars in the Alpilles near Saint-Rémy,Q3148760,botanical illustrator,5,0
Q160236,Metropolitan Museum of Art,Q3148760,botanical illustrator,3,0
Q160236,Metropolitan Museum of Art,Q998550,bookseller,5,0
Q21948567,Sunflowers,Q8246794,blogger,5,0
Q26221176,Two Poplars in the Alpilles near Saint-Rémy,Q8246794,blogger,5,0
Q160236,Metropolitan Museum of Art,Q865736,Birmingham Museum of Art,4,1
Q160236,Metropolitan Museum of Art,Q864503,biologist,3,0
Q160236,Metropolitan Museum of Art,Q36279,biography,4,0
Q160236,Metropolitan Museum of Art,Q864380,biographer,4,0
Q214867,National Gallery of Art,Q864380,biographer,3,0
Q74128,Alfred Flechtheim,Q864380,biographer,5,0
Q657415,Cleveland Museum of Art,Q864380,biographer,3,0
Q1634926,Hugo Cassirer,Q15619234,Bignou Gallery,4,1
Q867510,Cypresses,Q15619234,Bignou Gallery,4,1
Q104530765,Hugo Nathan,Q15619234,Bignou Gallery,5,1
Q17277888,Gottlieb Friedrich Reber,Q15619234,Bignou Gallery,5,1
Q160236,Metropolitan Museum of Art,Q15619234,Bignou Gallery,2,1
Q657415,Cleveland Museum of Art,Q4086271,Bible Encyclopedia of Archimandrite Nicephorus,3,0
Q160236,Metropolitan Museum of Art,Q45320214,Beteiligte Privatpersonen und Körperschaften am NS-Kulturgutraub,5,1
Q214867,National Gallery of Art,Q45320214,Beteiligte Privatpersonen und Körperschaften am NS-Kulturgutraub,3,1
Q26221176,Two Poplars in the Alpilles near Saint-Rémy,Q85095826,Berthe Erni,4,1
Q74128,Alfred Flechtheim,Q85095826,Berthe Erni,3,1
Q74128,Alfred Flechtheim,Q94764626,Bertha Flechtheim,1,1
Q17277888,Gottlieb Friedrich Reber,Q51037488,Berta Fritsch,2,1
Q160236,Metropolitan Museum of Art,Q51037488,Berta Fritsch,5,1
Q160236,Metropolitan Museum of Art,Q826482,Bernheim-Jeune,4,1
Q214867,National Gallery of Art,Q826482,Bernheim-Jeune,4,1
Q104530765,Hugo Nathan,Q98605872,Bernhard Witke,5,1
Q160236,Metropolitan Museum of Art,Q98605872,Bernhard Witke,5,1
Q26221197,Two Peasant Women Digging in Field with Snow,Q825450,Bernhard Koehler,1,1
Q21948567,Sunflowers,Q28842706,Bernard Houthakker,4,1
Q26221176,Two Poplars in the Alpilles near Saint-Rémy,Q28842706,Bernard Houthakker,4,1
Q160236,Metropolitan Museum of Art,Q359047,Bernard Berenson,4,1
Q160236,Metropolitan Museum of Art,Q59628896,Bermann Fischer Brigitte,5,1
Q867510,Cypresses,Q318815,Bergier commission,4,1
Q104530765,Hugo Nathan,Q318815,Bergier commission,5,1
Q160236,Metropolitan Museum of Art,Q318815,Bergier commission,5,1
Q160236,Metropolitan Museum of Art,Q54957312,Benjamin Katz,5,1
Q160236,Metropolitan Museum of Art,Q554620,Benjamin de Rothschild,4,1
Q160236,Metropolitan Museum of Art,Q2895984,Benjamin Altman,2,1
Q74128,Alfred Flechtheim,Q23559,Benito Mussolini,5,1
Q160236,Metropolitan Museum of Art,Q663913,Belvédère Castle,5,1
Q160236,Metropolitan Museum of Art,Q30557313,Belle Linsky,5,1
Q160236,Metropolitan Museum of Art,Q4882133,Beldon Katleman,4,0
Q1634926,Hugo Cassirer,Q51955019,BEIC Digital Library,5,0
Q21948567,Sunflowers,Q51955019,BEIC Digital Library,5,0
Q26221176,Two Poplars in the Alpilles near Saint-Rémy,Q51955019,BEIC Digital Library,5,0
Q160236,Metropolitan Museum of Art,Q51955019,BEIC Digital Library,3,0
Q214867,National Gallery of Art,Q51955019,BEIC Digital Library,5,0
Q160236,Metropolitan Museum of Art,Q275569,Béatrice Ephrussi de Rothschild,5,1
Q17277888,Gottlieb Friedrich Reber,Q20276076,Bathers by a River,5,1
Q55680361,Oskar Reichel,Q20276076,Bathers by a River,5,1
Q74128,Alfred Flechtheim,Q20276076,Bathers by a River,5,1
Q1634926,Hugo Cassirer,Q806798,banker,5,0
Q867510,Cypresses,Q806798,banker,3,0
Q17277888,Gottlieb Friedrich Reber,Q806798,banker,5,0
Q69860245,Mór Lipót Herzog,Q806798,banker,1,0
Q324935,Ferenc Hatvany,Q806798,banker,2,0
Q55680361,Oskar Reichel,Q806798,banker,5,0
Q160236,Metropolitan Museum of Art,Q806798,banker,3,0
Q26221184,Olive Picking,Q806798,banker,2,0
Q214867,National Gallery of Art,Q806798,banker,3,0
Q20178788,Still Life with Apples,Q806798,banker,3,0
Q74128,Alfred Flechtheim,Q806798,banker,5,0
Q29441758,Margarete Mauthner,Q806349,bandleader,3,0
Q160236,Metropolitan Museum of Art,Q2876634,B. Altman and Company,3,1
Q160236,Metropolitan Museum of Art,Q27978238,Autumn with Moses receiving the Ten Commandments,5,0
Q160236,Metropolitan Museum of Art,Q766863,Auguste Pellerin,2,1
Q214867,National Gallery of Art,Q766863,Auguste Pellerin,2,1
Q160236,Metropolitan Museum of Art,Q766737,Auguste Manet,3,0
Q214867,National Gallery of Art,Q766737,Auguste Manet,5,0
Q74128,Alfred Flechtheim,Q64349,August Thyssen,5,1
Q160236,Metropolitan Museum of Art,Q636400,Ashmolean Museum,4,1
Q160236,Metropolitan Museum of Art,Q75382955,"Artemy Nikolaievich Iskander, Prince Romanovsky-Iskander",5,0
Q867510,Cypresses,Q83874292,Artemis S.A.,5,1
Q104530765,Hugo Nathan,Q83874292,Artemis S.A.,4,1
Q160236,Metropolitan Museum of Art,Q83874292,Artemis S.A.,4,1
Q26221201,Two Diggers among Trees,Q83874292,Artemis S.A.,5,1
Q1634926,Hugo Cassirer,Q16741013,art thief,5,1
Q160236,Metropolitan Museum of Art,Q16741013,art thief,5,1
Q1634926,Hugo Cassirer,Q30335959,Art Looting Investigation Unit,5,1
Q104530765,Hugo Nathan,Q30335959,Art Looting Investigation Unit,3,1
Q17277888,Gottlieb Friedrich Reber,Q30335959,Art Looting Investigation Unit,1,1
Q29441758,Margarete Mauthner,Q30335959,Art Looting Investigation Unit,5,1
Q160236,Metropolitan Museum of Art,Q30335959,Art Looting Investigation Unit,3,1
Q26221201,Two Diggers among Trees,Q30335959,Art Looting Investigation Unit,4,1
Q214867,National Gallery of Art,Q30335959,Art Looting Investigation Unit,3,1
Q74128,Alfred Flechtheim,Q30335959,Art Looting Investigation Unit,5,1
Q17277888,Gottlieb Friedrich Reber,Q239303,Art Institute of Chicago,4,1
Q160236,Metropolitan Museum of Art,Q239303,Art Institute of Chicago,4,1
Q74128,Alfred Flechtheim,Q239303,Art Institute of Chicago,4,1
Q1634926,Hugo Cassirer,Q50637,art history,5,1
Q104530765,Hugo Nathan,Q50637,art history,5,1
Q160236,Metropolitan Museum of Art,Q50637,art history,3,1
Q214867,National Gallery of Art,Q50637,art history,5,1
Q1634926,Hugo Cassirer,Q1792450,art historian,5,1
Q867510,Cypresses,Q1792450,art historian,5,1
Q104530765,Hugo Nathan,Q1792450,art historian,4,1
Q26221176,Two Poplars in the Alpilles near Saint-Rémy,Q1792450,art historian,2,1
Q29441758,Margarete Mauthner,Q1792450,art historian,5,1
Q55680361,Oskar Reichel,Q1792450,art historian,5,1
Q160236,Metropolitan Museum of Art,Q1792450,art historian,3,1
Q26221201,Two Diggers among Trees,Q1792450,art historian,5,1
Q214867,National Gallery of Art,Q1792450,art historian,4,1
Q74128,Alfred Flechtheim,Q1792450,art historian,1,1
Q160236,Metropolitan Museum of Art,Q705551,Art Gallery of New South Wales,4,1
Q214867,National Gallery of Art,Q705551,Art Gallery of New South Wales,4,1
Q1634926,Hugo Cassirer,Q173950,art dealer,2,1
Q867510,Cypresses,Q173950,art dealer,2,1
Q104530765,Hugo Nathan,Q173950,art dealer,3,1
Q21948567,Sunflowers,Q173950,art dealer,3,1
Q26221176,Two Poplars in the Alpilles near Saint-Rémy,Q173950,art dealer,2,1
Q17277888,Gottlieb Friedrich Reber,Q173950,art dealer,1,1
Q324935,Ferenc Hatvany,Q173950,art dealer,3,1
Q55680361,Oskar Reichel,Q173950,art dealer,4,1
Q160236,Metropolitan Museum of Art,Q173950,art dealer,3,1
Q26221201,Two Diggers among Trees,Q173950,art dealer,4,1
Q214867,National Gallery of Art,Q173950,art dealer,3,1
Q74128,Alfred Flechtheim,Q173950,art dealer,1,1
Q1634926,Hugo Cassirer,Q4164507,art critic,5,1
Q26221176,Two Poplars in the Alpilles near Saint-Rémy,Q4164507,art critic,4,1
Q11770767,Still life with coffee pot  dishes and fruit,Q4164507,art critic,2,1
Q160236,Metropolitan Museum of Art,Q4164507,art critic,5,1
Q74128,Alfred Flechtheim,Q4164507,art critic,3,1
Q156426,Alexej von Jawlensky,Q10732476,art collector,1,1
Q666331,Foundation E.G. Bührle Collection,Q10732476,art collector,3,1
Q1634926,Hugo Cassirer,Q10732476,art collector,3,1
Q867510,Cypresses,Q10732476,art collector,2,1
Q104530765,Hugo Nathan,Q10732476,art collector,1,1
Q21948567,Sunflowers,Q10732476,art collector,2,1
Q26221176,Two Poplars in the Alpilles near Saint-Rémy,Q10732476,art collector,2,1
Q17277888,Gottlieb Friedrich Reber,Q10732476,art collector,1,1
Q69860245,Mór Lipót Herzog,Q10732476,art collector,1,1
Q29441758,Margarete Mauthner,Q10732476,art collector,1,1
Q26221197,Two Peasant Women Digging in Field with Snow,Q10732476,art collector,2,1
Q324935,Ferenc Hatvany,Q10732476,art collector,1,1
Q55680361,Oskar Reichel,Q10732476,art collector,1,1
Q11770767,Still life with coffee pot  dishes and fruit,Q10732476,art collector,2,1
Q160236,Metropolitan Museum of Art,Q10732476,art collector,3,1
Q5147536,Josef Feinhals,Q10732476,art collector,1,1
Q26221184,Olive Picking,Q10732476,art collector,2,1
Q26221201,Two Diggers among Trees,Q10732476,art collector,2,1
Q214867,National Gallery of Art,Q10732476,art collector,3,1
Q20178788,Still Life with Apples,Q10732476,art collector,2,1
Q74128,Alfred Flechtheim,Q10732476,art collector,1,1
Q657415,Cleveland Museum of Art,Q10732476,art collector,3,1
Q160236,Metropolitan Museum of Art,Q24909800,Art+Feminism,3,1
Q214867,National Gallery of Art,Q24909800,Art+Feminism,4,1
Q104530765,Hugo Nathan,Q97940197,Arnold Seligmann,5,1
Q160236,Metropolitan Museum of Art,Q98831742,"Armorial of the members of the court council of Rudolf II of Habsburg (1552-1612), German emperor",3,0
Q156426,Alexej von Jawlensky,Q2657718,Armenian Soviet Encyclopedia,5,0
Q867510,Cypresses,Q2657718,Armenian Soviet Encyclopedia,4,0
Q21948567,Sunflowers,Q2657718,Armenian Soviet Encyclopedia,5,0
Q17277888,Gottlieb Friedrich Reber,Q2657718,Armenian Soviet Encyclopedia,2,0
Q324935,Ferenc Hatvany,Q2657718,Armenian Soviet Encyclopedia,4,0
Q160236,Metropolitan Museum of Art,Q2657718,Armenian Soviet Encyclopedia,3,0
Q214867,National Gallery of Art,Q2657718,Armenian Soviet Encyclopedia,4,0
Q867510,Cypresses,Q363383,Armand Hammer,4,1
Q104530765,Hugo Nathan,Q363383,Armand Hammer,5,1
Q21948567,Sunflowers,Q363383,Armand Hammer,5,1
Q26221176,Two Poplars in the Alpilles near Saint-Rémy,Q363383,Armand Hammer,5,1
Q17277888,Gottlieb Friedrich Reber,Q363383,Armand Hammer,5,1
Q160236,Metropolitan Museum of Art,Q363383,Armand Hammer,3,1
Q74128,Alfred Flechtheim,Q363383,Armand Hammer,5,1
Q1634926,Hugo Cassirer,Q42973,architect,5,0
Q867510,Cypresses,Q42973,architect,4,0
Q160236,Metropolitan Museum of Art,Q42973,architect,4,0
Q26221184,Olive Picking,Q42973,architect,3,0
Q160236,Metropolitan Museum of Art,Q113754,Archduke Wenceslaus of Austria,4,0
Q160236,Metropolitan Museum of Art,Q84603,Archduke Maximilian Ernest of Austria,5,0
Q160236,Metropolitan Museum of Art,Q437295,Archduke Leopold Wilhelm of Austria,2,0
Q214867,National Gallery of Art,Q437295,Archduke Leopold Wilhelm of Austria,2,0
Q160236,Metropolitan Museum of Art,Q347422,Archduke Leopold Joseph of Austria,4,0
Q160236,Metropolitan Museum of Art,Q647419,Archduke Karl Joseph of Austria,5,0
Q160236,Metropolitan Museum of Art,Q319764,"Archduke Joseph, Palatine of Hungary",5,0
Q160236,Metropolitan Museum of Art,Q14541808,Archduke Johann Karl of Austria,4,0
Q160236,Metropolitan Museum of Art,Q327156,Archduke Ernest of Austria,2,0
Q160236,Metropolitan Museum of Art,Q261905,Archduchess Maria of Austria,5,0
Q160236,Metropolitan Museum of Art,Q438335,Archduchess Maria Magdalena of Austria,4,0
Q160236,Metropolitan Museum of Art,Q27886480,Archduchess Maria Josepha of Austria,4,0
Q160236,Metropolitan Museum of Art,Q93381,Archduchess Maria Anna of Austria,4,0
Q160236,Metropolitan Museum of Art,Q112088,Archduchess Maria Anna Josepha of Austria,4,0
Q160236,Metropolitan Museum of Art,Q79158,Archduchess Margaretha of Austria,4,0
Q160236,Metropolitan Museum of Art,Q113752,Archduchess Magdalena of Austria,5,0
Q160236,Metropolitan Museum of Art,Q85626,Archduchess Helena of Austria,5,0
Q160236,Metropolitan Museum of Art,Q440987,Archduchess Gregoria Maximiliana of Austria,5,0
Q160236,Metropolitan Museum of Art,Q458114,Archduchess Catherine Renata of Austria,5,0
Q160236,Metropolitan Museum of Art,Q261419,Archduchess Barbara of Austria,5,0
Q160236,Metropolitan Museum of Art,Q163551,Archduchess Anna of Austria,5,0
Q160236,Metropolitan Museum of Art,Q19960628,Archambaud de Talleyrand-Périgord,4,0
Q160236,Metropolitan Museum of Art,Q3621491,archaeologist,3,0
Q160236,Metropolitan Museum of Art,Q187865,antiquarian seller,5,1
Q29441758,Margarete Mauthner,Q95698792,Anna Meier-Graefe,5,1
Q214867,National Gallery of Art,Q46596638,Andrew W. Mellon collection,1,1
Q74128,Alfred Flechtheim,Q46596638,Andrew W. Mellon collection,5,1
Q26221176,Two Poplars in the Alpilles near Saint-Rémy,Q446858,Andrew W. Mellon,5,1
Q160236,Metropolitan Museum of Art,Q446858,Andrew W. Mellon,5,1
Q214867,National Gallery of Art,Q446858,Andrew W. Mellon,2,1
Q74128,Alfred Flechtheim,Q446858,Andrew W. Mellon,4,1
Q214867,National Gallery of Art,Q75788804,Andrew Mellon,4,1
Q160236,Metropolitan Museum of Art,Q69555013,Andre Schoeller,5,1
Q74128,Alfred Flechtheim,Q57687611,An Unpublished Head of Christ by Rembrandt,4,1
Q160236,Metropolitan Museum of Art,Q21530090,An Elderly Man in Prayer,5,1
Q1634926,Hugo Cassirer,Q28860082,Amédée Schuffenecker,5,1
Q867510,Cypresses,Q28860082,Amédée Schuffenecker,3,1
Q104530765,Hugo Nathan,Q28860082,Amédée Schuffenecker,4,1
Q29441758,Margarete Mauthner,Q28860082,Amédée Schuffenecker,4,1
Q160236,Metropolitan Museum of Art,Q28860082,Amédée Schuffenecker,2,1
Q26221201,Two Diggers among Trees,Q28860082,Amédée Schuffenecker,5,1
Q214867,National Gallery of Art,Q28860082,Amédée Schuffenecker,4,1
Q160236,Metropolitan Museum of Art,Q459041,Ambroise Vollard,4,1
Q214867,National Gallery of Art,Q459041,Ambroise Vollard,2,1
Q867510,Cypresses,Q106213,Alfred Neven DuMont,5,1
Q160236,Metropolitan Museum of Art,Q2645040,Alfred Gold,5,1
Q26221176,Two Poplars in the Alpilles near Saint-Rémy,Q74128,Alfred Flechtheim,1,1
Q55680361,Oskar Reichel,Q74128,Alfred Flechtheim,4,1
Q160236,Metropolitan Museum of Art,Q2644803,Alfred Cassirer,4,1
Q867510,Cypresses,Q2644753,Alfred Breslauer,4,1
Q104530765,Hugo Nathan,Q2644753,Alfred Breslauer,5,1
Q160236,Metropolitan Museum of Art,Q2644753,Alfred Breslauer,4,1
Q160236,Metropolitan Museum of Art,Q18379827,Alexandre Rosenberg,5,0
Q214867,National Gallery of Art,Q18379827,Alexandre Rosenberg,5,0
Q160236,Metropolitan Museum of Art,Q76513772,Alexandre P. Rosenberg,5,1
Q214867,National Gallery of Art,Q76513772,Alexandre P. Rosenberg,5,1
Q324935,Ferenc Hatvany,Q2833448,Alexandre Berthier,2,1
Q160236,Metropolitan Museum of Art,Q507156,Alexandre Angélique de Talleyrand-Périgord,5,0
Q160236,Metropolitan Museum of Art,Q515770,Alexandra Zhukovskaya,5,0
Q160236,Metropolitan Museum of Art,Q58001,Alexandra Petrovna of Oldenburg,4,0
Q160236,Metropolitan Museum of Art,Q57207,Alexandra Feodorovna,3,0
Q160236,Metropolitan Museum of Art,Q75253725,Alexandra Fellowes,4,0
Q160236,Metropolitan Museum of Art,Q55845962,Alexandra Andreevna Dietrichstein,5,0
Q160236,Metropolitan Museum of Art,Q2833919,Alexandr Nikolajewitsch Iskander,5,0
Q160236,Metropolitan Museum of Art,Q75318519,Alexander von Reutern,4,0
Q160236,Metropolitan Museum of Art,Q15066958,Alexander Urusov,5,0
Q160236,Metropolitan Museum of Art,Q2387340,Alexander Stroganov,5,0
Q160236,Metropolitan Museum of Art,Q84632,Alexander Sigismund von der Pfalz-Neuburg,3,0
Q214867,National Gallery of Art,Q28054722,Alexander Schouvaloff,5,0
Q74128,Alfred Flechtheim,Q76157869,Alexander Richard St. John-Mildmay,5,0
Q160236,Metropolitan Museum of Art,Q1519034,Alexander Palace,5,0
Q214867,National Gallery of Art,Q75788792,Alexander P. McMullen,4,0
Q160236,Metropolitan Museum of Art,Q75381475,Alexander of Oldenburg,5,0
Q160236,Metropolitan Museum of Art,Q120180,Alexander III of Russia,4,0
Q160236,Metropolitan Museum of Art,Q83171,Alexander II of Russia,3,0
Q160236,Metropolitan Museum of Art,Q15193,Alexander I of Russia,4,0
Q160236,Metropolitan Museum of Art,Q76373354,Alexander Hamilton of Grange,4,0
Q160236,Metropolitan Museum of Art,Q4719071,Alexander Hamilton Jr.,3,0
Q160236,Metropolitan Museum of Art,Q28043469,"Alexander Hamilton, Jr.",4,0
Q160236,Metropolitan Museum of Art,Q19924921,Alexander Hamilton,1,0
Q160236,Metropolitan Museum of Art,Q178903,Alexander Hamilton,2,0
Q160236,Metropolitan Museum of Art,Q4719061,Alexander Hamilton,4,0
Q160236,Metropolitan Museum of Art,Q4719062,Alexander Hamilton,5,0
Q214867,National Gallery of Art,Q19924921,Alexander Hamilton,5,0
Q160236,Metropolitan Museum of Art,Q2617314,Alexander Charles Vasa,5,0
Q160236,Metropolitan Museum of Art,Q4098834,Alexander Bulgakov,5,0
Q160236,Metropolitan Museum of Art,Q72922,Alexander,5,0
Q26221176,Two Poplars in the Alpilles near Saint-Rémy,Q23062739,Alex Vömel,3,1
Q74128,Alfred Flechtheim,Q23062739,Alex Vömel,2,1
Q17277888,Gottlieb Friedrich Reber,Q3609940,Alessandro Contini Bonacossi,1,1
Q214867,National Gallery of Art,Q3609940,Alessandro Contini Bonacossi,2,1
Q29441758,Margarete Mauthner,Q18745022,Alec N. Wildenstein,5,1
Q160236,Metropolitan Museum of Art,Q18745022,Alec N. Wildenstein,3,1
Q160236,Metropolitan Museum of Art,Q15954519,alchemist,5,0
Q160236,Metropolitan Museum of Art,Q457843,album amicorum,4,0
Q867510,Cypresses,Q1970945,Albright-Knox Art Gallery,5,1
Q17277888,Gottlieb Friedrich Reber,Q1970945,Albright-Knox Art Gallery,4,1
Q160236,Metropolitan Museum of Art,Q1970945,Albright-Knox Art Gallery,5,1
Q17277888,Gottlieb Friedrich Reber,Q60045,Albert Speer,5,0
Q55680361,Oskar Reichel,Q60045,Albert Speer,5,0
Q74128,Alfred Flechtheim,Q60045,Albert Speer,5,0
Q160236,Metropolitan Museum of Art,Q75527284,Albert Maximilian von Goldschmidt-Rothschild,5,1
Q160236,Metropolitan Museum of Art,Q69468,"Albert IV, Duke of Saxe-Eisenach",5,0
Q17277888,Gottlieb Friedrich Reber,Q62537,Albert Göring,3,0
Q214867,National Gallery of Art,Q62537,Albert Göring,5,0
Q160236,Metropolitan Museum of Art,Q1552207,Albert Figdor,2,1
Q160236,Metropolitan Museum of Art,Q2830219,Alain Renoir,4,0
Q1634926,Hugo Cassirer,Q2095549,aircraft pilot,5,0
Q17277888,Gottlieb Friedrich Reber,Q2095549,aircraft pilot,2,0
Q160236,Metropolitan Museum of Art,Q2095549,aircraft pilot,5,0
Q214867,National Gallery of Art,Q2095549,aircraft pilot,4,0
Q214867,National Gallery of Art,Q405352,Ailsa Mellon Bruce,3,1
Q74128,Alfred Flechtheim,Q405352,Ailsa Mellon Bruce,5,1
Q17277888,Gottlieb Friedrich Reber,Q352,Adolf Hitler,4,1
Q55680361,Oskar Reichel,Q352,Adolf Hitler,4,1
Q74128,Alfred Flechtheim,Q352,Adolf Hitler,4,1
Q29441758,Margarete Mauthner,Q41751676,Adele Lewisohn Lehman,5,0
Q1634926,Hugo Cassirer,Q33999,actor,4,0
Q21948567,Sunflowers,Q33999,actor,5,0
Q26221176,Two Poplars in the Alpilles near Saint-Rémy,Q33999,actor,5,0
Q17277888,Gottlieb Friedrich Reber,Q33999,actor,5,0
Q160236,Metropolitan Museum of Art,Q33999,actor,3,0
Q657415,Cleveland Museum of Art,Q33999,actor,5,0
Q21948567,Sunflowers,Q15253558,activist,5,0
Q26221176,Two Poplars in the Alpilles near Saint-Rémy,Q15253558,activist,5,0
Q17277888,Gottlieb Friedrich Reber,Q77257348,Abris Silberman,3,1
Q55680361,Oskar Reichel,Q77257348,Abris Silberman,3,1
Q74128,Alfred Flechtheim,Q77257348,Abris Silberman,3,1
Q17277888,Gottlieb Friedrich Reber,Q18785024,Abraham Adelsberger,3,1
Q214867,National Gallery of Art,Q18785024,Abraham Adelsberger,5,1
Q160236,Metropolitan Museum of Art,Q3713914,A Woman Seated beside a Vase of Flowers,3,0
Q26221176,Two Poplars in the Alpilles near Saint-Rémy,Q19989799,A Woman Preparing Bread and Butter for a Boy,4,1
Q74128,Alfred Flechtheim,Q19989799,A Woman Preparing Bread and Butter for a Boy,3,1
Q160236,Metropolitan Museum of Art,Q19904848,A Woman Ironing,3,1
Q26221176,Two Poplars in the Alpilles near Saint-Rémy,Q12842489,A Centennial of Independence,2,1
Q55680361,Oskar Reichel,Q12842489,A Centennial of Independence,5,1
Q74128,Alfred Flechtheim,Q12842489,A Centennial of Independence,1,1
Q1634926,Hugo Cassirer,Q15987490,1922 Encyclopædia Britannica,5,0
Q160236,Metropolitan Museum of Art,Q15987490,1922 Encyclopædia Britannica,3,0
Q160236,Metropolitan Museum of Art,Q13423107,1001 Vrouwen uit de Nederlandse geschiedenis,5,0
Q867510,Cypresses,Q66362718,1001 Paintings You Must See Before You Die,5,0
Q26221176,Two Poplars in the Alpilles near Saint-Rémy,Q66362718,1001 Paintings You Must See Before You Die,3,0
Q160236,Metropolitan Museum of Art,Q66362718,1001 Paintings You Must See Before You Die,4,0
Q160236,Metropolitan Museum of Art,Q55185760,'Son of man' as a self-designation of Jesus,4,0
