prefLabel,altLabels,displayName,uri,confidence,in_hierarchy_gold,relations,classification
cells,,cells,https://lod.nal.usda.gov/nalt/2895,1.0,True,,INCLUDE
acinar cells,acinous cells,acinar cells (acinous cells),https://lod.nal.usda.gov/nalt/2893,,True,skos:broader; skos:narrower,
adipocytes,fat cells; lipocytes,"adipocytes (fat cells, lipocytes)",https://lod.nal.usda.gov/nalt/4218,,True,skos:broader; skos:narrower,
aleurone cells,,aleurone cells,https://lod.nal.usda.gov/nalt/6264,,True,skos:broader; skos:narrower,
antigen-presenting cells,antigen presenting cells,antigen-presenting cells (antigen presenting cells),https://lod.nal.usda.gov/nalt/10342,,True,skos:broader; skos:narrower,
artificial cells,synthetic cells,artificial cells (synthetic cells),https://lod.nal.usda.gov/nalt/266214,,False,skos:related,
bacteriocytes,mycetocytes,bacteriocytes (mycetocytes),https://lod.nal.usda.gov/nalt/15235,,True,skos:broader; skos:narrower,
blood cells,,blood cells,https://lod.nal.usda.gov/nalt/18061,,True,skos:broader; skos:narrower,
bundle sheath cells,,bundle sheath cells,https://lod.nal.usda.gov/nalt/20383,,True,skos:broader; skos:narrower,
cell transplantation,,cell transplantation,https://lod.nal.usda.gov/nalt/23441,,False,skos:related,
cell viability,cell survival; cellular viability,"cell viability (cell survival, cellular viability)",https://lod.nal.usda.gov/nalt/206983,,True,skos:related,
cellular microenvironment,cell microenvironment,cellular microenvironment (cell microenvironment),https://lod.nal.usda.gov/nalt/226485,,True,skos:related,
chondrocytes,cartilage cells,chondrocytes (cartilage cells),https://lod.nal.usda.gov/nalt/22715,,True,skos:broader; skos:narrower,
chromaffin cells,,chromaffin cells,https://lod.nal.usda.gov/nalt/23458,,True,skos:broader; skos:narrower,
chromatophores,,chromatophores,https://lod.nal.usda.gov/nalt/191628,,True,skos:broader; skos:narrower,
coelomocytes,,coelomocytes,https://lod.nal.usda.gov/nalt/322529,,True,skos:broader; skos:narrower,
cultured cells,,cultured cells,https://lod.nal.usda.gov/nalt/23380,,True,skos:broader; skos:narrower,
endothelial cells,,endothelial cells,https://lod.nal.usda.gov/nalt/23459,,True,skos:broader; skos:narrower,
epithelial cells,,epithelial cells,https://lod.nal.usda.gov/nalt/23460,,True,skos:broader; skos:narrower,
eukaryotic cells,eucaryotes; eucaryotic cells; eukaryotes,"eukaryotic cells (eucaryotes, eucaryotic cells, eukaryotes)",https://lod.nal.usda.gov/nalt/23461,,True,skos:broader; skos:narrower,
fibroblasts,dermal fibroblasts; fibroblast cells,"fibroblasts (dermal fibroblasts, fibroblast cells)",https://lod.nal.usda.gov/nalt/23462,,True,skos:broader; skos:narrower,
germ cells,gametes; germ line; germline; reproductive cells; sex cells; sexual cells,"germ cells (gametes, germ line, germline, reproductive cells, sex cells, sexual cells)",https://lod.nal.usda.gov/nalt/23463,,True,skos:broader; skos:narrower,
giant cells,polykaryocytes; syncytia; syncytium,"giant cells (polykaryocytes, syncytia, syncytium)",https://lod.nal.usda.gov/nalt/23464,,True,skos:broader; skos:narrower,
gonadotropic cells,,gonadotropic cells,https://lod.nal.usda.gov/nalt/23465,,True,skos:broader; skos:narrower,
granulosa cells,,granulosa cells,https://lod.nal.usda.gov/nalt/23466,,True,skos:broader; skos:narrower,
guard cells,,guard cells,https://lod.nal.usda.gov/nalt/23467,,True,skos:broader; skos:narrower,
hemocytes,haemocytes,hemocytes (haemocytes),https://lod.nal.usda.gov/nalt/23468,,True,skos:broader; skos:narrower,
islets of Langerhans,alpha cells (pancreatic); beta cells (pancreatic); delta cells (pancreatic); islet cells; pancreas islets; pancreatic B cells; pancreatic D cells; pancreatic alpha cells; pancreatic beta cells; pancreatic delta cells; pancreatic islets; pancreatic polypeptide cells,"islets of Langerhans (alpha cells (pancreatic), beta cells (pancreatic), delta cells (pancreatic), islet cells, pancreas islets, pancreatic B cells, pancreatic D cells, pancreatic alpha cells, pancreatic beta cells, pancreatic delta cells, pancreatic islets, pancreatic polypeptide cells)",https://lod.nal.usda.gov/nalt/6863,,True,skos:broader; skos:narrower,
Leydig cells,testicular interstitial cells,Leydig cells (testicular interstitial cells),https://lod.nal.usda.gov/nalt/23472,,True,skos:broader; skos:narrower,
luteal cells,,luteal cells,https://lod.nal.usda.gov/nalt/23473,,True,skos:broader; skos:narrower,
mast cells,,mast cells,https://lod.nal.usda.gov/nalt/23474,,True,skos:broader; skos:narrower,
myocytes,muscle cells,myocytes (muscle cells),https://lod.nal.usda.gov/nalt/23476,,True,skos:broader; skos:narrower,
neoplasm cells,cancer cells; circulating cancer cells; circulating neoplastic cells; circulating tumor cells; circulating tumour cells; neoplasma cells; neoplastic cells; tumor cells; tumour cells,"neoplasm cells (cancer cells, circulating cancer cells, circulating neoplastic cells, circulating tumor cells, circulating tumour cells, neoplasma cells, neoplastic cells, tumor cells, tumour cells)",https://lod.nal.usda.gov/nalt/246543,,True,skos:broader; skos:narrower,
neurosecretory cells,,neurosecretory cells,https://lod.nal.usda.gov/nalt/23477,,True,skos:broader; skos:narrower,
nurse cells,nursing cells,nurse cells (nursing cells),https://lod.nal.usda.gov/nalt/300304,,True,skos:broader; skos:narrower,
osteoblasts,osteoblastic cells,osteoblasts (osteoblastic cells),https://lod.nal.usda.gov/nalt/23478,,True,skos:broader; skos:narrower,
osteoclasts,,osteoclasts,https://lod.nal.usda.gov/nalt/18534,,True,skos:broader; skos:narrower,
phagocytes,phagocytic cells,phagocytes (phagocytic cells),https://lod.nal.usda.gov/nalt/23479,,True,skos:broader; skos:narrower,
plant root cells,root cells,plant root cells (root cells),https://lod.nal.usda.gov/nalt/328577,,True,skos:broader; skos:narrower,
prokaryotic cells,procaryotes; procaryotic cells; prokaryotes,"prokaryotic cells (procaryotes, procaryotic cells, prokaryotes)",https://lod.nal.usda.gov/nalt/15097,,True,skos:broader; skos:narrower,
Schwann cells,,Schwann cells,https://lod.nal.usda.gov/nalt/14271,,True,skos:broader; skos:narrower,
Sertoli cells,,Sertoli cells,https://lod.nal.usda.gov/nalt/23481,,True,skos:broader; skos:narrower,
somatic cells,,somatic cells,https://lod.nal.usda.gov/nalt/23482,,True,skos:broader; skos:narrower,
splenocytes,spleen cells,splenocytes (spleen cells),https://lod.nal.usda.gov/nalt/23483,,True,skos:broader; skos:narrower,
spores,,spores,https://lod.nal.usda.gov/nalt/15200,,True,skos:broader; skos:narrower,
stromal cells,,stromal cells,https://lod.nal.usda.gov/nalt/149090,,True,skos:broader; skos:narrower,
tenocytes,,tenocytes,https://lod.nal.usda.gov/nalt/323988,,True,skos:broader; skos:narrower,
teratocytes,,teratocytes,https://lod.nal.usda.gov/nalt/23486,,True,skos:broader; skos:narrower,
thecal cells,,thecal cells,https://lod.nal.usda.gov/nalt/23487,,True,skos:broader; skos:narrower,
vegetative cells,,vegetative cells,https://lod.nal.usda.gov/nalt/23488,,True,skos:broader; skos:narrower,
adipogenesis,adipogenic differentiation,adipogenesis (adipogenic differentiation),https://lod.nal.usda.gov/nalt/70809,,True,skos:related,
adipokines,adipocytokines; adipokine,"adipokines (adipocytokines, adipokine)",https://lod.nal.usda.gov/nalt/132364,,False,skos:related,
adiponectin,,adiponectin,https://lod.nal.usda.gov/nalt/132363,,False,skos:related,
adipophilin,perilipin 2,adipophilin (perilipin 2),https://lod.nal.usda.gov/nalt/196331,,False,skos:related,
adipose tissue,,adipose tissue,https://lod.nal.usda.gov/nalt/4220,,False,skos:related,
aleurone layer,,aleurone layer,https://lod.nal.usda.gov/nalt/6265,,False,skos:broader; skos:narrower,
animal ovaries,mammalian ovary,animal ovaries (mammalian ovary),https://lod.nal.usda.gov/nalt/29278,,False,skos:broader; skos:narrower,
antigen presentation,,antigen presentation,https://lod.nal.usda.gov/nalt/10340,,False,skos:related,
apoptosis,type 1 programmed cell death,apoptosis (type 1 programmed cell death),https://lod.nal.usda.gov/nalt/11242,,True,skos:related,
artificial membranes,biomimetic membranes; synthetic membranes,"artificial membranes (biomimetic membranes, synthetic membranes)",https://lod.nal.usda.gov/nalt/12600,,False,skos:broader; skos:narrower,
axons,,axons,https://lod.nal.usda.gov/nalt/14268,,False,skos:related,
bacteria,,bacteria,https://lod.nal.usda.gov/nalt/2350,,False,skos:related,
bacteriome,mycetome,bacteriome (mycetome),https://lod.nal.usda.gov/nalt/218603,,False,skos:related,
beta-3 adrenergic receptors,,beta-3 adrenergic receptors,https://lod.nal.usda.gov/nalt/316457,,False,skos:related,
blood,,blood,https://lod.nal.usda.gov/nalt/18059,,False,skos:broader; skos:narrower,
blood cell counts,blood cell number; blood picture,"blood cell counts (blood cell number, blood picture)",https://lod.nal.usda.gov/nalt/18073,,False,skos:related,
blood platelets,thrombocytes,blood platelets (thrombocytes),https://lod.nal.usda.gov/nalt/18080,,True,skos:broader; skos:narrower,
bone resorption,osteoclastic bone loss; osteolysis,"bone resorption (osteoclastic bone loss, osteolysis)",https://lod.nal.usda.gov/nalt/18501,,False,skos:related,
brown adipocytes,brown fat cells,brown adipocytes (brown fat cells),https://lod.nal.usda.gov/nalt/297926,,True,skos:broader; skos:narrower,
California mastitis test,California milk test,California mastitis test (California milk test),https://lod.nal.usda.gov/nalt/243947,,False,skos:related,
cardiomyocytes,cardiac muscle cells; cardiac myocytes,"cardiomyocytes (cardiac muscle cells, cardiac myocytes)",https://lod.nal.usda.gov/nalt/210293,,True,skos:broader; skos:narrower,
cartilage,,cartilage,https://lod.nal.usda.gov/nalt/22713,,False,skos:related,
cathelicidins,cathelicidin peptides,cathelicidins (cathelicidin peptides),https://lod.nal.usda.gov/nalt/235861,,False,skos:related,
CD146 antigen,gicerin; melanoma cell adhesion molecule,"CD146 antigen (gicerin, melanoma cell adhesion molecule)",https://lod.nal.usda.gov/nalt/293046,,False,skos:related,
cell culture,cell cultures; cell culturing,"cell culture (cell cultures, cell culturing)",https://lod.nal.usda.gov/nalt/23373,,False,skos:related,
cell death,,cell death,https://lod.nal.usda.gov/nalt/11245,,True,skos:related,
cell engineering,,cell engineering,https://lod.nal.usda.gov/nalt/206573,,False,skos:related,
cell lines,,cell lines,https://lod.nal.usda.gov/nalt/23379,,True,skos:broader; skos:narrower,
cell physiology,,cell physiology,https://lod.nal.usda.gov/nalt/23356,,True,skos:broader; skos:narrower,
chloroplasts,,chloroplasts,https://lod.nal.usda.gov/nalt/25479,,True,skos:related,
chromaffin granules,,chromaffin granules,https://lod.nal.usda.gov/nalt/25729,,True,skos:related,
connective tissues,,connective tissues,https://lod.nal.usda.gov/nalt/4227,,False,skos:broader; skos:narrower,
corpus luteum,,corpus luteum,https://lod.nal.usda.gov/nalt/29277,,False,skos:broader; skos:narrower,
Cyanobacteria,Cyanochloronta; Cyanophyta; blue green algae; blue green bacteria; blue-green algae; blue-green bacteria,"Cyanobacteria (Cyanochloronta, Cyanophyta, blue green algae, blue green bacteria, blue-green algae, blue-green bacteria)",https://lod.nal.usda.gov/nalt/72,,False,skos:related,
dendritic cells,,dendritic cells,https://lod.nal.usda.gov/nalt/10347,,True,skos:broader; skos:narrower,
desmin,skeletin,desmin (skeletin),https://lod.nal.usda.gov/nalt/190839,,False,skos:related,
drug delivery systems,drug delivery applications; drug delivery methods,"drug delivery systems (drug delivery applications, drug delivery methods)",https://lod.nal.usda.gov/nalt/4249,,False,skos:related,
endocrine glands,,endocrine glands,https://lod.nal.usda.gov/nalt/4351,,False,skos:broader; skos:narrower,
endothelins,endothelin-1; endothelin-2; endothelin-3,"endothelins (endothelin-1, endothelin-2, endothelin-3)",https://lod.nal.usda.gov/nalt/68181,,False,skos:related,
endothelium,,endothelium,https://lod.nal.usda.gov/nalt/22425,,False,skos:related,
enterocytes,,enterocytes,https://lod.nal.usda.gov/nalt/37326,,True,skos:broader; skos:narrower,
epidermis (plant),plant epidermis,epidermis (plant) (plant epidermis),https://lod.nal.usda.gov/nalt/37574,,False,skos:broader; skos:narrower,
epithelial cell adhesion molecule,CD326 antigen; CD326 protein,"epithelial cell adhesion molecule (CD326 antigen, CD326 protein)",https://lod.nal.usda.gov/nalt/293063,,False,skos:related,
epithelium,,epithelium,https://lod.nal.usda.gov/nalt/9530,,False,skos:related,
erythrocytes,RBCs (red blood cells); red blood cells; red blood corpuscles,"erythrocytes (RBCs (red blood cells), red blood cells, red blood corpuscles)",https://lod.nal.usda.gov/nalt/18081,,True,skos:broader; skos:narrower,
fluorescein diacetate,diacetylfluorescein,fluorescein diacetate (diacetylfluorescein),https://lod.nal.usda.gov/nalt/295790,,False,skos:related,
gametocytes,gamonts,gametocytes (gamonts),https://lod.nal.usda.gov/nalt/32889,,True,skos:broader; skos:narrower,
gametogenesis,gamete production; pollen grain development,"gametogenesis (gamete production, pollen grain development)",https://lod.nal.usda.gov/nalt/42261,,False,skos:related,
germplasm,germ plasm,germplasm (germ plasm),https://lod.nal.usda.gov/nalt/42649,,False,skos:related,
goblet cells,,goblet cells,https://lod.nal.usda.gov/nalt/202659,,True,skos:broader; skos:narrower,
granuloma,,granuloma,https://lod.nal.usda.gov/nalt/748,,False,skos:related,
hematopoietic stem cells,haematopoietic progenitor cells; haematopoietic stem cells; hematopoietic progenitor cells,"hematopoietic stem cells (haematopoietic progenitor cells, haematopoietic stem cells, hematopoietic progenitor cells)",https://lod.nal.usda.gov/nalt/264113,,True,skos:related,
hemolymph,haemolymph,hemolymph (haemolymph),https://lod.nal.usda.gov/nalt/26359,,False,skos:broader; skos:narrower,
human umbilical vein endothelial cells,,human umbilical vein endothelial cells,https://lod.nal.usda.gov/nalt/216297,,True,skos:broader; skos:narrower,
immune system,,immune system,https://lod.nal.usda.gov/nalt/8973,,False,skos:broader; skos:narrower,
immunological synapse,,immunological synapse,https://lod.nal.usda.gov/nalt/246169,,True,skos:related,
immunophenotype,,immunophenotype,https://lod.nal.usda.gov/nalt/329494,,False,skos:related,
innate immunity,innate immune response; innate immune system; natural immunity,"innate immunity (innate immune response, innate immune system, natural immunity)",https://lod.nal.usda.gov/nalt/105991,,False,skos:related,
leukemia inhibitory factor,,leukemia inhibitory factor,https://lod.nal.usda.gov/nalt/231910,,False,skos:related,
leukocytes,WBCs (leukocytes); leucocytes; white blood cells; white blood corpuscles,"leukocytes (WBCs (leukocytes), leucocytes, white blood cells, white blood corpuscles)",https://lod.nal.usda.gov/nalt/18082,,True,skos:related,
liposomes (artificial),,liposomes (artificial),https://lod.nal.usda.gov/nalt/12604,,False,skos:related,
macrophages,,macrophages,https://lod.nal.usda.gov/nalt/40760,,True,skos:broader; skos:narrower,
mammary glands,,mammary glands,https://lod.nal.usda.gov/nalt/2896,,False,skos:related,
megaspores,,megaspores,https://lod.nal.usda.gov/nalt/42843,,True,skos:broader; skos:narrower,
megasporocytes,embryo sac mother cell; megaspore mother cell,"megasporocytes (embryo sac mother cell, megaspore mother cell)",https://lod.nal.usda.gov/nalt/36824,,True,skos:broader; skos:narrower,
melanocytes,,melanocytes,https://lod.nal.usda.gov/nalt/50928,,True,skos:broader; skos:narrower,
mesenchymal stromal cells,Wharton's jelly cells; bone marrow stromal cells; mesenchymal progenitor cells; mesenchymal stem cells; multipotent mesenchymal stromal cells,"mesenchymal stromal cells (Wharton's jelly cells, bone marrow stromal cells, mesenchymal progenitor cells, mesenchymal stem cells, multipotent mesenchymal stromal cells)",https://lod.nal.usda.gov/nalt/317395,,True,skos:broader; skos:narrower,
microspores,,microspores,https://lod.nal.usda.gov/nalt/42844,,True,skos:broader; skos:narrower,
microsporocytes,microspore mother cell,microsporocytes (microspore mother cell),https://lod.nal.usda.gov/nalt/42845,,True,skos:broader; skos:narrower,
monocytes,,monocytes,https://lod.nal.usda.gov/nalt/49956,,True,skos:broader; skos:narrower,
myelin sheath,medullary sheath; myelin,"myelin sheath (medullary sheath, myelin)",https://lod.nal.usda.gov/nalt/51883,,False,skos:related,
myoblasts,myoblast cells,myoblasts (myoblast cells),https://lod.nal.usda.gov/nalt/200148,,True,skos:related,
myogenic regulatory factors,,myogenic regulatory factors,https://lod.nal.usda.gov/nalt/287136,,False,skos:related,
myotubes,skeletal muscle fibers; skeletal myocytes,"myotubes (skeletal muscle fibers, skeletal myocytes)",https://lod.nal.usda.gov/nalt/260547,,True,skos:broader; skos:narrower,
nanomedicine,,nanomedicine,https://lod.nal.usda.gov/nalt/138085,,False,skos:related,
neoplasms,cancer (disease); cancers; neoplasia; tumors; tumours,"neoplasms (cancer (disease), cancers, neoplasia, tumors, tumours)",https://lod.nal.usda.gov/nalt/702,,False,skos:related,
neuroglia,glia; glial cells; macroglia; microglia; neuroglial cells,"neuroglia (glia, glial cells, macroglia, microglia, neuroglial cells)",https://lod.nal.usda.gov/nalt/13533,,False,skos:broader; skos:narrower,
neurosecretory system,neuroendocrine system,neurosecretory system (neuroendocrine system),https://lod.nal.usda.gov/nalt/29267,,False,skos:broader; skos:narrower,
neutrophils,polymorphonuclear leukocytes,neutrophils (polymorphonuclear leukocytes),https://lod.nal.usda.gov/nalt/43664,,True,skos:broader; skos:narrower,
niosomes,non-ionic surfactant vesicles,niosomes (non-ionic surfactant vesicles),https://lod.nal.usda.gov/nalt/238321,,False,skos:related,
ova,egg cells; oospheres; ovum,"ova (egg cells, oospheres, ovum)",https://lod.nal.usda.gov/nalt/25673,,True,skos:broader; skos:narrower,
ovarian follicles,dominant follicles; subordinate follicles,"ovarian follicles (dominant follicles, subordinate follicles)",https://lod.nal.usda.gov/nalt/30722,,False,skos:broader; skos:narrower,
pancreas,,pancreas,https://lod.nal.usda.gov/nalt/2897,,False,skos:broader; skos:narrower,
pancreatic insulitis,,pancreatic insulitis,https://lod.nal.usda.gov/nalt/228021,,False,skos:related,
parotid gland,,parotid gland,https://lod.nal.usda.gov/nalt/2898,,False,skos:related,
peripheral nervous system,,peripheral nervous system,https://lod.nal.usda.gov/nalt/14032,,False,skos:related,
phagocytosis,phagocytic activity,phagocytosis (phagocytic activity),https://lod.nal.usda.gov/nalt/37025,,True,skos:related,
pigmentation,,pigmentation,https://lod.nal.usda.gov/nalt/124,,False,skos:related,
pneumocytes,,pneumocytes,https://lod.nal.usda.gov/nalt/191282,,True,skos:broader; skos:narrower,
pollen viability,pollen grain viability,pollen viability (pollen grain viability),https://lod.nal.usda.gov/nalt/334176,,False,skos:related,
protoplasm,,protoplasm,https://lod.nal.usda.gov/nalt/89756,,True,skos:related,
protoplasts,,protoplasts,https://lod.nal.usda.gov/nalt/30707,,True,skos:broader; skos:narrower,
resistin,,resistin,https://lod.nal.usda.gov/nalt/132367,,False,skos:related,
reticuloendothelial system,,reticuloendothelial system,https://lod.nal.usda.gov/nalt/46970,,False,skos:broader; skos:narrower,
root border cells,sloughed root cap cells,root border cells (sloughed root cap cells),https://lod.nal.usda.gov/nalt/328582,,True,skos:broader; skos:narrower,
salivary glands,,salivary glands,https://lod.nal.usda.gov/nalt/2899,,False,skos:related,
signal transduction,signal pathways,signal transduction (signal pathways),https://lod.nal.usda.gov/nalt/23371,,True,skos:related,
somatic cell count,,somatic cell count,https://lod.nal.usda.gov/nalt/52963,,False,skos:related,
somatic mutation,somatic mutagenesis,somatic mutation (somatic mutagenesis),https://lod.nal.usda.gov/nalt/132647,,False,skos:related,
spermatids,,spermatids,https://lod.nal.usda.gov/nalt/42846,,True,skos:broader; skos:narrower,
spermatocytes,,spermatocytes,https://lod.nal.usda.gov/nalt/42847,,True,skos:broader; skos:narrower,
spermatogonia,spermatogonium,spermatogonia (spermatogonium),https://lod.nal.usda.gov/nalt/42848,,True,skos:broader; skos:narrower,
spermatozoa,sperm; spermatozoon,"spermatozoa (sperm, spermatozoon)",https://lod.nal.usda.gov/nalt/3136,,True,skos:broader; skos:narrower,
spleen,,spleen,https://lod.nal.usda.gov/nalt/9348,,False,skos:related,
teleomorphs,sexual stage (fungi); sexual state (fungi),"teleomorphs (sexual stage (fungi), sexual state (fungi))",https://lod.nal.usda.gov/nalt/41787,,False,skos:related,
tendons,,tendons,https://lod.nal.usda.gov/nalt/28572,,False,skos:related,
testes,testicles; testis,"testes (testicles, testis)",https://lod.nal.usda.gov/nalt/43422,,False,skos:broader; skos:narrower,
thiazolyl blue,"3-(4,5-dimethylthiazol-2-yl)-2,5-diphenyl tetrazolium bromide; MTT tetrazolium; thiazolyl blue tetrazolium bromide","thiazolyl blue (3-(4,5-dimethylthiazol-2-yl)-2,5-diphenyl tetrazolium bromide, MTT tetrazolium, thiazolyl blue tetrazolium bromide)",https://lod.nal.usda.gov/nalt/325861,,False,skos:related,
vascular bundles,,vascular bundles,https://lod.nal.usda.gov/nalt/20384,,False,skos:broader; skos:narrower,
viability,,viability,https://lod.nal.usda.gov/nalt/129,,False,skos:broader; skos:narrower,
viability assays,viability tests,viability assays (viability tests),https://lod.nal.usda.gov/nalt/309738,,False,skos:related,
white adipocytes,white fat cells,white adipocytes (white fat cells),https://lod.nal.usda.gov/nalt/297921,,True,skos:broader; skos:narrower,
abnormal hemoglobin,abnormal haemoglobin; haemoglobin C; haemoglobin E; haemoglobin H; haemoglobin M; haemoglobin S; hemoglobin C; hemoglobin E; hemoglobin H; hemoglobin J; hemoglobin M; hemoglobin S; sickle haemoglobin; sickle hemoglobin,"abnormal hemoglobin (abnormal haemoglobin, haemoglobin C, haemoglobin E, haemoglobin H, haemoglobin M, haemoglobin S, hemoglobin C, hemoglobin E, hemoglobin H, hemoglobin J, hemoglobin M, hemoglobin S, sickle haemoglobin, sickle hemoglobin)",https://lod.nal.usda.gov/nalt/245234,,False,skos:related,
acrosome,acrosomes,acrosome (acrosomes),https://lod.nal.usda.gov/nalt/3134,,True,skos:broader; skos:narrower,
acrosome reaction,,acrosome reaction,https://lod.nal.usda.gov/nalt/3137,,False,skos:related,
animal cell lines,,animal cell lines,https://lod.nal.usda.gov/nalt/308521,,True,skos:broader; skos:narrower,
animal tissues,,animal tissues,https://lod.nal.usda.gov/nalt/8967,,False,skos:broader; skos:narrower,
astrocytes,astroglia,astrocytes (astroglia),https://lod.nal.usda.gov/nalt/13531,,False,skos:broader; skos:narrower,
autophagosomes,,autophagosomes,https://lod.nal.usda.gov/nalt/336342,,True,skos:related,
autophagy,autophagic cell death; autophagic programmed cell death; autophagocytosis; type 2 programmed cell death,"autophagy (autophagic cell death, autophagic programmed cell death, autophagocytosis, type 2 programmed cell death)",https://lod.nal.usda.gov/nalt/206099,,True,skos:related,
axonal transport,axoplasmic streaming,axonal transport (axoplasmic streaming),https://lod.nal.usda.gov/nalt/214454,,False,skos:related,
bacterial culture,bacteria culture; bacterial culture methods; bacterial culture techniques,"bacterial culture (bacteria culture, bacterial culture methods, bacterial culture techniques)",https://lod.nal.usda.gov/nalt/283949,,False,skos:related,
basement membrane,,basement membrane,https://lod.nal.usda.gov/nalt/9527,,False,skos:broader; skos:narrower,
bioengineering,bio engineering; bio-engineering; biological engineering,"bioengineering (bio engineering, bio-engineering, biological engineering)",https://lod.nal.usda.gov/nalt/187774,,False,skos:broader; skos:narrower,
bioprinting,cell printing; tissue printing,"bioprinting (cell printing, tissue printing)",https://lod.nal.usda.gov/nalt/206567,,False,skos:related,
blood banks,blood banking,blood banks (blood banking),https://lod.nal.usda.gov/nalt/291434,,False,skos:related,
blood platelet count,blood platelet number; platelet count; platelet number,"blood platelet count (blood platelet number, platelet count, platelet number)",https://lod.nal.usda.gov/nalt/18077,,False,skos:related,
body cavities,,body cavities,https://lod.nal.usda.gov/nalt/1610,,False,skos:broader; skos:narrower,
bone marrow,,bone marrow,https://lod.nal.usda.gov/nalt/9528,,False,skos:related,
bone marrow cells,,bone marrow cells,https://lod.nal.usda.gov/nalt/18522,,True,skos:broader; skos:narrower,
brown adipose tissue,brown fat,brown adipose tissue (brown fat),https://lod.nal.usda.gov/nalt/4228,,False,skos:related,
cardiovascular system,,cardiovascular system,https://lod.nal.usda.gov/nalt/18060,,False,skos:broader; skos:narrower,
caspase-1,EC 3.4.22.36; IL-1 beta convertase; IL-1 beta-converting enzyme; interleukin 1beta-converting enzyme; interleukin-1beta convertase,"caspase-1 (EC 3.4.22.36, IL-1 beta convertase, IL-1 beta-converting enzyme, interleukin 1beta-converting enzyme, interleukin-1beta convertase)",https://lod.nal.usda.gov/nalt/136654,,False,skos:related,
caspase-10,EC 3.4.22.63,caspase-10 (EC 3.4.22.63),https://lod.nal.usda.gov/nalt/136675,,False,skos:related,
caspase-11,EC 3.4.22.64,caspase-11 (EC 3.4.22.64),https://lod.nal.usda.gov/nalt/136677,,False,skos:related,
caspase-12,,caspase-12,https://lod.nal.usda.gov/nalt/136679,,False,skos:related,
caspase-2,EC 3.4.22.55,caspase-2 (EC 3.4.22.55),https://lod.nal.usda.gov/nalt/136660,,False,skos:related,
caspase-3,EC 3.4.22.56,caspase-3 (EC 3.4.22.56),https://lod.nal.usda.gov/nalt/136662,,False,skos:related,
caspase-4,EC 3.4.22.57,caspase-4 (EC 3.4.22.57),https://lod.nal.usda.gov/nalt/136664,,False,skos:related,
caspase-5,,caspase-5,https://lod.nal.usda.gov/nalt/136666,,False,skos:related,
caspase-6,EC 3.4.22.59,caspase-6 (EC 3.4.22.59),https://lod.nal.usda.gov/nalt/136669,,False,skos:related,
caspase-7,EC 3.4.22.60,caspase-7 (EC 3.4.22.60),https://lod.nal.usda.gov/nalt/136667,,False,skos:related,
caspase-8,EC 3.4.22.61; FLICE protein,"caspase-8 (EC 3.4.22.61, FLICE protein)",https://lod.nal.usda.gov/nalt/136671,,False,skos:related,
caspase-9,,caspase-9,https://lod.nal.usda.gov/nalt/136674,,False,skos:related,
caspases,,caspases,https://lod.nal.usda.gov/nalt/136653,,False,skos:related,
cell communication,cell to cell communication; cell-cell communication; cellular signaling; cellular signalling; intercellular communication,"cell communication (cell to cell communication, cell-cell communication, cellular signaling, cellular signalling, intercellular communication)",https://lod.nal.usda.gov/nalt/23368,,True,skos:broader; skos:narrower,
cell culture containers,tissue culture containers,cell culture containers (tissue culture containers),https://lod.nal.usda.gov/nalt/284597,,False,skos:related,
cell cycle,,cell cycle,https://lod.nal.usda.gov/nalt/23382,,True,skos:broader; skos:narrower,
cell cycle checkpoints,cell cycle arrest,cell cycle checkpoints (cell cycle arrest),https://lod.nal.usda.gov/nalt/232248,,True,skos:related,
cell dedifferentiation,,cell dedifferentiation,https://lod.nal.usda.gov/nalt/23385,,True,skos:broader; skos:narrower,
cell differentiation,,cell differentiation,https://lod.nal.usda.gov/nalt/3939,,True,skos:broader; skos:narrower,
cell fusion,,cell fusion,https://lod.nal.usda.gov/nalt/23401,,True,skos:broader; skos:narrower,
cell growth,cell elongation; cell enlargement,"cell growth (cell elongation, cell enlargement)",https://lod.nal.usda.gov/nalt/23397,,True,skos:broader; skos:narrower,
cell harvesting,,cell harvesting,https://lod.nal.usda.gov/nalt/190510,,False,skos:related,
cell polarity,,cell polarity,https://lod.nal.usda.gov/nalt/216438,,True,skos:broader; skos:narrower,
cell respiration,cellular respiration; fruit respiration; plant respiration; respiration (cells); respiration (fruits); respiration (plants); respiration (postharvest),"cell respiration (cellular respiration, fruit respiration, plant respiration, respiration (cells), respiration (fruits), respiration (plants), respiration (postharvest))",https://lod.nal.usda.gov/nalt/23423,,True,skos:broader; skos:narrower,
cell senescence,cellular senescence,cell senescence (cellular senescence),https://lod.nal.usda.gov/nalt/264819,,True,skos:broader; skos:narrower,
cell specificity,cellular specificity,cell specificity (cellular specificity),https://lod.nal.usda.gov/nalt/342280,,True,skos:broader; skos:narrower,
cell structures,cell morphology; cellular structures,"cell structures (cell morphology, cellular structures)",https://lod.nal.usda.gov/nalt/23358,,True,skos:broader; skos:narrower,
cell suspension culture,cell suspensions,cell suspension culture (cell suspensions),https://lod.nal.usda.gov/nalt/23377,,False,skos:broader; skos:narrower,
chemokines,chemotactic cytokines; intercrines,"chemokines (chemotactic cytokines, intercrines)",https://lod.nal.usda.gov/nalt/123140,,False,skos:related,
cloning (cells),cell cloning,cloning (cells) (cell cloning),https://lod.nal.usda.gov/nalt/23367,,False,skos:broader; skos:narrower,
clutch size,,clutch size,https://lod.nal.usda.gov/nalt/9461,,False,skos:related,
coculture,co-culture,coculture (co-culture),https://lod.nal.usda.gov/nalt/68522,,False,skos:broader; skos:narrower,
cortical granules,,cortical granules,https://lod.nal.usda.gov/nalt/29311,,True,skos:broader; skos:narrower,
culture dishes,cell culture dishes; culturing dishes; multi-well culture dishes; petri culture dishes; tissue culture dishes,"culture dishes (cell culture dishes, culturing dishes, multi-well culture dishes, petri culture dishes, tissue culture dishes)",https://lod.nal.usda.gov/nalt/284389,,False,skos:related,
culture flasks,cell culture flasks; cell culturing flasks; culturing flasks,"culture flasks (cell culture flasks, cell culturing flasks, culturing flasks)",https://lod.nal.usda.gov/nalt/284384,,False,skos:related,
cultured meat,clean meat (cultured); in-vitro cultured meat; in-vitro meat; laboratory cultured meat; synthetic meat; tissue-cultured meat,"cultured meat (clean meat (cultured), in-vitro cultured meat, in-vitro meat, laboratory cultured meat, synthetic meat, tissue-cultured meat)",https://lod.nal.usda.gov/nalt/291555,,False,skos:related,
cytolysis,,cytolysis,https://lod.nal.usda.gov/nalt/14015,,True,skos:broader; skos:narrower,
cytoplasm,,cytoplasm,https://lod.nal.usda.gov/nalt/23437,,True,skos:broader; skos:narrower,
death domain receptors,death receptors,death domain receptors (death receptors),https://lod.nal.usda.gov/nalt/264095,,False,skos:related,
developmental stages,growth stages; life cycle stages (developmental stages),"developmental stages (growth stages, life cycle stages (developmental stages))",https://lod.nal.usda.gov/nalt/4287,,False,skos:related,
DNA fragmentation,,DNA fragmentation,https://lod.nal.usda.gov/nalt/11246,,False,skos:related,
DNA packaging,genome packaging,DNA packaging (genome packaging),https://lod.nal.usda.gov/nalt/262472,,True,skos:broader; skos:narrower,
egg fertility,,egg fertility,https://lod.nal.usda.gov/nalt/9203,,False,skos:related,
egg masses,egg cases; egg clutches; egg mass (clutch); egg pods; oothecae,"egg masses (egg cases, egg clutches, egg mass (clutch), egg pods, oothecae)",https://lod.nal.usda.gov/nalt/982,,False,skos:related,
egg membranes,,egg membranes,https://lod.nal.usda.gov/nalt/35937,,True,skos:broader; skos:narrower,
egg quality,egg characteristics,egg quality (egg characteristics),https://lod.nal.usda.gov/nalt/35938,,True,skos:broader; skos:narrower,
egg shell,eggshell,egg shell (eggshell),https://lod.nal.usda.gov/nalt/35939,,True,skos:broader; skos:narrower,
egg yolk,vitellus (egg yolk),egg yolk (vitellus (egg yolk)),https://lod.nal.usda.gov/nalt/35940,,True,skos:broader; skos:narrower,
eggs,,eggs,https://lod.nal.usda.gov/nalt/24837,,False,skos:related,
embryo (plant),plant embryos,embryo (plant) (plant embryos),https://lod.nal.usda.gov/nalt/6266,,False,skos:broader; skos:narrower,
embryonic structures,,embryonic structures,https://lod.nal.usda.gov/nalt/8970,,False,skos:related,
endocytosis,pinocytosis,endocytosis (pinocytosis),https://lod.nal.usda.gov/nalt/23424,,True,skos:broader; skos:narrower,
endoplasmic reticulum stress,,endoplasmic reticulum stress,https://lod.nal.usda.gov/nalt/298985,,True,skos:broader; skos:narrower,
endosymbionts,,endosymbionts,https://lod.nal.usda.gov/nalt/37081,,False,skos:related,
epidermis (animal),,epidermis (animal),https://lod.nal.usda.gov/nalt/37573,,False,skos:broader; skos:narrower,
erythroblasts,,erythroblasts,https://lod.nal.usda.gov/nalt/18524,,True,skos:related,
erythrocyte count,RBC count (red blood cell count); RBC number (red blood cell number); erythrocyte number; red blood cell count; red blood cell number,"erythrocyte count (RBC count (red blood cell count), RBC number (red blood cell number), erythrocyte number, red blood cell count, red blood cell number)",https://lod.nal.usda.gov/nalt/18078,,False,skos:related,
erythrocyte membrane,erythrocyte cytoskeleton; erythrocyte ghost; red blood cell membrane; red cell ghost,"erythrocyte membrane (erythrocyte cytoskeleton, erythrocyte ghost, red blood cell membrane, red cell ghost)",https://lod.nal.usda.gov/nalt/316659,,True,skos:related,
erythrocyte sedimentation rate,blood sedimentation; blood sedimentation tests; erythrocyte sedimentation,"erythrocyte sedimentation rate (blood sedimentation, blood sedimentation tests, erythrocyte sedimentation)",https://lod.nal.usda.gov/nalt/18170,,False,skos:related,
erythropoiesis,erythrocytopoiesis,erythropoiesis (erythrocytopoiesis),https://lod.nal.usda.gov/nalt/38116,,False,skos:related,
exocytosis,,exocytosis,https://lod.nal.usda.gov/nalt/23425,,True,skos:broader; skos:narrower,
exoerythrocytic stage,exoerythrocyte stage,exoerythrocytic stage (exoerythrocyte stage),https://lod.nal.usda.gov/nalt/200593,,False,skos:related,
female reproductive system,,female reproductive system,https://lod.nal.usda.gov/nalt/24114,,False,skos:related,
foam cells,,foam cells,https://lod.nal.usda.gov/nalt/40759,,True,skos:broader; skos:narrower,
genetic lines,,genetic lines,https://lod.nal.usda.gov/nalt/19698,,False,skos:broader; skos:narrower,
glucagon-like peptide 2,glucagon-like peptide II,glucagon-like peptide 2 (glucagon-like peptide II),https://lod.nal.usda.gov/nalt/285612,,False,skos:related,
glucosephosphate dehydrogenase deficiency,G6PD deficiency,glucosephosphate dehydrogenase deficiency (G6PD deficiency),https://lod.nal.usda.gov/nalt/245231,,False,skos:related,
granulocytes,,granulocytes,https://lod.nal.usda.gov/nalt/16036,,True,skos:broader; skos:narrower,
growth curves,growth charts,growth curves (growth charts),https://lod.nal.usda.gov/nalt/306947,,False,skos:related,
hematocrit,erythrocyte volume fraction; haematocrit; packed cell volume; packed erythrocyte volume; packed red-cell volume; pecked red cell volume,"hematocrit (erythrocyte volume fraction, haematocrit, packed cell volume, packed erythrocyte volume, packed red-cell volume, pecked red cell volume)",https://lod.nal.usda.gov/nalt/38091,,False,skos:related,
hemolysis,haemolysis,hemolysis (haemolysis),https://lod.nal.usda.gov/nalt/750,,True,skos:related,
hepatocytes,liver cells,hepatocytes (liver cells),https://lod.nal.usda.gov/nalt/23469,,True,skos:broader; skos:narrower,
heterologous gene expression,heterologous protein expression; heterologous protein production,"heterologous gene expression (heterologous protein expression, heterologous protein production)",https://lod.nal.usda.gov/nalt/262486,,False,skos:related,
histiocytes,,histiocytes,https://lod.nal.usda.gov/nalt/45636,,True,skos:broader; skos:narrower,
hybridomas,,hybridomas,https://lod.nal.usda.gov/nalt/23404,,True,skos:broader; skos:narrower,
hypersensitive response,hypersensitive reaction; hypersensitivity (plants); plant hypersensitivity,"hypersensitive response (hypersensitive reaction, hypersensitivity (plants), plant hypersensitivity)",https://lod.nal.usda.gov/nalt/11247,,False,skos:related,
in vitro culture,culture techniques,in vitro culture (culture techniques),https://lod.nal.usda.gov/nalt/14257,,False,skos:broader; skos:narrower,
intercellular adhesion molecule-1,CD54 antigens; ICAM-1 (intercellular adhesion molecule-1),"intercellular adhesion molecule-1 (CD54 antigens, ICAM-1 (intercellular adhesion molecule-1))",https://lod.nal.usda.gov/nalt/293119,,False,skos:related,
intestinal mucosa,intestinal epithelium,intestinal mucosa (intestinal epithelium),https://lod.nal.usda.gov/nalt/33580,,False,skos:related,
keratinocytes,,keratinocytes,https://lod.nal.usda.gov/nalt/23470,,True,skos:broader; skos:narrower,
keratinosomes,Odland bodies; lamellar bodies; lamellar granules; membrane-coating granules,"keratinosomes (Odland bodies, lamellar bodies, lamellar granules, membrane-coating granules)",https://lod.nal.usda.gov/nalt/191274,,True,skos:related,
kidney cells,renal cells,kidney cells (renal cells),https://lod.nal.usda.gov/nalt/23471,,True,skos:broader; skos:narrower,
Kupffer cells,,Kupffer cells,https://lod.nal.usda.gov/nalt/48601,,True,skos:broader; skos:narrower,
Langerhans cells,,Langerhans cells,https://lod.nal.usda.gov/nalt/32273,,True,skos:broader; skos:narrower,
leaf epidermis,,leaf epidermis,https://lod.nal.usda.gov/nalt/334639,,False,skos:broader; skos:narrower,
leukocyte count,WBC count; WBC count (white blood cell count); WBC number; WBC number (white blood cell number); differential leucocyte count; differential leukocyte count; leucocyte count; leucocyte number; leukocyte number; white blood cell count; white blood cell number,"leukocyte count (WBC count, WBC count (white blood cell count), WBC number, WBC number (white blood cell number), differential leucocyte count, differential leukocyte count, leucocyte count, leucocyte number, leukocyte number, white blood cell count, white blood cell number)",https://lod.nal.usda.gov/nalt/18079,,False,skos:related,
leukopenia,leukocytopenia,leukopenia (leukocytopenia),https://lod.nal.usda.gov/nalt/39763,,False,skos:related,
lipotoxicity,,lipotoxicity,https://lod.nal.usda.gov/nalt/261791,,False,skos:related,
macrophage activation,,macrophage activation,https://lod.nal.usda.gov/nalt/46969,,False,skos:related,
male reproductive system,gubernaculum,male reproductive system (gubernaculum),https://lod.nal.usda.gov/nalt/20336,,False,skos:related,
megasporogenesis,,megasporogenesis,https://lod.nal.usda.gov/nalt/42262,,False,skos:related,
melanin,,melanin,https://lod.nal.usda.gov/nalt/51962,,False,skos:related,
melanization,melanisation,melanization (melanisation),https://lod.nal.usda.gov/nalt/51963,,False,skos:related,
melanogenesis,,melanogenesis,https://lod.nal.usda.gov/nalt/204398,,False,skos:related,
membrane fluidity,,membrane fluidity,https://lod.nal.usda.gov/nalt/23426,,True,skos:broader; skos:narrower,
membrane fusion,,membrane fusion,https://lod.nal.usda.gov/nalt/217597,,True,skos:broader; skos:narrower,
membrane permeability,cell membrane permeability,membrane permeability (cell membrane permeability),https://lod.nal.usda.gov/nalt/23427,,True,skos:broader; skos:narrower,
metabolic engineering,,metabolic engineering,https://lod.nal.usda.gov/nalt/206574,,False,skos:broader; skos:narrower,
micronucleus tests,bone marrow micronucleus assay; bone marrow micronucleus test; micronucleus assay,"micronucleus tests (bone marrow micronucleus assay, bone marrow micronucleus test, micronucleus assay)",https://lod.nal.usda.gov/nalt/309754,,False,skos:related,
microsporogenesis,,microsporogenesis,https://lod.nal.usda.gov/nalt/42263,,False,skos:related,
milk quality,,milk quality,https://lod.nal.usda.gov/nalt/31644,,False,skos:broader; skos:narrower,
mitochondria,,mitochondria,https://lod.nal.usda.gov/nalt/53154,,True,skos:related,
mitochondrial turnover,,mitochondrial turnover,https://lod.nal.usda.gov/nalt/296511,,True,skos:broader; skos:narrower,
mononuclear leukocytes,PBMC (peripheral blood mononuclear cells); peripheral blood mononuclear cells; peripheral blood mononuclear leukocytes,"mononuclear leukocytes (PBMC (peripheral blood mononuclear cells), peripheral blood mononuclear cells, peripheral blood mononuclear leukocytes)",https://lod.nal.usda.gov/nalt/146660,,True,skos:broader; skos:narrower,
mucosa,mucous membrane; mucous membranes,"mucosa (mucous membrane, mucous membranes)",https://lod.nal.usda.gov/nalt/23407,,False,skos:broader; skos:narrower,
myocardium,cardiac muscle,myocardium (cardiac muscle),https://lod.nal.usda.gov/nalt/22397,,False,skos:broader; skos:narrower,
myofibrils,muscle fibrils; myofilaments,"myofibrils (muscle fibrils, myofilaments)",https://lod.nal.usda.gov/nalt/53774,,True,skos:broader; skos:narrower,
necroptosis,programmed necrosis,necroptosis (programmed necrosis),https://lod.nal.usda.gov/nalt/307372,,True,skos:related,
necrosis,necroses,necrosis (necroses),https://lod.nal.usda.gov/nalt/761,,False,skos:related,
nerve fibers,nerve fibres; peduncle (nerves),"nerve fibers (nerve fibres, peduncle (nerves))",https://lod.nal.usda.gov/nalt/14269,,False,skos:broader; skos:narrower,
nervous system,,nervous system,https://lod.nal.usda.gov/nalt/8977,,False,skos:broader; skos:narrower,
neural stem cells,neural progenitor cells,neural stem cells (neural progenitor cells),https://lod.nal.usda.gov/nalt/317858,,True,skos:related,
neurites,,neurites,https://lod.nal.usda.gov/nalt/14270,,False,skos:broader; skos:narrower,
nonanimal tests,non-animal tests,nonanimal tests (non-animal tests),https://lod.nal.usda.gov/nalt/9559,,False,skos:broader; skos:narrower,
oligodendroglia,oligodendrocytes,oligodendroglia (oligodendrocytes),https://lod.nal.usda.gov/nalt/87584,,False,skos:broader; skos:narrower,
oocytes,,oocytes,https://lod.nal.usda.gov/nalt/42877,,True,skos:broader; skos:narrower,
oogenesis,egg formation,oogenesis (egg formation),https://lod.nal.usda.gov/nalt/9479,,False,skos:related,
oogonia,,oogonia,https://lod.nal.usda.gov/nalt/55919,,True,skos:broader; skos:narrower,
ova transfer,oocyte transfer,ova transfer (oocyte transfer),https://lod.nal.usda.gov/nalt/9032,,False,skos:related,
ovicides,,ovicides,https://lod.nal.usda.gov/nalt/827,,False,skos:related,
ovipary,oviparity; oviparous,"ovipary (oviparity, oviparous)",https://lod.nal.usda.gov/nalt/9480,,False,skos:related,
oviposition,egg laying,oviposition (egg laying),https://lod.nal.usda.gov/nalt/9481,,False,skos:related,
ovulation,,ovulation,https://lod.nal.usda.gov/nalt/9482,,False,skos:related,
plant cuticle,,plant cuticle,https://lod.nal.usda.gov/nalt/30920,,False,skos:broader; skos:narrower,
plant tissues,,plant tissues,https://lod.nal.usda.gov/nalt/15840,,False,skos:broader; skos:narrower,
plasmolysis,,plasmolysis,https://lod.nal.usda.gov/nalt/23428,,True,skos:broader; skos:narrower,
platelet activation,,platelet activation,https://lod.nal.usda.gov/nalt/18144,,False,skos:related,
platelet aggregation,,platelet aggregation,https://lod.nal.usda.gov/nalt/18145,,False,skos:related,
polycythemia,erythrocytosis,polycythemia (erythrocytosis),https://lod.nal.usda.gov/nalt/45050,,False,skos:related,
pro-apoptotic proteins,anti-apoptotic proteins; apoptosis inducing proteins,"pro-apoptotic proteins (anti-apoptotic proteins, apoptosis inducing proteins)",https://lod.nal.usda.gov/nalt/261849,,False,skos:related,
programmed cell death,,programmed cell death,https://lod.nal.usda.gov/nalt/89615,,True,skos:broader; skos:narrower,
protoplast fusion,,protoplast fusion,https://lod.nal.usda.gov/nalt/23378,,False,skos:related,
pulmonary alveoli,,pulmonary alveoli,https://lod.nal.usda.gov/nalt/7283,,False,skos:broader; skos:narrower,
pyroptosis,pyroptotic cell death,pyroptosis (pyroptotic cell death),https://lod.nal.usda.gov/nalt/327976,,True,skos:broader; skos:narrower,
respiratory burst,,respiratory burst,https://lod.nal.usda.gov/nalt/298136,,True,skos:related,
respiratory mucosa,respiratory epithelium,respiratory mucosa (respiratory epithelium),https://lod.nal.usda.gov/nalt/202662,,False,skos:related,
reticulocytes,,reticulocytes,https://lod.nal.usda.gov/nalt/38093,,True,skos:broader; skos:narrower,
RNA packaging,mRNA packaging,RNA packaging (mRNA packaging),https://lod.nal.usda.gov/nalt/264024,,True,skos:broader; skos:narrower,
root cap,plant root cap,root cap (plant root cap),https://lod.nal.usda.gov/nalt/61633,,False,skos:related,
root epidermis,,root epidermis,https://lod.nal.usda.gov/nalt/334628,,False,skos:broader; skos:narrower,
roots,plant roots,roots (plant roots),https://lod.nal.usda.gov/nalt/4425,,False,skos:related,
rumen epithelium,rumen mucosa; ruminal epithelium; ruminal mucosa,"rumen epithelium (rumen mucosa, ruminal epithelium, ruminal mucosa)",https://lod.nal.usda.gov/nalt/37630,,False,skos:broader; skos:narrower,
semen,,semen,https://lod.nal.usda.gov/nalt/18324,,False,skos:related,
semen banks,sperm banks,semen banks (sperm banks),https://lod.nal.usda.gov/nalt/9034,,False,skos:related,
seminiferous epithelium,,seminiferous epithelium,https://lod.nal.usda.gov/nalt/37631,,False,skos:broader; skos:narrower,
skin neoplasms,skin cancer; skin tumors; skin tumours,"skin neoplasms (skin cancer, skin tumors, skin tumours)",https://lod.nal.usda.gov/nalt/241657,,False,skos:related,
spectrin,,spectrin,https://lod.nal.usda.gov/nalt/38094,,False,skos:related,
sperm capacitation,capacitation of sperm; capacitation of spermatozoa; cryocapacitation; sperm activation; sperm hyperactivation,"sperm capacitation (capacitation of sperm, capacitation of spermatozoa, cryocapacitation, sperm activation, sperm hyperactivation)",https://lod.nal.usda.gov/nalt/9460,,False,skos:related,
sperm competition,,sperm competition,https://lod.nal.usda.gov/nalt/47567,,False,skos:related,
sperm concentration,concentration of sperm; concentration of spermatozoa; spermatic concentration; spermatozoa concentration,"sperm concentration (concentration of sperm, concentration of spermatozoa, spermatic concentration, spermatozoa concentration)",https://lod.nal.usda.gov/nalt/198414,,False,skos:related,
sperm motility,spermatozoa motility; spermatozoal motility,"sperm motility (spermatozoa motility, spermatozoal motility)",https://lod.nal.usda.gov/nalt/9490,,True,skos:related,
sperm quality,sperm characteristics; sperm characters; spermatozoa quality,"sperm quality (sperm characteristics, sperm characters, spermatozoa quality)",https://lod.nal.usda.gov/nalt/296215,,True,skos:broader; skos:narrower,
spermatogenesis,,spermatogenesis,https://lod.nal.usda.gov/nalt/42264,,False,skos:related,
spermatophores,,spermatophores,https://lod.nal.usda.gov/nalt/47405,,False,skos:related,
spermatozeugmata,sperm bundles,spermatozeugmata (sperm bundles),https://lod.nal.usda.gov/nalt/323012,,True,skos:broader; skos:narrower,
stem cells,progenitor cells,stem cells (progenitor cells),https://lod.nal.usda.gov/nalt/23484,,True,skos:broader; skos:narrower,
suicide genes,,suicide genes,https://lod.nal.usda.gov/nalt/190298,,False,skos:related,
symbiosis,endosymbiosis,symbiosis (endosymbiosis),https://lod.nal.usda.gov/nalt/28123,,False,skos:related,
thrombocytopenia,thrombocytopaenia; thrombopenia,"thrombocytopenia (thrombocytopaenia, thrombopenia)",https://lod.nal.usda.gov/nalt/18109,,False,skos:related,
tissue engineering,,tissue engineering,https://lod.nal.usda.gov/nalt/206572,,False,skos:related,
totipotency,,totipotency,https://lod.nal.usda.gov/nalt/128,,False,skos:related,
trophozoites,,trophozoites,https://lod.nal.usda.gov/nalt/32916,,False,skos:related,
troponin T,troponin T1; troponin T2,"troponin T (troponin T1, troponin T2)",https://lod.nal.usda.gov/nalt/199112,,False,skos:related,
tumor suppressor protein p53,TRP53 protein; oncoprotein p53; p53 antigen,"tumor suppressor protein p53 (TRP53 protein, oncoprotein p53, p53 antigen)",https://lod.nal.usda.gov/nalt/261837,,False,skos:related,
vacuoles,vacuolar compartments,vacuoles (vacuolar compartments),https://lod.nal.usda.gov/nalt/56077,,True,skos:related,
ventral receptacle,,ventral receptacle,https://lod.nal.usda.gov/nalt/231401,,False,skos:related,
viral growth,,viral growth,https://lod.nal.usda.gov/nalt/189798,,False,skos:related,
virus culture,viral culture; viral culture methods,"virus culture (viral culture, viral culture methods)",https://lod.nal.usda.gov/nalt/283951,,False,skos:related,
zona pellucida,,zona pellucida,https://lod.nal.usda.gov/nalt/56390,,True,skos:broader; skos:narrower,
activins,,activins,https://lod.nal.usda.gov/nalt/3936,,False,skos:related,
adult stem cells,adult germline stem cells; adult somatic stem cells; germline adult stem cells; oogonial stem cells; somatic adult stem cells; spermatogonial progenitor cells,"adult stem cells (adult germline stem cells, adult somatic stem cells, germline adult stem cells, oogonial stem cells, somatic adult stem cells, spermatogonial progenitor cells)",https://lod.nal.usda.gov/nalt/215122,,True,skos:broader; skos:narrower,
aerobiosis,aerobic growth; aerobic respiration; oxidative metabolism,"aerobiosis (aerobic growth, aerobic respiration, oxidative metabolism)",https://lod.nal.usda.gov/nalt/4629,,False,skos:related,
amyotrophic lateral sclerosis,Guam disease,amyotrophic lateral sclerosis (Guam disease),https://lod.nal.usda.gov/nalt/264298,,False,skos:related,
anaerobiosis,anaerobic metabolism; anaerobic respiration,"anaerobiosis (anaerobic metabolism, anaerobic respiration)",https://lod.nal.usda.gov/nalt/8375,,False,skos:related,
anatomy and morphology,morphology and anatomy,anatomy and morphology (morphology and anatomy),https://lod.nal.usda.gov/nalt/8586,,False,skos:broader; skos:narrower,
animal fertility,animal infertility; animal sterility; animal subfertility,"animal fertility (animal infertility, animal sterility, animal subfertility)",https://lod.nal.usda.gov/nalt/9196,,False,skos:broader; skos:narrower,
animal reproduction,reproductive physiology (animals); theriogenology,"animal reproduction (reproductive physiology (animals), theriogenology)",https://lod.nal.usda.gov/nalt/3138,,False,skos:broader; skos:narrower,
anion pumps,anion transport proteins,anion pumps (anion transport proteins),https://lod.nal.usda.gov/nalt/196260,,False,skos:related,
antibody formation,antibody production; antibody response; autoantibody production,"antibody formation (antibody production, antibody response, autoantibody production)",https://lod.nal.usda.gov/nalt/10230,,False,skos:broader; skos:narrower,
antimitotic agents,antimitotic drugs; antimitotics,"antimitotic agents (antimitotic drugs, antimitotics)",https://lod.nal.usda.gov/nalt/316636,,False,skos:related,
apoplast,apoplasm; apoplastic compartment; apoplastic component; apoplastic pathway,"apoplast (apoplasm, apoplastic compartment, apoplastic component, apoplastic pathway)",https://lod.nal.usda.gov/nalt/194621,,False,skos:related,
aster (cell structure),,aster (cell structure),https://lod.nal.usda.gov/nalt/194646,,True,skos:broader; skos:narrower,
autocrine signaling,autocrine communication,autocrine signaling (autocrine communication),https://lod.nal.usda.gov/nalt/261288,,True,skos:broader; skos:narrower,
autolysis,,autolysis,https://lod.nal.usda.gov/nalt/14014,,True,skos:broader; skos:narrower,
basophils,,basophils,https://lod.nal.usda.gov/nalt/16035,,True,skos:broader; skos:narrower,
bioencapsulation,,bioencapsulation,https://lod.nal.usda.gov/nalt/228596,,False,skos:related,
biological properties and phenomena,,biological properties and phenomena,https://lod.nal.usda.gov/nalt/107,,False,skos:broader; skos:narrower,
calcium ionophores,,calcium ionophores,https://lod.nal.usda.gov/nalt/297917,,False,skos:related,
cecropins,,cecropins,https://lod.nal.usda.gov/nalt/277515,,False,skos:related,
cell division,,cell division,https://lod.nal.usda.gov/nalt/8512,,True,skos:related,
cell membranes,cytoplasmic membranes,cell membranes (cytoplasmic membranes),https://lod.nal.usda.gov/nalt/9529,,True,skos:broader; skos:narrower,
cell movement,cell locomotion; cell migration; cell motility; cellular migration; cellular motility; cellular movement,"cell movement (cell locomotion, cell migration, cell motility, cellular migration, cellular motility, cellular movement)",https://lod.nal.usda.gov/nalt/15185,,True,skos:broader; skos:narrower,
cell proliferation,cellular proliferation; tissue proliferation,"cell proliferation (cellular proliferation, tissue proliferation)",https://lod.nal.usda.gov/nalt/23357,,True,skos:related,
cell walls,,cell walls,https://lod.nal.usda.gov/nalt/23435,,True,skos:broader; skos:narrower,
cilia,,cilia,https://lod.nal.usda.gov/nalt/23436,,True,skos:broader; skos:narrower,
conceptus,,conceptus,https://lod.nal.usda.gov/nalt/28468,,False,skos:broader; skos:narrower,
cyanide-resistant respiration,cyanide insensitive respiration; cyanide resistant respiration,"cyanide-resistant respiration (cyanide insensitive respiration, cyanide resistant respiration)",https://lod.nal.usda.gov/nalt/23432,,True,skos:broader; skos:narrower,
cyanide-sensitive respiration,cyanide sensitive respiration,cyanide-sensitive respiration (cyanide sensitive respiration),https://lod.nal.usda.gov/nalt/23433,,True,skos:broader; skos:narrower,
cytogenetics,,cytogenetics,https://lod.nal.usda.gov/nalt/8825,,True,skos:broader; skos:narrower,
cytoplasmic granules,,cytoplasmic granules,https://lod.nal.usda.gov/nalt/25730,,True,skos:broader; skos:narrower,
cytoplasmic inclusions,,cytoplasmic inclusions,https://lod.nal.usda.gov/nalt/31474,,True,skos:related,
cytoplasmic vesicles,,cytoplasmic vesicles,https://lod.nal.usda.gov/nalt/264088,,True,skos:broader; skos:narrower,
cytoskeleton,cytoskeletal filaments,cytoskeleton (cytoskeletal filaments),https://lod.nal.usda.gov/nalt/31472,,True,skos:broader; skos:narrower,
cytosol,,cytosol,https://lod.nal.usda.gov/nalt/31473,,True,skos:broader; skos:narrower,
dendrites,,dendrites,https://lod.nal.usda.gov/nalt/32272,,False,skos:broader; skos:narrower,
dermis,,dermis,https://lod.nal.usda.gov/nalt/32498,,False,skos:related,
digestive tract mucosa,esophageal mucosa; mouth mucosa; oesophageal mucosa,"digestive tract mucosa (esophageal mucosa, mouth mucosa, oesophageal mucosa)",https://lod.nal.usda.gov/nalt/33553,,False,skos:broader; skos:narrower,
DNA replication,,DNA replication,https://lod.nal.usda.gov/nalt/34224,,False,skos:related,
ecosystem respiration,,ecosystem respiration,https://lod.nal.usda.gov/nalt/189757,,False,skos:related,
electrofusion,,electrofusion,https://lod.nal.usda.gov/nalt/125072,,False,skos:related,
electron transport chain,electron transfer chain; respiratory chain,"electron transport chain (electron transfer chain, respiratory chain)",https://lod.nal.usda.gov/nalt/17286,,False,skos:related,
electroporation,,electroporation,https://lod.nal.usda.gov/nalt/36237,,False,skos:related,
embryo (animal),animal embryos,embryo (animal) (animal embryos),https://lod.nal.usda.gov/nalt/8004,,False,skos:broader; skos:narrower,
embryonic germ layers,epiblast; germ layers,"embryonic germ layers (epiblast, germ layers)",https://lod.nal.usda.gov/nalt/317724,,False,skos:broader; skos:narrower,
embryonic stem cells,,embryonic stem cells,https://lod.nal.usda.gov/nalt/36807,,True,skos:broader; skos:narrower,
endomembrane system,,endomembrane system,https://lod.nal.usda.gov/nalt/200527,,True,skos:related,
endoplasmic reticulum,,endoplasmic reticulum,https://lod.nal.usda.gov/nalt/37062,,True,skos:related,
eosinophils,,eosinophils,https://lod.nal.usda.gov/nalt/37512,,True,skos:broader; skos:narrower,
erythrocytic stage,erythrocyte stage,erythrocytic stage (erythrocyte stage),https://lod.nal.usda.gov/nalt/200598,,False,skos:related,
explants,,explants,https://lod.nal.usda.gov/nalt/30702,,False,skos:related,
ferroptosis,,ferroptosis,https://lod.nal.usda.gov/nalt/339436,,True,skos:broader; skos:narrower,
fetoplacental tissues,feto-placental tissues,fetoplacental tissues (feto-placental tissues),https://lod.nal.usda.gov/nalt/199428,,False,skos:broader; skos:narrower,
fetus,,fetus,https://lod.nal.usda.gov/nalt/34842,,False,skos:broader; skos:narrower,
fimbriae,pili; pilus,"fimbriae (pili, pilus)",https://lod.nal.usda.gov/nalt/23438,,True,skos:broader; skos:narrower,
flagellum,flagella,flagellum (flagella),https://lod.nal.usda.gov/nalt/15186,,True,skos:related,
ganglia,ganglion,ganglia (ganglion),https://lod.nal.usda.gov/nalt/1617,,False,skos:related,
gastrulation,,gastrulation,https://lod.nal.usda.gov/nalt/242280,,False,skos:related,
genetic similarity,genetic homogeneity,genetic similarity (genetic homogeneity),https://lod.nal.usda.gov/nalt/283766,,False,skos:related,
germinal vesicle,,germinal vesicle,https://lod.nal.usda.gov/nalt/42876,,True,skos:broader; skos:narrower,
giardin protein,alpha-giardin; beta-giardin; delta-giardin; gamma-giardin,"giardin protein (alpha-giardin, beta-giardin, delta-giardin, gamma-giardin)",https://lod.nal.usda.gov/nalt/200635,,False,skos:related,
glioma,glial cell tumors,glioma (glial cell tumors),https://lod.nal.usda.gov/nalt/317772,,False,skos:related,
gliotoxins,aspergillin,gliotoxins (aspergillin),https://lod.nal.usda.gov/nalt/323535,,False,skos:related,
Golgi apparatus,Golgi body; Golgi complex; dictyosomes,"Golgi apparatus (Golgi body, Golgi complex, dictyosomes)",https://lod.nal.usda.gov/nalt/33284,,True,skos:related,
growth retardation,growth inhibition; growth reduction; stunting,"growth retardation (growth inhibition, growth reduction, stunting)",https://lod.nal.usda.gov/nalt/34962,,False,skos:related,
hematologic diseases,blood diseases; blood disorders; haematologic diseases; hematological diseases; hemic diseases,"hematologic diseases (blood diseases, blood disorders, haematologic diseases, hematological diseases, hemic diseases)",https://lod.nal.usda.gov/nalt/339,,False,skos:broader; skos:narrower,
hematopoiesis,haematopoiesis; haemopoiesis; hemopoiesis; leukopoiesis; thrombocytopoiesis,"hematopoiesis (haematopoiesis, haemopoiesis, hemopoiesis, leukopoiesis, thrombocytopoiesis)",https://lod.nal.usda.gov/nalt/26361,,False,skos:broader; skos:narrower,
hemostasis,haemostasis,hemostasis (haemostasis),https://lod.nal.usda.gov/nalt/18096,,False,skos:broader; skos:narrower,
heterophils,,heterophils,https://lod.nal.usda.gov/nalt/43663,,True,skos:broader; skos:narrower,
histiocytosis,,histiocytosis,https://lod.nal.usda.gov/nalt/45637,,False,skos:related,
human cell lines,,human cell lines,https://lod.nal.usda.gov/nalt/68542,,True,skos:broader; skos:narrower,
ichthyosis,xeroderma,ichthyosis (xeroderma),https://lod.nal.usda.gov/nalt/243840,,False,skos:related,
inclusion bodies,,inclusion bodies,https://lod.nal.usda.gov/nalt/23439,,True,skos:related,
integument,body wall; exuviae,"integument (body wall, exuviae)",https://lod.nal.usda.gov/nalt/9103,,False,skos:related,
interphase,G0 phase; G1 phase; G2 phase; S phase,"interphase (G0 phase, G1 phase, G2 phase, S phase)",https://lod.nal.usda.gov/nalt/23383,,True,skos:broader; skos:narrower,
intestinal crypts,,intestinal crypts,https://lod.nal.usda.gov/nalt/47554,,False,skos:broader; skos:narrower,
intestines,intestinal tract,intestines (intestinal tract),https://lod.nal.usda.gov/nalt/42441,,False,skos:broader; skos:narrower,
intracellular space,,intracellular space,https://lod.nal.usda.gov/nalt/238189,,True,skos:broader; skos:narrower,
keratinocyte growth factor receptor,FGF receptor 2IIIb; KGF receptor; fibroblast growth factor receptor 2IIIb; keratinocyte growth factor receptors,"keratinocyte growth factor receptor (FGF receptor 2IIIb, KGF receptor, fibroblast growth factor receptor 2IIIb, keratinocyte growth factor receptors)",https://lod.nal.usda.gov/nalt/222893,,False,skos:related,
kidneys,anterior kidney; head kidney,"kidneys (anterior kidney, head kidney)",https://lod.nal.usda.gov/nalt/9343,,False,skos:related,
Lewy bodies,,Lewy bodies,https://lod.nal.usda.gov/nalt/246142,,True,skos:related,
liquid membranes,,liquid membranes,https://lod.nal.usda.gov/nalt/229418,,False,skos:related,
liver,liver (anatomy),liver (liver (anatomy)),https://lod.nal.usda.gov/nalt/9344,,False,skos:related,
lymphocytes,immunocompetent cells; lymphoid cells,"lymphocytes (immunocompetent cells, lymphoid cells)",https://lod.nal.usda.gov/nalt/14420,,True,skos:broader; skos:narrower,
lysosomes,,lysosomes,https://lod.nal.usda.gov/nalt/50956,,True,skos:related,
male fertility,male subfertility,male fertility (male subfertility),https://lod.nal.usda.gov/nalt/9205,,False,skos:related,
megakaryocytes,,megakaryocytes,https://lod.nal.usda.gov/nalt/18525,,True,skos:broader; skos:narrower,
mitochondrial DNA,mtDNA (mitochondrial DNA),mitochondrial DNA (mtDNA (mitochondrial DNA)),https://lod.nal.usda.gov/nalt/34167,,False,skos:related,
mitochondrial genes,,mitochondrial genes,https://lod.nal.usda.gov/nalt/308393,,False,skos:related,
mitochondrial genome,mitogenome,mitochondrial genome (mitogenome),https://lod.nal.usda.gov/nalt/244932,,False,skos:related,
mitochondrial membrane,inner mitochondrial membrane; outer mitochondrial membrane,"mitochondrial membrane (inner mitochondrial membrane, outer mitochondrial membrane)",https://lod.nal.usda.gov/nalt/219042,,True,skos:related,
mitogens,phytomitogens,mitogens (phytomitogens),https://lod.nal.usda.gov/nalt/314424,,False,skos:related,
mitophagy,mitochondrial degradation,mitophagy (mitochondrial degradation),https://lod.nal.usda.gov/nalt/296510,,True,skos:related,
monocarboxylic acid transporters,lactate transport proteins; lactate transporters,"monocarboxylic acid transporters (lactate transport proteins, lactate transporters)",https://lod.nal.usda.gov/nalt/277897,,False,skos:related,
myogenin,,myogenin,https://lod.nal.usda.gov/nalt/287139,,False,skos:related,
nasal mucosa,,nasal mucosa,https://lod.nal.usda.gov/nalt/53591,,False,skos:broader; skos:narrower,
neurons,cytons; nerve cells; neuronal cells; neurone; neurones,"neurons (cytons, nerve cells, neuronal cells, neurone, neurones)",https://lod.nal.usda.gov/nalt/31449,,False,skos:related,
nucleocytoplasmic transport,nucleocytoplasmic trafficking,nucleocytoplasmic transport (nucleocytoplasmic trafficking),https://lod.nal.usda.gov/nalt/87320,,False,skos:related,
occludins,,occludins,https://lod.nal.usda.gov/nalt/215663,,False,skos:related,
organelles,cytoplasmic organelles,organelles (cytoplasmic organelles),https://lod.nal.usda.gov/nalt/23546,,True,skos:broader; skos:narrower,
organogenesis,,organogenesis,https://lod.nal.usda.gov/nalt/53498,,False,skos:related,
osmosis,,osmosis,https://lod.nal.usda.gov/nalt/52083,,False,skos:related,
oxygen consumption,,oxygen consumption,https://lod.nal.usda.gov/nalt/8382,,False,skos:related,
P-glycoproteins,multidrug resistance protein 1; permeability glycoproteins,"P-glycoproteins (multidrug resistance protein 1, permeability glycoproteins)",https://lod.nal.usda.gov/nalt/278020,,False,skos:related,
paracrine signaling,,paracrine signaling,https://lod.nal.usda.gov/nalt/261291,,True,skos:broader; skos:narrower,
permeability,,permeability,https://lod.nal.usda.gov/nalt/52082,,False,skos:broader; skos:narrower,
phagosomes,phagolysosomes,phagosomes (phagolysosomes),https://lod.nal.usda.gov/nalt/56073,,True,skos:broader; skos:narrower,
photorespiration,,photorespiration,https://lod.nal.usda.gov/nalt/23434,,True,skos:broader; skos:narrower,
physiological transport,biological transport; transcytosis,"physiological transport (biological transport, transcytosis)",https://lod.nal.usda.gov/nalt/3934,,False,skos:related,
placenta,placentae; placentome,"placenta (placentae, placentome)",https://lod.nal.usda.gov/nalt/36836,,False,skos:broader; skos:narrower,
plant nutrient resorption,,plant nutrient resorption,https://lod.nal.usda.gov/nalt/314552,,False,skos:related,
plasma membrane,plasmalemma,plasma membrane (plasmalemma),https://lod.nal.usda.gov/nalt/23409,,True,skos:related,
proliferating cell nuclear antigen,PCNA (proliferating cell nuclear antigen),proliferating cell nuclear antigen (PCNA (proliferating cell nuclear antigen)),https://lod.nal.usda.gov/nalt/23384,,False,skos:related,
protein transport,protein sorting; protein trafficking; protein translocation,"protein transport (protein sorting, protein trafficking, protein translocation)",https://lod.nal.usda.gov/nalt/58086,,False,skos:related,
proton-motive force,chemiosmosis; chemiosmotic mechanism,"proton-motive force (chemiosmosis, chemiosmotic mechanism)",https://lod.nal.usda.gov/nalt/243920,,False,skos:related,
pseudopodia,axopodia; filopodia; lamellipodia; lobopodia,"pseudopodia (axopodia, filopodia, lamellipodia, lobopodia)",https://lod.nal.usda.gov/nalt/56074,,True,skos:broader; skos:narrower,
quorum sensing,quorum signaling,quorum sensing (quorum signaling),https://lod.nal.usda.gov/nalt/23372,,False,skos:related,
respiratory system,respiratory tract,respiratory system (respiratory tract),https://lod.nal.usda.gov/nalt/5853,,False,skos:broader; skos:narrower,
reticulocyte count,,reticulocyte count,https://lod.nal.usda.gov/nalt/90688,,False,skos:related,
root anatomy,,root anatomy,https://lod.nal.usda.gov/nalt/334626,,False,skos:broader; skos:narrower,
rumen,,rumen,https://lod.nal.usda.gov/nalt/41231,,False,skos:broader; skos:narrower,
secretory granules,secretory vesicles; zymogen granules,"secretory granules (secretory vesicles, zymogen granules)",https://lod.nal.usda.gov/nalt/191190,,True,skos:related,
semen quality,semen characteristics; semen characters,"semen quality (semen characteristics, semen characters)",https://lod.nal.usda.gov/nalt/296230,,False,skos:related,
seminiferous tubules,,seminiferous tubules,https://lod.nal.usda.gov/nalt/62834,,False,skos:broader; skos:narrower,
senescence (aging),aging (physiological process),senescence (aging) (aging (physiological process)),https://lod.nal.usda.gov/nalt/127,,False,skos:related,
sexual reproduction,,sexual reproduction,https://lod.nal.usda.gov/nalt/39946,,False,skos:related,
skin (animal),,skin (animal),https://lod.nal.usda.gov/nalt/32499,,False,skos:broader; skos:narrower,
SNARE proteins,SNAP receptors; soluble N-ethylmaleimide-sensitive factor activating protein receptor (SNARE) proteins; soluble N-ethylmaleimide-sensitive factor activating protein receptor proteins; t-SNAREs; target SNARE proteins; v-SNAREs; vesicle SNARE proteins,"SNARE proteins (SNAP receptors, soluble N-ethylmaleimide-sensitive factor activating protein receptor (SNARE) proteins, soluble N-ethylmaleimide-sensitive factor activating protein receptor proteins, t-SNAREs, target SNARE proteins, v-SNAREs, vesicle SNARE proteins)",https://lod.nal.usda.gov/nalt/283211,,False,skos:related,
somatic hybridization,somatic hybridisation,somatic hybridization (somatic hybridisation),https://lod.nal.usda.gov/nalt/46235,,False,skos:related,
sperm transport,sperm migration; transport in female genitalia; transport in male genitalia,"sperm transport (sperm migration, transport in female genitalia, transport in male genitalia)",https://lod.nal.usda.gov/nalt/9491,,False,skos:related,
spermiogenesis,sperm formation,spermiogenesis (sperm formation),https://lod.nal.usda.gov/nalt/63753,,False,skos:broader; skos:narrower,
subcellular fractions,,subcellular fractions,https://lod.nal.usda.gov/nalt/20189,,True,skos:broader; skos:narrower,
symplast,symplasm; symplastic compartment; symplastic component; symplastic pathway,"symplast (symplasm, symplastic compartment, symplastic component, symplastic pathway)",https://lod.nal.usda.gov/nalt/148685,,False,skos:related,
tight junctions,occluding junctions; zonula occludens,"tight junctions (occluding junctions, zonula occludens)",https://lod.nal.usda.gov/nalt/47484,,True,skos:related,
tissue culture,tissue culturing,tissue culture (tissue culturing),https://lod.nal.usda.gov/nalt/9560,,False,skos:related,
tonoplast,,tonoplast,https://lod.nal.usda.gov/nalt/23411,,True,skos:related,
transient receptor potential channels,TRP cation channels; TRP membrane proteins; transient receptor potential (TRP) channels,"transient receptor potential channels (TRP cation channels, TRP membrane proteins, transient receptor potential (TRP) channels)",https://lod.nal.usda.gov/nalt/271059,,False,skos:related,
unfolded protein response,,unfolded protein response,https://lod.nal.usda.gov/nalt/146596,,False,skos:related,
velamen,velamen radicum; velamen roots,"velamen (velamen radicum, velamen roots)",https://lod.nal.usda.gov/nalt/309577,,False,skos:broader; skos:narrower,
zygote,,zygote,https://lod.nal.usda.gov/nalt/36837,,False,skos:broader; skos:narrower,
ABC transporters,ABC-type transporters; ATP binding cassette transporters; ATP-binding cassette transporters,"ABC transporters (ABC-type transporters, ATP binding cassette transporters, ATP-binding cassette transporters)",https://lod.nal.usda.gov/nalt/1597,,False,skos:related,
actin,F-actin; G-actin; N-actin; alpha-actin; alpha-isoactin; beta-actin; gamma-actin; isoactin,"actin (F-actin, G-actin, N-actin, alpha-actin, alpha-isoactin, beta-actin, gamma-actin, isoactin)",https://lod.nal.usda.gov/nalt/3179,,False,skos:related,
active transport,,active transport,https://lod.nal.usda.gov/nalt/3931,,False,skos:broader; skos:narrower,
adhesins,bacterial adhesins,adhesins (bacterial adhesins),https://lod.nal.usda.gov/nalt/4196,,False,skos:related,
aerobic conditions,oxic conditions,aerobic conditions (oxic conditions),https://lod.nal.usda.gov/nalt/4630,,False,skos:related,
alpha catenin,alpha-1 catenin; alpha-E catenin,"alpha catenin (alpha-1 catenin, alpha-E catenin)",https://lod.nal.usda.gov/nalt/295010,,False,skos:related,
amino acid receptors,,amino acid receptors,https://lod.nal.usda.gov/nalt/281571,,False,skos:related,
anaphase,,anaphase,https://lod.nal.usda.gov/nalt/8511,,True,skos:broader; skos:narrower,
apoplastic fluids,apoplast fluids,apoplastic fluids (apoplast fluids),https://lod.nal.usda.gov/nalt/296072,,True,skos:related,
asymmetric membranes,Loeb-Sourirajan membranes; anisotropic membranes; asymmetric cellulose acetate membranes; composite membranes,"asymmetric membranes (Loeb-Sourirajan membranes, anisotropic membranes, asymmetric cellulose acetate membranes, composite membranes)",https://lod.nal.usda.gov/nalt/291870,,False,skos:related,
asynapsis,asyndesis,asynapsis (asyndesis),https://lod.nal.usda.gov/nalt/13544,,True,skos:broader; skos:narrower,
B-lymphocytes,B cells (lymphocytes); B lymphocytes; B-cells (lymphocytes),"B-lymphocytes (B cells (lymphocytes), B lymphocytes, B-cells (lymphocytes))",https://lod.nal.usda.gov/nalt/14410,,True,skos:broader; skos:narrower,
bacterial motility,swarming motility; swimming motility,"bacterial motility (swarming motility, swimming motility)",https://lod.nal.usda.gov/nalt/15095,,True,skos:related,
bacterial outer membranes,,bacterial outer membranes,https://lod.nal.usda.gov/nalt/336289,,True,skos:broader; skos:narrower,
beta catenin,,beta catenin,https://lod.nal.usda.gov/nalt/295011,,False,skos:related,
blastocyst,,blastocyst,https://lod.nal.usda.gov/nalt/17929,,False,skos:related,
breathing,alveolar ventilation; exhalation; exhaling; inhalation; inhaling; lung respiration; lung ventilation; panting; respiration (breathing); ventilatory response,"breathing (alveolar ventilation, exhalation, exhaling, inhalation, inhaling, lung respiration, lung ventilation, panting, respiration (breathing), ventilatory response)",https://lod.nal.usda.gov/nalt/19684,,False,skos:related,
brefeldin A,,brefeldin A,https://lod.nal.usda.gov/nalt/148763,,False,skos:related,
brush border membrane vesicles,BBMV (cell preparations),brush border membrane vesicles (BBMV (cell preparations)),https://lod.nal.usda.gov/nalt/16111,,True,skos:broader; skos:narrower,
Ca2-transporting ATPase,Ca pump; Ca-ATPase; Ca2+ pump; Ca2+-ATPase; Ca2+-transporting ATPase; Ca2-ATPase; EC 3.6.3.8; calcium ATPase; calcium adenosine triphosphatase; calcium adenosinetriphosphatase; calcium pump; calcium-transporting ATPase; plasma membrane Ca-ATPase; plasma membrane calcium ATPase; sarcoplasmic reticulum ATPase,"Ca2-transporting ATPase (Ca pump, Ca-ATPase, Ca2+ pump, Ca2+-ATPase, Ca2+-transporting ATPase, Ca2-ATPase, EC 3.6.3.8, calcium ATPase, calcium adenosine triphosphatase, calcium adenosinetriphosphatase, calcium pump, calcium-transporting ATPase, plasma membrane Ca-ATPase, plasma membrane calcium ATPase, sarcoplasmic reticulum ATPase)",https://lod.nal.usda.gov/nalt/20724,,False,skos:related,
cation pumps,cation efflux pumps; cation transport proteins,"cation pumps (cation efflux pumps, cation transport proteins)",https://lod.nal.usda.gov/nalt/196259,,False,skos:related,
cell free system,cell-free system; cellfree system,"cell free system (cell-free system, cellfree system)",https://lod.nal.usda.gov/nalt/23400,,True,skos:broader; skos:narrower,
cell membrane structures,,cell membrane structures,https://lod.nal.usda.gov/nalt/294129,,True,skos:broader; skos:narrower,
cell nucleus,cell nuclei,cell nucleus (cell nuclei),https://lod.nal.usda.gov/nalt/23416,,True,skos:broader; skos:narrower,
cell wall components,cell wall composition; cell wall compounds; cell wall constituents,"cell wall components (cell wall composition, cell wall compounds, cell wall constituents)",https://lod.nal.usda.gov/nalt/23359,,True,skos:related,
cellulose fibrils,,cellulose fibrils,https://lod.nal.usda.gov/nalt/291537,,False,skos:related,
cellulose microfibrils,microfibrillar cellulose,cellulose microfibrils (microfibrillar cellulose),https://lod.nal.usda.gov/nalt/291539,,False,skos:related,
cellulosic fibers,cellulose fibers; cellulose fibres; cellulosic fibres,"cellulosic fibers (cellulose fibers, cellulose fibres, cellulosic fibres)",https://lod.nal.usda.gov/nalt/9216,,False,skos:related,
cellulosome,cellulolytic complexes,cellulosome (cellulolytic complexes),https://lod.nal.usda.gov/nalt/23495,,True,skos:broader; skos:narrower,
centrosomes,,centrosomes,https://lod.nal.usda.gov/nalt/23715,,True,skos:broader; skos:narrower,
chloroplast membranes,,chloroplast membranes,https://lod.nal.usda.gov/nalt/219296,,True,skos:broader; skos:narrower,
chromosome pairing,chromosomal synapsis; chromosome synapse; chromosome synapsis,"chromosome pairing (chromosomal synapsis, chromosome synapse, chromosome synapsis)",https://lod.nal.usda.gov/nalt/13546,,True,skos:broader; skos:narrower,
chromosome segregation,chromosomal disjunction; chromosome disjunction; chromosome separation,"chromosome segregation (chromosomal disjunction, chromosome disjunction, chromosome separation)",https://lod.nal.usda.gov/nalt/23388,,True,skos:broader; skos:narrower,
circulatory system physiology,,circulatory system physiology,https://lod.nal.usda.gov/nalt/9419,,False,skos:broader; skos:narrower,
cnidocysts,,cnidocysts,https://lod.nal.usda.gov/nalt/340866,,True,skos:broader; skos:narrower,
coated vesicles,,coated vesicles,https://lod.nal.usda.gov/nalt/26666,,True,skos:broader; skos:narrower,
cytokinesis,,cytokinesis,https://lod.nal.usda.gov/nalt/70089,,True,skos:broader; skos:narrower,
cytoplasmic streaming,protoplasmic streaming,cytoplasmic streaming (protoplasmic streaming),https://lod.nal.usda.gov/nalt/31489,,False,skos:broader; skos:narrower,
cytoskeletal proteins,,cytoskeletal proteins,https://lod.nal.usda.gov/nalt/190838,,False,skos:related,
deprotonation,,deprotonation,https://lod.nal.usda.gov/nalt/322739,,False,skos:related,
desynapsis,,desynapsis,https://lod.nal.usda.gov/nalt/23389,,True,skos:broader; skos:narrower,
dynamins,dephosphin; dynamin; dynamin K44A,"dynamins (dephosphin, dynamin, dynamin K44A)",https://lod.nal.usda.gov/nalt/242721,,False,skos:related,
electrodialysis,,electrodialysis,https://lod.nal.usda.gov/nalt/271028,,False,skos:related,
electron transfer,electron transport,electron transfer (electron transport),https://lod.nal.usda.gov/nalt/36193,,False,skos:related,
electroosmosis,electroosmotic flow,electroosmosis (electroosmotic flow),https://lod.nal.usda.gov/nalt/282559,,False,skos:broader; skos:narrower,
endosomes,,endosomes,https://lod.nal.usda.gov/nalt/27379,,True,skos:broader; skos:narrower,
exosomes,,exosomes,https://lod.nal.usda.gov/nalt/196334,,True,skos:broader; skos:narrower,
extracellular enzymes,exoenzymes,extracellular enzymes (exoenzymes),https://lod.nal.usda.gov/nalt/315658,,False,skos:related,
Fabry disease,,Fabry disease,https://lod.nal.usda.gov/nalt/299590,,False,skos:related,
flagellin,,flagellin,https://lod.nal.usda.gov/nalt/144694,,False,skos:related,
fluorescence recovery after photobleaching,FRAP (fluorescence recovery after photobleaching),fluorescence recovery after photobleaching (FRAP (fluorescence recovery after photobleaching)),https://lod.nal.usda.gov/nalt/262830,,False,skos:related,
focal adhesions,cell-matrix adherens junctions; focal contacts,"focal adhesions (cell-matrix adherens junctions, focal contacts)",https://lod.nal.usda.gov/nalt/294139,,True,skos:related,
gametolysin,EC 3.4.24.38; autolysins; gamete autolysin; gamete lytic enzyme,"gametolysin (EC 3.4.24.38, autolysins, gamete autolysin, gamete lytic enzyme)",https://lod.nal.usda.gov/nalt/240810,,False,skos:related,
gamma catenin,plakoglobin,gamma catenin (plakoglobin),https://lod.nal.usda.gov/nalt/295012,,False,skos:related,
gene transfer,gene delivery,gene transfer (gene delivery),https://lod.nal.usda.gov/nalt/17418,,False,skos:related,
genetic techniques and protocols,,genetic techniques and protocols,https://lod.nal.usda.gov/nalt/17409,,False,skos:broader; skos:narrower,
hematology,haematology,hematology (haematology),https://lod.nal.usda.gov/nalt/17474,,False,skos:related,
hemicellulose,,hemicellulose,https://lod.nal.usda.gov/nalt/45073,,False,skos:related,
hydrolysis,,hydrolysis,https://lod.nal.usda.gov/nalt/24669,,False,skos:related,
immunocytes,,immunocytes,https://lod.nal.usda.gov/nalt/46988,,True,skos:broader; skos:narrower,
induced pluripotent stem cells,fibroblast-derived IPS cells; fibroblast-derived induced pluripotent stem cells; hiPSC (human induced pluripotent stem cells); human induced pluripotent stem cells; iPS cells (induced pluripotent stem cells),"induced pluripotent stem cells (fibroblast-derived IPS cells, fibroblast-derived induced pluripotent stem cells, hiPSC (human induced pluripotent stem cells), human induced pluripotent stem cells, iPS cells (induced pluripotent stem cells))",https://lod.nal.usda.gov/nalt/215129,,True,skos:broader; skos:narrower,
innexins,,innexins,https://lod.nal.usda.gov/nalt/296625,,False,skos:related,
intercellular junctions,cell junctions,intercellular junctions (cell junctions),https://lod.nal.usda.gov/nalt/23362,,True,skos:broader; skos:narrower,
intermediate filaments,,intermediate filaments,https://lod.nal.usda.gov/nalt/31500,,True,skos:broader; skos:narrower,
interneurons,interneurones,interneurons (interneurones),https://lod.nal.usda.gov/nalt/47539,,False,skos:broader; skos:narrower,
intracellular enzymes,endoenzymes,intracellular enzymes (endoenzymes),https://lod.nal.usda.gov/nalt/315659,,False,skos:related,
intracellular fluids,,intracellular fluids,https://lod.nal.usda.gov/nalt/238185,,True,skos:broader; skos:narrower,
ion transport,electrogenic pumps; ion transportation; ion uptake,"ion transport (electrogenic pumps, ion transportation, ion uptake)",https://lod.nal.usda.gov/nalt/47612,,False,skos:broader; skos:narrower,
isotropic membranes,,isotropic membranes,https://lod.nal.usda.gov/nalt/291882,,False,skos:related,
lecithins,,lecithins,https://lod.nal.usda.gov/nalt/84498,,False,skos:related,
lignin,,lignin,https://lod.nal.usda.gov/nalt/50048,,False,skos:related,
lipid bilayers,,lipid bilayers,https://lod.nal.usda.gov/nalt/12603,,True,skos:broader; skos:narrower,
lipid bodies,liposomes (organelles); oil bodies; oleosomes; spherosomes,"lipid bodies (liposomes (organelles), oil bodies, oleosomes, spherosomes)",https://lod.nal.usda.gov/nalt/50282,,True,skos:broader; skos:narrower,
lipid transfer proteins,glycolipid exchange proteins; glycolipid transfer proteins; lipid exchange proteins; phospholipid transfer proteins,"lipid transfer proteins (glycolipid exchange proteins, glycolipid transfer proteins, lipid exchange proteins, phospholipid transfer proteins)",https://lod.nal.usda.gov/nalt/281496,,False,skos:related,
lipoteichoic acids,,lipoteichoic acids,https://lod.nal.usda.gov/nalt/271991,,False,skos:related,
locomotion,locomotor activity,locomotion (locomotor activity),https://lod.nal.usda.gov/nalt/50499,,False,skos:related,
lymphocyte antigens,,lymphocyte antigens,https://lod.nal.usda.gov/nalt/10362,,False,skos:related,
lymphocyte count,lymphocyte number; lymphocyte numbers; total lymphocyte count,"lymphocyte count (lymphocyte number, lymphocyte numbers, total lymphocyte count)",https://lod.nal.usda.gov/nalt/23192,,False,skos:related,
lymphocyte proliferation,blast transformation; blastogenesis; lymphoblast transformation; lymphocyte activation; lymphocyte stimulation; lymphocyte transformation,"lymphocyte proliferation (blast transformation, blastogenesis, lymphoblast transformation, lymphocyte activation, lymphocyte stimulation, lymphocyte transformation)",https://lod.nal.usda.gov/nalt/23448,,False,skos:related,
macroautophagy,aggrephagy; chaperone-assisted selective autophagy; lysophagy; pexophagy; proteaphagy; xenophagy,"macroautophagy (aggrephagy, chaperone-assisted selective autophagy, lysophagy, pexophagy, proteaphagy, xenophagy)",https://lod.nal.usda.gov/nalt/310092,,True,skos:related,
mannans,galactoglucomannans,mannans (galactoglucomannans),https://lod.nal.usda.gov/nalt/42154,,False,skos:related,
meiosis,reduction division,meiosis (reduction division),https://lod.nal.usda.gov/nalt/23390,,True,skos:broader; skos:narrower,
meiotic drive,,meiotic drive,https://lod.nal.usda.gov/nalt/23391,,True,skos:broader; skos:narrower,
membrane potential,resting membrane potential; resting potential; transmembrane potential,"membrane potential (resting membrane potential, resting potential, transmembrane potential)",https://lod.nal.usda.gov/nalt/3910,,False,skos:broader; skos:narrower,
metaphase,,metaphase,https://lod.nal.usda.gov/nalt/23392,,True,skos:broader; skos:narrower,
microbodies,glycosomes,microbodies (glycosomes),https://lod.nal.usda.gov/nalt/43307,,True,skos:related,
microfilaments,actin cytoskeleton; actin filaments; actin microfilaments,"microfilaments (actin cytoskeleton, actin filaments, actin microfilaments)",https://lod.nal.usda.gov/nalt/31501,,True,skos:broader; skos:narrower,
microsomes,,microsomes,https://lod.nal.usda.gov/nalt/50441,,True,skos:broader; skos:narrower,
microtubules,,microtubules,https://lod.nal.usda.gov/nalt/31502,,True,skos:broader; skos:narrower,
microvilli,brush border; microvillus,"microvilli (brush border, microvillus)",https://lod.nal.usda.gov/nalt/20188,,True,skos:broader; skos:narrower,
mitosis,M phase,mitosis (M phase),https://lod.nal.usda.gov/nalt/23393,,True,skos:broader; skos:narrower,
mitotic spindle apparatus,mitotic apparatus; mitotic spindle,"mitotic spindle apparatus (mitotic apparatus, mitotic spindle)",https://lod.nal.usda.gov/nalt/53159,,True,skos:broader; skos:narrower,
monosaccharide transport proteins,hexose transport proteins; hexose transporters,"monosaccharide transport proteins (hexose transport proteins, hexose transporters)",https://lod.nal.usda.gov/nalt/296223,,False,skos:related,
motor neurons,efferent neurons; motoneurones; motoneurons; motor nerves; motor neurones,"motor neurons (efferent neurons, motoneurones, motoneurons, motor nerves, motor neurones)",https://lod.nal.usda.gov/nalt/35923,,False,skos:broader; skos:narrower,
nanopores,,nanopores,https://lod.nal.usda.gov/nalt/259874,,False,skos:related,
natural killer cells,NK cells,natural killer cells (NK cells),https://lod.nal.usda.gov/nalt/48404,,True,skos:broader; skos:narrower,
nematocysts,,nematocysts,https://lod.nal.usda.gov/nalt/340864,,True,skos:related,
neurofibrils,,neurofibrils,https://lod.nal.usda.gov/nalt/54722,,True,skos:broader; skos:narrower,
neurogenesis,,neurogenesis,https://lod.nal.usda.gov/nalt/199243,,False,skos:related,
neuroplasticity,neurite pruning; neuronal plasticity; neuronal pruning; synaptic plasticity; synaptic pruning,"neuroplasticity (neurite pruning, neuronal plasticity, neuronal pruning, synaptic plasticity, synaptic pruning)",https://lod.nal.usda.gov/nalt/246161,,False,skos:related,
nuclear inclusions,intranuclear inclusion bodies; nuclear inclusion bodies,"nuclear inclusions (intranuclear inclusion bodies, nuclear inclusion bodies)",https://lod.nal.usda.gov/nalt/47087,,True,skos:broader; skos:narrower,
nuclear membrane,nuclear envelope,nuclear membrane (nuclear envelope),https://lod.nal.usda.gov/nalt/23408,,True,skos:related,
nutrient transport,,nutrient transport,https://lod.nal.usda.gov/nalt/55447,,False,skos:broader; skos:narrower,
nutrient uptake,nutrient absorption,nutrient uptake (nutrient absorption),https://lod.nal.usda.gov/nalt/47552,,False,skos:broader; skos:narrower,
O-antigens,O-specific polysaccharides,O-antigens (O-specific polysaccharides),https://lod.nal.usda.gov/nalt/312451,,False,skos:related,
organelle genome,organelle genetics,organelle genome (organelle genetics),https://lod.nal.usda.gov/nalt/25480,,False,skos:related,
osmoregulation,osmoregulatory ability; osmoregulatory capacity; osmotic regulation; water balance regulation,"osmoregulation (osmoregulatory ability, osmoregulatory capacity, osmotic regulation, water balance regulation)",https://lod.nal.usda.gov/nalt/56341,,False,skos:related,
osmotic pressure,osmotic potential,osmotic pressure (osmotic potential),https://lod.nal.usda.gov/nalt/56337,,False,skos:related,
osmotic treatment,osmotic pretreatment,osmotic treatment (osmotic pretreatment),https://lod.nal.usda.gov/nalt/56339,,False,skos:related,
oxygen requirement,,oxygen requirement,https://lod.nal.usda.gov/nalt/8383,,False,skos:related,
pannexins,,pannexins,https://lod.nal.usda.gov/nalt/296627,,False,skos:related,
peroxisomes,,peroxisomes,https://lod.nal.usda.gov/nalt/47280,,True,skos:related,
phospholipid-hydroperoxide glutathione peroxidase,EC 1.11.1.12; GPX4 glutathione peroxidase; PHGPX (phospholipid-hydroperoxide glutathione peroxidase); glutathione peroxidase 4; glutathione peroxidase GPX4; hydroperoxide glutathione peroxidase; phospholipid hydroperoxide glutathione peroxidase,"phospholipid-hydroperoxide glutathione peroxidase (EC 1.11.1.12, GPX4 glutathione peroxidase, PHGPX (phospholipid-hydroperoxide glutathione peroxidase), glutathione peroxidase 4, glutathione peroxidase GPX4, hydroperoxide glutathione peroxidase, phospholipid hydroperoxide glutathione peroxidase)",https://lod.nal.usda.gov/nalt/131681,,False,skos:related,
physical chemistry,,physical chemistry,https://lod.nal.usda.gov/nalt/24620,,False,skos:broader; skos:narrower,
physical properties,physical properties of materials,physical properties (physical properties of materials),https://lod.nal.usda.gov/nalt/1796,,False,skos:broader; skos:narrower,
physicochemical properties,chemical properties; chemicophysical properties; physico-chemical properties,"physicochemical properties (chemical properties, chemicophysical properties, physico-chemical properties)",https://lod.nal.usda.gov/nalt/2828,,False,skos:broader; skos:narrower,
physiology,,physiology,https://lod.nal.usda.gov/nalt/9418,,False,skos:broader; skos:narrower,
plant anatomy,plant parts,plant anatomy (plant parts),https://lod.nal.usda.gov/nalt/851,,False,skos:broader; skos:narrower,
plasmodesmata,,plasmodesmata,https://lod.nal.usda.gov/nalt/47483,,True,skos:related,
plastids,,plastids,https://lod.nal.usda.gov/nalt/8249,,True,skos:broader; skos:narrower,
pollen walls,,pollen walls,https://lod.nal.usda.gov/nalt/334600,,True,skos:broader; skos:narrower,
post-translational modification,post-translational amino acid modification; post-translational protein modification; post-translational protein processing; posttranslational modification; posttranslational protein processing,"post-translational modification (post-translational amino acid modification, post-translational protein modification, post-translational protein processing, posttranslational modification, posttranslational protein processing)",https://lod.nal.usda.gov/nalt/59362,,False,skos:broader; skos:narrower,
processing technology,industrial processing; process technology; processing methods,"processing technology (industrial processing, process technology, processing methods)",https://lod.nal.usda.gov/nalt/2770,,False,skos:broader; skos:narrower,
prophase,diakinesis; diplonema (meiosis); diplotene stage; leptonema (meiosis); leptotene stage; zygonema (meiosis); zygotene stage,"prophase (diakinesis, diplonema (meiosis), diplotene stage, leptonema (meiosis), leptotene stage, zygonema (meiosis), zygotene stage)",https://lod.nal.usda.gov/nalt/23394,,True,skos:broader; skos:narrower,
protein bodies,,protein bodies,https://lod.nal.usda.gov/nalt/203627,,True,skos:broader; skos:narrower,
protein folding,enzyme folding,protein folding (enzyme folding),https://lod.nal.usda.gov/nalt/59913,,False,skos:related,
protein unfolding,enzyme unfolding,protein unfolding (enzyme unfolding),https://lod.nal.usda.gov/nalt/270537,,False,skos:related,
proteolysis,,proteolysis,https://lod.nal.usda.gov/nalt/32271,,False,skos:related,
protolignin,,protolignin,https://lod.nal.usda.gov/nalt/325588,,False,skos:related,
proton extrusion,,proton extrusion,https://lod.nal.usda.gov/nalt/311369,,False,skos:broader; skos:narrower,
protons,,protons,https://lod.nal.usda.gov/nalt/36246,,False,skos:related,
reaction chemistry,,reaction chemistry,https://lod.nal.usda.gov/nalt/24658,,False,skos:broader; skos:narrower,
reverse osmosis,,reverse osmosis,https://lod.nal.usda.gov/nalt/194991,,False,skos:broader; skos:narrower,
rhoptry,rhoptry organelle,rhoptry (rhoptry organelle),https://lod.nal.usda.gov/nalt/263926,,True,skos:broader; skos:narrower,
ribosomes,,ribosomes,https://lod.nal.usda.gov/nalt/56075,,True,skos:broader; skos:narrower,
RNA transport,RNA export; RNA sorting; mRNA export; mRNA sorting; mRNA transport; messenger RNA sorting; ribonucleic acid transport,"RNA transport (RNA export, RNA sorting, mRNA export, mRNA sorting, mRNA transport, messenger RNA sorting, ribonucleic acid transport)",https://lod.nal.usda.gov/nalt/225409,,False,skos:broader; skos:narrower,
rough endoplasmic reticulum,,rough endoplasmic reticulum,https://lod.nal.usda.gov/nalt/37063,,True,skos:broader; skos:narrower,
sensory neurons,afferent neurons; sensory neurones,"sensory neurons (afferent neurons, sensory neurones)",https://lod.nal.usda.gov/nalt/4780,,False,skos:broader; skos:narrower,
smooth endoplasmic reticulum,,smooth endoplasmic reticulum,https://lod.nal.usda.gov/nalt/37064,,True,skos:broader; skos:narrower,
spliceosomes,,spliceosomes,https://lod.nal.usda.gov/nalt/56076,,True,skos:broader; skos:narrower,
sporopollenin,,sporopollenin,https://lod.nal.usda.gov/nalt/252751,,False,skos:related,
stress response,response to stress,stress response (response to stress),https://lod.nal.usda.gov/nalt/146600,,False,skos:related,
sympathetic nervous system,,sympathetic nervous system,https://lod.nal.usda.gov/nalt/14034,,False,skos:related,
symporters,co-transporters,symporters (co-transporters),https://lod.nal.usda.gov/nalt/65313,,False,skos:related,
synaptic transmission,neural transmission; neurotransmission,"synaptic transmission (neural transmission, neurotransmission)",https://lod.nal.usda.gov/nalt/54717,,False,skos:related,
synaptic vesicles,neurotransmitter vesicles,synaptic vesicles (neurotransmitter vesicles),https://lod.nal.usda.gov/nalt/264089,,True,skos:broader; skos:narrower,
synaptogenesis,,synaptogenesis,https://lod.nal.usda.gov/nalt/246202,,False,skos:related,
synaptosomes,,synaptosomes,https://lod.nal.usda.gov/nalt/65104,,True,skos:broader; skos:narrower,
T-lymphocytes,T cells; T lymphocytes; T-cells,"T-lymphocytes (T cells, T lymphocytes, T-cells)",https://lod.nal.usda.gov/nalt/23197,,True,skos:broader; skos:narrower,
teichoic acids,,teichoic acids,https://lod.nal.usda.gov/nalt/271989,,False,skos:related,
telophase,,telophase,https://lod.nal.usda.gov/nalt/23395,,True,skos:broader; skos:narrower,
thylakoids,thylakoid lumen; thylakoid membrane,"thylakoids (thylakoid lumen, thylakoid membrane)",https://lod.nal.usda.gov/nalt/23410,,True,skos:broader; skos:narrower,
thymocytes,,thymocytes,https://lod.nal.usda.gov/nalt/50929,,True,skos:broader; skos:narrower,
transport proteins,carrier proteins; translocator proteins; transporter proteins,"transport proteins (carrier proteins, translocator proteins, transporter proteins)",https://lod.nal.usda.gov/nalt/17197,,False,skos:related,
transporters,efflux pumps; export pumps; ion pumps; membrane pumps; membrane transport proteins,"transporters (efflux pumps, export pumps, ion pumps, membrane pumps, membrane transport proteins)",https://lod.nal.usda.gov/nalt/1600,,False,skos:related,
type I secretion system,T1SS (type I secretion system); type I secretion apparatus; type I secretion process; type one secretion system,"type I secretion system (T1SS (type I secretion system), type I secretion apparatus, type I secretion process, type one secretion system)",https://lod.nal.usda.gov/nalt/245155,,False,skos:related,
type IV secretion system,type IV secretion apparatus; type IV secretion machinery,"type IV secretion system (type IV secretion apparatus, type IV secretion machinery)",https://lod.nal.usda.gov/nalt/245157,,False,skos:related,
type V secretion system,type V autotransporter pathway; type V secretion pathway; type V secretion systems,"type V secretion system (type V autotransporter pathway, type V secretion pathway, type V secretion systems)",https://lod.nal.usda.gov/nalt/245158,,False,skos:related,
type VI secretion system,type VI protein secretion system,type VI secretion system (type VI protein secretion system),https://lod.nal.usda.gov/nalt/244123,,False,skos:related,
uptake mechanisms,uptake (physiology),uptake mechanisms (uptake (physiology)),https://lod.nal.usda.gov/nalt/55450,,False,skos:broader; skos:narrower,
ventral adhesive disk,ventral adhesive disc,ventral adhesive disk (ventral adhesive disc),https://lod.nal.usda.gov/nalt/200645,,True,skos:broader; skos:narrower,
viral inclusion bodies,Negri bodies; viroplasms,"viral inclusion bodies (Negri bodies, viroplasms)",https://lod.nal.usda.gov/nalt/246154,,True,skos:broader; skos:narrower,
water uptake,water absorption,water uptake (water absorption),https://lod.nal.usda.gov/nalt/46559,,False,skos:related,
action potentials,nerve impulses; spike potentials,"action potentials (nerve impulses, spike potentials)",https://lod.nal.usda.gov/nalt/3909,,False,skos:broader; skos:narrower,
adaptive immunity,acquired immune system; acquired immunity; adaptive immune response; adaptive immune system; adoptive immunity,"adaptive immunity (acquired immune system, acquired immunity, adaptive immune response, adaptive immune system, adoptive immunity)",https://lod.nal.usda.gov/nalt/105992,,False,skos:related,
adherens junctions,zonula adherens,adherens junctions (zonula adherens),https://lod.nal.usda.gov/nalt/215661,,True,skos:broader; skos:narrower,
amyloplasts,,amyloplasts,https://lod.nal.usda.gov/nalt/8248,,True,skos:broader; skos:narrower,
animal physiology,,animal physiology,https://lod.nal.usda.gov/nalt/9107,,False,skos:broader; skos:narrower,
apicoplasts,,apicoplasts,https://lod.nal.usda.gov/nalt/132362,,True,skos:broader; skos:narrower,
B-cell lymphoma,diffuse large B-Cell lymphoma; diffuse large-cell lymphoma; histiocytic lymphoma,"B-cell lymphoma (diffuse large B-Cell lymphoma, diffuse large-cell lymphoma, histiocytic lymphoma)",https://lod.nal.usda.gov/nalt/295040,,False,skos:related,
biochemistry,,biochemistry,https://lod.nal.usda.gov/nalt/17227,,False,skos:related,
bioelectricity,,bioelectricity,https://lod.nal.usda.gov/nalt/231463,,False,skos:related,
blastoderm,,blastoderm,https://lod.nal.usda.gov/nalt/17930,,False,skos:broader; skos:narrower,
body composition,,body composition,https://lod.nal.usda.gov/nalt/10121,,False,skos:broader; skos:narrower,
body fluids,,body fluids,https://lod.nal.usda.gov/nalt/49,,False,skos:broader; skos:narrower,
botulinum toxin,botulinum neurotoxin,botulinum toxin (botulinum neurotoxin),https://lod.nal.usda.gov/nalt/15202,,False,skos:related,
cadherins,protocadherins,cadherins (protocadherins),https://lod.nal.usda.gov/nalt/20827,,False,skos:related,
calcium,Ca2+,calcium (Ca2+),https://lod.nal.usda.gov/nalt/6421,,False,skos:related,
calcium channels,calcium ion channels; voltage-dependent calcium channels,"calcium channels (calcium ion channels, voltage-dependent calcium channels)",https://lod.nal.usda.gov/nalt/21102,,False,skos:related,
catenins,catenin proteins,catenins (catenin proteins),https://lod.nal.usda.gov/nalt/295005,,False,skos:broader; skos:narrower,
CD4 lymphocyte count,CD4 cell count; CD4-positive cell count,"CD4 lymphocyte count (CD4 cell count, CD4-positive cell count)",https://lod.nal.usda.gov/nalt/323735,,False,skos:broader; skos:narrower,
CD4-positive T-lymphocytes,CD4-positive lymphocytes; T4 cells; T4 lymphocytes,"CD4-positive T-lymphocytes (CD4-positive lymphocytes, T4 cells, T4 lymphocytes)",https://lod.nal.usda.gov/nalt/23191,,True,skos:broader; skos:narrower,
CD8-positive T-lymphocytes,CD8-positive lymphocytes; T8 cells; T8 lymphocytes,"CD8-positive T-lymphocytes (CD8-positive lymphocytes, T8 cells, T8 lymphocytes)",https://lod.nal.usda.gov/nalt/23199,,True,skos:broader; skos:narrower,
cell adhesion,adhesion (cells); cellular adhesion; cytoadherence,"cell adhesion (adhesion (cells), cellular adhesion, cytoadherence)",https://lod.nal.usda.gov/nalt/120,,True,skos:related,
cell nucleolus,cell nucleoli; nucleoli; nucleolus,"cell nucleolus (cell nucleoli, nucleoli, nucleolus)",https://lod.nal.usda.gov/nalt/23413,,True,skos:broader; skos:narrower,
cell-matrix junctions,,cell-matrix junctions,https://lod.nal.usda.gov/nalt/294131,,True,skos:broader; skos:narrower,
cell-mediated immunity,cell mediated immunity; cell-mediated immune response; cellular immune response; cellular immunity,"cell-mediated immunity (cell mediated immunity, cell-mediated immune response, cellular immune response, cellular immunity)",https://lod.nal.usda.gov/nalt/10341,,False,skos:broader; skos:narrower,
centrioles,,centrioles,https://lod.nal.usda.gov/nalt/23714,,True,skos:broader; skos:narrower,
chloroplast transit peptides,plastid transit peptides,chloroplast transit peptides (plastid transit peptides),https://lod.nal.usda.gov/nalt/317761,,False,skos:related,
chromoplasts,,chromoplasts,https://lod.nal.usda.gov/nalt/25832,,True,skos:broader; skos:narrower,
chromosomes,,chromosomes,https://lod.nal.usda.gov/nalt/276,,True,skos:broader; skos:narrower,
clathrin,,clathrin,https://lod.nal.usda.gov/nalt/26664,,False,skos:related,
contractile proteins,,contractile proteins,https://lod.nal.usda.gov/nalt/879,,False,skos:related,
DEAD-box RNA helicases,DEAD box helicases; DEAD-box proteins,"DEAD-box RNA helicases (DEAD box helicases, DEAD-box proteins)",https://lod.nal.usda.gov/nalt/240461,,False,skos:related,
desmosomes,,desmosomes,https://lod.nal.usda.gov/nalt/32600,,True,skos:broader; skos:narrower,
ecophysiology,ecological physiology; environmental physiology; physiological ecology,"ecophysiology (ecological physiology, environmental physiology, physiological ecology)",https://lod.nal.usda.gov/nalt/142493,,False,skos:broader; skos:narrower,
elaioplasts,,elaioplasts,https://lod.nal.usda.gov/nalt/36096,,True,skos:broader; skos:narrower,
electrophysiology,,electrophysiology,https://lod.nal.usda.gov/nalt/17332,,False,skos:broader; skos:narrower,
excretion,,excretion,https://lod.nal.usda.gov/nalt/31966,,False,skos:broader; skos:narrower,
extracellular matrix,,extracellular matrix,https://lod.nal.usda.gov/nalt/38966,,True,skos:related,
exudation,,exudation,https://lod.nal.usda.gov/nalt/38979,,False,skos:broader; skos:narrower,
Fields of Study,,Fields of Study,https://lod.nal.usda.gov/nalt/127294,,False,skos:broader; skos:narrower,
fungus physiology,fungal physiology,fungus physiology (fungal physiology),https://lod.nal.usda.gov/nalt/41803,,False,skos:broader; skos:narrower,
gait,,gait,https://lod.nal.usda.gov/nalt/42145,,False,skos:related,
gap junctions,,gap junctions,https://lod.nal.usda.gov/nalt/28576,,True,skos:broader; skos:narrower,
glyoxysomes,,glyoxysomes,https://lod.nal.usda.gov/nalt/43306,,True,skos:broader; skos:narrower,
growth and development,,growth and development,https://lod.nal.usda.gov/nalt/6700,,False,skos:broader; skos:narrower,
host-parasite relationships,host parasite relationships; host-parasite interactions; parasite host relationships; parasite-host interactions; parasite-host relationships,"host-parasite relationships (host parasite relationships, host-parasite interactions, parasite host relationships, parasite-host interactions, parasite-host relationships)",https://lod.nal.usda.gov/nalt/834,,False,skos:related,
inherited metabolic diseases,inborn errors of metabolism; inherited metabolic disorders,"inherited metabolic diseases (inborn errors of metabolism, inherited metabolic disorders)",https://lod.nal.usda.gov/nalt/2755,,False,skos:related,
integrins,,integrins,https://lod.nal.usda.gov/nalt/47468,,False,skos:related,
interleukin-13,IL-13; interleukin 13,"interleukin-13 (IL-13, interleukin 13)",https://lod.nal.usda.gov/nalt/222512,,False,skos:related,
intermediate filament proteins,,intermediate filament proteins,https://lod.nal.usda.gov/nalt/190836,,False,skos:related,
ion transporting ATPases,,ion transporting ATPases,https://lod.nal.usda.gov/nalt/20726,,False,skos:broader; skos:narrower,
ketolides,,ketolides,https://lod.nal.usda.gov/nalt/235866,,False,skos:related,
kinesin,,kinesin,https://lod.nal.usda.gov/nalt/146580,,False,skos:related,
lipid metabolism,fat metabolism,lipid metabolism (fat metabolism),https://lod.nal.usda.gov/nalt/17396,,False,skos:related,
liquid junction potential,,liquid junction potential,https://lod.nal.usda.gov/nalt/200627,,False,skos:related,
liver microsomes,,liver microsomes,https://lod.nal.usda.gov/nalt/50439,,True,skos:broader; skos:narrower,
mammalian embryo,mammalian embryo structures; mammalian embryonic structures,"mammalian embryo (mammalian embryo structures, mammalian embryonic structures)",https://lod.nal.usda.gov/nalt/332058,,False,skos:broader; skos:narrower,
merozoites,,merozoites,https://lod.nal.usda.gov/nalt/32897,,False,skos:related,
metabolism,,metabolism,https://lod.nal.usda.gov/nalt/8301,,False,skos:broader; skos:narrower,
microbial physiology,bacterial physiology,microbial physiology (bacterial physiology),https://lod.nal.usda.gov/nalt/4636,,False,skos:broader; skos:narrower,
microfilament proteins,actin binding proteins; actin-binding proteins,"microfilament proteins (actin binding proteins, actin-binding proteins)",https://lod.nal.usda.gov/nalt/200164,,False,skos:related,
mitogenesis,,mitogenesis,https://lod.nal.usda.gov/nalt/217943,,True,skos:broader; skos:narrower,
neurophysiology,nervous system physiology; neurobiology; neuroscience,"neurophysiology (nervous system physiology, neurobiology, neuroscience)",https://lod.nal.usda.gov/nalt/9426,,False,skos:broader; skos:narrower,
neurotransmitters,neuromediators; neuromodulators; neuroregulators,"neurotransmitters (neuromediators, neuromodulators, neuroregulators)",https://lod.nal.usda.gov/nalt/2522,,False,skos:related,
nuclear genome,nuclear DNA,nuclear genome (nuclear DNA),https://lod.nal.usda.gov/nalt/23422,,False,skos:related,
nuclear matrix,,nuclear matrix,https://lod.nal.usda.gov/nalt/23420,,True,skos:broader; skos:narrower,
nuclear pore,nuclear pore complex,nuclear pore (nuclear pore complex),https://lod.nal.usda.gov/nalt/87310,,True,skos:broader; skos:narrower,
nuclear proteins,,nuclear proteins,https://lod.nal.usda.gov/nalt/196599,,False,skos:related,
nutrient use efficiency,nitrogen use efficiency,nutrient use efficiency (nitrogen use efficiency),https://lod.nal.usda.gov/nalt/54892,,False,skos:broader; skos:narrower,
nutrition physiology,,nutrition physiology,https://lod.nal.usda.gov/nalt/10476,,False,skos:broader; skos:narrower,
ocular physiology,ocular physiological phenomenon; ocular physiological processes,"ocular physiology (ocular physiological phenomenon, ocular physiological processes)",https://lod.nal.usda.gov/nalt/245877,,False,skos:broader; skos:narrower,
pachytene stage,pachynema (meiosis); pachytene,"pachytene stage (pachynema (meiosis), pachytene)",https://lod.nal.usda.gov/nalt/123494,,True,skos:broader; skos:narrower,
parasitism,parasitisation; parasitising; parasitization; parasitizing,"parasitism (parasitisation, parasitising, parasitization, parasitizing)",https://lod.nal.usda.gov/nalt/46000,,False,skos:related,
pathophysiology,physiopathology,pathophysiology (physiopathology),https://lod.nal.usda.gov/nalt/9411,,False,skos:related,
peak oxygen uptake,maximal aerobic capacity; maximal aerobic power; maximal oxygen consumption; maximum oxygen uptake,"peak oxygen uptake (maximal aerobic capacity, maximal aerobic power, maximal oxygen consumption, maximum oxygen uptake)",https://lod.nal.usda.gov/nalt/314948,,False,skos:broader; skos:narrower,
physical activity,human activity (physical activity),physical activity (human activity (physical activity)),https://lod.nal.usda.gov/nalt/37116,,False,skos:broader; skos:narrower,
physiological regulation,,physiological regulation,https://lod.nal.usda.gov/nalt/45755,,False,skos:broader; skos:narrower,
physiological response,,physiological response,https://lod.nal.usda.gov/nalt/34396,,False,skos:broader; skos:narrower,
physiological state,physiological status,physiological state (physiological status),https://lod.nal.usda.gov/nalt/190809,,False,skos:broader; skos:narrower,
physiologists,,physiologists,https://lod.nal.usda.gov/nalt/55541,,False,skos:related,
plant physiology,,plant physiology,https://lod.nal.usda.gov/nalt/1821,,False,skos:broader; skos:narrower,
plasma cells,plasmacytes,plasma cells (plasmacytes),https://lod.nal.usda.gov/nalt/23480,,True,skos:broader; skos:narrower,
plastid DNA,,plastid DNA,https://lod.nal.usda.gov/nalt/25478,,False,skos:related,
plastid genome,,plastid genome,https://lod.nal.usda.gov/nalt/89067,,False,skos:related,
polyribosomes,polysomes,polyribosomes (polysomes),https://lod.nal.usda.gov/nalt/59175,,True,skos:broader; skos:narrower,
pronucleus,pronuclei,pronucleus (pronuclei),https://lod.nal.usda.gov/nalt/23421,,True,skos:broader; skos:narrower,
protein synthesis,protein anabolism; protein biosynthesis; protein expression,"protein synthesis (protein anabolism, protein biosynthesis, protein expression)",https://lod.nal.usda.gov/nalt/38953,,False,skos:related,
psychophysiology,,psychophysiology,https://lod.nal.usda.gov/nalt/317990,,False,skos:broader; skos:narrower,
reproduction,,reproduction,https://lod.nal.usda.gov/nalt/12898,,False,skos:broader; skos:narrower,
rhoptry proteins,,rhoptry proteins,https://lod.nal.usda.gov/nalt/263930,,False,skos:related,
ribosomal DNA,rDNA (ribosomal DNA),ribosomal DNA (rDNA (ribosomal DNA)),https://lod.nal.usda.gov/nalt/34168,,False,skos:related,
ribosomal RNA,rRNA (ribosomal RNA); rRNAs (ribosomal RNA),"ribosomal RNA (rRNA (ribosomal RNA), rRNAs (ribosomal RNA))",https://lod.nal.usda.gov/nalt/61502,,False,skos:related,
sarcoplasmic reticulum,,sarcoplasmic reticulum,https://lod.nal.usda.gov/nalt/62433,,True,skos:broader; skos:narrower,
secretion,,secretion,https://lod.nal.usda.gov/nalt/17176,,False,skos:broader; skos:narrower,
seed storage proteins,,seed storage proteins,https://lod.nal.usda.gov/nalt/198167,,False,skos:related,
somatic incompatibility,,somatic incompatibility,https://lod.nal.usda.gov/nalt/210003,,False,skos:broader; skos:narrower,
spindle pole body,,spindle pole body,https://lod.nal.usda.gov/nalt/41785,,False,skos:related,
suppressor cells,suppressor-effector T-lymphocytes; suppressor-inducer T-lymphocytes,"suppressor cells (suppressor-effector T-lymphocytes, suppressor-inducer T-lymphocytes)",https://lod.nal.usda.gov/nalt/65243,,True,skos:broader; skos:narrower,
synapse,synapses (nervous system),synapse (synapses (nervous system)),https://lod.nal.usda.gov/nalt/54683,,True,skos:related,
synaptonemal complex,synaptinemal complex,synaptonemal complex (synaptinemal complex),https://lod.nal.usda.gov/nalt/51917,,True,skos:broader; skos:narrower,
T-cell lymphoma,,T-cell lymphoma,https://lod.nal.usda.gov/nalt/295041,,False,skos:related,
taxis (physiology),,taxis (physiology),https://lod.nal.usda.gov/nalt/24726,,False,skos:broader; skos:narrower,
thymus gland,,thymus gland,https://lod.nal.usda.gov/nalt/37012,,False,skos:related,
tissue distribution,,tissue distribution,https://lod.nal.usda.gov/nalt/58087,,False,skos:broader; skos:narrower,
triacylglycerols,neutral fats; neutral lipids; triglycerides,"triacylglycerols (neutral fats, neutral lipids, triglycerides)",https://lod.nal.usda.gov/nalt/3995,,False,skos:related,
trophoblast,,trophoblast,https://lod.nal.usda.gov/nalt/17931,,False,skos:broader; skos:narrower,
tropisms,,tropisms,https://lod.nal.usda.gov/nalt/14074,,False,skos:broader; skos:narrower,
tubulin,alpha-tubulin; beta-tubulin; delta-tubulin; gamma-tubulin,"tubulin (alpha-tubulin, beta-tubulin, delta-tubulin, gamma-tubulin)",https://lod.nal.usda.gov/nalt/52880,,False,skos:related,
villi,villus,villi (villus),https://lod.nal.usda.gov/nalt/47558,,False,skos:related,
water requirement,,water requirement,https://lod.nal.usda.gov/nalt/47776,,False,skos:broader; skos:narrower,
acrocentric chromosomes,acrocentrics,acrocentric chromosomes (acrocentrics),https://lod.nal.usda.gov/nalt/3078,,True,skos:broader; skos:narrower,
adenosinetriphosphatase,ATP hydrolase; ATPase; Ca2+-Mg2+ ATPase; EC 3.6.1.3; adenosine 5'-triphosphatase; adenosine triphosphatase; adenylpyrophosphatase; complex V (mitochondrial electron transport),"adenosinetriphosphatase (ATP hydrolase, ATPase, Ca2+-Mg2+ ATPase, EC 3.6.1.3, adenosine 5'-triphosphatase, adenosine triphosphatase, adenylpyrophosphatase, complex V (mitochondrial electron transport))",https://lod.nal.usda.gov/nalt/4161,,False,skos:related,
adhesion,adhesiveness,adhesion (adhesiveness),https://lod.nal.usda.gov/nalt/4199,,False,skos:related,
adhesion inhibition assay,bacterial adhesion inhibition assay; cell adhesion inhibition assay,"adhesion inhibition assay (bacterial adhesion inhibition assay, cell adhesion inhibition assay)",https://lod.nal.usda.gov/nalt/295058,,False,skos:related,
allometry,,allometry,https://lod.nal.usda.gov/nalt/6699,,False,skos:broader; skos:narrower,
amniotic fluid,,amniotic fluid,https://lod.nal.usda.gov/nalt/8003,,False,skos:broader; skos:narrower,
amyloplast DNA,,amyloplast DNA,https://lod.nal.usda.gov/nalt/220598,,False,skos:related,
anabolism,anabolic process,anabolism (anabolic process),https://lod.nal.usda.gov/nalt/71664,,False,skos:broader; skos:narrower,
animal development,,animal development,https://lod.nal.usda.gov/nalt/4384,,False,skos:related,
animal growth,growth rate (animals),animal growth (growth rate (animals)),https://lod.nal.usda.gov/nalt/9226,,False,skos:related,
apicoplast DNA,,apicoplast DNA,https://lod.nal.usda.gov/nalt/220599,,False,skos:related,
apicoplast genome,,apicoplast genome,https://lod.nal.usda.gov/nalt/244970,,False,skos:related,
autosomes,,autosomes,https://lod.nal.usda.gov/nalt/14046,,True,skos:broader; skos:narrower,
B chromosomes,B-type chromosomes; accessory chromosomes; supernumerary chromosomes,"B chromosomes (B-type chromosomes, accessory chromosomes, supernumerary chromosomes)",https://lod.nal.usda.gov/nalt/281186,,True,skos:broader; skos:narrower,
bacterial adhesion,bacterial adherence,bacterial adhesion (bacterial adherence),https://lod.nal.usda.gov/nalt/4195,,True,skos:broader; skos:narrower,
bacterial artificial chromosomes,BACs (bacterial artificial chromosomes),bacterial artificial chromosomes (BACs (bacterial artificial chromosomes)),https://lod.nal.usda.gov/nalt/15075,,True,skos:broader; skos:narrower,
bile secretion,,bile secretion,https://lod.nal.usda.gov/nalt/17174,,False,skos:broader; skos:narrower,
bioadhesion,bio-adhesiveness; bioadhesiveness,"bioadhesion (bio-adhesiveness, bioadhesiveness)",https://lod.nal.usda.gov/nalt/316508,,False,skos:related,
biocatalysis,biocatalytic activity; biocatalytic processes,"biocatalysis (biocatalytic activity, biocatalytic processes)",https://lod.nal.usda.gov/nalt/253068,,False,skos:broader; skos:narrower,
biological development,,biological development,https://lod.nal.usda.gov/nalt/1764,,False,skos:broader; skos:narrower,
biomass,crop biomass,biomass (crop biomass),https://lod.nal.usda.gov/nalt/15955,,False,skos:related,
biosynthesis,,biosynthesis,https://lod.nal.usda.gov/nalt/17535,,False,skos:broader; skos:narrower,
carbohydrate metabolism,,carbohydrate metabolism,https://lod.nal.usda.gov/nalt/22202,,False,skos:broader; skos:narrower,
carbon metabolism,,carbon metabolism,https://lod.nal.usda.gov/nalt/292503,,False,skos:broader; skos:narrower,
catabolism,catabolic process,catabolism (catabolic process),https://lod.nal.usda.gov/nalt/75194,,False,skos:broader; skos:narrower,
catabolite repression,carbon catabolite repression,catabolite repression (carbon catabolite repression),https://lod.nal.usda.gov/nalt/313434,,False,skos:broader; skos:narrower,
cell adhesion molecules,intercellular adhesion molecules; leukocyte adhesion molecules,"cell adhesion molecules (intercellular adhesion molecules, leukocyte adhesion molecules)",https://lod.nal.usda.gov/nalt/293054,,False,skos:related,
centromeres,,centromeres,https://lod.nal.usda.gov/nalt/277,,True,skos:broader; skos:narrower,
chemokine CCL5,CC chemokine ligand 5; CCL5 chemokine; RANTES; SCYA5 protein; T cell RNATES protein; T-Cell specific protein p288; TCP228 protein; chemokine (C-C motif) ligand 5; small inducible cytokine A5,"chemokine CCL5 (CC chemokine ligand 5, CCL5 chemokine, RANTES, SCYA5 protein, T cell RNATES protein, T-Cell specific protein p288, TCP228 protein, chemokine (C-C motif) ligand 5, small inducible cytokine A5)",https://lod.nal.usda.gov/nalt/236678,,False,skos:related,
chiasmata,,chiasmata,https://lod.nal.usda.gov/nalt/278,,True,skos:broader; skos:narrower,
chorion,chorion (insects); chorion (invertebrates); chorion (vertebrates); chorionic villi; chorionic villus; egg shell (insect); eggshell (insect); insect chorion,"chorion (chorion (insects), chorion (invertebrates), chorion (vertebrates), chorionic villi, chorionic villus, egg shell (insect), eggshell (insect), insect chorion)",https://lod.nal.usda.gov/nalt/105270,,False,skos:related,
chromatids,,chromatids,https://lod.nal.usda.gov/nalt/279,,True,skos:broader; skos:narrower,
chromatin,,chromatin,https://lod.nal.usda.gov/nalt/23419,,True,skos:broader; skos:narrower,
chromosomal instability,chromosome instability,chromosomal instability (chromosome instability),https://lod.nal.usda.gov/nalt/332889,,True,skos:related,
chromosome fragility,,chromosome fragility,https://lod.nal.usda.gov/nalt/332894,,True,skos:related,
chromosome painting,,chromosome painting,https://lod.nal.usda.gov/nalt/259363,,False,skos:related,
compensatory growth,catch-up growth,compensatory growth (catch-up growth),https://lod.nal.usda.gov/nalt/22958,,False,skos:broader; skos:narrower,
connexins,,connexins,https://lod.nal.usda.gov/nalt/28575,,False,skos:related,
copper metabolism,,copper metabolism,https://lod.nal.usda.gov/nalt/232199,,False,skos:broader; skos:narrower,
costameres,,costameres,https://lod.nal.usda.gov/nalt/294138,,True,skos:broader; skos:narrower,
cytotoxic T-lymphocytes,CD8+ cytotoxic lymphocytes; cytotoxic T lymphocytes,"cytotoxic T-lymphocytes (CD8+ cytotoxic lymphocytes, cytotoxic T lymphocytes)",https://lod.nal.usda.gov/nalt/23202,,True,skos:broader; skos:narrower,
dealkylation,,dealkylation,https://lod.nal.usda.gov/nalt/323992,,False,skos:broader; skos:narrower,
developmental milestones,,developmental milestones,https://lod.nal.usda.gov/nalt/334414,,False,skos:broader; skos:narrower,
dormancy breaking,breaking dormancy,dormancy breaking (breaking dormancy),https://lod.nal.usda.gov/nalt/19663,,False,skos:broader; skos:narrower,
energy metabolism,bioenergetics,energy metabolism (bioenergetics),https://lod.nal.usda.gov/nalt/8391,,False,skos:broader; skos:narrower,
fungal anatomy,gills (mushrooms),fungal anatomy (gills (mushrooms)),https://lod.nal.usda.gov/nalt/8506,,False,skos:broader; skos:narrower,
genotype-phenotype correlation,gene-association study; genotype-phenotype analysis; genotype-phenotype association; genotype-phenotype relationship; genotype-phenotype study,"genotype-phenotype correlation (gene-association study, genotype-phenotype analysis, genotype-phenotype association, genotype-phenotype relationship, genotype-phenotype study)",https://lod.nal.usda.gov/nalt/270455,,False,skos:related,
glyoxylate cycle,glyoxylate by-pass; glyoxylate bypass; glyoxylate bypass cycle; glyoxylate shunt,"glyoxylate cycle (glyoxylate by-pass, glyoxylate bypass, glyoxylate bypass cycle, glyoxylate shunt)",https://lod.nal.usda.gov/nalt/17287,,False,skos:related,
growth performance,animal growth performance; plant growth performance,"growth performance (animal growth performance, plant growth performance)",https://lod.nal.usda.gov/nalt/199526,,False,skos:broader; skos:narrower,
growth promotion,,growth promotion,https://lod.nal.usda.gov/nalt/43988,,False,skos:broader; skos:narrower,
H+/K+-exchanging ATPase,"ATP phosphohydrolase (H+/K+-exchanging); EC  3.6.3.10; H+-K+-ATPase; H+/K+-ATPase; H,K-ATPase","H+/K+-exchanging ATPase (ATP phosphohydrolase (H+/K+-exchanging), EC  3.6.3.10, H+-K+-ATPase, H+/K+-ATPase, H,K-ATPase)",https://lod.nal.usda.gov/nalt/237294,,False,skos:broader; skos:narrower,
H-transporting ATP synthase,"ATP synthase; ATP synthetase; EC 3.6.1.34; EC 3.6.3.14; F(1)F(0) ATPase; F(1)F(o) ATPase; F0F1-ATPase; F1-ATPase; FoF1-ATPase; H+-ATPase; H+-transporting two-sector ATPase; V-ATPase; V-type ATPase; bacterial Ca2+/Mg2+ ATPase; chloroplast ATPase; chloroplast F(1)F(0) ATPase; chloroplast F(1)F(o) ATPase; coupling factors (F0, F1 and CF1); lysosomal F0F1 ATPase; lysosomal FoF1 ATPase; lysosomal proton-translocating ATPase; mitochondrial ATPase; proton-translocating F-type (FoF1)-ATPases; vacuolar ATPase; vacuolar F0F1 ATPase; vacuolar FoF1 ATPase; vacuolar H+-ATPase; vacuolar membrane H(+)-ATPase; vacuolar proton-pumping ATPase; vacuolar proton-translocating ATPase; vacuolar-type H(+)-ATPase","H-transporting ATP synthase (ATP synthase, ATP synthetase, EC 3.6.1.34, EC 3.6.3.14, F(1)F(0) ATPase, F(1)F(o) ATPase, F0F1-ATPase, F1-ATPase, FoF1-ATPase, H+-ATPase, H+-transporting two-sector ATPase, V-ATPase, V-type ATPase, bacterial Ca2+/Mg2+ ATPase, chloroplast ATPase, chloroplast F(1)F(0) ATPase, chloroplast F(1)F(o) ATPase, coupling factors (F0, F1 and CF1), lysosomal F0F1 ATPase, lysosomal FoF1 ATPase, lysosomal proton-translocating ATPase, mitochondrial ATPase, proton-translocating F-type (FoF1)-ATPases, vacuolar ATPase, vacuolar F0F1 ATPase, vacuolar FoF1 ATPase, vacuolar H+-ATPase, vacuolar membrane H(+)-ATPase, vacuolar proton-pumping ATPase, vacuolar proton-translocating ATPase, vacuolar-type H(+)-ATPase)",https://lod.nal.usda.gov/nalt/13698,,False,skos:broader; skos:narrower,
H-transporting ATPase,EC 3.6.3.6,H-transporting ATPase (EC 3.6.3.6),https://lod.nal.usda.gov/nalt/35523,,False,skos:broader; skos:narrower,
histones,,histones,https://lod.nal.usda.gov/nalt/45647,,False,skos:broader; skos:narrower,
hormone metabolism,,hormone metabolism,https://lod.nal.usda.gov/nalt/45912,,False,skos:broader; skos:narrower,
hormone secretion,,hormone secretion,https://lod.nal.usda.gov/nalt/37015,,False,skos:broader; skos:narrower,
hypersecretion,,hypersecretion,https://lod.nal.usda.gov/nalt/46596,,False,skos:broader; skos:narrower,
ionophores,,ionophores,https://lod.nal.usda.gov/nalt/234,,False,skos:related,
karyopherins,karyopherin alpha; karyopherin beta,"karyopherins (karyopherin alpha, karyopherin beta)",https://lod.nal.usda.gov/nalt/196591,,False,skos:broader; skos:narrower,
karyotyping,karyotype,karyotyping (karyotype),https://lod.nal.usda.gov/nalt/31438,,True,skos:related,
loci,,loci,https://lod.nal.usda.gov/nalt/280,,True,skos:broader; skos:narrower,
metabolic detoxification,,metabolic detoxification,https://lod.nal.usda.gov/nalt/10484,,False,skos:broader; skos:narrower,
metabolic flux analysis,metabolic flux analyses,metabolic flux analysis (metabolic flux analyses),https://lod.nal.usda.gov/nalt/286616,,False,skos:related,
metabolic sequestration,,metabolic sequestration,https://lod.nal.usda.gov/nalt/52228,,False,skos:broader; skos:narrower,
metabolic studies,,metabolic studies,https://lod.nal.usda.gov/nalt/47904,,False,skos:related,
metabolites,anabolites; catabolites,"metabolites (anabolites, catabolites)",https://lod.nal.usda.gov/nalt/8303,,False,skos:related,
metabolome,,metabolome,https://lod.nal.usda.gov/nalt/42650,,False,skos:related,
metabolomics,metabolic profiling; metabolome analysis; metabonomic study; metabonomics,"metabolomics (metabolic profiling, metabolome analysis, metabonomic study, metabonomics)",https://lod.nal.usda.gov/nalt/17412,,False,skos:related,
metacentric chromosomes,,metacentric chromosomes,https://lod.nal.usda.gov/nalt/25875,,True,skos:broader; skos:narrower,
milk secretion,,milk secretion,https://lod.nal.usda.gov/nalt/4936,,False,skos:broader; skos:narrower,
mineral metabolism,,mineral metabolism,https://lod.nal.usda.gov/nalt/47279,,False,skos:broader; skos:narrower,
molecular motor proteins,motility proteins,molecular motor proteins (motility proteins),https://lod.nal.usda.gov/nalt/190002,,False,skos:related,
monoploidy,,monoploidy,https://lod.nal.usda.gov/nalt/284412,,True,skos:related,
neurosecretion,,neurosecretion,https://lod.nal.usda.gov/nalt/54736,,False,skos:broader; skos:narrower,
nitrogen metabolism,,nitrogen metabolism,https://lod.nal.usda.gov/nalt/52233,,False,skos:broader; skos:narrower,
nuclear antigens,,nuclear antigens,https://lod.nal.usda.gov/nalt/10364,,False,skos:broader; skos:narrower,
nuclear lamina,,nuclear lamina,https://lod.nal.usda.gov/nalt/315677,,True,skos:broader; skos:narrower,
nucleolus organizer region,nucleolar organiser; nucleolar organiser region; nucleolar organizer; nucleolar organizer region; nucleolus organiser; nucleolus organiser region; nucleolus organizer,"nucleolus organizer region (nucleolar organiser, nucleolar organiser region, nucleolar organizer, nucleolar organizer region, nucleolus organiser, nucleolus organiser region, nucleolus organizer)",https://lod.nal.usda.gov/nalt/281,,True,skos:broader; skos:narrower,
nucleoporins,nuclear pore complex proteins,nucleoporins (nuclear pore complex proteins),https://lod.nal.usda.gov/nalt/55364,,False,skos:related,
nucleoproteins,,nucleoproteins,https://lod.nal.usda.gov/nalt/55381,,False,skos:related,
oxidative stress,,oxidative stress,https://lod.nal.usda.gov/nalt/764,,False,skos:related,
pentaploidy,,pentaploidy,https://lod.nal.usda.gov/nalt/279339,,True,skos:related,
pharmacokinetics,drug absorption; drug biotransformation; drug kinetics; drug metabolism; toxicokinetics,"pharmacokinetics (drug absorption, drug biotransformation, drug kinetics, drug metabolism, toxicokinetics)",https://lod.nal.usda.gov/nalt/34640,,False,skos:broader; skos:narrower,
plant development,,plant development,https://lod.nal.usda.gov/nalt/1790,,False,skos:related,
plant growth,growth rate (plants),plant growth (growth rate (plants)),https://lod.nal.usda.gov/nalt/20266,,False,skos:related,
polytene chromosomes,polyteny,polytene chromosomes (polyteny),https://lod.nal.usda.gov/nalt/25876,,True,skos:broader; skos:narrower,
protamines,,protamines,https://lod.nal.usda.gov/nalt/59899,,False,skos:broader; skos:narrower,
protein metabolism,protein catabolism; protein turnover,"protein metabolism (protein catabolism, protein turnover)",https://lod.nal.usda.gov/nalt/7756,,False,skos:broader; skos:narrower,
protein secretion,,protein secretion,https://lod.nal.usda.gov/nalt/59935,,False,skos:broader; skos:narrower,
proteins,,proteins,https://lod.nal.usda.gov/nalt/876,,False,skos:broader; skos:narrower,
pyrophosphatases,EC 3.6.1,pyrophosphatases (EC 3.6.1),https://lod.nal.usda.gov/nalt/2708,,False,skos:broader; skos:narrower,
regrowth,,regrowth,https://lod.nal.usda.gov/nalt/43989,,False,skos:broader; skos:narrower,
resting periods,torpor,resting periods (torpor),https://lod.nal.usda.gov/nalt/33063,,False,skos:broader; skos:narrower,
Robertsonian translocation,,Robertsonian translocation,https://lod.nal.usda.gov/nalt/243987,,True,skos:related,
satellite DNA,,satellite DNA,https://lod.nal.usda.gov/nalt/34245,,False,skos:related,
seasonal growth,,seasonal growth,https://lod.nal.usda.gov/nalt/43990,,False,skos:broader; skos:narrower,
sex chromosomes,,sex chromosomes,https://lod.nal.usda.gov/nalt/25877,,True,skos:broader; skos:narrower,
skeletal muscle,,skeletal muscle,https://lod.nal.usda.gov/nalt/35050,,False,skos:related,
sodium-potassium-exchanging ATPase,"EC 3.6.1.37; EC 3.6.3.9; Na+, K+ pump; Na+,K+-ATPase; Na+-K+ pump; Na+/K+ ATPase; Na+/K+ pump; Na+/K+-exchanging ATPase; Na,K-activated ATPase; Na/K pump; Na/K-exchanging ATPase; potassium pump; sodium and potassium activated adenosine 5'-triphosphatase; sodium pump; sodium- and potassium-activated adenosine 5'-triphosphatase; sodium- and potassium-activated adenosine 5'-triphosphatases; sodium-and potassium-activated adenosine 5-triphosphatase; sodium-potassium ATPase; sodium-potassium adenosine triphosphatase; sodium-potassium adenosinetriphosphatase; sodium-potassium pump","sodium-potassium-exchanging ATPase (EC 3.6.1.37, EC 3.6.3.9, Na+, K+ pump, Na+,K+-ATPase, Na+-K+ pump, Na+/K+ ATPase, Na+/K+ pump, Na+/K+-exchanging ATPase, Na,K-activated ATPase, Na/K pump, Na/K-exchanging ATPase, potassium pump, sodium and potassium activated adenosine 5'-triphosphatase, sodium pump, sodium- and potassium-activated adenosine 5'-triphosphatase, sodium- and potassium-activated adenosine 5'-triphosphatases, sodium-and potassium-activated adenosine 5-triphosphatase, sodium-potassium ATPase, sodium-potassium adenosine triphosphatase, sodium-potassium adenosinetriphosphatase, sodium-potassium pump)",https://lod.nal.usda.gov/nalt/35525,,False,skos:broader; skos:narrower,
specific growth rate,,specific growth rate,https://lod.nal.usda.gov/nalt/199454,,False,skos:broader; skos:narrower,
starch granules,starch grains,starch granules (starch grains),https://lod.nal.usda.gov/nalt/8250,,False,skos:related,
steroid metabolism,,steroid metabolism,https://lod.nal.usda.gov/nalt/52234,,False,skos:broader; skos:narrower,
submetacentric chromosomes,,submetacentric chromosomes,https://lod.nal.usda.gov/nalt/25878,,True,skos:broader; skos:narrower,
telocentric chromosomes,,telocentric chromosomes,https://lod.nal.usda.gov/nalt/25879,,True,skos:broader; skos:narrower,
telomeres,,telomeres,https://lod.nal.usda.gov/nalt/282,,True,skos:broader; skos:narrower,
vimentin,,vimentin,https://lod.nal.usda.gov/nalt/204970,,False,skos:broader; skos:narrower,
vitamin metabolism,,vitamin metabolism,https://lod.nal.usda.gov/nalt/52235,,False,skos:broader; skos:narrower,
water metabolism,,water metabolism,https://lod.nal.usda.gov/nalt/52236,,False,skos:broader; skos:narrower,
yeast artificial chromosomes,YACs (yeast artificial chromosomes),yeast artificial chromosomes (YACs (yeast artificial chromosomes)),https://lod.nal.usda.gov/nalt/25880,,True,skos:broader; skos:narrower,
chromocenters,,chromocenters,https://lod.nal.usda.gov/nalt/23732,,True,skos:broader; skos:narrower,
chromosome aberrations,autosomal abnormalities; chromosomal aberrations; chromosomal abnormalities; chromosomal disorders; chromosome abnormalities; chromosome disorders; cytogenetic aberrations; cytogenetic abnormalities,"chromosome aberrations (autosomal abnormalities, chromosomal aberrations, chromosomal abnormalities, chromosomal disorders, chromosome abnormalities, chromosome disorders, cytogenetic aberrations, cytogenetic abnormalities)",https://lod.nal.usda.gov/nalt/25833,,True,skos:broader; skos:narrower,
chromosome number,chromosome complement; chromosome count,"chromosome number (chromosome complement, chromosome count)",https://lod.nal.usda.gov/nalt/25866,,True,skos:related,
cytogenetic analysis,chromosome analysis,cytogenetic analysis (chromosome analysis),https://lod.nal.usda.gov/nalt/25841,,True,skos:broader; skos:narrower,
endocrine system physiology,,endocrine system physiology,https://lod.nal.usda.gov/nalt/9420,,False,skos:broader; skos:narrower,
genetic variation,genetic differentiation; genetic divergence; genetic diversity; genetic variability; genotypic diversity,"genetic variation (genetic differentiation, genetic divergence, genetic diversity, genetic variability, genotypic diversity)",https://lod.nal.usda.gov/nalt/10351,,False,skos:related,
heterochromatin,,heterochromatin,https://lod.nal.usda.gov/nalt/25760,,True,skos:broader; skos:narrower,
histone code,histone marks; histone modifications,"histone code (histone marks, histone modifications)",https://lod.nal.usda.gov/nalt/333211,,False,skos:related,
hormones,animal hormones,hormones (animal hormones),https://lod.nal.usda.gov/nalt/517,,False,skos:related,
importins,importin alpha; importin beta,"importins (importin alpha, importin beta)",https://lod.nal.usda.gov/nalt/196590,,False,skos:broader; skos:narrower,
insulin secretion,,insulin secretion,https://lod.nal.usda.gov/nalt/45913,,False,skos:broader; skos:narrower,
kinetochores,kinetochore fiber,kinetochores (kinetochore fiber),https://lod.nal.usda.gov/nalt/23733,,True,skos:broader; skos:narrower,
laboratory techniques,laboratory methods; laboratory procedures,"laboratory techniques (laboratory methods, laboratory procedures)",https://lod.nal.usda.gov/nalt/9550,,False,skos:broader; skos:narrower,
ligands,,ligands,https://lod.nal.usda.gov/nalt/261978,,False,skos:related,
membrane glycoproteins,,membrane glycoproteins,https://lod.nal.usda.gov/nalt/1601,,False,skos:broader; skos:narrower,
membrane proteins,gap junction proteins,membrane proteins (gap junction proteins),https://lod.nal.usda.gov/nalt/881,,False,skos:broader; skos:narrower,
Mendelian inheritance,Mendelism,Mendelian inheritance (Mendelism),https://lod.nal.usda.gov/nalt/42580,,False,skos:related,
minimum inhibitory concentration,MIC (minimum inhibitory concentration); broth microdilution method,"minimum inhibitory concentration (MIC (minimum inhibitory concentration), broth microdilution method)",https://lod.nal.usda.gov/nalt/10185,,False,skos:related,
nucleosomes,dinucleosomes; polynucleosomes,"nucleosomes (dinucleosomes, polynucleosomes)",https://lod.nal.usda.gov/nalt/25761,,True,skos:broader; skos:narrower,
ploidy,ploidies,ploidy (ploidies),https://lod.nal.usda.gov/nalt/197574,,True,skos:related,
porins,pore proteins,porins (pore proteins),https://lod.nal.usda.gov/nalt/11454,,False,skos:broader; skos:narrower,
sex chromatin,,sex chromatin,https://lod.nal.usda.gov/nalt/25762,,True,skos:broader; skos:narrower,
simple proteins,,simple proteins,https://lod.nal.usda.gov/nalt/6032,,False,skos:broader; skos:narrower,
striated muscle,,striated muscle,https://lod.nal.usda.gov/nalt/53776,,False,skos:related,
vascular cell adhesion molecules,CD106 antigens; vascular cell adhesion molecule-1,"vascular cell adhesion molecules (CD106 antigens, vascular cell adhesion molecule-1)",https://lod.nal.usda.gov/nalt/312885,,False,skos:broader; skos:narrower,
aneuploidy,aneuploids,aneuploidy (aneuploids),https://lod.nal.usda.gov/nalt/8824,,True,skos:broader; skos:narrower,
dihaploidy,dihaploids,dihaploidy (dihaploids),https://lod.nal.usda.gov/nalt/145231,,True,skos:broader; skos:narrower,
diploidy,diploids,diploidy (diploids),https://lod.nal.usda.gov/nalt/31439,,True,skos:broader; skos:narrower,
doubled haploids,doubled haploidy,doubled haploids (doubled haploidy),https://lod.nal.usda.gov/nalt/9954,,True,skos:broader; skos:narrower,
haploidy,haploids,haploidy (haploids),https://lod.nal.usda.gov/nalt/31440,,True,skos:broader; skos:narrower,
insulin,,insulin,https://lod.nal.usda.gov/nalt/32965,,False,skos:related,
metabolic syndrome,metabolic syndrome X; syndrome X (metabolic),"metabolic syndrome (metabolic syndrome X, syndrome X (metabolic))",https://lod.nal.usda.gov/nalt/32966,,False,skos:related,
polyploidy,euploidy; polyploids,"polyploidy (euploidy, polyploids)",https://lod.nal.usda.gov/nalt/6717,,True,skos:broader; skos:narrower,
allopolyploidy,alloploids; alloploidy; allopolyploids,"allopolyploidy (alloploids, alloploidy, allopolyploids)",https://lod.nal.usda.gov/nalt/6713,,True,skos:broader; skos:narrower,
anther culture,,anther culture,https://lod.nal.usda.gov/nalt/9953,,False,skos:related,
autopolyploidy,autoploids; autopolyploids,"autopolyploidy (autoploids, autopolyploids)",https://lod.nal.usda.gov/nalt/14038,,True,skos:broader; skos:narrower,
endopolyploidy,endomitosis; endoploidy; endopolyploidisation; endopolyploidization; endopolyploids; endoreduplication; somatic polyploidy,"endopolyploidy (endomitosis, endoploidy, endopolyploidisation, endopolyploidization, endopolyploids, endoreduplication, somatic polyploidy)",https://lod.nal.usda.gov/nalt/37039,,True,skos:broader; skos:narrower,
hexaploidy,hexaploids,hexaploidy (hexaploids),https://lod.nal.usda.gov/nalt/45483,,True,skos:broader; skos:narrower,
octaploidy,octaploids,octaploidy (octaploids),https://lod.nal.usda.gov/nalt/55620,,True,skos:broader; skos:narrower,
tetraploidy,tetraploids,tetraploidy (tetraploids),https://lod.nal.usda.gov/nalt/59168,,True,skos:broader; skos:narrower,
triploidy,sesquidiploids; sesquidiploidy; triploids,"triploidy (sesquidiploids, sesquidiploidy, triploids)",https://lod.nal.usda.gov/nalt/59169,,True,skos:broader; skos:narrower,
autotetraploidy,autotetraploids,autotetraploidy (autotetraploids),https://lod.nal.usda.gov/nalt/295797,,True,skos:broader; skos:narrower,
