row_id,legacy_row_id,seed_qid,seed_label,qid,label,target,prediction,classification,confidence,depth,reaching_property,reaching_property_label
row5,Q104530765|Q36180,Q104530765,Hugo Nathan,Q36180,writer,0,0,EXCLUDE,0.65,5,P106,occupation
row24,Q104530765|Q47309996,Q104530765,Hugo Nathan,Q47309996,Adolf Wuester,1,1,INCLUDE,0.7,5,P3342,significant person
row31,Q104530765|Q68074438,Q104530765,Hugo Nathan,Q68074438,WikiProject Livius,0,0,EXCLUDE,0.95,5,P5008,on focus list of Wikimedia project
row43,Q104530765|Q18745022,Q104530765,Hugo Nathan,Q18745022,Alec N. Wildenstein,1,1,INCLUDE,0.95,3,P127,owned by
row60,Q104530765|Q87842429,Q104530765,Hugo Nathan,Q87842429,"Apple, Pear and Orange",1,1,INCLUDE,1.0,5,P1830,owner of
row67,Q104530765|Q3181656,Q104530765,Hugo Nathan,Q3181656,The Nuttall Encyclopædia,0,0,EXCLUDE,0.95,5,P1343,described by source
row105,Q104530765|Q21785872,Q104530765,Hugo Nathan,Q21785872,"Edge of the Woods Near L'Hermitage, Pontoise",1,1,INCLUDE,0.95,3,P1830,owner of
row108,Q104530765|Q96297,Q104530765,Hugo Nathan,Q96297,Emil Georg Bührle,1,1,INCLUDE,0.95,5,P3342,significant person
row144,Q104530765|Q1768721,Q104530765,Hugo Nathan,Q1768721,Gujin Tushu Jicheng,0,0,NOT_VISITED,,5,P1343,described by source
row161,Q104530765|Q58433306,Q104530765,Hugo Nathan,Q58433306,"Hans Haacke,Framing and Being Framed: 7 Works, 1970–75",1,1,INCLUDE,0.7,5,P1343,described by source
row170,Q104530765|Q89929597,Q104530765,Hugo Nathan,Q89929597,hedendaagsesieraden.nl,0,0,EXCLUDE,0.8,5,P1343,described by source
row179,Q104530765|Q27051827,Q104530765,Hugo Nathan,Q27051827,"Hoff's Kurze Biographien, vol 2",0,0,EXCLUDE,0.95,5,P1343,described by source
row182,Q104530765|Q16000367,Q104530765,Hugo Nathan,Q16000367,horse breeder,0,0,EXCLUDE,0.9,4,P106,occupation
row188,Q104530765|Q333256,Q104530765,Hugo Nathan,Q333256,"Hugh Grosvenor, 1st Duke of Westminster",0,1,INCLUDE,0.7,4,P127,owned by
row193,Q104530765|Q106727050,Q104530765,Hugo Nathan,Q106727050,Metropolitan Museum of Art Tagging Vocabulary,1,0,EXCLUDE,0.85,5,P1343,described by source
row210,Q104530765|Q100708933,Q104530765,Hugo Nathan,Q100708933,Martin Fabiani,1,1,INCLUDE,0.85,5,P3342,significant person
row215,Q104530765|Q3175096,Q104530765,Hugo Nathan,Q3175096,Jean Walter,1,1,INCLUDE,0.8,5,P26,spouse
row274,Q104530765|Q49246672,Q104530765,Hugo Nathan,Q49246672,Mount of Sainte-Victoire,1,1,INCLUDE,1.0,5,P1830,owner of
row276,Q104530765|Q12954454,Q104530765,Hugo Nathan,Q12954454,Nathan Wildenstein,1,1,INCLUDE,0.95,3,P127,owned by
row294,Q104530765|Q67311526,Q104530765,Hugo Nathan,Q67311526,Obalky knih.cz,0,0,EXCLUDE,0.95,5,P1343,described by source
row339,Q104530765|Q47310686,Q104530765,Hugo Nathan,Q47310686,Paul Cailleux,1,1,INCLUDE,0.85,5,P127,owned by
row352,Q104530765|Q49757,Q104530765,Hugo Nathan,Q49757,poet,0,0,EXCLUDE,0.7,5,P106,occupation
row378,Q104530765|Q27096203,Q104530765,Hugo Nathan,Q27096203,Saint John the Baptist,1,1,INCLUDE,0.95,5,P1830,owner of
row418,Q104530765|Q73357989,Q104530765,Hugo Nathan,Q73357989,Survey of GLAM open access policy and practice,0,0,EXCLUDE,0.9,5,P1343,described by source
row426,Q104530765|Q1766280,Q104530765,Hugo Nathan,Q1766280,Svensk uppslagsbok,0,0,EXCLUDE,0.95,5,P1343,described by source
row428,Q104530765|Q250867,Q104530765,Hugo Nathan,Q250867,Catholic priest,0,0,EXCLUDE,0.95,5,P106,occupation
row432,Q104530765|Q25393460,Q104530765,Hugo Nathan,Q25393460,Catholic deacon,0,0,EXCLUDE,0.95,5,P106,occupation
row439,Q104530765|Q1039808,Q104530765,Hugo Nathan,Q1039808,Carl Montag,1,1,INCLUDE,0.95,5,P127,owned by
row452,Q104530765|Q602358,Q104530765,Hugo Nathan,Q602358,Brockhaus and Efron Encyclopedic Dictionary,0,0,EXCLUDE,0.95,5,P1343,described by source
row466,Q104530765|Q7720110,Q104530765,Hugo Nathan,Q7720110,The Brierwood Pipe,0,1,INCLUDE,0.7,5,P1830,owner of
row542,Q104530765|Q66362718,Q104530765,Hugo Nathan,Q66362718,1001 Paintings You Must See Before You Die,0,0,EXCLUDE,0.75,4,P1343,described by source
row548,Q104530765|Q107750647,Q104530765,Hugo Nathan,Q107750647,Zürcher Kunstgesellschaft,1,1,INCLUDE,0.95,5,P127,owned by
row581,Q104530765|Q20539215,Q104530765,Hugo Nathan,Q20539215,Woman Sewing before a Garden Window,1,1,INCLUDE,0.95,3,P1830,owner of
row586,Q104530765|Q60469188,Q104530765,Hugo Nathan,Q60469188,Woman Reading,1,1,INCLUDE,0.95,3,P1830,owner of
row609,Q104530765|Q20735394,Q104530765,Hugo Nathan,Q20735394,Wineglass and a Bowl of Fruit,1,1,INCLUDE,0.95,5,P1830,owner of
row614,Q104530765|Q61294807,Q104530765,Hugo Nathan,Q61294807,William Buchanan,0,1,INCLUDE,0.9,4,P127,owned by
row626,Q104530765|Q3568152,Q104530765,Hugo Nathan,Q3568152,Wildenstein Institute,1,1,INCLUDE,0.95,4,P1830,owner of
row631,Q104530765|Q10288082,Q104530765,Hugo Nathan,Q10288082,Wildenstein & Company,1,1,INCLUDE,0.95,2,P127,owned by
row647,Q104530765|Q104694359,Q104530765,Hugo Nathan,Q104694359,WikiProject PCC Wikidata Pilot/Frick Art Reference Library,0,0,EXCLUDE,0.9,3,P5008,on focus list of Wikimedia project
row689,Q104530765|Q17505902,Q104530765,Hugo Nathan,Q17505902,watercolorist,0,0,EXCLUDE,0.75,5,P106,occupation
row701,Q104530765|Q107177051,Q104530765,Hugo Nathan,Q107177051,Walter Feilchenfeldt Jr.,1,1,INCLUDE,1.0,5,P40,child
row705,Q104530765|Q2544162,Q104530765,Hugo Nathan,Q2544162,Walter Feilchenfeldt,1,1,INCLUDE,1.0,5,P26,spouse
row708,Q104530765|Q7964251,Q104530765,Hugo Nathan,Q7964251,Walter Bareiss,1,1,INCLUDE,0.85,5,P3342,significant person
row725,Q104530765|Q2528876,Q104530765,Hugo Nathan,Q2528876,Vittorio Cini,0,1,INCLUDE,0.95,5,P127,owned by
row729,Q104530765|Q3391743,Q104530765,Hugo Nathan,Q3391743,visual artist,0,1,INCLUDE,0.85,5,P106,occupation
row739,Q104530765|Q7933233,Q104530765,Hugo Nathan,Q7933233,"Violet Cripps, Baroness Parmoor",0,1,INCLUDE,0.7,5,P26,spouse
row802,Q104530765|Q26221201,Q104530765,Hugo Nathan,Q26221201,Two Diggers among Trees,1,1,INCLUDE,0.95,1,P1830,owner of
row842,Q104530765|Q56555894,Q104530765,Hugo Nathan,Q56555894,Theodore Schempp,1,1,INCLUDE,0.9,4,P127,owned by
row849,Q104530765|Q19429021,Q104530765,Hugo Nathan,Q19429021,Theodor Fischer,1,1,INCLUDE,0.95,5,P127,owned by
row879,Q104530765|Q55647114,Q104530765,Hugo Nathan,Q55647114,The Lute Player,0,1,INCLUDE,0.95,4,P1830,owner of
row883,Q104530765|Q21479251,Q104530765,Hugo Nathan,Q21479251,The Lock at Pontoise,1,1,INCLUDE,0.95,3,P1830,owner of
row891,Q104530765|Q64212048,Q104530765,Hugo Nathan,Q64212048,The Glade,1,1,INCLUDE,0.95,5,P1830,owner of
row908,Q104530765|Q28035859,Q104530765,Hugo Nathan,Q28035859,Still Life with Mangoes and a Hibiscus Flower,1,1,INCLUDE,0.95,3,P1830,owner of
row939,Q104530765|Q104917373,Q104530765,Hugo Nathan,Q104917373,Romantic Painting with Ruins,1,1,INCLUDE,0.95,5,P1830,owner of
row954,Q104530765|Q2148186,Q104530765,Hugo Nathan,Q2148186,Rhode Island School of Design Museum,1,1,INCLUDE,0.95,4,P127,owned by
row961,Q104530765|Q673751,Q104530765,Hugo Nathan,Q673751,Reichsleiter Rosenberg Taskforce,1,1,INCLUDE,0.95,4,P127,owned by
row989,Q104530765|Q60514834,Q104530765,Hugo Nathan,Q60514834,Portrait of a Woman as Diana,1,1,INCLUDE,0.95,3,P1830,owner of
row1006,Q104530765|Q13218361,Q104530765,Hugo Nathan,Q13218361,polo player,0,0,EXCLUDE,0.9,4,P106,occupation
row1012,Q104530765|Q82955,Q104530765,Hugo Nathan,Q82955,politician,0,0,EXCLUDE,0.9,5,P106,occupation
row1056,Q104530765|Q33231,Q104530765,Hugo Nathan,Q33231,photographer,0,1,INCLUDE,0.55,5,P106,occupation
row1138,Q104530765|Q1565911,Q104530765,Hugo Nathan,Q1565911,"Museum of Fine Arts, Houston",1,1,INCLUDE,0.95,4,P127,owned by
row1164,Q104530765|Q78684258,Q104530765,Hugo Nathan,Q78684258,Mandolin and Vase of Flowers,1,1,INCLUDE,0.95,5,P1830,owner of
row1178,Q104530765|Q18347243,Q104530765,Hugo Nathan,Q18347243,Lefevre Gallery,1,1,INCLUDE,0.95,4,P127,owned by
row1202,Q104530765|Q3067376,Q104530765,Hugo Nathan,Q3067376,Jacques Seligmann & Company,1,1,INCLUDE,0.95,4,P127,owned by
row1204,Q104530765|Q3159990,Q104530765,Hugo Nathan,Q3159990,Jacques Seligmann,1,1,INCLUDE,0.95,5,P127,owned by
row1210,Q104530765|Q28848149,Q104530765,Hugo Nathan,Q28848149,J. K. Thannhauser Art Gallery,1,1,INCLUDE,0.95,3,P1830,owner of
row1233,Q104530765|Q15432931,Q104530765,Hugo Nathan,Q15432931,Hermann Bunjes,1,1,INCLUDE,0.85,5,P3342,significant person
row1256,Q104530765|Q20078554,Q104530765,Hugo Nathan,Q20078554,Great Soviet Encyclopedia (1926–1947),0,0,EXCLUDE,0.9,5,P1343,described by source
row1270,Q104530765|Q1925963,Q104530765,Hugo Nathan,Q1925963,graphic artist,0,0,EXCLUDE,0.75,5,P106,occupation
row1334,Q104530765|Q47035126,Q104530765,Hugo Nathan,Q47035126,Gottfried Tanner,1,1,INCLUDE,0.7,5,P3342,significant person
row1339,Q104530765|Q298877,Q104530765,Hugo Nathan,Q298877,Giuliano de' Medici,0,0,EXCLUDE,0.9,5,P921,main subject
row1344,Q104530765|Q5550990,Q104530765,Hugo Nathan,Q5550990,Germain Seligman,1,1,INCLUDE,0.9,5,P127,owned by
row1346,Q104530765|Q215626,Q104530765,Hugo Nathan,Q215626,Georges Wildenstein,1,1,INCLUDE,0.95,3,P127,owned by
row1368,Q104530765|Q20771242,Q104530765,Hugo Nathan,Q20771242,gallerist,1,0,NOT_VISITED,,5,,
row1384,Q104530765|Q47001605,Q104530765,Hugo Nathan,Q47001605,Galerie Fischer,1,1,INCLUDE,1.0,4,P127,owned by
row1391,Q104530765|Q50990573,Q104530765,Hugo Nathan,Q50990573,Galerie Cailleux,1,1,INCLUDE,0.95,4,P127,owned by
row1406,Q104530765|Q19502360,Q104530765,Hugo Nathan,Q19502360,Fritz Meyer-Fierz,1,1,INCLUDE,0.95,4,P127,owned by
row1412,Q104530765|Q33315010,Q104530765,Hugo Nathan,Q33315010,Frederick Mont,1,1,INCLUDE,0.9,4,P127,owned by
row1465,Q104530765|Q53563347,Q104530765,Hugo Nathan,Q53563347,Eugene Thaw,1,1,INCLUDE,0.9,5,P127,owned by
row1474,Q104530765|Q20730464,Q104530765,Hugo Nathan,Q20730464,Étienne Bignou,1,1,INCLUDE,0.95,4,P127,owned by
row1499,Q104530765|Q131524,Q104530765,Hugo Nathan,Q131524,entrepreneur,0,0,EXCLUDE,0.95,5,P106,occupation
row1508,Q104530765|Q329439,Q104530765,Hugo Nathan,Q329439,engraver,0,1,INCLUDE,0.75,5,P106,occupation
row1543,Q104530765|Q1607826,Q104530765,Hugo Nathan,Q1607826,editor,0,0,EXCLUDE,0.7,4,P106,occupation
row1572,Q104530765|Q14623005,Q104530765,Hugo Nathan,Q14623005,draftsperson,0,0,EXCLUDE,0.75,5,P106,occupation
row1581,Q104530765|Q107676574,Q104530765,Hugo Nathan,Q107676574,Dr. Fritz Rosenfeld,1,1,INCLUDE,0.95,4,P127,owned by
row1587,Q104530765|Q25391673,Q104530765,Hugo Nathan,Q25391673,Domenica Walter,1,1,INCLUDE,0.95,4,P127,owned by
row1618,Q104530765|Q17254907,Q104530765,Hugo Nathan,Q17254907,David Graham Carritt,1,1,INCLUDE,0.95,4,P127,owned by
row1622,Q104530765|Q723358,Q104530765,Hugo Nathan,Q723358,Daniel Wildenstein,1,1,INCLUDE,0.95,3,P127,owned by
row1626,Q104530765|Q867510,Q104530765,Hugo Nathan,Q867510,Cypresses,1,1,INCLUDE,1.0,5,P1830,owner of
row1644,Q104530765|Q60476309,Q104530765,Hugo Nathan,Q60476309,Countess Széchenyi,1,0,EXCLUDE,0.7,5,P1830,owner of
row1679,Q104530765|Q60729883,Q104530765,Hugo Nathan,Q60729883,Cleveland Museum of Art Open Access project,0,0,EXCLUDE,0.9,4,P5008,on focus list of Wikimedia project
row1684,Q104530765|Q657415,Q104530765,Hugo Nathan,Q657415,Cleveland Museum of Art,1,1,INCLUDE,0.95,4,P127,owned by
row1714,Q104530765|Q2960213,Q104530765,Hugo Nathan,Q2960213,Charles Sedelmeyer,1,1,INCLUDE,0.95,5,P127,owned by
row1726,Q104530765|Q21069797,Q104530765,Hugo Nathan,Q21069797,Charles Carstairs,1,1,INCLUDE,0.85,5,P127,owned by
row1771,Q104530765|Q43845,Q104530765,Hugo Nathan,Q43845,businessperson,0,0,EXCLUDE,0.9,4,P106,occupation
row1813,Q104530765|Q15619234,Q104530765,Hugo Nathan,Q15619234,Bignou Gallery,1,1,INCLUDE,1.0,5,P1830,owner of
row1826,Q104530765|Q98605872,Q104530765,Hugo Nathan,Q98605872,Bernhard Witke,1,1,INCLUDE,0.75,5,P3342,significant person
row1874,Q104530765|Q83874292,Q104530765,Hugo Nathan,Q83874292,Artemis S.A.,1,1,INCLUDE,0.95,4,P127,owned by
row1880,Q104530765|Q30335959,Q104530765,Hugo Nathan,Q30335959,Art Looting Investigation Unit,1,1,INCLUDE,0.95,3,P1840,investigation of
row1891,Q104530765|Q50637,Q104530765,Hugo Nathan,Q50637,art history,1,1,INCLUDE,0.75,5,P921,main subject
row1896,Q104530765|Q1792450,Q104530765,Hugo Nathan,Q1792450,art historian,1,1,INCLUDE,0.7,4,P106,occupation
row1908,Q104530765|Q173950,Q104530765,Hugo Nathan,Q173950,art dealer,1,1,INCLUDE,0.95,3,P106,occupation
row1927,Q104530765|Q10732476,Q104530765,Hugo Nathan,Q10732476,art collector,1,1,INCLUDE,0.95,1,P106,occupation
row1947,Q104530765|Q97940197,Q104530765,Hugo Nathan,Q97940197,Arnold Seligmann,1,1,INCLUDE,0.85,5,P127,owned by
row1957,Q104530765|Q363383,Q104530765,Hugo Nathan,Q363383,Armand Hammer,1,1,INCLUDE,0.95,5,P127,owned by
row2004,Q104530765|Q28860082,Q104530765,Hugo Nathan,Q28860082,Amédée Schuffenecker,1,1,INCLUDE,0.95,4,P127,owned by
row2017,Q104530765|Q2644753,Q104530765,Hugo Nathan,Q2644753,Alfred Breslauer,1,1,INCLUDE,0.8,5,P22,father
row9,Q11770767|Q36180,Q11770767,Still life with coffee pot  dishes and fruit,Q36180,writer,0,0,EXCLUDE,0.9,2,P106,occupation
row51,Q11770767|Q104599828,Q11770767,Still life with coffee pot  dishes and fruit,Q104599828,"Verbrannt, verboten, vergessen",1,0,EXCLUDE,0.75,3,P1343,described by source
row226,Q11770767|Q26221124,Q11770767,Still life with coffee pot  dishes and fruit,Q26221124,L'Arlésienne,0,1,INCLUDE,0.95,2,P1830,owner of
row313,Q11770767|Q17378135,Q11770767,Still life with coffee pot  dishes and fruit,Q17378135,Great Soviet Encyclopedia (1969–1978),0,0,EXCLUDE,0.9,2,P1343,described by source
row323,Q11770767|Q4532138,Q11770767,Still life with coffee pot  dishes and fruit,Q4532138,Granat Encyclopedic Dictionary,0,0,EXCLUDE,0.9,2,P1343,described by source
row328,Q11770767|Q2041543,Q11770767,Still life with coffee pot  dishes and fruit,Q2041543,Ottův slovník naučný,0,0,EXCLUDE,0.95,5,P1343,described by source
row357,Q11770767|Q49757,Q11770767,Still life with coffee pot  dishes and fruit,Q49757,poet,0,0,EXCLUDE,0.9,2,P106,occupation
row414,Q11770767|Q28146931,Q11770767,Still life with coffee pot  dishes and fruit,Q28146931,Street in Saintes-Maries,1,1,INCLUDE,0.95,2,P1830,owner of
row862,Q11770767|Q103479,Q11770767,Still life with coffee pot  dishes and fruit,Q103479,Thea Sternheim,1,1,INCLUDE,0.75,2,P26,spouse
row1028,Q11770767|Q214917,Q11770767,Still life with coffee pot  dishes and fruit,Q214917,playwright,0,0,EXCLUDE,0.9,2,P106,occupation
row1605,Q11770767|Q18939491,Q11770767,Still life with coffee pot  dishes and fruit,Q18939491,diarist,0,0,EXCLUDE,0.9,3,P106,occupation
row1920,Q11770767|Q4164507,Q11770767,Still life with coffee pot  dishes and fruit,Q4164507,art critic,1,1,INCLUDE,0.95,2,P106,occupation
row1936,Q11770767|Q10732476,Q11770767,Still life with coffee pot  dishes and fruit,Q10732476,art collector,1,1,INCLUDE,0.95,2,P106,occupation
row28,Q1201549|Q110322027,Q1201549,Detroit Institute of Arts,Q110322027,WikiProject Local Community,0,0,EXCLUDE,0.95,3,P5008,on focus list of Wikimedia project
row71,Q1201549|Q3181656,Q1201549,Detroit Institute of Arts,Q3181656,The Nuttall Encyclopædia,0,0,NOT_VISITED,,3,P1343,described by source
row325,Q1201549|Q4532138,Q1201549,Detroit Institute of Arts,Q4532138,Granat Encyclopedic Dictionary,0,0,NOT_VISITED,,3,P1343,described by source
row459,Q1201549|Q602358,Q1201549,Detroit Institute of Arts,Q602358,Brockhaus and Efron Encyclopedic Dictionary,0,0,NOT_VISITED,,3,P1343,described by source
row527,Q1201549|Q19794158,Q1201549,Detroit Institute of Arts,Q19794158,WikiProject Open Access,0,0,EXCLUDE,0.95,3,P5008,on focus list of Wikimedia project
row669,Q1201549|Q87748614,Q1201549,Detroit Institute of Arts,Q87748614,WikiProject COVID-19,0,0,EXCLUDE,0.95,3,P5008,on focus list of Wikimedia project
row1652,Q1201549|Q1297822,Q1201549,Detroit Institute of Arts,Q1297822,copyright,0,0,EXCLUDE,0.95,2,P921,main subject
row65,Q156426|Q3181656,Q156426,Alexej von Jawlensky,Q3181656,The Nuttall Encyclopædia,0,0,EXCLUDE,0.9,3,P1343,described by source
row449,Q156426|Q602358,Q156426,Alexej von Jawlensky,Q602358,Brockhaus and Efron Encyclopedic Dictionary,0,0,NOT_VISITED,,3,P1343,described by source
row552,Q156426|Q4091878,Q156426,Alexej von Jawlensky,Q4091878,Yuzhakov Big Encyclopedia,0,0,NOT_VISITED,,5,P1343,described by source
row644,Q156426|Q104694359,Q156426,Alexej von Jawlensky,Q104694359,WikiProject PCC Wikidata Pilot/Frick Art Reference Library,0,1,INCLUDE,0.7,1,P5008,on focus list of Wikimedia project
row719,Q156426|Q4109309,Q156426,Alexej von Jawlensky,Q4109309,Vladimir Nikolaevich Veryovkin,0,0,EXCLUDE,0.9,2,P22,father
row1148,Q156426|Q106727050,Q156426,Alexej von Jawlensky,Q106727050,Metropolitan Museum of Art Tagging Vocabulary,0,0,EXCLUDE,0.85,3,P1343,described by source
row1248,Q156426|Q28927781,Q156426,Alexej von Jawlensky,Q28927781,Great Women Masters of Art,0,0,EXCLUDE,0.7,2,P1343,described by source
row1254,Q156426|Q20078554,Q156426,Alexej von Jawlensky,Q20078554,Great Soviet Encyclopedia (1926–1947),0,0,NOT_VISITED,,5,P1343,described by source
row1460,Q156426|Q1970746,Q156426,Alexej von Jawlensky,Q1970746,Explanatory Dictionary of the Living Great Russian Language,0,0,NOT_VISITED,,5,P1343,described by source
row1561,Q156426|Q15296811,Q156426,Alexej von Jawlensky,Q15296811,drawer,0,0,EXCLUDE,0.85,1,P106,occupation
row1923,Q156426|Q10732476,Q156426,Alexej von Jawlensky,Q10732476,art collector,1,1,INCLUDE,0.75,1,P106,occupation
row1949,Q156426|Q2657718,Q156426,Alexej von Jawlensky,Q2657718,Armenian Soviet Encyclopedia,0,0,NOT_VISITED,,5,P1343,described by source
row0,Q160236|Q75581245,Q160236,Metropolitan Museum of Art,Q75581245,Zénaïde Eugénie Bonaparte,0,0,EXCLUDE,0.9,5,P40,child
row13,Q160236|Q20275618,Q160236,Metropolitan Museum of Art,Q20275618,A Peasant Woman Digging in Front of Her Cottage,1,1,INCLUDE,0.95,5,P1830,owner of
row26,Q160236|Q47309996,Q160236,Metropolitan Museum of Art,Q47309996,Adolf Wuester,1,1,INCLUDE,0.8,4,P3342,significant person
row27,Q160236|Q110322027,Q160236,Metropolitan Museum of Art,Q110322027,WikiProject Local Community,0,0,EXCLUDE,0.95,3,P5008,on focus list of Wikimedia project
row33,Q160236|Q68074438,Q160236,Metropolitan Museum of Art,Q68074438,WikiProject Livius,0,0,EXCLUDE,0.95,1,P5008,on focus list of Wikimedia project
row38,Q160236|Q87748614,Q160236,Metropolitan Museum of Art,Q87748614,WikiProject COVID-19,0,0,EXCLUDE,0.98,3,P5008,on focus list of Wikimedia project
row40,Q160236|Q109496377,Q160236,Metropolitan Museum of Art,Q109496377,WikiProject Applied arts,0,0,EXCLUDE,0.95,2,P5008,on focus list of Wikimedia project
row41,Q160236|Q64214265,Q160236,Metropolitan Museum of Art,Q64214265,Wiki Loves Pride Art & Artists,0,0,EXCLUDE,0.8,5,P5008,on focus list of Wikimedia project
row46,Q160236|Q24575431,Q160236,Metropolitan Museum of Art,Q24575431,Alexander II,0,0,EXCLUDE,0.9,5,P1830,owner of
row57,Q160236|Q19429021,Q160236,Metropolitan Museum of Art,Q19429021,Theodor Fischer,1,1,INCLUDE,0.9,5,P3342,significant person
row58,Q160236|Q27980299,Q160236,Metropolitan Museum of Art,Q27980299,Apollo and Daphne,0,1,INCLUDE,0.75,5,P1830,owner of
row69,Q160236|Q3181656,Q160236,Metropolitan Museum of Art,Q3181656,The Nuttall Encyclopædia,0,0,NOT_VISITED,,3,P1343,described by source
row75,Q160236|Q26821240,Q160236,Metropolitan Museum of Art,Q26821240,Bathing Nymphs,0,1,INCLUDE,0.75,5,P1830,owner of
row76,Q160236|Q27980296,Q160236,Metropolitan Museum of Art,Q27980296,Birth of Jupiter,0,1,INCLUDE,0.75,5,P1830,owner of
row82,Q160236|Q3853758,Q160236,Metropolitan Museum of Art,Q3853758,Tarquin and Lucretia,1,0,EXCLUDE,0.8,5,P1830,owner of
row109,Q160236|Q96297,Q160236,Metropolitan Museum of Art,Q96297,Emil Georg Bührle,1,1,INCLUDE,0.9,5,P3342,significant person
row112,Q160236|Q27980683,Q160236,Metropolitan Museum of Art,Q27980683,Portrait of the Artist's daughter Lavinia,0,1,INCLUDE,0.75,5,P1830,owner of
row117,Q160236|Q27978043,Q160236,Metropolitan Museum of Art,Q27978043,Portrait of Grand Duchess Bianca Capello (1548-1587),0,1,INCLUDE,0.75,5,P1830,owner of
row118,Q160236|Q26712700,Q160236,Metropolitan Museum of Art,Q26712700,Portrait of Fabrizio Salvaresio,0,1,INCLUDE,0.95,5,P1830,owner of
row121,Q160236|Q2842423,Q160236,Metropolitan Museum of Art,Q2842423,Portrait of Ambroise Vollard in a Red Headscarf,0,1,INCLUDE,0.95,5,P1830,owner of
row123,Q160236|Q20174444,Q160236,Metropolitan Museum of Art,Q20174444,Portrait of a Youth,0,1,INCLUDE,0.95,5,P1830,owner of
row124,Q160236|Q28019486,Q160236,Metropolitan Museum of Art,Q28019486,Portrait of a Young Lady,0,0,EXCLUDE,0.8,5,P1830,owner of
row130,Q160236|Q28020106,Q160236,Metropolitan Museum of Art,Q28020106,Portrait of a Bearded Man,0,0,EXCLUDE,0.8,5,P1830,owner of
row131,Q160236|Q1485141,Q160236,Metropolitan Museum of Art,Q1485141,Polish Biographical Dictionary,0,0,EXCLUDE,0.9,4,P1343,described by source
row133,Q160236|Q106323898,Q160236,Metropolitan Museum of Art,Q106323898,Pavlenkov Encyclopedic Dictionary,0,0,EXCLUDE,0.95,5,P1343,described by source
row134,Q160236|Q152785,Q160236,Metropolitan Museum of Art,Q152785,Pauline Bonaparte,0,0,EXCLUDE,0.95,4,P40,child
row135,Q160236|Q18662018,Q160236,Metropolitan Museum of Art,Q18662018,galerie Georges Petit,1,1,INCLUDE,0.95,3,P1830,owner of
row141,Q160236|Q1358886,Q160236,Metropolitan Museum of Art,Q1358886,Grand Synagogue of Paris,0,0,EXCLUDE,0.9,5,P1830,owner of
row149,Q160236|Q19211082,Q160236,Metropolitan Museum of Art,Q19211082,Orthodox Theological Encyclopedia,0,0,EXCLUDE,0.95,3,P1343,described by source
row150,Q160236|Q1768721,Q160236,Metropolitan Museum of Art,Q1768721,Gujin Tushu Jicheng,0,0,NOT_VISITED,,3,P1343,described by source
row157,Q160236|Q1573212,Q160236,Metropolitan Museum of Art,Q1573212,Hamburg Biographies,0,0,EXCLUDE,0.7,5,P1343,described by source
row173,Q160236|Q56857488,Q160236,Metropolitan Museum of Art,Q56857488,Napoléons moder (Letizia Ramolino Bonaparte),0,0,EXCLUDE,0.95,5,P1343,described by source
row174,Q160236|Q434077,Q160236,Metropolitan Museum of Art,Q434077,"Prince Napoléon-Jérôme, Prince Napoléon",0,0,EXCLUDE,0.9,5,P40,child
row180,Q160236|Q27051827,Q160236,Metropolitan Museum of Art,Q27051827,"Hoff's Kurze Biographien, vol 2",0,0,EXCLUDE,0.9,5,P1343,described by source
row183,Q160236|Q16000367,Q160236,Metropolitan Museum of Art,Q16000367,horse breeder,0,0,EXCLUDE,0.6,4,P106,occupation
row184,Q160236|Q369234,Q160236,Metropolitan Museum of Art,Q369234,Hôtel de Chalon-Luxembourg,0,0,EXCLUDE,0.9,5,P1830,owner of
row186,Q160236|Q19832938,Q160236,Metropolitan Museum of Art,Q19832938,hôtel Dodun,0,0,EXCLUDE,0.9,5,P1830,owner of
row194,Q160236|Q106727050,Q160236,Metropolitan Museum of Art,Q106727050,Metropolitan Museum of Art Tagging Vocabulary,1,0,EXCLUDE,0.75,3,P1343,described by source
row207,Q160236|Q3837491,Q160236,Metropolitan Museum of Art,Q3837491,Jacob Wrestling with the Angel,0,0,EXCLUDE,0.75,5,P1830,owner of
row211,Q160236|Q100708933,Q160236,Metropolitan Museum of Art,Q100708933,Martin Fabiani,1,1,INCLUDE,0.9,4,P3342,significant person
row213,Q160236|Q17603041,Q160236,Metropolitan Museum of Art,Q17603041,Marthe Hoschedé,0,1,INCLUDE,0.7,3,P40,child
row225,Q160236|Q935182,Q160236,Metropolitan Museum of Art,Q935182,Lucien Louis Joseph Napoleon Bonaparte,0,0,EXCLUDE,0.95,4,P40,child
row227,Q160236|Q17519173,Q160236,Metropolitan Museum of Art,Q17519173,L'Arlésienne,0,1,INCLUDE,0.95,5,P1830,owner of
row229,Q160236|Q4896868,Q160236,Metropolitan Museum of Art,Q4896868,La belle Angèle,0,1,INCLUDE,0.95,5,P1830,owner of
row233,Q160236|Q20177080,Q160236,Metropolitan Museum of Art,Q20177080,Lady with a Fan,0,1,INCLUDE,0.95,5,P1830,owner of
row235,Q160236|Q3220784,Q160236,Metropolitan Museum of Art,Q3220784,Le Canal Saint-Martin,0,1,INCLUDE,0.95,5,P1830,owner of
row243,Q160236|Q19098835,Q160236,Metropolitan Museum of Art,Q19098835,Library of the World's Best Literature,0,0,NOT_VISITED,,3,P1343,described by source
row250,Q160236|Q3189169,Q160236,Metropolitan Museum of Art,Q3189169,Julie Bonaparte,0,0,EXCLUDE,0.95,4,P40,child
row252,Q160236|Q275336,Q160236,Metropolitan Museum of Art,Q275336,"John Stuart, 1st Marquess of Bute",0,0,EXCLUDE,0.9,5,P22,father
row264,Q160236|Q11774156,Q160236,Metropolitan Museum of Art,Q11774156,memoirist,0,0,EXCLUDE,0.85,4,P106,occupation
row265,Q160236|Q95948198,Q160236,Metropolitan Museum of Art,Q95948198,Meyers Conversations-Lexicon,0,0,EXCLUDE,0.85,5,P1343,described by source
row268,Q160236|Q17010072,Q160236,Metropolitan Museum of Art,Q17010072,militant,0,0,EXCLUDE,0.95,5,P106,occupation
row287,Q160236|Q327240,Q160236,Metropolitan Museum of Art,Q327240,Norton Simon,1,1,INCLUDE,0.9,5,P3342,significant person
row289,Q160236|Q191808,Q160236,Metropolitan Museum of Art,Q191808,nun,0,0,EXCLUDE,0.95,4,P106,occupation
row290,Q160236|Q3346473,Q160236,Metropolitan Museum of Art,Q3346473,Nureyev,0,0,EXCLUDE,0.95,5,P22,father
row291,Q160236|Q27979252,Q160236,Metropolitan Museum of Art,Q27979252,Nymph and Hunter,0,1,INCLUDE,0.75,5,P1830,owner of
row301,Q160236|Q67311526,Q160236,Metropolitan Museum of Art,Q67311526,Obalky knih.cz,0,0,EXCLUDE,0.95,3,P1343,described by source
row304,Q160236|Q1225716,Q160236,Metropolitan Museum of Art,Q1225716,ornithologist,0,0,EXCLUDE,0.95,4,P106,occupation
row324,Q160236|Q4532138,Q160236,Metropolitan Museum of Art,Q4532138,Granat Encyclopedic Dictionary,0,0,NOT_VISITED,,3,P1343,described by source
row330,Q160236|Q104520680,Q160236,Metropolitan Museum of Art,Q104520680,Göring's man in Paris : the story of a Nazi art plunderer and his world,1,1,INCLUDE,0.95,5,P1343,described by source
row331,Q160236|Q1528420,Q160236,Metropolitan Museum of Art,Q1528420,Giuseppe Maria Buonaparte,0,0,EXCLUDE,0.95,4,P22,father
row332,Q160236|Q2041543,Q160236,Metropolitan Museum of Art,Q2041543,Ottův slovník naučný,0,0,NOT_VISITED,,3,P1343,described by source
row337,Q160236|Q178513,Q160236,Metropolitan Museum of Art,Q178513,Paris Bourse,0,0,EXCLUDE,0.95,5,P1830,owner of
row341,Q160236|Q1138524,Q160236,Metropolitan Museum of Art,Q1138524,Paulys Realenzyklopädie der klassischen Altertumswissenschaft,0,0,NOT_VISITED,,4,P1343,described by source
row345,Q160236|Q105186,Q160236,Metropolitan Museum of Art,Q105186,pharmacist,0,0,EXCLUDE,0.95,5,P106,occupation
row364,Q160236|Q21032589,Q160236,Metropolitan Museum of Art,Q21032589,Encyclopedia of Modern Christian Politics (2006 ed.),0,0,NOT_VISITED,,5,P1343,described by source
row369,Q160236|Q455,Q160236,Metropolitan Museum of Art,Q455,Encyclopædia Britannica,0,0,EXCLUDE,0.95,4,P1343,described by source
row371,Q160236|Q42603,Q160236,Metropolitan Museum of Art,Q42603,priest,0,0,NOT_VISITED,,4,P106,occupation
row372,Q160236|Q42857,Q160236,Metropolitan Museum of Art,Q42857,prophet,0,0,EXCLUDE,0.95,4,P106,occupation
row374,Q160236|Q3411287,Q160236,Metropolitan Museum of Art,Q3411287,pyramid of bois de Vincennes,0,0,EXCLUDE,0.95,5,P1830,owner of
row381,Q160236|Q2251335,Q160236,Metropolitan Museum of Art,Q2251335,schoolteacher,0,0,EXCLUDE,0.9,4,P106,occupation
row383,Q160236|Q177220,Q160236,Metropolitan Museum of Art,Q177220,singer,0,0,EXCLUDE,0.9,3,P106,occupation
row387,Q160236|Q1210353,Q160236,Metropolitan Museum of Art,Q1210353,Dictionnaire Infernal,0,0,NOT_VISITED,,5,P1343,described by source
row388,Q160236|Q105802405,Q160236,Metropolitan Museum of Art,Q105802405,Dictionary of Women Worldwide,0,0,EXCLUDE,0.85,4,P1343,described by source
row390,Q160236|Q379406,Q160236,Metropolitan Museum of Art,Q379406,Dictionary of Swedish National Biography,0,0,EXCLUDE,0.9,5,P1343,described by source
row392,Q160236|Q16014697,Q160236,Metropolitan Museum of Art,Q16014697,"Dictionary of National Biography, second supplement",0,0,EXCLUDE,0.7,4,P1343,described by source
row394,Q160236|Q16014700,Q160236,Metropolitan Museum of Art,Q16014700,"Dictionary of National Biography, first supplement",0,0,EXCLUDE,0.95,4,P1343,described by source
row395,Q160236|Q15987216,Q160236,Metropolitan Museum of Art,Q15987216,"Dictionary of National Biography, 1885–1900",0,0,EXCLUDE,0.85,3,P1343,described by source
row397,Q160236|Q63284758,Q160236,Metropolitan Museum of Art,Q63284758,Desktop Encyclopedic Dictionary,0,0,EXCLUDE,0.95,3,P1343,described by source
row403,Q160236|Q3451370,Q160236,Metropolitan Museum of Art,Q3451370,Square in Argenteuil,0,1,INCLUDE,0.95,5,P1830,owner of
row408,Q160236|Q3873319,Q160236,Metropolitan Museum of Art,Q3873319,Still life,0,1,INCLUDE,0.75,5,P1830,owner of
row411,Q160236|Q4239850,Q160236,Metropolitan Museum of Art,Q4239850,Concise Literary Encyclopedia,0,0,EXCLUDE,0.95,5,P1343,described by source
row427,Q160236|Q1766280,Q160236,Metropolitan Museum of Art,Q1766280,Svensk uppslagsbok,0,0,EXCLUDE,0.9,4,P1343,described by source
row436,Q160236|Q50395049,Q160236,Metropolitan Museum of Art,Q50395049,Svenskt kvinnobiografiskt lexikon,0,0,EXCLUDE,0.85,5,P1343,described by source
row440,Q160236|Q1039808,Q160236,Metropolitan Museum of Art,Q1039808,Carl Montag,1,1,INCLUDE,0.8,5,P3342,significant person
row457,Q160236|Q602358,Q160236,Metropolitan Museum of Art,Q602358,Brockhaus and Efron Encyclopedic Dictionary,0,0,NOT_VISITED,,3,P1343,described by source
row469,Q160236|Q665807,Q160236,Metropolitan Museum of Art,Q665807,Biographisches Lexikon des Kaiserthums Oesterreich,0,0,NOT_VISITED,,3,P1343,described by source
row476,Q160236|Q3639582,Q160236,Metropolitan Museum of Art,Q3639582,Biblioteca Europea di Informazione e Cultura,0,0,NOT_VISITED,,4,P127,owned by
row478,Q160236|Q4086271,Q160236,Metropolitan Museum of Art,Q4086271,Bible Encyclopedia of Archimandrite Nicephorus,0,0,EXCLUDE,0.95,3,P1343,described by source
row480,Q160236|Q7044697,Q160236,Metropolitan Museum of Art,Q7044697,"Betty de Rothschild, Baronne James de Rothschild",1,1,INCLUDE,0.8,5,P26,spouse
row486,Q160236|Q1524643,Q160236,Metropolitan Museum of Art,Q1524643,Belleville funicular tramway,0,0,EXCLUDE,0.95,5,P1830,owner of
row489,Q160236|Q18891157,Q160236,Metropolitan Museum of Art,Q18891157,The Scream,1,1,INCLUDE,0.95,5,P1830,owner of
row490,Q160236|Q117474,Q160236,Metropolitan Museum of Art,Q117474,Arthur Stoll,1,1,INCLUDE,0.7,4,P127,owned by
row491,Q160236|Q4799609,Q160236,Metropolitan Museum of Art,Q4799609,Arthur M. Sackler,1,1,INCLUDE,0.9,5,P3342,significant person
row494,Q160236|Q1630100,Q160236,Metropolitan Museum of Art,Q1630100,art model,0,0,EXCLUDE,0.7,4,P106,occupation
row497,Q160236|Q220859,Q160236,Metropolitan Museum of Art,Q220859,Arnolfini Portrait,0,1,INCLUDE,0.7,5,P1830,owner of
row499,Q160236|Q28790437,Q160236,Metropolitan Museum of Art,Q28790437,Armor of Emperor Ferdinand I,0,1,INCLUDE,0.95,1,P1830,owner of
row504,Q160236|Q2478141,Q160236,Metropolitan Museum of Art,Q2478141,aristocrat,0,0,EXCLUDE,0.95,3,P106,occupation
row509,Q160236|Q64436,Q160236,Metropolitan Museum of Art,Q64436,Arc de Triomphe,0,0,EXCLUDE,0.95,5,P1830,owner of
row511,Q160236|Q12912667,Q160236,Metropolitan Museum of Art,Q12912667,Appletons' Cyclopædia of American Biography,0,0,EXCLUDE,0.9,3,P1343,described by source
row515,Q160236|Q15709188,Q160236,Metropolitan Museum of Art,Q15709188,View of Volterra,0,1,INCLUDE,0.95,5,P1830,owner of
row516,Q160236|Q15709185,Q160236,Metropolitan Museum of Art,Q15709185,View of Volterra,0,1,INCLUDE,0.95,5,P1830,owner of
row520,Q160236|Q2837972,Q160236,Metropolitan Museum of Art,Q2837972,Allez France,0,0,EXCLUDE,0.95,4,P1830,owner of
row523,Q160236|Q42601013,Q160236,Metropolitan Museum of Art,Q42601013,ALIU Detailed Interrogation Report (DIR) No. 6 Bruno Lohse August 1945,1,1,INCLUDE,1.0,5,P1343,described by source
row526,Q160236|Q19794158,Q160236,Metropolitan Museum of Art,Q19794158,WikiProject Open Access,0,0,EXCLUDE,0.95,3,P5008,on focus list of Wikimedia project
row533,Q160236|Q537720,Q160236,Metropolitan Museum of Art,Q537720,Accor Arena,0,0,EXCLUDE,0.95,5,P1830,owner of
row537,Q160236|Q98970039,Q160236,Metropolitan Museum of Art,Q98970039,WikiProject PCC Wikidata Pilot/University of Washington,0,0,NOT_VISITED,,4,P5008,on focus list of Wikimedia project
row541,Q160236|Q26772533,Q160236,Metropolitan Museum of Art,Q26772533,Young Woman in blue Gown with Feather,0,1,INCLUDE,0.75,5,P1830,owner of
row549,Q160236|Q107750647,Q160236,Metropolitan Museum of Art,Q107750647,Zürcher Kunstgesellschaft,1,1,INCLUDE,0.9,5,P127,owned by
row550,Q160236|Q56816048,Q160236,Metropolitan Museum of Art,Q56816048,Zur Übernahme des Auktionshauses Paul Graupe durch Hans W. Lange,1,1,INCLUDE,0.85,5,P1343,described by source
row551,Q160236|Q350979,Q160236,Metropolitan Museum of Art,Q350979,zoologist,0,0,EXCLUDE,0.95,4,P106,occupation
row555,Q160236|Q4091878,Q160236,Metropolitan Museum of Art,Q4091878,Yuzhakov Big Encyclopedia,0,0,NOT_VISITED,,4,P1343,described by source
row557,Q160236|Q26718316,Q160236,Metropolitan Museum of Art,Q26718316,Young Woman in Green Dress,0,1,INCLUDE,0.95,5,P1830,owner of
row558,Q160236|Q113262,Q160236,Metropolitan Museum of Art,Q113262,Young man in Mayo costume,0,1,INCLUDE,0.95,1,P1830,owner of
row561,Q160236|Q1568434,Q160236,Metropolitan Museum of Art,Q1568434,Yale University Art Gallery,1,1,INCLUDE,0.95,5,P127,owned by
row563,Q160236|Q1437754,Q160236,Metropolitan Museum of Art,Q1437754,xylographer,0,1,INCLUDE,0.7,5,P106,occupation
row564,Q160236|Q926842,Q160236,Metropolitan Museum of Art,Q926842,Xiuhcoatl,0,0,EXCLUDE,0.85,2,P921,main subject
row566,Q160236|Q36180,Q160236,Metropolitan Museum of Art,Q36180,writer,0,0,NOT_VISITED,,3,P106,occupation
row572,Q160236|Q28692502,Q160236,Metropolitan Museum of Art,Q28692502,women's rights activist,0,0,EXCLUDE,0.9,3,P106,occupation
row575,Q160236|Q8030760,Q160236,Metropolitan Museum of Art,Q8030760,Woman with a Parrot,0,1,INCLUDE,0.95,1,P1830,owner of
row578,Q160236|Q20080422,Q160236,Metropolitan Museum of Art,Q20080422,Woman with a glass of wine and a child in a garden,1,1,INCLUDE,0.9,5,P1830,owner of
row583,Q160236|Q20539215,Q160236,Metropolitan Museum of Art,Q20539215,Woman Sewing before a Garden Window,1,1,INCLUDE,0.95,3,P1830,owner of
row588,Q160236|Q60469188,Q160236,Metropolitan Museum of Art,Q60469188,Woman Reading,1,1,INCLUDE,0.9,3,P1830,owner of
row591,Q160236|Q22965268,Q160236,Metropolitan Museum of Art,Q22965268,Woman Playing a Guitar,1,1,INCLUDE,0.95,3,P1830,owner of
row601,Q160236|Q61214,Q160236,Metropolitan Museum of Art,Q61214,"Wolfgang William, Count Palatine of Neuburg",0,1,INCLUDE,0.85,2,P127,owned by
row602,Q160236|Q75770,Q160236,Metropolitan Museum of Art,Q75770,Count Palatine Wolfgang George Frederick of Neuburg,0,0,EXCLUDE,0.95,3,P40,child
row605,Q160236|Q100740509,Q160236,Metropolitan Museum of Art,Q100740509,Wodehouse family,0,1,INCLUDE,0.7,2,P127,owned by
row606,Q160236|Q54054,Q160236,Metropolitan Museum of Art,Q54054,Władysław IV Vasa,0,0,EXCLUDE,0.95,5,P40,child
row607,Q160236|Q8026087,Q160236,Metropolitan Museum of Art,Q8026087,Winston Frederick Churchill Guest,0,0,EXCLUDE,0.9,5,P40,child
row608,Q160236|Q8016,Q160236,Metropolitan Museum of Art,Q8016,Winston Churchill,0,0,EXCLUDE,0.95,4,P40,child
row610,Q160236|Q20735394,Q160236,Metropolitan Museum of Art,Q20735394,Wineglass and a Bowl of Fruit,1,1,INCLUDE,0.95,5,P1830,owner of
row611,Q160236|Q16197448,Q160236,Metropolitan Museum of Art,Q16197448,William Williams-Hope,0,1,INCLUDE,0.9,2,P127,owned by
row612,Q160236|Q1274863,Q160236,Metropolitan Museum of Art,Q1274863,William Burrell,1,1,INCLUDE,0.9,5,P127,owned by
row615,Q160236|Q61294807,Q160236,Metropolitan Museum of Art,Q61294807,William Buchanan,0,1,INCLUDE,0.75,4,P127,owned by
row617,Q160236|Q3049525,Q160236,Metropolitan Museum of Art,Q3049525,William Bonaparte-Wyse,0,0,EXCLUDE,0.95,4,P40,child
row623,Q160236|Q150652,Q160236,Metropolitan Museum of Art,Q150652,Wilhelm I of Germany,0,0,NOT_VISITED,,5,P40,child
row627,Q160236|Q3568152,Q160236,Metropolitan Museum of Art,Q3568152,Wildenstein Institute,1,1,INCLUDE,0.9,4,P1830,owner of
row633,Q160236|Q10288082,Q160236,Metropolitan Museum of Art,Q10288082,Wildenstein & Company,1,1,INCLUDE,0.95,2,P127,owned by
row643,Q160236|Q105936481,Q160236,Metropolitan Museum of Art,Q105936481,WikiProject PCC Wikidata Pilot/Harry Ransom Center,0,0,EXCLUDE,0.9,5,P5008,on focus list of Wikimedia project
row651,Q160236|Q104694359,Q160236,Metropolitan Museum of Art,Q104694359,WikiProject PCC Wikidata Pilot/Frick Art Reference Library,0,0,EXCLUDE,0.95,3,P5008,on focus list of Wikimedia project
row654,Q160236|Q105757729,Q160236,Metropolitan Museum of Art,Q105757729,WikiProject PCC Wikidata Pilot — Smithsonian Libraries — Artists Files,0,0,EXCLUDE,0.75,3,P5008,on focus list of Wikimedia project
row659,Q160236|Q100137722,Q160236,Metropolitan Museum of Art,Q100137722,Wikiproject Nuremberg Trials,1,0,EXCLUDE,0.65,5,P5008,on focus list of Wikimedia project
row662,Q160236|Q15092984,Q160236,Metropolitan Museum of Art,Q15092984,WikiProject about LGBT-related content,0,0,EXCLUDE,0.95,5,P5008,on focus list of Wikimedia project
row667,Q160236|Q110249806,Q160236,Metropolitan Museum of Art,Q110249806,WikiProject Craft,0,0,EXCLUDE,0.75,3,P5008,on focus list of Wikimedia project
row670,Q160236|Q109691972,Q160236,Metropolitan Museum of Art,Q109691972,WikiProject Applied arts/Drinking vessels,0,0,EXCLUDE,0.9,2,P5008,on focus list of Wikimedia project
row671,Q160236|Q99484628,Q160236,Metropolitan Museum of Art,Q99484628,"WikiProject Alba amicorum of the KB, national library of the Netherlands",0,0,EXCLUDE,0.95,3,P5008,on focus list of Wikimedia project
row672,Q160236|Q106447762,Q160236,Metropolitan Museum of Art,Q106447762,"Wikidata:Gruppo Wikidata per Musei, Archivi e Biblioteche/Riviste italiane di biblioteconomia",0,0,NOT_VISITED,,4,P5008,on focus list of Wikimedia project
row673,Q160236|Q97285685,Q160236,Metropolitan Museum of Art,Q97285685,Wiki99/LGBT+,0,0,EXCLUDE,0.95,5,P5008,on focus list of Wikimedia project
row679,Q160236|Q26221228,Q160236,Metropolitan Museum of Art,Q26221228,Wheat Fields after the Rain,1,1,INCLUDE,0.95,3,P1830,owner of
row681,Q160236|Q66717484,Q160236,Metropolitan Museum of Art,Q66717484,Werner H. Kramarsky,1,1,INCLUDE,0.75,5,P40,child
row682,Q160236|Q78749849,Q160236,Metropolitan Museum of Art,Q78749849,Weislingen Captured by Götz’s Men,1,1,INCLUDE,0.95,5,P1830,owner of
row683,Q160236|Q300849,Q160236,Metropolitan Museum of Art,Q300849,Weilbachs Kunstnerleksikon,0,0,EXCLUDE,0.75,3,P1343,described by source
row692,Q160236|Q11075015,Q160236,Metropolitan Museum of Art,Q11075015,war criminal,0,1,INCLUDE,0.9,5,P106,occupation
row694,Q160236|Q164236,Q160236,Metropolitan Museum of Art,Q164236,war correspondent,0,0,EXCLUDE,0.95,4,P106,occupation
row698,Q160236|Q18602666,Q160236,Metropolitan Museum of Art,Q18602666,Walter Hofer,1,1,INCLUDE,0.9,4,P127,owned by
row707,Q160236|Q2544162,Q160236,Metropolitan Museum of Art,Q2544162,Walter Feilchenfeldt,1,1,INCLUDE,0.95,2,P127,owned by
row709,Q160236|Q7964251,Q160236,Metropolitan Museum of Art,Q7964251,Walter Bareiss,1,1,INCLUDE,0.7,5,P3342,significant person
row710,Q160236|Q1750541,Q160236,Metropolitan Museum of Art,Q1750541,Walter Annenberg,1,1,INCLUDE,0.95,2,P127,owned by
row711,Q160236|Q7963124,Q160236,Metropolitan Museum of Art,Q7963124,Wallis Annenberg,1,1,INCLUDE,0.75,3,P40,child
row716,Q160236|Q944225,Q160236,Metropolitan Museum of Art,Q944225,Waddesdon Manor,0,1,INCLUDE,0.9,5,P1830,owner of
row718,Q160236|Q152564,Q160236,Metropolitan Museum of Art,Q152564,Völkischer Beobachter,0,0,EXCLUDE,0.75,5,P1830,owner of
row720,Q160236|Q28854014,Q160236,Metropolitan Museum of Art,Q28854014,Vladimir Velho,0,0,EXCLUDE,0.95,5,P40,child
row721,Q160236|Q16699463,Q160236,Metropolitan Museum of Art,Q16699463,Vladimir Solomirski,0,0,EXCLUDE,0.9,3,P40,child
row722,Q160236|Q16977139,Q160236,Metropolitan Museum of Art,Q16977139,Vladimir Sheremetev,0,0,NOT_VISITED,,5,P26,spouse
row723,Q160236|Q700060,Q160236,Metropolitan Museum of Art,Q700060,Vladimir Paley,0,0,NOT_VISITED,,5,P40,child
row724,Q160236|Q76314389,Q160236,Metropolitan Museum of Art,Q76314389,Vivien Catherine Evelyn Ridley,0,0,EXCLUDE,0.9,5,P40,child
row726,Q160236|Q2528876,Q160236,Metropolitan Museum of Art,Q2528876,Vittorio Cini,0,1,INCLUDE,0.9,5,P127,owned by
row730,Q160236|Q3391743,Q160236,Metropolitan Museum of Art,Q3391743,visual artist,0,0,EXCLUDE,0.9,5,P106,occupation
row732,Q160236|Q27982855,Q160236,Metropolitan Museum of Art,Q27982855,Visitation,1,0,EXCLUDE,0.8,5,P1830,owner of
row736,Q160236|Q75385956,Q160236,Metropolitan Museum of Art,Q75385956,Violet Spencer-Churchill,0,0,EXCLUDE,0.95,5,P40,child
row737,Q160236|Q18704648,Q160236,Metropolitan Museum of Art,Q18704648,Violet Pure Pitman,0,1,INCLUDE,0.55,4,P127,owned by
row738,Q160236|Q18704645,Q160236,Metropolitan Museum of Art,Q18704645,Violet Ormond,0,1,INCLUDE,0.6,4,P127,owned by
row740,Q160236|Q7933233,Q160236,Metropolitan Museum of Art,Q7933233,"Violet Cripps, Baroness Parmoor",0,0,EXCLUDE,0.6,5,P26,spouse
row741,Q160236|Q76328870,Q160236,Metropolitan Museum of Art,Q76328870,Violente Theresia Gräfin von Thurn und Taxis,0,0,NOT_VISITED,,4,P26,spouse
row745,Q160236|Q2185351,Q160236,Metropolitan Museum of Art,Q2185351,Vincent Willem van Gogh,0,1,INCLUDE,0.85,5,P40,child
row749,Q160236|Q102413149,Q160236,Metropolitan Museum of Art,Q102413149,Vincent van Gogh (Uncle Cent),0,0,NOT_VISITED,,5,P40,child
row756,Q160236|Q5582,Q160236,Metropolitan Museum of Art,Q5582,Vincent van Gogh,1,1,INCLUDE,0.95,2,P127,owned by
row757,Q160236|Q1960369,Q160236,Metropolitan Museum of Art,Q1960369,Vincent van Gogh,1,0,EXCLUDE,0.95,4,P22,father
row764,Q160236|Q75534054,Q160236,Metropolitan Museum of Art,Q75534054,unnamed son Pratt,0,0,EXCLUDE,0.95,5,P40,child
row765,Q160236|Q75580493,Q160236,Metropolitan Museum of Art,Q75580493,unnamed son Bonaparte,0,0,EXCLUDE,0.9,3,P40,child
row766,Q160236|Q75391592,Q160236,Metropolitan Museum of Art,Q75391592,unnamed daughter Romanov,0,0,EXCLUDE,0.9,3,P40,child
row767,Q160236|Q75585274,Q160236,Metropolitan Museum of Art,Q75585274,unnamed daughter Bonaparte,0,0,EXCLUDE,0.95,4,P40,child
row768,Q160236|Q75385520,Q160236,Metropolitan Museum of Art,Q75385520,unnamed child Romanov,0,0,EXCLUDE,0.9,4,P40,child
row769,Q160236|Q76328875,Q160236,Metropolitan Museum of Art,Q76328875,unknown von der Pfalz,0,0,NOT_VISITED,,4,P40,child
row770,Q160236|Q75883813,Q160236,Metropolitan Museum of Art,Q75883813,unknown son Petty-FitzMaurice,0,0,EXCLUDE,0.95,5,P40,child
row771,Q160236|Q76099630,Q160236,Metropolitan Museum of Art,Q76099630,unknown son Grosvenor,0,0,EXCLUDE,0.9,5,P40,child
row772,Q160236|Q76099629,Q160236,Metropolitan Museum of Art,Q76099629,unknown son Grosvenor,0,0,EXCLUDE,0.9,5,P40,child
row773,Q160236|Q75953496,Q160236,Metropolitan Museum of Art,Q75953496,unknown daughter Grenfell,0,0,EXCLUDE,0.95,5,P40,child
row774,Q160236|Q75317885,Q160236,Metropolitan Museum of Art,Q75317885,unknown daughter d'Orléans,0,0,NOT_VISITED,,5,P40,child
row775,Q160236|Q75474000,Q160236,Metropolitan Museum of Art,Q75474000,unknown daughter d'Orléans,0,0,EXCLUDE,0.9,5,P40,child
row776,Q160236|Q75295047,Q160236,Metropolitan Museum of Art,Q75295047,unknown daughter d'Orléans,0,0,NOT_VISITED,,5,P40,child
row782,Q160236|Q1622272,Q160236,Metropolitan Museum of Art,Q1622272,university teacher,0,0,EXCLUDE,0.9,3,P106,occupation
row786,Q160236|Q14213,Q160236,Metropolitan Museum of Art,Q14213,United States Secretary of State,0,0,NOT_VISITED,,4,P106,occupation
row787,Q160236|Q1145552,Q160236,Metropolitan Museum of Art,Q1145552,UbuWeb,0,0,EXCLUDE,0.7,5,P1343,described by source
row788,Q160236|Q354034,Q160236,Metropolitan Museum of Art,Q354034,type designer,0,1,INCLUDE,0.55,5,P106,occupation
row791,Q160236|Q20010400,Q160236,Metropolitan Museum of Art,Q20010400,"Two women and a child,  'A Mother's Care'",0,1,INCLUDE,0.95,5,P1830,owner of
row792,Q160236|Q17265543,Q160236,Metropolitan Museum of Art,Q17265543,Two Riders on the Beach to the left,1,1,INCLUDE,0.95,5,P1830,owner of
row803,Q160236|Q26221201,Q160236,Metropolitan Museum of Art,Q26221201,Two Diggers among Trees,1,1,INCLUDE,0.9,5,P1830,owner of
row809,Q160236|Q27568006,Q160236,Metropolitan Museum of Art,Q27568006,Triptych: Holy Family with Saints Catherine and Barbara,1,1,INCLUDE,0.9,5,P1830,owner of
row812,Q160236|Q333634,Q160236,Metropolitan Museum of Art,Q333634,translator,0,0,EXCLUDE,0.9,4,P106,occupation
row814,Q160236|Q98755339,Q160236,Metropolitan Museum of Art,Q98755339,TP updated between September 2019 and August 2020,0,0,EXCLUDE,0.95,3,P5008,on focus list of Wikimedia project
row815,Q160236|Q41213,Q160236,Metropolitan Museum of Art,Q41213,Tower of Babel,0,0,EXCLUDE,0.95,4,P921,main subject
row816,Q160236|Q69997425,Q160236,Metropolitan Museum of Art,Q69997425,Tower of Babel,0,0,NOT_VISITED,,5,P921,main subject
row817,Q160236|Q88817706,Q160236,Metropolitan Museum of Art,Q88817706,Tout l'œuvre peint de Courbet,0,1,INCLUDE,0.75,3,P1343,described by source
row829,Q160236|Q1321055,Q160236,Metropolitan Museum of Art,Q1321055,Tilla Durieux,1,1,INCLUDE,0.95,1,P1830,owner of
row830,Q160236|Q78793,Q160236,Metropolitan Museum of Art,Q78793,Tilla Durieux,1,1,INCLUDE,0.7,2,P127,owned by
row838,Q160236|Q17021787,Q160236,Metropolitan Museum of Art,Q17021787,Thomas Agnew & Sons,1,1,INCLUDE,0.95,2,P127,owned by
row839,Q160236|Q75391596,Q160236,Metropolitan Museum of Art,Q75391596,third unnamed daughter Romanov,0,0,EXCLUDE,0.95,3,P40,child
row846,Q160236|Q56555894,Q160236,Metropolitan Museum of Art,Q56555894,Theodore Schempp,1,1,INCLUDE,0.85,3,P3342,significant person
row850,Q160236|Q19429021,Q160236,Metropolitan Museum of Art,Q19429021,Theodor Fischer,1,1,INCLUDE,0.9,5,P3342,significant person
row857,Q160236|Q317188,Q160236,Metropolitan Museum of Art,Q317188,Theo Van Gogh,0,1,INCLUDE,0.9,4,P127,owned by
row863,Q160236|Q39013,Q160236,Metropolitan Museum of Art,Q39013,The Woman in the Waves,0,1,INCLUDE,0.95,1,P1830,owner of
row868,Q160236|Q20267585,Q160236,Metropolitan Museum of Art,Q20267585,The Rape of Europa,0,1,INCLUDE,0.95,3,P1830,owner of
row869,Q160236|Q20268530,Q160236,Metropolitan Museum of Art,Q20268530,The Rape of Europa,0,1,INCLUDE,0.95,3,P1830,owner of
row875,Q160236|Q1810348,Q160236,Metropolitan Museum of Art,Q1810348,The Quai Malaquais and the Institute,1,1,INCLUDE,0.95,3,P1830,owner of
row876,Q160236|Q1976985,Q160236,Metropolitan Museum of Art,Q1976985,The Nelson-Atkins Museum of Art,1,1,INCLUDE,1.0,4,P127,owned by
row877,Q160236|Q29167435,Q160236,Metropolitan Museum of Art,Q29167435,The Metropolitan Museum of Art Guide (2012 edition),0,1,INCLUDE,0.65,2,P1343,described by source
row880,Q160236|Q55647114,Q160236,Metropolitan Museum of Art,Q55647114,The Lute Player,0,1,INCLUDE,0.8,4,P1830,owner of
row885,Q160236|Q21479251,Q160236,Metropolitan Museum of Art,Q21479251,The Lock at Pontoise,1,1,INCLUDE,0.95,3,P1830,owner of
row888,Q160236|Q776175,Q160236,Metropolitan Museum of Art,Q776175,The Harvesters,0,1,INCLUDE,0.95,1,P1830,owner of
row890,Q160236|Q30034332,Q160236,Metropolitan Museum of Art,Q30034332,The H. O. Havemeyer Collection,0,1,INCLUDE,0.95,3,P1830,owner of
row892,Q160236|Q64212048,Q160236,Metropolitan Museum of Art,Q64212048,The Glade,1,1,INCLUDE,0.8,5,P1830,owner of
row893,Q160236|Q19905131,Q160236,Metropolitan Museum of Art,Q19905131,The Four Trees,0,0,EXCLUDE,0.95,3,P1830,owner of
row894,Q160236|Q79896273,Q160236,Metropolitan Museum of Art,Q79896273,The Fall of Man,1,0,NOT_VISITED,,3,P1830,owner of
row910,Q160236|Q28035859,Q160236,Metropolitan Museum of Art,Q28035859,Still Life with Mangoes and a Hibiscus Flower,1,1,INCLUDE,0.95,5,P1830,owner of
row912,Q160236|Q109870350,Q160236,Metropolitan Museum of Art,Q109870350,Spoliation reports from UK museums,1,1,INCLUDE,0.95,5,P1343,described by source
row914,Q160236|Q7560690,Q160236,Metropolitan Museum of Art,Q7560690,Son of Man in Judaism,0,0,NOT_VISITED,,5,P921,main subject
row915,Q160236|Q7560691,Q160236,Metropolitan Museum of Art,Q7560691,Son of man in Christianity,0,0,NOT_VISITED,,5,P921,main subject
row921,Q160236|Q75391593,Q160236,Metropolitan Museum of Art,Q75391593,second unnamed daughter Romanov,0,0,EXCLUDE,0.95,3,P40,child
row923,Q160236|Q62274663,Q160236,Metropolitan Museum of Art,Q62274663,Samuel H. Kress Collection of the National Gallery of Art,1,1,INCLUDE,0.95,5,P1830,owner of
row929,Q160236|Q1760539,Q160236,Metropolitan Museum of Art,Q1760539,Saint Louis Art Museum,1,1,INCLUDE,0.95,5,P127,owned by
row932,Q160236|Q35134777,Q160236,Metropolitan Museum of Art,Q35134777,Rudolf J. Heinemann,1,1,INCLUDE,1.0,4,P127,owned by
row933,Q160236|Q67380808,Q160236,Metropolitan Museum of Art,Q67380808,Rosenberg and Stiebel,1,1,INCLUDE,0.9,4,P127,owned by
row940,Q160236|Q104917373,Q160236,Metropolitan Museum of Art,Q104917373,Romantic Painting with Ruins,1,1,INCLUDE,0.95,5,P1830,owner of
row941,Q160236|Q2504617,Q160236,Metropolitan Museum of Art,Q2504617,romanist,0,0,EXCLUDE,0.95,4,P106,occupation
row943,Q160236|Q55656666,Q160236,Metropolitan Museum of Art,Q55656666,"Roman period shears from Trabzon, MET 39.2.2",1,1,INCLUDE,0.9,1,P1830,owner of
row945,Q160236|Q22101864,Q160236,Metropolitan Museum of Art,Q22101864,Robin Lehman,1,1,INCLUDE,0.9,3,P40,child
row947,Q160236|Q3435730,Q160236,Metropolitan Museum of Art,Q3435730,Robert Lehman,1,1,INCLUDE,0.95,2,P127,owned by
row951,Q160236|Q27680201,Q160236,Metropolitan Museum of Art,Q27680201,Riemann's Music Dictionary (1901–1904),0,0,EXCLUDE,0.95,3,P1343,described by source
row962,Q160236|Q673751,Q160236,Metropolitan Museum of Art,Q673751,Reichsleiter Rosenberg Taskforce,1,1,INCLUDE,0.95,4,P127,owned by
row967,Q160236|Q20074801,Q160236,Metropolitan Museum of Art,Q20074801,Raising the Young Man of Nain,0,1,INCLUDE,0.95,5,P1830,owner of
row968,Q160236|Q57666,Q160236,Metropolitan Museum of Art,Q57666,Queen Marie of Romania,0,0,NOT_VISITED,,5,P40,child
row975,Q160236|Q18760265,Q160236,Metropolitan Museum of Art,Q18760265,Portrait of Herman Doomer,0,1,INCLUDE,0.95,3,P1830,owner of
row979,Q160236|Q19905326,Q160236,Metropolitan Museum of Art,Q19905326,Portrait of an Old Woman,0,0,EXCLUDE,0.95,3,P1830,owner of
row981,Q160236|Q17987246,Q160236,Metropolitan Museum of Art,Q17987246,"Portrait of an Elderly Man, traditionally called Heer Bodolphe",1,1,INCLUDE,0.8,3,P1830,owner of
row982,Q160236|Q20168379,Q160236,Metropolitan Museum of Art,Q20168379,Portrait of a Young Woman,0,0,EXCLUDE,0.95,3,P1830,owner of
row983,Q160236|Q3937730,Q160236,Metropolitan Museum of Art,Q3937730,Portrait of a Young Man with a Book,0,0,EXCLUDE,0.95,3,P1830,owner of
row986,Q160236|Q3937681,Q160236,Metropolitan Museum of Art,Q3937681,Portrait of a Woman with a Man at a Casement,0,1,INCLUDE,0.95,1,P1830,owner of
row991,Q160236|Q60514834,Q160236,Metropolitan Museum of Art,Q60514834,Portrait of a Woman as Diana,1,1,INCLUDE,0.9,3,P1830,owner of
row993,Q160236|Q20167179,Q160236,Metropolitan Museum of Art,Q20167179,"Portrait of a Woman, probably a Member of the Van Beresteyn Family",0,0,EXCLUDE,0.95,3,P1830,owner of
row994,Q160236|Q19913201,Q160236,Metropolitan Museum of Art,Q19913201,"Portrait of a Woman, Called Héloïse Abélard",0,0,EXCLUDE,0.95,3,P1830,owner of
row995,Q160236|Q19912383,Q160236,Metropolitan Museum of Art,Q19912383,Portrait of a Woman,0,0,EXCLUDE,0.95,3,P1830,owner of
row1004,Q160236|Q11822840,Q160236,Metropolitan Museum of Art,Q11822840,,0,0,EXCLUDE,0.9,3,P1343,described by source
row1007,Q160236|Q13218361,Q160236,Metropolitan Museum of Art,Q13218361,polo player,0,0,EXCLUDE,0.9,3,P106,occupation
row1015,Q160236|Q82955,Q160236,Metropolitan Museum of Art,Q82955,politician,0,0,NOT_VISITED,,3,P106,occupation
row1022,Q160236|Q36,Q160236,Metropolitan Museum of Art,Q36,Poland,0,0,EXCLUDE,0.95,4,P127,owned by
row1025,Q160236|Q49757,Q160236,Metropolitan Museum of Art,Q49757,poet,0,0,EXCLUDE,0.9,3,P106,occupation
row1026,Q160236|Q1752882,Q160236,Metropolitan Museum of Art,Q1752882,Ploskovice,0,0,NOT_VISITED,,5,P1830,owner of
row1029,Q160236|Q214917,Q160236,Metropolitan Museum of Art,Q214917,playwright,0,0,EXCLUDE,0.95,3,P106,occupation
row1031,Q160236|Q3906134,Q160236,Metropolitan Museum of Art,Q3906134,Placido Gabrielli,0,0,EXCLUDE,0.95,4,P40,child
row1032,Q160236|Q53950502,Q160236,Metropolitan Museum of Art,Q53950502,Pinakos Inc,1,1,INCLUDE,1.0,4,P127,owned by
row1033,Q160236|Q253864,Q160236,Metropolitan Museum of Art,Q253864,Pietro Toesca,0,1,INCLUDE,0.9,5,P3342,significant person
row1034,Q160236|Q75581268,Q160236,Metropolitan Museum of Art,Q75581268,"Pietro Primoli di Foglia, Conte Primoli di Foglia",0,0,EXCLUDE,0.9,5,P26,spouse
row1035,Q160236|Q57151860,Q160236,Metropolitan Museum of Art,Q57151860,Pieter Reael,0,0,EXCLUDE,0.85,5,P40,child
row1036,Q160236|Q17651291,Q160236,Metropolitan Museum of Art,Q17651291,Pietà,0,1,INCLUDE,0.95,5,P1830,owner of
row1037,Q160236|Q2871551,Q160236,Metropolitan Museum of Art,Q2871551,Pierre-Suzanne-Augustin Cochin,0,1,INCLUDE,0.65,5,P22,father
row1041,Q160236|Q39931,Q160236,Metropolitan Museum of Art,Q39931,Pierre-Auguste Renoir,1,1,INCLUDE,0.95,2,P127,owned by
row1043,Q160236|Q518966,Q160236,Metropolitan Museum of Art,Q518966,Pierre Renoir,0,1,INCLUDE,0.65,3,P40,child
row1044,Q160236|Q764398,Q160236,Metropolitan Museum of Art,Q764398,Pierre Napoleon Bonaparte,0,0,EXCLUDE,0.9,3,P40,child
row1045,Q160236|Q2092993,Q160236,Metropolitan Museum of Art,Q2092993,Pierre Ernest Prins,0,0,EXCLUDE,0.95,5,P26,spouse
row1046,Q160236|Q75392841,Q160236,Metropolitan Museum of Art,Q75392841,Pierre André Boyer,0,0,EXCLUDE,0.95,4,P22,father
row1047,Q160236|Q486748,Q160236,Metropolitan Museum of Art,Q486748,pianist,0,0,NOT_VISITED,,4,P106,occupation
row1053,Q160236|Q39631,Q160236,Metropolitan Museum of Art,Q39631,physician,0,0,EXCLUDE,0.9,3,P106,occupation
row1054,Q160236|Q45764132,Q160236,Metropolitan Museum of Art,Q45764132,photography collector,0,0,EXCLUDE,0.7,5,P106,occupation
row1058,Q160236|Q33231,Q160236,Metropolitan Museum of Art,Q33231,photographer,0,0,EXCLUDE,0.75,3,P106,occupation
row1062,Q160236|Q4964182,Q160236,Metropolitan Museum of Art,Q4964182,philosopher,0,0,NOT_VISITED,,3,P106,occupation
row1063,Q160236|Q2735601,Q160236,Metropolitan Museum of Art,Q2735601,Philippine Élisabeth d'Orléans,0,0,NOT_VISITED,,5,P40,child
row1064,Q160236|Q2087497,Q160236,Metropolitan Museum of Art,Q2087497,Philippe-Paul de Ségur,0,0,EXCLUDE,0.95,5,P127,owned by
row1065,Q160236|Q155596,Q160236,Metropolitan Museum of Art,Q155596,"Philippe, Duke of Orléans, Regent of France",0,0,EXCLUDE,0.9,4,P40,child
row1067,Q160236|Q76328871,Q160236,Metropolitan Museum of Art,Q76328871,Philipp Wilhelm Graf von Thurn und Taxis,0,0,NOT_VISITED,,5,P22,father
row1068,Q160236|Q75286670,Q160236,Metropolitan Museum of Art,Q75286670,Philipp von Habsburg,0,0,EXCLUDE,0.9,5,P40,child
row1069,Q160236|Q91763,Q160236,Metropolitan Museum of Art,Q91763,Philipp of Bavaria,0,0,EXCLUDE,0.95,5,P40,child
row1070,Q160236|Q67198,Q160236,Metropolitan Museum of Art,Q67198,"Philip William August, Count Palatine of Neuburg",0,0,EXCLUDE,0.95,3,P40,child
row1071,Q160236|Q60514,Q160236,Metropolitan Museum of Art,Q60514,"Philip William, Elector Palatine",0,1,INCLUDE,0.85,2,P127,owned by
row1072,Q160236|Q170467,Q160236,Metropolitan Museum of Art,Q170467,Philip V of Spain,0,0,EXCLUDE,0.95,5,P26,spouse
row1073,Q160236|Q1115886,Q160236,Metropolitan Museum of Art,Q1115886,Philip Schuyler,0,0,NOT_VISITED,,4,P22,father
row1074,Q160236|Q690276,Q160236,Metropolitan Museum of Art,Q690276,"Philip Prospero, Prince of Asturias",0,0,EXCLUDE,0.95,5,P40,child
row1075,Q160236|Q62885,Q160236,Metropolitan Museum of Art,Q62885,"Philip Louis, Count Palatine of Neuburg",0,1,INCLUDE,0.85,2,P127,owned by
row1076,Q160236|Q7183964,Q160236,Metropolitan Museum of Art,Q7183964,Philip Lehman,1,1,INCLUDE,0.9,3,P22,father
row1077,Q160236|Q774992,Q160236,Metropolitan Museum of Art,Q774992,Philip Jeremiah Schuyler,0,0,NOT_VISITED,,5,P40,child
row1078,Q160236|Q691402,Q160236,Metropolitan Museum of Art,Q691402,Philip IV of Spain,0,1,INCLUDE,0.55,4,P127,owned by
row1079,Q160236|Q34464,Q160236,Metropolitan Museum of Art,Q34464,Philip III of Spain,0,1,INCLUDE,0.55,4,P127,owned by
row1080,Q160236|Q34417,Q160236,Metropolitan Museum of Art,Q34417,Philip II of Spain,0,1,INCLUDE,0.55,4,P127,owned by
row1082,Q160236|Q169319,Q160236,Metropolitan Museum of Art,Q169319,Philip I,0,0,NOT_VISITED,,5,P22,father
row1083,Q160236|Q22088567,Q160236,Metropolitan Museum of Art,Q22088567,Philip Hamilton,0,0,NOT_VISITED,,3,P40,child
row1084,Q160236|Q28124142,Q160236,Metropolitan Museum of Art,Q28124142,Philip Hamilton,0,0,NOT_VISITED,,3,P40,child
row1085,Q160236|Q75385969,Q160236,Metropolitan Museum of Art,Q75385969,Philip Green,0,0,EXCLUDE,0.95,5,P26,spouse
row1086,Q160236|Q39074069,Q160236,Metropolitan Museum of Art,Q39074069,Philip George Schuyler,0,0,NOT_VISITED,,5,P40,child
row1087,Q160236|Q2086712,Q160236,Metropolitan Museum of Art,Q2086712,Philip Florinus of Sulzbach,0,0,EXCLUDE,0.95,4,P40,child
row1088,Q160236|Q75286698,Q160236,Metropolitan Museum of Art,Q75286698,Philip August von Habsburg,0,0,NOT_VISITED,,5,P40,child
row1093,Q160236|Q12362622,Q160236,Metropolitan Museum of Art,Q12362622,philanthropist,0,0,EXCLUDE,0.9,3,P106,occupation
row1098,Q160236|Q510324,Q160236,Metropolitan Museum of Art,Q510324,Philadelphia Museum of Art,1,1,INCLUDE,0.95,4,P127,owned by
row1099,Q160236|Q19906011,Q160236,Metropolitan Museum of Art,Q19906011,Peasant Woman Cooking by a Fireplace,0,1,INCLUDE,0.95,1,P1830,owner of
row1111,Q160236|Q78060740,Q160236,Metropolitan Museum of Art,Q78060740,Paul Cassirer Gallery,1,1,INCLUDE,0.95,3,P1830,owner of
row1115,Q160236|Q66663817,Q160236,Metropolitan Museum of Art,Q66663817,Online Biographical Dictionary of the Woman Suffrage Movement in the United States,0,0,EXCLUDE,0.95,3,P1343,described by source
row1125,Q160236|Q328376,Q160236,Metropolitan Museum of Art,Q328376,Nazi plunder,1,1,INCLUDE,0.9,5,P921,main subject
row1130,Q160236|Q98280619,Q160236,Metropolitan Museum of Art,Q98280619,"Nazi Art Theft: Pissarro's “Le Quai Malaquais, Printemps”",1,1,INCLUDE,0.95,5,P1343,described by source
row1133,Q160236|Q7320,Q160236,Metropolitan Museum of Art,Q7320,Nazi Party,1,1,INCLUDE,0.9,4,P127,owned by
row1145,Q160236|Q125634,Q160236,Metropolitan Museum of Art,Q125634,Museum Folkwang,1,1,INCLUDE,0.95,4,P127,owned by
row1159,Q160236|Q159660,Q160236,Metropolitan Museum of Art,Q159660,"Maria of Austria, Holy Roman Empress",0,0,EXCLUDE,0.95,4,P26,spouse
row1162,Q160236|Q12713481,Q160236,Metropolitan Museum of Art,Q12713481,laborer,0,0,EXCLUDE,0.98,5,P106,occupation
row1166,Q160236|Q78684258,Q160236,Metropolitan Museum of Art,Q78684258,Mandolin and Vase of Flowers,1,1,INCLUDE,0.95,4,P1830,owner of
row1172,Q160236|Q110356591,Q160236,Metropolitan Museum of Art,Q110356591,Lore Heinemann,1,1,INCLUDE,0.9,5,P26,spouse
row1174,Q160236|Q28860117,Q160236,Metropolitan Museum of Art,Q28860117,Levy-Hermanos,0,1,INCLUDE,0.95,2,P127,owned by
row1176,Q160236|Q150494,Q160236,Metropolitan Museum of Art,Q150494,"Leopold I, Holy Roman Emperor",0,0,EXCLUDE,0.95,4,P26,spouse
row1179,Q160236|Q18347243,Q160236,Metropolitan Museum of Art,Q18347243,Lefevre Gallery,1,1,INCLUDE,0.9,5,P127,owned by
row1182,Q160236|Q95569,Q160236,Metropolitan Museum of Art,Q95569,Kunsthistorisches Museum,1,1,INCLUDE,0.95,4,P127,owned by
row1198,Q160236|Q104820943,Q160236,Metropolitan Museum of Art,Q104820943,Jewish Collectors and Art Dealers (Victims of Nazi persecution and expropriation),1,1,INCLUDE,1.0,5,P1343,described by source
row1205,Q160236|Q3159990,Q160236,Metropolitan Museum of Art,Q3159990,Jacques Seligmann,1,0,EXCLUDE,0.65,4,P127,owned by
row1212,Q160236|Q28848149,Q160236,Metropolitan Museum of Art,Q28848149,J. K. Thannhauser Art Gallery,1,1,INCLUDE,0.95,5,P1830,owner of
row1226,Q160236|Q65059,Q160236,Metropolitan Museum of Art,Q65059,Hermann Josef Abs,1,1,INCLUDE,0.85,4,P127,owned by
row1229,Q160236|Q47906,Q160236,Metropolitan Museum of Art,Q47906,Hermann Göring,1,1,INCLUDE,0.95,4,P127,owned by
row1234,Q160236|Q15432931,Q160236,Metropolitan Museum of Art,Q15432931,Hermann Bunjes,1,1,INCLUDE,0.85,4,P3342,significant person
row1243,Q160236|Q17249501,Q160236,Metropolitan Museum of Art,Q17249501,Gustave Manet,0,0,NOT_VISITED,,4,P40,child
row1244,Q160236|Q540752,Q160236,Metropolitan Museum of Art,Q540752,Grigory Orlov,0,0,EXCLUDE,0.9,4,P127,owned by
row1245,Q160236|Q3776769,Q160236,Metropolitan Museum of Art,Q3776769,Grigory Orlov,0,0,NOT_VISITED,,5,P22,father
row1246,Q160236|Q75329998,Q160236,Metropolitan Museum of Art,Q75329998,Grigory Milashevich,0,0,NOT_VISITED,,5,P26,spouse
row1247,Q160236|Q3116663,Q160236,Metropolitan Museum of Art,Q3116663,Grigori Alexandrovitch Stroganov,0,0,NOT_VISITED,,4,P26,spouse
row1252,Q160236|Q17378135,Q160236,Metropolitan Museum of Art,Q17378135,Great Soviet Encyclopedia (1969–1978),0,0,EXCLUDE,0.9,3,P1343,described by source
row1258,Q160236|Q20078554,Q160236,Metropolitan Museum of Art,Q20078554,Great Soviet Encyclopedia (1926–1947),0,0,EXCLUDE,0.95,3,P1343,described by source
row1263,Q160236|Q4091875,Q160236,Metropolitan Museum of Art,Q4091875,,0,0,EXCLUDE,0.95,3,P1343,described by source
row1266,Q160236|Q627325,Q160236,Metropolitan Museum of Art,Q627325,graphic designer,0,0,EXCLUDE,0.9,4,P106,occupation
row1274,Q160236|Q1925963,Q160236,Metropolitan Museum of Art,Q1925963,graphic artist,0,0,EXCLUDE,0.9,3,P106,occupation
row1276,Q160236|Q1090291,Q160236,Metropolitan Museum of Art,Q1090291,"Granville Leveson-Gower, 1st Marquess of Stafford",0,0,EXCLUDE,0.85,5,P22,father
row1277,Q160236|Q240282,Q160236,Metropolitan Museum of Art,Q240282,Grand Princess Vera Constantinovna of Russia,0,0,NOT_VISITED,,4,P40,child
row1278,Q160236|Q1188421,Q160236,Metropolitan Museum of Art,Q1188421,Grand Duke Vyacheslav Constantinovich of Russia,0,0,NOT_VISITED,,4,P40,child
row1279,Q160236|Q312819,Q160236,Metropolitan Museum of Art,Q312819,Grand Duke Vladimir Alexandrovich of Russia,0,0,NOT_VISITED,,4,P40,child
row1280,Q160236|Q428256,Q160236,Metropolitan Museum of Art,Q428256,Grand Duke Sergei Mikhailovich of Russia,0,0,NOT_VISITED,,4,P40,child
row1281,Q160236|Q248900,Q160236,Metropolitan Museum of Art,Q248900,Grand Duke Sergei Alexandrovich of Russia,0,0,NOT_VISITED,,4,P40,child
row1282,Q160236|Q446676,Q160236,Metropolitan Museum of Art,Q446676,Grand Duke Peter Nikolaevich of Russia,0,0,EXCLUDE,0.9,4,P127,owned by
row1283,Q160236|Q372964,Q160236,Metropolitan Museum of Art,Q372964,Grand Duke Paul Alexandrovich of Russia,0,0,NOT_VISITED,,4,P40,child
row1284,Q160236|Q163863,Q160236,Metropolitan Museum of Art,Q163863,Grand Duke Nicholas Nikolaevich of Russia,0,0,EXCLUDE,0.9,3,P40,child
row1285,Q160236|Q160869,Q160236,Metropolitan Museum of Art,Q160869,Grand Duke Nicholas Nikolaevich of Russia,0,0,NOT_VISITED,,4,P40,child
row1286,Q160236|Q535400,Q160236,Metropolitan Museum of Art,Q535400,Grand Duke Nicholas Mikhailovich of Russia,0,0,NOT_VISITED,,4,P40,child
row1287,Q160236|Q706075,Q160236,Metropolitan Museum of Art,Q706075,Grand Duke Nicholas Constantinovich of Russia,0,0,NOT_VISITED,,4,P40,child
row1288,Q160236|Q371731,Q160236,Metropolitan Museum of Art,Q371731,Grand Duke Michael Pavlovich of Russia,0,0,EXCLUDE,0.9,4,P40,child
row1289,Q160236|Q161199,Q160236,Metropolitan Museum of Art,Q161199,Grand Duke Michael Nikolaevich of Russia,0,0,EXCLUDE,0.9,3,P40,child
row1290,Q160236|Q628679,Q160236,Metropolitan Museum of Art,Q628679,Grand Duke Michael Mikhailovich of Russia,0,0,NOT_VISITED,,4,P40,child
row1291,Q160236|Q154444,Q160236,Metropolitan Museum of Art,Q154444,Grand Duke Michael Alexandrovich of Russia,0,0,NOT_VISITED,,5,P40,child
row1292,Q160236|Q161106,Q160236,Metropolitan Museum of Art,Q161106,Grand Duke Konstantin Pavlovich of Russia,0,0,EXCLUDE,0.95,4,P40,child
row1293,Q160236|Q446724,Q160236,Metropolitan Museum of Art,Q446724,Grand Duke Konstantin Nikolayevich of Russia,0,0,EXCLUDE,0.9,3,P40,child
row1294,Q160236|Q313832,Q160236,Metropolitan Museum of Art,Q313832,Grand Duke Konstantin Konstantinovich of Russia,0,0,NOT_VISITED,,4,P40,child
row1295,Q160236|Q160948,Q160236,Metropolitan Museum of Art,Q160948,Grand Duke Kirill Vladimirovich of Russia,0,0,NOT_VISITED,,5,P40,child
row1296,Q160236|Q524451,Q160236,Metropolitan Museum of Art,Q524451,Grand Duke George Mikhailovich of Russia,0,0,NOT_VISITED,,4,P40,child
row1297,Q160236|Q170293,Q160236,Metropolitan Museum of Art,Q170293,Grand Duke George Alexandrovich of Russia,0,0,NOT_VISITED,,5,P40,child
row1298,Q160236|Q57930,Q160236,Metropolitan Museum of Art,Q57930,"Grand Duke Friedrich Franz IV, Grand Duke of Mecklenburg-Schwerin",0,0,NOT_VISITED,,5,P40,child
row1299,Q160236|Q372954,Q160236,Metropolitan Museum of Art,Q372954,Grand Duke Dmitri Pavlovich of Russia,0,0,NOT_VISITED,,5,P40,child
row1300,Q160236|Q27606,Q160236,Metropolitan Museum of Art,Q27606,Grand Duke Dimitri Constantinovich of Russia,0,0,NOT_VISITED,,4,P40,child
row1301,Q160236|Q373048,Q160236,Metropolitan Museum of Art,Q373048,Grand Duke Boris Vladimirovich of Russia,0,0,NOT_VISITED,,5,P40,child
row1302,Q160236|Q502763,Q160236,Metropolitan Museum of Art,Q502763,Grand Duke Andrei Vladimirovich of Russia,0,0,NOT_VISITED,,5,P40,child
row1303,Q160236|Q621088,Q160236,Metropolitan Museum of Art,Q621088,Grand Duke Alexei Mikhailovich of Russia,0,0,NOT_VISITED,,4,P40,child
row1304,Q160236|Q315726,Q160236,Metropolitan Museum of Art,Q315726,Grand Duke Alexei Alexandrovich of Russia,0,0,NOT_VISITED,,4,P40,child
row1305,Q160236|Q2834124,Q160236,Metropolitan Museum of Art,Q2834124,Grand Duke Alexander Vladimirovich of Russia,0,0,NOT_VISITED,,5,P40,child
row1306,Q160236|Q464626,Q160236,Metropolitan Museum of Art,Q464626,Grand Duke Alexander Mikhailovich of Russia,0,0,NOT_VISITED,,4,P40,child
row1307,Q160236|Q619068,Q160236,Metropolitan Museum of Art,Q619068,Grand Duke Alexander Alexandrovich of Russia,0,0,NOT_VISITED,,5,P40,child
row1308,Q160236|Q165113,Q160236,Metropolitan Museum of Art,Q165113,Grand Duchess Xenia Alexandrovna of Russia,0,0,NOT_VISITED,,5,P26,spouse
row1309,Q160236|Q3350444,Q160236,Metropolitan Museum of Art,Q3350444,Grand Duchess Olga Pavlovna of Russia,0,0,EXCLUDE,0.9,4,P40,child
row1310,Q160236|Q166198,Q160236,Metropolitan Museum of Art,Q166198,Grand Duchess Maria Pavlovna of Russia,0,0,EXCLUDE,0.95,4,P40,child
row1311,Q160236|Q235438,Q160236,Metropolitan Museum of Art,Q235438,Grand Duchess Maria Pavlovna of Russia,0,0,NOT_VISITED,,5,P40,child
row1312,Q160236|Q234052,Q160236,Metropolitan Museum of Art,Q234052,Grand Duchess Maria Nikolaevna of Russia,0,0,EXCLUDE,0.9,3,P40,child
row1313,Q160236|Q2464532,Q160236,Metropolitan Museum of Art,Q2464532,Grand Duchess Maria Mikhailovna of Russia,0,0,NOT_VISITED,,5,P40,child
row1314,Q160236|Q158154,Q160236,Metropolitan Museum of Art,Q158154,Grand Duchess Maria Alexandrovna of Russia,0,0,NOT_VISITED,,4,P40,child
row1315,Q160236|Q11768687,Q160236,Metropolitan Museum of Art,Q11768687,Grand Duchess Maria Alexandrovna of Russia,0,0,NOT_VISITED,,5,P40,child
row1316,Q160236|Q5594505,Q160236,Metropolitan Museum of Art,Q5594505,Grand Duchess Elizabeth Nikolaevna of Russia,0,0,EXCLUDE,0.9,3,P40,child
row1317,Q160236|Q260550,Q160236,Metropolitan Museum of Art,Q260550,Grand Duchess Elizabeth Mikhailovna of Russia,0,0,NOT_VISITED,,5,P40,child
row1318,Q160236|Q5594502,Q160236,Metropolitan Museum of Art,Q5594502,Grand Duchess Elizabeth Alexandrovna of Russia,0,0,NOT_VISITED,,5,P40,child
row1319,Q160236|Q232483,Q160236,Metropolitan Museum of Art,Q232483,Grand Duchess Elena Vladimirovna of Russia,0,0,NOT_VISITED,,5,P40,child
row1320,Q160236|Q234442,Q160236,Metropolitan Museum of Art,Q234442,Grand Duchess Elena Pavlovna of Russia,0,0,EXCLUDE,0.95,4,P40,child
row1321,Q160236|Q166768,Q160236,Metropolitan Museum of Art,Q166768,Grand Duchess Catherine Mikhailovna of Russia,0,0,NOT_VISITED,,5,P40,child
row1322,Q160236|Q232159,Q160236,Metropolitan Museum of Art,Q232159,Grand Duchess Anastasia Mikhailovna of Russia,0,0,NOT_VISITED,,4,P40,child
row1323,Q160236|Q233471,Q160236,Metropolitan Museum of Art,Q233471,Grand Duchess Alexandra Pavlovna of Russia,0,0,EXCLUDE,0.95,4,P40,child
row1324,Q160236|Q238478,Q160236,Metropolitan Museum of Art,Q238478,Grand Duchess Alexandra Nikolaevna of Russia,0,0,EXCLUDE,0.9,3,P40,child
row1325,Q160236|Q41450421,Q160236,Metropolitan Museum of Art,Q41450421,Grand Duchess Alexandra Mikhailovna of Russia,0,0,NOT_VISITED,,5,P40,child
row1326,Q160236|Q232728,Q160236,Metropolitan Museum of Art,Q232728,Grand Duchess Alexandra Georgievna of Russia,0,0,NOT_VISITED,,5,P40,child
row1327,Q160236|Q620933,Q160236,Metropolitan Museum of Art,Q620933,Grand Duchess Alexandra Alexandrovna of Russia,0,0,NOT_VISITED,,4,P40,child
row1329,Q160236|Q28989,Q160236,Metropolitan Museum of Art,Q28989,graf,0,0,NOT_VISITED,,5,P106,occupation
row1335,Q160236|Q47035126,Q160236,Metropolitan Museum of Art,Q47035126,Gottfried Tanner,1,1,INCLUDE,0.8,4,P3342,significant person
row1338,Q160236|Q97753,Q160236,Metropolitan Museum of Art,Q97753,Gottfried Bermann,1,1,INCLUDE,0.9,4,P127,owned by
row1340,Q160236|Q298877,Q160236,Metropolitan Museum of Art,Q298877,Giuliano de' Medici,0,0,EXCLUDE,0.9,5,P921,main subject
row1343,Q160236|Q40023372,Q160236,Metropolitan Museum of Art,Q40023372,Gisela Fischer,1,1,INCLUDE,0.95,4,P127,owned by
row1348,Q160236|Q215626,Q160236,Metropolitan Museum of Art,Q215626,Georges Wildenstein,1,1,INCLUDE,0.95,3,P127,owned by
row1349,Q160236|Q44139,Q160236,Metropolitan Museum of Art,Q44139,Georges Petit,1,1,INCLUDE,0.95,2,P127,owned by
row1350,Q160236|Q18699918,Q160236,Metropolitan Museum of Art,Q18699918,Georges Brauer,0,1,INCLUDE,0.95,2,P127,owned by
row1351,Q160236|Q70189,Q160236,Metropolitan Museum of Art,Q70189,"George William, Count Palatine of Zweibrücken-Birkenfeld",0,0,NOT_VISITED,,5,P40,child
row1352,Q160236|Q4210134,Q160236,Metropolitan Museum of Art,Q4210134,George Washington Cullum,0,0,NOT_VISITED,,5,P26,spouse
row1353,Q160236|Q47414451,Q160236,Metropolitan Museum of Art,Q47414451,George Washington,0,1,INCLUDE,0.6,5,P1830,owner of
row1354,Q160236|Q334145,Q160236,Metropolitan Museum of Art,Q334145,"George Sutherland-Leveson-Gower, 2nd Duke of Sutherland",0,0,EXCLUDE,0.85,5,P40,child
row1355,Q160236|Q102421082,Q160236,Metropolitan Museum of Art,Q102421082,George Sullivan Bowdoin,0,0,NOT_VISITED,,5,P40,child
row1356,Q160236|Q5544847,Q160236,Metropolitan Museum of Art,Q5544847,"George Stewart, 8th Earl of Galloway",0,0,EXCLUDE,0.95,5,P22,father
row1357,Q160236|Q336025,Q160236,Metropolitan Museum of Art,Q336025,"George Spencer-Churchill, 8th Duke of Marlborough",0,1,INCLUDE,0.9,3,P40,child
row1358,Q160236|Q333601,Q160236,Metropolitan Museum of Art,Q333601,"George Spencer-Churchill, 6th Duke of Marlborough",0,1,INCLUDE,0.7,3,P22,father
row1359,Q160236|Q333347,Q160236,Metropolitan Museum of Art,Q333347,"George Spencer-Churchill, 5th Duke of Marlborough",0,0,EXCLUDE,0.7,4,P22,father
row1360,Q160236|Q335825,Q160236,Metropolitan Museum of Art,Q335825,"George Spencer, 4th Duke of Marlborough",0,0,NOT_VISITED,,5,P22,father
row1363,Q160236|Q901402,Q160236,Metropolitan Museum of Art,Q901402,geographer,0,0,NOT_VISITED,,5,P106,occupation
row1366,Q160236|Q80317,Q160236,Metropolitan Museum of Art,Q80317,Garçon à la pipe,1,1,INCLUDE,1.0,3,P1830,owner of
row1372,Q160236|Q20771242,Q160236,Metropolitan Museum of Art,Q20771242,gallerist,1,1,INCLUDE,0.75,3,P106,occupation
row1375,Q160236|Q47035109,Q160236,Metropolitan Museum of Art,Q47035109,Galerie Tanner,1,1,INCLUDE,0.8,5,P1830,owner of
row1381,Q160236|Q64216457,Q160236,Metropolitan Museum of Art,Q64216457,Galerie Jacques Dubourg,1,1,INCLUDE,0.95,5,P1830,owner of
row1385,Q160236|Q47001605,Q160236,Metropolitan Museum of Art,Q47001605,Galerie Fischer,1,1,INCLUDE,0.95,4,P127,owned by
row1389,Q160236|Q3094593,Q160236,Metropolitan Museum of Art,Q3094593,Galerie Charpentier,1,1,INCLUDE,0.95,2,P127,owned by
row1392,Q160236|Q50990573,Q160236,Metropolitan Museum of Art,Q50990573,Galerie Cailleux,1,1,INCLUDE,0.9,4,P127,owned by
row1403,Q160236|Q1418856,Q160236,Metropolitan Museum of Art,Q1418856,Fritz Nathan,1,1,INCLUDE,0.9,4,P127,owned by
row1409,Q160236|Q19502360,Q160236,Metropolitan Museum of Art,Q19502360,Fritz Meyer-Fierz,1,1,INCLUDE,0.9,4,P127,owned by
row1413,Q160236|Q33315010,Q160236,Metropolitan Museum of Art,Q33315010,Frederick Mont,1,1,INCLUDE,0.95,4,P127,owned by
row1415,Q160236|Q96090141,Q160236,Metropolitan Museum of Art,Q96090141,Franziska Figdor,1,0,EXCLUDE,0.85,5,P40,child
row1416,Q160236|Q56291714,Q160236,Metropolitan Museum of Art,Q56291714,Franz Kleinberger,1,1,INCLUDE,0.95,5,P127,owned by
row1417,Q160236|Q142,Q160236,Metropolitan Museum of Art,Q142,France,0,0,EXCLUDE,0.65,4,P127,owned by
row1419,Q160236|Q2142783,Q160236,Metropolitan Museum of Art,Q2142783,father of faith,0,0,EXCLUDE,0.95,4,P106,occupation
row1423,Q160236|Q1979607,Q160236,Metropolitan Museum of Art,Q1979607,financier,0,0,EXCLUDE,0.75,3,P106,occupation
row1429,Q160236|Q3282637,Q160236,Metropolitan Museum of Art,Q3282637,film producer,0,0,EXCLUDE,0.9,4,P106,occupation
row1432,Q160236|Q7042855,Q160236,Metropolitan Museum of Art,Q7042855,film editor,0,0,EXCLUDE,0.9,4,P106,occupation
row1435,Q160236|Q2526255,Q160236,Metropolitan Museum of Art,Q2526255,film director,0,0,EXCLUDE,0.9,4,P106,occupation
row1440,Q160236|Q10800557,Q160236,Metropolitan Museum of Art,Q10800557,film actor,0,0,EXCLUDE,0.9,3,P106,occupation
row1445,Q160236|Q110146410,Q160236,Metropolitan Museum of Art,Q110146410,Fernande Olivier,0,1,INCLUDE,0.55,3,P1830,owner of
row1447,Q160236|Q96090146,Q160236,Metropolitan Museum of Art,Q96090146,Ferdinand Joachim Figdor,1,1,INCLUDE,0.7,3,P22,father
row1448,Q160236|Q157103,Q160236,Metropolitan Museum of Art,Q157103,"Ferdinand IV, King of the Romans",0,0,NOT_VISITED,,5,P40,child
row1449,Q160236|Q150575,Q160236,Metropolitan Museum of Art,Q150575,"Ferdinand III, Holy Roman Emperor",0,0,NOT_VISITED,,4,P40,child
row1450,Q160236|Q150599,Q160236,Metropolitan Museum of Art,Q150599,"Ferdinand II, Holy Roman Emperor",0,0,NOT_VISITED,,3,P22,father
row1453,Q160236|Q77823005,Q160236,Metropolitan Museum of Art,Q77823005,Federico Napoleone,0,0,EXCLUDE,0.95,5,P40,child
row1454,Q160236|Q48525,Q160236,Metropolitan Museum of Art,Q48525,federal government of the United States,0,0,EXCLUDE,0.95,5,P127,owned by
row1455,Q160236|Q496,Q160236,Metropolitan Museum of Art,Q496,feces,0,0,EXCLUDE,0.95,2,P127,owned by
row1459,Q160236|Q11900058,Q160236,Metropolitan Museum of Art,Q11900058,explorer,0,0,EXCLUDE,0.9,3,P106,occupation
row1461,Q160236|Q1970746,Q160236,Metropolitan Museum of Art,Q1970746,Explanatory Dictionary of the Living Great Russian Language,0,0,NOT_VISITED,,4,P1343,described by source
row1466,Q160236|Q53563347,Q160236,Metropolitan Museum of Art,Q53563347,Eugene Thaw,1,1,INCLUDE,0.9,5,P3342,significant person
row1467,Q160236|Q7126304,Q160236,Metropolitan Museum of Art,Q7126304,Eugène Manet,0,0,NOT_VISITED,,4,P40,child
row1475,Q160236|Q20730464,Q160236,Metropolitan Museum of Art,Q20730464,Étienne Bignou,1,1,INCLUDE,0.95,3,P127,owned by
row1481,Q160236|Q10862983,Q160236,Metropolitan Museum of Art,Q10862983,etcher,0,1,INCLUDE,0.7,3,P106,occupation
row1484,Q160236|Q110491536,Q160236,Metropolitan Museum of Art,Q110491536,Estella Katzenellenbogen,1,0,EXCLUDE,0.8,4,P26,spouse
row1485,Q160236|Q66495020,Q160236,Metropolitan Museum of Art,Q66495020,estate owner,0,0,EXCLUDE,0.85,4,P106,occupation
row1488,Q160236|Q860918,Q160236,Metropolitan Museum of Art,Q860918,Esperantist,0,0,NOT_VISITED,,5,P106,occupation
row1489,Q160236|Q1360879,Q160236,Metropolitan Museum of Art,Q1360879,Ernst von Mendelssohn-Bartholdy,1,1,INCLUDE,0.7,5,P22,father
row1495,Q160236|Q2894644,Q160236,Metropolitan Museum of Art,Q2894644,Ephrussi family,1,1,INCLUDE,0.9,4,P127,owned by
row1502,Q160236|Q131524,Q160236,Metropolitan Museum of Art,Q131524,entrepreneur,0,0,EXCLUDE,0.65,3,P106,occupation
row1506,Q160236|Q3055126,Q160236,Metropolitan Museum of Art,Q3055126,entomologist,0,0,NOT_VISITED,,5,P106,occupation
row1509,Q160236|Q329439,Q160236,Metropolitan Museum of Art,Q329439,engraver,0,1,INCLUDE,0.6,5,P106,occupation
row1515,Q160236|Q81096,Q160236,Metropolitan Museum of Art,Q81096,engineer,0,0,EXCLUDE,0.95,4,P106,occupation
row1518,Q160236|Q4532135,Q160236,Metropolitan Museum of Art,Q4532135,Encyclopedic Lexicon,0,0,EXCLUDE,0.95,3,P1343,described by source
row1519,Q160236|Q48968006,Q160236,Metropolitan Museum of Art,Q48968006,encyclopedia.com,0,0,EXCLUDE,0.95,5,P1343,described by source
row1520,Q160236|Q753754,Q160236,Metropolitan Museum of Art,Q753754,Encyclopedia Americana,0,0,EXCLUDE,0.95,5,P1343,described by source
row1521,Q160236|Q867541,Q160236,Metropolitan Museum of Art,Q867541,Encyclopædia Britannica 11th edition,0,0,EXCLUDE,0.9,3,P1343,described by source
row1523,Q160236|Q96297,Q160236,Metropolitan Museum of Art,Q96297,Emil Georg Bührle,1,1,INCLUDE,0.9,5,P3342,significant person
row1524,Q160236|Q21589753,Q160236,Metropolitan Museum of Art,Q21589753,Else Cassirer,1,1,INCLUDE,0.8,4,P40,child
row1528,Q160236|Q279283,Q160236,Metropolitan Museum of Art,Q279283,election in the United States,0,0,NOT_VISITED,,4,P921,main subject
row1534,Q160236|Q24255440,Q160236,Metropolitan Museum of Art,Q24255440,Eduard Cassirer,1,1,INCLUDE,0.6,5,P40,child
row1538,Q160236|Q2443913,Q160236,Metropolitan Museum of Art,Q2443913,Édouard Alphonse James de Rothschild,1,1,INCLUDE,0.8,5,P40,child
row1539,Q160236|Q467167,Q160236,Metropolitan Museum of Art,Q467167,Edmond James de Rothschild,1,1,INCLUDE,0.8,3,P22,father
row1541,Q160236|Q932401,Q160236,Metropolitan Museum of Art,Q932401,Edmond Adolphe de Rothschild,1,1,INCLUDE,0.8,3,P40,child
row1546,Q160236|Q1607826,Q160236,Metropolitan Museum of Art,Q1607826,editor,0,0,NOT_VISITED,,4,P106,occupation
row1549,Q160236|Q84798010,Q160236,Metropolitan Museum of Art,Q84798010,Edited By – Women Film Editors,0,0,EXCLUDE,0.9,5,P1343,described by source
row1552,Q160236|Q188094,Q160236,Metropolitan Museum of Art,Q188094,economist,0,0,NOT_VISITED,,3,P106,occupation
row1553,Q160236|Q27981616,Q160236,Metropolitan Museum of Art,Q27981616,Ecce Homo,1,0,EXCLUDE,0.8,5,P1830,owner of
row1557,Q160236|Q166886,Q160236,Metropolitan Museum of Art,Q166886,duke,0,0,EXCLUDE,0.95,5,P106,occupation
row1558,Q160236|Q3040048,Q160236,Metropolitan Museum of Art,Q3040048,Drouot,1,1,INCLUDE,0.9,5,P127,owned by
row1559,Q160236|Q2453629,Q160236,Metropolitan Museum of Art,Q2453629,drinking vessel,0,0,NOT_VISITED,,3,P921,main subject
row1560,Q160236|Q2034021,Q160236,Metropolitan Museum of Art,Q2034021,dressmaker,0,0,EXCLUDE,0.9,4,P106,occupation
row1566,Q160236|Q15296811,Q160236,Metropolitan Museum of Art,Q15296811,drawer,0,0,EXCLUDE,0.85,3,P106,occupation
row1575,Q160236|Q14623005,Q160236,Metropolitan Museum of Art,Q14623005,draftsperson,0,0,EXCLUDE,0.85,3,P106,occupation
row1578,Q160236|Q35275336,Q160236,Metropolitan Museum of Art,Q35275336,Dr. Willi Raeber,1,1,INCLUDE,0.75,4,P127,owned by
row1584,Q160236|Q75328088,Q160236,Metropolitan Museum of Art,Q75328088,Dominique-Alexandre Roman-Fricero,0,0,EXCLUDE,0.95,5,P40,child
row1588,Q160236|Q25391673,Q160236,Metropolitan Museum of Art,Q25391673,Domenica Walter,1,1,INCLUDE,0.9,4,P127,owned by
row1593,Q160236|Q3455803,Q160236,Metropolitan Museum of Art,Q3455803,director,0,0,EXCLUDE,0.9,4,P106,occupation
row1594,Q160236|Q1162163,Q160236,Metropolitan Museum of Art,Q1162163,director,0,0,EXCLUDE,0.9,5,P106,occupation
row1595,Q160236|Q193391,Q160236,Metropolitan Museum of Art,Q193391,diplomat,0,0,EXCLUDE,0.9,3,P106,occupation
row1599,Q160236|Q452379,Q160236,Metropolitan Museum of Art,Q452379,Diego Columbus,0,0,EXCLUDE,0.9,3,P40,child
row1600,Q160236|Q325909,Q160236,Metropolitan Museum of Art,Q325909,Diego Colombos,0,0,EXCLUDE,0.95,4,P40,child
row1601,Q160236|Q668424,Q160236,Metropolitan Museum of Art,Q668424,"Diego, Prince of Asturias",0,0,EXCLUDE,0.9,5,P40,child
row1603,Q160236|Q105802405,Q160236,Metropolitan Museum of Art,Q105802405,Dictionary of Women Worldwide,0,0,EXCLUDE,0.85,4,P1343,described by source
row1604,Q160236|Q46002746,Q160236,Metropolitan Museum of Art,Q46002746,Dictionary of African Biography,0,0,EXCLUDE,0.98,5,P1343,described by source
row1606,Q160236|Q18939491,Q160236,Metropolitan Museum of Art,Q18939491,diarist,0,0,EXCLUDE,0.9,4,P106,occupation
row1611,Q160236|Q1186818,Q160236,Metropolitan Museum of Art,Q1186818,Den Store Danske Encyklopædi,0,0,EXCLUDE,0.95,3,P1343,described by source
row1615,Q160236|Q110637123,Q160236,Metropolitan Museum of Art,Q110637123,David Katz,1,1,INCLUDE,0.9,5,P127,owned by
row1619,Q160236|Q17254907,Q160236,Metropolitan Museum of Art,Q17254907,David Graham Carritt,1,1,INCLUDE,0.85,4,P127,owned by
row1624,Q160236|Q723358,Q160236,Metropolitan Museum of Art,Q723358,Daniel Wildenstein,1,1,INCLUDE,0.95,3,P127,owned by
row1629,Q160236|Q867510,Q160236,Metropolitan Museum of Art,Q867510,Cypresses,1,1,INCLUDE,0.95,5,P1830,owner of
row1638,Q160236|Q1142334,Q160236,Metropolitan Museum of Art,Q1142334,Crystal Bridges Museum of American Art,0,1,INCLUDE,0.9,2,P127,owned by
row1641,Q160236|Q6430706,Q160236,Metropolitan Museum of Art,Q6430706,critic,0,0,EXCLUDE,0.95,5,P106,occupation
row1642,Q160236|Q12299841,Q160236,Metropolitan Museum of Art,Q12299841,cricketer,0,0,EXCLUDE,0.95,4,P106,occupation
row1645,Q160236|Q60476309,Q160236,Metropolitan Museum of Art,Q60476309,Countess Széchenyi,1,1,INCLUDE,0.75,5,P1830,owner of
row1646,Q160236|Q22932,Q160236,Metropolitan Museum of Art,Q22932,count palatine,0,0,EXCLUDE,0.95,5,P106,occupation
row1647,Q160236|Q708492,Q160236,Metropolitan Museum of Art,Q708492,council member,0,0,EXCLUDE,0.9,4,P106,occupation
row1650,Q160236|Q94378647,Q160236,Metropolitan Museum of Art,Q94378647,Cornelis Marinus van Gogh,0,0,NOT_VISITED,,5,P40,child
row1651,Q160236|Q1297822,Q160236,Metropolitan Museum of Art,Q1297822,copyright,0,0,EXCLUDE,0.95,2,P921,main subject
row1653,Q160236|Q38695,Q160236,Metropolitan Museum of Art,Q38695,cooking,0,0,EXCLUDE,0.95,2,P921,main subject
row1658,Q160236|Q21550489,Q160236,Metropolitan Museum of Art,Q21550489,conceptual artist,0,0,EXCLUDE,0.7,5,P106,occupation
row1663,Q160236|Q36834,Q160236,Metropolitan Museum of Art,Q36834,composer,0,0,EXCLUDE,0.9,3,P106,occupation
row1665,Q160236|Q1780490,Q160236,Metropolitan Museum of Art,Q1780490,communard,0,0,EXCLUDE,0.7,3,P106,occupation
row1669,Q160236|Q1086863,Q160236,Metropolitan Museum of Art,Q1086863,columnist,0,0,EXCLUDE,0.95,5,P106,occupation
row1673,Q160236|Q3243461,Q160236,Metropolitan Museum of Art,Q3243461,collector,1,1,INCLUDE,0.85,4,P106,occupation
row1676,Q160236|Q3262402,Q160236,Metropolitan Museum of Art,Q3262402,cloistered nun,0,0,EXCLUDE,0.9,4,P106,occupation
row1680,Q160236|Q60729883,Q160236,Metropolitan Museum of Art,Q60729883,Cleveland Museum of Art Open Access project,0,0,EXCLUDE,0.6,4,P5008,on focus list of Wikimedia project
row1688,Q160236|Q96242104,Q160236,Metropolitan Museum of Art,Q96242104,Clément Manet,0,0,NOT_VISITED,,4,P22,father
row1689,Q160236|Q96242105,Q160236,Metropolitan Museum of Art,Q96242105,Clément Jean-Baptiste Manet,0,0,NOT_VISITED,,5,P22,father
row1690,Q160236|Q2468727,Q160236,Metropolitan Museum of Art,Q2468727,classical scholar,0,0,EXCLUDE,0.9,5,P106,occupation
row1694,Q160236|Q59916588,Q160236,Metropolitan Museum of Art,Q59916588,City of Toulouse,0,1,INCLUDE,0.9,5,P127,owned by
row1695,Q160236|Q222344,Q160236,Metropolitan Museum of Art,Q222344,cinematographer,0,0,EXCLUDE,0.9,4,P106,occupation
row1696,Q160236|Q96071935,Q160236,Metropolitan Museum of Art,Q96071935,"Christie's, New York",1,1,INCLUDE,0.95,4,P127,owned by
row1701,Q160236|Q1423891,Q160236,Metropolitan Museum of Art,Q1423891,Christian minister,0,0,EXCLUDE,0.9,4,P106,occupation
row1702,Q160236|Q657550,Q160236,Metropolitan Museum of Art,Q657550,Christian I,0,0,NOT_VISITED,,5,P40,child
row1703,Q160236|Q28020362,Q160236,Metropolitan Museum of Art,Q28020362,Christ and the Woman Taken in Adultery,0,0,EXCLUDE,0.8,5,P1830,owner of
row1704,Q160236|Q26722705,Q160236,Metropolitan Museum of Art,Q26722705,Christ and the Woman of Samaria,0,1,INCLUDE,0.75,5,P1830,owner of
row1705,Q160236|Q27979524,Q160236,Metropolitan Museum of Art,Q27979524,Christ and the Woman of Samaria,0,1,INCLUDE,0.75,5,P1830,owner of
row1708,Q160236|Q593644,Q160236,Metropolitan Museum of Art,Q593644,chemist,0,0,EXCLUDE,0.95,4,P106,occupation
row1711,Q160236|Q1461848,Q160236,Metropolitan Museum of Art,Q1461848,Château de Ferrières,1,1,INCLUDE,0.65,5,P1830,owner of
row1712,Q160236|Q34064952,Q160236,Metropolitan Museum of Art,Q34064952,"Charlotte Spencer-Churchill, Duchess of Marlborough",0,0,EXCLUDE,0.8,4,P26,spouse
row1713,Q160236|Q262788,Q160236,Metropolitan Museum of Art,Q262788,Charlotte Napoléone Bonaparte,0,0,EXCLUDE,0.9,5,P40,child
row1715,Q160236|Q2960213,Q160236,Metropolitan Museum of Art,Q2960213,Charles Sedelmeyer,1,1,INCLUDE,0.95,2,P127,owned by
row1716,Q160236|Q56297473,Q160236,Metropolitan Museum of Art,Q56297473,Charles R. Henschel,1,1,INCLUDE,0.8,5,P3342,significant person
row1717,Q160236|Q134309,Q160236,Metropolitan Museum of Art,Q134309,Charles IX of France,0,0,EXCLUDE,0.9,5,P26,spouse
row1718,Q160236|Q62594,Q160236,Metropolitan Museum of Art,Q62594,"Charles III Philip, Elector Palatine",0,0,EXCLUDE,0.95,3,P40,child
row1719,Q160236|Q36234,Q160236,Metropolitan Museum of Art,Q36234,Charles III of Spain,0,0,EXCLUDE,0.95,5,P40,child
row1720,Q160236|Q36174,Q160236,Metropolitan Museum of Art,Q36174,Charles II of Spain,0,0,EXCLUDE,0.95,4,P26,spouse
row1722,Q160236|Q104439776,Q160236,Metropolitan Museum of Art,Q104439776,Charles Durand-Ruel,1,1,INCLUDE,0.9,3,P40,child
row1723,Q160236|Q104439800,Q160236,Metropolitan Museum of Art,Q104439800,Charles Durand-Ruel,1,1,INCLUDE,0.75,4,P40,child
row1730,Q160236|Q21069797,Q160236,Metropolitan Museum of Art,Q21069797,Charles Carstairs,1,1,INCLUDE,0.95,3,P127,owned by
row1733,Q160236|Q66660783,Q160236,Metropolitan Museum of Art,Q66660783,charity worker,0,0,EXCLUDE,0.85,4,P106,occupation
row1735,Q160236|Q140686,Q160236,Metropolitan Museum of Art,Q140686,chairperson,0,0,EXCLUDE,0.95,5,P106,occupation
row1736,Q160236|Q15969109,Q160236,Metropolitan Museum of Art,Q15969109,César-Emmanuel-Flavien Henrion de Staal de Magnoncour,0,1,INCLUDE,0.75,2,P127,owned by
row1737,Q160236|Q7541856,Q160236,Metropolitan Museum of Art,Q7541856,ceramicist,0,0,EXCLUDE,0.9,4,P106,occupation
row1740,Q160236|Q235812,Q160236,Metropolitan Museum of Art,Q235812,"Cecilie, Crown Princess of Germany",0,0,NOT_VISITED,,5,P40,child
row1741,Q160236|Q250867,Q160236,Metropolitan Museum of Art,Q250867,Catholic priest,0,0,NOT_VISITED,,3,P106,occupation
row1743,Q160236|Q302556,Q160236,Metropolitan Museum of Art,Q302556,Catholic Encyclopedia,0,0,EXCLUDE,0.95,4,P1343,described by source
row1744,Q160236|Q25393460,Q160236,Metropolitan Museum of Art,Q25393460,Catholic deacon,0,0,EXCLUDE,0.85,5,P106,occupation
row1745,Q160236|Q234257,Q160236,Metropolitan Museum of Art,Q234257,Catherine Pavlovna of Russia,0,0,EXCLUDE,0.95,4,P40,child
row1749,Q160236|Q36450,Q160236,Metropolitan Museum of Art,Q36450,Catherine II of Russia,0,0,EXCLUDE,0.95,5,P26,spouse
row1758,Q160236|Q5046521,Q160236,Metropolitan Museum of Art,Q5046521,Carroll Carstairs,1,1,INCLUDE,0.9,4,P40,child
row1760,Q160236|Q1043967,Q160236,Metropolitan Museum of Art,Q1043967,Carnegie Museum of Art,1,1,INCLUDE,1.0,4,P127,owned by
row1762,Q160236|Q5750314,Q160236,Metropolitan Museum of Art,Q5750314,Carlos Fernando de Austria y Manrique,0,0,EXCLUDE,0.95,5,P40,child
row1765,Q160236|Q222728,Q160236,Metropolitan Museum of Art,Q222728,Carinhall,1,1,INCLUDE,0.9,5,P1830,owner of
row1778,Q160236|Q43845,Q160236,Metropolitan Museum of Art,Q43845,businessperson,0,0,NOT_VISITED,,3,P106,occupation
row1788,Q160236|Q18223037,Q160236,Metropolitan Museum of Art,Q18223037,Bunch of Asparagus,1,1,INCLUDE,0.95,3,P1830,owner of
row1790,Q160236|Q66677,Q160236,Metropolitan Museum of Art,Q66677,Bruno Paul,1,0,EXCLUDE,0.55,5,P3342,significant person
row1794,Q160236|Q89582,Q160236,Metropolitan Museum of Art,Q89582,Bruno Lohse,1,1,INCLUDE,0.95,4,P127,owned by
row1795,Q160236|Q91618,Q160236,Metropolitan Museum of Art,Q91618,Bruno Cassirer,1,1,INCLUDE,0.7,5,P26,spouse
row1797,Q160236|Q2374149,Q160236,Metropolitan Museum of Art,Q2374149,botanist,0,0,NOT_VISITED,,5,P106,occupation
row1800,Q160236|Q3148760,Q160236,Metropolitan Museum of Art,Q3148760,botanical illustrator,0,1,INCLUDE,0.65,3,P106,occupation
row1801,Q160236|Q998550,Q160236,Metropolitan Museum of Art,Q998550,bookseller,0,0,EXCLUDE,0.9,5,P106,occupation
row1804,Q160236|Q865736,Q160236,Metropolitan Museum of Art,Q865736,Birmingham Museum of Art,1,1,INCLUDE,0.95,4,P127,owned by
row1805,Q160236|Q864503,Q160236,Metropolitan Museum of Art,Q864503,biologist,0,0,EXCLUDE,0.9,3,P106,occupation
row1806,Q160236|Q36279,Q160236,Metropolitan Museum of Art,Q36279,biography,0,0,NOT_VISITED,,4,P921,main subject
row1807,Q160236|Q864380,Q160236,Metropolitan Museum of Art,Q864380,biographer,0,0,EXCLUDE,0.95,4,P106,occupation
row1815,Q160236|Q15619234,Q160236,Metropolitan Museum of Art,Q15619234,Bignou Gallery,1,1,INCLUDE,0.95,2,P127,owned by
row1823,Q160236|Q51037488,Q160236,Metropolitan Museum of Art,Q51037488,Berta Fritsch,1,1,INCLUDE,0.65,5,P26,spouse
row1827,Q160236|Q98605872,Q160236,Metropolitan Museum of Art,Q98605872,Bernhard Witke,1,1,INCLUDE,0.55,5,P3342,significant person
row1831,Q160236|Q359047,Q160236,Metropolitan Museum of Art,Q359047,Bernard Berenson,1,1,INCLUDE,0.95,4,P921,main subject
row1832,Q160236|Q59628896,Q160236,Metropolitan Museum of Art,Q59628896,Bermann Fischer Brigitte,1,1,INCLUDE,0.75,5,P40,child
row1835,Q160236|Q318815,Q160236,Metropolitan Museum of Art,Q318815,Bergier commission,1,1,INCLUDE,0.95,5,P1840,investigation of
row1836,Q160236|Q54957312,Q160236,Metropolitan Museum of Art,Q54957312,Benjamin Katz,1,1,INCLUDE,0.9,5,P127,owned by
row1837,Q160236|Q554620,Q160236,Metropolitan Museum of Art,Q554620,Benjamin de Rothschild,1,1,INCLUDE,0.8,4,P40,child
row1838,Q160236|Q2895984,Q160236,Metropolitan Museum of Art,Q2895984,Benjamin Altman,1,1,INCLUDE,0.95,2,P127,owned by
row1841,Q160236|Q30557313,Q160236,Metropolitan Museum of Art,Q30557313,Belle Linsky,1,1,INCLUDE,0.95,5,P26,spouse
row1842,Q160236|Q4882133,Q160236,Metropolitan Museum of Art,Q4882133,Beldon Katleman,0,0,EXCLUDE,0.95,4,P26,spouse
row1846,Q160236|Q51955019,Q160236,Metropolitan Museum of Art,Q51955019,BEIC Digital Library,0,0,EXCLUDE,0.95,3,P1343,described by source
row1848,Q160236|Q275569,Q160236,Metropolitan Museum of Art,Q275569,Béatrice Ephrussi de Rothschild,1,1,INCLUDE,0.9,5,P40,child
row1858,Q160236|Q806798,Q160236,Metropolitan Museum of Art,Q806798,banker,0,0,EXCLUDE,0.75,3,P106,occupation
row1864,Q160236|Q2876634,Q160236,Metropolitan Museum of Art,Q2876634,B. Altman and Company,1,1,INCLUDE,0.7,3,P1830,owner of
row1865,Q160236|Q27978238,Q160236,Metropolitan Museum of Art,Q27978238,Autumn with Moses receiving the Ten Commandments,0,1,INCLUDE,0.75,5,P1830,owner of
row1868,Q160236|Q766737,Q160236,Metropolitan Museum of Art,Q766737,Auguste Manet,0,0,EXCLUDE,0.95,3,P22,father
row1872,Q160236|Q75382955,Q160236,Metropolitan Museum of Art,Q75382955,"Artemy Nikolaievich Iskander, Prince Romanovsky-Iskander",0,0,NOT_VISITED,,5,P40,child
row1875,Q160236|Q83874292,Q160236,Metropolitan Museum of Art,Q83874292,Artemis S.A.,1,1,INCLUDE,0.7,4,P127,owned by
row1878,Q160236|Q16741013,Q160236,Metropolitan Museum of Art,Q16741013,art thief,1,1,INCLUDE,0.95,5,P106,occupation
row1883,Q160236|Q30335959,Q160236,Metropolitan Museum of Art,Q30335959,Art Looting Investigation Unit,1,1,INCLUDE,0.95,3,P1840,investigation of
row1888,Q160236|Q239303,Q160236,Metropolitan Museum of Art,Q239303,Art Institute of Chicago,1,1,INCLUDE,0.95,4,P127,owned by
row1892,Q160236|Q50637,Q160236,Metropolitan Museum of Art,Q50637,art history,1,1,INCLUDE,0.95,3,P921,main subject
row1900,Q160236|Q1792450,Q160236,Metropolitan Museum of Art,Q1792450,art historian,1,0,EXCLUDE,0.7,3,P106,occupation
row1914,Q160236|Q173950,Q160236,Metropolitan Museum of Art,Q173950,art dealer,1,1,INCLUDE,0.75,3,P106,occupation
row1921,Q160236|Q4164507,Q160236,Metropolitan Museum of Art,Q4164507,art critic,1,1,INCLUDE,0.85,5,P106,occupation
row1937,Q160236|Q10732476,Q160236,Metropolitan Museum of Art,Q10732476,art collector,1,1,INCLUDE,0.9,3,P106,occupation
row1948,Q160236|Q98831742,Q160236,Metropolitan Museum of Art,Q98831742,"Armorial of the members of the court council of Rudolf II of Habsburg (1552-1612), German emperor",0,1,INCLUDE,0.6,3,P1830,owner of
row1954,Q160236|Q2657718,Q160236,Metropolitan Museum of Art,Q2657718,Armenian Soviet Encyclopedia,0,0,EXCLUDE,0.95,3,P1343,described by source
row1961,Q160236|Q363383,Q160236,Metropolitan Museum of Art,Q363383,Armand Hammer,1,1,INCLUDE,0.95,3,P127,owned by
row1965,Q160236|Q42973,Q160236,Metropolitan Museum of Art,Q42973,architect,0,0,EXCLUDE,0.9,4,P106,occupation
row1967,Q160236|Q113754,Q160236,Metropolitan Museum of Art,Q113754,Archduke Wenceslaus of Austria,0,0,EXCLUDE,0.95,4,P40,child
row1969,Q160236|Q437295,Q160236,Metropolitan Museum of Art,Q437295,Archduke Leopold Wilhelm of Austria,0,0,EXCLUDE,0.6,2,P127,owned by
row1971,Q160236|Q347422,Q160236,Metropolitan Museum of Art,Q347422,Archduke Leopold Joseph of Austria,0,0,EXCLUDE,0.95,4,P40,child
row1972,Q160236|Q647419,Q160236,Metropolitan Museum of Art,Q647419,Archduke Karl Joseph of Austria,0,0,NOT_VISITED,,5,P40,child
row1973,Q160236|Q319764,Q160236,Metropolitan Museum of Art,Q319764,"Archduke Joseph, Palatine of Hungary",0,0,NOT_VISITED,,5,P26,spouse
row1974,Q160236|Q14541808,Q160236,Metropolitan Museum of Art,Q14541808,Archduke Johann Karl of Austria,0,0,NOT_VISITED,,4,P40,child
row1975,Q160236|Q327156,Q160236,Metropolitan Museum of Art,Q327156,Archduke Ernest of Austria,0,0,EXCLUDE,0.6,2,P127,owned by
row1977,Q160236|Q438335,Q160236,Metropolitan Museum of Art,Q438335,Archduchess Maria Magdalena of Austria,0,0,EXCLUDE,0.95,4,P40,child
row1978,Q160236|Q27886480,Q160236,Metropolitan Museum of Art,Q27886480,Archduchess Maria Josepha of Austria,0,0,EXCLUDE,0.95,4,P40,child
row1979,Q160236|Q93381,Q160236,Metropolitan Museum of Art,Q93381,Archduchess Maria Anna of Austria,0,0,NOT_VISITED,,4,P40,child
row1980,Q160236|Q112088,Q160236,Metropolitan Museum of Art,Q112088,Archduchess Maria Anna Josepha of Austria,0,0,EXCLUDE,0.95,4,P26,spouse
row1981,Q160236|Q79158,Q160236,Metropolitan Museum of Art,Q79158,Archduchess Margaretha of Austria,0,0,EXCLUDE,0.95,4,P40,child
row1988,Q160236|Q19960628,Q160236,Metropolitan Museum of Art,Q19960628,Archambaud de Talleyrand-Périgord,0,0,EXCLUDE,0.9,4,P40,child
row1989,Q160236|Q3621491,Q160236,Metropolitan Museum of Art,Q3621491,archaeologist,0,0,EXCLUDE,0.75,3,P106,occupation
row1990,Q160236|Q187865,Q160236,Metropolitan Museum of Art,Q187865,antiquarian seller,1,0,NOT_VISITED,,5,P106,occupation
row1999,Q160236|Q69555013,Q160236,Metropolitan Museum of Art,Q69555013,Andre Schoeller,1,1,INCLUDE,0.8,5,P3342,significant person
row2001,Q160236|Q21530090,Q160236,Metropolitan Museum of Art,Q21530090,An Elderly Man in Prayer,1,1,INCLUDE,0.95,5,P1830,owner of
row2006,Q160236|Q28860082,Q160236,Metropolitan Museum of Art,Q28860082,Amédée Schuffenecker,1,1,INCLUDE,0.95,2,P127,owned by
row2015,Q160236|Q2644803,Q160236,Metropolitan Museum of Art,Q2644803,Alfred Cassirer,1,1,INCLUDE,0.8,4,P40,child
row2018,Q160236|Q2644753,Q160236,Metropolitan Museum of Art,Q2644753,Alfred Breslauer,1,0,EXCLUDE,0.7,4,P22,father
row2019,Q160236|Q18379827,Q160236,Metropolitan Museum of Art,Q18379827,Alexandre Rosenberg,0,1,INCLUDE,0.9,5,P22,father
row2021,Q160236|Q76513772,Q160236,Metropolitan Museum of Art,Q76513772,Alexandre P. Rosenberg,1,1,INCLUDE,0.9,5,P40,child
row2024,Q160236|Q507156,Q160236,Metropolitan Museum of Art,Q507156,Alexandre Angélique de Talleyrand-Périgord,0,0,EXCLUDE,0.85,5,P40,child
row2025,Q160236|Q515770,Q160236,Metropolitan Museum of Art,Q515770,Alexandra Zhukovskaya,0,0,NOT_VISITED,,5,P26,spouse
row2026,Q160236|Q58001,Q160236,Metropolitan Museum of Art,Q58001,Alexandra Petrovna of Oldenburg,0,0,NOT_VISITED,,4,P26,spouse
row2027,Q160236|Q57207,Q160236,Metropolitan Museum of Art,Q57207,Alexandra Feodorovna,0,0,EXCLUDE,0.9,3,P26,spouse
row2028,Q160236|Q75253725,Q160236,Metropolitan Museum of Art,Q75253725,Alexandra Fellowes,0,0,EXCLUDE,0.95,4,P40,child
row2029,Q160236|Q55845962,Q160236,Metropolitan Museum of Art,Q55845962,Alexandra Andreevna Dietrichstein,0,0,EXCLUDE,0.95,5,P40,child
row2030,Q160236|Q2833919,Q160236,Metropolitan Museum of Art,Q2833919,Alexandr Nikolajewitsch Iskander,0,0,NOT_VISITED,,5,P40,child
row2031,Q160236|Q75318519,Q160236,Metropolitan Museum of Art,Q75318519,Alexander von Reutern,0,0,EXCLUDE,0.9,4,P40,child
row2032,Q160236|Q15066958,Q160236,Metropolitan Museum of Art,Q15066958,Alexander Urusov,0,0,EXCLUDE,0.75,5,P26,spouse
row2033,Q160236|Q2387340,Q160236,Metropolitan Museum of Art,Q2387340,Alexander Stroganov,0,0,NOT_VISITED,,5,P22,father
row2034,Q160236|Q84632,Q160236,Metropolitan Museum of Art,Q84632,Alexander Sigismund von der Pfalz-Neuburg,0,0,EXCLUDE,0.95,3,P40,child
row2037,Q160236|Q1519034,Q160236,Metropolitan Museum of Art,Q1519034,Alexander Palace,0,0,NOT_VISITED,,5,P1830,owner of
row2039,Q160236|Q75381475,Q160236,Metropolitan Museum of Art,Q75381475,Alexander of Oldenburg,0,0,NOT_VISITED,,5,P40,child
row2040,Q160236|Q120180,Q160236,Metropolitan Museum of Art,Q120180,Alexander III of Russia,0,0,NOT_VISITED,,4,P40,child
row2041,Q160236|Q83171,Q160236,Metropolitan Museum of Art,Q83171,Alexander II of Russia,0,0,EXCLUDE,0.9,3,P40,child
row2042,Q160236|Q15193,Q160236,Metropolitan Museum of Art,Q15193,Alexander I of Russia,0,0,EXCLUDE,0.95,4,P40,child
row2044,Q160236|Q4719071,Q160236,Metropolitan Museum of Art,Q4719071,Alexander Hamilton Jr.,0,0,NOT_VISITED,,3,P40,child
row2045,Q160236|Q28043469,Q160236,Metropolitan Museum of Art,Q28043469,"Alexander Hamilton, Jr.",0,0,NOT_VISITED,,4,P40,child
row2046,Q160236|Q19924921,Q160236,Metropolitan Museum of Art,Q19924921,Alexander Hamilton,0,1,INCLUDE,0.95,1,P1830,owner of
row2047,Q160236|Q178903,Q160236,Metropolitan Museum of Art,Q178903,Alexander Hamilton,0,0,EXCLUDE,0.75,2,P921,main subject
row2048,Q160236|Q4719061,Q160236,Metropolitan Museum of Art,Q4719061,Alexander Hamilton,0,0,NOT_VISITED,,4,P40,child
row2049,Q160236|Q4719062,Q160236,Metropolitan Museum of Art,Q4719062,Alexander Hamilton,0,0,NOT_VISITED,,5,P40,child
row2051,Q160236|Q2617314,Q160236,Metropolitan Museum of Art,Q2617314,Alexander Charles Vasa,0,0,EXCLUDE,0.95,5,P40,child
row2052,Q160236|Q4098834,Q160236,Metropolitan Museum of Art,Q4098834,Alexander Bulgakov,0,0,EXCLUDE,0.9,5,P22,father
row2053,Q160236|Q72922,Q160236,Metropolitan Museum of Art,Q72922,Alexander,0,0,NOT_VISITED,,5,P22,father
row2059,Q160236|Q18745022,Q160236,Metropolitan Museum of Art,Q18745022,Alec N. Wildenstein,1,1,INCLUDE,0.95,3,P127,owned by
row2060,Q160236|Q15954519,Q160236,Metropolitan Museum of Art,Q15954519,alchemist,0,0,NOT_VISITED,,5,P106,occupation
row2061,Q160236|Q457843,Q160236,Metropolitan Museum of Art,Q457843,album amicorum,0,0,NOT_VISITED,,4,P921,main subject
row2064,Q160236|Q1970945,Q160236,Metropolitan Museum of Art,Q1970945,Albright-Knox Art Gallery,1,1,INCLUDE,0.95,5,P127,owned by
row2068,Q160236|Q75527284,Q160236,Metropolitan Museum of Art,Q75527284,Albert Maximilian von Goldschmidt-Rothschild,1,1,INCLUDE,0.8,5,P26,spouse
row2069,Q160236|Q69468,Q160236,Metropolitan Museum of Art,Q69468,"Albert IV, Duke of Saxe-Eisenach",0,0,EXCLUDE,0.95,5,P26,spouse
row2072,Q160236|Q1552207,Q160236,Metropolitan Museum of Art,Q1552207,Albert Figdor,1,1,INCLUDE,0.95,2,P127,owned by
row2073,Q160236|Q2830219,Q160236,Metropolitan Museum of Art,Q2830219,Alain Renoir,0,0,EXCLUDE,0.75,4,P40,child
row2076,Q160236|Q2095549,Q160236,Metropolitan Museum of Art,Q2095549,aircraft pilot,0,0,EXCLUDE,0.85,5,P106,occupation
row2088,Q160236|Q33999,Q160236,Metropolitan Museum of Art,Q33999,actor,0,0,EXCLUDE,0.9,3,P106,occupation
row2097,Q160236|Q3713914,Q160236,Metropolitan Museum of Art,Q3713914,A Woman Seated beside a Vase of Flowers,0,0,EXCLUDE,0.95,3,P1830,owner of
row2105,Q160236|Q15987490,Q160236,Metropolitan Museum of Art,Q15987490,1922 Encyclopædia Britannica,0,0,EXCLUDE,0.9,3,P1343,described by source
row2106,Q160236|Q13423107,Q160236,Metropolitan Museum of Art,Q13423107,1001 Vrouwen uit de Nederlandse geschiedenis,0,0,EXCLUDE,0.98,5,P1343,described by source
row2109,Q160236|Q66362718,Q160236,Metropolitan Museum of Art,Q66362718,1001 Paintings You Must See Before You Die,0,1,INCLUDE,0.65,4,P1343,described by source
row2110,Q160236|Q55185760,Q160236,Metropolitan Museum of Art,Q55185760,'Son of man' as a self-designation of Jesus,0,0,EXCLUDE,0.95,4,P1343,described by source
row1,Q1634926|Q17355822,Q1634926,Hugo Cassirer,Q17355822,Yonker Ramp and his Sweetheart,0,0,EXCLUDE,0.7,5,P1830,owner of
row3,Q1634926|Q36180,Q1634926,Hugo Cassirer,Q36180,writer,0,0,EXCLUDE,0.95,3,P106,occupation
row29,Q1634926|Q68074438,Q1634926,Hugo Cassirer,Q68074438,WikiProject Livius,0,0,EXCLUDE,0.85,5,P5008,on focus list of Wikimedia project
row45,Q1634926|Q19924921,Q1634926,Hugo Cassirer,Q19924921,Alexander Hamilton,0,1,INCLUDE,0.85,5,P1830,owner of
row64,Q1634926|Q20167246,Q1634926,Hugo Cassirer,Q20167246,The Potato Peeler,1,1,INCLUDE,0.85,5,P1830,owner of
row66,Q1634926|Q3181656,Q1634926,Hugo Cassirer,Q3181656,The Nuttall Encyclopædia,0,0,EXCLUDE,0.95,5,P1343,described by source
row95,Q1634926|Q36834,Q1634926,Hugo Cassirer,Q36834,composer,0,0,EXCLUDE,0.75,5,P106,occupation
row96,Q1634926|Q158852,Q1634926,Hugo Cassirer,Q158852,conductor,0,0,EXCLUDE,0.95,5,P106,occupation
row103,Q1634926|Q95541,Q1634926,Hugo Cassirer,Q95541,Samuel Fischer,1,1,INCLUDE,0.8,4,P127,owned by
row110,Q1634926|Q5375476,Q1634926,Hugo Cassirer,Q5375476,Enclosed Field with Peasant,1,1,INCLUDE,0.95,3,P1830,owner of
row114,Q1634926|Q17813915,Q1634926,Hugo Cassirer,Q17813915,Portrait of Petrus Scriverius,0,0,EXCLUDE,0.7,5,P1830,owner of
row119,Q1634926|Q17815340,Q1634926,Hugo Cassirer,Q17815340,Portrait of Anna van der Aar,0,0,EXCLUDE,0.7,5,P1830,owner of
row125,Q1634926|Q3937681,Q1634926,Hugo Cassirer,Q3937681,Portrait of a Woman with a Man at a Casement,0,1,INCLUDE,0.85,5,P1830,owner of
row128,Q1634926|Q19911671,Q1634926,Hugo Cassirer,Q19911671,"Portrait of a Man, Said to be Christopher Columbus (born about 1446, died 1506)",0,1,INCLUDE,0.85,5,P1830,owner of
row132,Q1634926|Q49757,Q1634926,Hugo Cassirer,Q49757,poet,0,0,EXCLUDE,0.95,3,P106,occupation
row139,Q1634926|Q106906938,Q1634926,Hugo Cassirer,Q106906938,Georges Durand-Ruel,1,1,INCLUDE,0.85,5,P40,child
row142,Q1634926|Q1768721,Q1634926,Hugo Cassirer,Q1768721,Gujin Tushu Jicheng,0,0,NOT_VISITED,,4,P1343,described by source
row146,Q1634926|Q104601081,Q1634926,Hugo Cassirer,Q104601081,Österreichische Schriftstellerinnen 1880–1938,0,0,EXCLUDE,0.8,4,P1343,described by source
row155,Q1634926|Q1573212,Q1634926,Hugo Cassirer,Q1573212,Hamburg Biographies,0,0,NOT_VISITED,,5,P1343,described by source
row159,Q1634926|Q58433306,Q1634926,Hugo Cassirer,Q58433306,"Hans Haacke,Framing and Being Framed: 7 Works, 1970–75",1,0,EXCLUDE,0.65,5,P1343,described by source
row168,Q1634926|Q89929597,Q1634926,Hugo Cassirer,Q89929597,hedendaagsesieraden.nl,0,0,EXCLUDE,0.95,5,P1343,described by source
row172,Q1634926|Q20089963,Q1634926,Hugo Cassirer,Q20089963,New International Encyclopedia (1902–05),0,0,EXCLUDE,0.9,5,P1343,described by source
row191,Q1634926|Q106727050,Q1634926,Hugo Cassirer,Q106727050,Metropolitan Museum of Art Tagging Vocabulary,1,0,EXCLUDE,0.8,5,P1343,described by source
row200,Q1634926|Q1868065,Q1634926,Hugo Cassirer,Q1868065,merchant's house,0,0,EXCLUDE,0.95,5,P1830,owner of
row224,Q1634926|Q964608,Q1634926,Hugo Cassirer,Q964608,Lucien Pissarro,1,1,INCLUDE,0.85,4,P127,owned by
row238,Q1634926|Q48976445,Q1634926,Hugo Cassirer,Q48976445,Le Palais Ducal,1,1,INCLUDE,0.85,5,P1830,owner of
row239,Q1634926|Q18347243,Q1634926,Hugo Cassirer,Q18347243,Lefevre Gallery,1,1,INCLUDE,0.95,5,P127,owned by
row242,Q1634926|Q19098835,Q1634926,Hugo Cassirer,Q19098835,Library of the World's Best Literature,0,0,EXCLUDE,0.9,5,P1343,described by source
row246,Q1634926|Q53092134,Q1634926,Hugo Cassirer,Q53092134,Lilly Cassirer,1,0,EXCLUDE,0.75,5,P26,spouse
row257,Q1634926|Q99413897,Q1634926,Hugo Cassirer,Q99413897,Medvik,0,0,EXCLUDE,0.95,3,P1343,described by source
row271,Q1634926|Q4610556,Q1634926,Hugo Cassirer,Q4610556,model,0,0,EXCLUDE,0.9,5,P106,occupation
row280,Q1634926|Q94763749,Q1634926,Hugo Cassirer,Q94763749,Hedwig Fischer,1,1,INCLUDE,0.75,4,P127,owned by
row281,Q1634926|Q21171699,Q1634926,Hugo Cassirer,Q21171699,Hedwig Cassirer,1,0,EXCLUDE,0.7,4,P26,spouse
row292,Q1634926|Q67311526,Q1634926,Hugo Cassirer,Q67311526,Obalky knih.cz,0,0,EXCLUDE,0.75,3,P1343,described by source
row309,Q1634926|Q17378135,Q1634926,Hugo Cassirer,Q17378135,Great Soviet Encyclopedia (1969–1978),0,0,EXCLUDE,0.9,5,P1343,described by source
row321,Q1634926|Q4532138,Q1634926,Hugo Cassirer,Q4532138,Granat Encyclopedic Dictionary,0,0,NOT_VISITED,,5,P1343,described by source
row329,Q1634926|Q104520680,Q1634926,Hugo Cassirer,Q104520680,Göring's man in Paris : the story of a Nazi art plunderer and his world,1,1,INCLUDE,1.0,5,P1343,described by source
row340,Q1634926|Q1138524,Q1634926,Hugo Cassirer,Q1138524,Paulys Realenzyklopädie der klassischen Altertumswissenschaft,0,0,NOT_VISITED,,5,P1343,described by source
row344,Q1634926|Q19906011,Q1634926,Hugo Cassirer,Q19906011,Peasant Woman Cooking by a Fireplace,1,1,INCLUDE,0.85,5,P1830,owner of
row353,Q1634926|Q1970746,Q1634926,Hugo Cassirer,Q1970746,Explanatory Dictionary of the Living Great Russian Language,0,0,EXCLUDE,0.95,5,P1343,described by source
row359,Q1634926|Q3059832,Q1634926,Hugo Cassirer,Q3059832,Eugène Druet,1,1,INCLUDE,0.95,4,P127,owned by
row365,Q1634926|Q867541,Q1634926,Hugo Cassirer,Q867541,Encyclopædia Britannica 11th edition,0,0,EXCLUDE,0.9,5,P1343,described by source
row382,Q1634926|Q177220,Q1634926,Hugo Cassirer,Q177220,singer,0,0,EXCLUDE,0.75,5,P106,occupation
row396,Q1634926|Q46002746,Q1634926,Hugo Cassirer,Q46002746,Dictionary of African Biography,0,0,EXCLUDE,0.95,3,P1343,described by source
row400,Q1634926|Q19905413,Q1634926,Hugo Cassirer,Q19905413,Spring Flowers,0,0,EXCLUDE,0.7,5,P1830,owner of
row412,Q1634926|Q78662681,Q1634926,Hugo Cassirer,Q78662681,Composition of Red and White: Nom 1/Composition No....,1,1,INCLUDE,0.95,3,P1830,owner of
row415,Q1634926|Q73357989,Q1634926,Hugo Cassirer,Q73357989,Survey of GLAM open access policy and practice,0,0,EXCLUDE,0.9,5,P1343,described by source
row448,Q1634926|Q91618,Q1634926,Hugo Cassirer,Q91618,Bruno Cassirer,1,0,NOT_VISITED,,4,,
row450,Q1634926|Q602358,Q1634926,Hugo Cassirer,Q602358,Brockhaus and Efron Encyclopedic Dictionary,0,0,EXCLUDE,0.95,5,P1343,described by source
row468,Q1634926|Q19820423,Q1634926,Hugo Cassirer,Q19820423,The Church in Moret after the Rain,0,1,INCLUDE,0.95,5,P1830,owner of
row472,Q1634926|Q98281053,Q1634926,Hugo Cassirer,Q98281053,biografiA: Lexikon österreichischer Frauen,0,0,EXCLUDE,0.8,4,P1343,described by source
row477,Q1634926|Q4086271,Q1634926,Hugo Cassirer,Q4086271,Bible Encyclopedia of Archimandrite Nicephorus,0,0,EXCLUDE,0.95,5,P1343,described by source
row493,Q1634926|Q1630100,Q1634926,Hugo Cassirer,Q1630100,art model,0,0,EXCLUDE,0.7,5,P106,occupation
row496,Q1634926|Q326503,Q1634926,Hugo Cassirer,Q326503,The Sleepers,1,1,INCLUDE,0.95,5,P1830,owner of
row498,Q1634926|Q28790437,Q1634926,Hugo Cassirer,Q28790437,Armor of Emperor Ferdinand I,0,1,INCLUDE,0.8,5,P1830,owner of
row501,Q1634926|Q2657718,Q1634926,Hugo Cassirer,Q2657718,Armenian Soviet Encyclopedia,0,0,EXCLUDE,0.95,4,P1343,described by source
row507,Q1634926|Q39013,Q1634926,Hugo Cassirer,Q39013,The Woman in the Waves,0,1,INCLUDE,0.85,5,P1830,owner of
row522,Q1634926|Q42601013,Q1634926,Hugo Cassirer,Q42601013,ALIU Detailed Interrogation Report (DIR) No. 6 Bruno Lohse August 1945,1,1,INCLUDE,1.0,5,P1343,described by source
row524,Q1634926|Q107177051,Q1634926,Hugo Cassirer,Q107177051,Walter Feilchenfeldt Jr.,1,1,INCLUDE,0.95,5,P40,child
row528,Q1634926|Q105757729,Q1634926,Hugo Cassirer,Q105757729,WikiProject PCC Wikidata Pilot — Smithsonian Libraries — Artists Files,0,0,EXCLUDE,0.9,5,P5008,on focus list of Wikimedia project
row539,Q1634926|Q113262,Q1634926,Hugo Cassirer,Q113262,Young man in Mayo costume,0,0,EXCLUDE,0.7,5,P1830,owner of
row547,Q1634926|Q56816048,Q1634926,Hugo Cassirer,Q56816048,Zur Übernahme des Auktionshauses Paul Graupe durch Hans W. Lange,1,1,INCLUDE,0.9,5,P1343,described by source
row574,Q1634926|Q8030760,Q1634926,Hugo Cassirer,Q8030760,Woman with a Parrot,0,1,INCLUDE,0.85,5,P1830,owner of
row577,Q1634926|Q20080422,Q1634926,Hugo Cassirer,Q20080422,Woman with a glass of wine and a child in a garden,1,1,INCLUDE,0.7,5,P1830,owner of
row590,Q1634926|Q22965268,Q1634926,Hugo Cassirer,Q22965268,Woman Playing a Guitar,1,1,INCLUDE,0.95,5,P1830,owner of
row618,Q1634926|Q40457263,Q1634926,Hugo Cassirer,Q40457263,William A. M. Burden,1,1,INCLUDE,0.95,2,P127,owned by
row629,Q1634926|Q10288082,Q1634926,Hugo Cassirer,Q10288082,Wildenstein & Company,1,1,INCLUDE,0.95,5,P127,owned by
row645,Q1634926|Q104694359,Q1634926,Hugo Cassirer,Q104694359,WikiProject PCC Wikidata Pilot/Frick Art Reference Library,0,0,EXCLUDE,0.7,3,P5008,on focus list of Wikimedia project
row657,Q1634926|Q100137722,Q1634926,Hugo Cassirer,Q100137722,Wikiproject Nuremberg Trials,1,0,EXCLUDE,0.8,5,P5008,on focus list of Wikimedia project
row677,Q1634926|Q26221228,Q1634926,Hugo Cassirer,Q26221228,Wheat Fields after the Rain,1,1,INCLUDE,0.7,5,P1830,owner of
row690,Q1634926|Q11075015,Q1634926,Hugo Cassirer,Q11075015,war criminal,0,1,INCLUDE,0.85,5,P106,occupation
row703,Q1634926|Q2544162,Q1634926,Hugo Cassirer,Q2544162,Walter Feilchenfeldt,1,1,INCLUDE,0.95,4,P127,owned by
row717,Q1634926|Q152564,Q1634926,Hugo Cassirer,Q152564,Völkischer Beobachter,0,0,EXCLUDE,0.9,5,P1830,owner of
row777,Q1634926|Q1622272,Q1634926,Hugo Cassirer,Q1622272,university teacher,0,0,EXCLUDE,0.95,3,P106,occupation
row800,Q1634926|Q26221201,Q1634926,Hugo Cassirer,Q26221201,Two Diggers among Trees,1,1,INCLUDE,0.95,5,P1830,owner of
row808,Q1634926|Q27568006,Q1634926,Hugo Cassirer,Q27568006,Triptych: Holy Family with Saints Catherine and Barbara,1,1,INCLUDE,0.95,5,P1830,owner of
row819,Q1634926|Q1321055,Q1634926,Hugo Cassirer,Q1321055,Tilla Durieux,1,1,INCLUDE,0.9,3,P1830,owner of
row820,Q1634926|Q78793,Q1634926,Hugo Cassirer,Q78793,Tilla Durieux,1,1,INCLUDE,0.95,3,P26,spouse
row840,Q1634926|Q56555894,Q1634926,Hugo Cassirer,Q56555894,Theodore Schempp,1,1,INCLUDE,0.95,5,P127,owned by
row870,Q1634926|Q1810348,Q1634926,Hugo Cassirer,Q1810348,The Quai Malaquais and the Institute,1,1,INCLUDE,0.95,3,P1830,owner of
row887,Q1634926|Q776175,Q1634926,Hugo Cassirer,Q776175,The Harvesters,0,1,INCLUDE,0.85,5,P1830,owner of
row906,Q1634926|Q28035859,Q1634926,Hugo Cassirer,Q28035859,Still Life with Mangoes and a Hibiscus Flower,1,1,INCLUDE,0.95,4,P1830,owner of
row942,Q1634926|Q55656666,Q1634926,Hugo Cassirer,Q55656666,"Roman period shears from Trabzon, MET 39.2.2",1,1,INCLUDE,0.75,5,P1830,owner of
row950,Q1634926|Q27680201,Q1634926,Hugo Cassirer,Q27680201,Riemann's Music Dictionary (1901–1904),0,0,EXCLUDE,0.95,5,P1343,described by source
row952,Q1634926|Q2148186,Q1634926,Hugo Cassirer,Q2148186,Rhode Island School of Design Museum,1,1,INCLUDE,0.95,5,P127,owned by
row959,Q1634926|Q673751,Q1634926,Hugo Cassirer,Q673751,Reichsleiter Rosenberg Taskforce,1,1,INCLUDE,0.95,5,P106,occupation
row1010,Q1634926|Q82955,Q1634926,Hugo Cassirer,Q82955,politician,0,0,EXCLUDE,0.95,5,P106,occupation
row1027,Q1634926|Q214917,Q1634926,Hugo Cassirer,Q214917,playwright,0,0,EXCLUDE,0.95,3,P106,occupation
row1039,Q1634926|Q39931,Q1634926,Hugo Cassirer,Q39931,Pierre-Auguste Renoir,1,1,INCLUDE,0.9,4,P127,owned by
row1042,Q1634926|Q518966,Q1634926,Hugo Cassirer,Q518966,Pierre Renoir,0,0,EXCLUDE,0.7,5,P40,child
row1050,Q1634926|Q39631,Q1634926,Hugo Cassirer,Q39631,physician,0,0,EXCLUDE,0.8,5,P106,occupation
row1061,Q1634926|Q4964182,Q1634926,Hugo Cassirer,Q4964182,philosopher,0,0,NOT_VISITED,,5,P106,occupation
row1089,Q1634926|Q12362622,Q1634926,Hugo Cassirer,Q12362622,philanthropist,0,0,EXCLUDE,0.7,4,P106,occupation
row1106,Q1634926|Q78060740,Q1634926,Hugo Cassirer,Q78060740,Paul Cassirer Gallery,1,1,INCLUDE,0.95,3,P1830,owner of
row1131,Q1634926|Q7320,Q1634926,Hugo Cassirer,Q7320,Nazi Party,1,1,INCLUDE,0.9,4,P127,owned by
row1136,Q1634926|Q1565911,Q1634926,Hugo Cassirer,Q1565911,"Museum of Fine Arts, Houston",1,1,INCLUDE,0.95,5,P127,owned by
row1143,Q1634926|Q125634,Q1634926,Hugo Cassirer,Q125634,Museum Folkwang,1,1,INCLUDE,0.95,4,P127,owned by
row1149,Q1634926|Q160236,Q1634926,Hugo Cassirer,Q160236,Metropolitan Museum of Art,1,1,INCLUDE,0.95,4,P127,owned by
row1201,Q1634926|Q3067376,Q1634926,Hugo Cassirer,Q3067376,Jacques Seligmann & Company,1,1,INCLUDE,0.95,5,P127,owned by
row1208,Q1634926|Q28848149,Q1634926,Hugo Cassirer,Q28848149,J. K. Thannhauser Art Gallery,1,1,INCLUDE,0.9,4,P1830,owner of
row1224,Q1634926|Q65059,Q1634926,Hugo Cassirer,Q65059,Hermann Josef Abs,1,1,INCLUDE,0.9,4,P127,owned by
row1227,Q1634926|Q47906,Q1634926,Hugo Cassirer,Q47906,Hermann Göring,1,1,INCLUDE,0.95,4,P127,owned by
row1264,Q1634926|Q627325,Q1634926,Hugo Cassirer,Q627325,graphic designer,0,0,EXCLUDE,0.8,5,P106,occupation
row1268,Q1634926|Q1925963,Q1634926,Hugo Cassirer,Q1925963,graphic artist,0,0,EXCLUDE,0.8,5,P106,occupation
row1336,Q1634926|Q97753,Q1634926,Hugo Cassirer,Q97753,Gottfried Bermann,1,1,INCLUDE,0.8,4,P127,owned by
row1341,Q1634926|Q40023372,Q1634926,Hugo Cassirer,Q40023372,Gisela Fischer,1,1,INCLUDE,0.85,4,P127,owned by
row1364,Q1634926|Q80317,Q1634926,Hugo Cassirer,Q80317,Garçon à la pipe,1,1,INCLUDE,0.95,5,P1830,owner of
row1367,Q1634926|Q20771242,Q1634926,Hugo Cassirer,Q20771242,gallerist,1,1,INCLUDE,0.9,5,P106,occupation
row1382,Q1634926|Q47001605,Q1634926,Hugo Cassirer,Q47001605,Galerie Fischer,1,1,INCLUDE,0.95,5,P127,owned by
row1404,Q1634926|Q19502360,Q1634926,Hugo Cassirer,Q19502360,Fritz Meyer-Fierz,1,1,INCLUDE,0.95,5,P127,owned by
row1426,Q1634926|Q1414443,Q1634926,Hugo Cassirer,Q1414443,filmmaker,0,0,EXCLUDE,0.9,3,P106,occupation
row1436,Q1634926|Q10800557,Q1634926,Hugo Cassirer,Q10800557,film actor,0,0,EXCLUDE,0.9,4,P106,occupation
row1471,Q1634926|Q20730464,Q1634926,Hugo Cassirer,Q20730464,Étienne Bignou,0,1,INCLUDE,0.9,5,P127,owned by
row1472,Q1634926|Q20730464,Q1634926,Hugo Cassirer,Q20730464,Étienne Bignou,1,1,INCLUDE,0.9,5,P127,owned by
row1483,Q1634926|Q110491536,Q1634926,Hugo Cassirer,Q110491536,Estella Katzenellenbogen,1,0,EXCLUDE,0.7,5,P26,spouse
row1490,Q1634926|Q57188,Q1634926,Hugo Cassirer,Q57188,Ernst Cassirer,1,0,NOT_VISITED,,4,P40,child
row1493,Q1634926|Q2894644,Q1634926,Hugo Cassirer,Q2894644,Ephrussi family,1,1,INCLUDE,0.95,4,P127,owned by
row1497,Q1634926|Q131524,Q1634926,Hugo Cassirer,Q131524,entrepreneur,0,0,EXCLUDE,0.9,1,P106,occupation
row1511,Q1634926|Q81096,Q1634926,Hugo Cassirer,Q81096,engineer,0,0,EXCLUDE,0.9,1,P106,occupation
row1533,Q1634926|Q24255440,Q1634926,Hugo Cassirer,Q24255440,Eduard Cassirer,1,0,EXCLUDE,0.8,3,P40,child
row1562,Q1634926|Q15296811,Q1634926,Hugo Cassirer,Q15296811,drawer,0,0,EXCLUDE,0.8,5,P106,occupation
row1570,Q1634926|Q14623005,Q1634926,Hugo Cassirer,Q14623005,draftsperson,0,0,EXCLUDE,0.8,5,P106,occupation
row1579,Q1634926|Q107676574,Q1634926,Hugo Cassirer,Q107676574,Dr. Fritz Rosenfeld,1,1,INCLUDE,0.9,5,P127,owned by
row1585,Q1634926|Q25391673,Q1634926,Hugo Cassirer,Q25391673,Domenica Walter,1,1,INCLUDE,0.95,5,P127,owned by
row1609,Q1634926|Q27349,Q1634926,Hugo Cassirer,Q27349,dentist,0,0,EXCLUDE,0.95,4,P106,occupation
row1610,Q1634926|Q1186818,Q1634926,Hugo Cassirer,Q1186818,Den Store Danske Encyklopædi,0,0,EXCLUDE,0.9,5,P1343,described by source
row1633,Q1634926|Q674426,Q1634926,Hugo Cassirer,Q674426,curator,1,1,INCLUDE,0.65,4,P106,occupation
row1657,Q1634926|Q21550489,Q1634926,Hugo Cassirer,Q21550489,conceptual artist,0,0,EXCLUDE,0.75,5,P106,occupation
row1664,Q1634926|Q1780490,Q1634926,Hugo Cassirer,Q1780490,communard,0,0,EXCLUDE,0.95,5,P106,occupation
row1677,Q1634926|Q60729883,Q1634926,Hugo Cassirer,Q60729883,Cleveland Museum of Art Open Access project,0,0,EXCLUDE,0.7,5,P5008,on focus list of Wikimedia project
row1682,Q1634926|Q657415,Q1634926,Hugo Cassirer,Q657415,Cleveland Museum of Art,1,1,INCLUDE,0.95,5,P127,owned by
row1706,Q1634926|Q593644,Q1634926,Hugo Cassirer,Q593644,chemist,0,0,EXCLUDE,0.95,5,P106,occupation
row1721,Q1634926|Q104439776,Q1634926,Hugo Cassirer,Q104439776,Charles Durand-Ruel,1,1,INCLUDE,0.85,5,P40,child
row1734,Q1634926|Q140686,Q1634926,Hugo Cassirer,Q140686,chairperson,0,0,EXCLUDE,0.9,5,P106,occupation
row1763,Q1634926|Q222728,Q1634926,Hugo Cassirer,Q222728,Carinhall,1,1,INCLUDE,0.75,5,P1830,owner of
row1769,Q1634926|Q43845,Q1634926,Hugo Cassirer,Q43845,businessperson,0,0,EXCLUDE,0.7,3,P106,occupation
row1783,Q1634926|Q18223037,Q1634926,Hugo Cassirer,Q18223037,Bunch of Asparagus,1,1,INCLUDE,0.95,3,P1830,owner of
row1792,Q1634926|Q89582,Q1634926,Hugo Cassirer,Q89582,Bruno Lohse,1,1,INCLUDE,0.95,4,P127,owned by
row1811,Q1634926|Q15619234,Q1634926,Hugo Cassirer,Q15619234,Bignou Gallery,1,1,INCLUDE,0.95,4,P127,owned by
row1843,Q1634926|Q51955019,Q1634926,Hugo Cassirer,Q51955019,BEIC Digital Library,0,0,EXCLUDE,0.9,5,P1343,described by source
row1852,Q1634926|Q806798,Q1634926,Hugo Cassirer,Q806798,banker,0,0,EXCLUDE,0.85,5,P106,occupation
row1879,Q1634926|Q30335959,Q1634926,Hugo Cassirer,Q30335959,Art Looting Investigation Unit,1,1,INCLUDE,0.9,5,P1840,investigation of
row1894,Q1634926|Q1792450,Q1634926,Hugo Cassirer,Q1792450,art historian,1,1,INCLUDE,0.95,5,P106,occupation
row1906,Q1634926|Q173950,Q1634926,Hugo Cassirer,Q173950,art dealer,1,1,INCLUDE,0.95,2,P106,occupation
row1918,Q1634926|Q4164507,Q1634926,Hugo Cassirer,Q4164507,art critic,1,1,INCLUDE,0.75,5,P106,occupation
row1925,Q1634926|Q10732476,Q1634926,Hugo Cassirer,Q10732476,art collector,1,1,INCLUDE,0.95,3,P106,occupation
row1963,Q1634926|Q42973,Q1634926,Hugo Cassirer,Q42973,architect,0,0,EXCLUDE,0.95,5,P106,occupation
row2002,Q1634926|Q28860082,Q1634926,Hugo Cassirer,Q28860082,Amédée Schuffenecker,1,1,INCLUDE,0.95,5,P127,owned by
row2074,Q1634926|Q2095549,Q1634926,Hugo Cassirer,Q2095549,aircraft pilot,0,0,EXCLUDE,0.9,5,P106,occupation
row2084,Q1634926|Q33999,Q1634926,Hugo Cassirer,Q33999,actor,0,0,EXCLUDE,0.9,4,P106,occupation
row2104,Q1634926|Q15987490,Q1634926,Hugo Cassirer,Q15987490,1922 Encyclopædia Britannica,0,0,EXCLUDE,0.9,5,P1343,described by source
row7,Q17277888|Q36180,Q17277888,Gottlieb Friedrich Reber,Q36180,writer,0,0,EXCLUDE,0.95,4,P106,occupation
row11,Q17277888|Q20275618,Q17277888,Gottlieb Friedrich Reber,Q20275618,A Peasant Woman Digging in Front of Her Cottage,1,1,INCLUDE,0.95,5,P1830,owner of
row21,Q17277888|Q20267520,Q17277888,Gottlieb Friedrich Reber,Q20267520,Abraham's Sacrifice of Isaac,0,1,INCLUDE,0.95,5,P1830,owner of
row39,Q17277888|Q109496377,Q17277888,Gottlieb Friedrich Reber,Q109496377,WikiProject Applied arts,0,0,EXCLUDE,0.8,5,P5008,on focus list of Wikimedia project
row49,Q17277888|Q7933396,Q17277888,Gottlieb Friedrich Reber,Q7933396,Violin and Grapes,1,1,INCLUDE,0.95,3,P1830,owner of
row56,Q17277888|Q1234713,Q17277888,Gottlieb Friedrich Reber,Q1234713,theologian,0,0,EXCLUDE,0.95,4,P106,occupation
row62,Q17277888|Q19912997,Q17277888,Gottlieb Friedrich Reber,Q19912997,Barges at Pontoise,1,1,INCLUDE,0.9,3,P1830,owner of
row68,Q17277888|Q3181656,Q17277888,Gottlieb Friedrich Reber,Q3181656,The Nuttall Encyclopædia,0,0,NOT_VISITED,,4,P1343,described by source
row86,Q17277888|Q19698487,Q17277888,Gottlieb Friedrich Reber,Q19698487,Swedish Publicist's Association Photo Directory 1936,0,0,EXCLUDE,0.95,4,P1343,described by source
row87,Q17277888|Q10501038,Q17277888,Gottlieb Friedrich Reber,Q10501038,Swedish church birth records,0,0,EXCLUDE,0.95,5,P1343,described by source
row88,Q17277888|Q48761314,Q17277888,Gottlieb Friedrich Reber,Q48761314,Swedish Census 1910,0,0,EXCLUDE,0.95,3,P1343,described by source
row90,Q17277888|Q50287368,Q17277888,Gottlieb Friedrich Reber,Q50287368,Swedish Census 1900,0,0,EXCLUDE,0.95,4,P1343,described by source
row91,Q17277888|Q50287327,Q17277888,Gottlieb Friedrich Reber,Q50287327,Swedish Census 1890,0,0,EXCLUDE,0.95,4,P1343,described by source
row92,Q17277888|Q49213654,Q17277888,Gottlieb Friedrich Reber,Q49213654,Swedish Census 1880,0,0,EXCLUDE,0.95,3,P1343,described by source
row97,Q17277888|Q19180675,Q17277888,Gottlieb Friedrich Reber,Q19180675,Small Brockhaus and Efron Encyclopedic Dictionary,0,0,NOT_VISITED,,4,P1343,described by source
row111,Q17277888|Q5375476,Q17277888,Gottlieb Friedrich Reber,Q5375476,Enclosed Field with Peasant,1,1,INCLUDE,0.95,4,P1830,owner of
row116,Q17277888|Q2105269,Q17277888,Gottlieb Friedrich Reber,Q2105269,Portrait of Henri Rochefort,0,1,INCLUDE,0.95,4,P1830,owner of
row126,Q17277888|Q17275827,Q17277888,Gottlieb Friedrich Reber,Q17275827,Portrait of a man in a plumed hat,0,1,INCLUDE,0.7,4,P1830,owner of
row136,Q17277888|Q64216457,Q17277888,Gottlieb Friedrich Reber,Q64216457,Galerie Jacques Dubourg,1,1,INCLUDE,0.9,4,P1830,owner of
row138,Q17277888|Q20771242,Q17277888,Gottlieb Friedrich Reber,Q20771242,gallerist,1,1,INCLUDE,0.9,5,P106,occupation
row164,Q17277888|Q58433306,Q17277888,Gottlieb Friedrich Reber,Q58433306,"Hans Haacke,Framing and Being Framed: 7 Works, 1970–75",1,0,EXCLUDE,0.65,3,P1343,described by source
row175,Q17277888|Q54149726,Q17277888,Gottlieb Friedrich Reber,Q54149726,Hitler and Genghis Khan,0,0,EXCLUDE,0.85,5,P1343,described by source
row217,Q17277888|Q1706617,Q17277888,Gottlieb Friedrich Reber,Q1706617,Joseph Beuys,0,0,EXCLUDE,0.7,5,P1830,owner of
row220,Q17277888|Q47530987,Q17277888,Gottlieb Friedrich Reber,Q47530987,Julius Böhler Jr.,1,1,INCLUDE,0.8,5,P3342,significant person
row232,Q17277888|Q26689481,Q17277888,Gottlieb Friedrich Reber,Q26689481,La Ferté,1,0,EXCLUDE,0.7,4,P1830,owner of
row254,Q17277888|Q72961007,Q17277888,Gottlieb Friedrich Reber,Q72961007,Margaret Silberman,1,1,INCLUDE,0.8,4,P26,spouse
row260,Q17277888|Q99413897,Q17277888,Gottlieb Friedrich Reber,Q99413897,Medvik,0,0,EXCLUDE,0.95,5,P1343,described by source
row270,Q17277888|Q219477,Q17277888,Gottlieb Friedrich Reber,Q219477,missionary,0,0,NOT_VISITED,,4,P106,occupation
row278,Q17277888|Q1066835,Q17277888,Gottlieb Friedrich Reber,Q1066835,New York World,0,0,EXCLUDE,0.9,5,P1830,owner of
row282,Q17277888|Q22083543,Q17277888,Gottlieb Friedrich Reber,Q22083543,,0,0,EXCLUDE,0.8,4,P1343,described by source
row283,Q17277888|Q110952532,Q17277888,Gottlieb Friedrich Reber,Q110952532,,0,0,EXCLUDE,0.8,4,P1343,described by source
row284,Q17277888|Q58366813,Q17277888,Gottlieb Friedrich Reber,Q58366813,1877 State Calendar of Sweden,0,0,EXCLUDE,0.95,5,P1343,described by source
row285,Q17277888|Q21600495,Q17277888,Gottlieb Friedrich Reber,Q21600495,,0,0,EXCLUDE,0.95,5,P1343,described by source
row297,Q17277888|Q67311526,Q17277888,Gottlieb Friedrich Reber,Q67311526,Obalky knih.cz,0,0,EXCLUDE,0.95,2,P1343,described by source
row305,Q17277888|Q19754058,Q17277888,Gottlieb Friedrich Reber,Q19754058,Otto Kallir,1,1,INCLUDE,0.95,4,P127,owned by
row311,Q17277888|Q17378135,Q17277888,Gottlieb Friedrich Reber,Q17378135,Great Soviet Encyclopedia (1969–1978),0,0,EXCLUDE,0.95,2,P1343,described by source
row316,Q17277888|Q20078554,Q17277888,Gottlieb Friedrich Reber,Q20078554,Great Soviet Encyclopedia (1926–1947),0,0,EXCLUDE,0.95,5,P1343,described by source
row320,Q17277888|Q2041543,Q17277888,Gottlieb Friedrich Reber,Q2041543,Ottův slovník naučný,0,0,NOT_VISITED,,4,P1343,described by source
row322,Q17277888|Q4532138,Q17277888,Gottlieb Friedrich Reber,Q4532138,Granat Encyclopedic Dictionary,0,0,NOT_VISITED,,4,P1343,described by source
row338,Q17277888|Q152002,Q17277888,Gottlieb Friedrich Reber,Q152002,pastor,0,0,EXCLUDE,0.95,4,P106,occupation
row376,Q17277888|Q1397808,Q17277888,Gottlieb Friedrich Reber,Q1397808,resistance fighter,0,0,NOT_VISITED,,4,P106,occupation
row389,Q17277888|Q379406,Q17277888,Gottlieb Friedrich Reber,Q379406,Dictionary of Swedish National Biography,0,0,EXCLUDE,0.95,3,P1343,described by source
row405,Q17277888|Q2259451,Q17277888,Gottlieb Friedrich Reber,Q2259451,stage actor,0,0,EXCLUDE,0.95,3,P106,occupation
row421,Q17277888|Q73357989,Q17277888,Gottlieb Friedrich Reber,Q73357989,Survey of GLAM open access policy and practice,0,0,EXCLUDE,0.9,4,P1343,described by source
row434,Q17277888|Q10685690,Q17277888,Gottlieb Friedrich Reber,Q10685690,Svenskt konstnärslexikon,0,0,EXCLUDE,0.85,4,P1343,described by source
row435,Q17277888|Q50395049,Q17277888,Gottlieb Friedrich Reber,Q50395049,Svenskt kvinnobiografiskt lexikon,0,0,EXCLUDE,0.9,3,P1343,described by source
row454,Q17277888|Q602358,Q17277888,Gottlieb Friedrich Reber,Q602358,Brockhaus and Efron Encyclopedic Dictionary,0,0,NOT_VISITED,,4,P1343,described by source
row473,Q17277888|Q98281053,Q17277888,Gottlieb Friedrich Reber,Q98281053,biografiA: Lexikon österreichischer Frauen,0,0,EXCLUDE,0.9,5,P1343,described by source
row482,Q17277888|Q45320214,Q17277888,Gottlieb Friedrich Reber,Q45320214,Beteiligte Privatpersonen und Körperschaften am NS-Kulturgutraub,1,1,INCLUDE,0.95,2,P1343,described by source
row488,Q17277888|Q20267585,Q17277888,Gottlieb Friedrich Reber,Q20267585,The Rape of Europa,0,1,INCLUDE,0.95,5,P1830,owner of
row505,Q17277888|Q42973,Q17277888,Gottlieb Friedrich Reber,Q42973,architect,0,0,EXCLUDE,0.95,4,P106,occupation
row510,Q17277888|Q12912667,Q17277888,Gottlieb Friedrich Reber,Q12912667,Appletons' Cyclopædia of American Biography,0,0,EXCLUDE,0.9,5,P1343,described by source
row530,Q17277888|Q104694359,Q17277888,Gottlieb Friedrich Reber,Q104694359,WikiProject PCC Wikidata Pilot/Frick Art Reference Library,0,0,EXCLUDE,0.7,2,P5008,on focus list of Wikimedia project
row538,Q17277888|Q20080422,Q17277888,Gottlieb Friedrich Reber,Q20080422,Woman with a glass of wine and a child in a garden,1,1,INCLUDE,0.9,2,P1830,owner of
row559,Q17277888|Q1568434,Q17277888,Gottlieb Friedrich Reber,Q1568434,Yale University Art Gallery,1,1,INCLUDE,0.95,4,P127,owned by
row652,Q17277888|Q105757729,Q17277888,Gottlieb Friedrich Reber,Q105757729,WikiProject PCC Wikidata Pilot — Smithsonian Libraries — Artists Files,0,0,EXCLUDE,0.8,5,P5008,on focus list of Wikimedia project
row658,Q17277888|Q100137722,Q17277888,Gottlieb Friedrich Reber,Q100137722,Wikiproject Nuremberg Trials,1,0,EXCLUDE,0.7,2,P5008,on focus list of Wikimedia project
row664,Q17277888|Q13382529,Q17277888,Gottlieb Friedrich Reber,Q13382529,WikiProject about human rights,0,0,NOT_VISITED,,4,P5008,on focus list of Wikimedia project
row674,Q17277888|Q96971115,Q17277888,Gottlieb Friedrich Reber,Q96971115,Whereabouts of paintings 1933,1,1,INCLUDE,0.9,4,P1343,described by source
row691,Q17277888|Q11075015,Q17277888,Gottlieb Friedrich Reber,Q11075015,war criminal,0,0,EXCLUDE,0.75,2,P106,occupation
row695,Q17277888|Q2546745,Q17277888,Gottlieb Friedrich Reber,Q2546745,Walter Westfeld,1,1,INCLUDE,0.9,4,P127,owned by
row697,Q17277888|Q18602666,Q17277888,Gottlieb Friedrich Reber,Q18602666,Walter Hofer,1,1,INCLUDE,0.95,1,P3342,significant person
row706,Q17277888|Q2544162,Q17277888,Gottlieb Friedrich Reber,Q2544162,Walter Feilchenfeldt,1,1,INCLUDE,0.9,5,P127,owned by
row712,Q17277888|Q19885021,Q17277888,Gottlieb Friedrich Reber,Q19885021,Wall with Inscriptions,0,1,INCLUDE,0.95,5,P1830,owner of
row758,Q17277888|Q19681547,Q17277888,Gottlieb Friedrich Reber,Q19681547,"View of Pirna, from Sonnestein Castle",1,1,INCLUDE,0.95,3,P1830,owner of
row781,Q17277888|Q1622272,Q17277888,Gottlieb Friedrich Reber,Q1622272,university teacher,0,0,EXCLUDE,0.95,4,P106,occupation
row794,Q17277888|Q20553562,Q17277888,Gottlieb Friedrich Reber,Q20553562,Two Nudes (Lovers),1,1,INCLUDE,0.95,5,P1830,owner of
row797,Q17277888|Q19883498,Q17277888,Gottlieb Friedrich Reber,Q19883498,Two Nudes,1,1,INCLUDE,0.95,3,P1830,owner of
row825,Q17277888|Q1321055,Q17277888,Gottlieb Friedrich Reber,Q1321055,Tilla Durieux,1,1,INCLUDE,0.95,4,P1830,owner of
row826,Q17277888|Q78793,Q17277888,Gottlieb Friedrich Reber,Q78793,Tilla Durieux,1,1,INCLUDE,0.75,4,P26,spouse
row835,Q17277888|Q106874309,Q17277888,Gottlieb Friedrich Reber,Q106874309,Three Figures with Furniture-like Forms,1,1,INCLUDE,0.95,5,P1830,owner of
row845,Q17277888|Q56555894,Q17277888,Gottlieb Friedrich Reber,Q56555894,Theodore Schempp,1,1,INCLUDE,0.95,2,P127,owned by
row860,Q17277888|Q3387717,Q17277888,Gottlieb Friedrich Reber,Q3387717,theatrical director,0,0,EXCLUDE,0.9,5,P106,occupation
row865,Q17277888|Q42877939,Q17277888,Gottlieb Friedrich Reber,Q42877939,The Swimmers,1,1,INCLUDE,0.95,5,P1830,owner of
row873,Q17277888|Q1810348,Q17277888,Gottlieb Friedrich Reber,Q1810348,The Quai Malaquais and the Institute,1,1,INCLUDE,0.95,4,P1830,owner of
row928,Q17277888|Q1760539,Q17277888,Gottlieb Friedrich Reber,Q1760539,Saint Louis Art Museum,1,1,INCLUDE,0.95,4,P127,owned by
row934,Q17277888|Q75837445,Q17277888,Gottlieb Friedrich Reber,Q75837445,Rose Pearlman,1,1,INCLUDE,0.75,5,P26,spouse
row946,Q17277888|Q1998160,Q17277888,Gottlieb Friedrich Reber,Q1998160,Robert Noortman,1,1,INCLUDE,0.9,5,P127,owned by
row956,Q17277888|Q83488454,Q17277888,Gottlieb Friedrich Reber,Q83488454,Revealed: National Gallery's Cranach is war loot,1,1,INCLUDE,0.95,4,P1343,described by source
row999,Q17277888|Q49277675,Q17277888,Gottlieb Friedrich Reber,Q49277675,"Polymnia, the Muse of Sacred Hymn",1,1,INCLUDE,0.95,3,P1830,owner of
row1013,Q17277888|Q82955,Q17277888,Gottlieb Friedrich Reber,Q82955,politician,0,0,EXCLUDE,0.95,2,P106,occupation
row1018,Q17277888|Q15958642,Q17277888,Gottlieb Friedrich Reber,Q15958642,political writer,0,0,EXCLUDE,0.9,5,P106,occupation
row1021,Q17277888|Q1238570,Q17277888,Gottlieb Friedrich Reber,Q1238570,political scientist,0,0,EXCLUDE,0.95,5,P106,occupation
row1040,Q17277888|Q39931,Q17277888,Gottlieb Friedrich Reber,Q39931,Pierre-Auguste Renoir,1,0,EXCLUDE,0.65,5,P127,owned by
row1052,Q17277888|Q39631,Q17277888,Gottlieb Friedrich Reber,Q39631,physician,0,0,EXCLUDE,0.95,5,P106,occupation
row1057,Q17277888|Q33231,Q17277888,Gottlieb Friedrich Reber,Q33231,photographer,0,0,EXCLUDE,0.7,4,P106,occupation
row1091,Q17277888|Q12362622,Q17277888,Gottlieb Friedrich Reber,Q12362622,philanthropist,0,0,EXCLUDE,0.95,3,P106,occupation
row1109,Q17277888|Q78060740,Q17277888,Gottlieb Friedrich Reber,Q78060740,Paul Cassirer Gallery,1,1,INCLUDE,0.95,4,P1830,owner of
row1123,Q17277888|Q328376,Q17277888,Gottlieb Friedrich Reber,Q328376,Nazi plunder,1,1,INCLUDE,0.95,5,P921,main subject
row1127,Q17277888|Q7319,Q17277888,Gottlieb Friedrich Reber,Q7319,Nazi Era,1,1,INCLUDE,0.95,5,P921,main subject
row1132,Q17277888|Q7320,Q17277888,Gottlieb Friedrich Reber,Q7320,Nazi Party,1,1,INCLUDE,0.7,5,P127,owned by
row1144,Q17277888|Q125634,Q17277888,Gottlieb Friedrich Reber,Q125634,Museum Folkwang,1,1,INCLUDE,0.9,5,P127,owned by
row1150,Q17277888|Q160236,Q17277888,Gottlieb Friedrich Reber,Q160236,Metropolitan Museum of Art,1,1,INCLUDE,0.95,5,P127,owned by
row1165,Q17277888|Q78684258,Q17277888,Gottlieb Friedrich Reber,Q78684258,Mandolin and Vase of Flowers,1,1,INCLUDE,0.9,3,P1830,owner of
row1167,Q17277888|Q20540932,Q17277888,Gottlieb Friedrich Reber,Q20540932,Mandolin and Fruit Dish,1,1,INCLUDE,0.95,1,P1830,owner of
row1196,Q17277888|Q104820943,Q17277888,Gottlieb Friedrich Reber,Q104820943,Jewish Collectors and Art Dealers (Victims of Nazi persecution and expropriation),1,1,INCLUDE,0.9,4,P1343,described by source
row1219,Q17277888|Q8458,Q17277888,Gottlieb Friedrich Reber,Q8458,human rights,0,0,NOT_VISITED,,5,P921,main subject
row1225,Q17277888|Q65059,Q17277888,Gottlieb Friedrich Reber,Q65059,Hermann Josef Abs,1,1,INCLUDE,0.8,5,P127,owned by
row1228,Q17277888|Q47906,Q17277888,Gottlieb Friedrich Reber,Q47906,Hermann Göring,1,1,INCLUDE,0.9,1,P3342,significant person
row1235,Q17277888|Q17421703,Q17277888,Gottlieb Friedrich Reber,Q17421703,Henry Pearlman,1,1,INCLUDE,0.95,4,P127,owned by
row1337,Q17277888|Q97753,Q17277888,Gottlieb Friedrich Reber,Q97753,Gottfried Bermann,1,1,INCLUDE,0.75,5,P127,owned by
row1342,Q17277888|Q40023372,Q17277888,Gottlieb Friedrich Reber,Q40023372,Gisela Fischer,1,1,INCLUDE,0.7,5,P127,owned by
row1361,Q17277888|Q16947320,Q17277888,Gottlieb Friedrich Reber,Q16947320,geopolitician,0,0,EXCLUDE,0.95,5,P106,occupation
row1362,Q17277888|Q901402,Q17277888,Gottlieb Friedrich Reber,Q901402,geographer,0,0,EXCLUDE,0.95,5,P106,occupation
row1376,Q17277888|Q27431468,Q17277888,Gottlieb Friedrich Reber,Q27431468,Galerie St. Etienne,1,1,INCLUDE,0.95,4,P127,owned by
row1396,Q17277888|Q21078532,Q17277888,Gottlieb Friedrich Reber,Q21078532,G. David Thompson,1,1,INCLUDE,0.9,4,P127,owned by
row1421,Q17277888|Q1979607,Q17277888,Gottlieb Friedrich Reber,Q1979607,financier,0,0,EXCLUDE,0.9,5,P106,occupation
row1439,Q17277888|Q10800557,Q17277888,Gottlieb Friedrich Reber,Q10800557,film actor,0,0,EXCLUDE,0.95,3,P106,occupation
row1442,Q17277888|Q106866308,Q17277888,Gottlieb Friedrich Reber,Q106866308,Figures in a Landscape,1,1,INCLUDE,0.95,5,P1830,owner of
row1458,Q17277888|Q11900058,Q17277888,Gottlieb Friedrich Reber,Q11900058,explorer,0,0,EXCLUDE,0.95,5,P106,occupation
row1462,Q17277888|Q76433,Q17277888,Gottlieb Friedrich Reber,Q76433,Eva Braun,0,0,EXCLUDE,0.8,5,P26,spouse
row1486,Q17277888|Q2186896,Q17277888,Gottlieb Friedrich Reber,Q2186896,estate,0,0,EXCLUDE,0.9,3,P127,owned by
row1494,Q17277888|Q2894644,Q17277888,Gottlieb Friedrich Reber,Q2894644,Ephrussi family,1,1,INCLUDE,0.95,5,P127,owned by
row1525,Q17277888|Q72958372,Q17277888,Gottlieb Friedrich Reber,Q72958372,Elkan Silberman,1,1,INCLUDE,0.95,3,P127,owned by
row1544,Q17277888|Q1607826,Q17277888,Gottlieb Friedrich Reber,Q1607826,editor,0,0,EXCLUDE,0.9,4,P106,occupation
row1554,Q17277888|Q13575004,Q17277888,Gottlieb Friedrich Reber,Q13575004,E. & A. Silberman Galleries,1,1,INCLUDE,0.95,2,P127,owned by
row1592,Q17277888|Q1162163,Q17277888,Gottlieb Friedrich Reber,Q1162163,director,0,0,EXCLUDE,0.7,2,P106,occupation
row1613,Q17277888|Q10478639,Q17277888,Gottlieb Friedrich Reber,Q10478639,church death record,0,0,EXCLUDE,0.95,5,P1343,described by source
row1630,Q17277888|Q4904268,Q17277888,Gottlieb Friedrich Reber,Q4904268,Curt Valentin,1,1,INCLUDE,0.9,4,P127,owned by
row1635,Q17277888|Q2805058,Q17277888,Gottlieb Friedrich Reber,Q2805058,Cupid Complaining to Venus,1,1,INCLUDE,0.95,3,P1830,owner of
row1655,Q17277888|Q876864,Q17277888,Gottlieb Friedrich Reber,Q876864,contributing editor,0,0,EXCLUDE,0.95,4,P106,occupation
row1659,Q17277888|Q19883783,Q17277888,Gottlieb Friedrich Reber,Q19883783,Composition with Color Planes 5,1,1,INCLUDE,0.95,5,P1830,owner of
row1671,Q17277888|Q3243461,Q17277888,Gottlieb Friedrich Reber,Q3243461,collector,1,1,INCLUDE,0.95,2,P106,occupation
row1692,Q17277888|Q53438402,Q17277888,Gottlieb Friedrich Reber,Q53438402,Clara Westman,0,0,EXCLUDE,0.95,5,P26,spouse
row1693,Q17277888|Q212238,Q17277888,Gottlieb Friedrich Reber,Q212238,civil servant,0,0,EXCLUDE,0.95,4,P106,occupation
row1729,Q17277888|Q21069797,Q17277888,Gottlieb Friedrich Reber,Q21069797,Charles Carstairs,1,1,INCLUDE,0.95,5,P127,owned by
row1747,Q17277888|Q179718,Q17277888,Gottlieb Friedrich Reber,Q179718,Catherine of Alexandria,0,0,EXCLUDE,0.9,3,P921,main subject
row1751,Q17277888|Q106849354,Q17277888,Gottlieb Friedrich Reber,Q106849354,Cataract of Figures,1,1,INCLUDE,0.95,5,P1830,owner of
row1754,Q17277888|Q16986324,Q17277888,Gottlieb Friedrich Reber,Q16986324,Catalog of the paintings on show at the Rijksmuseum in 1956,1,1,INCLUDE,0.7,5,P1343,described by source
row1764,Q17277888|Q222728,Q17277888,Gottlieb Friedrich Reber,Q222728,Carinhall,1,1,INCLUDE,0.8,2,P1830,owner of
row1774,Q17277888|Q43845,Q17277888,Gottlieb Friedrich Reber,Q43845,businessperson,0,0,EXCLUDE,0.9,5,P106,occupation
row1786,Q17277888|Q18223037,Q17277888,Gottlieb Friedrich Reber,Q18223037,Bunch of Asparagus,1,1,INCLUDE,0.95,4,P1830,owner of
row1793,Q17277888|Q89582,Q17277888,Gottlieb Friedrich Reber,Q89582,Bruno Lohse,1,1,INCLUDE,0.95,5,P127,owned by
row1814,Q17277888|Q15619234,Q17277888,Gottlieb Friedrich Reber,Q15619234,Bignou Gallery,1,1,INCLUDE,0.9,5,P127,owned by
row1822,Q17277888|Q51037488,Q17277888,Gottlieb Friedrich Reber,Q51037488,Berta Fritsch,1,0,EXCLUDE,0.65,2,P26,spouse
row1849,Q17277888|Q20276076,Q17277888,Gottlieb Friedrich Reber,Q20276076,Bathers by a River,1,1,INCLUDE,0.95,5,P1830,owner of
row1854,Q17277888|Q806798,Q17277888,Gottlieb Friedrich Reber,Q806798,banker,0,0,EXCLUDE,0.9,5,P106,occupation
row1881,Q17277888|Q30335959,Q17277888,Gottlieb Friedrich Reber,Q30335959,Art Looting Investigation Unit,1,1,INCLUDE,0.95,1,P1840,investigation of
row1887,Q17277888|Q239303,Q17277888,Gottlieb Friedrich Reber,Q239303,Art Institute of Chicago,1,1,INCLUDE,0.95,4,P127,owned by
row1911,Q17277888|Q173950,Q17277888,Gottlieb Friedrich Reber,Q173950,art dealer,1,1,INCLUDE,0.85,1,P106,occupation
row1930,Q17277888|Q10732476,Q17277888,Gottlieb Friedrich Reber,Q10732476,art collector,1,1,INCLUDE,0.85,1,P106,occupation
row1952,Q17277888|Q2657718,Q17277888,Gottlieb Friedrich Reber,Q2657718,Armenian Soviet Encyclopedia,0,0,EXCLUDE,0.95,2,P1343,described by source
row1960,Q17277888|Q363383,Q17277888,Gottlieb Friedrich Reber,Q363383,Armand Hammer,1,1,INCLUDE,0.95,5,P127,owned by
row2056,Q17277888|Q3609940,Q17277888,Gottlieb Friedrich Reber,Q3609940,Alessandro Contini Bonacossi,1,1,INCLUDE,0.95,1,P3342,significant person
row2063,Q17277888|Q1970945,Q17277888,Gottlieb Friedrich Reber,Q1970945,Albright-Knox Art Gallery,1,1,INCLUDE,0.95,4,P127,owned by
row2065,Q17277888|Q60045,Q17277888,Gottlieb Friedrich Reber,Q60045,Albert Speer,0,0,EXCLUDE,0.75,5,P3342,significant person
row2070,Q17277888|Q62537,Q17277888,Gottlieb Friedrich Reber,Q62537,Albert Göring,0,0,EXCLUDE,0.7,3,P40,child
row2075,Q17277888|Q2095549,Q17277888,Gottlieb Friedrich Reber,Q2095549,aircraft pilot,0,0,EXCLUDE,0.95,2,P106,occupation
row2080,Q17277888|Q352,Q17277888,Gottlieb Friedrich Reber,Q352,Adolf Hitler,1,1,INCLUDE,0.9,4,P127,owned by
row2087,Q17277888|Q33999,Q17277888,Gottlieb Friedrich Reber,Q33999,actor,0,0,EXCLUDE,0.9,5,P106,occupation
row2092,Q17277888|Q77257348,Q17277888,Gottlieb Friedrich Reber,Q77257348,Abris Silberman,1,1,INCLUDE,0.95,3,P127,owned by
row2095,Q17277888|Q18785024,Q17277888,Gottlieb Friedrich Reber,Q18785024,Abraham Adelsberger,1,1,INCLUDE,0.95,3,P127,owned by
row153,Q20178788|Q1768721,Q20178788,Still Life with Apples,Q1768721,Gujin Tushu Jicheng,0,0,NOT_VISITED,,4,P1343,described by source
row350,Q20178788|Q4808368,Q20178788,Still Life with Apples,Q4808368,Femme nue couchée,1,1,INCLUDE,0.95,2,P1830,owner of
row1446,Q20178788|Q324935,Q20178788,Still Life with Apples,Q324935,Ferenc Hatvany,1,1,INCLUDE,1.0,1,P127,owned by
row1781,Q20178788|Q43845,Q20178788,Still Life with Apples,Q43845,businessperson,0,0,EXCLUDE,0.9,3,P106,occupation
row1861,Q20178788|Q806798,Q20178788,Still Life with Apples,Q806798,banker,0,0,EXCLUDE,0.9,3,P106,occupation
row1942,Q20178788|Q10732476,Q20178788,Still Life with Apples,Q10732476,art collector,1,1,INCLUDE,0.95,2,P106,occupation
row2,Q214867|Q17355822,Q214867,National Gallery of Art,Q17355822,Yonker Ramp and his Sweetheart,0,1,INCLUDE,0.9,5,P1830,owner of
row19,Q214867|Q98801351,Q214867,National Gallery of Art,Q98801351,WikiProject Provenance,1,1,INCLUDE,0.95,3,P5008,on focus list of Wikimedia project
row34,Q214867|Q68074438,Q214867,National Gallery of Art,Q68074438,WikiProject Livius,0,0,EXCLUDE,0.9,5,P5008,on focus list of Wikimedia project
row47,Q214867|Q317578,Q214867,National Gallery of Art,Q317578,"Alexander Karađorđević, Prince of Serbia",0,0,EXCLUDE,0.85,5,P22,father
row55,Q214867|Q333634,Q214867,National Gallery of Art,Q333634,translator,0,0,EXCLUDE,0.9,5,P106,occupation
row72,Q214867|Q3181656,Q214867,National Gallery of Art,Q3181656,The Nuttall Encyclopædia,0,0,NOT_VISITED,,5,,
row89,Q214867|Q48761314,Q214867,National Gallery of Art,Q48761314,Swedish Census 1910,0,0,EXCLUDE,0.95,5,P1343,described by source
row93,Q214867|Q49213654,Q214867,National Gallery of Art,Q49213654,Swedish Census 1880,0,0,EXCLUDE,0.95,5,P1343,described by source
row101,Q214867|Q19180675,Q214867,National Gallery of Art,Q19180675,Small Brockhaus and Efron Encyclopedic Dictionary,0,0,EXCLUDE,0.9,3,P1343,described by source
row113,Q214867|Q1551926,Q214867,National Gallery of Art,Q1551926,Portrait of Stéphane Mallarmé,0,1,INCLUDE,0.9,5,P1830,owner of
row115,Q214867|Q2105271,Q214867,National Gallery of Art,Q2105271,Portrait of Mademoiselle Claus,0,1,INCLUDE,0.9,5,P1830,owner of
row120,Q214867|Q17815340,Q214867,National Gallery of Art,Q17815340,Portrait of Anna van der Aar,0,1,INCLUDE,0.9,5,P1830,owner of
row122,Q214867|Q2842423,Q214867,National Gallery of Art,Q2842423,Portrait of Ambroise Vollard in a Red Headscarf,0,1,INCLUDE,0.95,3,P1830,owner of
row129,Q214867|Q19911671,Q214867,National Gallery of Art,Q19911671,"Portrait of a Man, Said to be Christopher Columbus (born about 1446, died 1506)",0,1,INCLUDE,0.9,5,P1830,owner of
row151,Q214867|Q19222701,Q214867,National Gallery of Art,Q19222701,Oesterreichische National-Encyklopädie,0,0,EXCLUDE,0.85,5,P1343,described by source
row152,Q214867|Q1768721,Q214867,National Gallery of Art,Q1768721,Gujin Tushu Jicheng,0,0,NOT_VISITED,,4,P1343,described by source
row167,Q214867|Q20442391,Q214867,National Gallery of Art,Q20442391,Head of a peasant,1,1,INCLUDE,0.95,5,P1830,owner of
row185,Q214867|Q3145951,Q214867,National Gallery of Art,Q3145951,Hôtel de Rohan-Montbazon,0,0,EXCLUDE,0.85,3,P1830,owner of
row197,Q214867|Q106727050,Q214867,National Gallery of Art,Q106727050,Metropolitan Museum of Art Tagging Vocabulary,1,0,EXCLUDE,0.95,3,P1343,described by source
row203,Q214867|Q644687,Q214867,National Gallery of Art,Q644687,illustrator,0,1,INCLUDE,0.7,5,P106,occupation
row212,Q214867|Q62576151,Q214867,National Gallery of Art,Q62576151,Marthe Meurier,0,0,EXCLUDE,0.7,5,P26,spouse
row219,Q214867|Q9268,Q214867,National Gallery of Art,Q9268,Judaism,1,0,EXCLUDE,0.95,4,P921,main subject
row228,Q214867|Q17519173,Q214867,National Gallery of Art,Q17519173,L'Arlésienne,0,1,INCLUDE,0.95,3,P1830,owner of
row230,Q214867|Q4896868,Q214867,National Gallery of Art,Q4896868,La belle Angèle,0,1,INCLUDE,1.0,3,P1830,owner of
row234,Q214867|Q2815948,Q214867,National Gallery of Art,Q2815948,landscape architect,0,0,EXCLUDE,0.8,4,P106,occupation
row236,Q214867|Q3220784,Q214867,National Gallery of Art,Q3220784,Le Canal Saint-Martin,0,1,INCLUDE,0.95,5,P1830,owner of
row251,Q214867|Q22954841,Q214867,National Gallery of Art,Q22954841,,0,1,INCLUDE,0.7,5,P1830,owner of
row253,Q214867|Q22954842,Q214867,National Gallery of Art,Q22954842,,0,1,INCLUDE,0.7,5,P1830,owner of
row266,Q214867|Q95948198,Q214867,National Gallery of Art,Q95948198,Meyers Conversations-Lexicon,0,0,EXCLUDE,0.85,5,P1343,described by source
row267,Q214867|Q19219752,Q214867,National Gallery of Art,Q19219752,"Meyers Konversations-Lexikon, 4th edition (1885–1890)",0,0,EXCLUDE,0.95,4,P1343,described by source
row272,Q214867|Q116,Q214867,National Gallery of Art,Q116,monarch,0,0,EXCLUDE,0.95,5,P106,occupation
row286,Q214867|Q5460604,Q214867,National Gallery of Art,Q5460604,Wikipedia:List of articles all languages should have,0,0,NOT_VISITED,,5,P5008,on focus list of Wikimedia project
row288,Q214867|Q3345156,Q214867,National Gallery of Art,Q3345156,Nouvelle Biographie Générale,0,0,EXCLUDE,0.85,5,P1343,described by source
row302,Q214867|Q67311526,Q214867,National Gallery of Art,Q67311526,Obalky knih.cz,0,0,NOT_VISITED,,3,P1343,described by source
row326,Q214867|Q4532138,Q214867,National Gallery of Art,Q4532138,Granat Encyclopedic Dictionary,0,0,NOT_VISITED,,4,P1343,described by source
row335,Q214867|Q2041543,Q214867,National Gallery of Art,Q2041543,Ottův slovník naučný,0,0,NOT_VISITED,,5,P1343,described by source
row349,Q214867|Q33231,Q214867,National Gallery of Art,Q33231,photographer,0,0,EXCLUDE,0.7,5,P106,occupation
row358,Q214867|Q49757,Q214867,National Gallery of Art,Q49757,poet,0,0,EXCLUDE,0.9,3,P106,occupation
row366,Q214867|Q867541,Q214867,National Gallery of Art,Q867541,Encyclopædia Britannica 11th edition,0,0,NOT_VISITED,,5,P1343,described by source
row391,Q214867|Q379406,Q214867,National Gallery of Art,Q379406,Dictionary of Swedish National Biography,0,0,EXCLUDE,0.95,5,P1343,described by source
row402,Q214867|Q19905413,Q214867,National Gallery of Art,Q19905413,Spring Flowers,0,1,INCLUDE,0.9,5,P1830,owner of
row404,Q214867|Q3451370,Q214867,National Gallery of Art,Q3451370,Square in Argenteuil,0,1,INCLUDE,0.95,5,P1830,owner of
row409,Q214867|Q3873319,Q214867,National Gallery of Art,Q3873319,Still life,0,1,INCLUDE,0.75,5,P1830,owner of
row423,Q214867|Q73357989,Q214867,National Gallery of Art,Q73357989,Survey of GLAM open access policy and practice,0,0,EXCLUDE,0.9,1,P1343,described by source
row429,Q214867|Q302556,Q214867,National Gallery of Art,Q302556,Catholic Encyclopedia,0,0,NOT_VISITED,,5,P1343,described by source
row433,Q214867|Q1766280,Q214867,National Gallery of Art,Q1766280,Svensk uppslagsbok,0,0,EXCLUDE,0.7,5,P1343,described by source
row437,Q214867|Q50395049,Q214867,National Gallery of Art,Q50395049,Svenskt kvinnobiografiskt lexikon,0,0,EXCLUDE,0.95,5,P1343,described by source
row461,Q214867|Q602358,Q214867,National Gallery of Art,Q602358,Brockhaus and Efron Encyclopedic Dictionary,0,0,NOT_VISITED,,3,P1343,described by source
row470,Q214867|Q665807,Q214867,National Gallery of Art,Q665807,Biographisches Lexikon des Kaiserthums Oesterreich,0,0,NOT_VISITED,,3,P1343,described by source
row471,Q214867|Q19135478,Q214867,National Gallery of Art,Q19135478,,0,0,EXCLUDE,0.85,5,P1343,described by source
row492,Q214867|Q17391638,Q214867,National Gallery of Art,Q17391638,art theorist,0,1,INCLUDE,0.8,5,P106,occupation
row500,Q214867|Q28790437,Q214867,National Gallery of Art,Q28790437,Armor of Emperor Ferdinand I,0,1,INCLUDE,0.8,5,P1830,owner of
row512,Q214867|Q39013,Q214867,National Gallery of Art,Q39013,The Woman in the Waves,0,1,INCLUDE,0.9,5,P1830,owner of
row517,Q214867|Q15709188,Q214867,National Gallery of Art,Q15709188,View of Volterra,0,1,INCLUDE,0.9,5,P1830,owner of
row518,Q214867|Q15709185,Q214867,National Gallery of Art,Q15709185,View of Volterra,0,1,INCLUDE,0.9,5,P1830,owner of
row535,Q214867|Q104694359,Q214867,National Gallery of Art,Q104694359,WikiProject PCC Wikidata Pilot/Frick Art Reference Library,0,0,EXCLUDE,0.9,3,P5008,on focus list of Wikimedia project
row540,Q214867|Q113262,Q214867,National Gallery of Art,Q113262,Young man in Mayo costume,0,1,INCLUDE,0.9,5,P1830,owner of
row567,Q214867|Q36180,Q214867,National Gallery of Art,Q36180,writer,0,0,EXCLUDE,0.85,4,P106,occupation
row576,Q214867|Q8030760,Q214867,National Gallery of Art,Q8030760,Woman with a Parrot,0,1,INCLUDE,0.95,5,P1830,owner of
row579,Q214867|Q20080422,Q214867,National Gallery of Art,Q20080422,Woman with a glass of wine and a child in a garden,1,1,INCLUDE,0.95,4,P1830,owner of
row592,Q214867|Q22965268,Q214867,National Gallery of Art,Q22965268,Woman Playing a Guitar,1,1,INCLUDE,0.9,5,P1830,owner of
row638,Q214867|Q98970039,Q214867,National Gallery of Art,Q98970039,WikiProject PCC Wikidata Pilot/University of Washington,0,0,NOT_VISITED,,5,P5008,on focus list of Wikimedia project
row655,Q214867|Q105757729,Q214867,National Gallery of Art,Q105757729,WikiProject PCC Wikidata Pilot — Smithsonian Libraries — Artists Files,0,0,EXCLUDE,0.85,5,P5008,on focus list of Wikimedia project
row660,Q214867|Q100137722,Q214867,National Gallery of Art,Q100137722,Wikiproject Nuremberg Trials,1,0,EXCLUDE,0.7,4,P5008,on focus list of Wikimedia project
row693,Q214867|Q11075015,Q214867,National Gallery of Art,Q11075015,war criminal,0,0,EXCLUDE,0.85,4,P106,occupation
row699,Q214867|Q18602666,Q214867,National Gallery of Art,Q18602666,Walter Hofer,1,1,INCLUDE,0.9,5,P3342,significant person
row727,Q214867|Q4015210,Q214867,National Gallery of Art,Q4015210,Vittoria Contini Bonacossi,1,1,INCLUDE,0.85,3,P26,spouse
row731,Q214867|Q3391743,Q214867,National Gallery of Art,Q3391743,visual artist,0,0,EXCLUDE,0.7,5,P106,occupation
row807,Q214867|Q3108260,Q214867,National Gallery of Art,Q3108260,Trois Baigneuses,1,1,INCLUDE,1.0,3,P1830,owner of
row831,Q214867|Q1321055,Q214867,National Gallery of Art,Q1321055,Tilla Durieux,1,1,INCLUDE,0.9,5,P1830,owner of
row889,Q214867|Q776175,Q214867,National Gallery of Art,Q776175,The Harvesters,0,1,INCLUDE,0.95,5,P1830,owner of
row895,Q214867|Q79896273,Q214867,National Gallery of Art,Q79896273,The Fall of Man,1,0,NOT_VISITED,,3,P1830,owner of
row902,Q214867|Q524534,Q214867,National Gallery of Art,Q524534,Suzanne Manet,0,0,EXCLUDE,0.95,4,P127,owned by
row924,Q214867|Q62274663,Q214867,National Gallery of Art,Q62274663,Samuel H. Kress Collection of the National Gallery of Art,1,1,INCLUDE,0.95,3,P1830,owner of
row944,Q214867|Q55656666,Q214867,National Gallery of Art,Q55656666,"Roman period shears from Trabzon, MET 39.2.2",1,0,EXCLUDE,0.9,5,P1830,owner of
row948,Q214867|Q190804,Q214867,National Gallery of Art,Q190804,Rijksmuseum,1,1,INCLUDE,0.95,5,P127,owned by
row987,Q214867|Q3937681,Q214867,National Gallery of Art,Q3937681,Portrait of a Woman with a Man at a Casement,0,1,INCLUDE,0.95,5,P1830,owner of
row1016,Q214867|Q82955,Q214867,National Gallery of Art,Q82955,politician,0,0,EXCLUDE,0.9,3,P106,occupation
row1030,Q214867|Q214917,Q214867,National Gallery of Art,Q214917,playwright,0,0,EXCLUDE,0.9,3,P106,occupation
row1038,Q214867|Q2871551,Q214867,National Gallery of Art,Q2871551,Pierre-Suzanne-Augustin Cochin,0,1,INCLUDE,0.7,5,P22,father
row1049,Q214867|Q486748,Q214867,National Gallery of Art,Q486748,pianist,0,0,NOT_VISITED,,5,P106,occupation
row1094,Q214867|Q12362622,Q214867,National Gallery of Art,Q12362622,philanthropist,0,0,EXCLUDE,0.85,3,P106,occupation
row1100,Q214867|Q19906011,Q214867,National Gallery of Art,Q19906011,Peasant Woman Cooking by a Fireplace,0,1,INCLUDE,0.9,3,P1830,owner of
row1103,Q214867|Q560643,Q214867,National Gallery of Art,Q560643,Paul Rosenberg,1,1,INCLUDE,1.0,4,P127,owned by
row1151,Q214867|Q160236,Q214867,National Gallery of Art,Q160236,Metropolitan Museum of Art,1,1,INCLUDE,0.95,4,P127,owned by
row1168,Q214867|Q20540932,Q214867,National Gallery of Art,Q20540932,Mandolin and Fruit Dish,1,1,INCLUDE,0.95,5,P1830,owner of
row1175,Q214867|Q28860117,Q214867,National Gallery of Art,Q28860117,Levy-Hermanos,0,1,INCLUDE,0.85,4,P127,owned by
row1222,Q214867|Q99542700,Q214867,National Gallery of Art,Q99542700,Hôtel Valentinois,0,0,EXCLUDE,0.85,3,P1830,owner of
row1230,Q214867|Q47906,Q214867,National Gallery of Art,Q47906,Hermann Göring,1,1,INCLUDE,0.95,3,P3342,significant person
row1253,Q214867|Q17378135,Q214867,National Gallery of Art,Q17378135,Great Soviet Encyclopedia (1969–1978),0,0,EXCLUDE,0.95,4,P1343,described by source
row1259,Q214867|Q20078554,Q214867,National Gallery of Art,Q20078554,Great Soviet Encyclopedia (1926–1947),0,0,EXCLUDE,0.9,3,P1343,described by source
row1332,Q214867|Q17277888,Q214867,National Gallery of Art,Q17277888,Gottlieb Friedrich Reber,1,1,INCLUDE,1.0,4,P127,owned by
row1373,Q214867|Q20771242,Q214867,National Gallery of Art,Q20771242,gallerist,1,1,INCLUDE,0.9,5,P106,occupation
row1418,Q214867|Q142,Q214867,National Gallery of Art,Q142,France,0,0,EXCLUDE,0.7,4,P127,owned by
row1424,Q214867|Q1979607,Q214867,National Gallery of Art,Q1979607,financier,0,0,EXCLUDE,0.9,3,P106,occupation
row1441,Q214867|Q10800557,Q214867,National Gallery of Art,Q10800557,film actor,0,0,EXCLUDE,0.95,5,P106,occupation
row1470,Q214867|Q98806862,Q214867,National Gallery of Art,Q98806862,Ettore Sestieri,1,1,INCLUDE,0.95,3,P3342,significant person
row1487,Q214867|Q2186896,Q214867,National Gallery of Art,Q2186896,estate,0,0,EXCLUDE,0.95,5,P127,owned by
row1492,Q214867|Q777344,Q214867,National Gallery of Art,Q777344,Erich Šlomović,1,1,INCLUDE,0.95,3,P3342,significant person
row1504,Q214867|Q131524,Q214867,National Gallery of Art,Q131524,entrepreneur,0,0,EXCLUDE,0.95,3,P106,occupation
row1537,Q214867|Q40599,Q214867,National Gallery of Art,Q40599,Édouard Manet,1,1,INCLUDE,0.7,4,P127,owned by
row1540,Q214867|Q467167,Q214867,National Gallery of Art,Q467167,Edmond James de Rothschild,1,1,INCLUDE,0.9,5,P127,owned by
row1568,Q214867|Q15296811,Q214867,National Gallery of Art,Q15296811,drawer,0,1,INCLUDE,0.7,5,P106,occupation
row1576,Q214867|Q14623005,Q214867,National Gallery of Art,Q14623005,draftsperson,0,1,INCLUDE,0.7,5,P106,occupation
row1583,Q214867|Q1968442,Q214867,National Gallery of Art,Q1968442,donor,1,0,EXCLUDE,0.75,4,P106,occupation
row1596,Q214867|Q193391,Q214867,National Gallery of Art,Q193391,diplomat,0,0,EXCLUDE,0.7,3,P106,occupation
row1612,Q214867|Q1186818,Q214867,National Gallery of Art,Q1186818,Den Store Danske Encyklopædi,0,0,EXCLUDE,0.9,5,P1343,described by source
row1616,Q214867|Q325810,Q214867,National Gallery of Art,Q325810,David K. E. Bruce,1,1,INCLUDE,0.65,4,P26,spouse
row1634,Q214867|Q674426,Q214867,National Gallery of Art,Q674426,curator,1,0,EXCLUDE,0.8,4,P106,occupation
row1654,Q214867|Q38695,Q214867,National Gallery of Art,Q38695,cooking,0,0,EXCLUDE,0.9,4,P921,main subject
row1666,Q214867|Q1780490,Q214867,National Gallery of Art,Q1780490,communard,0,0,EXCLUDE,0.7,5,P106,occupation
row1674,Q214867|Q3243461,Q214867,National Gallery of Art,Q3243461,collector,1,1,INCLUDE,0.9,3,P106,occupation
row1709,Q214867|Q593644,Q214867,National Gallery of Art,Q593644,chemist,0,0,EXCLUDE,0.9,5,P106,occupation
row1724,Q214867|Q104439776,Q214867,National Gallery of Art,Q104439776,Charles Durand-Ruel,1,1,INCLUDE,0.9,5,P40,child
row1738,Q214867|Q7541856,Q214867,National Gallery of Art,Q7541856,ceramicist,0,0,EXCLUDE,0.7,5,P106,occupation
row1742,Q214867|Q250867,Q214867,National Gallery of Art,Q250867,Catholic priest,0,0,NOT_VISITED,,3,P106,occupation
row1748,Q214867|Q179718,Q214867,National Gallery of Art,Q179718,Catherine of Alexandria,0,0,EXCLUDE,0.95,5,P921,main subject
row1755,Q214867|Q16986324,Q214867,National Gallery of Art,Q16986324,Catalog of the paintings on show at the Rijksmuseum in 1956,1,1,INCLUDE,0.65,5,P1343,described by source
row1766,Q214867|Q222728,Q214867,National Gallery of Art,Q222728,Carinhall,1,1,INCLUDE,0.95,4,P1830,owner of
row1780,Q214867|Q43845,Q214867,National Gallery of Art,Q43845,businessperson,0,0,EXCLUDE,0.95,3,P106,occupation
row1808,Q214867|Q864380,Q214867,National Gallery of Art,Q864380,biographer,0,0,EXCLUDE,0.7,3,P106,occupation
row1818,Q214867|Q45320214,Q214867,National Gallery of Art,Q45320214,Beteiligte Privatpersonen und Körperschaften am NS-Kulturgutraub,1,1,INCLUDE,0.95,3,P1343,described by source
row1825,Q214867|Q826482,Q214867,National Gallery of Art,Q826482,Bernheim-Jeune,1,1,INCLUDE,0.9,4,P127,owned by
row1847,Q214867|Q51955019,Q214867,National Gallery of Art,Q51955019,BEIC Digital Library,0,0,EXCLUDE,0.9,5,P1343,described by source
row1860,Q214867|Q806798,Q214867,National Gallery of Art,Q806798,banker,0,0,EXCLUDE,0.7,3,P106,occupation
row1867,Q214867|Q766863,Q214867,National Gallery of Art,Q766863,Auguste Pellerin,1,1,INCLUDE,0.95,2,P127,owned by
row1869,Q214867|Q766737,Q214867,National Gallery of Art,Q766737,Auguste Manet,0,0,EXCLUDE,0.9,5,P22,father
row1885,Q214867|Q30335959,Q214867,National Gallery of Art,Q30335959,Art Looting Investigation Unit,1,1,INCLUDE,0.95,3,P1840,investigation of
row1893,Q214867|Q50637,Q214867,National Gallery of Art,Q50637,art history,1,1,INCLUDE,0.95,5,P921,main subject
row1902,Q214867|Q1792450,Q214867,National Gallery of Art,Q1792450,art historian,1,0,EXCLUDE,0.8,4,P106,occupation
row1905,Q214867|Q705551,Q214867,National Gallery of Art,Q705551,Art Gallery of New South Wales,1,1,INCLUDE,1.0,4,P127,owned by
row1916,Q214867|Q173950,Q214867,National Gallery of Art,Q173950,art dealer,1,1,INCLUDE,0.9,3,P106,occupation
row1941,Q214867|Q10732476,Q214867,National Gallery of Art,Q10732476,art collector,1,1,INCLUDE,0.9,3,P106,occupation
row1946,Q214867|Q24909800,Q214867,National Gallery of Art,Q24909800,Art+Feminism,1,0,EXCLUDE,0.95,4,P5008,on focus list of Wikimedia project
row1955,Q214867|Q2657718,Q214867,National Gallery of Art,Q2657718,Armenian Soviet Encyclopedia,0,0,NOT_VISITED,,4,P1343,described by source
row1970,Q214867|Q437295,Q214867,National Gallery of Art,Q437295,Archduke Leopold Wilhelm of Austria,0,0,EXCLUDE,0.7,2,P127,owned by
row1992,Q214867|Q46596638,Q214867,National Gallery of Art,Q46596638,Andrew W. Mellon collection,1,1,INCLUDE,0.95,1,P1830,owner of
row1996,Q214867|Q446858,Q214867,National Gallery of Art,Q446858,Andrew W. Mellon,1,1,INCLUDE,0.95,2,P127,owned by
row1998,Q214867|Q75788804,Q214867,National Gallery of Art,Q75788804,Andrew Mellon,1,0,EXCLUDE,0.95,4,P22,father
row2008,Q214867|Q28860082,Q214867,National Gallery of Art,Q28860082,Amédée Schuffenecker,1,1,INCLUDE,0.85,4,P127,owned by
row2010,Q214867|Q459041,Q214867,National Gallery of Art,Q459041,Ambroise Vollard,1,1,INCLUDE,0.95,2,P127,owned by
row2020,Q214867|Q18379827,Q214867,National Gallery of Art,Q18379827,Alexandre Rosenberg,0,1,INCLUDE,0.85,5,P22,father
row2022,Q214867|Q76513772,Q214867,National Gallery of Art,Q76513772,Alexandre P. Rosenberg,1,1,INCLUDE,0.85,5,P40,child
row2035,Q214867|Q28054722,Q214867,National Gallery of Art,Q28054722,Alexander Schouvaloff,0,0,EXCLUDE,0.7,5,P40,child
row2038,Q214867|Q75788792,Q214867,National Gallery of Art,Q75788792,Alexander P. McMullen,0,0,EXCLUDE,0.7,4,P22,father
row2050,Q214867|Q19924921,Q214867,National Gallery of Art,Q19924921,Alexander Hamilton,0,1,INCLUDE,0.85,5,P1830,owner of
row2057,Q214867|Q3609940,Q214867,National Gallery of Art,Q3609940,Alessandro Contini Bonacossi,1,1,INCLUDE,0.95,2,P127,owned by
row2071,Q214867|Q62537,Q214867,National Gallery of Art,Q62537,Albert Göring,0,0,EXCLUDE,0.7,5,P40,child
row2077,Q214867|Q2095549,Q214867,National Gallery of Art,Q2095549,aircraft pilot,0,0,EXCLUDE,0.95,4,P106,occupation
row2078,Q214867|Q405352,Q214867,National Gallery of Art,Q405352,Ailsa Mellon Bruce,1,1,INCLUDE,0.95,3,P40,child
row2096,Q214867|Q18785024,Q214867,National Gallery of Art,Q18785024,Abraham Adelsberger,1,1,INCLUDE,0.9,5,P127,owned by
row6,Q21948567|Q36180,Q21948567,Sunflowers,Q36180,writer,0,0,EXCLUDE,0.9,2,P106,occupation
row54,Q21948567|Q333634,Q21948567,Sunflowers,Q333634,translator,0,0,EXCLUDE,0.9,2,P106,occupation
row162,Q21948567|Q58433306,Q21948567,Sunflowers,Q58433306,"Hans Haacke,Framing and Being Framed: 7 Works, 1970–75",1,1,INCLUDE,0.75,5,P1343,described by source
row259,Q21948567|Q99413897,Q21948567,Sunflowers,Q99413897,Medvik,0,0,EXCLUDE,0.9,5,P1343,described by source
row263,Q21948567|Q11774156,Q21948567,Sunflowers,Q11774156,memoirist,0,0,EXCLUDE,0.95,5,P106,occupation
row295,Q21948567|Q67311526,Q21948567,Sunflowers,Q67311526,Obalky knih.cz,0,0,EXCLUDE,0.75,5,P1343,described by source
row308,Q21948567|Q2041543,Q21948567,Sunflowers,Q2041543,Ottův slovník naučný,0,0,EXCLUDE,0.95,5,P1343,described by source
row310,Q21948567|Q17378135,Q21948567,Sunflowers,Q17378135,Great Soviet Encyclopedia (1969–1978),0,0,EXCLUDE,0.9,5,P1343,described by source
row444,Q21948567|Q907660,Q21948567,Sunflowers,Q907660,Canon of Dutch History,0,0,EXCLUDE,0.8,5,P1343,described by source
row529,Q21948567|Q104694359,Q21948567,Sunflowers,Q104694359,WikiProject PCC Wikidata Pilot/Frick Art Reference Library,0,0,EXCLUDE,0.65,5,P5008,on focus list of Wikimedia project
row543,Q21948567|Q66362718,Q21948567,Sunflowers,Q66362718,1001 Paintings You Must See Before You Die,0,0,EXCLUDE,0.75,1,P1343,described by source
row570,Q21948567|Q28692502,Q21948567,Sunflowers,Q28692502,women's rights activist,0,0,EXCLUDE,0.85,5,P106,occupation
row665,Q21948567|Q110249806,Q21948567,Sunflowers,Q110249806,WikiProject Craft,0,0,EXCLUDE,0.95,5,P5008,on focus list of Wikimedia project
row743,Q21948567|Q2185351,Q21948567,Sunflowers,Q2185351,Vincent Willem van Gogh,0,1,INCLUDE,0.9,2,P40,child
row747,Q21948567|Q102413149,Q21948567,Sunflowers,Q102413149,Vincent van Gogh (Uncle Cent),0,0,NOT_VISITED,,5,P40,child
row752,Q21948567|Q102441871,Q21948567,Sunflowers,Q102441871,Vincent van Gogh,1,1,INCLUDE,0.75,5,P127,owned by
row779,Q21948567|Q1622272,Q21948567,Sunflowers,Q1622272,university teacher,0,0,EXCLUDE,0.9,2,P106,occupation
row789,Q21948567|Q20010400,Q21948567,Sunflowers,Q20010400,"Two women and a child,  'A Mother's Care'",0,1,INCLUDE,0.9,5,P1830,owner of
row851,Q21948567|Q317188,Q21948567,Sunflowers,Q317188,Theo Van Gogh,0,1,INCLUDE,0.85,2,P26,spouse
row852,Q21948567|Q2659670,Q21948567,Sunflowers,Q2659670,Theo van Gogh,0,0,EXCLUDE,0.95,3,P40,child
row853,Q21948567|Q205456,Q21948567,Sunflowers,Q205456,Theo van Gogh,0,0,EXCLUDE,0.95,4,P40,child
row977,Q21948567|Q18120969,Q21948567,Sunflowers,Q18120969,Portrait of an old woman,0,1,INCLUDE,0.8,5,P1830,owner of
row1002,Q21948567|Q11822840,Q21948567,Sunflowers,Q11822840,,0,0,EXCLUDE,0.95,5,P1343,described by source
row1023,Q21948567|Q49757,Q21948567,Sunflowers,Q49757,poet,0,0,EXCLUDE,0.95,5,P106,occupation
row1107,Q21948567|Q78060740,Q21948567,Sunflowers,Q78060740,Paul Cassirer Gallery,1,1,INCLUDE,0.9,5,P1830,owner of
row1261,Q21948567|Q4091875,Q21948567,Sunflowers,Q4091875,,0,0,NOT_VISITED,,5,,
row1271,Q21948567|Q1925963,Q21948567,Sunflowers,Q1925963,graphic artist,0,0,EXCLUDE,0.85,5,P106,occupation
row1427,Q21948567|Q3282637,Q21948567,Sunflowers,Q3282637,film producer,0,0,NOT_VISITED,,5,P106,occupation
row1430,Q21948567|Q7042855,Q21948567,Sunflowers,Q7042855,film editor,0,0,NOT_VISITED,,5,P106,occupation
row1433,Q21948567|Q2526255,Q21948567,Sunflowers,Q2526255,film director,0,0,NOT_VISITED,,5,P106,occupation
row1437,Q21948567|Q10800557,Q21948567,Sunflowers,Q10800557,film actor,0,0,NOT_VISITED,,5,P106,occupation
row1479,Q21948567|Q10862983,Q21948567,Sunflowers,Q10862983,etcher,0,0,EXCLUDE,0.7,5,P106,occupation
row1500,Q21948567|Q131524,Q21948567,Sunflowers,Q131524,entrepreneur,0,0,EXCLUDE,0.7,5,P106,occupation
row1513,Q21948567|Q81096,Q21948567,Sunflowers,Q81096,engineer,0,0,EXCLUDE,0.9,3,P106,occupation
row1550,Q21948567|Q5334534,Q21948567,Sunflowers,Q5334534,Ed Bass,0,1,INCLUDE,0.7,5,P40,child
row1564,Q21948567|Q15296811,Q21948567,Sunflowers,Q15296811,drawer,0,0,EXCLUDE,0.85,5,P106,occupation
row1573,Q21948567|Q14623005,Q21948567,Sunflowers,Q14623005,draftsperson,0,0,EXCLUDE,0.7,5,P106,occupation
row1648,Q21948567|Q94378647,Q21948567,Sunflowers,Q94378647,Cornelis Marinus van Gogh,0,1,INCLUDE,0.9,5,P127,owned by
row1667,Q21948567|Q1086863,Q21948567,Sunflowers,Q1086863,columnist,0,0,NOT_VISITED,,5,P106,occupation
row1699,Q21948567|Q1423891,Q21948567,Sunflowers,Q1423891,Christian minister,0,0,EXCLUDE,0.85,4,P106,occupation
row1772,Q21948567|Q43845,Q21948567,Sunflowers,Q43845,businessperson,0,0,EXCLUDE,0.85,5,P106,occupation
row1798,Q21948567|Q3148760,Q21948567,Sunflowers,Q3148760,botanical illustrator,0,0,EXCLUDE,0.85,5,P106,occupation
row1802,Q21948567|Q8246794,Q21948567,Sunflowers,Q8246794,blogger,0,0,NOT_VISITED,,5,P106,occupation
row1844,Q21948567|Q51955019,Q21948567,Sunflowers,Q51955019,BEIC Digital Library,0,0,EXCLUDE,0.9,5,P1343,described by source
row1928,Q21948567|Q10732476,Q21948567,Sunflowers,Q10732476,art collector,1,1,INCLUDE,0.95,2,P106,occupation
row1951,Q21948567|Q2657718,Q21948567,Sunflowers,Q2657718,Armenian Soviet Encyclopedia,0,0,EXCLUDE,0.95,5,P1343,described by source
row2085,Q21948567|Q33999,Q21948567,Sunflowers,Q33999,actor,0,0,NOT_VISITED,,5,P106,occupation
row2090,Q21948567|Q15253558,Q21948567,Sunflowers,Q15253558,activist,0,0,NOT_VISITED,,5,P106,occupation
row25,Q26221176|Q14942930,Q26221176,Two Poplars in the Alpilles near Saint-Rémy,Q14942930,WikiProject Painting,1,0,NOT_VISITED,,5,P5008,on focus list of Wikimedia project
row32,Q26221176|Q68074438,Q26221176,Two Poplars in the Alpilles near Saint-Rémy,Q68074438,WikiProject Livius,0,0,EXCLUDE,0.95,2,P5008,on focus list of Wikimedia project
row48,Q26221176|Q7933396,Q26221176,Two Poplars in the Alpilles near Saint-Rémy,Q7933396,Violin and Grapes,1,1,INCLUDE,0.95,2,P1830,owner of
row78,Q26221176|Q109354198,Q26221176,Two Poplars in the Alpilles near Saint-Rémy,Q109354198,Boy Holding a Blue Vase,1,1,INCLUDE,0.95,2,P1830,owner of
row145,Q26221176|Q1768721,Q26221176,Two Poplars in the Alpilles near Saint-Rémy,Q1768721,Gujin Tushu Jicheng,0,0,NOT_VISITED,,3,P1343,described by source
row156,Q26221176|Q1573212,Q26221176,Two Poplars in the Alpilles near Saint-Rémy,Q1573212,Hamburg Biographies,0,0,EXCLUDE,0.8,4,P1343,described by source
row163,Q26221176|Q58433306,Q26221176,Two Poplars in the Alpilles near Saint-Rémy,Q58433306,"Hans Haacke,Framing and Being Framed: 7 Works, 1970–75",1,1,INCLUDE,0.7,4,P1343,described by source
row222,Q26221176|Q66503800,Q26221176,Two Poplars in the Alpilles near Saint-Rémy,Q66503800,Käte Perls,1,0,EXCLUDE,0.85,5,P26,spouse
row247,Q26221176|Q49870534,Q26221176,Two Poplars in the Alpilles near Saint-Rémy,Q49870534,Madame Cézanne in a Red Dress,1,1,INCLUDE,0.95,2,P1830,owner of
row296,Q26221176|Q67311526,Q26221176,Two Poplars in the Alpilles near Saint-Rémy,Q67311526,Obalky knih.cz,0,0,EXCLUDE,0.9,4,P1343,described by source
row319,Q26221176|Q2041543,Q26221176,Two Poplars in the Alpilles near Saint-Rémy,Q2041543,Ottův slovník naučný,0,0,EXCLUDE,0.95,5,P1343,described by source
row342,Q26221176|Q5488972,Q26221176,Two Poplars in the Alpilles near Saint-Rémy,Q5488972,Frank Perls,1,0,EXCLUDE,0.85,5,P40,child
row347,Q26221176|Q4964182,Q26221176,Two Poplars in the Alpilles near Saint-Rémy,Q4964182,philosopher,0,0,EXCLUDE,0.8,5,P106,occupation
row379,Q26221176|Q27096203,Q26221176,Two Poplars in the Alpilles near Saint-Rémy,Q27096203,Saint John the Baptist,1,1,INCLUDE,0.95,2,P1830,owner of
row385,Q26221176|Q67138112,Q26221176,Two Poplars in the Alpilles near Saint-Rémy,Q67138112,Dolly Perls,1,1,INCLUDE,0.75,4,P26,spouse
row420,Q26221176|Q73357989,Q26221176,Two Poplars in the Alpilles near Saint-Rémy,Q73357989,Survey of GLAM open access policy and practice,0,0,EXCLUDE,0.95,2,P1343,described by source
row445,Q26221176|Q907660,Q26221176,Two Poplars in the Alpilles near Saint-Rémy,Q907660,Canon of Dutch History,0,0,EXCLUDE,0.95,5,P1343,described by source
row453,Q26221176|Q602358,Q26221176,Two Poplars in the Alpilles near Saint-Rémy,Q602358,Brockhaus and Efron Encyclopedic Dictionary,0,0,EXCLUDE,0.95,5,P1343,described by source
row467,Q26221176|Q7720110,Q26221176,Two Poplars in the Alpilles near Saint-Rémy,Q7720110,The Brierwood Pipe,0,1,INCLUDE,0.95,2,P1830,owner of
row483,Q26221176|Q94764626,Q26221176,Two Poplars in the Alpilles near Saint-Rémy,Q94764626,Bertha Flechtheim,1,1,INCLUDE,0.85,2,P26,spouse
row502,Q26221176|Q2657718,Q26221176,Two Poplars in the Alpilles near Saint-Rémy,Q2657718,Armenian Soviet Encyclopedia,0,0,EXCLUDE,0.95,3,P1343,described by source
row565,Q26221176|Q36180,Q26221176,Two Poplars in the Alpilles near Saint-Rémy,Q36180,writer,0,0,EXCLUDE,0.9,2,P106,occupation
row571,Q26221176|Q28692502,Q26221176,Two Poplars in the Alpilles near Saint-Rémy,Q28692502,women's rights activist,0,0,EXCLUDE,0.9,5,P106,occupation
row621,Q26221176|Q69574,Q26221176,Two Poplars in the Alpilles near Saint-Rémy,Q69574,Wilhelm Uhde,1,1,INCLUDE,0.9,3,P127,owned by
row637,Q26221176|Q98970039,Q26221176,Two Poplars in the Alpilles near Saint-Rémy,Q98970039,WikiProject PCC Wikidata Pilot/University of Washington,0,0,NOT_VISITED,,3,P5008,on focus list of Wikimedia project
row641,Q26221176|Q102024112,Q26221176,Two Poplars in the Alpilles near Saint-Rémy,Q102024112,WikiProject PCC Wikidata Pilot/New Mexico State Library,0,0,EXCLUDE,0.9,5,P5008,on focus list of Wikimedia project
row648,Q26221176|Q104694359,Q26221176,Two Poplars in the Alpilles near Saint-Rémy,Q104694359,WikiProject PCC Wikidata Pilot/Frick Art Reference Library,0,1,INCLUDE,0.7,2,P5008,on focus list of Wikimedia project
row663,Q26221176|Q13382529,Q26221176,Two Poplars in the Alpilles near Saint-Rémy,Q13382529,WikiProject about human rights,0,0,EXCLUDE,0.9,3,P5008,on focus list of Wikimedia project
row666,Q26221176|Q110249806,Q26221176,Two Poplars in the Alpilles near Saint-Rémy,Q110249806,WikiProject Craft,0,0,EXCLUDE,0.9,5,P5008,on focus list of Wikimedia project
row687,Q26221176|Q42882613,Q26221176,Two Poplars in the Alpilles near Saint-Rémy,Q42882613,"Waterloo Bridge, London",1,1,INCLUDE,1.0,2,P1830,owner of
row744,Q26221176|Q2185351,Q26221176,Two Poplars in the Alpilles near Saint-Rémy,Q2185351,Vincent Willem van Gogh,0,1,INCLUDE,0.9,2,P40,child
row748,Q26221176|Q102413149,Q26221176,Two Poplars in the Alpilles near Saint-Rémy,Q102413149,Vincent van Gogh (Uncle Cent),0,0,EXCLUDE,0.65,5,P40,child
row753,Q26221176|Q5582,Q26221176,Two Poplars in the Alpilles near Saint-Rémy,Q5582,Vincent van Gogh,1,1,INCLUDE,0.95,4,P127,owned by
row754,Q26221176|Q1960369,Q26221176,Two Poplars in the Alpilles near Saint-Rémy,Q1960369,Vincent van Gogh,1,1,INCLUDE,0.7,4,P22,father
row755,Q26221176|Q102441871,Q26221176,Two Poplars in the Alpilles near Saint-Rémy,Q102441871,Vincent van Gogh,1,1,INCLUDE,0.75,5,P127,owned by
row780,Q26221176|Q1622272,Q26221176,Two Poplars in the Alpilles near Saint-Rémy,Q1622272,university teacher,0,0,EXCLUDE,0.85,2,P106,occupation
row790,Q26221176|Q20010400,Q26221176,Two Poplars in the Alpilles near Saint-Rémy,Q20010400,"Two women and a child,  'A Mother's Care'",0,1,INCLUDE,1.0,5,P1830,owner of
row810,Q26221176|Q333634,Q26221176,Two Poplars in the Alpilles near Saint-Rémy,Q333634,translator,0,0,EXCLUDE,0.9,2,P106,occupation
row823,Q26221176|Q1321055,Q26221176,Two Poplars in the Alpilles near Saint-Rémy,Q1321055,Tilla Durieux,1,1,INCLUDE,0.8,5,P1830,owner of
row824,Q26221176|Q78793,Q26221176,Two Poplars in the Alpilles near Saint-Rémy,Q78793,Tilla Durieux,1,1,INCLUDE,0.85,5,P26,spouse
row844,Q26221176|Q56555894,Q26221176,Two Poplars in the Alpilles near Saint-Rémy,Q56555894,Theodore Schempp,1,1,INCLUDE,0.8,5,P3342,significant person
row854,Q26221176|Q317188,Q26221176,Two Poplars in the Alpilles near Saint-Rémy,Q317188,Theo Van Gogh,0,1,INCLUDE,0.95,2,P26,spouse
row855,Q26221176|Q2659670,Q26221176,Two Poplars in the Alpilles near Saint-Rémy,Q2659670,Theo van Gogh,0,0,EXCLUDE,1.0,3,P40,child
row856,Q26221176|Q205456,Q26221176,Two Poplars in the Alpilles near Saint-Rémy,Q205456,Theo van Gogh,0,0,EXCLUDE,1.0,4,P40,child
row872,Q26221176|Q1810348,Q26221176,Two Poplars in the Alpilles near Saint-Rémy,Q1810348,The Quai Malaquais and the Institute,1,1,INCLUDE,0.95,5,P1830,owner of
row978,Q26221176|Q18120969,Q26221176,Two Poplars in the Alpilles near Saint-Rémy,Q18120969,Portrait of an old woman,0,1,INCLUDE,0.85,5,P1830,owner of
row1003,Q26221176|Q11822840,Q26221176,Two Poplars in the Alpilles near Saint-Rémy,Q11822840,,0,0,EXCLUDE,1.0,5,P1343,described by source
row1024,Q26221176|Q49757,Q26221176,Two Poplars in the Alpilles near Saint-Rémy,Q49757,poet,0,0,EXCLUDE,1.0,5,P106,occupation
row1090,Q26221176|Q12362622,Q26221176,Two Poplars in the Alpilles near Saint-Rémy,Q12362622,philanthropist,0,0,EXCLUDE,0.9,2,P106,occupation
row1108,Q26221176|Q78060740,Q26221176,Two Poplars in the Alpilles near Saint-Rémy,Q78060740,Paul Cassirer Gallery,1,1,INCLUDE,1.0,5,P1830,owner of
row1117,Q26221176|Q1752085,Q26221176,Two Poplars in the Alpilles near Saint-Rémy,Q1752085,Norton Simon Museum,1,1,INCLUDE,0.9,5,P127,owned by
row1141,Q26221176|Q49133,Q26221176,Two Poplars in the Alpilles near Saint-Rémy,Q49133,Museum of Fine Arts Boston,1,1,INCLUDE,0.9,4,P127,owned by
row1183,Q26221176|Q6419949,Q26221176,Two Poplars in the Alpilles near Saint-Rémy,Q6419949,Klaus Perls,1,1,INCLUDE,0.95,3,P127,owned by
row1206,Q26221176|Q731126,Q26221176,Two Poplars in the Alpilles near Saint-Rémy,Q731126,J. Paul Getty Museum,1,1,INCLUDE,0.95,3,P127,owned by
row1218,Q26221176|Q8458,Q26221176,Two Poplars in the Alpilles near Saint-Rémy,Q8458,human rights,0,0,NOT_VISITED,,4,P921,main subject
row1220,Q26221176|Q5934356,Q26221176,Two Poplars in the Alpilles near Saint-Rémy,Q5934356,Hugo Perls,1,1,INCLUDE,0.9,4,P22,father
row1249,Q26221176|Q28927781,Q26221176,Two Poplars in the Alpilles near Saint-Rémy,Q28927781,Great Women Masters of Art,0,1,INCLUDE,0.75,5,P1343,described by source
row1251,Q26221176|Q17378135,Q26221176,Two Poplars in the Alpilles near Saint-Rémy,Q17378135,Great Soviet Encyclopedia (1969–1978),0,0,EXCLUDE,0.95,5,P1343,described by source
row1262,Q26221176|Q4091875,Q26221176,Two Poplars in the Alpilles near Saint-Rémy,Q4091875,,0,0,NOT_VISITED,,5,,
row1272,Q26221176|Q1925963,Q26221176,Two Poplars in the Alpilles near Saint-Rémy,Q1925963,graphic artist,0,1,INCLUDE,0.8,5,P106,occupation
row1328,Q26221176|Q4532138,Q26221176,Two Poplars in the Alpilles near Saint-Rémy,Q4532138,Granat Encyclopedic Dictionary,0,0,NOT_VISITED,,3,P1343,described by source
row1369,Q26221176|Q20771242,Q26221176,Two Poplars in the Alpilles near Saint-Rémy,Q20771242,gallerist,1,1,INCLUDE,0.85,4,P106,occupation
row1387,Q26221176|Q15305978,Q26221176,Two Poplars in the Alpilles near Saint-Rémy,Q15305978,galerie Durand-Ruel,1,1,INCLUDE,0.95,3,P127,owned by
row1394,Q26221176|Q61446519,Q26221176,Two Poplars in the Alpilles near Saint-Rémy,Q61446519,Gabrielle Bentinck-Thyssen,1,1,INCLUDE,0.75,5,P127,owned by
row1408,Q26221176|Q19502360,Q26221176,Two Poplars in the Alpilles near Saint-Rémy,Q19502360,Fritz Meyer-Fierz,1,1,INCLUDE,0.9,4,P127,owned by
row1428,Q26221176|Q3282637,Q26221176,Two Poplars in the Alpilles near Saint-Rémy,Q3282637,film producer,0,0,NOT_VISITED,,5,P106,occupation
row1431,Q26221176|Q7042855,Q26221176,Two Poplars in the Alpilles near Saint-Rémy,Q7042855,film editor,0,0,NOT_VISITED,,5,P106,occupation
row1434,Q26221176|Q2526255,Q26221176,Two Poplars in the Alpilles near Saint-Rémy,Q2526255,film director,0,0,NOT_VISITED,,5,P106,occupation
row1438,Q26221176|Q10800557,Q26221176,Two Poplars in the Alpilles near Saint-Rémy,Q10800557,film actor,0,0,NOT_VISITED,,5,P106,occupation
row1456,Q26221176|Q3501317,Q26221176,Two Poplars in the Alpilles near Saint-Rémy,Q3501317,fashion designer,0,1,INCLUDE,0.7,5,P106,occupation
row1477,Q26221176|Q1371378,Q26221176,Two Poplars in the Alpilles near Saint-Rémy,Q1371378,ethnologist,0,0,EXCLUDE,0.95,4,P106,occupation
row1480,Q26221176|Q10862983,Q26221176,Two Poplars in the Alpilles near Saint-Rémy,Q10862983,etcher,0,1,INCLUDE,0.85,2,P106,occupation
row1501,Q26221176|Q131524,Q26221176,Two Poplars in the Alpilles near Saint-Rémy,Q131524,entrepreneur,0,0,EXCLUDE,0.9,5,P106,occupation
row1514,Q26221176|Q81096,Q26221176,Two Poplars in the Alpilles near Saint-Rémy,Q81096,engineer,0,0,EXCLUDE,0.9,3,P106,occupation
row1529,Q26221176|Q33011974,Q26221176,Two Poplars in the Alpilles near Saint-Rémy,Q33011974,Edwin Suermondt,1,1,INCLUDE,0.85,3,P127,owned by
row1531,Q26221176|Q43301751,Q26221176,Two Poplars in the Alpilles near Saint-Rémy,Q43301751,Edward Speelman,1,1,INCLUDE,0.85,5,P127,owned by
row1551,Q26221176|Q5334534,Q26221176,Two Poplars in the Alpilles near Saint-Rémy,Q5334534,Ed Bass,0,1,INCLUDE,0.75,5,P40,child
row1565,Q26221176|Q15296811,Q26221176,Two Poplars in the Alpilles near Saint-Rémy,Q15296811,drawer,0,1,INCLUDE,0.65,2,P106,occupation
row1574,Q26221176|Q14623005,Q26221176,Two Poplars in the Alpilles near Saint-Rémy,Q14623005,draftsperson,0,1,INCLUDE,0.8,5,P106,occupation
row1628,Q26221176|Q867510,Q26221176,Two Poplars in the Alpilles near Saint-Rémy,Q867510,Cypresses,1,1,INCLUDE,0.95,5,P1830,owner of
row1649,Q26221176|Q94378647,Q26221176,Two Poplars in the Alpilles near Saint-Rémy,Q94378647,Cornelis Marinus van Gogh,0,1,INCLUDE,0.9,5,P127,owned by
row1668,Q26221176|Q1086863,Q26221176,Two Poplars in the Alpilles near Saint-Rémy,Q1086863,columnist,0,0,NOT_VISITED,,5,P106,occupation
row1670,Q26221176|Q3243461,Q26221176,Two Poplars in the Alpilles near Saint-Rémy,Q3243461,collector,1,1,INCLUDE,0.85,4,P106,occupation
row1685,Q26221176|Q657415,Q26221176,Two Poplars in the Alpilles near Saint-Rémy,Q657415,Cleveland Museum of Art,1,1,INCLUDE,1.0,1,P127,owned by
row1700,Q26221176|Q1423891,Q26221176,Two Poplars in the Alpilles near Saint-Rémy,Q1423891,Christian minister,0,0,EXCLUDE,0.9,4,P106,occupation
row1707,Q26221176|Q593644,Q26221176,Two Poplars in the Alpilles near Saint-Rémy,Q593644,chemist,0,0,EXCLUDE,0.95,4,P106,occupation
row1728,Q26221176|Q21069797,Q26221176,Two Poplars in the Alpilles near Saint-Rémy,Q21069797,Charles Carstairs,1,1,INCLUDE,0.95,5,P127,owned by
row1759,Q26221176|Q1043967,Q26221176,Two Poplars in the Alpilles near Saint-Rémy,Q1043967,Carnegie Museum of Art,1,1,INCLUDE,0.95,3,P127,owned by
row1773,Q26221176|Q43845,Q26221176,Two Poplars in the Alpilles near Saint-Rémy,Q43845,businessperson,0,0,EXCLUDE,0.9,2,P106,occupation
row1785,Q26221176|Q18223037,Q26221176,Two Poplars in the Alpilles near Saint-Rémy,Q18223037,Bunch of Asparagus,1,1,INCLUDE,1.0,5,P1830,owner of
row1799,Q26221176|Q3148760,Q26221176,Two Poplars in the Alpilles near Saint-Rémy,Q3148760,botanical illustrator,0,0,EXCLUDE,0.9,5,P106,occupation
row1803,Q26221176|Q8246794,Q26221176,Two Poplars in the Alpilles near Saint-Rémy,Q8246794,blogger,0,0,NOT_VISITED,,5,P106,occupation
row1819,Q26221176|Q85095826,Q26221176,Two Poplars in the Alpilles near Saint-Rémy,Q85095826,Berthe Erni,1,1,INCLUDE,0.65,4,P26,spouse
row1845,Q26221176|Q51955019,Q26221176,Two Poplars in the Alpilles near Saint-Rémy,Q51955019,BEIC Digital Library,0,0,EXCLUDE,0.95,5,P1343,described by source
row1897,Q26221176|Q1792450,Q26221176,Two Poplars in the Alpilles near Saint-Rémy,Q1792450,art historian,1,1,INCLUDE,1.0,2,P106,occupation
row1910,Q26221176|Q173950,Q26221176,Two Poplars in the Alpilles near Saint-Rémy,Q173950,art dealer,1,1,INCLUDE,0.9,2,P106,occupation
row1919,Q26221176|Q4164507,Q26221176,Two Poplars in the Alpilles near Saint-Rémy,Q4164507,art critic,1,1,INCLUDE,0.85,4,P106,occupation
row1929,Q26221176|Q10732476,Q26221176,Two Poplars in the Alpilles near Saint-Rémy,Q10732476,art collector,1,1,INCLUDE,0.9,2,P106,occupation
row1959,Q26221176|Q363383,Q26221176,Two Poplars in the Alpilles near Saint-Rémy,Q363383,Armand Hammer,1,1,INCLUDE,0.95,5,P127,owned by
row1994,Q26221176|Q446858,Q26221176,Two Poplars in the Alpilles near Saint-Rémy,Q446858,Andrew W. Mellon,1,1,INCLUDE,0.85,5,P127,owned by
row2013,Q26221176|Q74128,Q26221176,Two Poplars in the Alpilles near Saint-Rémy,Q74128,Alfred Flechtheim,1,1,INCLUDE,1.0,1,P127,owned by
row2054,Q26221176|Q23062739,Q26221176,Two Poplars in the Alpilles near Saint-Rémy,Q23062739,Alex Vömel,1,1,INCLUDE,0.95,3,P127,owned by
row2086,Q26221176|Q33999,Q26221176,Two Poplars in the Alpilles near Saint-Rémy,Q33999,actor,0,0,NOT_VISITED,,5,P106,occupation
row2091,Q26221176|Q15253558,Q26221176,Two Poplars in the Alpilles near Saint-Rémy,Q15253558,activist,0,0,NOT_VISITED,,5,P106,occupation
row2098,Q26221176|Q19989799,Q26221176,Two Poplars in the Alpilles near Saint-Rémy,Q19989799,A Woman Preparing Bread and Butter for a Boy,1,1,INCLUDE,0.95,4,P1830,owner of
row2101,Q26221176|Q12842489,Q26221176,Two Poplars in the Alpilles near Saint-Rémy,Q12842489,A Centennial of Independence,1,1,INCLUDE,0.95,2,P1830,owner of
row2108,Q26221176|Q66362718,Q26221176,Two Poplars in the Alpilles near Saint-Rémy,Q66362718,1001 Paintings You Must See Before You Die,0,0,EXCLUDE,0.7,3,P1343,described by source
row94,Q26221184|Q10873124,Q26221184,Olive Picking,Q10873124,chess player,0,0,EXCLUDE,0.9,4,P106,occupation
row100,Q26221184|Q19180675,Q26221184,Olive Picking,Q19180675,Small Brockhaus and Efron Encyclopedic Dictionary,0,0,EXCLUDE,0.9,4,P1343,described by source
row171,Q26221184|Q89929597,Q26221184,Olive Picking,Q89929597,hedendaagsesieraden.nl,0,0,EXCLUDE,0.85,4,P1343,described by source
row196,Q26221184|Q106727050,Q26221184,Olive Picking,Q106727050,Metropolitan Museum of Art Tagging Vocabulary,1,0,EXCLUDE,0.9,4,P1343,described by source
row334,Q26221184|Q2041543,Q26221184,Olive Picking,Q2041543,Ottův slovník naučný,0,0,EXCLUDE,0.9,4,P1343,described by source
row346,Q26221184|Q12362622,Q26221184,Olive Picking,Q12362622,philanthropist,0,0,EXCLUDE,0.8,4,P106,occupation
row460,Q26221184|Q602358,Q26221184,Olive Picking,Q602358,Brockhaus and Efron Encyclopedic Dictionary,0,0,EXCLUDE,0.9,4,P1343,described by source
row532,Q26221184|Q104694359,Q26221184,Olive Picking,Q104694359,WikiProject PCC Wikidata Pilot/Frick Art Reference Library,0,0,EXCLUDE,0.8,3,P5008,on focus list of Wikimedia project
row784,Q26221184|Q1622272,Q26221184,Olive Picking,Q1622272,university teacher,0,0,EXCLUDE,0.8,3,P106,occupation
row1048,Q26221184|Q486748,Q26221184,Olive Picking,Q486748,pianist,0,0,EXCLUDE,0.85,4,P106,occupation
row1496,Q26221184|Q3578589,Q26221184,Olive Picking,Q3578589,environmentalist,0,0,EXCLUDE,0.9,4,P106,occupation
row1516,Q26221184|Q81096,Q26221184,Olive Picking,Q81096,engineer,0,0,EXCLUDE,0.9,3,P106,occupation
row1859,Q26221184|Q806798,Q26221184,Olive Picking,Q806798,banker,0,0,EXCLUDE,0.85,2,P106,occupation
row1939,Q26221184|Q10732476,Q26221184,Olive Picking,Q10732476,art collector,1,1,INCLUDE,0.75,2,P106,occupation
row1966,Q26221184|Q42973,Q26221184,Olive Picking,Q42973,architect,0,0,EXCLUDE,0.7,3,P106,occupation
row485,Q26221197|Q94839745,Q26221197,Two Peasant Women Digging in Field with Snow,Q94839745,Bernhard Koehler,1,1,INCLUDE,1.0,1,P127,owned by
row487,Q26221197|Q52086999,Q26221197,Two Peasant Women Digging in Field with Snow,Q52086999,The Little Yellow Horses (Die kleinen gelben Pferde),1,1,INCLUDE,0.95,2,P1830,owner of
row1828,Q26221197|Q825450,Q26221197,Two Peasant Women Digging in Field with Snow,Q825450,Bernhard Koehler,1,1,INCLUDE,1.0,1,P127,owned by
row1933,Q26221197|Q10732476,Q26221197,Two Peasant Women Digging in Field with Snow,Q10732476,art collector,1,1,INCLUDE,0.85,2,P106,occupation
row44,Q26221201|Q18745022,Q26221201,Two Diggers among Trees,Q18745022,Alec N. Wildenstein,1,1,INCLUDE,1.0,4,P127,owned by
row106,Q26221201|Q21785872,Q26221201,Two Diggers among Trees,Q21785872,"Edge of the Woods Near L'Hermitage, Pontoise",1,1,INCLUDE,1.0,4,P1830,owner of
row189,Q26221201|Q333256,Q26221201,Two Diggers among Trees,Q333256,"Hugh Grosvenor, 1st Duke of Westminster",0,1,INCLUDE,0.85,5,P127,owned by
row190,Q26221201|Q1384654,Q26221201,Two Diggers among Trees,Q1384654,"Hugh Grosvenor, 2nd Duke of Westminster",0,1,INCLUDE,0.9,5,P127,owned by
row241,Q26221201|Q18347243,Q26221201,Two Diggers among Trees,Q18347243,Lefevre Gallery,1,1,INCLUDE,0.95,5,P127,owned by
row277,Q26221201|Q12954454,Q26221201,Two Diggers among Trees,Q12954454,Nathan Wildenstein,1,1,INCLUDE,1.0,4,P127,owned by
row401,Q26221201|Q50807788,Q26221201,Two Diggers among Trees,Q50807788,Spring Flowers,0,1,INCLUDE,1.0,4,P1830,owner of
row521,Q26221201|Q2837972,Q26221201,Two Diggers among Trees,Q2837972,Allez France,0,0,EXCLUDE,0.95,5,P1830,owner of
row534,Q26221201|Q104694359,Q26221201,Two Diggers among Trees,Q104694359,WikiProject PCC Wikidata Pilot/Frick Art Reference Library,0,0,EXCLUDE,0.7,4,P5008,on focus list of Wikimedia project
row544,Q26221201|Q66362718,Q26221201,Two Diggers among Trees,Q66362718,1001 Paintings You Must See Before You Die,0,1,INCLUDE,0.6,5,P1343,described by source
row584,Q26221201|Q20539215,Q26221201,Two Diggers among Trees,Q20539215,Woman Sewing before a Garden Window,1,1,INCLUDE,1.0,4,P1830,owner of
row589,Q26221201|Q60469188,Q26221201,Two Diggers among Trees,Q60469188,Woman Reading,1,1,INCLUDE,1.0,4,P1830,owner of
row616,Q26221201|Q61294807,Q26221201,Two Diggers among Trees,Q61294807,William Buchanan,0,1,INCLUDE,0.7,5,P127,owned by
row628,Q26221201|Q3568152,Q26221201,Two Diggers among Trees,Q3568152,Wildenstein Institute,1,1,INCLUDE,0.95,5,P1830,owner of
row634,Q26221201|Q10288082,Q26221201,Two Diggers among Trees,Q10288082,Wildenstein & Company,1,1,INCLUDE,0.95,3,P127,owned by
row847,Q26221201|Q56555894,Q26221201,Two Diggers among Trees,Q56555894,Theodore Schempp,1,1,INCLUDE,1.0,5,P127,owned by
row881,Q26221201|Q55647114,Q26221201,Two Diggers among Trees,Q55647114,The Lute Player,0,1,INCLUDE,0.95,5,P1830,owner of
row886,Q26221201|Q21479251,Q26221201,Two Diggers among Trees,Q21479251,The Lock at Pontoise,1,1,INCLUDE,1.0,4,P1830,owner of
row911,Q26221201|Q28035859,Q26221201,Two Diggers among Trees,Q28035859,Still Life with Mangoes and a Hibiscus Flower,1,1,INCLUDE,0.95,4,P1830,owner of
row955,Q26221201|Q2148186,Q26221201,Two Diggers among Trees,Q2148186,Rhode Island School of Design Museum,1,1,INCLUDE,1.0,5,P127,owned by
row963,Q26221201|Q673751,Q26221201,Two Diggers among Trees,Q673751,Reichsleiter Rosenberg Taskforce,1,1,INCLUDE,0.95,5,P127,owned by
row992,Q26221201|Q60514834,Q26221201,Two Diggers among Trees,Q60514834,Portrait of a Woman as Diana,1,1,INCLUDE,1.0,4,P1830,owner of
row1139,Q26221201|Q1565911,Q26221201,Two Diggers among Trees,Q1565911,"Museum of Fine Arts, Houston",1,1,INCLUDE,0.95,5,P127,owned by
row1203,Q26221201|Q3067376,Q26221201,Two Diggers among Trees,Q3067376,Jacques Seligmann & Company,1,1,INCLUDE,1.0,5,P127,owned by
row1213,Q26221201|Q28848149,Q26221201,Two Diggers among Trees,Q28848149,J. K. Thannhauser Art Gallery,1,1,INCLUDE,0.95,4,P1830,owner of
row1386,Q26221201|Q47001605,Q26221201,Two Diggers among Trees,Q47001605,Galerie Fischer,1,1,INCLUDE,0.95,5,P127,owned by
row1393,Q26221201|Q50990573,Q26221201,Two Diggers among Trees,Q50990573,Galerie Cailleux,1,1,INCLUDE,0.95,5,P127,owned by
row1410,Q26221201|Q19502360,Q26221201,Two Diggers among Trees,Q19502360,Fritz Meyer-Fierz,1,1,INCLUDE,0.9,5,P127,owned by
row1414,Q26221201|Q33315010,Q26221201,Two Diggers among Trees,Q33315010,Frederick Mont,1,1,INCLUDE,0.9,5,P127,owned by
row1476,Q26221201|Q20730464,Q26221201,Two Diggers among Trees,Q20730464,Étienne Bignou,1,1,INCLUDE,0.95,5,P127,owned by
row1547,Q26221201|Q1607826,Q26221201,Two Diggers among Trees,Q1607826,editor,0,0,EXCLUDE,0.7,5,P106,occupation
row1582,Q26221201|Q107676574,Q26221201,Two Diggers among Trees,Q107676574,Dr. Fritz Rosenfeld,1,1,INCLUDE,0.85,5,P127,owned by
row1589,Q26221201|Q25391673,Q26221201,Two Diggers among Trees,Q25391673,Domenica Walter,1,1,INCLUDE,0.9,5,P127,owned by
row1620,Q26221201|Q17254907,Q26221201,Two Diggers among Trees,Q17254907,David Graham Carritt,1,1,INCLUDE,0.95,5,P127,owned by
row1625,Q26221201|Q723358,Q26221201,Two Diggers among Trees,Q723358,Daniel Wildenstein,1,1,INCLUDE,1.0,4,P127,owned by
row1681,Q26221201|Q60729883,Q26221201,Two Diggers among Trees,Q60729883,Cleveland Museum of Art Open Access project,0,0,EXCLUDE,0.7,5,P5008,on focus list of Wikimedia project
row1686,Q26221201|Q657415,Q26221201,Two Diggers among Trees,Q657415,Cleveland Museum of Art,1,1,INCLUDE,1.0,5,P127,owned by
row1779,Q26221201|Q43845,Q26221201,Two Diggers among Trees,Q43845,businessperson,0,0,EXCLUDE,0.7,5,P106,occupation
row1876,Q26221201|Q83874292,Q26221201,Two Diggers among Trees,Q83874292,Artemis S.A.,1,1,INCLUDE,0.7,5,P127,owned by
row1884,Q26221201|Q30335959,Q26221201,Two Diggers among Trees,Q30335959,Art Looting Investigation Unit,1,1,INCLUDE,1.0,4,P1840,investigation of
row1901,Q26221201|Q1792450,Q26221201,Two Diggers among Trees,Q1792450,art historian,1,1,INCLUDE,0.75,5,P106,occupation
row1915,Q26221201|Q173950,Q26221201,Two Diggers among Trees,Q173950,art dealer,1,1,INCLUDE,0.75,4,P106,occupation
row1940,Q26221201|Q10732476,Q26221201,Two Diggers among Trees,Q10732476,art collector,1,1,INCLUDE,0.75,2,P106,occupation
row2007,Q26221201|Q28860082,Q26221201,Two Diggers among Trees,Q28860082,Amédée Schuffenecker,1,1,INCLUDE,0.9,5,P127,owned by
row419,Q262234|Q73357989,Q262234,Lenbachhaus,Q73357989,Survey of GLAM open access policy and practice,0,0,EXCLUDE,0.85,1,P1343,described by source
row8,Q29441758|Q36180,Q29441758,Margarete Mauthner,Q36180,writer,0,1,INCLUDE,0.7,5,P106,occupation
row98,Q29441758|Q19180675,Q29441758,Margarete Mauthner,Q19180675,Small Brockhaus and Efron Encyclopedic Dictionary,0,0,NOT_VISITED,,4,P1343,described by source
row107,Q29441758|Q27680201,Q29441758,Margarete Mauthner,Q27680201,Riemann's Music Dictionary (1901–1904),0,0,NOT_VISITED,,2,P1343,described by source
row298,Q29441758|Q67311526,Q29441758,Margarete Mauthner,Q67311526,Obalky knih.cz,0,0,EXCLUDE,0.85,3,P1343,described by source
row442,Q29441758|Q3658608,Q29441758,Margarete Mauthner,Q3658608,caricaturist,0,1,INCLUDE,0.7,5,P106,occupation
row455,Q29441758|Q602358,Q29441758,Margarete Mauthner,Q602358,Brockhaus and Efron Encyclopedic Dictionary,0,0,NOT_VISITED,,4,P1343,described by source
row475,Q29441758|Q58488719,Q29441758,Margarete Mauthner,Q58488719,Billy Ireland Cartoon Library & Museum biographical files,1,0,EXCLUDE,0.9,5,P1343,described by source
row525,Q29441758|Q26221149,Q29441758,Margarete Mauthner,Q26221149,Wheat Field with Sheaves,1,1,INCLUDE,0.95,1,P1830,owner of
row531,Q29441758|Q104694359,Q29441758,Margarete Mauthner,Q104694359,WikiProject PCC Wikidata Pilot/Frick Art Reference Library,0,0,EXCLUDE,0.8,5,P5008,on focus list of Wikimedia project
row582,Q29441758|Q20539215,Q29441758,Margarete Mauthner,Q20539215,Woman Sewing before a Garden Window,1,1,INCLUDE,0.95,5,P1830,owner of
row587,Q29441758|Q60469188,Q29441758,Margarete Mauthner,Q60469188,Woman Reading,1,1,INCLUDE,0.95,5,P1830,owner of
row632,Q29441758|Q10288082,Q29441758,Margarete Mauthner,Q10288082,Wildenstein & Company,1,1,INCLUDE,0.95,4,P127,owned by
row649,Q29441758|Q104694359,Q29441758,Margarete Mauthner,Q104694359,WikiProject PCC Wikidata Pilot/Frick Art Reference Library,0,0,EXCLUDE,0.8,5,P5008,on focus list of Wikimedia project
row762,Q29441758|Q4110598,Q29441758,Margarete Mauthner,Q4110598,video blogger,0,0,EXCLUDE,0.95,5,P106,occupation
row811,Q29441758|Q333634,Q29441758,Margarete Mauthner,Q333634,translator,0,0,EXCLUDE,0.9,1,P106,occupation
row827,Q29441758|Q78793,Q29441758,Margarete Mauthner,Q78793,Tilla Durieux,1,1,INCLUDE,0.7,5,P26,spouse
row828,Q29441758|Q1321055,Q29441758,Margarete Mauthner,Q1321055,Tilla Durieux,1,1,INCLUDE,0.9,5,P1830,owner of
row874,Q29441758|Q1810348,Q29441758,Margarete Mauthner,Q1810348,The Quai Malaquais and the Institute,1,1,INCLUDE,0.95,5,P1830,owner of
row884,Q29441758|Q21479251,Q29441758,Margarete Mauthner,Q21479251,The Lock at Pontoise,1,1,INCLUDE,0.95,5,P1830,owner of
row909,Q29441758|Q28035859,Q29441758,Margarete Mauthner,Q28035859,Still Life with Mangoes and a Hibiscus Flower,1,1,INCLUDE,0.95,5,P1830,owner of
row990,Q29441758|Q60514834,Q29441758,Margarete Mauthner,Q60514834,Portrait of a Woman as Diana,1,1,INCLUDE,0.95,5,P1830,owner of
row1097,Q29441758|Q510324,Q29441758,Margarete Mauthner,Q510324,Philadelphia Museum of Art,1,1,INCLUDE,0.95,4,P127,owned by
row1110,Q29441758|Q78060740,Q29441758,Margarete Mauthner,Q78060740,Paul Cassirer Gallery,1,1,INCLUDE,0.9,5,P1830,owner of
row1211,Q29441758|Q28848149,Q29441758,Margarete Mauthner,Q28848149,J. K. Thannhauser Art Gallery,1,1,INCLUDE,0.9,5,P1830,owner of
row1273,Q29441758|Q1925963,Q29441758,Margarete Mauthner,Q1925963,graphic artist,0,1,INCLUDE,0.7,5,P106,occupation
row1347,Q29441758|Q215626,Q29441758,Margarete Mauthner,Q215626,Georges Wildenstein,1,1,INCLUDE,0.95,5,P127,owned by
row1370,Q29441758|Q20771242,Q29441758,Margarete Mauthner,Q20771242,gallerist,1,1,INCLUDE,0.9,5,P106,occupation
row1623,Q29441758|Q723358,Q29441758,Margarete Mauthner,Q723358,Daniel Wildenstein,1,1,INCLUDE,0.95,5,P127,owned by
row1656,Q29441758|Q158852,Q29441758,Margarete Mauthner,Q158852,conductor,0,0,EXCLUDE,0.9,3,P106,occupation
row1662,Q29441758|Q36834,Q29441758,Margarete Mauthner,Q36834,composer,0,0,EXCLUDE,0.95,1,P106,occupation
row1672,Q29441758|Q3243461,Q29441758,Margarete Mauthner,Q3243461,collector,1,1,INCLUDE,0.85,1,P106,occupation
row1787,Q29441758|Q18223037,Q29441758,Margarete Mauthner,Q18223037,Bunch of Asparagus,1,1,INCLUDE,0.9,5,P1830,owner of
row1863,Q29441758|Q806349,Q29441758,Margarete Mauthner,Q806349,bandleader,0,0,EXCLUDE,0.9,3,P106,occupation
row1882,Q29441758|Q30335959,Q29441758,Margarete Mauthner,Q30335959,Art Looting Investigation Unit,1,1,INCLUDE,0.9,5,P1840,investigation of
row1898,Q29441758|Q1792450,Q29441758,Margarete Mauthner,Q1792450,art historian,1,1,INCLUDE,0.9,5,P106,occupation
row1932,Q29441758|Q10732476,Q29441758,Margarete Mauthner,Q10732476,art collector,1,1,INCLUDE,0.95,1,P106,occupation
row1991,Q29441758|Q95698792,Q29441758,Margarete Mauthner,Q95698792,Anna Meier-Graefe,1,1,INCLUDE,0.85,5,P26,spouse
row2005,Q29441758|Q28860082,Q29441758,Margarete Mauthner,Q28860082,Amédée Schuffenecker,1,1,INCLUDE,0.9,4,P127,owned by
row2058,Q29441758|Q18745022,Q29441758,Margarete Mauthner,Q18745022,Alec N. Wildenstein,1,1,INCLUDE,0.95,5,P127,owned by
row2083,Q29441758|Q41751676,Q29441758,Margarete Mauthner,Q41751676,Adele Lewisohn Lehman,0,1,INCLUDE,0.75,5,P40,child
row417,Q303139|Q73357989,Q303139,Belvedere,Q73357989,Survey of GLAM open access policy and practice,0,0,EXCLUDE,0.9,1,P1343,described by source
row17,Q324935|Q98801351,Q324935,Ferenc Hatvany,Q98801351,WikiProject Provenance,1,1,INCLUDE,0.95,3,P5008,on focus list of Wikimedia project
row85,Q324935|Q4114391,Q324935,Ferenc Hatvany,Q4114391,Sytin Military Encyclopedia,0,0,NOT_VISITED,,4,P1343,described by source
row148,Q324935|Q1768721,Q324935,Ferenc Hatvany,Q1768721,Gujin Tushu Jicheng,0,0,NOT_VISITED,,3,P1343,described by source
row237,Q324935|Q1549283,Q324935,Ferenc Hatvany,Q1549283,large estate owner,0,0,EXCLUDE,0.85,3,P106,occupation
row299,Q324935|Q67311526,Q324935,Ferenc Hatvany,Q67311526,Obalky knih.cz,0,0,EXCLUDE,0.9,3,P1343,described by source
row355,Q324935|Q1970746,Q324935,Ferenc Hatvany,Q1970746,Explanatory Dictionary of the Living Great Russian Language,0,0,NOT_VISITED,,4,P1343,described by source
row410,Q324935|Q20178788,Q324935,Ferenc Hatvany,Q20178788,Still Life with Apples,1,1,INCLUDE,0.95,1,P1830,owner of
row456,Q324935|Q602358,Q324935,Ferenc Hatvany,Q602358,Brockhaus and Efron Encyclopedic Dictionary,0,0,NOT_VISITED,,4,P1343,described by source
row554,Q324935|Q4091878,Q324935,Ferenc Hatvany,Q4091878,Yuzhakov Big Encyclopedia,0,0,NOT_VISITED,,4,P1343,described by source
row916,Q324935|Q19180675,Q324935,Ferenc Hatvany,Q19180675,Small Brockhaus and Efron Encyclopedic Dictionary,0,0,NOT_VISITED,,4,P1343,described by source
row922,Q324935|Q1034379,Q324935,Ferenc Hatvany,Q1034379,Sándor Hatvany-Deutsch,1,1,INCLUDE,0.8,1,P22,father
row1113,Q324935|Q1028181,Q324935,Ferenc Hatvany,Q1028181,painter,0,0,EXCLUDE,0.75,1,P106,occupation
row1146,Q324935|Q69860245,Q324935,Ferenc Hatvany,Q69860245,Mór Lipót Herzog,1,1,INCLUDE,0.9,2,P127,owned by
row1147,Q324935|Q189290,Q324935,Ferenc Hatvany,Q189290,military officer,1,0,EXCLUDE,0.9,3,P106,occupation
row1161,Q324935|Q587955,Q324935,Ferenc Hatvany,Q587955,Marcell Nemes,1,1,INCLUDE,0.9,2,P127,owned by
row1257,Q324935|Q20078554,Q324935,Ferenc Hatvany,Q20078554,Great Soviet Encyclopedia (1926–1947),0,0,NOT_VISITED,,4,P1343,described by source
row1422,Q324935|Q1979607,Q324935,Ferenc Hatvany,Q1979607,financier,0,0,EXCLUDE,0.75,3,P106,occupation
row1451,Q324935|Q4808368,Q324935,Ferenc Hatvany,Q4808368,Femme nue couchée,1,1,INCLUDE,0.95,1,P1830,owner of
row1776,Q324935|Q43845,Q324935,Ferenc Hatvany,Q43845,businessperson,0,0,EXCLUDE,0.9,2,P106,occupation
row1856,Q324935|Q806798,Q324935,Ferenc Hatvany,Q806798,banker,0,0,EXCLUDE,0.9,2,P106,occupation
row1912,Q324935|Q173950,Q324935,Ferenc Hatvany,Q173950,art dealer,1,1,INCLUDE,0.95,3,P106,occupation
row1934,Q324935|Q10732476,Q324935,Ferenc Hatvany,Q10732476,art collector,1,0,EXCLUDE,0.75,1,P106,occupation
row1953,Q324935|Q2657718,Q324935,Ferenc Hatvany,Q2657718,Armenian Soviet Encyclopedia,0,0,NOT_VISITED,,4,P1343,described by source
row2023,Q324935|Q2833448,Q324935,Ferenc Hatvany,Q2833448,Alexandre Berthier,1,1,INCLUDE,0.85,2,P127,owned by
row70,Q3783572|Q3181656,Q3783572,Harvard Art Museums,Q3181656,The Nuttall Encyclopædia,0,0,EXCLUDE,0.95,2,P1343,described by source
row99,Q3783572|Q19180675,Q3783572,Harvard Art Museums,Q19180675,Small Brockhaus and Efron Encyclopedic Dictionary,0,0,NOT_VISITED,,5,P1343,described by source
row195,Q3783572|Q106727050,Q3783572,Harvard Art Museums,Q106727050,Metropolitan Museum of Art Tagging Vocabulary,1,0,NOT_VISITED,,5,P1343,described by source
row206,Q3783572|Q17576108,Q3783572,Harvard Art Museums,Q17576108,Islamopedia Online,0,0,EXCLUDE,0.95,2,P1830,owner of
row333,Q3783572|Q2041543,Q3783572,Harvard Art Museums,Q2041543,Ottův slovník naučný,0,0,EXCLUDE,0.95,2,P1343,described by source
row363,Q3783572|Q48968006,Q3783572,Harvard Art Museums,Q48968006,encyclopedia.com,0,0,NOT_VISITED,,5,P1343,described by source
row399,Q3783572|Q7557389,Q3783572,Harvard Art Museums,Q7557389,Soldiers Field Soccer Stadium,0,0,EXCLUDE,0.95,2,P1830,owner of
row458,Q3783572|Q602358,Q3783572,Harvard Art Museums,Q602358,Brockhaus and Efron Encyclopedic Dictionary,0,0,NOT_VISITED,,5,P1343,described by source
row918,Q3783572|Q2918448,Q3783572,Harvard Art Museums,Q2918448,Harvard Museum of the Ancient Near East,0,0,EXCLUDE,0.95,2,P1830,owner of
row1142,Q3783572|Q1420782,Q3783572,Harvard Art Museums,Q1420782,Museum of Comparative Zoology,0,0,EXCLUDE,0.95,2,P1830,owner of
row216,Q4008950|Q2554450,Q4008950,Irises,Q2554450,Johanna van Gogh-Bonger,1,1,INCLUDE,0.95,1,P127,owned by
row202,Q5147536|Q644687,Q5147536,Josef Feinhals,Q644687,illustrator,0,0,EXCLUDE,0.9,2,P106,occupation
row362,Q5147536|Q82955,Q5147536,Josef Feinhals,Q82955,politician,0,0,NOT_VISITED,,5,P106,occupation
row443,Q5147536|Q3658608,Q5147536,Josef Feinhals,Q3658608,caricaturist,0,0,EXCLUDE,0.9,2,P106,occupation
row447,Q5147536|Q108829905,Q5147536,Josef Feinhals,Q108829905,Bruno Paul : the life and work of a pragmatic modernist,1,0,EXCLUDE,0.75,2,P1343,described by source
row506,Q5147536|Q42973,Q5147536,Josef Feinhals,Q42973,architect,0,0,EXCLUDE,0.9,2,P106,occupation
row783,Q5147536|Q1622272,Q5147536,Josef Feinhals,Q1622272,university teacher,0,0,EXCLUDE,0.9,2,P106,occupation
row818,Q5147536|Q2446761,Q5147536,Josef Feinhals,Q2446761,Touro College Berlin,0,0,NOT_VISITED,,4,P127,owned by
row1059,Q5147536|Q33231,Q5147536,Josef Feinhals,Q33231,photographer,0,0,EXCLUDE,0.9,2,P106,occupation
row1105,Q5147536|Q108837588,Q5147536,Josef Feinhals,Q108837588,Paul Lindemann,1,1,INCLUDE,0.6,2,P3342,significant person
row1173,Q5147536|Q108841562,Q5147536,Josef Feinhals,Q108841562,Lindemann House,1,0,EXCLUDE,0.8,3,P1830,owner of
row1267,Q5147536|Q627325,Q5147536,Josef Feinhals,Q627325,graphic designer,0,0,EXCLUDE,0.9,2,P106,occupation
row1400,Q5147536|Q11455387,Q5147536,Josef Feinhals,Q11455387,furniture designer,0,0,EXCLUDE,0.9,2,P106,occupation
row1452,Q5147536|Q108841920,Q5147536,Josef Feinhals,Q108841920,Feinhals Haus,1,0,EXCLUDE,0.65,1,P1830,owner of
row1503,Q5147536|Q131524,Q5147536,Josef Feinhals,Q131524,entrepreneur,0,0,EXCLUDE,0.9,1,P106,occupation
row1567,Q5147536|Q15296811,Q5147536,Josef Feinhals,Q15296811,drawer,0,0,EXCLUDE,0.9,2,P106,occupation
row1791,Q5147536|Q66677,Q5147536,Josef Feinhals,Q66677,Bruno Paul,1,1,INCLUDE,0.9,1,P3342,significant person
row1938,Q5147536|Q10732476,Q5147536,Josef Feinhals,Q10732476,art collector,1,1,INCLUDE,0.95,1,P106,occupation
row18,Q55680361|Q98801351,Q55680361,Oskar Reichel,Q98801351,WikiProject Provenance,1,1,INCLUDE,0.95,5,P5008,on focus list of Wikimedia project
row50,Q55680361|Q19681547,Q55680361,Oskar Reichel,Q19681547,"View of Pirna, from Sonnestein Castle",1,1,INCLUDE,0.85,3,P1830,owner of
row53,Q55680361|Q26221176,Q55680361,Oskar Reichel,Q26221176,Two Poplars in the Alpilles near Saint-Rémy,1,1,INCLUDE,0.9,5,P1830,owner of
row77,Q55680361|Q60474736,Q55680361,Oskar Reichel,Q60474736,The Aviator,1,1,INCLUDE,0.9,5,P1830,owner of
row79,Q55680361|Q109354198,Q55680361,Oskar Reichel,Q109354198,Boy Holding a Blue Vase,1,1,INCLUDE,0.9,5,P1830,owner of
row127,Q55680361|Q20539227,Q55680361,Oskar Reichel,Q20539227,Portrait of a Man and Woman in an Interior,1,1,INCLUDE,0.85,3,P1830,owner of
row137,Q55680361|Q27431468,Q55680361,Oskar Reichel,Q27431468,Galerie St. Etienne,1,1,INCLUDE,1.0,2,P127,owned by
row176,Q55680361|Q49133,Q55680361,Oskar Reichel,Q49133,Museum of Fine Arts Boston,0,1,INCLUDE,1.0,2,P127,owned by
row177,Q55680361|Q54149726,Q55680361,Oskar Reichel,Q54149726,Hitler and Genghis Khan,0,0,EXCLUDE,0.85,5,P1343,described by source
row248,Q55680361|Q49870534,Q55680361,Oskar Reichel,Q49870534,Madame Cézanne in a Red Dress,1,1,INCLUDE,0.9,5,P1830,owner of
row255,Q55680361|Q72961007,Q55680361,Oskar Reichel,Q72961007,Margaret Silberman,1,1,INCLUDE,0.9,4,P26,spouse
row261,Q55680361|Q99413897,Q55680361,Oskar Reichel,Q99413897,Medvik,0,0,EXCLUDE,0.95,5,P1343,described by source
row300,Q55680361|Q67311526,Q55680361,Oskar Reichel,Q67311526,Obalky knih.cz,0,0,EXCLUDE,0.95,5,P1343,described by source
row306,Q55680361|Q19754058,Q55680361,Oskar Reichel,Q19754058,Otto Kallir,1,1,INCLUDE,1.0,2,P127,owned by
row312,Q55680361|Q17378135,Q55680361,Oskar Reichel,Q17378135,Great Soviet Encyclopedia (1969–1978),0,0,EXCLUDE,0.95,5,P1343,described by source
row317,Q55680361|Q20078554,Q55680361,Oskar Reichel,Q20078554,Great Soviet Encyclopedia (1926–1947),0,0,EXCLUDE,0.95,5,P1343,described by source
row398,Q55680361|Q4991371,Q55680361,Oskar Reichel,Q4991371,soldier,0,0,EXCLUDE,0.95,5,P106,occupation
row413,Q55680361|Q24022779,Q55680361,Oskar Reichel,Q24022779,Still Life: Potatoes in a Yellow Dish,1,1,INCLUDE,0.9,5,P1830,owner of
row422,Q55680361|Q73357989,Q55680361,Oskar Reichel,Q73357989,Survey of GLAM open access policy and practice,0,0,EXCLUDE,0.85,5,P1343,described by source
row484,Q55680361|Q94764626,Q55680361,Oskar Reichel,Q94764626,Bertha Flechtheim,1,1,INCLUDE,0.85,5,P26,spouse
row560,Q55680361|Q1568434,Q55680361,Oskar Reichel,Q1568434,Yale University Art Gallery,1,1,INCLUDE,0.95,4,P127,owned by
row635,Q55680361|Q28002707,Q55680361,Oskar Reichel,Q28002707,Wildbad Gastein in the evening (with Bengal lights),1,1,INCLUDE,0.97,1,P1830,owner of
row650,Q55680361|Q104694359,Q55680361,Oskar Reichel,Q104694359,WikiProject PCC Wikidata Pilot/Frick Art Reference Library,0,0,EXCLUDE,0.7,3,P5008,on focus list of Wikimedia project
row653,Q55680361|Q105757729,Q55680361,Oskar Reichel,Q105757729,WikiProject PCC Wikidata Pilot — Smithsonian Libraries — Artists Files,0,0,NOT_VISITED,,5,P5008,on focus list of Wikimedia project
row675,Q55680361|Q96971115,Q55680361,Oskar Reichel,Q96971115,Whereabouts of paintings 1933,1,1,INCLUDE,0.95,4,P1343,described by source
row713,Q55680361|Q19885021,Q55680361,Oskar Reichel,Q19885021,Wall with Inscriptions,0,1,INCLUDE,0.95,5,P1830,owner of
row734,Q55680361|Q7933396,Q55680361,Oskar Reichel,Q7933396,Violin and Grapes,1,1,INCLUDE,0.95,3,P1830,owner of
row763,Q55680361|Q3557533,Q55680361,Oskar Reichel,Q3557533,Victor Rabinowitz,0,1,INCLUDE,0.7,5,P40,child
row795,Q55680361|Q20553562,Q55680361,Oskar Reichel,Q20553562,Two Nudes (Lovers),1,1,INCLUDE,0.97,1,P1830,owner of
row798,Q55680361|Q19883498,Q55680361,Oskar Reichel,Q19883498,Two Nudes,1,1,INCLUDE,0.85,3,P1830,owner of
row836,Q55680361|Q106874309,Q55680361,Oskar Reichel,Q106874309,Three Figures with Furniture-like Forms,1,1,INCLUDE,0.95,5,P1830,owner of
row866,Q55680361|Q42877939,Q55680361,Oskar Reichel,Q42877939,The Swimmers,1,1,INCLUDE,0.95,5,P1830,owner of
row905,Q55680361|Q28008262,Q55680361,Oskar Reichel,Q28008262,Still Life with Mutton and Hyacinth,0,1,INCLUDE,0.97,1,P1830,owner of
row919,Q55680361|Q105582344,Q55680361,Oskar Reichel,Q105582344,Self-portrait as a clown,1,1,INCLUDE,0.9,5,P1830,owner of
row935,Q55680361|Q75837445,Q55680361,Oskar Reichel,Q75837445,Rose Pearlman,1,0,NOT_VISITED,,5,P26,spouse
row957,Q55680361|Q83488454,Q55680361,Oskar Reichel,Q83488454,Revealed: National Gallery's Cranach is war loot,1,1,INCLUDE,0.95,4,P1343,described by source
row964,Q55680361|Q131572,Q55680361,Oskar Reichel,Q131572,refugee,1,1,INCLUDE,0.9,5,P106,occupation
row969,Q55680361|Q2516866,Q55680361,Oskar Reichel,Q2516866,publisher,0,0,EXCLUDE,0.75,5,P106,occupation
row970,Q55680361|Q1773840,Q55680361,Oskar Reichel,Q1773840,provenance,1,0,NOT_VISITED,,5,,
row972,Q55680361|Q768717,Q55680361,Oskar Reichel,Q768717,private collection,1,1,INCLUDE,0.75,4,P127,owned by
row980,Q55680361|Q19883952,Q55680361,Oskar Reichel,Q19883952,Portrait of an Equilibrist,1,1,INCLUDE,0.95,5,P1830,owner of
row984,Q55680361|Q20276008,Q55680361,Oskar Reichel,Q20276008,Portrait of a Young Artist,1,1,INCLUDE,0.85,3,P1830,owner of
row1000,Q55680361|Q49277675,Q55680361,Oskar Reichel,Q49277675,"Polymnia, the Muse of Sacred Hymn",1,1,INCLUDE,0.85,3,P1830,owner of
row1014,Q55680361|Q82955,Q55680361,Oskar Reichel,Q82955,politician,0,0,EXCLUDE,0.95,5,P106,occupation
row1019,Q55680361|Q15958642,Q55680361,Oskar Reichel,Q15958642,political writer,0,0,EXCLUDE,0.75,5,P106,occupation
row1092,Q55680361|Q12362622,Q55680361,Oskar Reichel,Q12362622,philanthropist,0,0,EXCLUDE,0.85,5,P106,occupation
row1114,Q55680361|Q2498180,Q55680361,Oskar Reichel,Q2498180,Orthodox Encyclopedia,0,0,EXCLUDE,0.95,5,P1343,described by source
row1119,Q55680361|Q5460604,Q55680361,Oskar Reichel,Q5460604,Wikipedia:List of articles all languages should have,0,0,EXCLUDE,0.95,5,P5008,on focus list of Wikimedia project
row1120,Q55680361|Q76513716,Q55680361,Oskar Reichel,Q76513716,Nierendorf Gallery,1,1,INCLUDE,1.0,2,P127,owned by
row1124,Q55680361|Q328376,Q55680361,Oskar Reichel,Q328376,Nazi plunder,1,1,INCLUDE,0.95,5,P921,main subject
row1128,Q55680361|Q7319,Q55680361,Oskar Reichel,Q7319,Nazi Era,1,1,INCLUDE,0.9,5,P921,main subject
row1154,Q55680361|Q215536,Q55680361,Oskar Reichel,Q215536,merchant,0,0,EXCLUDE,0.8,5,P106,occupation
row1171,Q55680361|Q1871838,Q55680361,Oskar Reichel,Q1871838,Louis M. Rabinowitz,1,1,INCLUDE,0.95,4,P127,owned by
row1180,Q55680361|Q20087533,Q55680361,Oskar Reichel,Q20087533,Le Fumeur,1,1,INCLUDE,0.95,5,P1830,owner of
row1185,Q55680361|Q55845255,Q55680361,Oskar Reichel,Q55845255,Karl Nierendorf,1,1,INCLUDE,0.95,3,P127,owned by
row1187,Q55680361|Q60010460,Q55680361,Oskar Reichel,Q60010460,Kahnweiler gallery,1,1,INCLUDE,0.95,4,P127,owned by
row1191,Q55680361|Q1930187,Q55680361,Oskar Reichel,Q1930187,journalist,0,0,EXCLUDE,0.85,5,P106,occupation
row1192,Q55680361|Q855,Q55680361,Oskar Reichel,Q855,Joseph Stalin,0,0,EXCLUDE,0.95,5,P3342,significant person
row1197,Q55680361|Q104820943,Q55680361,Oskar Reichel,Q104820943,Jewish Collectors and Art Dealers (Victims of Nazi persecution and expropriation),1,1,INCLUDE,0.95,4,P1343,described by source
row1200,Q55680361|Q689638,Q55680361,Oskar Reichel,Q689638,Jean-Marie Loret,0,0,EXCLUDE,0.9,5,P40,child
row1215,Q55680361|Q15924224,Q55680361,Oskar Reichel,Q15924224,internist,0,0,EXCLUDE,0.95,1,P106,occupation
row1216,Q55680361|Q461,Q55680361,Oskar Reichel,Q461,Internet Archive,0,0,EXCLUDE,0.9,5,P1343,described by source
row1217,Q55680361|Q72853350,Q55680361,Oskar Reichel,Q72853350,International Art,1,1,INCLUDE,0.7,4,P1830,owner of
row1236,Q55680361|Q17421703,Q55680361,Oskar Reichel,Q17421703,Henry Pearlman,1,0,NOT_VISITED,,4,P127,owned by
row1371,Q55680361|Q20771242,Q55680361,Oskar Reichel,Q20771242,gallerist,1,1,INCLUDE,0.75,4,P106,occupation
row1378,Q55680361|Q1491880,Q55680361,Oskar Reichel,Q1491880,Galerie Nierendorf,1,1,INCLUDE,0.9,4,P1830,owner of
row1397,Q55680361|Q21078532,Q55680361,Oskar Reichel,Q21078532,G. David Thompson,1,1,INCLUDE,0.95,4,P127,owned by
row1443,Q55680361|Q106866308,Q55680361,Oskar Reichel,Q106866308,Figures in a Landscape,1,1,INCLUDE,0.95,5,P1830,owner of
row1463,Q55680361|Q76433,Q55680361,Oskar Reichel,Q76433,Eva Braun,0,0,EXCLUDE,0.9,5,P26,spouse
row1526,Q55680361|Q72958372,Q55680361,Oskar Reichel,Q72958372,Elkan Silberman,1,1,INCLUDE,0.75,3,P127,owned by
row1545,Q55680361|Q1607826,Q55680361,Oskar Reichel,Q1607826,editor,0,0,NOT_VISITED,,5,P106,occupation
row1555,Q55680361|Q13575004,Q55680361,Oskar Reichel,Q13575004,E. & A. Silberman Galleries,1,1,INCLUDE,1.0,2,P127,owned by
row1590,Q55680361|Q19883543,Q55680361,Oskar Reichel,Q19883543,Doctor Emma Veronika Sanders,1,0,EXCLUDE,0.95,3,P1830,owner of
row1631,Q55680361|Q4904268,Q55680361,Oskar Reichel,Q4904268,Curt Valentin,1,0,NOT_VISITED,,4,P127,owned by
row1636,Q55680361|Q2805058,Q55680361,Oskar Reichel,Q2805058,Cupid Complaining to Venus,1,1,INCLUDE,0.85,3,P1830,owner of
row1639,Q55680361|Q64513741,Q55680361,Oskar Reichel,Q64513741,Crucifixion,1,1,INCLUDE,0.85,3,P1830,owner of
row1660,Q55680361|Q19883783,Q55680361,Oskar Reichel,Q19883783,Composition with Color Planes 5,1,1,INCLUDE,0.95,5,P1830,owner of
row1697,Q55680361|Q12306176,Q55680361,Oskar Reichel,Q12306176,Christian Tetzen-Lund,1,1,INCLUDE,0.95,4,P127,owned by
row1752,Q55680361|Q106849354,Q55680361,Oskar Reichel,Q106849354,Cataract of Figures,1,1,INCLUDE,0.95,5,P1830,owner of
row1777,Q55680361|Q43845,Q55680361,Oskar Reichel,Q43845,businessperson,0,0,EXCLUDE,0.85,5,P106,occupation
row1850,Q55680361|Q20276076,Q55680361,Oskar Reichel,Q20276076,Bathers by a River,1,0,NOT_VISITED,,5,P1830,owner of
row1857,Q55680361|Q806798,Q55680361,Oskar Reichel,Q806798,banker,0,0,EXCLUDE,0.75,5,P106,occupation
row1899,Q55680361|Q1792450,Q55680361,Oskar Reichel,Q1792450,art historian,1,1,INCLUDE,0.75,3,P106,occupation
row1913,Q55680361|Q173950,Q55680361,Oskar Reichel,Q173950,art dealer,1,0,NOT_VISITED,,4,,
row1935,Q55680361|Q10732476,Q55680361,Oskar Reichel,Q10732476,art collector,1,1,INCLUDE,0.95,1,P106,occupation
row2014,Q55680361|Q74128,Q55680361,Oskar Reichel,Q74128,Alfred Flechtheim,1,1,INCLUDE,0.95,4,P127,owned by
row2066,Q55680361|Q60045,Q55680361,Oskar Reichel,Q60045,Albert Speer,0,0,EXCLUDE,0.75,5,P3342,significant person
row2081,Q55680361|Q352,Q55680361,Oskar Reichel,Q352,Adolf Hitler,1,1,INCLUDE,0.95,4,P127,owned by
row2093,Q55680361|Q77257348,Q55680361,Oskar Reichel,Q77257348,Abris Silberman,1,1,INCLUDE,0.75,3,P127,owned by
row2102,Q55680361|Q12842489,Q55680361,Oskar Reichel,Q12842489,A Centennial of Independence,1,1,INCLUDE,0.9,5,P1830,owner of
row36,Q657415|Q68074438,Q657415,Cleveland Museum of Art,Q68074438,WikiProject Livius,0,0,EXCLUDE,0.95,1,P5008,on focus list of Wikimedia project
row74,Q657415|Q3181656,Q657415,Cleveland Museum of Art,Q3181656,The Nuttall Encyclopædia,0,0,NOT_VISITED,,3,P1343,described by source
row102,Q657415|Q19180675,Q657415,Cleveland Museum of Art,Q19180675,Small Brockhaus and Efron Encyclopedic Dictionary,0,0,EXCLUDE,0.95,3,P1343,described by source
row199,Q657415|Q106727050,Q657415,Cleveland Museum of Art,Q106727050,Metropolitan Museum of Art Tagging Vocabulary,1,0,EXCLUDE,0.9,3,P1343,described by source
row204,Q657415|Q20026460,Q657415,Cleveland Museum of Art,Q20026460,Interior with a Woman sewing and a Child,1,1,INCLUDE,0.95,3,P1830,owner of
row205,Q657415|Q432,Q657415,Cleveland Museum of Art,Q432,Islam,0,0,EXCLUDE,0.95,4,P921,main subject
row245,Q657415|Q19098835,Q657415,Cleveland Museum of Art,Q19098835,Library of the World's Best Literature,0,0,EXCLUDE,0.85,3,P1343,described by source
row318,Q657415|Q20078554,Q657415,Cleveland Museum of Art,Q20078554,Great Soviet Encyclopedia (1926–1947),0,0,EXCLUDE,0.95,3,P1343,described by source
row361,Q657415|Q49757,Q657415,Cleveland Museum of Art,Q49757,poet,0,0,EXCLUDE,0.85,3,P106,occupation
row368,Q657415|Q867541,Q657415,Cleveland Museum of Art,Q867541,Encyclopædia Britannica 11th edition,0,0,EXCLUDE,0.95,3,P1343,described by source
row384,Q657415|Q512314,Q657415,Cleveland Museum of Art,Q512314,socialite,0,0,EXCLUDE,0.75,5,P106,occupation
row425,Q657415|Q73357989,Q657415,Cleveland Museum of Art,Q73357989,Survey of GLAM open access policy and practice,0,0,EXCLUDE,0.85,1,P1343,described by source
row431,Q657415|Q302556,Q657415,Cleveland Museum of Art,Q302556,Catholic Encyclopedia,0,0,EXCLUDE,0.95,3,P1343,described by source
row463,Q657415|Q602358,Q657415,Cleveland Museum of Art,Q602358,Brockhaus and Efron Encyclopedic Dictionary,0,0,NOT_VISITED,,3,P1343,described by source
row474,Q657415|Q98281053,Q657415,Cleveland Museum of Art,Q98281053,biografiA: Lexikon österreichischer Frauen,0,0,EXCLUDE,0.9,5,P1343,described by source
row514,Q657415|Q106787730,Q657415,Cleveland Museum of Art,Q106787730,American Women Writers,0,0,EXCLUDE,0.85,3,P1343,described by source
row546,Q657415|Q139464,Q657415,Cleveland Museum of Art,Q139464,Zachary,0,0,EXCLUDE,0.95,3,P22,father
row569,Q657415|Q36180,Q657415,Cleveland Museum of Art,Q36180,writer,0,0,EXCLUDE,0.85,3,P106,occupation
row624,Q657415|Q76371779,Q657415,Cleveland Museum of Art,Q76371779,Wilfred Alexander von Thyssen-Bornemisza,1,1,INCLUDE,0.9,5,P40,child
row640,Q657415|Q98970039,Q657415,Cleveland Museum of Art,Q98970039,WikiProject PCC Wikidata Pilot/University of Washington,0,0,NOT_VISITED,,4,P5008,on focus list of Wikimedia project
row760,Q657415|Q2567431,Q657415,Cleveland Museum of Art,Q2567431,View of Dordrecht,1,1,INCLUDE,0.95,4,P1830,owner of
row832,Q657415|Q176251,Q657415,Cleveland Museum of Art,Q176251,Thyssen-Bornemisza Museum,1,1,INCLUDE,0.95,2,P127,owned by
row834,Q657415|Q21753940,Q657415,Cleveland Museum of Art,Q21753940,Thyssen-Bornemisza family Collection,1,1,INCLUDE,0.95,5,P1830,owner of
row949,Q657415|Q190804,Q657415,Cleveland Museum of Art,Q190804,Rijksmuseum,1,1,INCLUDE,0.95,5,P127,owned by
row1096,Q657415|Q12362622,Q657415,Cleveland Museum of Art,Q12362622,philanthropist,0,1,INCLUDE,0.65,5,P106,occupation
row1231,Q657415|Q47906,Q657415,Cleveland Museum of Art,Q47906,Hermann Göring,1,1,INCLUDE,0.95,5,P127,owned by
row1535,Q657415|Q28065291,Q657415,Cleveland Museum of Art,Q28065291,Edouard von Saher,1,1,INCLUDE,0.95,4,P40,child
row1608,Q657415|Q18939491,Q657415,Cleveland Museum of Art,Q18939491,diarist,0,0,EXCLUDE,0.85,3,P106,occupation
row1732,Q657415|Q5074681,Q657415,Cleveland Museum of Art,Q5074681,Charlene von Saher,1,1,INCLUDE,0.9,5,P40,child
row1750,Q657415|Q36450,Q657415,Cleveland Museum of Art,Q36450,Catherine II of Russia,0,1,INCLUDE,0.7,5,P127,owned by
row1756,Q657415|Q16986324,Q657415,Cleveland Museum of Art,Q16986324,Catalog of the paintings on show at the Rijksmuseum in 1956,1,1,INCLUDE,0.75,5,P1343,described by source
row1810,Q657415|Q864380,Q657415,Cleveland Museum of Art,Q864380,biographer,0,0,EXCLUDE,0.85,3,P106,occupation
row1816,Q657415|Q4086271,Q657415,Cleveland Museum of Art,Q4086271,Bible Encyclopedia of Archimandrite Nicephorus,0,0,EXCLUDE,0.95,3,P1343,described by source
row1944,Q657415|Q10732476,Q657415,Cleveland Museum of Art,Q10732476,art collector,1,1,INCLUDE,0.7,3,P106,occupation
row2089,Q657415|Q33999,Q657415,Cleveland Museum of Art,Q33999,actor,0,0,EXCLUDE,0.85,5,P106,occupation
row1009,Q666331|Q82955,Q666331,Foundation E.G. Bührle Collection,Q82955,politician,0,0,EXCLUDE,0.9,3,P106,occupation
row1924,Q666331|Q10732476,Q666331,Foundation E.G. Bührle Collection,Q10732476,art collector,1,1,INCLUDE,0.9,3,P106,occupation
row16,Q69860245|Q98801351,Q69860245,Mór Lipót Herzog,Q98801351,WikiProject Provenance,1,1,INCLUDE,0.95,1,P5008,on focus list of Wikimedia project
row147,Q69860245|Q1768721,Q69860245,Mór Lipót Herzog,Q1768721,Gujin Tushu Jicheng,0,0,NOT_VISITED,,2,P1343,described by source
row464,Q69860245|Q3518553,Q69860245,Mór Lipót Herzog,Q3518553,a parcel of property land,0,0,EXCLUDE,0.95,2,P1830,owner of
row1775,Q69860245|Q43845,Q69860245,Mór Lipót Herzog,Q43845,businessperson,0,0,EXCLUDE,0.65,1,P106,occupation
row1855,Q69860245|Q806798,Q69860245,Mór Lipót Herzog,Q806798,banker,0,0,EXCLUDE,0.65,1,P106,occupation
row1931,Q69860245|Q10732476,Q69860245,Mór Lipót Herzog,Q10732476,art collector,1,1,INCLUDE,0.95,1,P106,occupation
row10,Q74128|Q36180,Q74128,Alfred Flechtheim,Q36180,writer,0,0,EXCLUDE,0.6,3,P106,occupation
row14,Q74128|Q20275618,Q74128,Alfred Flechtheim,Q20275618,A Peasant Woman Digging in Front of Her Cottage,1,0,EXCLUDE,0.7,5,P1830,owner of
row22,Q74128|Q20267520,Q74128,Alfred Flechtheim,Q20267520,Abraham's Sacrifice of Isaac,0,0,EXCLUDE,0.7,5,P1830,owner of
row35,Q74128|Q68074438,Q74128,Alfred Flechtheim,Q68074438,WikiProject Livius,0,0,EXCLUDE,0.95,3,P5008,on focus list of Wikimedia project
row37,Q74128|Q13382529,Q74128,Alfred Flechtheim,Q13382529,WikiProject about human rights,0,0,NOT_VISITED,,2,P5008,on focus list of Wikimedia project
row63,Q74128|Q20267585,Q74128,Alfred Flechtheim,Q20267585,The Rape of Europa,1,0,EXCLUDE,0.7,5,P1830,owner of
row73,Q74128|Q3181656,Q74128,Alfred Flechtheim,Q3181656,The Nuttall Encyclopædia,0,0,NOT_VISITED,,5,P1343,described by source
row81,Q74128|Q37226,Q74128,Alfred Flechtheim,Q37226,teacher,0,0,EXCLUDE,0.95,4,P106,occupation
row154,Q74128|Q1768721,Q74128,Alfred Flechtheim,Q1768721,Gujin Tushu Jicheng,0,0,NOT_VISITED,,4,P1343,described by source
row158,Q74128|Q1573212,Q74128,Alfred Flechtheim,Q1573212,Hamburg Biographies,0,0,EXCLUDE,0.7,3,P1343,described by source
row165,Q74128|Q58433306,Q74128,Alfred Flechtheim,Q58433306,"Hans Haacke,Framing and Being Framed: 7 Works, 1970–75",1,1,INCLUDE,0.85,3,P1343,described by source
row178,Q74128|Q54149726,Q74128,Alfred Flechtheim,Q54149726,Hitler and Genghis Khan,0,0,EXCLUDE,0.9,5,P1343,described by source
row198,Q74128|Q106727050,Q74128,Alfred Flechtheim,Q106727050,Metropolitan Museum of Art Tagging Vocabulary,1,0,EXCLUDE,0.95,4,P1343,described by source
row201,Q74128|Q1868065,Q74128,Alfred Flechtheim,Q1868065,merchant's house,0,0,EXCLUDE,0.9,4,P1830,owner of
row218,Q74128|Q1706617,Q74128,Alfred Flechtheim,Q1706617,Joseph Beuys,0,0,EXCLUDE,0.7,5,P1830,owner of
row221,Q74128|Q63342871,Q74128,Alfred Flechtheim,Q63342871,Julius Wilhelm Böhler,1,1,INCLUDE,0.9,5,P127,owned by
row223,Q74128|Q66503800,Q74128,Alfred Flechtheim,Q66503800,Käte Perls,1,1,INCLUDE,0.75,4,P26,spouse
row244,Q74128|Q19098835,Q74128,Alfred Flechtheim,Q19098835,Library of the World's Best Literature,0,0,EXCLUDE,0.95,5,P1343,described by source
row249,Q74128|Q49870534,Q74128,Alfred Flechtheim,Q49870534,Madame Cézanne in a Red Dress,1,1,INCLUDE,0.95,1,P1830,owner of
row256,Q74128|Q90554,Q74128,Alfred Flechtheim,Q90554,"Margit Thyssen-Bornemisza, Countess of Batthyány",1,1,INCLUDE,0.7,5,P40,child
row262,Q74128|Q99413897,Q74128,Alfred Flechtheim,Q99413897,Medvik,0,0,EXCLUDE,0.9,5,P1343,described by source
row303,Q74128|Q67311526,Q74128,Alfred Flechtheim,Q67311526,Obalky knih.cz,0,0,EXCLUDE,0.75,3,P1343,described by source
row307,Q74128|Q19754058,Q74128,Alfred Flechtheim,Q19754058,Otto Kallir,1,0,NOT_VISITED,,4,P127,owned by
row314,Q74128|Q17378135,Q74128,Alfred Flechtheim,Q17378135,Great Soviet Encyclopedia (1969–1978),0,0,EXCLUDE,0.9,5,P1343,described by source
row327,Q74128|Q4532138,Q74128,Alfred Flechtheim,Q4532138,Granat Encyclopedic Dictionary,0,0,NOT_VISITED,,4,P1343,described by source
row336,Q74128|Q2041543,Q74128,Alfred Flechtheim,Q2041543,Ottův slovník naučný,0,0,NOT_VISITED,,5,P1343,described by source
row343,Q74128|Q5488972,Q74128,Alfred Flechtheim,Q5488972,Frank Perls,1,1,INCLUDE,0.9,4,P40,child
row348,Q74128|Q4964182,Q74128,Alfred Flechtheim,Q4964182,philosopher,0,0,EXCLUDE,0.75,4,P106,occupation
row356,Q74128|Q1970746,Q74128,Alfred Flechtheim,Q1970746,Explanatory Dictionary of the Living Great Russian Language,0,0,EXCLUDE,0.95,4,P1343,described by source
row360,Q74128|Q49757,Q74128,Alfred Flechtheim,Q49757,poet,0,0,EXCLUDE,0.9,5,P106,occupation
row367,Q74128|Q867541,Q74128,Alfred Flechtheim,Q867541,Encyclopædia Britannica 11th edition,0,0,EXCLUDE,0.95,5,P1343,described by source
row370,Q74128|Q455,Q74128,Alfred Flechtheim,Q455,Encyclopædia Britannica,0,0,EXCLUDE,0.95,5,P1343,described by source
row373,Q74128|Q42857,Q74128,Alfred Flechtheim,Q42857,prophet,0,0,EXCLUDE,0.9,5,P106,occupation
row380,Q74128|Q27096203,Q74128,Alfred Flechtheim,Q27096203,Saint John the Baptist,1,1,INCLUDE,0.75,3,P1830,owner of
row386,Q74128|Q67138112,Q74128,Alfred Flechtheim,Q67138112,Dolly Perls,1,1,INCLUDE,0.75,3,P26,spouse
row393,Q74128|Q16014697,Q74128,Alfred Flechtheim,Q16014697,"Dictionary of National Biography, second supplement",0,0,EXCLUDE,0.9,5,P1343,described by source
row424,Q74128|Q73357989,Q74128,Alfred Flechtheim,Q73357989,Survey of GLAM open access policy and practice,0,0,EXCLUDE,0.9,3,P1343,described by source
row430,Q74128|Q302556,Q74128,Alfred Flechtheim,Q302556,Catholic Encyclopedia,0,0,EXCLUDE,0.95,5,P1343,described by source
row462,Q74128|Q602358,Q74128,Alfred Flechtheim,Q602358,Brockhaus and Efron Encyclopedic Dictionary,0,0,EXCLUDE,0.95,4,P1343,described by source
row479,Q74128|Q4086271,Q74128,Alfred Flechtheim,Q4086271,Bible Encyclopedia of Archimandrite Nicephorus,0,0,EXCLUDE,0.95,4,P1343,described by source
row503,Q74128|Q2657718,Q74128,Alfred Flechtheim,Q2657718,Armenian Soviet Encyclopedia,0,0,NOT_VISITED,,2,P1343,described by source
row513,Q74128|Q106787730,Q74128,Alfred Flechtheim,Q106787730,American Women Writers,0,0,EXCLUDE,0.95,5,P1343,described by source
row536,Q74128|Q104694359,Q74128,Alfred Flechtheim,Q104694359,WikiProject PCC Wikidata Pilot/Frick Art Reference Library,0,0,EXCLUDE,0.8,3,P5008,on focus list of Wikimedia project
row545,Q74128|Q66362718,Q74128,Alfred Flechtheim,Q66362718,1001 Paintings You Must See Before You Die,0,0,EXCLUDE,0.8,4,P1343,described by source
row556,Q74128|Q21711845,Q74128,Alfred Flechtheim,Q21711845,Young Woman with a lighted Candle at a Window,1,1,INCLUDE,0.95,5,P1830,owner of
row562,Q74128|Q1568434,Q74128,Alfred Flechtheim,Q1568434,Yale University Art Gallery,1,1,INCLUDE,0.9,4,P127,owned by
row568,Q74128|Q36180,Q74128,Alfred Flechtheim,Q36180,writer,0,0,EXCLUDE,0.6,3,P106,occupation
row619,Q74128|Q19754135,Q74128,Alfred Flechtheim,Q19754135,Willem Steenhoff,1,1,INCLUDE,0.95,2,P127,owned by
row622,Q74128|Q69574,Q74128,Alfred Flechtheim,Q69574,Wilhelm Uhde,1,1,INCLUDE,0.95,2,P127,owned by
row636,Q74128|Q98801351,Q74128,Alfred Flechtheim,Q98801351,WikiProject Provenance,1,1,INCLUDE,0.9,1,P5008,on focus list of Wikimedia project
row639,Q74128|Q98970039,Q74128,Alfred Flechtheim,Q98970039,WikiProject PCC Wikidata Pilot/University of Washington,0,0,NOT_VISITED,,4,P5008,on focus list of Wikimedia project
row642,Q74128|Q102024112,Q74128,Alfred Flechtheim,Q102024112,WikiProject PCC Wikidata Pilot/New Mexico State Library,0,0,EXCLUDE,0.95,4,P5008,on focus list of Wikimedia project
row656,Q74128|Q105757729,Q74128,Alfred Flechtheim,Q105757729,WikiProject PCC Wikidata Pilot — Smithsonian Libraries — Artists Files,0,0,NOT_VISITED,,5,P5008,on focus list of Wikimedia project
row661,Q74128|Q100137722,Q74128,Alfred Flechtheim,Q100137722,Wikiproject Nuremberg Trials,1,0,EXCLUDE,0.8,5,P5008,on focus list of Wikimedia project
row668,Q74128|Q110249806,Q74128,Alfred Flechtheim,Q110249806,WikiProject Craft,0,0,EXCLUDE,0.95,4,P5008,on focus list of Wikimedia project
row676,Q74128|Q96971115,Q74128,Alfred Flechtheim,Q96971115,Whereabouts of paintings 1933,1,1,INCLUDE,0.9,4,P1343,described by source
row688,Q74128|Q42882613,Q74128,Alfred Flechtheim,Q42882613,"Waterloo Bridge, London",1,1,INCLUDE,0.9,3,P1830,owner of
row696,Q74128|Q2546745,Q74128,Alfred Flechtheim,Q2546745,Walter Westfeld,1,1,INCLUDE,0.95,4,P127,owned by
row714,Q74128|Q19885021,Q74128,Alfred Flechtheim,Q19885021,Wall with Inscriptions,0,1,INCLUDE,0.9,5,P1830,owner of
row715,Q74128|Q7960534,Q74128,Alfred Flechtheim,Q7960534,Waiting,1,1,INCLUDE,0.9,3,P1830,owner of
row735,Q74128|Q7933396,Q74128,Alfred Flechtheim,Q7933396,Violin and Grapes,1,1,INCLUDE,0.95,1,P1830,owner of
row746,Q74128|Q2185351,Q74128,Alfred Flechtheim,Q2185351,Vincent Willem van Gogh,0,1,INCLUDE,0.7,3,P40,child
row759,Q74128|Q19681547,Q74128,Alfred Flechtheim,Q19681547,"View of Pirna, from Sonnestein Castle",1,1,INCLUDE,0.95,3,P1830,owner of
row761,Q74128|Q20560074,Q74128,Alfred Flechtheim,Q20560074,View of Beverwijk,1,1,INCLUDE,0.95,5,P1830,owner of
row785,Q74128|Q1622272,Q74128,Alfred Flechtheim,Q1622272,university teacher,0,0,EXCLUDE,0.75,3,P106,occupation
row793,Q74128|Q26221176,Q74128,Alfred Flechtheim,Q26221176,Two Poplars in the Alpilles near Saint-Rémy,1,1,INCLUDE,0.95,1,P1830,owner of
row796,Q74128|Q20553562,Q74128,Alfred Flechtheim,Q20553562,Two Nudes (Lovers),1,0,NOT_VISITED,,5,P1830,owner of
row799,Q74128|Q19883498,Q74128,Alfred Flechtheim,Q19883498,Two Nudes,1,1,INCLUDE,0.95,3,P1830,owner of
row813,Q74128|Q333634,Q74128,Alfred Flechtheim,Q333634,translator,0,0,EXCLUDE,0.75,3,P106,occupation
row833,Q74128|Q21753940,Q74128,Alfred Flechtheim,Q21753940,Thyssen-Bornemisza family Collection,1,1,INCLUDE,0.95,5,P1830,owner of
row837,Q74128|Q106874309,Q74128,Alfred Flechtheim,Q106874309,Three Figures with Furniture-like Forms,1,1,INCLUDE,0.9,5,P1830,owner of
row848,Q74128|Q56555894,Q74128,Alfred Flechtheim,Q56555894,Theodore Schempp,1,1,INCLUDE,0.9,5,P3342,significant person
row859,Q74128|Q205456,Q74128,Alfred Flechtheim,Q205456,Theo van Gogh,0,0,EXCLUDE,0.99,5,P40,child
row861,Q74128|Q11613590,Q74128,Alfred Flechtheim,Q11613590,theatre designer,0,0,EXCLUDE,0.85,5,P106,occupation
row864,Q74128|Q104585989,Q74128,Alfred Flechtheim,Q104585989,The Two Brothers,1,1,INCLUDE,0.95,1,P1830,owner of
row867,Q74128|Q42877939,Q74128,Alfred Flechtheim,Q42877939,The Swimmers,1,1,INCLUDE,0.9,5,P1830,owner of
row896,Q74128|Q7720110,Q74128,Alfred Flechtheim,Q7720110,The Brierwood Pipe,1,1,INCLUDE,0.75,3,P1830,owner of
row897,Q74128|Q60474736,Q74128,Alfred Flechtheim,Q60474736,The Aviator,1,1,INCLUDE,0.95,1,P1830,owner of
row898,Q74128|Q19077875,Q74128,Alfred Flechtheim,Q19077875,The American Cyclopædia,0,0,EXCLUDE,0.95,5,P1343,described by source
row899,Q74128|Q49277733,Q74128,Alfred Flechtheim,Q49277733,"Thalia and Melpomene, the Muses of Comedy and Tragedy",1,1,INCLUDE,0.95,3,P1830,owner of
row900,Q74128|Q1320883,Q74128,Alfred Flechtheim,Q1320883,talent manager,0,0,EXCLUDE,0.9,5,P106,occupation
row903,Q74128|Q21948567,Q74128,Alfred Flechtheim,Q21948567,Sunflowers,1,1,INCLUDE,0.9,3,P1830,owner of
row904,Q74128|Q24022779,Q74128,Alfred Flechtheim,Q24022779,Still Life: Potatoes in a Yellow Dish,1,1,INCLUDE,0.95,1,P1830,owner of
row913,Q74128|Q232972,Q74128,Alfred Flechtheim,Q232972,Sonia Delaunay,1,1,INCLUDE,0.7,3,P26,spouse
row917,Q74128|Q19180675,Q74128,Alfred Flechtheim,Q19180675,Small Brockhaus and Efron Encyclopedic Dictionary,0,0,NOT_VISITED,,5,P1343,described by source
row920,Q74128|Q105582344,Q74128,Alfred Flechtheim,Q105582344,Self-portrait as a clown,1,1,INCLUDE,0.95,1,P1830,owner of
row925,Q74128|Q19308411,Q74128,Alfred Flechtheim,Q19308411,Sam Salz,1,1,INCLUDE,0.95,2,P127,owned by
row931,Q74128|Q19006298,Q74128,Alfred Flechtheim,Q19006298,Rudolf Staechelin,1,1,INCLUDE,0.95,2,P127,owned by
row936,Q74128|Q75837445,Q74128,Alfred Flechtheim,Q75837445,Rose Pearlman,1,0,NOT_VISITED,,5,P26,spouse
row958,Q74128|Q83488454,Q74128,Alfred Flechtheim,Q83488454,Revealed: National Gallery's Cranach is war loot,1,1,INCLUDE,0.95,4,P1343,described by source
row965,Q74128|Q131572,Q74128,Alfred Flechtheim,Q131572,refugee,1,0,EXCLUDE,0.9,1,P106,occupation
row966,Q74128|Q131572,Q74128,Alfred Flechtheim,Q131572,refugee,1,0,EXCLUDE,0.9,1,P106,occupation
row971,Q74128|Q1773840,Q74128,Alfred Flechtheim,Q1773840,provenance,1,1,INCLUDE,0.7,2,P921,main subject
row973,Q74128|Q768717,Q74128,Alfred Flechtheim,Q768717,private collection,1,0,EXCLUDE,0.85,2,P127,owned by
row974,Q74128|Q20183867,Q74128,Alfred Flechtheim,Q20183867,Portrait of Madame Brunet,1,1,INCLUDE,0.95,3,P1830,owner of
row976,Q74128|Q18056753,Q74128,Alfred Flechtheim,Q18056753,Portrait of an unknown man,1,1,INCLUDE,0.95,5,P1830,owner of
row985,Q74128|Q20276008,Q74128,Alfred Flechtheim,Q20276008,Portrait of a Young Artist,1,1,INCLUDE,0.95,3,P1830,owner of
row996,Q74128|Q20539227,Q74128,Alfred Flechtheim,Q20539227,Portrait of a Man and Woman in an Interior,1,1,INCLUDE,0.95,3,P1830,owner of
row997,Q74128|Q18030849,Q74128,Alfred Flechtheim,Q18030849,"Portrait of a man, possibly Adriaen van Ostade",1,1,INCLUDE,0.95,5,P1830,owner of
row998,Q74128|Q19913398,Q74128,Alfred Flechtheim,Q19913398,Portrait of a Man,1,1,INCLUDE,0.9,3,P1830,owner of
row1001,Q74128|Q49277675,Q74128,Alfred Flechtheim,Q49277675,"Polymnia, the Muse of Sacred Hymn",1,1,INCLUDE,0.95,3,P1830,owner of
row1017,Q74128|Q82955,Q74128,Alfred Flechtheim,Q82955,politician,0,0,EXCLUDE,0.95,5,P106,occupation
row1020,Q74128|Q15958642,Q74128,Alfred Flechtheim,Q15958642,political writer,0,0,EXCLUDE,0.9,5,P106,occupation
row1060,Q74128|Q33231,Q74128,Alfred Flechtheim,Q33231,photographer,0,0,EXCLUDE,0.7,5,P106,occupation
row1095,Q74128|Q12362622,Q74128,Alfred Flechtheim,Q12362622,philanthropist,0,0,EXCLUDE,0.9,3,P106,occupation
row1101,Q74128|Q16917809,Q74128,Alfred Flechtheim,Q16917809,Pear Tree,1,0,NOT_VISITED,,5,P1830,owner of
row1112,Q74128|Q15472169,Q74128,Alfred Flechtheim,Q15472169,patron of the arts,1,1,INCLUDE,0.7,5,P106,occupation
row1116,Q74128|Q21888081,Q74128,Alfred Flechtheim,Q21888081,Old man with a beard and beret,1,1,INCLUDE,0.9,5,P1830,owner of
row1118,Q74128|Q1752085,Q74128,Alfred Flechtheim,Q1752085,Norton Simon Museum,1,1,INCLUDE,0.95,4,P127,owned by
row1121,Q74128|Q1029706,Q74128,Alfred Flechtheim,Q1029706,New International Encyclopedia,0,0,EXCLUDE,0.95,5,P1343,described by source
row1122,Q74128|Q19190511,Q74128,Alfred Flechtheim,Q19190511,New Encyclopedic Dictionary,0,0,EXCLUDE,0.9,5,P1343,described by source
row1126,Q74128|Q328376,Q74128,Alfred Flechtheim,Q328376,Nazi plunder,1,1,INCLUDE,0.95,5,P921,main subject
row1129,Q74128|Q7319,Q74128,Alfred Flechtheim,Q7319,Nazi Era,1,1,INCLUDE,0.9,5,P921,main subject
row1152,Q74128|Q105758538,Q74128,Alfred Flechtheim,Q105758538,Met x Wikipedia Virtual Edit Meet-up: Women's History Month,0,0,EXCLUDE,0.95,4,P5008,on focus list of Wikimedia project
row1153,Q74128|Q51626,Q74128,Alfred Flechtheim,Q51626,Messiah,1,0,EXCLUDE,0.9,5,P106,occupation
row1155,Q74128|Q99413897,Q74128,Alfred Flechtheim,Q99413897,Medvik,0,0,EXCLUDE,0.9,5,P1343,described by source
row1156,Q74128|Q108580850,Q74128,Alfred Flechtheim,Q108580850,Max Kofler,1,1,INCLUDE,0.95,2,P127,owned by
row1157,Q74128|Q109227939,Q74128,Alfred Flechtheim,Q109227939,Martha Suermondt,1,1,INCLUDE,0.95,2,P127,owned by
row1169,Q74128|Q51722332,Q74128,Alfred Flechtheim,Q51722332,Magdalena Haberstock,1,1,INCLUDE,0.7,5,P26,spouse
row1170,Q74128|Q10288073,Q74128,Alfred Flechtheim,Q10288073,M. Knoedler & Co.,1,1,INCLUDE,0.95,4,P127,owned by
row1177,Q74128|Q47153187,Q74128,Alfred Flechtheim,Q47153187,Leonard C. Hanna Jr.,1,1,INCLUDE,0.95,2,P127,owned by
row1181,Q74128|Q20087533,Q74128,Alfred Flechtheim,Q20087533,Le Fumeur,1,1,INCLUDE,0.9,5,P1830,owner of
row1184,Q74128|Q6419949,Q74128,Alfred Flechtheim,Q6419949,Klaus Perls,1,1,INCLUDE,0.95,2,P127,owned by
row1186,Q74128|Q74432,Q74128,Alfred Flechtheim,Q74432,Karl Ernst Osthaus,1,1,INCLUDE,0.95,2,P127,owned by
row1188,Q74128|Q60010460,Q74128,Alfred Flechtheim,Q60010460,Kahnweiler gallery,1,1,INCLUDE,0.95,2,P127,owned by
row1189,Q74128|Q47530987,Q74128,Alfred Flechtheim,Q47530987,Julius Böhler Jr.,1,1,INCLUDE,0.9,5,P127,owned by
row1190,Q74128|Q47531053,Q74128,Alfred Flechtheim,Q47531053,Julius Böhler AG,1,1,INCLUDE,0.9,4,P127,owned by
row1193,Q74128|Q855,Q74128,Alfred Flechtheim,Q855,Joseph Stalin,0,0,EXCLUDE,0.95,5,P3342,significant person
row1194,Q74128|Q2554450,Q74128,Alfred Flechtheim,Q2554450,Johanna van Gogh-Bonger,1,1,INCLUDE,0.95,2,P127,owned by
row1195,Q74128|Q2208214,Q74128,Alfred Flechtheim,Q2208214,Johan Cohen Gosschalk,1,0,EXCLUDE,0.7,3,P26,spouse
row1199,Q74128|Q104820943,Q74128,Alfred Flechtheim,Q104820943,Jewish Collectors and Art Dealers (Victims of Nazi persecution and expropriation),1,1,INCLUDE,0.95,4,P1343,described by source
row1207,Q74128|Q731126,Q74128,Alfred Flechtheim,Q731126,J. Paul Getty Museum,1,1,INCLUDE,0.95,2,P127,owned by
row1214,Q74128|Q4008950,Q74128,Alfred Flechtheim,Q4008950,Vase with Irises,1,1,INCLUDE,0.9,3,P1830,owner of
row1221,Q74128|Q5934356,Q74128,Alfred Flechtheim,Q5934356,Hugo Perls,1,1,INCLUDE,0.95,3,P22,father
row1237,Q74128|Q17421703,Q74128,Alfred Flechtheim,Q17421703,Henry Pearlman,1,0,NOT_VISITED,,4,P127,owned by
row1238,Q74128|Q76157871,Q74128,Alfred Flechtheim,Q76157871,Helen Georgiana St. John-Mildmay,0,0,EXCLUDE,0.7,5,P40,child
row1239,Q74128|Q21526824,Q74128,Alfred Flechtheim,Q21526824,Head of Christ,1,1,INCLUDE,0.95,3,P1830,owner of
row1241,Q74128|Q58328672,Q74128,Alfred Flechtheim,Q58328672,Harry G. Sperling,1,1,INCLUDE,0.95,2,P127,owned by
row1242,Q74128|Q670075,Q74128,Alfred Flechtheim,Q670075,Hans Heinrich Thyssen-Bornemisza,1,1,INCLUDE,0.95,5,P40,child
row1250,Q74128|Q28927781,Q74128,Alfred Flechtheim,Q28927781,Great Women Masters of Art,0,0,EXCLUDE,0.75,4,P1343,described by source
row1260,Q74128|Q20078554,Q74128,Alfred Flechtheim,Q20078554,Great Soviet Encyclopedia (1926–1947),0,0,EXCLUDE,0.95,5,P1343,described by source
row1275,Q74128|Q1925963,Q74128,Alfred Flechtheim,Q1925963,graphic artist,0,0,EXCLUDE,0.85,4,P106,occupation
row1374,Q74128|Q20771242,Q74128,Alfred Flechtheim,Q20771242,gallerist,1,1,INCLUDE,0.95,3,P106,occupation
row1377,Q74128|Q27431468,Q74128,Alfred Flechtheim,Q27431468,Galerie St. Etienne,1,0,NOT_VISITED,,4,P127,owned by
row1388,Q74128|Q15305978,Q74128,Alfred Flechtheim,Q15305978,galerie Durand-Ruel,1,1,INCLUDE,0.95,4,P127,owned by
row1395,Q74128|Q61446519,Q74128,Alfred Flechtheim,Q61446519,Gabrielle Bentinck-Thyssen,1,1,INCLUDE,0.85,4,P127,owned by
row1398,Q74128|Q21078532,Q74128,Alfred Flechtheim,Q21078532,G. David Thompson,1,1,INCLUDE,0.95,4,P127,owned by
row1420,Q74128|Q2142783,Q74128,Alfred Flechtheim,Q2142783,father of faith,0,0,EXCLUDE,0.9,5,P106,occupation
row1425,Q74128|Q1979607,Q74128,Alfred Flechtheim,Q1979607,financier,0,0,EXCLUDE,0.9,5,P106,occupation
row1444,Q74128|Q106866308,Q74128,Alfred Flechtheim,Q106866308,Figures in a Landscape,1,1,INCLUDE,0.9,5,P1830,owner of
row1457,Q74128|Q3501317,Q74128,Alfred Flechtheim,Q3501317,fashion designer,0,0,EXCLUDE,0.85,4,P106,occupation
row1464,Q74128|Q76433,Q74128,Alfred Flechtheim,Q76433,Eva Braun,0,0,EXCLUDE,0.75,5,P26,spouse
row1468,Q74128|Q105873816,Q74128,Alfred Flechtheim,Q105873816,Eugen Gutmann art collection,1,1,INCLUDE,0.9,5,P1830,owner of
row1478,Q74128|Q1371378,Q74128,Alfred Flechtheim,Q1371378,ethnologist,0,0,EXCLUDE,0.75,3,P106,occupation
row1482,Q74128|Q10862983,Q74128,Alfred Flechtheim,Q10862983,etcher,0,0,EXCLUDE,0.7,3,P106,occupation
row1505,Q74128|Q131524,Q74128,Alfred Flechtheim,Q131524,entrepreneur,0,0,EXCLUDE,0.75,3,P106,occupation
row1510,Q74128|Q329439,Q74128,Alfred Flechtheim,Q329439,engraver,0,0,EXCLUDE,0.7,5,P106,occupation
row1517,Q74128|Q81096,Q74128,Alfred Flechtheim,Q81096,engineer,0,0,EXCLUDE,0.9,4,P106,occupation
row1527,Q74128|Q72958372,Q74128,Alfred Flechtheim,Q72958372,Elkan Silberman,1,1,INCLUDE,0.95,3,P127,owned by
row1530,Q74128|Q33011974,Q74128,Alfred Flechtheim,Q33011974,Edwin Suermondt,1,1,INCLUDE,0.95,2,P127,owned by
row1532,Q74128|Q43301751,Q74128,Alfred Flechtheim,Q43301751,Edward Speelman,1,1,INCLUDE,0.9,4,P127,owned by
row1548,Q74128|Q1607826,Q74128,Alfred Flechtheim,Q1607826,editor,0,0,NOT_VISITED,,5,P106,occupation
row1556,Q74128|Q13575004,Q74128,Alfred Flechtheim,Q13575004,E. & A. Silberman Galleries,1,1,INCLUDE,0.95,2,P127,owned by
row1569,Q74128|Q15296811,Q74128,Alfred Flechtheim,Q15296811,drawer,0,0,EXCLUDE,0.7,3,P106,occupation
row1577,Q74128|Q14623005,Q74128,Alfred Flechtheim,Q14623005,draftsperson,0,0,EXCLUDE,0.85,4,P106,occupation
row1591,Q74128|Q19883543,Q74128,Alfred Flechtheim,Q19883543,Doctor Emma Veronika Sanders,1,0,EXCLUDE,0.7,3,P1830,owner of
row1597,Q74128|Q193391,Q74128,Alfred Flechtheim,Q193391,diplomat,0,0,EXCLUDE,0.75,5,P106,occupation
row1602,Q74128|Q93734702,Q74128,Alfred Flechtheim,Q93734702,Die Zusammenarbeit der Kunsthandlungen Julius Böhler München und Karl Haberstock Berlin: Eine Analyse gemeinsam gehandelter Gemälde zwischen 1936 und 1945,1,1,INCLUDE,0.9,5,P1343,described by source
row1607,Q74128|Q18939491,Q74128,Alfred Flechtheim,Q18939491,diarist,0,0,EXCLUDE,0.95,5,P106,occupation
row1632,Q74128|Q4904268,Q74128,Alfred Flechtheim,Q4904268,Curt Valentin,1,0,NOT_VISITED,,4,P127,owned by
row1637,Q74128|Q2805058,Q74128,Alfred Flechtheim,Q2805058,Cupid Complaining to Venus,1,1,INCLUDE,0.95,3,P1830,owner of
row1640,Q74128|Q64513741,Q74128,Alfred Flechtheim,Q64513741,Crucifixion,1,1,INCLUDE,0.95,3,P1830,owner of
row1661,Q74128|Q19883783,Q74128,Alfred Flechtheim,Q19883783,Composition with Color Planes 5,1,1,INCLUDE,0.9,5,P1830,owner of
row1675,Q74128|Q3243461,Q74128,Alfred Flechtheim,Q3243461,collector,1,1,INCLUDE,0.95,3,P106,occupation
row1687,Q74128|Q657415,Q74128,Alfred Flechtheim,Q657415,Cleveland Museum of Art,1,1,INCLUDE,0.95,2,P127,owned by
row1698,Q74128|Q12306176,Q74128,Alfred Flechtheim,Q12306176,Christian Tetzen-Lund,1,1,INCLUDE,0.95,2,P127,owned by
row1710,Q74128|Q593644,Q74128,Alfred Flechtheim,Q593644,chemist,0,0,EXCLUDE,0.9,3,P106,occupation
row1731,Q74128|Q21069797,Q74128,Alfred Flechtheim,Q21069797,Charles Carstairs,1,1,INCLUDE,0.95,5,P127,owned by
row1753,Q74128|Q106849354,Q74128,Alfred Flechtheim,Q106849354,Cataract of Figures,1,1,INCLUDE,0.7,5,P1830,owner of
row1761,Q74128|Q1043967,Q74128,Alfred Flechtheim,Q1043967,Carnegie Museum of Art,1,1,INCLUDE,0.95,4,P127,owned by
row1782,Q74128|Q43845,Q74128,Alfred Flechtheim,Q43845,businessperson,0,0,EXCLUDE,0.9,3,P106,occupation
row1796,Q74128|Q109354198,Q74128,Alfred Flechtheim,Q109354198,Boy Holding a Blue Vase,1,1,INCLUDE,0.95,1,P1830,owner of
row1809,Q74128|Q864380,Q74128,Alfred Flechtheim,Q864380,biographer,0,0,EXCLUDE,0.95,5,P106,occupation
row1820,Q74128|Q85095826,Q74128,Alfred Flechtheim,Q85095826,Berthe Erni,1,1,INCLUDE,0.75,3,P26,spouse
row1821,Q74128|Q94764626,Q74128,Alfred Flechtheim,Q94764626,Bertha Flechtheim,1,1,INCLUDE,0.75,1,P26,spouse
row1839,Q74128|Q23559,Q74128,Alfred Flechtheim,Q23559,Benito Mussolini,1,0,EXCLUDE,0.95,5,P3342,significant person
row1851,Q74128|Q20276076,Q74128,Alfred Flechtheim,Q20276076,Bathers by a River,1,0,NOT_VISITED,,5,P1830,owner of
row1862,Q74128|Q806798,Q74128,Alfred Flechtheim,Q806798,banker,0,0,EXCLUDE,0.75,5,P106,occupation
row1870,Q74128|Q64349,Q74128,Alfred Flechtheim,Q64349,August Thyssen,1,1,INCLUDE,0.65,5,P22,father
row1886,Q74128|Q30335959,Q74128,Alfred Flechtheim,Q30335959,Art Looting Investigation Unit,1,1,INCLUDE,0.95,5,P1840,investigation of
row1889,Q74128|Q239303,Q74128,Alfred Flechtheim,Q239303,Art Institute of Chicago,1,1,INCLUDE,0.95,4,P127,owned by
row1903,Q74128|Q1792450,Q74128,Alfred Flechtheim,Q1792450,art historian,1,1,INCLUDE,0.75,1,P106,occupation
row1917,Q74128|Q173950,Q74128,Alfred Flechtheim,Q173950,art dealer,1,1,INCLUDE,0.9,1,P106,occupation
row1922,Q74128|Q4164507,Q74128,Alfred Flechtheim,Q4164507,art critic,1,1,INCLUDE,0.95,3,P106,occupation
row1943,Q74128|Q10732476,Q74128,Alfred Flechtheim,Q10732476,art collector,1,1,INCLUDE,0.75,1,P106,occupation
row1962,Q74128|Q363383,Q74128,Alfred Flechtheim,Q363383,Armand Hammer,1,1,INCLUDE,0.95,5,P127,owned by
row1993,Q74128|Q46596638,Q74128,Alfred Flechtheim,Q46596638,Andrew W. Mellon collection,1,1,INCLUDE,0.95,5,P1830,owner of
row1997,Q74128|Q446858,Q74128,Alfred Flechtheim,Q446858,Andrew W. Mellon,1,1,INCLUDE,0.95,4,P127,owned by
row2000,Q74128|Q57687611,Q74128,Alfred Flechtheim,Q57687611,An Unpublished Head of Christ by Rembrandt,1,1,INCLUDE,0.75,4,P1343,described by source
row2036,Q74128|Q76157869,Q74128,Alfred Flechtheim,Q76157869,Alexander Richard St. John-Mildmay,0,0,EXCLUDE,0.7,5,P40,child
row2055,Q74128|Q23062739,Q74128,Alfred Flechtheim,Q23062739,Alex Vömel,1,1,INCLUDE,0.95,2,P127,owned by
row2067,Q74128|Q60045,Q74128,Alfred Flechtheim,Q60045,Albert Speer,0,0,EXCLUDE,0.9,5,P3342,significant person
row2079,Q74128|Q405352,Q74128,Alfred Flechtheim,Q405352,Ailsa Mellon Bruce,1,1,INCLUDE,0.9,5,P40,child
row2082,Q74128|Q352,Q74128,Alfred Flechtheim,Q352,Adolf Hitler,1,1,INCLUDE,0.75,4,P127,owned by
row2094,Q74128|Q77257348,Q74128,Alfred Flechtheim,Q77257348,Abris Silberman,1,1,INCLUDE,0.95,3,P127,owned by
row2099,Q74128|Q19989799,Q74128,Alfred Flechtheim,Q19989799,A Woman Preparing Bread and Butter for a Boy,1,1,INCLUDE,0.95,3,P1830,owner of
row2103,Q74128|Q12842489,Q74128,Alfred Flechtheim,Q12842489,A Centennial of Independence,1,1,INCLUDE,0.95,1,P1830,owner of
row4,Q867510|Q36180,Q867510,Cypresses,Q36180,writer,0,0,EXCLUDE,0.65,4,P106,occupation
row23,Q867510|Q47309996,Q867510,Cypresses,Q47309996,Adolf Wuester,1,1,INCLUDE,0.7,4,P3342,significant person
row30,Q867510|Q68074438,Q867510,Cypresses,Q68074438,WikiProject Livius,0,0,EXCLUDE,1.0,4,P5008,on focus list of Wikimedia project
row42,Q867510|Q18745022,Q867510,Cypresses,Q18745022,Alec N. Wildenstein,1,1,INCLUDE,1.0,4,P127,owned by
row52,Q867510|Q120993,Q867510,Cypresses,Q120993,Amedeo Modigliani,1,1,INCLUDE,0.75,5,P3342,significant person
row61,Q867510|Q19912997,Q867510,Cypresses,Q19912997,Barges at Pontoise,1,1,INCLUDE,0.95,4,P1830,owner of
row84,Q867510|Q4114391,Q867510,Cypresses,Q4114391,Sytin Military Encyclopedia,0,0,EXCLUDE,0.95,4,P1343,described by source
row104,Q867510|Q21785872,Q867510,Cypresses,Q21785872,"Edge of the Woods Near L'Hermitage, Pontoise",1,1,INCLUDE,1.0,4,P1830,owner of
row140,Q867510|Q47035126,Q867510,Cypresses,Q47035126,Gottfried Tanner,1,1,INCLUDE,0.7,4,P3342,significant person
row143,Q867510|Q1768721,Q867510,Cypresses,Q1768721,Gujin Tushu Jicheng,0,0,NOT_VISITED,,3,P1343,described by source
row160,Q867510|Q58433306,Q867510,Cypresses,Q58433306,"Hans Haacke,Framing and Being Framed: 7 Works, 1970–75",1,1,INCLUDE,0.7,4,P1343,described by source
row169,Q867510|Q89929597,Q867510,Cypresses,Q89929597,hedendaagsesieraden.nl,0,0,EXCLUDE,0.9,4,P1343,described by source
row181,Q867510|Q16000367,Q867510,Cypresses,Q16000367,horse breeder,0,0,EXCLUDE,0.9,5,P106,occupation
row187,Q867510|Q333256,Q867510,Cypresses,Q333256,"Hugh Grosvenor, 1st Duke of Westminster",0,0,EXCLUDE,0.7,5,P127,owned by
row192,Q867510|Q106727050,Q867510,Cypresses,Q106727050,Metropolitan Museum of Art Tagging Vocabulary,1,0,NOT_VISITED,,4,P1343,described by source
row208,Q867510|Q3067376,Q867510,Cypresses,Q3067376,Jacques Seligmann & Company,1,1,INCLUDE,0.95,3,P127,owned by
row209,Q867510|Q100708933,Q867510,Cypresses,Q100708933,Martin Fabiani,1,1,INCLUDE,0.9,4,P3342,significant person
row214,Q867510|Q3175096,Q867510,Cypresses,Q3175096,Jean Walter,1,1,INCLUDE,0.9,4,P26,spouse
row231,Q867510|Q26689481,Q867510,Cypresses,Q26689481,La Ferté,1,1,INCLUDE,0.7,5,P1830,owner of
row240,Q867510|Q18347243,Q867510,Cypresses,Q18347243,Lefevre Gallery,1,1,INCLUDE,0.95,3,P127,owned by
row258,Q867510|Q99413897,Q867510,Cypresses,Q99413897,Medvik,0,0,EXCLUDE,0.95,5,P1343,described by source
row273,Q867510|Q49246672,Q867510,Cypresses,Q49246672,Mount of Sainte-Victoire,1,1,INCLUDE,0.95,4,P1830,owner of
row275,Q867510|Q12954454,Q867510,Cypresses,Q12954454,Nathan Wildenstein,1,1,INCLUDE,1.0,4,P127,owned by
row279,Q867510|Q28837176,Q867510,Cypresses,Q28837176,Heilbrunn Timeline of Art History,0,1,INCLUDE,0.7,1,P1343,described by source
row293,Q867510|Q67311526,Q867510,Cypresses,Q67311526,Obalky knih.cz,0,0,EXCLUDE,0.9,4,P1343,described by source
row315,Q867510|Q20078554,Q867510,Cypresses,Q20078554,Great Soviet Encyclopedia (1926–1947),0,0,EXCLUDE,0.9,4,P1343,described by source
row351,Q867510|Q49757,Q867510,Cypresses,Q49757,poet,0,0,EXCLUDE,0.65,4,P106,occupation
row354,Q867510|Q1970746,Q867510,Cypresses,Q1970746,Explanatory Dictionary of the Living Great Russian Language,0,0,EXCLUDE,0.95,4,P1343,described by source
row377,Q867510|Q27096203,Q867510,Cypresses,Q27096203,Saint John the Baptist,1,1,INCLUDE,1.0,4,P1830,owner of
row416,Q867510|Q73357989,Q867510,Cypresses,Q73357989,Survey of GLAM open access policy and practice,0,0,EXCLUDE,0.9,4,P1343,described by source
row438,Q867510|Q1039808,Q867510,Cypresses,Q1039808,Carl Montag,1,1,INCLUDE,0.8,5,P3342,significant person
row441,Q867510|Q3658608,Q867510,Cypresses,Q3658608,caricaturist,0,0,NOT_VISITED,,5,P106,occupation
row446,Q867510|Q108829905,Q867510,Cypresses,Q108829905,Bruno Paul : the life and work of a pragmatic modernist,1,0,NOT_VISITED,,5,P1343,described by source
row451,Q867510|Q602358,Q867510,Cypresses,Q602358,Brockhaus and Efron Encyclopedic Dictionary,0,0,EXCLUDE,0.85,4,P1343,described by source
row465,Q867510|Q7720110,Q867510,Cypresses,Q7720110,The Brierwood Pipe,0,1,INCLUDE,1.0,4,P1830,owner of
row481,Q867510|Q45320214,Q867510,Cypresses,Q45320214,Beteiligte Privatpersonen und Körperschaften am NS-Kulturgutraub,1,1,INCLUDE,0.95,5,P1343,described by source
row495,Q867510|Q30335959,Q867510,Cypresses,Q30335959,Art Looting Investigation Unit,1,1,INCLUDE,0.95,4,P1840,investigation of
row519,Q867510|Q2837972,Q867510,Cypresses,Q2837972,Allez France,0,0,EXCLUDE,0.95,5,P1830,owner of
row553,Q867510|Q4091878,Q867510,Cypresses,Q4091878,Yuzhakov Big Encyclopedia,0,0,EXCLUDE,0.95,4,P1343,described by source
row580,Q867510|Q20539215,Q867510,Cypresses,Q20539215,Woman Sewing before a Garden Window,1,1,INCLUDE,1.0,4,P1830,owner of
row585,Q867510|Q60469188,Q867510,Cypresses,Q60469188,Woman Reading,1,1,INCLUDE,0.95,4,P1830,owner of
row613,Q867510|Q61294807,Q867510,Cypresses,Q61294807,William Buchanan,0,0,EXCLUDE,0.65,5,P127,owned by
row625,Q867510|Q3568152,Q867510,Cypresses,Q3568152,Wildenstein Institute,1,1,INCLUDE,0.95,5,P1830,owner of
row630,Q867510|Q10288082,Q867510,Cypresses,Q10288082,Wildenstein & Company,1,1,INCLUDE,0.95,3,P127,owned by
row646,Q867510|Q104694359,Q867510,Cypresses,Q104694359,WikiProject PCC Wikidata Pilot/Frick Art Reference Library,0,0,EXCLUDE,0.95,2,P5008,on focus list of Wikimedia project
row678,Q867510|Q26221228,Q867510,Cypresses,Q26221228,Wheat Fields after the Rain,1,1,INCLUDE,0.95,5,P1830,owner of
row700,Q867510|Q107177051,Q867510,Cypresses,Q107177051,Walter Feilchenfeldt Jr.,1,1,INCLUDE,0.95,4,P40,child
row704,Q867510|Q2544162,Q867510,Cypresses,Q2544162,Walter Feilchenfeldt,1,1,INCLUDE,0.95,4,P26,spouse
row728,Q867510|Q3391743,Q867510,Cypresses,Q3391743,visual artist,0,0,EXCLUDE,0.65,4,P106,occupation
row778,Q867510|Q1622272,Q867510,Cypresses,Q1622272,university teacher,0,0,EXCLUDE,0.95,4,P106,occupation
row841,Q867510|Q56555894,Q867510,Cypresses,Q56555894,Theodore Schempp,1,1,INCLUDE,0.9,3,P127,owned by
row878,Q867510|Q55647114,Q867510,Cypresses,Q55647114,The Lute Player,0,1,INCLUDE,0.95,5,P1830,owner of
row882,Q867510|Q21479251,Q867510,Cypresses,Q21479251,The Lock at Pontoise,1,1,INCLUDE,1.0,4,P1830,owner of
row907,Q867510|Q28035859,Q867510,Cypresses,Q28035859,Still Life with Mangoes and a Hibiscus Flower,1,1,INCLUDE,0.95,2,P1830,owner of
row926,Q867510|Q96522,Q867510,Cypresses,Q96522,Salman Schocken,1,1,INCLUDE,0.95,1,P127,owned by
row927,Q867510|Q1760539,Q867510,Cypresses,Q1760539,Saint Louis Art Museum,1,1,INCLUDE,0.95,5,P127,owned by
row938,Q867510|Q104917373,Q867510,Cypresses,Q104917373,Romantic Painting with Ruins,1,1,INCLUDE,0.95,4,P1830,owner of
row953,Q867510|Q2148186,Q867510,Cypresses,Q2148186,Rhode Island School of Design Museum,1,1,INCLUDE,0.95,3,P127,owned by
row960,Q867510|Q673751,Q867510,Cypresses,Q673751,Reichsleiter Rosenberg Taskforce,1,1,INCLUDE,0.95,5,P127,owned by
row988,Q867510|Q60514834,Q867510,Cypresses,Q60514834,Portrait of a Woman as Diana,1,1,INCLUDE,0.95,4,P1830,owner of
row1005,Q867510|Q13218361,Q867510,Cypresses,Q13218361,polo player,0,0,EXCLUDE,0.95,5,P106,occupation
row1011,Q867510|Q82955,Q867510,Cypresses,Q82955,politician,0,0,EXCLUDE,0.95,3,P106,occupation
row1051,Q867510|Q39631,Q867510,Cypresses,Q39631,physician,0,0,EXCLUDE,0.9,5,P106,occupation
row1055,Q867510|Q33231,Q867510,Cypresses,Q33231,photographer,0,0,EXCLUDE,0.65,4,P106,occupation
row1104,Q867510|Q108837588,Q867510,Cypresses,Q108837588,Paul Lindemann,1,0,NOT_VISITED,,5,P3342,significant person
row1137,Q867510|Q1565911,Q867510,Cypresses,Q1565911,"Museum of Fine Arts, Houston",1,1,INCLUDE,0.95,3,P127,owned by
row1158,Q867510|Q6762972,Q867510,Cypresses,Q6762972,Marie Norton Harriman,1,1,INCLUDE,0.8,5,P3342,significant person
row1163,Q867510|Q78684258,Q867510,Cypresses,Q78684258,Mandolin and Vase of Flowers,1,1,INCLUDE,0.95,4,P1830,owner of
row1209,Q867510|Q28848149,Q867510,Cypresses,Q28848149,J. K. Thannhauser Art Gallery,1,1,INCLUDE,0.95,2,P1830,owner of
row1232,Q867510|Q15432931,Q867510,Cypresses,Q15432931,Hermann Bunjes,1,1,INCLUDE,0.9,4,P3342,significant person
row1255,Q867510|Q20078554,Q867510,Cypresses,Q20078554,Great Soviet Encyclopedia (1926–1947),0,0,EXCLUDE,0.9,4,P1343,described by source
row1265,Q867510|Q627325,Q867510,Cypresses,Q627325,graphic designer,0,0,NOT_VISITED,,5,P106,occupation
row1269,Q867510|Q1925963,Q867510,Cypresses,Q1925963,graphic artist,0,0,EXCLUDE,0.65,4,P106,occupation
row1330,Q867510|Q17277888,Q867510,Cypresses,Q17277888,Gottlieb Friedrich Reber,1,1,INCLUDE,0.9,5,P127,owned by
row1345,Q867510|Q215626,Q867510,Cypresses,Q215626,Georges Wildenstein,1,1,INCLUDE,1.0,4,P127,owned by
row1365,Q867510|Q80317,Q867510,Cypresses,Q80317,Garçon à la pipe,1,1,INCLUDE,0.95,5,P1830,owner of
row1379,Q867510|Q78161758,Q867510,Cypresses,Q78161758,Galerie Nathan,1,1,INCLUDE,0.75,5,P127,owned by
row1380,Q867510|Q64216457,Q867510,Cypresses,Q64216457,Galerie Jacques Dubourg,1,1,INCLUDE,0.85,5,P1830,owner of
row1383,Q867510|Q47001605,Q867510,Cypresses,Q47001605,Galerie Fischer,1,1,INCLUDE,0.95,3,P127,owned by
row1390,Q867510|Q50990573,Q867510,Cypresses,Q50990573,Galerie Cailleux,1,1,INCLUDE,0.95,5,P127,owned by
row1399,Q867510|Q11455387,Q867510,Cypresses,Q11455387,furniture designer,0,0,NOT_VISITED,,5,P106,occupation
row1401,Q867510|Q475667,Q867510,Cypresses,Q475667,Führermuseum,1,1,INCLUDE,0.9,5,P127,owned by
row1402,Q867510|Q1418856,Q867510,Cypresses,Q1418856,Fritz Nathan,1,1,INCLUDE,0.75,5,P127,owned by
row1405,Q867510|Q19502360,Q867510,Cypresses,Q19502360,Fritz Meyer-Fierz,1,1,INCLUDE,0.95,1,P127,owned by
row1411,Q867510|Q33315010,Q867510,Cypresses,Q33315010,Frederick Mont,1,1,INCLUDE,0.9,5,P127,owned by
row1473,Q867510|Q20730464,Q867510,Cypresses,Q20730464,Étienne Bignou,1,1,INCLUDE,0.95,3,P127,owned by
row1498,Q867510|Q131524,Q867510,Cypresses,Q131524,entrepreneur,0,0,EXCLUDE,0.85,2,P106,occupation
row1507,Q867510|Q329439,Q867510,Cypresses,Q329439,engraver,0,0,EXCLUDE,0.65,4,P106,occupation
row1512,Q867510|Q81096,Q867510,Cypresses,Q81096,engineer,0,0,EXCLUDE,0.95,4,P106,occupation
row1522,Q867510|Q96297,Q867510,Cypresses,Q96297,Emil Georg Bührle,1,1,INCLUDE,0.95,4,P3342,significant person
row1542,Q867510|Q1607826,Q867510,Cypresses,Q1607826,editor,0,0,EXCLUDE,0.9,5,P106,occupation
row1563,Q867510|Q15296811,Q867510,Cypresses,Q15296811,drawer,0,0,NOT_VISITED,,5,P106,occupation
row1571,Q867510|Q14623005,Q867510,Cypresses,Q14623005,draftsperson,0,0,EXCLUDE,0.9,4,P106,occupation
row1580,Q867510|Q107676574,Q867510,Cypresses,Q107676574,Dr. Fritz Rosenfeld,1,1,INCLUDE,0.95,3,P127,owned by
row1586,Q867510|Q25391673,Q867510,Cypresses,Q25391673,Domenica Walter,1,1,INCLUDE,0.95,3,P127,owned by
row1598,Q867510|Q1221807,Q867510,Cypresses,Q1221807,Dieter Bührle,1,1,INCLUDE,0.8,5,P40,child
row1617,Q867510|Q17254907,Q867510,Cypresses,Q17254907,David Graham Carritt,1,1,INCLUDE,0.6,5,P127,owned by
row1621,Q867510|Q723358,Q867510,Cypresses,Q723358,Daniel Wildenstein,1,1,INCLUDE,1.0,4,P127,owned by
row1643,Q867510|Q60476309,Q867510,Cypresses,Q60476309,Countess Széchenyi,1,1,INCLUDE,0.7,4,P1830,owner of
row1678,Q867510|Q60729883,Q867510,Cypresses,Q60729883,Cleveland Museum of Art Open Access project,0,0,EXCLUDE,0.8,3,P5008,on focus list of Wikimedia project
row1683,Q867510|Q657415,Q867510,Cypresses,Q657415,Cleveland Museum of Art,1,1,INCLUDE,0.95,3,P127,owned by
row1725,Q867510|Q21069797,Q867510,Cypresses,Q21069797,Charles Carstairs,1,1,INCLUDE,0.9,4,P127,owned by
row1757,Q867510|Q5046521,Q867510,Cypresses,Q5046521,Carroll Carstairs,1,1,INCLUDE,0.9,5,P40,child
row1770,Q867510|Q43845,Q867510,Cypresses,Q43845,businessperson,0,0,EXCLUDE,0.85,2,P106,occupation
row1789,Q867510|Q66677,Q867510,Cypresses,Q66677,Bruno Paul,1,0,EXCLUDE,0.8,4,P3342,significant person
row1812,Q867510|Q15619234,Q867510,Cypresses,Q15619234,Bignou Gallery,1,1,INCLUDE,0.95,4,P1830,owner of
row1833,Q867510|Q318815,Q867510,Cypresses,Q318815,Bergier commission,1,1,INCLUDE,0.95,4,P1840,investigation of
row1853,Q867510|Q806798,Q867510,Cypresses,Q806798,banker,0,0,EXCLUDE,0.9,3,P106,occupation
row1873,Q867510|Q83874292,Q867510,Cypresses,Q83874292,Artemis S.A.,1,1,INCLUDE,0.65,5,P127,owned by
row1895,Q867510|Q1792450,Q867510,Cypresses,Q1792450,art historian,1,0,EXCLUDE,0.8,5,P106,occupation
row1907,Q867510|Q173950,Q867510,Cypresses,Q173950,art dealer,1,1,INCLUDE,0.75,2,P106,occupation
row1926,Q867510|Q10732476,Q867510,Cypresses,Q10732476,art collector,1,1,INCLUDE,0.9,2,P106,occupation
row1950,Q867510|Q2657718,Q867510,Cypresses,Q2657718,Armenian Soviet Encyclopedia,0,0,EXCLUDE,0.95,4,P1343,described by source
row1956,Q867510|Q363383,Q867510,Cypresses,Q363383,Armand Hammer,1,1,INCLUDE,0.9,4,P127,owned by
row1964,Q867510|Q42973,Q867510,Cypresses,Q42973,architect,0,0,EXCLUDE,0.9,4,P106,occupation
row2003,Q867510|Q28860082,Q867510,Cypresses,Q28860082,Amédée Schuffenecker,1,1,INCLUDE,0.95,3,P127,owned by
row2011,Q867510|Q106213,Q867510,Cypresses,Q106213,Alfred Neven DuMont,1,0,EXCLUDE,0.9,5,P40,child
row2016,Q867510|Q2644753,Q867510,Cypresses,Q2644753,Alfred Breslauer,1,0,EXCLUDE,0.8,4,P22,father
row2062,Q867510|Q1970945,Q867510,Cypresses,Q1970945,Albright-Knox Art Gallery,1,1,INCLUDE,0.95,5,P127,owned by
row2107,Q867510|Q66362718,Q867510,Cypresses,Q66362718,1001 Paintings You Must See Before You Die,0,0,EXCLUDE,0.7,5,P1343,described by source
