row_id,legacy_row_id,seed_qid,seed_label,qid,label,target,prediction,classification,confidence,depth,reaching_property,reaching_property_label
row374,Q105674|Q2312410,Q105674,running,Q2312410,sports discipline,1,1,INCLUDE,0.95,1,P31,instance of
row375,Q105674|Q2167372,Q105674,running,Q2167372,mountain running,1,1,INCLUDE,0.95,1,(-)P279,has subclass
row376,Q105674|Q3694563,Q105674,running,Q3694563,snowshoe running,1,1,INCLUDE,0.9,1,(-)P279,has subclass
row377,Q105674|Q2093999,Q105674,running,Q2093999,trail running,1,1,INCLUDE,0.95,1,(-)P279,has subclass
row378,Q105674|Q349,Q105674,running,Q349,sport,1,1,INCLUDE,0.95,1,P279,subclass of
row379,Q105674|Q12014207,Q105674,running,Q12014207,trekking,1,1,INCLUDE,0.7,2,(-)P279,has subclass
row380,Q105674|Q902378,Q105674,running,Q902378,equestrian sport,0,0,EXCLUDE,0.95,2,(-)P279,has subclass
row381,Q105674|Q212434,Q105674,running,Q212434,Olympic sport,1,1,INCLUDE,0.75,2,(-)P279,has subclass
row382,Q105674|Q17080486,Q105674,running,Q17080486,Twirling,0,0,EXCLUDE,0.95,2,(-)P279,has subclass
row383,Q105674|Q792635,Q105674,running,Q792635,axe throwing,0,0,EXCLUDE,0.95,2,(-)P279,has subclass
row384,Q105674|Q15621650,Q105674,running,Q15621650,skiing,0,0,EXCLUDE,0.9,2,(-)P279,has subclass
row218,Q1060165|Q210167,Q1060165,Riot Games,Q210167,video game developer,1,1,INCLUDE,0.99,1,P31,instance of
row219,Q11020|Q2312410,Q11020,pool,Q2312410,sports discipline,1,1,INCLUDE,0.95,1,P31,instance of
row220,Q11020|Q3341285,Q11020,pool,Q3341285,cue sports,1,1,INCLUDE,0.95,1,P279,subclass of
row221,Q11020|Q2060479,Q11020,pool,Q2060479,eight-ball,1,1,INCLUDE,0.95,1,(-)P279,has subclass
row222,Q11020|Q5179579,Q11020,pool,Q5179579,Cowboy pool,1,1,INCLUDE,0.95,1,(-)P279,has subclass
row223,Q11020|Q10526896,Q11020,pool,Q10526896,Hugg,0,0,EXCLUDE,0.95,2,(-)P279,has subclass
row224,Q11020|Q94619648,Q11020,pool,Q94619648,women's team pursuit,0,0,EXCLUDE,0.98,2,(-)P279,has subclass
row225,Q11020|Q917562,Q11020,pool,Q917562,carom billiards,1,1,INCLUDE,0.95,2,(-)P279,has subclass
row226,Q11020|Q40679812,Q11020,pool,Q40679812,running target shooting,0,0,EXCLUDE,0.98,2,(-)P279,has subclass
row227,Q11020|Q96679888,Q11020,pool,Q96679888,sport discipline at a sport event,0,0,EXCLUDE,0.85,2,(-)P279,has subclass
row228,Q11020|Q2072840,Q11020,pool,Q2072840,CrossFit,0,0,EXCLUDE,0.95,2,(-)P279,has subclass
row229,Q11020|Q27907674,Q11020,pool,Q27907674,girls' singles,0,0,EXCLUDE,0.95,2,(-)P279,has subclass
row230,Q11020|Q5100758,Q11020,pool,Q5100758,Chinese eight-ball,1,1,INCLUDE,0.95,2,(-)P279,has subclass
row231,Q11020|Q4208733,Q11020,pool,Q4208733,Kaisa,1,1,INCLUDE,0.95,2,(-)P279,has subclass
row232,Q11020|Q52177345,Q11020,pool,Q52177345,field sport,0,0,EXCLUDE,0.97,2,(-)P279,has subclass
row233,Q11020|Q11015,Q11020,pool,Q11015,snooker,1,1,INCLUDE,0.95,2,(-)P279,has subclass
row234,Q11020|Q27907692,Q11020,pool,Q27907692,girls' doubles,0,0,EXCLUDE,0.92,2,(-)P279,has subclass
row235,Q11020|Q455347,Q11020,pool,Q455347,variation of basketball,0,0,EXCLUDE,0.98,2,(-)P279,has subclass
row236,Q11020|Q94620117,Q11020,pool,Q94620117,men's team pursuit,0,0,EXCLUDE,0.98,2,(-)P279,has subclass
row237,Q11020|Q5580558,Q11020,pool,Q5580558,golf billiards,1,1,INCLUDE,0.95,2,(-)P279,has subclass
row238,Q11020|Q677423,Q11020,pool,Q677423,drifting,0,0,EXCLUDE,0.99,2,(-)P279,has subclass
row239,Q11020|Q5728609,Q11020,pool,Q5728609,spanish pool,1,1,INCLUDE,0.95,2,(-)P279,has subclass
row240,Q11020|Q50386068,Q11020,pool,Q50386068,youth mixed doubles,0,0,EXCLUDE,0.92,2,(-)P279,has subclass
row241,Q11020|Q27907702,Q11020,pool,Q27907702,boys' singles,0,0,EXCLUDE,0.92,2,(-)P279,has subclass
row243,Q11020|Q967318,Q11020,pool,Q967318,Blackball,1,1,INCLUDE,0.95,2,(-)P279,has subclass
row244,Q11020|Q27907716,Q11020,pool,Q27907716,boys' doubles,0,0,EXCLUDE,0.92,2,(-)P279,has subclass
row245,Q11020|Q1324916,Q11020,pool,Q1324916,English billiards,1,1,INCLUDE,0.95,2,(-)P279,has subclass
row247,Q11020|Q2165733,Q11020,pool,Q2165733,Snooker plus,1,1,INCLUDE,0.9,3,(-)P279,has subclass
row248,Q11020|Q512270,Q11020,pool,Q512270,Five-pin billiards,1,1,INCLUDE,0.9,3,(-)P279,has subclass
row95,Q1139866|Q7889,Q1139866,Dofus,Q7889,video game,1,1,INCLUDE,0.98,1,P31,instance of
row96,Q1139866|Q55588631,Q1139866,Dofus,Q55588631,Pokémon video game,0,0,EXCLUDE,0.95,2,(-)P279,has subclass
row97,Q1139866|Q54767,Q1139866,Dofus,Q54767,puzzle video game,0,0,EXCLUDE,0.9,2,(-)P279,has subclass
row98,Q1139866|Q16021388,Q1139866,Dofus,Q16021388,alien video game,0,0,EXCLUDE,0.95,2,(-)P279,has subclass
row99,Q1139866|Q4485157,Q1139866,Dofus,Q4485157,PC game,1,1,INCLUDE,0.95,2,(-)P279,has subclass
row100,Q1139866|Q89691527,Q1139866,Dofus,Q89691527,Xbox Original,0,0,EXCLUDE,0.95,2,(-)P279,has subclass
row101,Q1139866|Q65073088,Q1139866,Dofus,Q65073088,Nintendo Gateway System,0,0,EXCLUDE,0.95,2,(-)P279,has subclass
row102,Q1139866|Q67016067,Q1139866,Dofus,Q67016067,card battle video game,0,0,EXCLUDE,0.85,2,(-)P279,has subclass
row103,Q1139866|Q6895044,Q1139866,Dofus,Q6895044,multiplayer video game,1,1,INCLUDE,0.95,2,(-)P279,has subclass
row104,Q1139866|Q7927920,Q1139866,Dofus,Q7927920,video games in education,0,0,EXCLUDE,0.95,2,(-)P279,has subclass
row105,Q1139866|Q28004621,Q1139866,Dofus,Q28004621,SMS TV game,0,0,EXCLUDE,0.95,2,(-)P279,has subclass
row106,Q1139866|Q116634,Q1139866,Dofus,Q116634,online game,1,1,INCLUDE,0.95,2,(-)P279,has subclass
row107,Q1139866|Q958821,Q1139866,Dofus,Q958821,LucasArts adventure games,0,0,EXCLUDE,0.95,2,(-)P279,has subclass
row109,Q1139866|Q14411698,Q1139866,Dofus,Q14411698,romance game,0,0,EXCLUDE,0.95,2,(-)P279,has subclass
row110,Q1139866|Q78444225,Q1139866,Dofus,Q78444225,Star Trek video game,0,0,EXCLUDE,0.95,2,(-)P279,has subclass
row868,Q1146208|Q13582798,Q1146208,Institut National de Recherche en Informatique et en Automatique,Q13582798,Public Scientific and Technical Research Establishment,1,1,INCLUDE,0.98,1,P31,instance of
row263,Q1152227|Q28598684,Q1152227,pharmacogenomics,Q28598684,branch of biology,1,1,INCLUDE,0.95,1,P31,instance of
row264,Q1152227|Q222046,Q1152227,pharmacogenomics,Q222046,genomics,1,1,INCLUDE,0.95,1,P279,subclass of
row266,Q1152227|Q841450,Q1152227,pharmacogenomics,Q841450,toxicogenomics,1,1,INCLUDE,0.95,2,(-)P279,has subclass
row267,Q1152227|Q1147112,Q1152227,pharmacogenomics,Q1147112,comparative genomics,1,1,INCLUDE,0.85,2,(-)P279,has subclass
row268,Q1152227|Q3381973,Q1152227,pharmacogenomics,Q3381973,phylogenomics,0,1,INCLUDE,0.8,2,(-)P279,has subclass
row269,Q1152227|Q104193250,Q1152227,pharmacogenomics,Q104193250,branch of ecology,0,0,EXCLUDE,0.95,2,(-)P279,has subclass
row270,Q1152227|Q17002728,Q1152227,pharmacogenomics,Q17002728,branch of botany,0,0,EXCLUDE,0.95,2,(-)P279,has subclass
row272,Q1152227|Q2091816,Q1152227,pharmacogenomics,Q2091816,computational genomics,1,1,INCLUDE,0.85,2,(-)P279,has subclass
row273,Q1152227|Q7322390,Q1152227,pharmacogenomics,Q7322390,ribonomics,1,1,INCLUDE,0.75,2,(-)P279,has subclass
row274,Q1152227|Q1068690,Q1152227,pharmacogenomics,Q1068690,functional genomics,1,1,INCLUDE,0.85,2,(-)P279,has subclass
row275,Q1152227|Q7170583,Q1152227,pharmacogenomics,Q7170583,personal genomics,1,1,INCLUDE,0.9,2,(-)P279,has subclass
row276,Q1152227|Q903778,Q1152227,pharmacogenomics,Q903778,metagenomics,1,1,INCLUDE,0.8,2,(-)P279,has subclass
row277,Q1152227|Q104415895,Q1152227,pharmacogenomics,Q104415895,branch of paleontology,0,0,EXCLUDE,0.95,2,(-)P279,has subclass
row278,Q1152227|Q25303637,Q1152227,pharmacogenomics,Q25303637,neurogenomics,1,0,EXCLUDE,0.75,3,(-)P279,has subclass
row400,Q118398|Q5281480,Q118398,arXiv,Q5281480,disciplinary repository,1,1,INCLUDE,0.9,1,P31,instance of
row401,Q118398|Q35127,Q118398,arXiv,Q35127,website,1,1,INCLUDE,0.75,1,P31,instance of
row402,Q118398|Q7094076,Q118398,arXiv,Q7094076,online database,1,1,INCLUDE,0.85,1,P31,instance of
row403,Q118398|Q52990223,Q118398,arXiv,Q52990223,open science tool,1,1,INCLUDE,0.85,1,P31,instance of
row404,Q118398|Q45787211,Q118398,arXiv,Q45787211,preprint server,1,1,INCLUDE,0.95,1,P31,instance of
row405,Q118398|Q16002093,Q118398,arXiv,Q16002093,video aggregator,0,0,EXCLUDE,0.95,2,(-)P279,has subclass
row406,Q118398|Q1294318,Q118398,arXiv,Q1294318,online book,0,0,EXCLUDE,0.9,2,(-)P279,has subclass
row407,Q118398|Q21606686,Q118398,arXiv,Q21606686,scientific website,1,1,INCLUDE,0.95,2,(-)P279,has subclass
row408,Q118398|Q213369,Q118398,arXiv,Q213369,webcomic,0,0,EXCLUDE,0.95,2,(-)P279,has subclass
row409,Q118398|Q6542714,Q118398,arXiv,Q6542714,library website,1,0,EXCLUDE,0.75,2,(-)P279,has subclass
row410,Q118398|Q33270324,Q118398,arXiv,Q33270324,genealogy website,0,0,EXCLUDE,0.95,2,(-)P279,has subclass
row411,Q118398|Q107316103,Q118398,arXiv,Q107316103,developer website,0,0,EXCLUDE,0.95,2,(-)P279,has subclass
row412,Q118398|Q1350108,Q118398,arXiv,Q1350108,fansite,0,0,EXCLUDE,0.95,2,(-)P279,has subclass
row413,Q118398|Q16001076,Q118398,arXiv,Q16001076,3D printing marketplace,0,0,EXCLUDE,0.95,2,(-)P279,has subclass
row81,Q1199743|Q2835765,Q1199743,gradient descent,Q2835765,optimization algorithm,1,1,INCLUDE,0.95,1,P31,instance of
row82,Q1199743|Q29410287,Q1199743,gradient descent,Q29410287,Adam optimizer,1,1,INCLUDE,0.95,1,(-)P279,has subclass
row83,Q1199743|Q2321565,Q1199743,gradient descent,Q2321565,iterative numerical method,1,1,INCLUDE,0.95,1,P31,instance of
row84,Q1199743|Q7617819,Q1199743,gradient descent,Q7617819,stochastic gradient descent,1,1,INCLUDE,0.95,1,(-)P279,has subclass
row85,Q1199743|Q56506809,Q1199743,gradient descent,Q56506809,implicit method,0,0,EXCLUDE,0.9,2,(-)P279,has subclass
row86,Q1199743|Q1476018,Q1199743,gradient descent,Q1476018,Quasi-Newton method,0,1,INCLUDE,0.95,2,(-)P279,has subclass
row87,Q1199743|Q14489129,Q1199743,gradient descent,Q14489129,evolutionary algorithm,0,1,INCLUDE,0.85,2,(-)P279,has subclass
row88,Q1199743|Q4380101,Q1199743,gradient descent,Q4380101,projection methods for solving system of linear equations,0,0,EXCLUDE,0.92,2,(-)P279,has subclass
row89,Q1199743|Q1790321,Q1199743,gradient descent,Q1790321,Krylov subspace methods,0,0,EXCLUDE,0.92,2,(-)P279,has subclass
row840,Q1200183|Q121359,Q1200183,Fiber to the home,Q121359,infrastructure,1,1,INCLUDE,0.9,1,P279,subclass of
row841,Q1200183|Q586034,Q1200183,Fiber to the home,Q586034,Fiber to the x,1,1,INCLUDE,0.95,1,P279,subclass of
row842,Q1200183|Q7257917,Q1200183,Fiber to the home,Q7257917,Public infrastructure,1,0,EXCLUDE,0.8,2,(-)P279,has subclass
row843,Q1200183|Q594593,Q1200183,Fiber to the home,Q594593,IT infrastructure,1,1,INCLUDE,0.85,2,(-)P279,has subclass
row844,Q1200183|Q1438053,Q1200183,Fiber to the home,Q1438053,research infrastructure,0,0,EXCLUDE,0.9,2,(-)P279,has subclass
row845,Q1200183|Q1817119,Q1200183,Fiber to the home,Q1817119,ICT infrastructure,0,1,INCLUDE,0.95,2,(-)P279,has subclass
row846,Q1200183|Q108792154,Q1200183,Fiber to the home,Q108792154,hydro-electric power scheme,0,0,EXCLUDE,0.95,2,(-)P279,has subclass
row847,Q1200183|Q3456887,Q1200183,Fiber to the home,Q3456887,logistic network,0,0,EXCLUDE,0.95,2,(-)P279,has subclass
row848,Q1200183|Q15411548,Q1200183,Fiber to the home,Q15411548,computing infrastructure,0,0,EXCLUDE,0.75,2,(-)P279,has subclass
row849,Q1200183|Q1144084,Q1200183,Fiber to the home,Q1144084,utility pole,0,0,EXCLUDE,0.7,2,(-)P279,has subclass
row850,Q1200183|Q10677200,Q1200183,Fiber to the home,Q10677200,municipal broadband,0,1,INCLUDE,0.9,2,(-)P279,has subclass
row343,Q12014035|Q2357239,Q12014035,hiking,Q2357239,sports tourism,1,0,EXCLUDE,0.7,1,P279,subclass of
row344,Q12014035|Q1914636,Q12014035,hiking,Q1914636,activity,1,1,INCLUDE,0.9,1,P31,instance of
row345,Q12014035|Q968907,Q12014035,hiking,Q968907,outdoor recreation,1,1,INCLUDE,0.95,1,P279,subclass of
row346,Q12014035|Q184872,Q12014035,hiking,Q184872,recreation,1,1,INCLUDE,0.95,1,P279,subclass of
row347,Q12014035|Q349,Q12014035,hiking,Q349,sport,1,1,INCLUDE,0.8,1,P279,subclass of
row348,Q12014035|Q6537379,Q12014035,hiking,Q6537379,walking,1,1,INCLUDE,0.95,1,P279,subclass of
row349,Q12014035|Q61788060,Q12014035,hiking,Q61788060,human activity,1,1,INCLUDE,0.95,1,P279,subclass of
row350,Q12014035|Q747883,Q12014035,hiking,Q747883,physical activity,1,1,INCLUDE,0.95,2,P279,subclass of
row500,Q12130|Q3502482,Q12130,Brittany,Q3502482,cultural region,1,1,INCLUDE,0.98,1,P31,instance of
row501,Q12130|Q36784,Q12130,Brittany,Q36784,region of France,1,1,INCLUDE,0.98,1,P31,instance of
row502,Q12130|Q42261736,Q12130,Brittany,Q42261736,cultural areas of indigenous North Americans,0,0,EXCLUDE,0.95,2,(-)P279,has subclass
row504,Q12130|Q28332,Q12130,Brittany,Q28332,overseas region,0,1,INCLUDE,0.75,2,(-)P279,has subclass
row505,Q12130|Q20719642,Q12130,Brittany,Q20719642,current region of France,1,1,INCLUDE,0.9,2,(-)P279,has subclass
row48,Q121416|Q1936384,Q121416,discrete mathematics,Q1936384,area of mathematics,1,1,INCLUDE,0.95,1,P279,subclass of
row49,Q121416|Q92552,Q121416,discrete mathematics,Q92552,Galois theory,1,0,EXCLUDE,0.7,2,(-)P279,has subclass
row50,Q121416|Q621550,Q121416,discrete mathematics,Q621550,general topology,1,0,EXCLUDE,0.95,2,(-)P279,has subclass
row51,Q121416|Q3968,Q121416,discrete mathematics,Q3968,algebra,1,0,EXCLUDE,0.8,2,(-)P279,has subclass
row52,Q121416|Q21028313,Q121416,discrete mathematics,Q21028313,global analysis,1,0,EXCLUDE,0.95,2,(-)P279,has subclass
row53,Q121416|Q3532114,Q121416,discrete mathematics,Q3532114,combinatorial topology,1,0,EXCLUDE,0.75,2,(-)P279,has subclass
row54,Q121416|Q56313053,Q121416,discrete mathematics,Q56313053,Additive combinatorics,1,1,INCLUDE,0.95,2,(-)P279,has subclass
row55,Q121416|Q1208658,Q121416,discrete mathematics,Q1208658,ring theory,1,0,EXCLUDE,0.85,2,(-)P279,has subclass
row56,Q121416|Q76592,Q121416,discrete mathematics,Q76592,combinatorics,1,1,INCLUDE,0.98,2,(-)P279,has subclass
row57,Q121416|Q212803,Q121416,discrete mathematics,Q212803,algebraic topology,1,0,EXCLUDE,0.85,2,(-)P279,has subclass
row58,Q121416|Q177409,Q121416,discrete mathematics,Q177409,projective geometry,1,0,EXCLUDE,0.9,2,(-)P279,has subclass
row59,Q121416|Q7825032,Q121416,discrete mathematics,Q7825032,topological dynamics,1,0,EXCLUDE,0.95,2,(-)P279,has subclass
row60,Q121416|Q2746792,Q121416,discrete mathematics,Q2746792,noncommutative geometry,1,0,EXCLUDE,0.95,2,(-)P279,has subclass
row61,Q121416|Q1317202,Q121416,discrete mathematics,Q1317202,Hodge theory,1,0,EXCLUDE,0.95,2,(-)P279,has subclass
row62,Q121416|Q61793851,Q121416,discrete mathematics,Q61793851,noncommutative algebra,1,0,EXCLUDE,0.65,2,(-)P279,has subclass
row63,Q121416|Q190549,Q121416,discrete mathematics,Q190549,functional analysis,1,0,EXCLUDE,0.95,2,(-)P279,has subclass
row705,Q1224715|Q193424,Q1224715,dblp computer science bibliography,Q193424,web service,1,1,INCLUDE,0.9,1,P31,instance of
row706,Q1224715|Q35127,Q1224715,dblp computer science bibliography,Q35127,website,1,1,INCLUDE,0.9,1,P31,instance of
row707,Q1224715|Q43229,Q1224715,dblp computer science bibliography,Q43229,organization,1,1,INCLUDE,0.7,1,P31,instance of
row708,Q1224715|Q1789476,Q1224715,dblp computer science bibliography,Q1789476,bibliographic database,1,1,INCLUDE,0.95,1,P31,instance of
row709,Q1224715|Q19967801,Q1224715,dblp computer science bibliography,Q19967801,online service,1,1,INCLUDE,0.9,2,P279,subclass of
row710,Q1224715|Q27881073,Q1224715,dblp computer science bibliography,Q27881073,fake news website,0,0,EXCLUDE,0.95,2,(-)P279,has subclass
row711,Q1224715|Q1482252,Q1224715,dblp computer science bibliography,Q1482252,Semantic Web Service,0,1,INCLUDE,0.7,2,(-)P279,has subclass
row712,Q1224715|Q25380332,Q1224715,dblp computer science bibliography,Q25380332,Kiev Archaeographic Commission,0,0,EXCLUDE,0.95,2,(-)P279,has subclass
row713,Q1224715|Q1149226,Q1224715,dblp computer science bibliography,Q1149226,web chat,0,0,EXCLUDE,0.9,2,(-)P279,has subclass
row714,Q1224715|Q20653619,Q1224715,dblp computer science bibliography,Q20653619,Zone to Defend,0,0,EXCLUDE,0.95,2,(-)P279,has subclass
row716,Q1224715|Q16519632,Q1224715,dblp computer science bibliography,Q16519632,scientific organization,1,1,INCLUDE,0.75,2,(-)P279,has subclass
row28,Q12725|Q55605484,Q12725,electricity,Q55605484,bioelectricity,1,1,INCLUDE,0.9,1,(-)P279,has subclass
row29,Q12725|Q11379,Q12725,electricity,Q11379,energy,1,1,INCLUDE,0.95,1,P279,subclass of
row30,Q12725|Q1293220,Q12725,electricity,Q1293220,physical phenomenon,1,1,INCLUDE,0.95,1,P31,instance of
row31,Q12725|Q1522115,Q12725,electricity,Q1522115,energy source,1,1,INCLUDE,0.95,1,P279,subclass of
row33,Q12725|Q351281,Q12725,electricity,Q351281,sound energy,0,0,EXCLUDE,0.9,2,(-)P279,has subclass
row34,Q12725|Q11271324,Q12725,electricity,Q11271324,energy transformation,1,0,EXCLUDE,0.9,2,(-)P279,has subclass
row35,Q12725|Q42213,Q12725,electricity,Q42213,work,0,0,EXCLUDE,0.85,2,(-)P279,has subclass
row36,Q12725|Q20058155,Q12725,electricity,Q20058155,solar island,0,0,EXCLUDE,0.9,2,(-)P279,has subclass
row37,Q12725|Q396045,Q12725,electricity,Q396045,agricultural energy,0,0,EXCLUDE,0.95,2,(-)P279,has subclass
row38,Q12725|Q40189366,Q12725,electricity,Q40189366,interstellar radiation field,0,0,EXCLUDE,0.95,2,(-)P279,has subclass
row39,Q12725|Q360356,Q12725,electricity,Q360356,Hamiltonian function,0,0,EXCLUDE,0.95,2,(-)P279,has subclass
row571,Q1273376|Q844526,Q1273376,E.Leclerc,Q844526,Group purchasing organization,1,1,INCLUDE,0.95,1,P31,instance of
row572,Q1273376|Q6881511,Q1273376,E.Leclerc,Q6881511,enterprise,1,1,INCLUDE,0.95,1,P31,instance of
row573,Q1273376|Q43229,Q1273376,E.Leclerc,Q43229,organization,1,1,INCLUDE,0.95,1,P31,instance of
row574,Q1273376|Q4830453,Q1273376,E.Leclerc,Q4830453,business,1,1,INCLUDE,0.95,1,P31,instance of
row575,Q1273376|Q1936090,Q1273376,E.Leclerc,Q1936090,Parlements,0,0,EXCLUDE,0.95,2,(-)P279,has subclass
row577,Q1273376|Q562166,Q1273376,E.Leclerc,Q562166,housing cooperative,0,0,EXCLUDE,0.95,2,(-)P279,has subclass
row578,Q1273376|Q2111762,Q1273376,E.Leclerc,Q2111762,machine shop,0,0,EXCLUDE,0.95,2,(-)P279,has subclass
row579,Q1273376|Q786820,Q1273376,E.Leclerc,Q786820,automobile manufacturer,0,0,EXCLUDE,0.95,2,(-)P279,has subclass
row580,Q1273376|Q388570,Q1273376,E.Leclerc,Q388570,film laboratory,0,0,EXCLUDE,0.95,2,(-)P279,has subclass
row581,Q1273376|Q12309784,Q1273376,E.Leclerc,Q12309784,Elklub,0,1,INCLUDE,0.8,2,(-)P279,has subclass
row582,Q1273376|Q814610,Q1273376,E.Leclerc,Q814610,emergency service,0,0,EXCLUDE,0.95,2,(-)P279,has subclass
row583,Q1273376|Q6819536,Q1273376,E.Leclerc,Q6819536,merit shop,0,0,EXCLUDE,0.95,2,(-)P279,has subclass
row584,Q1273376|Q8772125,Q1273376,E.Leclerc,Q8772125,Editorial Anagrama,0,0,EXCLUDE,0.95,2,(-)P279,has subclass
row115,Q129337|Q13402959,Q129337,TGV,Q13402959,high-speed train,1,1,INCLUDE,0.95,1,P279,subclass of
row116,Q129337|Q16858238,Q129337,TGV,Q16858238,train category,1,1,INCLUDE,0.9,1,P31,instance of
row118,Q129337|Q167270,Q129337,TGV,Q167270,trademark,1,1,INCLUDE,0.85,1,P31,instance of
row119,Q129337|Q483373,Q129337,TGV,Q483373,electric multiple unit,1,1,INCLUDE,0.95,1,P279,subclass of
row120,Q129337|Q811704,Q129337,TGV,Q811704,rolling stock class,1,1,INCLUDE,0.9,1,P31,instance of
row121,Q129337|Q30754613,Q129337,TGV,Q30754613,TGV inOui,1,1,INCLUDE,0.95,1,(-)P279,has subclass
row122,Q129337|Q1049958,Q129337,TGV,Q1049958,SNCF TGV POS,1,1,INCLUDE,0.95,2,(-)P279,has subclass
row123,Q129337|Q432478,Q129337,TGV,Q432478,Automotrice à grande vitesse,1,1,INCLUDE,0.9,2,(-)P279,has subclass
row124,Q129337|Q928468,Q129337,TGV,Q928468,TGV Réseau,1,1,INCLUDE,0.95,2,(-)P279,has subclass
row126,Q129337|Q2205965,Q129337,TGV,Q2205965,list of Belgian railway services,0,0,EXCLUDE,0.95,2,(-)P279,has subclass
row127,Q129337|Q15079663,Q129337,TGV,Q15079663,rapid transit railway line,1,1,INCLUDE,0.75,3,(-)P279,has subclass
row351,Q131476|Q18205998,Q131476,graph theory,Q18205998,circuit topology,1,1,INCLUDE,0.8,1,(-)P279,has subclass
row352,Q131476|Q4671286,Q131476,graph theory,Q4671286,academic major,1,1,INCLUDE,0.8,1,P31,instance of
row353,Q131476|Q4115842,Q131476,graph theory,Q4115842,topological graph theory,1,1,INCLUDE,0.95,1,(-)P279,has subclass
row354,Q131476|Q3180727,Q131476,graph theory,Q3180727,spectral graph theory,1,1,INCLUDE,0.95,1,(-)P279,has subclass
row355,Q131476|Q381009,Q131476,graph theory,Q381009,chemical graph theory,1,1,INCLUDE,0.85,1,(-)P279,has subclass
row356,Q131476|Q1503271,Q131476,graph theory,Q1503271,geometric graph theory,1,1,INCLUDE,0.95,1,(-)P279,has subclass
row357,Q131476|Q17737,Q131476,graph theory,Q17737,theory,1,1,INCLUDE,0.9,1,P279,subclass of
row358,Q131476|Q1936384,Q131476,graph theory,Q1936384,area of mathematics,1,1,INCLUDE,0.95,1,P31,instance of
row359,Q131476|Q4417999,Q131476,graph theory,Q4417999,network analysis,1,1,INCLUDE,0.85,1,(-)P279,has subclass
row360,Q131476|Q11862829,Q131476,graph theory,Q11862829,academic discipline,1,1,INCLUDE,0.85,1,P31,instance of
row361,Q131476|Q5416712,Q131476,graph theory,Q5416712,Event chain methodology,0,0,EXCLUDE,0.85,2,(-)P279,has subclass
row362,Q131476|Q5004188,Q131476,graph theory,Q5004188,bypass,0,1,INCLUDE,0.7,2,(-)P279,has subclass
row363,Q131476|Q20026918,Q131476,graph theory,Q20026918,mathematical theory,1,1,INCLUDE,0.8,2,(-)P279,has subclass
row414,Q133215|Q16852719,Q133215,casino,Q16852719,casino hotel,1,1,INCLUDE,0.98,1,(-)P279,has subclass
row415,Q133215|Q7338100,Q133215,casino,Q7338100,Riverboat casino,1,1,INCLUDE,0.95,1,(-)P279,has subclass
row416,Q133215|Q32350958,Q133215,casino,Q32350958,bingo hall,1,1,INCLUDE,0.9,1,(-)P279,has subclass
row417,Q133215|Q7279719,Q133215,casino,Q7279719,racino,1,1,INCLUDE,0.95,1,(-)P279,has subclass
row418,Q133215|Q655686,Q133215,casino,Q655686,commercial building,1,1,INCLUDE,0.95,1,P279,subclass of
row419,Q133215|Q6664710,Q133215,casino,Q6664710,Locals casino,1,1,INCLUDE,0.95,1,(-)P279,has subclass
row420,Q133215|Q770881,Q133215,casino,Q770881,online casino,1,1,INCLUDE,0.95,1,(-)P279,has subclass
row364,Q13646|Q2324835,Q13646,SNCF,Q2324835,national railway,1,1,INCLUDE,0.95,1,P31,instance of
row365,Q13646|Q249556,Q13646,SNCF,Q249556,railway company,1,1,INCLUDE,0.95,1,P31,instance of
row366,Q13646|Q23043008,Q13646,SNCF,Q23043008,Krasnoliman Directorate of Railway Transportation,1,0,EXCLUDE,0.95,2,(-)P279,has subclass
row561,Q1431486|Q6881511,Q1431486,Orange,Q6881511,enterprise,1,1,INCLUDE,0.95,1,P31,instance of
row562,Q1431486|Q1941618,Q1431486,Orange,Q1941618,mobile network operator,1,1,INCLUDE,1.0,1,P31,instance of
row563,Q1431486|Q431289,Q1431486,Orange,Q431289,brand,1,1,INCLUDE,0.95,1,P31,instance of
row564,Q1431486|Q4830453,Q1431486,Orange,Q4830453,business,1,1,INCLUDE,0.95,1,P31,instance of
row565,Q1431486|Q1266169,Q1431486,Orange,Q1266169,telephone company,1,1,INCLUDE,1.0,1,P31,instance of
row566,Q1431486|Q891723,Q1431486,Orange,Q891723,public company,1,1,INCLUDE,0.95,1,P31,instance of
row567,Q1431486|Q11371,Q1431486,Orange,Q11371,Internet service provider,1,1,INCLUDE,1.0,1,P31,instance of
row568,Q1431486|Q6887204,Q1431486,Orange,Q6887204,mobile phone operator,1,1,INCLUDE,0.95,2,(-)P279,has subclass
row569,Q1431486|Q2585571,Q1431486,Orange,Q2585571,wireless Internet service provider,1,1,INCLUDE,0.95,2,(-)P279,has subclass
row932,Q1437394|Q185698,Q1437394,formal concept analysis,Q185698,methodology,1,1,INCLUDE,0.95,1,P31,instance of
row933,Q1437394|Q2670999,Q1437394,formal concept analysis,Q2670999,investment strategy,0,0,EXCLUDE,0.95,2,(-)P279,has subclass
row934,Q1437394|Q1193625,Q1437394,formal concept analysis,Q1193625,social science methodology,0,0,EXCLUDE,0.9,2,(-)P279,has subclass
row935,Q1437394|Q1378470,Q1437394,formal concept analysis,Q1378470,software development methodology,0,0,EXCLUDE,0.85,2,(-)P279,has subclass
row936,Q1437394|Q179012,Q1437394,formal concept analysis,Q179012,project management,0,0,EXCLUDE,0.95,2,(-)P279,has subclass
row937,Q1437394|Q2292993,Q1437394,formal concept analysis,Q2292993,design method,0,0,EXCLUDE,0.85,2,(-)P279,has subclass
row938,Q1437394|Q21045430,Q1437394,formal concept analysis,Q21045430,inferring horizontal gene transfer,0,0,EXCLUDE,0.95,2,(-)P279,has subclass
row939,Q1437394|Q1196545,Q1437394,formal concept analysis,Q1196545,historical method,0,0,EXCLUDE,0.95,2,(-)P279,has subclass
row940,Q1437394|Q65938634,Q1437394,formal concept analysis,Q65938634,quality control method,0,0,EXCLUDE,0.95,2,(-)P279,has subclass
row209,Q1474517|Q13582798,Q1474517,French National Institute of Health and Medical Research,Q13582798,Public Scientific and Technical Research Establishment,1,1,INCLUDE,0.95,1,P31,instance of
row210,Q1474517|Q31855,Q1474517,French National Institute of Health and Medical Research,Q31855,research institute,1,1,INCLUDE,0.95,1,P31,instance of
row298,Q1484375|Q467707,Q1484375,PyCharm,Q467707,software development kit,1,1,INCLUDE,0.7,1,P31,instance of
row299,Q1484375|Q13741,Q1484375,PyCharm,Q13741,integrated development environment,1,1,INCLUDE,0.95,1,P31,instance of
row300,Q1484375|Q341,Q1484375,PyCharm,Q341,free software,1,1,INCLUDE,0.9,1,P31,instance of
row301,Q1484375|Q10334075,Q1484375,PyCharm,Q10334075,Mxmlc,0,0,EXCLUDE,0.95,2,(-)P279,has subclass
row884,Q14922|Q1368898,Q14922,table football,Q1368898,game of skill,1,1,INCLUDE,0.95,1,P31,instance of
row885,Q14922|Q1637219,Q14922,table football,Q1637219,speedcubing,0,0,EXCLUDE,0.95,2,(-)P279,has subclass
row886,Q14922|Q2904494,Q14922,table football,Q2904494,birinic,0,0,EXCLUDE,0.8,2,(-)P279,has subclass
row887,Q14922|Q21426954,Q14922,table football,Q21426954,bague en boghei,0,0,EXCLUDE,0.85,2,(-)P279,has subclass
row888,Q14922|Q1302771,Q14922,table football,Q1302771,Egg-and-spoon race,0,0,EXCLUDE,0.9,2,(-)P279,has subclass
row889,Q14922|Q1342518,Q14922,table football,Q1342518,Penny football,1,1,INCLUDE,0.92,2,(-)P279,has subclass
row890,Q14922|Q21503645,Q14922,table football,Q21503645,lancer de sabot de Pont-Aven,0,0,EXCLUDE,0.85,2,(-)P279,has subclass
row891,Q14922|Q895060,Q14922,table football,Q895060,boules,0,0,EXCLUDE,0.9,2,(-)P279,has subclass
row111,Q159144|Q194195,Q159144,Europa-Park,Q194195,amusement park,1,1,INCLUDE,0.98,1,P31,instance of
row112,Q159144|Q875157,Q159144,Europa-Park,Q875157,resort,1,1,INCLUDE,0.95,1,P31,instance of
row113,Q159144|Q570116,Q159144,Europa-Park,Q570116,tourist attraction,1,1,INCLUDE,0.95,1,P31,instance of
row302,Q159992|Q61065,Q159992,surfing,Q61065,water sport,1,1,INCLUDE,0.95,1,P279,subclass of
row303,Q159992|Q842595,Q159992,surfing,Q842595,big wave surfing,1,1,INCLUDE,0.95,1,(-)P279,has subclass
row304,Q159992|Q1434370,Q159992,surfing,Q1434370,River surfing,1,1,INCLUDE,0.95,1,(-)P279,has subclass
row305,Q159992|Q31629,Q159992,surfing,Q31629,type of sport,1,1,INCLUDE,0.85,1,P31,instance of
row306,Q159992|Q911069,Q159992,surfing,Q911069,boardsport,1,1,INCLUDE,0.95,1,P279,subclass of
row307,Q159992|Q14085739,Q159992,surfing,Q14085739,sailing,1,0,EXCLUDE,0.85,2,(-)P279,has subclass
row308,Q159992|Q2533407,Q159992,surfing,Q2533407,surf lifesaving,0,1,INCLUDE,0.9,2,(-)P279,has subclass
row309,Q159992|Q60967807,Q159992,surfing,Q60967807,Aquaplaning sport,1,1,INCLUDE,0.7,2,(-)P279,has subclass
row310,Q159992|Q31920,Q159992,surfing,Q31920,swimming,1,0,EXCLUDE,0.85,2,(-)P279,has subclass
row311,Q159992|Q2369170,Q159992,surfing,Q2369170,underwater sports,1,0,EXCLUDE,0.85,2,(-)P279,has subclass
row312,Q159992|Q178131,Q159992,surfing,Q178131,snowboarding,0,1,INCLUDE,0.9,2,(-)P279,has subclass
row313,Q159992|Q7735,Q159992,surfing,Q7735,diving,1,0,EXCLUDE,0.85,2,(-)P279,has subclass
row314,Q159992|Q159354,Q159992,surfing,Q159354,rowing,1,0,EXCLUDE,0.85,2,(-)P279,has subclass
row315,Q159992|Q842284,Q159992,surfing,Q842284,skateboarding,0,1,INCLUDE,0.9,2,(-)P279,has subclass
row897,Q1636958|Q891723,Q1636958,Xiaomi,Q891723,public company,1,1,INCLUDE,1.0,1,P31,instance of
row898,Q1636958|Q167037,Q1636958,Xiaomi,Q167037,corporation,1,1,INCLUDE,1.0,1,P31,instance of
row899,Q1636958|Q4830453,Q1636958,Xiaomi,Q4830453,business,1,1,INCLUDE,0.95,1,P31,instance of
row900,Q1636958|Q76384698,Q1636958,Xiaomi,Q76384698,ammunication factory,0,0,EXCLUDE,0.95,2,(-)P279,has subclass
row901,Q1636958|Q1057214,Q1636958,Xiaomi,Q1057214,private military company,0,0,EXCLUDE,0.95,2,(-)P279,has subclass
row902,Q1636958|Q8303885,Q1636958,Xiaomi,Q8303885,trust company,0,0,EXCLUDE,0.95,2,(-)P279,has subclass
row903,Q1636958|Q7311343,Q1636958,Xiaomi,Q7311343,religious corporation,0,0,EXCLUDE,0.95,2,(-)P279,has subclass
row904,Q1636958|Q1186164,Q1636958,Xiaomi,Q1186164,corporate spin-off,0,0,EXCLUDE,0.8,2,(-)P279,has subclass
row905,Q1636958|Q745829,Q1636958,Xiaomi,Q745829,Yagi-Uda antenna,0,0,EXCLUDE,0.9,2,(-)P279,has subclass
row906,Q1636958|Q75971206,Q1636958,Xiaomi,Q75971206,private tax collector,0,0,EXCLUDE,0.95,2,(-)P279,has subclass
row907,Q1636958|Q69574371,Q1636958,Xiaomi,Q69574371,bicycle part manufacturing company,0,0,EXCLUDE,0.85,2,(-)P279,has subclass
row908,Q1636958|Q161726,Q1636958,Xiaomi,Q161726,multinational corporation,1,1,INCLUDE,0.9,2,(-)P279,has subclass
row909,Q1636958|Q27043907,Q1636958,Xiaomi,Q27043907,yoga studio,0,0,EXCLUDE,0.95,2,(-)P279,has subclass
row910,Q1636958|Q59545,Q1636958,Xiaomi,Q59545,labour hire,0,0,EXCLUDE,0.95,2,(-)P279,has subclass
row911,Q1636958|Q2401749,Q1636958,Xiaomi,Q2401749,telecommunication company,1,0,EXCLUDE,0.75,2,(-)P279,has subclass
row912,Q1636958|Q1116826,Q1636958,Xiaomi,Q1116826,private security company,0,0,EXCLUDE,0.95,2,(-)P279,has subclass
row913,Q1636958|Q3055260,Q1636958,Xiaomi,Q3055260,French company,0,0,EXCLUDE,0.95,2,(-)P279,has subclass
row914,Q1636958|Q41617857,Q1636958,Xiaomi,Q41617857,plug compatible manufacturer,0,1,INCLUDE,0.55,2,(-)P279,has subclass
row916,Q1636958|Q76362921,Q1636958,Xiaomi,Q76362921,saw blade factory,0,0,EXCLUDE,0.95,2,(-)P279,has subclass
row917,Q1636958|Q110484183,Q1636958,Xiaomi,Q110484183,cigarette company,0,0,EXCLUDE,0.95,2,(-)P279,has subclass
row918,Q1636958|Q216931,Q1636958,Xiaomi,Q216931,advertising agency,0,0,EXCLUDE,0.95,2,(-)P279,has subclass
row919,Q1636958|Q27038993,Q1636958,Xiaomi,Q27038993,food establishment,0,0,EXCLUDE,0.95,2,(-)P279,has subclass
row920,Q1636958|Q672070,Q1636958,Xiaomi,Q672070,photographic studio,0,0,EXCLUDE,0.9,2,(-)P279,has subclass
row921,Q1636958|Q30022,Q1636958,Xiaomi,Q30022,coffeehouse,0,0,EXCLUDE,0.95,2,(-)P279,has subclass
row922,Q1636958|Q6819536,Q1636958,Xiaomi,Q6819536,merit shop,0,0,EXCLUDE,0.95,2,(-)P279,has subclass
row924,Q1636958|Q5225895,Q1636958,Xiaomi,Q5225895,public limited company,0,1,INCLUDE,0.85,2,(-)P279,has subclass
row925,Q1636958|Q2590801,Q1636958,Xiaomi,Q2590801,commercial cleaning,0,0,EXCLUDE,0.95,2,(-)P279,has subclass
row570,Q16820462|Q7058673,Q16820462,Borderlands,Q7058673,video game series,1,1,INCLUDE,0.95,1,P31,instance of
row734,Q168403|Q55789206,Q168403,myopia,Q55789206,syndromic myopia,1,1,INCLUDE,0.95,1,(-)P279,has subclass
row735,Q168403|Q470427,Q168403,myopia,Q470427,refractive error,1,1,INCLUDE,0.95,1,P279,subclass of
row736,Q168403|Q737460,Q168403,myopia,Q737460,visual impairment,1,1,INCLUDE,0.95,1,P279,subclass of
row737,Q168403|Q18554189,Q168403,myopia,Q18554189,degenerative myopia,1,1,INCLUDE,0.95,1,(-)P279,has subclass
row738,Q168403|Q2634782,Q168403,myopia,Q2634782,low vision,1,0,EXCLUDE,0.8,2,(-)P279,has subclass
row739,Q168403|Q177895,Q168403,myopia,Q177895,astigmatism,1,1,INCLUDE,0.95,2,(-)P279,has subclass
row740,Q168403|Q2470609,Q168403,myopia,Q2470609,Wagner's disease,1,1,INCLUDE,0.95,2,(-)P279,has subclass
row741,Q168403|Q18554630,Q168403,myopia,Q18554630,irregular astigmatism,1,1,INCLUDE,0.92,3,(-)P279,has subclass
row955,Q17130715|Q620615,Q17130715,Slack,Q620615,mobile app,1,1,INCLUDE,0.8,1,P31,instance of
row956,Q17130715|Q2462003,Q17130715,Slack,Q2462003,instant messaging client,1,1,INCLUDE,0.98,1,P31,instance of
row957,Q17130715|Q166142,Q17130715,Slack,Q166142,application,1,1,INCLUDE,0.95,1,P31,instance of
row958,Q17130715|Q43229,Q17130715,Slack,Q43229,organization,1,0,EXCLUDE,0.9,1,P31,instance of
row959,Q17130715|Q96196009,Q17130715,Slack,Q96196009,state (former or current),0,0,NOT_VISITED,,2,(-)P279,has subclass
row960,Q17130715|Q15548100,Q17130715,Slack,Q15548100,free instant messaging client,1,1,INCLUDE,0.85,2,(-)P279,has subclass
row961,Q17130715|Q58542,Q17130715,Slack,Q58542,multi protocol instant messaging clients,1,1,INCLUDE,0.8,2,(-)P279,has subclass
row962,Q17130715|Q65177617,Q17130715,Slack,Q65177617,Unification movement (Unification Church),0,0,NOT_VISITED,,2,(-)P279,has subclass
row963,Q17130715|Q10417670,Q17130715,Slack,Q10417670,IRC client,1,1,INCLUDE,0.9,2,(-)P279,has subclass
row964,Q17130715|Q3023650,Q17130715,Slack,Q3023650,social rental office,0,0,NOT_VISITED,,2,(-)P279,has subclass
row966,Q17130715|Q87712822,Q17130715,Slack,Q87712822,moral subject of administrative law in France,0,0,NOT_VISITED,,2,(-)P279,has subclass
row967,Q17130715|Q1132944,Q17130715,Slack,Q1132944,Science shop,0,0,NOT_VISITED,,2,(-)P279,has subclass
row968,Q17130715|Q2401485,Q17130715,Slack,Q2401485,expedition,0,0,NOT_VISITED,,2,(-)P279,has subclass
row969,Q17130715|Q15505266,Q17130715,Slack,Q15505266,Login manager,0,0,EXCLUDE,0.9,2,(-)P279,has subclass
row481,Q171545|Q484170,Q171545,Belfort,Q484170,commune of France,1,1,INCLUDE,0.95,1,P31,instance of
row769,Q174320|Q2425052,Q174320,oscilloscope,Q2425052,electrical appliance,1,1,INCLUDE,0.85,1,P279,subclass of
row770,Q174320|Q2041172,Q174320,oscilloscope,Q2041172,measuring instrument,1,1,INCLUDE,0.95,1,P279,subclass of
row771,Q174320|Q831990,Q174320,oscilloscope,Q831990,electrical part,0,0,EXCLUDE,0.85,2,(-)P279,has subclass
row260,Q180|Q2166013,Q180,Wikimedia Foundation,Q2166013,wiki hosting service,1,1,INCLUDE,0.9,1,P31,instance of
row261,Q180|Q708676,Q180,Wikimedia Foundation,Q708676,charitable organization,1,1,INCLUDE,0.95,1,P31,instance of
row262,Q180|Q157031,Q180,Wikimedia Foundation,Q157031,foundation,1,1,INCLUDE,0.95,1,P31,instance of
row64,Q180204|Q4838457,Q180204,shampoo,Q4838457,baby shampoo,1,1,INCLUDE,0.95,1,(-)P279,has subclass
row65,Q180204|Q599755,Q180204,shampoo,Q599755,Garnier,1,0,EXCLUDE,0.9,1,(-)P279,has subclass
row66,Q180204|Q11322916,Q180204,shampoo,Q11322916,dry shampoo,1,1,INCLUDE,0.95,1,(-)P279,has subclass
row67,Q180204|Q791930,Q180204,shampoo,Q791930,Axe,1,0,EXCLUDE,0.9,1,(-)P279,has subclass
row68,Q180204|Q50430027,Q180204,shampoo,Q50430027,hair care products,1,1,INCLUDE,0.95,1,P279,subclass of
row69,Q180204|Q11108449,Q180204,shampoo,Q11108449,hair dye,1,1,INCLUDE,0.9,2,(-)P279,has subclass
row979,Q180704|Q15632617,Q180704,Iron Man,Q15632617,fictional human,1,1,INCLUDE,0.95,1,P31,instance of
row980,Q180704|Q15773347,Q180704,Iron Man,Q15773347,film character,1,1,INCLUDE,0.95,1,P31,instance of
row981,Q180704|Q1114461,Q180704,Iron Man,Q1114461,comics character,1,1,INCLUDE,0.95,1,P31,instance of
row809,Q1847641|Q15179,Q1847641,human facial hair,Q15179,moustache,1,1,INCLUDE,0.95,1,(-)P279,has subclass
row810,Q1847641|Q1784017,Q1847641,human facial hair,Q1784017,secondary sex characteristic,1,1,INCLUDE,0.95,1,P279,subclass of
row811,Q1847641|Q43748,Q1847641,human facial hair,Q43748,eyebrow,0,1,INCLUDE,0.75,1,(-)P279,has subclass
row812,Q1847641|Q18534278,Q1847641,human facial hair,Q18534278,facial feature,1,1,INCLUDE,0.95,1,P279,subclass of
row813,Q1847641|Q3326291,Q1847641,human facial hair,Q3326291,handlebar moustache,1,1,INCLUDE,0.95,2,(-)P279,has subclass
row814,Q1847641|Q17141430,Q1847641,human facial hair,Q17141430,pencil moustache,1,1,INCLUDE,0.95,2,(-)P279,has subclass
row815,Q1847641|Q7963760,Q1847641,human facial hair,Q7963760,walrus moustache,1,1,INCLUDE,0.95,2,(-)P279,has subclass
row816,Q1847641|Q17013040,Q1847641,human facial hair,Q17013040,Facial symmetry,0,0,EXCLUDE,0.95,2,(-)P279,has subclass
row817,Q1847641|Q5906082,Q1847641,human facial hair,Q5906082,horseshoe moustache,1,1,INCLUDE,0.95,2,(-)P279,has subclass
row819,Q1847641|Q5506845,Q1847641,human facial hair,Q5506845,Fu Manchu moustache,1,1,INCLUDE,0.95,2,(-)P279,has subclass
row820,Q1847641|Q1068553,Q1847641,human facial hair,Q1068553,facial skeleton,0,0,EXCLUDE,0.95,2,(-)P279,has subclass
row821,Q1847641|Q5431487,Q1847641,human facial hair,Q5431487,fake moustache,1,1,INCLUDE,0.85,2,(-)P279,has subclass
row822,Q1847641|Q5428568,Q1847641,human facial hair,Q5428568,facial resemblance,0,0,EXCLUDE,0.95,2,(-)P279,has subclass
row506,Q188273|Q210167,Q188273,Ubisoft,Q210167,video game developer,1,1,INCLUDE,0.95,1,P31,instance of
row507,Q188273|Q1137109,Q188273,Ubisoft,Q1137109,video game publisher,1,1,INCLUDE,0.95,1,P31,instance of
row508,Q188273|Q891723,Q188273,Ubisoft,Q891723,public company,1,1,INCLUDE,0.8,1,P31,instance of
row509,Q188273|Q43229,Q188273,Ubisoft,Q43229,organization,1,1,INCLUDE,0.85,1,P31,instance of
row512,Q188273|Q5163232,Q188273,Ubisoft,Q5163232,Consistory,0,0,EXCLUDE,0.95,2,(-)P279,has subclass
row513,Q188273|Q255632,Q188273,Ubisoft,Q255632,cathedral works,0,0,EXCLUDE,0.95,2,(-)P279,has subclass
row514,Q188273|Q1193702,Q188273,Ubisoft,Q1193702,parliamentary opposition,0,0,EXCLUDE,0.95,2,(-)P279,has subclass
row515,Q188273|Q5419285,Q188273,Ubisoft,Q5419285,examination board,0,0,EXCLUDE,0.95,2,(-)P279,has subclass
row516,Q188273|Q7248095,Q188273,Ubisoft,Q7248095,professional services network,0,0,EXCLUDE,0.9,2,(-)P279,has subclass
row517,Q188273|Q681615,Q188273,Ubisoft,Q681615,syndicate,0,0,EXCLUDE,0.85,2,(-)P279,has subclass
row519,Q188273|Q18534571,Q188273,Ubisoft,Q18534571,medical research center,0,0,EXCLUDE,0.95,2,(-)P279,has subclass
row520,Q188273|Q108873226,Q188273,Ubisoft,Q108873226,Clandestine Organization,0,0,EXCLUDE,0.95,2,(-)P279,has subclass
row521,Q188273|Q7157353,Q188273,Ubisoft,Q7157353,peace commission,0,0,EXCLUDE,0.95,2,(-)P279,has subclass
row522,Q188273|Q47533065,Q188273,Ubisoft,Q47533065,disability organization,0,0,EXCLUDE,0.95,2,(-)P279,has subclass
row524,Q188273|Q65177617,Q188273,Ubisoft,Q65177617,Unification movement (Unification Church),0,0,EXCLUDE,0.95,2,(-)P279,has subclass
row527,Q188273|Q1032372,Q188273,Ubisoft,Q1032372,hackerspace,0,0,EXCLUDE,0.9,2,(-)P279,has subclass
row528,Q188273|Q4810155,Q188273,Ubisoft,Q4810155,Association with lucrative purpose,0,0,EXCLUDE,0.8,2,(-)P279,has subclass
row529,Q188273|Q3184737,Q188273,Ubisoft,Q3184737,cathedral chapter,0,0,EXCLUDE,0.95,2,(-)P279,has subclass
row530,Q188273|Q3480110,Q188273,Ubisoft,Q3480110,Service d'inspection,0,0,EXCLUDE,0.95,2,(-)P279,has subclass
row531,Q188273|Q1502514,Q188273,Ubisoft,Q1502514,cooperative movement,0,0,EXCLUDE,0.95,2,(-)P279,has subclass
row532,Q188273|Q3029462,Q188273,Ubisoft,Q3029462,specialized directorates of fiscal control,0,0,EXCLUDE,0.95,2,(-)P279,has subclass
row533,Q188273|Q106509528,Q188273,Ubisoft,Q106509528,Polish House,0,0,EXCLUDE,0.95,2,(-)P279,has subclass
row534,Q188273|Q6515414,Q188273,Ubisoft,Q6515414,student welfare organisation,0,0,EXCLUDE,0.95,2,(-)P279,has subclass
row535,Q188273|Q16985923,Q188273,Ubisoft,Q16985923,Independent Monitoring Board,0,0,EXCLUDE,0.95,2,(-)P279,has subclass
row537,Q188273|Q2069741,Q188273,Ubisoft,Q2069741,Matha,0,0,EXCLUDE,0.95,2,(-)P279,has subclass
row538,Q188273|Q5774403,Q188273,Ubisoft,Q5774403,historical society,0,0,EXCLUDE,0.95,2,(-)P279,has subclass
row540,Q188273|Q101067829,Q188273,Ubisoft,Q101067829,agricultural extension system,0,0,EXCLUDE,0.95,2,(-)P279,has subclass
row541,Q188273|Q33114024,Q188273,Ubisoft,Q33114024,exile organization,0,0,EXCLUDE,0.95,2,(-)P279,has subclass
row543,Q188273|Q996839,Q188273,Ubisoft,Q996839,fraternal organization,0,0,EXCLUDE,0.96,2,(-)P279,has subclass
row544,Q188273|Q83425186,Q188273,Ubisoft,Q83425186,NHS board,0,0,EXCLUDE,0.95,2,(-)P279,has subclass
row546,Q188273|Q2801262,Q188273,Ubisoft,Q2801262,hacker group,0,0,EXCLUDE,0.85,2,(-)P279,has subclass
row547,Q188273|Q106765575,Q188273,Ubisoft,Q106765575,order,0,0,EXCLUDE,0.95,2,(-)P279,has subclass
row548,Q188273|Q877724,Q188273,Ubisoft,Q877724,Seniorat,0,0,EXCLUDE,0.95,2,(-)P279,has subclass
row549,Q188273|Q96983545,Q188273,Ubisoft,Q96983545,cycle repair shop,0,0,EXCLUDE,0.97,2,(-)P279,has subclass
row550,Q188273|Q3023650,Q188273,Ubisoft,Q3023650,social rental office,0,0,EXCLUDE,0.95,2,(-)P279,has subclass
row385,Q195|Q25403900,Q195,chocolate,Q25403900,food ingredient,1,1,INCLUDE,0.9,1,P279,subclass of
row386,Q195|Q2596997,Q195,chocolate,Q2596997,condiment,1,1,INCLUDE,0.65,1,P279,subclass of
row387,Q195|Q181042,Q195,chocolate,Q181042,Kinder Surprise,1,1,INCLUDE,0.95,1,(-)P279,has subclass
row388,Q195|Q1365365,Q195,chocolate,Q1365365,stimulant foodstuff,1,1,INCLUDE,0.9,1,P279,subclass of
row389,Q195|Q23461185,Q195,chocolate,Q23461185,organic chocolate,1,1,INCLUDE,0.95,1,(-)P279,has subclass
row390,Q195|Q5159627,Q195,chocolate,Q5159627,confection,1,1,INCLUDE,0.95,1,P279,subclass of
row391,Q195|Q1063560,Q195,chocolate,Q1063560,chocolate truffle,1,1,INCLUDE,0.95,1,(-)P279,has subclass
row392,Q195|Q757388,Q195,chocolate,Q757388,Milka,1,1,INCLUDE,0.95,1,(-)P279,has subclass
row393,Q195|Q752276,Q195,chocolate,Q752276,functional food,1,1,INCLUDE,0.7,1,P279,subclass of
row394,Q195|Q895177,Q195,chocolate,Q895177,bouquet garni,0,0,EXCLUDE,0.95,2,(-)P279,has subclass
row395,Q195|Q18547489,Q195,chocolate,Q18547489,Thasian sauce,0,0,EXCLUDE,0.95,2,(-)P279,has subclass
row396,Q195|Q13261,Q195,chocolate,Q13261,hot chocolate,1,1,INCLUDE,0.9,2,(-)P279,has subclass
row397,Q195|Q10987,Q195,chocolate,Q10987,honey,0,0,EXCLUDE,0.85,2,(-)P279,has subclass
row398,Q195|Q41354,Q195,chocolate,Q41354,vinegar,0,0,EXCLUDE,0.95,2,(-)P279,has subclass
row399,Q195|Q167893,Q195,chocolate,Q167893,mayonnaise,0,0,EXCLUDE,0.95,2,(-)P279,has subclass
row471,Q196538|Q54167390,Q196538,microscope,Q54167390,lucernal microscope,1,1,INCLUDE,0.98,1,(-)P279,has subclass
row472,Q196538|Q1751850,Q196538,microscope,Q1751850,optical instrument,1,1,INCLUDE,0.95,1,P279,subclass of
row473,Q196538|Q901823,Q196538,microscope,Q901823,ultramicroscope,1,1,INCLUDE,0.98,1,(-)P279,has subclass
row474,Q196538|Q1463415,Q196538,microscope,Q1463415,inverted microscope,1,1,INCLUDE,0.98,1,(-)P279,has subclass
row475,Q196538|Q7187868,Q196538,microscope,Q7187868,Photonic force microscope,1,1,INCLUDE,0.98,1,(-)P279,has subclass
row476,Q196538|Q17092661,Q196538,microscope,Q17092661,Recurrence tracking microscope,1,1,INCLUDE,0.98,1,(-)P279,has subclass
row477,Q196538|Q1981926,Q196538,microscope,Q1981926,Neutron microscope,1,1,INCLUDE,0.98,1,(-)P279,has subclass
row478,Q196538|Q8320,Q196538,microscope,Q8320,optical printer,0,0,EXCLUDE,0.9,2,(-)P279,has subclass
row479,Q196538|Q5396251,Q196538,microscope,Q5396251,erygmascope,0,0,EXCLUDE,0.85,2,(-)P279,has subclass
row480,Q196538|Q15328,Q196538,microscope,Q15328,camera,0,0,EXCLUDE,0.9,2,(-)P279,has subclass
row869,Q2|Q128207,Q2,Earth,Q128207,terrestrial planet,1,1,INCLUDE,0.95,1,P31,instance of
row870,Q2|Q3504248,Q2,Earth,Q3504248,inner planet of the Solar System,1,1,INCLUDE,0.95,1,P31,instance of
row871,Q2|Q82794,Q2,Earth,Q82794,geographic region,1,0,EXCLUDE,0.7,1,P31,instance of
row872,Q2|Q486972,Q2,Earth,Q486972,human settlement,1,0,NOT_VISITED,,2,(-)P279,has subclass
row873,Q2|Q198782,Q2,Earth,Q198782,tropical cyclone basin,0,0,NOT_VISITED,,2,(-)P279,has subclass
row874,Q2|Q10535394,Q2,Earth,Q10535394,informal region,0,0,NOT_VISITED,,2,(-)P279,has subclass
row875,Q2|Q205895,Q2,Earth,Q205895,landmass,1,0,NOT_VISITED,,2,(-)P279,has subclass
row876,Q2|Q1140140,Q2,Earth,Q1140140,mainland,0,0,NOT_VISITED,,2,(-)P279,has subclass
row878,Q2|Q2670101,Q2,Earth,Q2670101,Earth analog,1,1,INCLUDE,0.95,2,(-)P279,has subclass
row879,Q2|Q327757,Q2,Earth,Q327757,super-Earth,1,1,INCLUDE,0.95,2,(-)P279,has subclass
row880,Q2|Q399984,Q2,Earth,Q399984,hemisphere of the Earth,1,0,NOT_VISITED,,2,(-)P279,has subclass
row881,Q2|Q15129745,Q2,Earth,Q15129745,sub-Earth,1,1,INCLUDE,0.95,2,(-)P279,has subclass
row882,Q2|Q1200957,Q2,Earth,Q1200957,tourist destination,0,0,NOT_VISITED,,2,(-)P279,has subclass
row883,Q2|Q7925010,Q2,Earth,Q7925010,vice-county,0,0,NOT_VISITED,,2,(-)P279,has subclass
row829,Q201664|Q7538697,Q201664,bracelet,Q7538697,Slap bracelet,1,1,INCLUDE,0.9,1,(-)P279,has subclass
row830,Q201664|Q7120070,Q201664,bracelet,Q7120070,POW bracelet,1,1,INCLUDE,0.9,1,(-)P279,has subclass
row831,Q201664|Q4470686,Q201664,bracelet,Q4470686,decoration,1,1,INCLUDE,0.8,1,P279,subclass of
row832,Q201664|Q16839772,Q201664,bracelet,Q16839772,Gel bracelet,1,1,INCLUDE,0.9,1,(-)P279,has subclass
row833,Q201664|Q488720,Q201664,bracelet,Q488720,charm bracelet,1,1,INCLUDE,0.95,1,(-)P279,has subclass
row834,Q201664|Q1455890,Q201664,bracelet,Q1455890,friendship bracelet,1,1,INCLUDE,0.95,1,(-)P279,has subclass
row835,Q201664|Q3575260,Q201664,bracelet,Q3575260,bijou,1,1,INCLUDE,0.95,1,P279,subclass of
row836,Q201664|Q46847,Q201664,bracelet,Q46847,ring,1,1,INCLUDE,0.9,2,(-)P279,has subclass
row837,Q201664|Q2111434,Q201664,bracelet,Q2111434,pendant,1,1,INCLUDE,0.9,2,(-)P279,has subclass
row838,Q201664|Q161439,Q201664,bracelet,Q161439,jewelry,1,1,INCLUDE,0.95,2,(-)P279,has subclass
row839,Q201664|Q11796413,Q201664,bracelet,Q11796413,decoration,1,0,EXCLUDE,0.8,2,(-)P279,has subclass
row794,Q207472|Q5741069,Q207472,Toto,Q5741069,rock group,1,1,INCLUDE,0.99,1,P31,instance of
row802,Q209330|Q2721136,Q209330,Instagram,Q2721136,image hosting service,1,1,INCLUDE,0.95,1,P31,instance of
row803,Q209330|Q35127,Q209330,Instagram,Q35127,website,1,1,INCLUDE,0.9,1,P31,instance of
row804,Q209330|Q620615,Q209330,Instagram,Q620615,mobile app,1,1,INCLUDE,0.95,1,P31,instance of
row805,Q209330|Q3220391,Q209330,Instagram,Q3220391,social networking service,1,1,INCLUDE,0.95,1,P31,instance of
row806,Q209330|Q559856,Q209330,Instagram,Q559856,online video platform,1,1,INCLUDE,0.85,1,P31,instance of
row807,Q209330|Q110643339,Q209330,Instagram,Q110643339,adult tube site,0,0,EXCLUDE,0.95,2,(-)P279,has subclass
row808,Q209330|Q60784896,Q209330,Instagram,Q60784896,Internet audio-visual programming service provider,0,1,INCLUDE,0.75,2,(-)P279,has subclass
row778,Q223127|Q6881511,Q223127,Logitech,Q6881511,enterprise,1,1,INCLUDE,0.95,1,P31,instance of
row779,Q223127|Q4830453,Q223127,Logitech,Q4830453,business,1,1,INCLUDE,0.95,1,P31,instance of
row780,Q223127|Q431289,Q223127,Logitech,Q431289,brand,1,1,INCLUDE,0.95,1,P31,instance of
row781,Q223127|Q891723,Q223127,Logitech,Q891723,public company,1,1,INCLUDE,0.95,1,P31,instance of
row782,Q223127|Q18388277,Q223127,Logitech,Q18388277,technology company,1,1,INCLUDE,0.95,1,P31,instance of
row783,Q223127|Q1058914,Q223127,Logitech,Q1058914,software company,1,0,EXCLUDE,0.85,2,(-)P279,has subclass
row784,Q223127|Q13637823,Q223127,Logitech,Q13637823,Independent hardware vendor,1,1,INCLUDE,0.95,2,(-)P279,has subclass
row495,Q2283|Q1058914,Q2283,Microsoft,Q1058914,software company,1,1,INCLUDE,0.95,1,P31,instance of
row496,Q2283|Q891723,Q2283,Microsoft,Q891723,public company,1,1,INCLUDE,0.95,1,P31,instance of
row497,Q2283|Q18388277,Q2283,Microsoft,Q18388277,technology company,1,1,INCLUDE,0.95,1,P31,instance of
row498,Q2283|Q4830453,Q2283,Microsoft,Q4830453,business,1,1,INCLUDE,0.8,1,P31,instance of
row499,Q2283|Q13637823,Q2283,Microsoft,Q13637823,Independent hardware vendor,1,0,EXCLUDE,0.8,2,(-)P279,has subclass
row316,Q22907849|Q40056,Q22907849,Discord,Q40056,computer program,1,1,INCLUDE,0.75,1,P31,instance of
row317,Q22907849|Q28051323,Q22907849,Discord,Q28051323,video-conferencing software,1,1,INCLUDE,0.9,1,P31,instance of
row318,Q22907849|Q15614021,Q22907849,Discord,Q15614021,VoIP software,1,1,INCLUDE,0.95,1,P31,instance of
row319,Q22907849|Q1668024,Q22907849,Discord,Q1668024,service on internet,1,1,INCLUDE,0.9,1,P31,instance of
row320,Q22907849|Q2462003,Q22907849,Discord,Q2462003,instant messaging client,1,1,INCLUDE,0.95,1,P31,instance of
row321,Q22907849|Q35127,Q22907849,Discord,Q35127,website,1,1,INCLUDE,0.8,1,P31,instance of
row322,Q22907849|Q620615,Q22907849,Discord,Q620615,mobile app,1,1,INCLUDE,0.85,1,P31,instance of
row323,Q22907849|Q218616,Q22907849,Discord,Q218616,proprietary software,1,1,INCLUDE,0.85,1,P31,instance of
row324,Q22907849|Q287198,Q22907849,Discord,Q287198,online chat,1,1,INCLUDE,0.9,1,P31,instance of
row325,Q22907849|Q3220391,Q22907849,Discord,Q3220391,social networking service,1,1,INCLUDE,0.9,1,P31,instance of
row326,Q22907849|Q84368158,Q22907849,Discord,Q84368158,health app,0,0,EXCLUDE,0.95,2,(-)P279,has subclass
row327,Q22907849|Q466,Q22907849,Discord,Q466,World Wide Web,0,0,EXCLUDE,0.95,2,(-)P279,has subclass
row328,Q22907849|Q15548100,Q22907849,Discord,Q15548100,free instant messaging client,1,1,INCLUDE,0.95,2,(-)P279,has subclass
row329,Q22907849|Q3391957,Q22907849,Discord,Q3391957,online community platform,1,1,INCLUDE,0.95,2,(-)P279,has subclass
row330,Q22907849|Q109946538,Q22907849,Discord,Q109946538,Rocket League Sideswipe,0,0,EXCLUDE,0.95,2,(-)P279,has subclass
row331,Q22907849|Q1954906,Q22907849,Discord,Q1954906,music disk,0,0,EXCLUDE,0.95,2,(-)P279,has subclass
row332,Q22907849|Q63241860,Q22907849,Discord,Q63241860,streaming service,1,0,EXCLUDE,0.85,2,(-)P279,has subclass
row333,Q22907849|Q105103015,Q22907849,Discord,Q105103015,demo program,0,0,EXCLUDE,0.95,2,(-)P279,has subclass
row334,Q22907849|Q16825545,Q22907849,Discord,Q16825545,adult dating site,0,0,EXCLUDE,0.98,2,(-)P279,has subclass
row335,Q22907849|Q60678830,Q22907849,Discord,Q60678830,Smartphone apps for travellers,0,0,EXCLUDE,0.95,2,(-)P279,has subclass
row336,Q22907849|Q81945,Q22907849,Discord,Q81945,Voice over IP,1,1,INCLUDE,0.9,2,(-)P279,has subclass
row337,Q22907849|Q1149226,Q22907849,Discord,Q1149226,web chat,1,1,INCLUDE,0.8,2,(-)P279,has subclass
row338,Q22907849|Q354869,Q22907849,Discord,Q354869,image sharing,1,0,EXCLUDE,0.8,2,(-)P279,has subclass
row339,Q22907849|Q574577,Q22907849,Discord,Q574577,chat room,1,1,INCLUDE,0.9,2,(-)P279,has subclass
row340,Q22907849|Q106471136,Q22907849,Discord,Q106471136,Wikimedia app,0,0,EXCLUDE,0.95,2,(-)P279,has subclass
row341,Q22907849|Q17589204,Q22907849,Discord,Q17589204,FootballDatabase.eu,0,0,EXCLUDE,0.98,2,(-)P279,has subclass
row284,Q231136|Q13419255,Q231136,Encarta,Q13419255,hypertext encyclopedia,1,1,INCLUDE,0.95,1,P31,instance of
row285,Q231136|Q7397,Q231136,Encarta,Q7397,software,1,1,INCLUDE,0.85,1,P31,instance of
row851,Q23572|Q5398426,Q23572,Game of Thrones,Q5398426,television series,1,1,INCLUDE,0.95,1,P31,instance of
row213,Q243|Q1440476,Q243,Eiffel Tower,Q1440476,lattice tower,1,1,INCLUDE,0.95,1,P31,instance of
row214,Q243|Q570116,Q243,Eiffel Tower,Q570116,tourist attraction,1,1,INCLUDE,0.88,1,P31,instance of
row215,Q243|Q1440300,Q243,Eiffel Tower,Q1440300,observation tower,1,1,INCLUDE,0.95,1,P31,instance of
row217,Q243|Q804399,Q243,Eiffel Tower,Q804399,Blaw-Knox tower,0,0,EXCLUDE,0.9,2,(-)P279,has subclass
row823,Q244030|Q7889,Q244030,Diablo III,Q7889,video game,1,1,INCLUDE,0.95,1,P31,instance of
row824,Q244030|Q6895044,Q244030,Diablo III,Q6895044,multiplayer video game,1,1,INCLUDE,0.9,2,(-)P279,has subclass
row825,Q244030|Q6561427,Q244030,Diablo III,Q6561427,console game,1,1,INCLUDE,0.95,2,(-)P279,has subclass
row826,Q244030|Q54767,Q244030,Diablo III,Q54767,puzzle video game,0,0,EXCLUDE,0.95,2,(-)P279,has subclass
row827,Q244030|Q4485157,Q244030,Diablo III,Q4485157,PC game,1,1,INCLUDE,0.95,2,(-)P279,has subclass
row828,Q244030|Q78444225,Q244030,Diablo III,Q78444225,Star Trek video game,0,0,EXCLUDE,0.95,2,(-)P279,has subclass
row431,Q2539|Q17013334,Q2539,machine learning,Q17013334,feature learning,1,1,INCLUDE,0.97,1,(-)P279,has subclass
row432,Q2539|Q21198,Q2539,machine learning,Q21198,computer science,1,1,INCLUDE,0.98,1,P279,subclass of
row433,Q2539|Q192776,Q2539,machine learning,Q192776,artificial neural network,1,1,INCLUDE,0.97,1,(-)P279,has subclass
row434,Q2539|Q6027324,Q2539,machine learning,Q6027324,transfer learning,1,1,INCLUDE,0.97,1,(-)P279,has subclass
row435,Q2539|Q378859,Q2539,machine learning,Q378859,pattern recognition,1,1,INCLUDE,0.96,1,(-)P279,has subclass
row436,Q2539|Q11660,Q2539,machine learning,Q11660,artificial intelligence,1,1,INCLUDE,0.98,1,P279,subclass of
row437,Q2539|Q1152135,Q2539,machine learning,Q1152135,unsupervised learning,1,1,INCLUDE,0.98,1,(-)P279,has subclass
row438,Q2539|Q11862829,Q2539,machine learning,Q11862829,academic discipline,1,1,INCLUDE,0.95,1,P31,instance of
row439,Q2539|Q64811550,Q2539,machine learning,Q64811550,Ocean Resource Management and Policy,0,0,EXCLUDE,0.98,2,(-)P279,has subclass
row440,Q2539|Q20722857,Q2539,machine learning,Q20722857,Deep Q-Network,1,1,INCLUDE,0.95,2,(-)P279,has subclass
row441,Q2539|Q108366200,Q2539,machine learning,Q108366200,graduate specialization,1,0,EXCLUDE,0.9,2,(-)P279,has subclass
row442,Q2539|Q4875410,Q2539,machine learning,Q4875410,Bayesian confidence propagation neural network,1,1,INCLUDE,0.95,2,(-)P279,has subclass
row443,Q2539|Q40890078,Q2539,machine learning,Q40890078,Explainable AI,1,1,INCLUDE,0.95,2,(-)P279,has subclass
row444,Q2539|Q5064071,Q2539,machine learning,Q5064071,cerebellar model articulation controller,0,1,INCLUDE,0.95,2,(-)P279,has subclass
row445,Q2539|Q1936384,Q2539,machine learning,Q1936384,area of mathematics,1,0,EXCLUDE,0.8,2,(-)P279,has subclass
row446,Q2539|Q64809896,Q2539,machine learning,Q64809896,International Business and Marketing,0,0,EXCLUDE,0.98,2,(-)P279,has subclass
row447,Q2539|Q64808211,Q2539,machine learning,Q64808211,Urban and Regional Planning,0,0,EXCLUDE,0.98,2,(-)P279,has subclass
row448,Q2539|Q5441227,Q2539,machine learning,Q5441227,feedforward neural network,1,1,INCLUDE,0.98,2,(-)P279,has subclass
row449,Q2539|Q87058424,Q2539,machine learning,Q87058424,branch of geology,0,0,EXCLUDE,0.98,2,(-)P279,has subclass
row450,Q2539|Q64809114,Q2539,machine learning,Q64809114,Media and Communication,0,0,EXCLUDE,0.98,2,(-)P279,has subclass
row451,Q2539|Q4740894,Q2539,machine learning,Q4740894,fish disease and parasites,0,0,EXCLUDE,0.98,2,(-)P279,has subclass
row452,Q2539|Q55693875,Q2539,machine learning,Q55693875,International Economic Relationships,0,0,EXCLUDE,0.98,2,(-)P279,has subclass
row453,Q2539|Q7617824,Q2539,machine learning,Q7617824,stochastic neural network,1,1,INCLUDE,0.95,2,(-)P279,has subclass
row454,Q2539|Q55693892,Q2539,machine learning,Q55693892,Fishery and Aquaculture,0,0,EXCLUDE,0.98,2,(-)P279,has subclass
row455,Q2539|Q85810444,Q2539,machine learning,Q85810444,transformer,1,1,INCLUDE,0.98,2,(-)P279,has subclass
row456,Q2539|Q54811238,Q2539,machine learning,Q54811238,graph convolutional network,1,1,INCLUDE,0.95,2,(-)P279,has subclass
row457,Q2539|Q55693888,Q2539,machine learning,Q55693888,Bulgarian Philology,0,0,EXCLUDE,0.98,2,(-)P279,has subclass
row458,Q2539|Q64800607,Q2539,machine learning,Q64800607,Pacific Literature,0,0,EXCLUDE,0.98,2,(-)P279,has subclass
row459,Q2539|Q30642,Q2539,machine learning,Q30642,natural language processing,1,1,INCLUDE,0.95,2,(-)P279,has subclass
row460,Q2539|Q4387017,Q2539,machine learning,Q4387017,mathematical sciences,1,0,EXCLUDE,0.75,2,(-)P279,has subclass
row461,Q2539|Q3478658,Q2539,machine learning,Q3478658,knowledge representation and reasoning,1,1,INCLUDE,0.95,2,(-)P279,has subclass
row462,Q2539|Q55441204,Q2539,machine learning,Q55441204,3D-convolutional neural network,1,1,INCLUDE,0.95,2,(-)P279,has subclass
row463,Q2539|Q19935939,Q2539,machine learning,Q19935939,branch of geography,0,0,EXCLUDE,0.95,2,(-)P279,has subclass
row464,Q2539|Q66816419,Q2539,machine learning,Q66816419,Royal Marines School,0,0,EXCLUDE,0.98,2,(-)P279,has subclass
row465,Q2539|Q5514059,Q2539,machine learning,Q5514059,symbolic artificial intelligence,1,1,INCLUDE,0.85,2,(-)P279,has subclass
row466,Q2539|Q64806752,Q2539,machine learning,Q64806752,Special and Inclusive Education,0,0,EXCLUDE,0.98,2,(-)P279,has subclass
row467,Q2539|Q2991667,Q2539,machine learning,Q2991667,multilayer perceptron,1,1,INCLUDE,0.95,3,(-)P279,has subclass
row468,Q2539|Q1948408,Q2539,machine learning,Q1948408,text segmentation,1,1,INCLUDE,0.75,3,(-)P279,has subclass
row469,Q2539|Q690207,Q2539,machine learning,Q690207,perceptron,1,1,INCLUDE,0.95,3,(-)P279,has subclass
row90,Q2551422|Q481609,Q2551422,Water damage,Q481609,damage,1,1,INCLUDE,0.95,1,P279,subclass of
row91,Q2551422|Q1132455,Q2551422,Water damage,Q1132455,hazard,1,1,INCLUDE,0.95,1,P279,subclass of
row92,Q2551422|Q152749,Q2551422,Water damage,Q152749,radiation damage,0,0,EXCLUDE,0.9,2,(-)P279,has subclass
row93,Q2551422|Q19914521,Q2551422,Water damage,Q19914521,ground damage,0,0,EXCLUDE,0.85,2,(-)P279,has subclass
row94,Q2551422|Q3433179,Q2551422,Water damage,Q3433179,natural risk,1,1,INCLUDE,0.72,2,(-)P279,has subclass
row128,Q2746070|Q477248,Q2746070,Canelé,Q477248,pastry,1,1,INCLUDE,0.95,1,P279,subclass of
row129,Q2746070|Q3778467,Q2746070,Canelé,Q3778467,gubana,1,1,INCLUDE,0.8,2,(-)P279,has subclass
row130,Q2746070|Q273426,Q2746070,Canelé,Q273426,éclair,1,1,INCLUDE,0.95,2,(-)P279,has subclass
row131,Q2746070|Q251981,Q2746070,Canelé,Q251981,crisp bread,0,0,EXCLUDE,0.9,2,(-)P279,has subclass
row132,Q2746070|Q871619,Q2746070,Canelé,Q871619,bear claw,1,1,INCLUDE,0.9,2,(-)P279,has subclass
row133,Q2746070|Q28416788,Q2746070,Canelé,Q28416788,Lotus seed paste cake,1,1,INCLUDE,0.7,2,(-)P279,has subclass
row134,Q2746070|Q856330,Q2746070,Canelé,Q856330,cracker,0,0,EXCLUDE,0.85,2,(-)P279,has subclass
row136,Q2746070|Q5183361,Q2746070,Canelé,Q5183361,Cream horn,1,1,INCLUDE,0.9,2,(-)P279,has subclass
row137,Q2746070|Q13266,Q2746070,Canelé,Q13266,cookie,1,1,INCLUDE,0.9,2,(-)P279,has subclass
row138,Q2746070|Q870362,Q2746070,Canelé,Q870362,rice bread,0,0,EXCLUDE,0.9,2,(-)P279,has subclass
row139,Q2746070|Q1660010,Q2746070,Canelé,Q1660010,Christmas cookies,1,1,INCLUDE,0.8,2,(-)P279,has subclass
row140,Q2746070|Q1073041,Q2746070,Canelé,Q1073041,coconut bar,1,1,INCLUDE,0.75,2,(-)P279,has subclass
row141,Q2746070|Q12192991,Q2746070,Canelé,Q12192991,meskouta,1,1,INCLUDE,0.8,2,(-)P279,has subclass
row142,Q2746070|Q208729,Q2746070,Canelé,Q208729,nougat,0,0,EXCLUDE,0.8,2,(-)P279,has subclass
row143,Q2746070|Q3535552,Q2746070,Canelé,Q3535552,Tourteau fromagé,0,1,INCLUDE,0.9,2,(-)P279,has subclass
row144,Q2746070|Q1014883,Q2746070,Canelé,Q1014883,Burger Brezel,0,0,EXCLUDE,0.85,2,(-)P279,has subclass
row950,Q280413|Q13582798,Q280413,National Center for Scientific Research,Q13582798,Public Scientific and Technical Research Establishment,1,1,INCLUDE,0.95,1,P31,instance of
row951,Q280413|Q31855,Q280413,National Center for Scientific Research,Q31855,research institute,1,1,INCLUDE,0.9,1,P31,instance of
row952,Q280413|Q3726309,Q280413,National Center for Scientific Research,Q3726309,state research institution,1,1,INCLUDE,0.9,1,P31,instance of
row953,Q280413|Q45400320,Q280413,National Center for Scientific Research,Q45400320,open-access publisher,1,0,EXCLUDE,0.75,1,P31,instance of
row954,Q280413|Q20820271,Q280413,National Center for Scientific Research,Q20820271,graduate school,0,0,EXCLUDE,0.8,2,(-)P279,has subclass
row148,Q2813|Q431289,Q2813,Coca-Cola,Q431289,brand,1,1,INCLUDE,0.95,1,P31,instance of
row149,Q2813|Q147538,Q2813,Coca-Cola,Q147538,soft drink,1,1,INCLUDE,0.95,1,P31,instance of
row150,Q2813|Q41084,Q2813,Coca-Cola,Q41084,New Coke,1,1,INCLUDE,0.9,1,(-)P279,has subclass
row151,Q2813|Q134041,Q2813,Coca-Cola,Q134041,cola,1,1,INCLUDE,0.9,1,P279,subclass of
row152,Q2813|Q1104949,Q2813,Coca-Cola,Q1104949,Coca Colla,1,1,INCLUDE,0.9,2,(-)P279,has subclass
row153,Q2813|Q5759783,Q2813,Coca-Cola,Q5759783,Highway,1,0,EXCLUDE,1.0,2,(-)P279,has subclass
row154,Q2813|Q19799634,Q2813,Coca-Cola,Q19799634,model of calculator,0,0,EXCLUDE,0.95,2,(-)P279,has subclass
row155,Q2813|Q20888692,Q2813,Coca-Cola,Q20888692,camera brand,0,0,EXCLUDE,0.95,2,(-)P279,has subclass
row156,Q2813|Q12311058,Q2813,Coca-Cola,Q12311058,Fanta Free Orange,1,1,INCLUDE,0.75,2,(-)P279,has subclass
row157,Q2813|Q264554,Q2813,Coca-Cola,Q264554,carbonated water,1,1,INCLUDE,0.7,2,(-)P279,has subclass
row158,Q2813|Q2300409,Q2813,Coca-Cola,Q2300409,Premium-Cola,1,1,INCLUDE,0.9,2,(-)P279,has subclass
row160,Q2813|Q5873161,Q2813,Coca-Cola,Q5873161,refreshing drink,1,1,INCLUDE,0.75,2,(-)P279,has subclass
row161,Q2813|Q98579904,Q2813,Coca-Cola,Q98579904,tractor brand,0,0,EXCLUDE,0.95,2,(-)P279,has subclass
row162,Q2813|Q623561,Q2813,Coca-Cola,Q623561,Dr Pepper,1,1,INCLUDE,0.75,2,(-)P279,has subclass
row163,Q2813|Q937783,Q2813,Coca-Cola,Q937783,Coca-Cola Zero,1,1,INCLUDE,1.0,2,(-)P279,has subclass
row164,Q2813|Q50425277,Q2813,Coca-Cola,Q50425277,diet cola,1,1,INCLUDE,0.95,2,(-)P279,has subclass
row165,Q2813|Q59185742,Q2813,Coca-Cola,Q59185742,Craft soda,1,1,INCLUDE,0.7,2,(-)P279,has subclass
row166,Q2813|Q896,Q2813,Coca-Cola,Q896,Mountain Dew,1,1,INCLUDE,0.95,2,(-)P279,has subclass
row167,Q2813|Q1815345,Q2813,Coca-Cola,Q1815345,Diet Coke,1,1,INCLUDE,0.95,3,(-)P279,has subclass
row168,Q2813|Q28127283,Q2813,Coca-Cola,Q28127283,Coca-Cola Zero Sugar,1,1,INCLUDE,0.95,3,(-)P279,has subclass
row785,Q28406404|Q28051323,Q28406404,Microsoft Teams,Q28051323,video-conferencing software,1,1,INCLUDE,0.95,1,P31,instance of
row786,Q28406404|Q2462003,Q28406404,Microsoft Teams,Q2462003,instant messaging client,1,1,INCLUDE,0.95,1,P31,instance of
row787,Q28406404|Q474157,Q28406404,Microsoft Teams,Q474157,collaborative software,1,1,INCLUDE,0.95,1,P31,instance of
row788,Q28406404|Q19967801,Q28406404,Microsoft Teams,Q19967801,online service,1,1,INCLUDE,0.95,1,P31,instance of
row789,Q28406404|Q734413,Q28406404,Microsoft Teams,Q734413,LAN messenger,0,0,EXCLUDE,0.85,2,(-)P279,has subclass
row790,Q28406404|Q7705753,Q28406404,Microsoft Teams,Q7705753,test automation management tool,0,0,EXCLUDE,0.9,2,(-)P279,has subclass
row791,Q28406404|Q15548100,Q28406404,Microsoft Teams,Q15548100,free instant messaging client,1,1,INCLUDE,0.9,2,(-)P279,has subclass
row792,Q28406404|Q12313595,Q28406404,Microsoft Teams,Q12313595,collaborative real-time editor,1,1,INCLUDE,0.7,2,(-)P279,has subclass
row793,Q28406404|Q28135300,Q28406404,Microsoft Teams,Q28135300,Workplace from Meta,0,1,INCLUDE,0.9,2,(-)P279,has subclass
row367,Q28785|Q120560,Q28785,Sacré-Cœur,Q120560,minor basilica,1,1,INCLUDE,0.95,1,P31,instance of
row368,Q28785|Q16970,Q28785,Sacré-Cœur,Q16970,church building,1,1,INCLUDE,0.95,1,P31,instance of
row369,Q28785|Q1530022,Q28785,Sacré-Cœur,Q1530022,religious organization,1,1,INCLUDE,0.7,1,P31,instance of
row370,Q28785|Q570116,Q28785,Sacré-Cœur,Q570116,tourist attraction,1,1,INCLUDE,0.8,1,P31,instance of
row926,Q2905238|Q783794,Q2905238,BlaBlaCar,Q783794,company,1,1,INCLUDE,0.95,1,P31,instance of
row927,Q2905238|Q3391957,Q2905238,BlaBlaCar,Q3391957,online community platform,1,1,INCLUDE,0.95,1,P31,instance of
row720,Q30299483|Q483242,Q30299483,Inria Nancy - Grand-Est research centre,Q483242,laboratory,1,1,INCLUDE,0.85,1,P31,instance of
row721,Q30299483|Q13226383,Q30299483,Inria Nancy - Grand-Est research centre,Q13226383,facility,1,1,INCLUDE,0.75,1,P31,instance of
row722,Q30299483|Q7315155,Q30299483,Inria Nancy - Grand-Est research centre,Q7315155,research center,1,1,INCLUDE,0.95,1,P31,instance of
row723,Q30299483|Q67140793,Q30299483,Inria Nancy - Grand-Est research centre,Q67140793,nursery,0,0,EXCLUDE,0.93,2,(-)P279,has subclass
row724,Q30299483|Q47524436,Q30299483,Inria Nancy - Grand-Est research centre,Q47524436,swimming area,0,0,EXCLUDE,0.93,2,(-)P279,has subclass
row725,Q30299483|Q89578131,Q30299483,Inria Nancy - Grand-Est research centre,Q89578131,radar station,0,0,EXCLUDE,0.93,2,(-)P279,has subclass
row726,Q30299483|Q11560645,Q30299483,Inria Nancy - Grand-Est research centre,Q11560645,waste management facility,0,0,EXCLUDE,0.93,2,(-)P279,has subclass
row727,Q30299483|Q57504458,Q30299483,Inria Nancy - Grand-Est research centre,Q57504458,port infrastructure,0,0,EXCLUDE,0.93,2,(-)P279,has subclass
row728,Q30299483|Q47519912,Q30299483,Inria Nancy - Grand-Est research centre,Q47519912,bicycle repair station,0,0,EXCLUDE,0.93,2,(-)P279,has subclass
row729,Q30299483|Q57951700,Q30299483,Inria Nancy - Grand-Est research centre,Q57951700,research site,1,1,INCLUDE,0.95,2,(-)P279,has subclass
row20,Q312|Q6881511,Q312,Apple Inc.,Q6881511,enterprise,1,1,INCLUDE,0.97,1,P31,instance of
row21,Q312|Q167037,Q312,Apple Inc.,Q167037,corporation,1,1,INCLUDE,0.98,1,P31,instance of
row22,Q312|Q4830453,Q312,Apple Inc.,Q4830453,business,1,1,INCLUDE,0.97,1,P31,instance of
row23,Q312|Q431289,Q312,Apple Inc.,Q431289,brand,1,1,INCLUDE,0.92,1,P31,instance of
row24,Q312|Q891723,Q312,Apple Inc.,Q891723,public company,1,1,INCLUDE,0.99,1,P31,instance of
row25,Q312|Q18388277,Q312,Apple Inc.,Q18388277,technology company,1,1,INCLUDE,0.99,1,P31,instance of
row26,Q312|Q1058914,Q312,Apple Inc.,Q1058914,software company,1,1,INCLUDE,0.95,2,(-)P279,has subclass
row27,Q312|Q13637823,Q312,Apple Inc.,Q13637823,Independent hardware vendor,1,1,INCLUDE,0.7,2,(-)P279,has subclass
row747,Q3214499|Q3550864,Q3214499,LORIA,Q3550864,mixed research unit,1,1,INCLUDE,0.95,1,P31,instance of
row186,Q324254|Q1172480,Q324254,ontology,Q1172480,data model,1,1,INCLUDE,0.95,1,P279,subclass of
row187,Q324254|Q56316745,Q324254,ontology,Q56316745,application ontology,1,1,INCLUDE,0.9,1,(-)P279,has subclass
row188,Q324254|Q593744,Q324254,ontology,Q593744,knowledge base,1,1,INCLUDE,0.9,1,P279,subclass of
row189,Q324254|Q7554009,Q324254,ontology,Q7554009,soft ontology,1,1,INCLUDE,0.85,1,(-)P279,has subclass
row190,Q324254|Q1437388,Q324254,ontology,Q1437388,formal ontology,1,1,INCLUDE,0.95,1,(-)P279,has subclass
row191,Q324254|Q1397073,Q324254,ontology,Q1397073,data schema,1,1,INCLUDE,0.9,1,P279,subclass of
row193,Q324254|Q56316737,Q324254,ontology,Q56316737,domain ontology,1,1,INCLUDE,0.95,1,(-)P279,has subclass
row194,Q324254|Q7449052,Q324254,ontology,Q7449052,semantic data model,1,1,INCLUDE,0.95,2,(-)P279,has subclass
row195,Q324254|Q5378800,Q324254,ontology,Q5378800,Enhanced entity–relationship model,1,1,INCLUDE,0.75,2,(-)P279,has subclass
row196,Q324254|Q2262868,Q324254,ontology,Q2262868,domain model,1,1,INCLUDE,0.9,2,(-)P279,has subclass
row197,Q324254|Q1751819,Q324254,ontology,Q1751819,RDF Schema,1,1,INCLUDE,0.95,2,(-)P279,has subclass
row422,Q325904|Q907955,Q325904,breadth-first search,Q907955,graph traversal,1,1,INCLUDE,1.0,1,P31,instance of
row423,Q325904|Q4443425,Q325904,breadth-first search,Q4443425,uninformed search algorithm,1,1,INCLUDE,1.0,1,P31,instance of
row424,Q325904|Q755673,Q325904,breadth-first search,Q755673,search algorithm,1,1,INCLUDE,1.0,1,P279,subclass of
row425,Q325904|Q7009111,Q325904,breadth-first search,Q7009111,heuristic search algorithm,1,1,INCLUDE,0.8,2,(-)P279,has subclass
row426,Q325904|Q1210082,Q325904,breadth-first search,Q1210082,tree traversal,1,1,INCLUDE,0.9,2,(-)P279,has subclass
row427,Q325904|Q1969601,Q325904,breadth-first search,Q1969601,pathfinding,1,1,INCLUDE,0.9,2,(-)P279,has subclass
row184,Q335827|Q47913,Q335827,Directorate-General for External Security,Q47913,intelligence agency,1,1,INCLUDE,0.98,1,P31,instance of
row853,Q337535|Q58199,Q337535,Steam,Q58199,instant messaging,1,0,EXCLUDE,0.8,1,P31,instance of
row854,Q337535|Q192532,Q337535,Steam,Q192532,digital rights management,0,1,INCLUDE,0.7,1,P31,instance of
row855,Q337535|Q1334294,Q337535,Steam,Q1334294,software repository,1,1,INCLUDE,0.9,1,P31,instance of
row856,Q337535|Q3559933,Q337535,Steam,Q3559933,Live support software,0,0,NOT_VISITED,,2,(-)P279,has subclass
row857,Q337535|Q4110622,Q337535,Steam,Q4110622,videochat,0,0,NOT_VISITED,,2,(-)P279,has subclass
row858,Q337535|Q8048052,Q337535,Steam,Q8048052,Yamigo,0,0,NOT_VISITED,,2,(-)P279,has subclass
row282,Q33959|Q484170,Q33959,Nice,Q484170,commune of France,1,1,INCLUDE,0.98,1,P31,instance of
row283,Q33959|Q1549591,Q33959,Nice,Q1549591,big city,1,1,INCLUDE,0.95,1,P31,instance of
row9,Q3407658|Q1562213,Q3407658,tram,Q1562213,freight tram,1,1,INCLUDE,0.95,1,(-)P279,has subclass
row10,Q3407658|Q5063597,Q3407658,tram,Q5063597,low-floor tram,1,1,INCLUDE,0.95,1,(-)P279,has subclass
row11,Q3407658|Q15825863,Q3407658,tram,Q15825863,light rail vehicle,1,1,INCLUDE,0.9,1,P279,subclass of
row12,Q3407658|Q208502,Q3407658,tram,Q208502,railroad car,1,1,INCLUDE,0.85,1,P279,subclass of
row13,Q3407658|Q752870,Q3407658,tram,Q752870,motor vehicle,1,1,INCLUDE,0.8,1,P279,subclass of
row14,Q3407658|Q1414135,Q3407658,tram,Q1414135,rolling stock,1,1,INCLUDE,0.95,1,P279,subclass of
row80,Q3517281|Q4671277,Q3517281,Telecom Nancy,Q4671277,academic institution,1,1,INCLUDE,0.95,1,P31,instance of
row730,Q35996|Q431289,Q35996,Mazda,Q431289,brand,1,1,INCLUDE,0.85,1,P31,instance of
row731,Q35996|Q891723,Q35996,Mazda,Q891723,public company,1,1,INCLUDE,0.75,1,P31,instance of
row732,Q35996|Q10429667,Q35996,Mazda,Q10429667,car brand,1,1,INCLUDE,0.95,1,P279,subclass of
row733,Q35996|Q786820,Q35996,Mazda,Q786820,automobile manufacturer,1,1,INCLUDE,0.95,1,P31,instance of
row15,Q364|Q1668024,Q364,GitHub,Q1668024,service on internet,1,1,INCLUDE,0.95,1,P31,instance of
row16,Q364|Q3077240,Q364,GitHub,Q3077240,forge,1,1,INCLUDE,0.98,1,P31,instance of
row17,Q364|Q6881511,Q364,GitHub,Q6881511,enterprise,1,1,INCLUDE,0.85,1,P31,instance of
row18,Q364|Q5227240,Q364,GitHub,Q5227240,data library,1,0,EXCLUDE,0.75,1,P31,instance of
row19,Q364|Q2910253,Q364,GitHub,Q2910253,Torah database,1,0,NOT_VISITED,,2,(-)P279,has subclass
row552,Q37501|Q2143661,Q37501,eyeglasses,Q2143661,corrective lens,1,1,INCLUDE,0.95,1,P279,subclass of
row553,Q37501|Q5096292,Q37501,eyeglasses,Q5096292,Chicken eyeglasses,0,1,INCLUDE,0.65,1,(-)P279,has subclass
row554,Q37501|Q15978715,Q37501,eyeglasses,Q15978715,smartglasses,1,1,INCLUDE,0.9,1,(-)P279,has subclass
row555,Q37501|Q1065579,Q37501,eyeglasses,Q1065579,costume accessory,1,0,EXCLUDE,0.75,1,P279,subclass of
row556,Q37501|Q2332595,Q37501,eyeglasses,Q2332595,cataract glasses,1,1,INCLUDE,0.9,1,(-)P279,has subclass
row557,Q37501|Q575092,Q37501,eyeglasses,Q575092,Google Glass,1,1,INCLUDE,0.85,2,(-)P279,has subclass
row558,Q37501|Q23797,Q37501,eyeglasses,Q23797,contact lens,0,1,INCLUDE,0.9,2,(-)P279,has subclass
row559,Q37501|Q12721,Q37501,eyeglasses,Q12721,monocle,1,1,INCLUDE,0.9,2,(-)P279,has subclass
row560,Q37501|Q244570,Q37501,eyeglasses,Q244570,pince-nez,1,1,INCLUDE,0.9,2,(-)P279,has subclass
row586,Q38076|Q6881511,Q38076,McDonald’s,Q6881511,enterprise,1,1,INCLUDE,0.85,1,P31,instance of
row587,Q38076|Q4830453,Q38076,McDonald’s,Q4830453,business,1,1,INCLUDE,0.9,1,P31,instance of
row588,Q38076|Q891723,Q38076,McDonald’s,Q891723,public company,1,1,INCLUDE,0.8,1,P31,instance of
row589,Q38076|Q167270,Q38076,McDonald’s,Q167270,trademark,1,0,EXCLUDE,0.75,1,P31,instance of
row590,Q38076|Q18509232,Q38076,McDonald’s,Q18509232,fast food restaurant chain,1,1,INCLUDE,0.95,1,P31,instance of
row591,Q38076|Q76384698,Q38076,McDonald’s,Q76384698,ammunication factory,0,0,EXCLUDE,0.95,2,(-)P279,has subclass
row592,Q38076|Q64514542,Q38076,McDonald’s,Q64514542,parking lot company,0,0,EXCLUDE,0.95,2,(-)P279,has subclass
row593,Q38076|Q14942280,Q38076,McDonald’s,Q14942280,petrochemical company,0,0,EXCLUDE,0.95,2,(-)P279,has subclass
row594,Q38076|Q1195245,Q38076,McDonald’s,Q1195245,beauty salon,0,0,EXCLUDE,0.95,2,(-)P279,has subclass
row595,Q38076|Q1132207,Q38076,McDonald’s,Q1132207,business incubator,0,0,EXCLUDE,0.92,2,(-)P279,has subclass
row596,Q38076|Q107171122,Q38076,McDonald’s,Q107171122,Made in Hungary,0,0,NOT_VISITED,,2,(-)P279,has subclass
row597,Q38076|Q12817454,Q38076,McDonald’s,Q12817454,agricultural firm,0,0,EXCLUDE,0.85,2,(-)P279,has subclass
row598,Q38076|Q19509097,Q38076,McDonald’s,Q19509097,cigarette brand,0,0,NOT_VISITED,,2,(-)P279,has subclass
row599,Q38076|Q55635949,Q38076,McDonald’s,Q55635949,tobacco factory,0,0,EXCLUDE,0.95,2,(-)P279,has subclass
row600,Q38076|Q30765558,Q38076,McDonald’s,Q30765558,cement company,0,0,EXCLUDE,0.95,2,(-)P279,has subclass
row601,Q38076|Q11032,Q38076,McDonald’s,Q11032,newspaper,0,0,EXCLUDE,1.0,2,(-)P279,has subclass
row602,Q38076|Q161726,Q38076,McDonald’s,Q161726,multinational corporation,1,1,INCLUDE,0.85,2,(-)P279,has subclass
row603,Q38076|Q64583968,Q38076,McDonald’s,Q64583968,artist management,0,0,EXCLUDE,0.95,2,(-)P279,has subclass
row604,Q38076|Q2534781,Q38076,McDonald’s,Q2534781,event management company,0,0,EXCLUDE,0.95,2,(-)P279,has subclass
row606,Q38076|Q967140,Q38076,McDonald’s,Q967140,media agency,0,0,EXCLUDE,0.97,2,(-)P279,has subclass
row607,Q38076|Q105547053,Q38076,McDonald’s,Q105547053,UK cable company,0,0,EXCLUDE,1.0,2,(-)P279,has subclass
row608,Q38076|Q3661311,Q38076,McDonald’s,Q3661311,fashion house,0,0,EXCLUDE,0.95,2,(-)P279,has subclass
row609,Q38076|Q133744,Q38076,McDonald’s,Q133744,tour operator,0,0,EXCLUDE,0.95,2,(-)P279,has subclass
row610,Q38076|Q96603167,Q38076,McDonald’s,Q96603167,tourism agency,0,0,EXCLUDE,0.95,2,(-)P279,has subclass
row611,Q38076|Q10691563,Q38076,McDonald’s,Q10691563,taxicab company,0,0,EXCLUDE,1.0,2,(-)P279,has subclass
row612,Q38076|Q1369723,Q38076,McDonald’s,Q1369723,Web Agency,0,0,EXCLUDE,0.95,2,(-)P279,has subclass
row613,Q38076|Q25112142,Q38076,McDonald’s,Q25112142,dental service organization,0,0,EXCLUDE,0.95,2,(-)P279,has subclass
row614,Q38076|Q1058914,Q38076,McDonald’s,Q1058914,software company,0,0,EXCLUDE,1.0,2,(-)P279,has subclass
row615,Q38076|Q110484183,Q38076,McDonald’s,Q110484183,cigarette company,0,0,EXCLUDE,1.0,2,(-)P279,has subclass
row616,Q38076|Q770881,Q38076,McDonald’s,Q770881,online casino,0,0,EXCLUDE,0.95,2,(-)P279,has subclass
row617,Q38076|Q786820,Q38076,McDonald’s,Q786820,automobile manufacturer,0,0,EXCLUDE,0.97,2,(-)P279,has subclass
row618,Q38076|Q27038993,Q38076,McDonald’s,Q27038993,food establishment,1,1,INCLUDE,0.95,2,(-)P279,has subclass
row619,Q38076|Q1331793,Q38076,McDonald’s,Q1331793,media company,0,0,EXCLUDE,0.95,2,(-)P279,has subclass
row620,Q38076|Q1341478,Q38076,McDonald’s,Q1341478,energy company,0,0,EXCLUDE,0.95,2,(-)P279,has subclass
row621,Q38076|Q7246213,Q38076,McDonald’s,Q7246213,private intelligence agency,0,0,EXCLUDE,0.95,2,(-)P279,has subclass
row622,Q38076|Q3487908,Q38076,McDonald’s,Q3487908,venture capital firm,0,0,EXCLUDE,0.95,2,(-)P279,has subclass
row623,Q38076|Q2085381,Q38076,McDonald’s,Q2085381,publisher,0,0,EXCLUDE,0.95,2,(-)P279,has subclass
row624,Q38076|Q20015305,Q38076,McDonald’s,Q20015305,large business,1,1,INCLUDE,0.85,2,(-)P279,has subclass
row625,Q38076|Q109729298,Q38076,McDonald’s,Q109729298,art dealer,0,0,EXCLUDE,1.0,2,(-)P279,has subclass
row626,Q38076|Q19644607,Q38076,McDonald’s,Q19644607,pharmaceutical company,0,0,EXCLUDE,0.95,2,(-)P279,has subclass
row627,Q38076|Q80359036,Q38076,McDonald’s,Q80359036,alcohol brand,0,0,NOT_VISITED,,2,(-)P279,has subclass
row628,Q38076|Q25461160,Q38076,McDonald’s,Q25461160,syndicate,0,0,EXCLUDE,0.95,2,(-)P279,has subclass
row629,Q38076|Q1529128,Q38076,McDonald’s,Q1529128,postal service,0,0,EXCLUDE,0.95,2,(-)P279,has subclass
row630,Q38076|Q2914704,Q38076,McDonald’s,Q2914704,advertising network,0,0,EXCLUDE,0.95,2,(-)P279,has subclass
row632,Q38076|Q476118,Q38076,McDonald’s,Q476118,reinsurance,0,0,EXCLUDE,0.95,2,(-)P279,has subclass
row633,Q38076|Q14635346,Q38076,McDonald’s,Q14635346,multi-channel network,0,0,EXCLUDE,0.95,2,(-)P279,has subclass
row634,Q38076|Q104807662,Q38076,McDonald’s,Q104807662,cathedral in the desert,0,0,EXCLUDE,1.0,2,(-)P279,has subclass
row635,Q38076|Q4387609,Q38076,McDonald’s,Q4387609,architectural firm,0,0,EXCLUDE,0.95,2,(-)P279,has subclass
row636,Q38076|Q1756711,Q38076,McDonald’s,Q1756711,video rental shop,0,0,EXCLUDE,0.95,2,(-)P279,has subclass
row637,Q38076|Q1520069,Q38076,McDonald’s,Q1520069,bottling company,0,0,EXCLUDE,0.95,2,(-)P279,has subclass
row638,Q38076|Q2519914,Q38076,McDonald’s,Q2519914,brand name,1,0,NOT_VISITED,,2,(-)P279,has subclass
row640,Q38076|Q20488450,Q38076,McDonald’s,Q20488450,mobile phone series,0,0,NOT_VISITED,,2,(-)P279,has subclass
row641,Q38076|Q5346803,Q38076,McDonald’s,Q5346803,social business,0,0,EXCLUDE,0.85,2,(-)P279,has subclass
row642,Q38076|Q56876011,Q38076,McDonald’s,Q56876011,private corporation,1,0,EXCLUDE,0.92,2,(-)P279,has subclass
row643,Q38076|Q1200676,Q38076,McDonald’s,Q1200676,design agency,0,0,EXCLUDE,0.95,2,(-)P279,has subclass
row644,Q38076|Q18388277,Q38076,McDonald’s,Q18388277,technology company,0,0,EXCLUDE,0.95,2,(-)P279,has subclass
row645,Q38076|Q23670565,Q38076,McDonald’s,Q23670565,professional services firm,0,0,EXCLUDE,0.95,2,(-)P279,has subclass
row646,Q38076|Q811930,Q38076,McDonald’s,Q811930,construction business,0,0,EXCLUDE,0.95,2,(-)P279,has subclass
row647,Q38076|Q15634581,Q38076,McDonald’s,Q15634581,design company,0,0,EXCLUDE,0.95,2,(-)P279,has subclass
row648,Q38076|Q90302516,Q38076,McDonald’s,Q90302516,tobacco company,0,0,EXCLUDE,0.95,2,(-)P279,has subclass
row649,Q38076|Q16274795,Q38076,McDonald’s,Q16274795,shipbuilding company,0,0,EXCLUDE,0.95,2,(-)P279,has subclass
row650,Q38076|Q1917775,Q38076,McDonald’s,Q1917775,music publishing company,0,0,EXCLUDE,0.95,2,(-)P279,has subclass
row651,Q38076|Q11294827,Q38076,McDonald’s,Q11294827,camera manufacturer,0,0,EXCLUDE,0.95,2,(-)P279,has subclass
row652,Q38076|Q748645,Q38076,McDonald’s,Q748645,shipping agent,0,0,EXCLUDE,0.95,2,(-)P279,has subclass
row653,Q38076|Q5465569,Q38076,McDonald’s,Q5465569,Foodservice distributor,1,1,INCLUDE,0.8,2,(-)P279,has subclass
row654,Q38076|Q765517,Q38076,McDonald’s,Q765517,credit rating agency,0,0,EXCLUDE,0.95,2,(-)P279,has subclass
row655,Q38076|Q2401749,Q38076,McDonald’s,Q2401749,telecommunication company,0,0,EXCLUDE,0.95,2,(-)P279,has subclass
row656,Q38076|Q5384579,Q38076,McDonald’s,Q5384579,Equipment rental,0,0,EXCLUDE,0.95,2,(-)P279,has subclass
row657,Q38076|Q2961813,Q38076,McDonald’s,Q2961813,local TV channel,0,0,EXCLUDE,0.95,2,(-)P279,has subclass
row659,Q38076|Q2442401,Q38076,McDonald’s,Q2442401,record company,0,0,EXCLUDE,0.95,2,(-)P279,has subclass
row660,Q38076|Q3307920,Q38076,McDonald’s,Q3307920,console manufacturer,0,0,EXCLUDE,0.95,2,(-)P279,has subclass
row661,Q38076|Q3117865,Q38076,McDonald’s,Q3117865,hotel group,0,0,EXCLUDE,0.9,2,(-)P279,has subclass
row662,Q38076|Q3842318,Q38076,McDonald’s,Q3842318,Made in Italy,0,0,NOT_VISITED,,2,(-)P279,has subclass
row663,Q38076|Q3063988,Q38076,McDonald’s,Q3063988,Made in France,0,0,NOT_VISITED,,2,(-)P279,has subclass
row664,Q38076|Q11885129,Q38076,McDonald’s,Q11885129,artist agency,0,0,EXCLUDE,0.95,2,(-)P279,has subclass
row665,Q38076|Q63020365,Q38076,McDonald’s,Q63020365,tiny forest,0,0,NOT_VISITED,,2,(-)P279,has subclass
row666,Q38076|Q4116756,Q38076,McDonald’s,Q4116756,Tourism in Saudi Arabia,0,0,EXCLUDE,0.98,2,(-)P279,has subclass
row667,Q38076|Q1466031,Q38076,McDonald’s,Q1466031,funeral home,0,0,EXCLUDE,0.95,2,(-)P279,has subclass
row668,Q38076|Q30899001,Q38076,McDonald’s,Q30899001,software distributor,0,0,EXCLUDE,0.95,2,(-)P279,has subclass
row669,Q38076|Q1266169,Q38076,McDonald’s,Q1266169,telephone company,0,0,EXCLUDE,0.95,2,(-)P279,has subclass
row670,Q38076|Q771063,Q38076,McDonald’s,Q771063,dating agency,0,0,EXCLUDE,0.95,2,(-)P279,has subclass
row671,Q38076|Q946499,Q38076,McDonald’s,Q946499,cruise line,0,0,EXCLUDE,0.95,2,(-)P279,has subclass
row672,Q38076|Q721067,Q38076,McDonald’s,Q721067,professional wrestling promotion,0,0,EXCLUDE,0.95,2,(-)P279,has subclass
row673,Q38076|Q3393867,Q38076,McDonald’s,Q3393867,seafood market,0,0,EXCLUDE,0.85,2,(-)P279,has subclass
row674,Q38076|Q811404,Q38076,McDonald’s,Q811404,Bauhof,0,0,EXCLUDE,0.95,2,(-)P279,has subclass
row675,Q38076|Q1057214,Q38076,McDonald’s,Q1057214,private military company,0,0,EXCLUDE,1.0,2,(-)P279,has subclass
row676,Q38076|Q920671,Q38076,McDonald’s,Q920671,parapharmacy,0,0,EXCLUDE,0.95,2,(-)P279,has subclass
row677,Q38076|Q2538889,Q38076,McDonald’s,Q2538889,weapons manufacturing company,0,0,EXCLUDE,0.95,2,(-)P279,has subclass
row678,Q38076|Q45069022,Q38076,McDonald’s,Q45069022,skateboarding company,0,0,EXCLUDE,0.95,2,(-)P279,has subclass
row679,Q38076|Q30103124,Q38076,McDonald’s,Q30103124,hospital group,0,0,EXCLUDE,0.97,2,(-)P279,has subclass
row680,Q38076|Q936518,Q38076,McDonald’s,Q936518,aerospace manufacturer,0,0,EXCLUDE,0.97,2,(-)P279,has subclass
row681,Q38076|Q1318768,Q38076,McDonald’s,Q1318768,snack bar,1,1,INCLUDE,0.88,2,(-)P279,has subclass
row682,Q38076|Q507443,Q38076,McDonald’s,Q507443,pharmaceutical industry,0,0,EXCLUDE,0.95,2,(-)P279,has subclass
row683,Q38076|Q22687,Q38076,McDonald’s,Q22687,bank,0,0,EXCLUDE,0.97,2,(-)P279,has subclass
row684,Q38076|Q108915260,Q38076,McDonald’s,Q108915260,sexual entertainment venue,0,0,EXCLUDE,1.0,2,(-)P279,has subclass
row685,Q38076|Q1757263,Q38076,McDonald’s,Q1757263,moving company,0,0,EXCLUDE,0.95,2,(-)P279,has subclass
row686,Q38076|Q1116826,Q38076,McDonald’s,Q1116826,private security company,0,0,EXCLUDE,0.95,2,(-)P279,has subclass
row687,Q38076|Q3579160,Q38076,McDonald’s,Q3579160,newspaper publisher,0,0,EXCLUDE,0.95,2,(-)P279,has subclass
row688,Q38076|Q1817883,Q38076,McDonald’s,Q1817883,furniture manufacturer,0,0,EXCLUDE,0.95,2,(-)P279,has subclass
row689,Q38076|Q60770436,Q38076,McDonald’s,Q60770436,Deep tech,0,0,EXCLUDE,0.97,2,(-)P279,has subclass
row690,Q38076|Q8007048,Q38076,McDonald’s,Q8007048,nail salon,0,0,EXCLUDE,0.95,2,(-)P279,has subclass
row691,Q38076|Q5466628,Q38076,McDonald’s,Q5466628,for-profit corporation,1,1,INCLUDE,0.95,2,(-)P279,has subclass
row692,Q38076|Q1137109,Q38076,McDonald’s,Q1137109,video game publisher,0,0,EXCLUDE,0.95,2,(-)P279,has subclass
row693,Q38076|Q2990216,Q38076,McDonald’s,Q2990216,mining company,0,0,EXCLUDE,0.97,2,(-)P279,has subclass
row694,Q38076|Q613142,Q38076,McDonald’s,Q613142,law firm,0,0,EXCLUDE,0.95,2,(-)P279,has subclass
row695,Q38076|Q102167691,Q38076,McDonald’s,Q102167691,Communist Chinese Military Companies,0,0,EXCLUDE,1.0,2,(-)P279,has subclass
row696,Q38076|Q97579135,Q38076,McDonald’s,Q97579135,piano manufacturing company,0,0,EXCLUDE,0.97,2,(-)P279,has subclass
row698,Q38076|Q18127,Q38076,McDonald’s,Q18127,record label,0,0,EXCLUDE,0.95,2,(-)P279,has subclass
row699,Q38076|Q29885033,Q38076,McDonald’s,Q29885033,cosmetics manufacturer,0,0,EXCLUDE,0.95,2,(-)P279,has subclass
row700,Q38076|Q7257732,Q38076,McDonald’s,Q7257732,public electricity supplier,0,0,EXCLUDE,0.95,2,(-)P279,has subclass
row701,Q38076|Q291240,Q38076,McDonald’s,Q291240,car rental company,0,0,EXCLUDE,0.95,2,(-)P279,has subclass
row702,Q38076|Q1406985,Q38076,McDonald’s,Q1406985,transmission system operator for gas,0,0,EXCLUDE,0.95,2,(-)P279,has subclass
row70,Q381|Q5276054,Q381,Ubuntu,Q5276054,digital commons,1,1,INCLUDE,0.9,1,P31,instance of
row71,Q381|Q72688,Q381,Ubuntu,Q72688,Xubuntu,1,1,INCLUDE,1.0,1,(-)P279,has subclass
row72,Q381|Q20983788,Q381,Ubuntu,Q20983788,free operating system,1,1,INCLUDE,1.0,1,P31,instance of
row73,Q381|Q131669,Q381,Ubuntu,Q131669,Linux distribution,1,1,INCLUDE,1.0,1,P31,instance of
row74,Q381|Q11250,Q381,Ubuntu,Q11250,Kubuntu,1,1,INCLUDE,1.0,1,(-)P279,has subclass
row75,Q381|Q12226408,Q381,Ubuntu,Q12226408,Ubuntu Kylin,1,1,INCLUDE,1.0,1,(-)P279,has subclass
row76,Q381|Q27964209,Q381,Ubuntu,Q27964209,Ubuntu Budgie,1,1,INCLUDE,1.0,1,(-)P279,has subclass
row77,Q381|Q18915790,Q381,Ubuntu,Q18915790,Ubuntu MATE,1,1,INCLUDE,1.0,1,(-)P279,has subclass
row79,Q381|Q9135,Q381,Ubuntu,Q9135,operating system,1,1,INCLUDE,1.0,1,P31,instance of
row928,Q38695|Q16920758,Q38695,cooking,Q16920758,food and drink preparation,1,1,INCLUDE,0.95,1,P279,subclass of
row929,Q38695|Q19862406,Q38695,cooking,Q19862406,business,1,0,EXCLUDE,0.85,1,P31,instance of
row930,Q38695|Q61788060,Q38695,cooking,Q61788060,human activity,1,1,INCLUDE,0.95,1,P31,instance of
row931,Q38695|Q17082653,Q38695,cooking,Q17082653,candy making,1,1,INCLUDE,0.9,2,(-)P279,has subclass
row748,Q392500|Q3244038,Q392500,Agence Nationale de la Recherche,Q3244038,public establishment of an administrative nature,1,1,INCLUDE,0.95,1,P31,instance of
row749,Q392500|Q3591561,Q392500,Agence Nationale de la Recherche,Q3591561,public cultural cooperation establishment,0,0,EXCLUDE,0.95,2,(-)P279,has subclass
row750,Q392500|Q2826708,Q392500,Agence Nationale de la Recherche,Q2826708,Agence régionale de santé,0,0,EXCLUDE,0.95,2,(-)P279,has subclass
row752,Q392500|Q3006228,Q392500,Agence Nationale de la Recherche,Q3006228,crédit municipal,0,0,EXCLUDE,0.95,2,(-)P279,has subclass
row753,Q392500|Q423790,Q392500,Agence Nationale de la Recherche,Q423790,urban community,0,0,EXCLUDE,0.95,2,(-)P279,has subclass
row755,Q392500|Q423785,Q392500,Agence Nationale de la Recherche,Q423785,community of communes,0,0,EXCLUDE,0.95,2,(-)P279,has subclass
row756,Q392500|Q51704864,Q392500,Agence Nationale de la Recherche,Q51704864,national public establishment of an administrative nature,1,1,INCLUDE,0.92,2,(-)P279,has subclass
row198,Q40898|Q484170,Q40898,Nancy,Q484170,commune of France,1,1,INCLUDE,0.95,1,P31,instance of
row199,Q40898|Q1549591,Q40898,Nancy,Q1549591,big city,1,1,INCLUDE,0.95,1,P31,instance of
row211,Q4173330|Q1542938,Q4173330,University of Lorraine,Q1542938,grand établissement,1,1,INCLUDE,0.95,1,P31,instance of
row212,Q4173330|Q3551775,Q4173330,University of Lorraine,Q3551775,university in France,1,1,INCLUDE,0.95,1,P31,instance of
row40,Q42490|Q14406742,Q42490,Asterix,Q14406742,comic book series,1,1,INCLUDE,1.0,1,P31,instance of
row279,Q462|Q431289,Q462,Star Wars,Q431289,brand,1,1,INCLUDE,0.85,1,P31,instance of
row280,Q462|Q19786787,Q462,Star Wars,Q19786787,Archduke of Geonosis,1,0,EXCLUDE,0.9,1,(-)P279,has subclass
row281,Q462|Q196600,Q462,Star Wars,Q196600,media franchise,1,1,INCLUDE,0.95,1,P31,instance of
row145,Q508256|Q11670533,Q508256,Bastille,Q11670533,elevated station,1,1,INCLUDE,0.9,1,P31,instance of
row146,Q508256|Q928830,Q508256,Bastille,Q928830,metro station,1,1,INCLUDE,0.95,1,P31,instance of
row147,Q508256|Q22808403,Q508256,Bastille,Q22808403,station located underground,1,1,INCLUDE,0.9,1,P31,instance of
row482,Q51746|Q15632617,Q51746,Luke Skywalker,Q15632617,fictional human,1,1,INCLUDE,0.95,1,P31,instance of
row483,Q51746|Q33125444,Q51746,Luke Skywalker,Q33125444,character from Star Wars,1,1,INCLUDE,0.95,1,P31,instance of
row484,Q51746|Q15773347,Q51746,Luke Skywalker,Q15773347,film character,1,1,INCLUDE,0.95,1,P31,instance of
row485,Q51746|Q22074477,Q51746,Luke Skywalker,Q22074477,cyborg in a work of fiction,1,0,EXCLUDE,0.95,1,P31,instance of
row486,Q51746|Q11334882,Q51746,Luke Skywalker,Q11334882,Pokémon Professor,0,0,EXCLUDE,0.95,2,(-)P279,has subclass
row487,Q51746|Q5199354,Q51746,Luke Skywalker,Q5199354,Cylon,0,0,NOT_VISITED,,2,(-)P279,has subclass
row488,Q51746|Q220652,Q51746,Luke Skywalker,Q220652,Borg,0,0,NOT_VISITED,,2,(-)P279,has subclass
row489,Q51746|Q2265657,Q51746,Luke Skywalker,Q2265657,Phalanx,0,0,NOT_VISITED,,2,(-)P279,has subclass
row490,Q51746|Q3008212,Q51746,Luke Skywalker,Q3008212,Cyberman,0,0,NOT_VISITED,,2,(-)P279,has subclass
row491,Q51746|Q5769360,Q51746,Luke Skywalker,Q5769360,Cimek,0,0,NOT_VISITED,,2,(-)P279,has subclass
row492,Q51746|Q930062,Q51746,Luke Skywalker,Q930062,Toa,0,0,NOT_VISITED,,2,(-)P279,has subclass
row493,Q51746|Q853715,Q51746,Luke Skywalker,Q853715,Dalek,0,0,NOT_VISITED,,2,(-)P279,has subclass
row494,Q51746|Q2351172,Q51746,Luke Skywalker,Q2351172,Evangelion,0,0,NOT_VISITED,,2,(-)P279,has subclass
row249,Q52|Q1293664,Q52,Wikipedia,Q1293664,open content,1,1,INCLUDE,0.95,1,P31,instance of
row250,Q52|Q14827288,Q52,Wikipedia,Q14827288,Wikimedia project,1,1,INCLUDE,1.0,1,P31,instance of
row251,Q52|Q615699,Q52,Wikipedia,Q615699,Internet encyclopedia,1,1,INCLUDE,1.0,1,P31,instance of
row252,Q52|Q15633582,Q52,Wikipedia,Q15633582,MediaWiki website,1,1,INCLUDE,0.95,1,P31,instance of
row254,Q52|Q81311730,Q52,Wikipedia,Q81311730,Miraheze website,0,0,EXCLUDE,0.8,2,(-)P279,has subclass
row255,Q52|Q95948776,Q52,Wikipedia,Q95948776,Le Dico des Ados,0,0,EXCLUDE,0.8,2,(-)P279,has subclass
row256,Q52|Q11853682,Q52,Wikipedia,Q11853682,open encyclopedia,1,1,INCLUDE,0.95,2,(-)P279,has subclass
row257,Q52|Q33120867,Q52,Wikipedia,Q33120867,Wikimedia wiki,1,1,INCLUDE,0.85,2,(-)P279,has subclass
row258,Q52|Q33120876,Q52,Wikipedia,Q33120876,Wikimedia content project,1,1,INCLUDE,0.9,2,(-)P279,has subclass
row259,Q52|Q263,Q52,Wikipedia,Q263,Wikisource,1,1,INCLUDE,0.9,2,(-)P279,has subclass
row703,Q548319|Q13276,Q548319,kouign-amann,Q13276,cake,1,1,INCLUDE,0.95,1,P279,subclass of
row704,Q548319|Q7802,Q548319,kouign-amann,Q7802,bread,1,1,INCLUDE,0.9,1,P31,instance of
row772,Q614362|Q3407440,Q614362,Orange Livebox,Q3407440,wireless router,1,1,INCLUDE,0.95,1,P279,subclass of
row773,Q614362|Q1155692,Q614362,Orange Livebox,Q1155692,DSL modem,1,1,INCLUDE,0.95,1,P279,subclass of
row774,Q614362|Q2424752,Q614362,Orange Livebox,Q2424752,product,1,0,EXCLUDE,0.85,1,P279,subclass of
row775,Q614362|Q11228705,Q614362,Orange Livebox,Q11228705,L-03E,1,1,INCLUDE,0.85,2,(-)P279,has subclass
row776,Q614362|Q2877513,Q614362,Orange Livebox,Q2877513,BT Home Hub,1,1,INCLUDE,0.9,2,(-)P279,has subclass
row777,Q614362|Q11191179,Q614362,Orange Livebox,Q11191179,BF-01D,1,1,INCLUDE,0.88,2,(-)P279,has subclass
row421,Q643290|Q740752,Q643290,RATP,Q740752,transport company,1,1,INCLUDE,0.98,1,P31,instance of
row768,Q6588|Q484170,Q6588,Périgueux,Q484170,commune of France,1,1,INCLUDE,0.95,1,P31,instance of
row371,Q68|Q11019,Q68,computer,Q11019,machine,1,1,INCLUDE,0.95,1,P279,subclass of
row372,Q68|Q1662611,Q68,computer,Q1662611,IT system,1,1,INCLUDE,0.9,1,P279,subclass of
row373,Q68|Q241317,Q68,computer,Q241317,computing platform,1,1,INCLUDE,0.9,1,P279,subclass of
row169,Q718|Q1188693,Q718,chess,Q1188693,mind sport,1,1,INCLUDE,0.95,1,P279,subclass of
row170,Q718|Q5093314,Q718,chess,Q5093314,Chess aesthetics,1,1,INCLUDE,0.95,1,(-)P279,has subclass
row171,Q718|Q131436,Q718,chess,Q131436,board game,1,1,INCLUDE,0.95,1,P31,instance of
row172,Q718|Q7858742,Q718,chess,Q7858742,two-player game,1,1,INCLUDE,0.9,1,P31,instance of
row173,Q718|Q4438147,Q718,chess,Q4438147,game-based sport,1,1,INCLUDE,0.8,1,P31,instance of
row174,Q718|Q573573,Q718,chess,Q573573,abstract strategy game,1,1,INCLUDE,0.95,1,P279,subclass of
row175,Q718|Q287618,Q718,chess,Q287618,sequential game,1,1,INCLUDE,0.9,1,P279,subclass of
row176,Q718|Q299191,Q718,chess,Q299191,chess variant,1,1,INCLUDE,0.95,1,(-)P279,has subclass
row177,Q718|Q2755547,Q718,chess,Q2755547,individual sport,1,1,INCLUDE,0.85,1,P279,subclass of
row178,Q718|Q41595400,Q718,chess,Q41595400,mind game,1,1,INCLUDE,0.9,1,P31,instance of
row179,Q718|Q31629,Q718,chess,Q31629,type of sport,1,1,INCLUDE,0.75,1,P31,instance of
row180,Q718|Q80131,Q718,chess,Q80131,poker,0,0,EXCLUDE,0.95,2,(-)P279,has subclass
row181,Q718|Q816261,Q718,chess,Q816261,jogging,0,0,EXCLUDE,0.95,2,(-)P279,has subclass
row182,Q718|Q229398,Q718,chess,Q229398,three-dimensional chess,1,1,INCLUDE,0.98,2,(-)P279,has subclass
row183,Q718|Q933844,Q718,chess,Q933844,three-player chess,1,1,INCLUDE,0.98,2,(-)P279,has subclass
row428,Q746413|Q737498,Q746413,Elsevier BV,Q737498,academic journal,1,0,EXCLUDE,0.85,1,P31,instance of
row429,Q746413|Q2085381,Q746413,Elsevier BV,Q2085381,publisher,1,1,INCLUDE,0.95,1,P31,instance of
row430,Q746413|Q1320047,Q746413,Elsevier BV,Q1320047,book publisher,1,1,INCLUDE,0.95,1,P31,instance of
row941,Q76592|Q2985062,Q76592,combinatorics,Q2985062,analytic combinatorics,1,1,INCLUDE,0.98,1,(-)P279,has subclass
row942,Q76592|Q336787,Q76592,combinatorics,Q336787,enumerative combinatorics,1,1,INCLUDE,0.98,1,(-)P279,has subclass
row943,Q76592|Q5535478,Q76592,combinatorics,Q5535478,geometric combinatorics,1,1,INCLUDE,0.98,1,(-)P279,has subclass
row944,Q76592|Q6029708,Q76592,combinatorics,Q6029708,Infinitary combinatorics,1,1,INCLUDE,0.95,1,(-)P279,has subclass
row945,Q76592|Q3532114,Q76592,combinatorics,Q3532114,combinatorial topology,1,1,INCLUDE,0.95,1,(-)P279,has subclass
row946,Q76592|Q56313053,Q76592,combinatorics,Q56313053,Additive combinatorics,1,1,INCLUDE,0.95,1,(-)P279,has subclass
row947,Q76592|Q1936384,Q76592,combinatorics,Q1936384,area of mathematics,1,1,INCLUDE,0.95,1,P279,subclass of
row948,Q76592|Q5422299,Q76592,combinatorics,Q5422299,extremal combinatorics,1,1,INCLUDE,0.98,1,(-)P279,has subclass
row949,Q76592|Q1005603,Q76592,combinatorics,Q1005603,algebraic combinatorics,1,1,INCLUDE,0.98,1,(-)P279,has subclass
row970,Q777|Q6368,Q777,Google Chrome,Q6368,web browser,1,1,INCLUDE,0.95,1,P31,instance of
row971,Q777|Q845620,Q777,Google Chrome,Q845620,mobile browser,1,1,INCLUDE,0.9,1,P31,instance of
row972,Q777|Q266990,Q777,Google Chrome,Q266990,Netscape,1,1,INCLUDE,0.75,2,(-)P279,has subclass
row973,Q777|Q18348827,Q777,Google Chrome,Q18348827,headless browser,0,1,INCLUDE,0.9,2,(-)P279,has subclass
row974,Q777|Q18156733,Q777,Google Chrome,Q18156733,surf,1,1,INCLUDE,0.7,2,(-)P279,has subclass
row975,Q777|Q15477174,Q777,Google Chrome,Q15477174,web browser based on Firefox,1,0,EXCLUDE,0.85,2,(-)P279,has subclass
row976,Q777|Q7708379,Q777,Google Chrome,Q7708379,text-based web browser,1,0,EXCLUDE,0.85,2,(-)P279,has subclass
row977,Q777|Q13733263,Q777,Google Chrome,Q13733263,Internet Explorer 11,1,1,INCLUDE,0.75,2,(-)P279,has subclass
row978,Q777|Q900604,Q777,Google Chrome,Q900604,addres,0,0,EXCLUDE,0.95,2,(-)P279,has subclass
row742,Q7935239|Q3539533,Q7935239,Virtuoso Universal Server,Q3539533,triplestore,1,1,INCLUDE,0.98,1,P31,instance of
row743,Q7935239|Q3932296,Q7935239,Virtuoso Universal Server,Q3932296,relational database management system,1,1,INCLUDE,0.97,1,P31,instance of
row744,Q7935239|Q1130645,Q7935239,Virtuoso Universal Server,Q1130645,open-source software,1,1,INCLUDE,0.95,1,P31,instance of
row745,Q7935239|Q215819,Q7935239,Virtuoso Universal Server,Q215819,Microsoft SQL Server,1,1,INCLUDE,0.95,2,(-)P279,has subclass
row746,Q7935239|Q319417,Q7935239,Virtuoso Universal Server,Q319417,SQLite,1,1,INCLUDE,0.95,2,(-)P279,has subclass
row200,Q80131|Q953223,Q80131,poker,Q953223,stud poker,1,1,INCLUDE,0.98,1,(-)P279,has subclass
row201,Q80131|Q13586511,Q80131,poker,Q13586511,Dealer's choice,1,1,INCLUDE,0.98,1,(-)P279,has subclass
row202,Q80131|Q1050367,Q80131,poker,Q1050367,online poker,1,1,INCLUDE,0.98,1,(-)P279,has subclass
row203,Q80131|Q1188693,Q80131,poker,Q1188693,mind sport,1,1,INCLUDE,0.95,1,P279,subclass of
row204,Q80131|Q2072000,Q80131,poker,Q2072000,Three card poker,1,1,INCLUDE,0.98,1,(-)P279,has subclass
row205,Q80131|Q497397,Q80131,poker,Q497397,video poker,1,1,INCLUDE,0.98,1,(-)P279,has subclass
row206,Q80131|Q142714,Q80131,poker,Q142714,card game,1,1,INCLUDE,0.95,1,P279,subclass of
row207,Q80131|Q1073718,Q80131,poker,Q1073718,Chinese poker,1,1,INCLUDE,0.98,1,(-)P279,has subclass
row208,Q80131|Q718,Q80131,poker,Q718,chess,0,1,INCLUDE,0.7,2,(-)P279,has subclass
row717,Q8333|Q20858006,Q8333,Federal Bureau of Investigation,Q20858006,federal law enforcement agency of the United States,1,1,INCLUDE,1.0,1,P31,instance of
row718,Q8333|Q20857065,Q8333,Federal Bureau of Investigation,Q20857065,United States federal agency,1,1,INCLUDE,1.0,1,P31,instance of
row719,Q8333|Q47913,Q8333,Federal Bureau of Investigation,Q47913,intelligence agency,1,1,INCLUDE,0.95,1,P31,instance of
row758,Q83363|Q3237209,Q83363,jeans,Q3237209,Levi's 501,1,1,INCLUDE,0.95,1,(-)P279,has subclass
row759,Q83363|Q39908,Q83363,jeans,Q39908,trousers,1,1,INCLUDE,0.98,1,P279,subclass of
row760,Q83363|Q17119191,Q83363,jeans,Q17119191,ripped jeans,1,1,INCLUDE,0.97,1,(-)P279,has subclass
row761,Q83363|Q3377759,Q83363,jeans,Q3377759,Wide leg jeans,1,1,INCLUDE,0.97,1,(-)P279,has subclass
row762,Q83363|Q18088270,Q83363,jeans,Q18088270,dress trousers,1,0,EXCLUDE,0.9,2,(-)P279,has subclass
row763,Q83363|Q3530132,Q83363,jeans,Q3530132,tobi trousers,1,0,EXCLUDE,0.6,2,(-)P279,has subclass
row764,Q83363|Q1074407,Q83363,jeans,Q1074407,chinos,1,1,INCLUDE,0.8,2,(-)P279,has subclass
row765,Q83363|Q618998,Q83363,jeans,Q618998,skinny jeans,1,1,INCLUDE,0.95,2,(-)P279,has subclass
row766,Q83363|Q15133790,Q83363,jeans,Q15133790,culottes,0,0,EXCLUDE,0.75,2,(-)P279,has subclass
row767,Q83363|Q7133943,Q83363,jeans,Q7133943,parachute pants,0,0,EXCLUDE,0.85,2,(-)P279,has subclass
row0,Q847|Q877517,Q847,tennis,Q877517,ball game,1,1,INCLUDE,0.9,1,P279,subclass of
row1,Q847|Q2426135,Q847,tennis,Q2426135,racket sport,1,1,INCLUDE,0.95,1,P279,subclass of
row2,Q847|Q56054951,Q847,tennis,Q56054951,men's tennis,1,1,INCLUDE,0.95,1,(-)P279,has subclass
row3,Q847|Q31629,Q847,tennis,Q31629,type of sport,1,1,INCLUDE,0.85,1,P31,instance of
row4,Q847|Q47094420,Q847,tennis,Q47094420,Foam Tennis,1,1,INCLUDE,0.9,1,(-)P279,has subclass
row5,Q847|Q1153025,Q847,tennis,Q1153025,wheelchair tennis,1,1,INCLUDE,0.95,1,(-)P279,has subclass
row6,Q847|Q754796,Q847,tennis,Q754796,miniature golf,0,0,EXCLUDE,0.95,2,(-)P279,has subclass
row7,Q847|Q212845,Q847,tennis,Q212845,Basque pelota,1,1,INCLUDE,0.85,2,(-)P279,has subclass
row8,Q847|Q855880,Q847,tennis,Q855880,football tennis,1,0,EXCLUDE,0.75,2,(-)P279,has subclass
row114,Q848609|Q108059870,Q848609,Dagobah,Q108059870,Star Wars planet,1,1,INCLUDE,1.0,1,P31,instance of
row185,Q8539|Q5398426,Q8539,The Big Bang Theory,Q5398426,television series,1,1,INCLUDE,1.0,1,P31,instance of
row861,Q8548|Q8366,Q8548,Dijkstra's algorithm,Q8366,algorithm,1,1,INCLUDE,0.85,1,P31,instance of
row862,Q8548|Q30503704,Q8548,Dijkstra's algorithm,Q30503704,graph algorithm,1,1,INCLUDE,0.95,1,P31,instance of
row863,Q8548|Q504353,Q8548,Dijkstra's algorithm,Q504353,greedy algorithm,1,1,INCLUDE,0.9,1,P31,instance of
row864,Q8548|Q21595855,Q8548,Dijkstra's algorithm,Q21595855,pathfinding algorithm,1,1,INCLUDE,0.95,1,P31,instance of
row865,Q8548|Q179613,Q8548,Dijkstra's algorithm,Q179613,flooding algorithm,0,1,INCLUDE,0.75,2,(-)P279,has subclass
row866,Q8548|Q11660,Q8548,Dijkstra's algorithm,Q11660,artificial intelligence,1,0,EXCLUDE,0.9,2,(-)P279,has subclass
row867,Q8548|Q4443425,Q8548,Dijkstra's algorithm,Q4443425,uninformed search algorithm,1,1,INCLUDE,0.7,2,(-)P279,has subclass
row795,Q864693|Q10990,Q864693,chicken meat,Q10990,meat,1,1,INCLUDE,0.95,1,P279,subclass of
row796,Q864693|Q56311389,Q864693,chicken meat,Q56311389,Poulet des Cévennes,1,1,INCLUDE,0.9,1,(-)P279,has subclass
row797,Q864693|Q18087876,Q864693,chicken meat,Q18087876,poultry,1,1,INCLUDE,0.95,1,P279,subclass of
row798,Q864693|Q4200953,Q864693,chicken meat,Q4200953,turkey meat,1,1,INCLUDE,0.75,2,(-)P279,has subclass
row799,Q864693|Q5752993,Q864693,chicken meat,Q5752993,donkey meat,0,0,EXCLUDE,0.95,2,(-)P279,has subclass
row800,Q864693|Q542042,Q864693,chicken meat,Q542042,duck meat,1,1,INCLUDE,0.92,2,(-)P279,has subclass
row801,Q864693|Q14473756,Q864693,chicken meat,Q14473756,poussin,1,1,INCLUDE,0.98,2,(-)P279,has subclass
row41,Q918|Q620615,Q918,Twitter,Q620615,mobile app,1,1,INCLUDE,0.9,1,P31,instance of
row42,Q918|Q92438,Q918,Twitter,Q92438,microblogging,1,1,INCLUDE,0.95,1,P31,instance of
row43,Q918|Q3220391,Q918,Twitter,Q3220391,social networking service,1,1,INCLUDE,0.95,1,P31,instance of
row44,Q918|Q7858627,Q918,Twitter,Q7858627,Twitter usage,1,1,INCLUDE,0.95,2,(-)P279,has subclass
row45,Q918|Q6839279,Q918,Twitter,Q6839279,microblogging in China,0,0,EXCLUDE,0.95,2,(-)P279,has subclass
row46,Q918|Q7901759,Q918,Twitter,Q7901759,use of Twitter by public figures,1,1,INCLUDE,0.9,3,(-)P279,has subclass
row47,Q918|Q17710982,Q918,Twitter,Q17710982,Twitterature,1,1,INCLUDE,0.9,3,(-)P279,has subclass
row286,Q9340|Q1668024,Q9340,Google Drive,Q1668024,service on internet,1,1,INCLUDE,0.9,1,P31,instance of
row288,Q9340|Q1343205,Q9340,Google Drive,Q1343205,file hosting service,1,1,INCLUDE,0.95,1,P31,instance of
row289,Q9340|Q914359,Q9340,Google Drive,Q914359,cloud storage,1,1,INCLUDE,0.95,1,P31,instance of
row290,Q9340|Q166142,Q9340,Google Drive,Q166142,application,1,1,INCLUDE,0.9,1,P31,instance of
row291,Q9340|Q16972647,Q9340,Google Drive,Q16972647,Google Chrome App,1,0,EXCLUDE,0.85,2,(-)P279,has subclass
row293,Q9340|Q3751111,Q9340,Google Drive,Q3751111,medical software,0,0,EXCLUDE,0.95,2,(-)P279,has subclass
row294,Q9340|Q17074646,Q9340,Google Drive,Q17074646,personal cloud,1,1,INCLUDE,0.9,2,(-)P279,has subclass
row295,Q9340|Q101191533,Q9340,Google Drive,Q101191533,online catalog,0,0,NOT_VISITED,,2,,
row296,Q9340|Q25325314,Q9340,Google Drive,Q25325314,Elastic cloud storage,1,0,EXCLUDE,0.7,2,(-)P279,has subclass
row297,Q9340|Q16988367,Q9340,Google Drive,Q16988367,CloudLocker,1,1,INCLUDE,0.85,3,(-)P279,has subclass
row892,Q95|Q891723,Q95,Google,Q891723,public company,1,1,INCLUDE,0.97,1,P31,instance of
row893,Q95|Q18388277,Q95,Google,Q18388277,technology company,1,1,INCLUDE,0.98,1,P31,instance of
row894,Q95|Q4830453,Q95,Google,Q4830453,business,1,1,INCLUDE,0.95,1,P31,instance of
row895,Q95|Q1058914,Q95,Google,Q1058914,software company,1,1,INCLUDE,0.95,2,(-)P279,has subclass
row896,Q95|Q13637823,Q95,Google,Q13637823,Independent hardware vendor,1,0,EXCLUDE,0.7,2,(-)P279,has subclass
row859,Q9798|Q181247,Q9798,saxophone,Q181247,woodwind instrument,1,1,INCLUDE,0.95,1,P279,subclass of
row860,Q9798|Q55738874,Q9798,saxophone,Q55738874,single clarinets with conical bore,1,1,INCLUDE,0.9,1,P279,subclass of
