prefLabel,altLabels,displayName,uri,confidence,in_hierarchy_gold,relations,classification
plant diseases and disorders,plant diseases; plant disorders,"plant diseases and disorders (plant diseases, plant disorders)",https://lod.nal.usda.gov/nalt/15134,1.0,True,,INCLUDE
plant protection,crop protection; plant health protection,"plant protection (crop protection, plant health protection)",https://lod.nal.usda.gov/nalt/30154,1.0,True,,INCLUDE
bacterial diseases of plants,bacterial infections of plants; plant bacterial diseases,"bacterial diseases of plants (bacterial infections of plants, plant bacterial diseases)",https://lod.nal.usda.gov/nalt/15131,,True,skos:broader; skos:narrower,
black shank disease,,black shank disease,https://lod.nal.usda.gov/nalt/263011,,True,skos:broader; skos:narrower,
blast disease,rice blast; wheat blast,"blast disease (rice blast, wheat blast)",https://lod.nal.usda.gov/nalt/17904,,True,skos:broader; skos:narrower,
botany,,botany,https://lod.nal.usda.gov/nalt/162,,False,skos:related,
brown rot disease,,brown rot disease,https://lod.nal.usda.gov/nalt/316252,,True,skos:broader; skos:narrower,
crop biosecurity,,crop biosecurity,https://lod.nal.usda.gov/nalt/17518,,False,skos:related,
decline,decline disease; decline disorder,"decline (decline disease, decline disorder)",https://lod.nal.usda.gov/nalt/31919,,True,skos:broader; skos:narrower,
disease and pest management,,disease and pest management,https://lod.nal.usda.gov/nalt/284,,False,skos:related,
disease control,disease management; disease suppression; infection control; pathogen suppression,"disease control (disease management, disease suppression, infection control, pathogen suppression)",https://lod.nal.usda.gov/nalt/290,,False,skos:related,
disease models,,disease models,https://lod.nal.usda.gov/nalt/9121,,False,skos:related,
disease-free plants,disease free plants; germ free plants; germ-free plants; germfree plants; germfree state (plants); pathogen free plants; pathogen-free plants,"disease-free plants (disease free plants, germ free plants, germ-free plants, germfree plants, germfree state (plants), pathogen free plants, pathogen-free plants)",https://lod.nal.usda.gov/nalt/67893,,False,skos:related,
downy mildew,,downy mildew,https://lod.nal.usda.gov/nalt/34450,,True,skos:broader; skos:narrower,
etiological agents,aetiological agents; disease-causing agents,"etiological agents (aetiological agents, disease-causing agents)",https://lod.nal.usda.gov/nalt/136950,,False,skos:related,
foliar diseases,foliage diseases; leaf diseases,"foliar diseases (foliage diseases, leaf diseases)",https://lod.nal.usda.gov/nalt/40782,,True,skos:broader; skos:narrower,
forest health,,forest health,https://lod.nal.usda.gov/nalt/41128,,True,skos:related,
fruit cracking,fruit cracks,fruit cracking (fruit cracks),https://lod.nal.usda.gov/nalt/67851,,True,skos:broader; skos:narrower,
fruit diseases,,fruit diseases,https://lod.nal.usda.gov/nalt/17678,,True,skos:broader; skos:narrower,
fungal diseases of plants,fungus diseases of plants,fungal diseases of plants (fungus diseases of plants),https://lod.nal.usda.gov/nalt/10053,,True,skos:broader; skos:narrower,
fungi,fungal organisms; macrofungi; microfungi,"fungi (fungal organisms, macrofungi, microfungi)",https://lod.nal.usda.gov/nalt/495,,False,skos:related,
greening disease,citrus greening disease; citrus greening infection; huanglongbing; huanglongbing disease; yellow dragon disease,"greening disease (citrus greening disease, citrus greening infection, huanglongbing, huanglongbing disease, yellow dragon disease)",https://lod.nal.usda.gov/nalt/21818,,True,skos:broader; skos:narrower,
gummosis,,gummosis,https://lod.nal.usda.gov/nalt/44114,,True,skos:broader; skos:narrower,
hail nets,anti-hail nets; hailnets,"hail nets (anti-hail nets, hailnets)",https://lod.nal.usda.gov/nalt/253146,,False,skos:related,
herbicide safeners,herbicide antagonists; herbicide antidotes,"herbicide safeners (herbicide antagonists, herbicide antidotes)",https://lod.nal.usda.gov/nalt/123142,,False,skos:related,
hollow heart,,hollow heart,https://lod.nal.usda.gov/nalt/226534,,True,skos:broader; skos:narrower,
hyperhydricity,hyperhydration (plant disorder),hyperhydricity (hyperhydration (plant disorder)),https://lod.nal.usda.gov/nalt/46558,,True,skos:broader; skos:narrower,
infectious diseases,communicable diseases,infectious diseases (communicable diseases),https://lod.nal.usda.gov/nalt/15154,,False,skos:related,
infectious diseases and infestations,,infectious diseases and infestations,https://lod.nal.usda.gov/nalt/329,,False,skos:related,
leaf wetness,,leaf wetness,https://lod.nal.usda.gov/nalt/284231,,False,skos:related,
maize wallaby ear disease,maize wallaby ear symptom,maize wallaby ear disease (maize wallaby ear symptom),https://lod.nal.usda.gov/nalt/278068,,True,skos:broader; skos:narrower,
noninfectious diseases,noncommunicable diseases,noninfectious diseases (noncommunicable diseases),https://lod.nal.usda.gov/nalt/330,,False,skos:related,
pest control,,pest control,https://lod.nal.usda.gov/nalt/291,,False,skos:related,
phyllody,,phyllody,https://lod.nal.usda.gov/nalt/306883,,True,skos:broader; skos:narrower,
plant damage,fruit damage; plant injuries; plant injury; wounds (plant),"plant damage (fruit damage, plant injuries, plant injury, wounds (plant))",https://lod.nal.usda.gov/nalt/1735,,True,skos:related,
plant disease resistance,,plant disease resistance,https://lod.nal.usda.gov/nalt/142532,,False,skos:related,
plant parasitic nematodes,parasitic nematodes (plants); phytonematodes; phytoparasitic nematodes; phytopathogenic nematodes; plant nematodes,"plant parasitic nematodes (parasitic nematodes (plants), phytonematodes, phytoparasitic nematodes, phytopathogenic nematodes, plant nematodes)",https://lod.nal.usda.gov/nalt/8933,,False,skos:related,
plant pests,crop pests; pests of plants; phytophagous pests; tree pests,"plant pests (crop pests, pests of plants, phytophagous pests, tree pests)",https://lod.nal.usda.gov/nalt/17605,,True,skos:related,
plant rots,,plant rots,https://lod.nal.usda.gov/nalt/30265,,True,skos:broader; skos:narrower,
plant viruses,,plant viruses,https://lod.nal.usda.gov/nalt/58572,,True,skos:related,
plant-incorporated protectants,PIPs (plant incorporated protectants); plant incorporated protectants,"plant-incorporated protectants (PIPs (plant incorporated protectants), plant incorporated protectants)",https://lod.nal.usda.gov/nalt/68395,,False,skos:related,
postharvest diseases,postharvest decay; storage decay,"postharvest diseases (postharvest decay, storage decay)",https://lod.nal.usda.gov/nalt/31900,,True,skos:broader; skos:narrower,
replant disease,specific replant disease,replant disease (specific replant disease),https://lod.nal.usda.gov/nalt/58565,,True,skos:broader; skos:narrower,
root diseases,,root diseases,https://lod.nal.usda.gov/nalt/58566,,True,skos:broader; skos:narrower,
rose rosette disease,,rose rosette disease,https://lod.nal.usda.gov/nalt/58567,,True,skos:broader; skos:narrower,
scab diseases,orange scab,scab diseases (orange scab),https://lod.nal.usda.gov/nalt/41933,,True,skos:broader; skos:narrower,
scald diseases,leaf scald diseases; sun scald; sunburn (plants); sunscald,"scald diseases (leaf scald diseases, sun scald, sunburn (plants), sunscald)",https://lod.nal.usda.gov/nalt/58568,,True,skos:broader; skos:narrower,
seed-borne diseases,seed borne diseases; seedborne diseases,"seed-borne diseases (seed borne diseases, seedborne diseases)",https://lod.nal.usda.gov/nalt/58569,,True,skos:broader; skos:narrower,
seedling diseases,,seedling diseases,https://lod.nal.usda.gov/nalt/31688,,True,skos:broader; skos:narrower,
signs and symptoms (plants),symptoms (plants),signs and symptoms (plants) (symptoms (plants)),https://lod.nal.usda.gov/nalt/940,,True,skos:related,
soil-borne diseases,soil borne diseases; soilborne diseases,"soil-borne diseases (soil borne diseases, soilborne diseases)",https://lod.nal.usda.gov/nalt/58570,,True,skos:broader; skos:narrower,
tree diseases,,tree diseases,https://lod.nal.usda.gov/nalt/41132,,True,skos:broader; skos:narrower,
vascular wilt,wilts (plant disease),vascular wilt (wilts (plant disease)),https://lod.nal.usda.gov/nalt/15216,,True,skos:broader; skos:narrower,
viral diseases of plants,plant viroses; viral infections of plants; viroses (plants); viroses of plants; virus diseases of plants; virus infections of plants,"viral diseases of plants (plant viroses, viral infections of plants, viroses (plants), viroses of plants, virus diseases of plants, virus infections of plants)",https://lod.nal.usda.gov/nalt/95877,,True,skos:broader; skos:narrower,
weather fleck,,weather fleck,https://lod.nal.usda.gov/nalt/335198,,True,skos:broader; skos:narrower,
woolliness,,woolliness,https://lod.nal.usda.gov/nalt/58571,,True,skos:broader; skos:narrower,
abiotic stress,abiotic injuries; environmental stress (on organisms),"abiotic stress (abiotic injuries, environmental stress (on organisms))",https://lod.nal.usda.gov/nalt/729,,False,skos:related,
acute oak decline,,acute oak decline,https://lod.nal.usda.gov/nalt/316327,,True,skos:broader; skos:narrower,
almond leaf scorch,almond leaf scorch disease,almond leaf scorch (almond leaf scorch disease),https://lod.nal.usda.gov/nalt/214239,,True,skos:broader; skos:narrower,
Alternaria brown spot,citrus brown spot; citrus brown spot disease,"Alternaria brown spot (citrus brown spot, citrus brown spot disease)",https://lod.nal.usda.gov/nalt/343376,,True,skos:broader; skos:narrower,
animal injuries,human injuries; wounds (animal); wounds (human),"animal injuries (human injuries, wounds (animal), wounds (human))",https://lod.nal.usda.gov/nalt/325,,False,skos:related,
anthracnose,,anthracnose,https://lod.nal.usda.gov/nalt/10052,,True,skos:broader; skos:narrower,
apple scab,,apple scab,https://lod.nal.usda.gov/nalt/72098,,True,skos:broader; skos:narrower,
bacterial brown spot,bacterial brown spot disease,bacterial brown spot (bacterial brown spot disease),https://lod.nal.usda.gov/nalt/342641,,True,skos:broader; skos:narrower,
bacterial canker,bacterial canker disease,bacterial canker (bacterial canker disease),https://lod.nal.usda.gov/nalt/250627,,True,skos:broader; skos:narrower,
bacterial infections,animal bacterial diseases; animal bacterial infections; bacterial diseases of animals; bacterial infections of animals; bacterioses; human bacterial diseases,"bacterial infections (animal bacterial diseases, animal bacterial infections, bacterial diseases of animals, bacterial infections of animals, bacterioses, human bacterial diseases)",https://lod.nal.usda.gov/nalt/8545,,False,skos:broader; skos:narrower,
bacterial leaf streak,bacterial leaf stripe; black chaff,"bacterial leaf streak (bacterial leaf stripe, black chaff)",https://lod.nal.usda.gov/nalt/326052,,True,skos:related,
bacterial ring rot,,bacterial ring rot,https://lod.nal.usda.gov/nalt/222118,,True,skos:broader; skos:narrower,
bacterial soft rot,bacterial soft rot disease,bacterial soft rot (bacterial soft rot disease),https://lod.nal.usda.gov/nalt/325534,,True,skos:related,
bacterial speck,bacterial speck disease,bacterial speck (bacterial speck disease),https://lod.nal.usda.gov/nalt/331424,,True,skos:broader; skos:narrower,
bacterial wetwood,,bacterial wetwood,https://lod.nal.usda.gov/nalt/15135,,True,skos:broader; skos:narrower,
bacterial wilt,bacterial wilt disease; bacterial wilts,"bacterial wilt (bacterial wilt disease, bacterial wilts)",https://lod.nal.usda.gov/nalt/15136,,True,skos:broader; skos:narrower,
beech bark disease,,beech bark disease,https://lod.nal.usda.gov/nalt/300802,,True,skos:broader; skos:narrower,
behavior disorders,behavioral disorders; behaviour disorders; behavioural disorders; emotional illness; mental disorders; mental illness; psychiatric disorders; psychiatric illness,"behavior disorders (behavioral disorders, behaviour disorders, behavioural disorders, emotional illness, mental disorders, mental illness, psychiatric disorders, psychiatric illness)",https://lod.nal.usda.gov/nalt/1757,,False,skos:broader; skos:narrower,
bitter pit,,bitter pit,https://lod.nal.usda.gov/nalt/11311,,True,skos:broader; skos:narrower,
black point disease,blackpoint; blackpoint disease,"black point disease (blackpoint, blackpoint disease)",https://lod.nal.usda.gov/nalt/198760,,True,skos:broader; skos:narrower,
black Sigatoka,black leaf streak disease,black Sigatoka (black leaf streak disease),https://lod.nal.usda.gov/nalt/17811,,True,skos:broader; skos:narrower,
blackleg of crucifers,blackleg of canola; blackleg of oilseed rape; blackleg of rape,"blackleg of crucifers (blackleg of canola, blackleg of oilseed rape, blackleg of rape)",https://lod.nal.usda.gov/nalt/292365,,True,skos:broader; skos:narrower,
blackleg of potato,potato blackleg disease,blackleg of potato (potato blackleg disease),https://lod.nal.usda.gov/nalt/292378,,True,skos:broader; skos:narrower,
blight,,blight,https://lod.nal.usda.gov/nalt/942,,True,skos:broader; skos:narrower,
blueberry mosaic disease,,blueberry mosaic disease,https://lod.nal.usda.gov/nalt/266497,,True,skos:broader; skos:narrower,
boxwood blight,box blight,boxwood blight (box blight),https://lod.nal.usda.gov/nalt/336998,,True,skos:broader; skos:narrower,
brown-rot fungi,brown rot fungi; brown-rot fungus,"brown-rot fungi (brown rot fungi, brown-rot fungus)",https://lod.nal.usda.gov/nalt/20087,,False,skos:related,
browsing damage,browse damage,browsing damage (browse damage),https://lod.nal.usda.gov/nalt/301007,,True,skos:broader; skos:narrower,
buckeye rot,,buckeye rot,https://lod.nal.usda.gov/nalt/226178,,True,skos:broader; skos:narrower,
bud sport,plant sport,bud sport (plant sport),https://lod.nal.usda.gov/nalt/222403,,False,skos:related,
bull's eye rot,,bull's eye rot,https://lod.nal.usda.gov/nalt/220990,,True,skos:related,
butt rot,root and butt rot,butt rot (root and butt rot),https://lod.nal.usda.gov/nalt/305617,,True,skos:broader; skos:narrower,
butternut canker,butternut canker disease,butternut canker (butternut canker disease),https://lod.nal.usda.gov/nalt/337056,,True,skos:broader; skos:narrower,
Candidatus Liberibacter,Candidatus Liberobacter; Liberibacter; Liberobacter,"Candidatus Liberibacter (Candidatus Liberobacter, Liberibacter, Liberobacter)",https://lod.nal.usda.gov/nalt/21812,,False,skos:related,
cankers (plants),,cankers (plants),https://lod.nal.usda.gov/nalt/943,,True,skos:broader; skos:narrower,
cercosporiosis,,cercosporiosis,https://lod.nal.usda.gov/nalt/340145,,True,skos:broader; skos:narrower,
charcoal rot,charcoal root rot; charcoal rot disease; charcoal stem rot,"charcoal rot (charcoal root rot, charcoal rot disease, charcoal stem rot)",https://lod.nal.usda.gov/nalt/277933,,True,skos:broader; skos:narrower,
chestnut blight,,chestnut blight,https://lod.nal.usda.gov/nalt/75612,,True,skos:broader; skos:narrower,
chlorosis,,chlorosis,https://lod.nal.usda.gov/nalt/944,,True,skos:broader; skos:narrower,
chocolate spot disease,chocolate spot,chocolate spot disease (chocolate spot),https://lod.nal.usda.gov/nalt/216696,,True,skos:broader; skos:narrower,
Cicadulina bipunctata,maize orange leafhopper,Cicadulina bipunctata (maize orange leafhopper),https://lod.nal.usda.gov/nalt/234078,,False,skos:related,
citrus black spot,citrus black spot disease,citrus black spot (citrus black spot disease),https://lod.nal.usda.gov/nalt/288429,,True,skos:broader; skos:narrower,
citrus variegated chlorosis,,citrus variegated chlorosis,https://lod.nal.usda.gov/nalt/15137,,True,skos:broader; skos:narrower,
clubroot,clubroot disease,clubroot (clubroot disease),https://lod.nal.usda.gov/nalt/235607,,True,skos:related,
cobweb disease,,cobweb disease,https://lod.nal.usda.gov/nalt/192970,,True,skos:broader; skos:narrower,
coffee berry disease,,coffee berry disease,https://lod.nal.usda.gov/nalt/263008,,True,skos:broader; skos:narrower,
cold injury,,cold injury,https://lod.nal.usda.gov/nalt/1139,,False,skos:related,
congenital abnormalities,congenital diseases; congenital disorders; congenital malformations; fetal development disorders,"congenital abnormalities (congenital diseases, congenital disorders, congenital malformations, fetal development disorders)",https://lod.nal.usda.gov/nalt/26788,,False,skos:broader; skos:narrower,
crop damage,,crop damage,https://lod.nal.usda.gov/nalt/30113,,True,skos:broader; skos:narrower,
crown rot,,crown rot,https://lod.nal.usda.gov/nalt/30264,,True,skos:broader; skos:narrower,
damping off,,damping off,https://lod.nal.usda.gov/nalt/31687,,True,skos:broader; skos:narrower,
debarking,bark removal; timber debarking; wood barking; wood debarking,"debarking (bark removal, timber debarking, wood barking, wood debarking)",https://lod.nal.usda.gov/nalt/302009,,False,skos:related,
decay resistance,,decay resistance,https://lod.nal.usda.gov/nalt/150,,False,skos:related,
defoliation,artificial defoliation; simulated defoliation,"defoliation (artificial defoliation, simulated defoliation)",https://lod.nal.usda.gov/nalt/12578,,True,skos:broader; skos:narrower,
dendroecology,,dendroecology,https://lod.nal.usda.gov/nalt/302040,,False,skos:related,
Diaphorina citri,Asian citrus psylla; Asian citrus psyllid,"Diaphorina citri (Asian citrus psylla, Asian citrus psyllid)",https://lod.nal.usda.gov/nalt/12935,,False,skos:related,
dieback,die back; die-back,"dieback (die back, die-back)",https://lod.nal.usda.gov/nalt/945,,True,skos:broader; skos:narrower,
diet-related diseases,diet related diseases; diet-disease associations; diet-related non-communicable diseases; food-related diseases; food-related disorders; nutrition disorders; nutrition-related disorders; nutritional diseases; nutritional disorders,"diet-related diseases (diet related diseases, diet-disease associations, diet-related non-communicable diseases, food-related diseases, food-related disorders, nutrition disorders, nutrition-related disorders, nutritional diseases, nutritional disorders)",https://lod.nal.usda.gov/nalt/9330,,False,skos:broader; skos:narrower,
discoloration,discolouration,discoloration (discolouration),https://lod.nal.usda.gov/nalt/28021,,False,skos:related,
disease reservoirs,reservoir hosts; reservoirs (disease),"disease reservoirs (reservoir hosts, reservoirs (disease))",https://lod.nal.usda.gov/nalt/34044,,False,skos:related,
disease transmission,transmission of infection,disease transmission (transmission of infection),https://lod.nal.usda.gov/nalt/34056,,False,skos:related,
diseases and disorders (animal and human),,diseases and disorders (animal and human),https://lod.nal.usda.gov/nalt/26854923,,False,skos:broader; skos:narrower,
diseases and disorders (animals and humans),animal and human diseases; animal and human disorders; human and animal diseases; human and animal disorders,"diseases and disorders (animals and humans) (animal and human diseases, animal and human disorders, human and animal diseases, human and animal disorders)",https://lod.nal.usda.gov/nalt/322,,False,skos:broader; skos:narrower,
Dutch elm disease,,Dutch elm disease,https://lod.nal.usda.gov/nalt/78372,,True,skos:broader; skos:narrower,
ear rot,,ear rot,https://lod.nal.usda.gov/nalt/35078,,True,skos:broader; skos:narrower,
embolism,embolus,embolism (embolus),https://lod.nal.usda.gov/nalt/36798,,True,skos:broader; skos:narrower,
emerging diseases,emergent diseases; emerging infections; emerging infectious diseases; re-emerging diseases; reemerging diseases,"emerging diseases (emergent diseases, emerging infections, emerging infectious diseases, re-emerging diseases, reemerging diseases)",https://lod.nal.usda.gov/nalt/36856,,False,skos:broader; skos:narrower,
epinasty,,epinasty,https://lod.nal.usda.gov/nalt/946,,True,skos:broader; skos:narrower,
ergot,,ergot,https://lod.nal.usda.gov/nalt/26720,,True,skos:broader; skos:narrower,
false smut,false smut disease,false smut (false smut disease),https://lod.nal.usda.gov/nalt/273869,,True,skos:broader; skos:narrower,
fertilizer injury,fertiliser injury,fertilizer injury (fertiliser injury),https://lod.nal.usda.gov/nalt/39933,,True,skos:broader; skos:narrower,
fig endosepsis,fig endosepsis disease,fig endosepsis (fig endosepsis disease),https://lod.nal.usda.gov/nalt/341214,,True,skos:broader; skos:narrower,
fire blight,,fire blight,https://lod.nal.usda.gov/nalt/80434,,True,skos:broader; skos:narrower,
fire scars,,fire scars,https://lod.nal.usda.gov/nalt/40266,,True,skos:broader; skos:narrower,
foliage plants,,foliage plants,https://lod.nal.usda.gov/nalt/302253,,False,skos:related,
food spoilage,food decay; food degradation; food deterioration; staling (food),"food spoilage (food decay, food degradation, food deterioration, staling (food))",https://lod.nal.usda.gov/nalt/17374,,False,skos:related,
foot rot (plant),plant foot rot,foot rot (plant) (plant foot rot),https://lod.nal.usda.gov/nalt/41082,,True,skos:broader; skos:narrower,
forest damage,forest destruction; forest disturbance,"forest damage (forest destruction, forest disturbance)",https://lod.nal.usda.gov/nalt/41127,,True,skos:broader; skos:narrower,
forest decline,,forest decline,https://lod.nal.usda.gov/nalt/31920,,True,skos:broader; skos:narrower,
forest diseases,,forest diseases,https://lod.nal.usda.gov/nalt/80851,,True,skos:related,
forest insects,,forest insects,https://lod.nal.usda.gov/nalt/41149,,False,skos:related,
forest pests,,forest pests,https://lod.nal.usda.gov/nalt/41137,,False,skos:related,
forest restoration,amelioration of forest sites; forest ecosystem restoration; forest lands restoration; forest landscape restoration; forest rehabilitation,"forest restoration (amelioration of forest sites, forest ecosystem restoration, forest lands restoration, forest landscape restoration, forest rehabilitation)",https://lod.nal.usda.gov/nalt/138193,,False,skos:related,
"Forestry, Wildland Management",,"Forestry, Wildland Management",https://lod.nal.usda.gov/nalt/127300,,False,skos:broader; skos:narrower,
frogeye leaf spot,frog-eye leaf spot,frogeye leaf spot (frog-eye leaf spot),https://lod.nal.usda.gov/nalt/24025,,True,skos:broader; skos:narrower,
fruit crops,,fruit crops,https://lod.nal.usda.gov/nalt/41656,,False,skos:related,
fungal brown spot,rice brown spot,fungal brown spot (rice brown spot),https://lod.nal.usda.gov/nalt/218474,,True,skos:broader; skos:narrower,
fungal wilt,,fungal wilt,https://lod.nal.usda.gov/nalt/41791,,True,skos:broader; skos:narrower,
fungicide use reduction,fungicide reduction; fungicide usage reduction,"fungicide use reduction (fungicide reduction, fungicide usage reduction)",https://lod.nal.usda.gov/nalt/298654,,False,skos:related,
Fusarium head blight,Fusarium head scab,Fusarium head blight (Fusarium head scab),https://lod.nal.usda.gov/nalt/81176,,True,skos:broader; skos:narrower,
galls,oak-apples,galls (oak-apples),https://lod.nal.usda.gov/nalt/947,,True,skos:broader; skos:narrower,
genetic disorders,genetic defects; genetic diseases; hereditary diseases; inherited disorders,"genetic disorders (genetic defects, genetic diseases, hereditary diseases, inherited disorders)",https://lod.nal.usda.gov/nalt/18968,,False,skos:broader; skos:narrower,
girdling,branch girdling; ring barking; stem girdling; tree girdling; trunk girdling,"girdling (branch girdling, ring barking, stem girdling, tree girdling, trunk girdling)",https://lod.nal.usda.gov/nalt/146609,,True,skos:broader; skos:narrower,
gray mold,gray mold disease; grey mold; grey mold disease,"gray mold (gray mold disease, grey mold, grey mold disease)",https://lod.nal.usda.gov/nalt/228109,,True,skos:broader; skos:narrower,
grey leaf spot disease,,grey leaf spot disease,https://lod.nal.usda.gov/nalt/248052,,True,skos:broader; skos:narrower,
growth retardation,growth inhibition; growth reduction; stunting,"growth retardation (growth inhibition, growth reduction, stunting)",https://lod.nal.usda.gov/nalt/34962,,False,skos:related,
head rot,,head rot,https://lod.nal.usda.gov/nalt/188614,,True,skos:broader; skos:narrower,
heart rot,,heart rot,https://lod.nal.usda.gov/nalt/206431,,True,skos:broader; skos:narrower,
heat injury,,heat injury,https://lod.nal.usda.gov/nalt/1140,,False,skos:related,
hyponasty,,hyponasty,https://lod.nal.usda.gov/nalt/291549,,True,skos:broader; skos:narrower,
hypoxia,anoxia; cell hypoxia; hypoxemia; oxygen deficiency; tissue hypoxia,"hypoxia (anoxia, cell hypoxia, hypoxemia, oxygen deficiency, tissue hypoxia)",https://lod.nal.usda.gov/nalt/924,,True,skos:broader; skos:narrower,
ice damage,,ice damage,https://lod.nal.usda.gov/nalt/46824,,True,skos:broader; skos:narrower,
infection,,infection,https://lod.nal.usda.gov/nalt/757,,False,skos:related,
infectious disease incubation period,,infectious disease incubation period,https://lod.nal.usda.gov/nalt/47093,,False,skos:related,
ink disease,,ink disease,https://lod.nal.usda.gov/nalt/341741,,True,skos:broader; skos:narrower,
internal browning,,internal browning,https://lod.nal.usda.gov/nalt/331445,,True,skos:broader; skos:narrower,
karnal bunt,karnal bunt disease; partial bunt,"karnal bunt (karnal bunt disease, partial bunt)",https://lod.nal.usda.gov/nalt/330897,,True,skos:related,
laurel wilt,,laurel wilt,https://lod.nal.usda.gov/nalt/306766,,True,skos:broader; skos:narrower,
leaf blotch,,leaf blotch,https://lod.nal.usda.gov/nalt/948,,True,skos:broader; skos:narrower,
leaf curling,leaf curl,leaf curling (leaf curl),https://lod.nal.usda.gov/nalt/198220,,True,skos:broader; skos:narrower,
leaf galls,,leaf galls,https://lod.nal.usda.gov/nalt/131694,,True,skos:related,
leaf rolling,leaf roll,leaf rolling (leaf roll),https://lod.nal.usda.gov/nalt/198218,,True,skos:broader; skos:narrower,
leaf rust,brown rust; foliar rust,"leaf rust (brown rust, foliar rust)",https://lod.nal.usda.gov/nalt/189059,,True,skos:broader; skos:narrower,
leaf spot,leaf spotting,leaf spot (leaf spotting),https://lod.nal.usda.gov/nalt/49434,,True,skos:related,
lesions (plant),,lesions (plant),https://lod.nal.usda.gov/nalt/949,,True,skos:broader; skos:narrower,
lodging,,lodging,https://lod.nal.usda.gov/nalt/50508,,True,skos:broader; skos:narrower,
Lophodermium needle cast,,Lophodermium needle cast,https://lod.nal.usda.gov/nalt/339098,,True,skos:broader; skos:narrower,
Macrophomina phaseolina,Macrophomina phaseoli; Rhizoctonia bataticola; Sclerotium bataticola,"Macrophomina phaseolina (Macrophomina phaseoli, Rhizoctonia bataticola, Sclerotium bataticola)",https://lod.nal.usda.gov/nalt/51068,,False,skos:related,
Magnaporthe grisea,Ceratosphaeria grisea; Pyricularia grisea,"Magnaporthe grisea (Ceratosphaeria grisea, Pyricularia grisea)",https://lod.nal.usda.gov/nalt/17905,,False,skos:related,
Magnaporthe oryzae,Pyricularia oryzae,Magnaporthe oryzae (Pyricularia oryzae),https://lod.nal.usda.gov/nalt/200534,,False,skos:related,
mango malformation disease,mango malformation,mango malformation disease (mango malformation),https://lod.nal.usda.gov/nalt/286567,,True,skos:broader; skos:narrower,
mechanical damage,mechanical injuries,mechanical damage (mechanical injuries),https://lod.nal.usda.gov/nalt/1141,,False,skos:related,
metabolic diseases,metabolic disorders,metabolic diseases (metabolic disorders),https://lod.nal.usda.gov/nalt/2862,,False,skos:broader; skos:narrower,
mildews,,mildews,https://lod.nal.usda.gov/nalt/34451,,False,skos:related,
molds (fungi),moulds (fungi),molds (fungi) (moulds (fungi)),https://lod.nal.usda.gov/nalt/41816,,False,skos:related,
mycoses,fungal diseases of animals; fungal infections of animals,"mycoses (fungal diseases of animals, fungal infections of animals)",https://lod.nal.usda.gov/nalt/13049,,False,skos:broader; skos:narrower,
necrosis,necroses,necrosis (necroses),https://lod.nal.usda.gov/nalt/761,,False,skos:related,
neoplasms,cancer (disease); cancers; neoplasia; tumors; tumours,"neoplasms (cancer (disease), cancers, neoplasia, tumors, tumours)",https://lod.nal.usda.gov/nalt/702,,False,skos:broader; skos:narrower,
net blotch,,net blotch,https://lod.nal.usda.gov/nalt/266327,,True,skos:broader; skos:narrower,
notifiable disease,reportable disease,notifiable disease (reportable disease),https://lod.nal.usda.gov/nalt/137447,,False,skos:broader; skos:narrower,
obesity-related diseases,obesity related diseases,obesity-related diseases (obesity related diseases),https://lod.nal.usda.gov/nalt/52232,,False,skos:broader; skos:narrower,
oleocellosis,citrus oil-spotting; oil-spotting (citrus); on-tree oleocellosis; rind oil spotting,"oleocellosis (citrus oil-spotting, oil-spotting (citrus), on-tree oleocellosis, rind oil spotting)",https://lod.nal.usda.gov/nalt/332093,,True,skos:broader; skos:narrower,
olive knot disease,,olive knot disease,https://lod.nal.usda.gov/nalt/307841,,True,skos:broader; skos:narrower,
Panama disease,Fusarium wilt of banana; Panama disease of banana,"Panama disease (Fusarium wilt of banana, Panama disease of banana)",https://lod.nal.usda.gov/nalt/310250,,True,skos:broader; skos:narrower,
pecan scab,,pecan scab,https://lod.nal.usda.gov/nalt/88268,,True,skos:broader; skos:narrower,
Peronosporales,,Peronosporales,https://lod.nal.usda.gov/nalt/6026,,False,skos:related,
Phoma leaf spot disease,,Phoma leaf spot disease,https://lod.nal.usda.gov/nalt/324042,,True,skos:broader; skos:narrower,
Phoma stem canker disease,,Phoma stem canker disease,https://lod.nal.usda.gov/nalt/324046,,True,skos:broader; skos:narrower,
Phytophthora nicotianae,,Phytophthora nicotianae,https://lod.nal.usda.gov/nalt/58153,,False,skos:related,
phytoplasmal diseases,phytoplasma infection,phytoplasmal diseases (phytoplasma infection),https://lod.nal.usda.gov/nalt/13232,,True,skos:broader; skos:narrower,
Pierce's disease,,Pierce's disease,https://lod.nal.usda.gov/nalt/15138,,True,skos:broader; skos:narrower,
plant pathogenic bacteria,bacterial phytopathogens; phytopathogenic bacteria,"plant pathogenic bacteria (bacterial phytopathogens, phytopathogenic bacteria)",https://lod.nal.usda.gov/nalt/15086,,True,skos:related,
plant pathogenic fungi,fungal phytopathogens; phytopathogenic fungi,"plant pathogenic fungi (fungal phytopathogens, phytopathogenic fungi)",https://lod.nal.usda.gov/nalt/31899,,True,skos:related,
plant stress,,plant stress,https://lod.nal.usda.gov/nalt/766,,True,skos:related,
plant tumors,plant tumours,plant tumors (plant tumours),https://lod.nal.usda.gov/nalt/950,,True,skos:broader; skos:narrower,
plant-water relations,plant water relations; water-plant relations,"plant-water relations (plant water relations, water-plant relations)",https://lod.nal.usda.gov/nalt/34627,,False,skos:related,
pod rot,,pod rot,https://lod.nal.usda.gov/nalt/290721,,True,skos:broader; skos:narrower,
pollution,contaminants in environment; environmental contaminants; environmental contamination; environmental pollution,"pollution (contaminants in environment, environmental contaminants, environmental contamination, environmental pollution)",https://lod.nal.usda.gov/nalt/5845,,False,skos:related,
postharvest injuries,,postharvest injuries,https://lod.nal.usda.gov/nalt/20174,,True,skos:related,
postharvest losses,post-harvest losses,postharvest losses (post-harvest losses),https://lod.nal.usda.gov/nalt/59358,,False,skos:related,
postharvest physiology,,postharvest physiology,https://lod.nal.usda.gov/nalt/58609,,False,skos:related,
postharvest storage,,postharvest storage,https://lod.nal.usda.gov/nalt/323613,,False,skos:related,
postharvest systems,post-harvest systems,postharvest systems (post-harvest systems),https://lod.nal.usda.gov/nalt/59360,,False,skos:related,
postharvest treatment,post-harvest treatment,postharvest treatment (post-harvest treatment),https://lod.nal.usda.gov/nalt/30828,,False,skos:related,
potato blight,potato blight disease,potato blight (potato blight disease),https://lod.nal.usda.gov/nalt/343715,,True,skos:broader; skos:narrower,
powdery mildew,,powdery mildew,https://lod.nal.usda.gov/nalt/41792,,True,skos:broader; skos:narrower,
prion diseases,TSE (transmissible spongiform encephalopathies); spongiform encephalopathies; subacute spongiform encephalopathy; subacute transmissible spongiform encephalopathies; transmissible spongiform encephalopathies,"prion diseases (TSE (transmissible spongiform encephalopathies), spongiform encephalopathies, subacute spongiform encephalopathy, subacute transmissible spongiform encephalopathies, transmissible spongiform encephalopathies)",https://lod.nal.usda.gov/nalt/18995,,False,skos:broader; skos:narrower,
radiation injury,radiation sickness,radiation injury (radiation sickness),https://lod.nal.usda.gov/nalt/1142,,False,skos:related,
ratoon stunting disease,ratoon stunting,ratoon stunting disease (ratoon stunting),https://lod.nal.usda.gov/nalt/15139,,True,skos:broader; skos:narrower,
regeneration surveys,,regeneration surveys,https://lod.nal.usda.gov/nalt/305525,,False,skos:related,
rhizomania,,rhizomania,https://lod.nal.usda.gov/nalt/208418,,True,skos:broader; skos:narrower,
rice grain yellowing,milled-rice yellowing; rice yellowing; rice yellowing disease; rice yellowing syndrome; yellowed rice disease,"rice grain yellowing (milled-rice yellowing, rice yellowing, rice yellowing disease, rice yellowing syndrome, yellowed rice disease)",https://lod.nal.usda.gov/nalt/341161,,True,skos:broader; skos:narrower,
root rot,,root rot,https://lod.nal.usda.gov/nalt/58631,,True,skos:broader; skos:narrower,
Rosa,Hulthemia; Hulthemosa; roses; tea roses,"Rosa (Hulthemia, Hulthemosa, roses, tea roses)",https://lod.nal.usda.gov/nalt/46060,,False,skos:related,
rust diseases,rust infections,rust diseases (rust infections),https://lod.nal.usda.gov/nalt/41793,,True,skos:broader; skos:narrower,
scorch,,scorch,https://lod.nal.usda.gov/nalt/951,,True,skos:broader; skos:narrower,
seed damage,seed injuries,seed damage (seed injuries),https://lod.nal.usda.gov/nalt/306664,,True,skos:broader; skos:narrower,
seed pathology,,seed pathology,https://lod.nal.usda.gov/nalt/58608,,True,skos:broader; skos:narrower,
seed pests,,seed pests,https://lod.nal.usda.gov/nalt/306694,,True,skos:related,
seed rot,,seed rot,https://lod.nal.usda.gov/nalt/316276,,True,skos:broader; skos:narrower,
seed-borne organisms,,seed-borne organisms,https://lod.nal.usda.gov/nalt/306705,,False,skos:related,
sexually transmitted diseases,sexual transmission (diseases); sexually transmitted infections; venereal diseases,"sexually transmitted diseases (sexual transmission (diseases), sexually transmitted infections, venereal diseases)",https://lod.nal.usda.gov/nalt/34060,,False,skos:broader; skos:narrower,
sharka disease,plum pox; plum pox disease,"sharka disease (plum pox, plum pox disease)",https://lod.nal.usda.gov/nalt/337417,,True,skos:broader; skos:narrower,
silver scurf,potato silver scurf; silver scurf disease,"silver scurf (potato silver scurf, silver scurf disease)",https://lod.nal.usda.gov/nalt/196205,,True,skos:broader; skos:narrower,
smut diseases,anther smut disease; common bunt disease; common smut; covered smut; flag smut; head smut; leaf smut; loose smut; white smut,"smut diseases (anther smut disease, common bunt disease, common smut, covered smut, flag smut, head smut, leaf smut, loose smut, white smut)",https://lod.nal.usda.gov/nalt/28171,,True,skos:broader; skos:narrower,
snow blight,,snow blight,https://lod.nal.usda.gov/nalt/226165,,True,skos:broader; skos:narrower,
snow damage,snow breakage,snow damage (snow breakage),https://lod.nal.usda.gov/nalt/69021,,True,skos:broader; skos:narrower,
snow molds,snow moulds,snow molds (snow moulds),https://lod.nal.usda.gov/nalt/41794,,True,skos:broader; skos:narrower,
sooty molds,sooty moulds,sooty molds (sooty moulds),https://lod.nal.usda.gov/nalt/41795,,True,skos:broader; skos:narrower,
soybean sudden death syndrome,sudden death syndrome in soybean; sudden death syndrome of soybean,"soybean sudden death syndrome (sudden death syndrome in soybean, sudden death syndrome of soybean)",https://lod.nal.usda.gov/nalt/274127,,True,skos:broader; skos:narrower,
spring dead spot,spring dead spot disease,spring dead spot (spring dead spot disease),https://lod.nal.usda.gov/nalt/198746,,True,skos:broader; skos:narrower,
stem rot,,stem rot,https://lod.nal.usda.gov/nalt/58632,,True,skos:broader; skos:narrower,
storage quality,food storage losses; keeping quality; postharvest quality; quality for storage; storability; storeability,"storage quality (food storage losses, keeping quality, postharvest quality, quality for storage, storability, storeability)",https://lod.nal.usda.gov/nalt/32790,,False,skos:related,
storm damage,,storm damage,https://lod.nal.usda.gov/nalt/220318,,False,skos:related,
sudden oak death,,sudden oak death,https://lod.nal.usda.gov/nalt/308281,,True,skos:broader; skos:narrower,
sweet potato scab,leaf scab of sweet potato; scab of sweet potato; sweet potato leaf scab; sweet potato scab disease; sweet potato stem and foliage scab,"sweet potato scab (leaf scab of sweet potato, scab of sweet potato, sweet potato leaf scab, sweet potato scab disease, sweet potato stem and foliage scab)",https://lod.nal.usda.gov/nalt/248038,,True,skos:broader; skos:narrower,
Swiss needle cast,,Swiss needle cast,https://lod.nal.usda.gov/nalt/214740,,True,skos:broader; skos:narrower,
take-all disease,take all disease,take-all disease (take all disease),https://lod.nal.usda.gov/nalt/41796,,True,skos:broader; skos:narrower,
terminal crook disease,terminal crook disease of pines,terminal crook disease (terminal crook disease of pines),https://lod.nal.usda.gov/nalt/301857,,True,skos:broader; skos:narrower,
tissue culture,tissue culturing,tissue culture (tissue culturing),https://lod.nal.usda.gov/nalt/9560,,False,skos:related,
tree damage,tree injuries; tree injury,"tree damage (tree injuries, tree injury)",https://lod.nal.usda.gov/nalt/41129,,True,skos:broader; skos:narrower,
viral diseases of animals and humans,animal viroses; human viroses; viral diseases of animals; viral diseases of humans; viral infections of animals; viral infections of humans; viroses (animal); viroses (human); virus diseases of animals; virus diseases of humans,"viral diseases of animals and humans (animal viroses, human viroses, viral diseases of animals, viral diseases of humans, viral infections of animals, viral infections of humans, viroses (animal), viroses (human), virus diseases of animals, virus diseases of humans)",https://lod.nal.usda.gov/nalt/4876,,False,skos:broader; skos:narrower,
virus-free plants,virus free plants; virusfree plants,"virus-free plants (virus free plants, virusfree plants)",https://lod.nal.usda.gov/nalt/58620,,False,skos:related,
water stress,drought stress,water stress (drought stress),https://lod.nal.usda.gov/nalt/1733,,False,skos:related,
water uptake,water absorption,water uptake (water absorption),https://lod.nal.usda.gov/nalt/46559,,False,skos:related,
wildfire disease,wild-fire disease,wildfire disease (wild-fire disease),https://lod.nal.usda.gov/nalt/214273,,True,skos:broader; skos:narrower,
wilting,,wilting,https://lod.nal.usda.gov/nalt/952,,True,skos:related,
witches' broom,witches broom; witches'-broom,"witches' broom (witches broom, witches'-broom)",https://lod.nal.usda.gov/nalt/953,,True,skos:broader; skos:narrower,
wounds and injuries,,wounds and injuries,https://lod.nal.usda.gov/nalt/728,,False,skos:related,
yellow Sigatoka,,yellow Sigatoka,https://lod.nal.usda.gov/nalt/262795,,True,skos:broader; skos:narrower,
yellow vine disease,,yellow vine disease,https://lod.nal.usda.gov/nalt/15140,,True,skos:broader; skos:narrower,
zebra chip disease,zebra chip disorder; zebra complex disease,"zebra chip disease (zebra chip disorder, zebra complex disease)",https://lod.nal.usda.gov/nalt/190065,,True,skos:broader; skos:narrower,
zonate leaf spot,,zonate leaf spot,https://lod.nal.usda.gov/nalt/262793,,True,skos:broader; skos:narrower,
acidosis,metabolic acidosis,acidosis (metabolic acidosis),https://lod.nal.usda.gov/nalt/2754,,False,skos:broader; skos:narrower,
adenoma,,adenoma,https://lod.nal.usda.gov/nalt/703,,False,skos:broader; skos:narrower,
alkalosis,,alkalosis,https://lod.nal.usda.gov/nalt/225422,,False,skos:broader; skos:narrower,
almonds,,almonds,https://lod.nal.usda.gov/nalt/6768,,False,skos:related,
Alternaria alternata,Alternaria fasciculata; Alternaria tenuis; Macrosporium fasciculatum,"Alternaria alternata (Alternaria fasciculata, Alternaria tenuis, Macrosporium fasciculatum)",https://lod.nal.usda.gov/nalt/7077,,False,skos:related,
Alternaria arborescens,,Alternaria arborescens,https://lod.nal.usda.gov/nalt/324036,,False,skos:related,
animal stress,,animal stress,https://lod.nal.usda.gov/nalt/732,,False,skos:related,
animal welfare,animal abuse; animal cruelty; animal rights; anti-cruelty law (animals); anticruelty law (animals); cruelty to animals; humane treatment of animals,"animal welfare (animal abuse, animal cruelty, animal rights, anti-cruelty law (animals), anticruelty law (animals), cruelty to animals, humane treatment of animals)",https://lod.nal.usda.gov/nalt/9084,,False,skos:broader; skos:narrower,
antibrowning agents,anti-browning agents,antibrowning agents (anti-browning agents),https://lod.nal.usda.gov/nalt/331461,,False,skos:related,
anticarcinogenic agents,anti-carcinogens; anticarcinogenic drugs; anticarcinogens,"anticarcinogenic agents (anti-carcinogens, anticarcinogenic drugs, anticarcinogens)",https://lod.nal.usda.gov/nalt/71923,,False,skos:related,
antineoplastic activity,anti-cancer effects,antineoplastic activity (anti-cancer effects),https://lod.nal.usda.gov/nalt/71981,,False,skos:related,
antineoplastic agents,anticancer agents; anticancer drugs; anticarcinoma agents; anticarcinoma drugs; antitumor agents; antitumor compounds; antitumour agents; antitumour compounds; carcinopreventive agents,"antineoplastic agents (anticancer agents, anticancer drugs, anticarcinoma agents, anticarcinoma drugs, antitumor agents, antitumor compounds, antitumour agents, antitumour compounds, carcinopreventive agents)",https://lod.nal.usda.gov/nalt/3816,,False,skos:related,
apple proliferation disease,,apple proliferation disease,https://lod.nal.usda.gov/nalt/310277,,True,skos:broader; skos:narrower,
apples,apple fruits,apples (apple fruits),https://lod.nal.usda.gov/nalt/11308,,False,skos:related,
Armillaria root rot,,Armillaria root rot,https://lod.nal.usda.gov/nalt/300759,,True,skos:broader; skos:narrower,
aster yellows,,aster yellows,https://lod.nal.usda.gov/nalt/13231,,True,skos:broader; skos:narrower,
bacteria,,bacteria,https://lod.nal.usda.gov/nalt/2350,,False,skos:broader; skos:narrower,
bean rust,,bean rust,https://lod.nal.usda.gov/nalt/285882,,True,skos:broader; skos:narrower,
Beet necrotic yellow vein virus,BNYVV (Beet necrotic yellow vein virus),Beet necrotic yellow vein virus (BNYVV (Beet necrotic yellow vein virus)),https://lod.nal.usda.gov/nalt/16338,,False,skos:related,
biotic stress,,biotic stress,https://lod.nal.usda.gov/nalt/196568,,False,skos:related,
bites and stings,stings and bites,bites and stings (stings and bites),https://lod.nal.usda.gov/nalt/735,,False,skos:broader; skos:narrower,
black pod rot,black pod disease; cacao black pod rot,"black pod rot (black pod disease, cacao black pod rot)",https://lod.nal.usda.gov/nalt/316281,,True,skos:broader; skos:narrower,
black root rot,,black root rot,https://lod.nal.usda.gov/nalt/235049,,True,skos:broader; skos:narrower,
blister rust,,blister rust,https://lod.nal.usda.gov/nalt/196168,,True,skos:broader; skos:narrower,
Blueberry mosaic associated virus,,Blueberry mosaic associated virus,https://lod.nal.usda.gov/nalt/266495,,False,skos:related,
Botrytis cinerea,Botryotinia fuckeliana; Botrytis vulgaris; Sclerotinia fuckeliana,"Botrytis cinerea (Botryotinia fuckeliana, Botrytis vulgaris, Sclerotinia fuckeliana)",https://lod.nal.usda.gov/nalt/18851,,False,skos:related,
brain neoplasms,brain cancer; brain tumors; brain tumours,"brain neoplasms (brain cancer, brain tumors, brain tumours)",https://lod.nal.usda.gov/nalt/300222,,False,skos:broader; skos:narrower,
Brassicaceae,Cruciferae; Raphanaceae; Stanleyaceae; Thlaspiaceae; crucifers; mustard family,"Brassicaceae (Cruciferae, Raphanaceae, Stanleyaceae, Thlaspiaceae, crucifers, mustard family)",https://lod.nal.usda.gov/nalt/6585,,False,skos:related,
breast neoplasms,breast cancer; breast carcinoma; breast tumors; breast tumours; human mammary carcinoma; human mammary neoplasms; mammary carcinoma,"breast neoplasms (breast cancer, breast carcinoma, breast tumors, breast tumours, human mammary carcinoma, human mammary neoplasms, mammary carcinoma)",https://lod.nal.usda.gov/nalt/715,,False,skos:broader; skos:narrower,
browse plants,,browse plants,https://lod.nal.usda.gov/nalt/300977,,False,skos:related,
browsing,,browsing,https://lod.nal.usda.gov/nalt/20122,,False,skos:related,
bruising (plant),bruises (plant); bruising (fruit); fruit bruising,"bruising (plant) (bruises (plant), bruising (fruit), fruit bruising)",https://lod.nal.usda.gov/nalt/20170,,True,skos:broader; skos:narrower,
bud galls,flower bud galls,bud galls (flower bud galls),https://lod.nal.usda.gov/nalt/333384,,True,skos:broader; skos:narrower,
burns (injuries),heat injury (burns),burns (injuries) (heat injury (burns)),https://lod.nal.usda.gov/nalt/9282,,False,skos:related,
Buxus,,Buxus,https://lod.nal.usda.gov/nalt/20670,,False,skos:related,
cabbage,cabbages,cabbage (cabbages),https://lod.nal.usda.gov/nalt/19478,,False,skos:related,
calcinosis,pathological calcification; tumoral calcinosis,"calcinosis (pathological calcification, tumoral calcinosis)",https://lod.nal.usda.gov/nalt/21083,,False,skos:broader; skos:narrower,
Calonectria henricotiae,,Calonectria henricotiae,https://lod.nal.usda.gov/nalt/336999,,False,skos:related,
Calonectria pseudonaviculata,Cylindrocladium buxicola; Cylindrocladium pseudonaviculatum,"Calonectria pseudonaviculata (Cylindrocladium buxicola, Cylindrocladium pseudonaviculatum)",https://lod.nal.usda.gov/nalt/336987,,False,skos:related,
cancer vaccines,neoplasm vaccines; tumor vaccines; tumour vaccines,"cancer vaccines (neoplasm vaccines, tumor vaccines, tumour vaccines)",https://lod.nal.usda.gov/nalt/316946,,False,skos:related,
carbohydrate metabolism disorders,,carbohydrate metabolism disorders,https://lod.nal.usda.gov/nalt/22208,,False,skos:broader; skos:narrower,
carcinogenesis,cancerogenesis; oncogenesis; tumorigenesis,"carcinogenesis (cancerogenesis, oncogenesis, tumorigenesis)",https://lod.nal.usda.gov/nalt/22355,,False,skos:related,
carcinoma,,carcinoma,https://lod.nal.usda.gov/nalt/704,,False,skos:broader; skos:narrower,
Castanea sativa,European chestnut,Castanea sativa (European chestnut),https://lod.nal.usda.gov/nalt/22867,,False,skos:related,
cedar apple rust,,cedar apple rust,https://lod.nal.usda.gov/nalt/342466,,True,skos:broader; skos:narrower,
cell cycle checkpoints,cell cycle arrest,cell cycle checkpoints (cell cycle arrest),https://lod.nal.usda.gov/nalt/232248,,False,skos:related,
cell death,,cell death,https://lod.nal.usda.gov/nalt/11245,,False,skos:related,
Ceratocystis ulmi,Ophiostoma ulmi,Ceratocystis ulmi (Ophiostoma ulmi),https://lod.nal.usda.gov/nalt/23908,,False,skos:related,
ceratoulmin,,ceratoulmin,https://lod.nal.usda.gov/nalt/301230,,False,skos:related,
Cercospora,,Cercospora,https://lod.nal.usda.gov/nalt/24011,,False,skos:related,
Cercospora sojina,Passalora sojina,Cercospora sojina (Passalora sojina),https://lod.nal.usda.gov/nalt/24019,,False,skos:related,
Cercospora zeae-maydis,Cercosporella zeae-maydis,Cercospora zeae-maydis (Cercosporella zeae-maydis),https://lod.nal.usda.gov/nalt/24020,,False,skos:related,
chilling injury,,chilling injury,https://lod.nal.usda.gov/nalt/24945,,False,skos:broader; skos:narrower,
Citrus,Afraurantium; Aurantium,"Citrus (Afraurantium, Aurantium)",https://lod.nal.usda.gov/nalt/4824,,False,skos:related,
citrus canker,citrus bacterial canker,citrus canker (citrus bacterial canker),https://lod.nal.usda.gov/nalt/326984,,True,skos:broader; skos:narrower,
citrus fruits,,citrus fruits,https://lod.nal.usda.gov/nalt/16721,,False,skos:related,
Clavibacter,,Clavibacter,https://lod.nal.usda.gov/nalt/15217,,False,skos:related,
Clavibacter michiganensis,Aplanobacter michiganense; Bacterium michiganense; Clavibacter michiganense; Corynebacterium michiganense; Mycobacterium flavum ssp. michiganense; Mycobacterium flavum subsp. michiganense; Phytomonas michiganensis; Pseudomonas michiganensis,"Clavibacter michiganensis (Aplanobacter michiganense, Bacterium michiganense, Clavibacter michiganense, Corynebacterium michiganense, Mycobacterium flavum ssp. michiganense, Mycobacterium flavum subsp. michiganense, Phytomonas michiganensis, Pseudomonas michiganensis)",https://lod.nal.usda.gov/nalt/11130,,False,skos:related,
Claviceps purpurea,Claviceps microcephala,Claviceps purpurea (Claviceps microcephala),https://lod.nal.usda.gov/nalt/26718,,False,skos:related,
coffee beans,,coffee beans,https://lod.nal.usda.gov/nalt/27703,,False,skos:related,
cold,,cold,https://lod.nal.usda.gov/nalt/27767,,False,skos:related,
cold shock response,cold stress response,cold shock response (cold stress response),https://lod.nal.usda.gov/nalt/277273,,False,skos:related,
cold stress,cold shock,cold stress (cold shock),https://lod.nal.usda.gov/nalt/1730,,False,skos:related,
cold tolerance,chilling tolerance; cold hardening; cold hardiness; cold resistance (organisms); critical thermal minima; critical thermal minimum; cryo-tolerance; cryotolerance; freeze tolerance; freezing tolerance,"cold tolerance (chilling tolerance, cold hardening, cold hardiness, cold resistance (organisms), critical thermal minima, critical thermal minimum, cryo-tolerance, cryotolerance, freeze tolerance, freezing tolerance)",https://lod.nal.usda.gov/nalt/136,,False,skos:related,
Colletotrichum acutatum,,Colletotrichum acutatum,https://lod.nal.usda.gov/nalt/27940,,False,skos:related,
Colletotrichum kahawae,,Colletotrichum kahawae,https://lod.nal.usda.gov/nalt/263009,,False,skos:related,
color,chromaticity; coloration; colour; colouration,"color (chromaticity, coloration, colour, colouration)",https://lod.nal.usda.gov/nalt/28019,,False,skos:related,
colorectal neoplasms,colo-rectal cancer; colo-rectal cancer (CRC); colon cancer; colonic neoplasms; colorectal cancer; colorectal carcinoma; colorectal tumors; colorectal tumours; rectal cancer; rectal neoplasms; rectal tumors; rectal tumours,"colorectal neoplasms (colo-rectal cancer, colo-rectal cancer (CRC), colon cancer, colonic neoplasms, colorectal cancer, colorectal carcinoma, colorectal tumors, colorectal tumours, rectal cancer, rectal neoplasms, rectal tumors, rectal tumours)",https://lod.nal.usda.gov/nalt/717,,False,skos:broader; skos:narrower,
conifer needles,pine needles,conifer needles (pine needles),https://lod.nal.usda.gov/nalt/28535,,False,skos:related,
conifers,narrow-leaf evergreens; narrow-leaved evergreens; needled evergreens,"conifers (narrow-leaf evergreens, narrow-leaved evergreens, needled evergreens)",https://lod.nal.usda.gov/nalt/28532,,False,skos:related,
corn rust,,corn rust,https://lod.nal.usda.gov/nalt/316342,,True,skos:broader; skos:narrower,
Corynebacterium,,Corynebacterium,https://lod.nal.usda.gov/nalt/15218,,False,skos:related,
Cristulariella,Nervostroma,Cristulariella (Nervostroma),https://lod.nal.usda.gov/nalt/30063,,False,skos:related,
crop losses,,crop losses,https://lod.nal.usda.gov/nalt/30114,,False,skos:related,
crown galls,crown knots (galls),crown galls (crown knots (galls)),https://lod.nal.usda.gov/nalt/30260,,True,skos:broader; skos:narrower,
crown rust,,crown rust,https://lod.nal.usda.gov/nalt/189057,,True,skos:broader; skos:narrower,
Cryphonectria parasitica,Endothia parasitica,Cryphonectria parasitica (Endothia parasitica),https://lod.nal.usda.gov/nalt/24785,,False,skos:related,
decay fungi,rot fungi; wood decay fungi; wood destroying fungi; wood rot fungi; wood-destroying fungi; wood-rot fungi,"decay fungi (rot fungi, wood decay fungi, wood destroying fungi, wood rot fungi, wood-destroying fungi, wood-rot fungi)",https://lod.nal.usda.gov/nalt/20101,,False,skos:related,
decolorization,color removal; colour removal; decoloration; decolorisation; decolouration; decolourisation; decolourization,"decolorization (color removal, colour removal, decoloration, decolorisation, decolouration, decolourisation, decolourization)",https://lod.nal.usda.gov/nalt/17980,,False,skos:related,
defoliants,chemical defoliation,defoliants (chemical defoliation),https://lod.nal.usda.gov/nalt/218,,False,skos:related,
defoliating insects,defoliator insects; forest defoliators; forest insect defoliators; insect defoliators,"defoliating insects (defoliator insects, forest defoliators, forest insect defoliators, insect defoliators)",https://lod.nal.usda.gov/nalt/314192,,False,skos:related,
dehydration (animal physiology),,dehydration (animal physiology),https://lod.nal.usda.gov/nalt/32026,,False,skos:broader; skos:narrower,
desiccation (plant physiology),dehydration (plant physiology),desiccation (plant physiology) (dehydration (plant physiology)),https://lod.nal.usda.gov/nalt/32028,,False,skos:related,
developmental orthopedic disease,Equine developmental orthopedic disease; developmental orthopaedic disease; metabolic bone disease,"developmental orthopedic disease (Equine developmental orthopedic disease, developmental orthopaedic disease, metabolic bone disease)",https://lod.nal.usda.gov/nalt/18509,,False,skos:broader; skos:narrower,
diabetes,,diabetes,https://lod.nal.usda.gov/nalt/18127,,False,skos:broader; skos:narrower,
Dickeya,,Dickeya,https://lod.nal.usda.gov/nalt/203547,,False,skos:related,
digestive system neoplasms,digestive system cancer; digestive system tumors; digestive system tumours,"digestive system neoplasms (digestive system cancer, digestive system tumors, digestive system tumours)",https://lod.nal.usda.gov/nalt/286248,,False,skos:broader; skos:narrower,
disturbed land,,disturbed land,https://lod.nal.usda.gov/nalt/302024,,False,skos:related,
disturbed soils,,disturbed soils,https://lod.nal.usda.gov/nalt/10095,,False,skos:related,
drought,,drought,https://lod.nal.usda.gov/nalt/33990,,False,skos:related,
drought injury,,drought injury,https://lod.nal.usda.gov/nalt/302120,,False,skos:broader; skos:narrower,
drought tolerance,drought resistance; drought stress tolerance; drouth resistance; drouth tolerance,"drought tolerance (drought resistance, drought stress tolerance, drouth resistance, drouth tolerance)",https://lod.nal.usda.gov/nalt/137,,False,skos:related,
dwarfing,dwarfism,dwarfing (dwarfism),https://lod.nal.usda.gov/nalt/34954,,False,skos:broader; skos:narrower,
ear blight,,ear blight,https://lod.nal.usda.gov/nalt/209762,,True,skos:broader; skos:narrower,
economic threshold,damage threshold; economic injury level,"economic threshold (damage threshold, economic injury level)",https://lod.nal.usda.gov/nalt/30115,,False,skos:related,
Elsinoe batatas,Sphaceloma batatas,Elsinoe batatas (Sphaceloma batatas),https://lod.nal.usda.gov/nalt/248017,,False,skos:related,
Enterobacter nimipressuralis,Erwinia nimipressuralis,Enterobacter nimipressuralis (Erwinia nimipressuralis),https://lod.nal.usda.gov/nalt/15211,,False,skos:related,
environmental degradation,ecological degradation; ecological deterioration; environmental deterioration,"environmental degradation (ecological degradation, ecological deterioration, environmental deterioration)",https://lod.nal.usda.gov/nalt/2715,,False,skos:broader; skos:narrower,
ergot alkaloids,ergot derivatives,ergot alkaloids (ergot derivatives),https://lod.nal.usda.gov/nalt/19967,,False,skos:related,
Erwinia,,Erwinia,https://lod.nal.usda.gov/nalt/15219,,False,skos:related,
Erwinia amylovora,Bacillus amylovorus; Bacterium amylovorus; Micrococcus amylovorus,"Erwinia amylovora (Bacillus amylovorus, Bacterium amylovorus, Micrococcus amylovorus)",https://lod.nal.usda.gov/nalt/14615,,False,skos:related,
Fagus grandifolia,American beech,Fagus grandifolia (American beech),https://lod.nal.usda.gov/nalt/7537,,False,skos:related,
fibroma,,fibroma,https://lod.nal.usda.gov/nalt/705,,False,skos:broader; skos:narrower,
figs,,figs,https://lod.nal.usda.gov/nalt/40096,,False,skos:related,
flooding tolerance,submergence tolerance,flooding tolerance (submergence tolerance),https://lod.nal.usda.gov/nalt/139,,False,skos:related,
food loss,food losses,food loss (food losses),https://lod.nal.usda.gov/nalt/199741,,False,skos:related,
forest trees,timber trees,forest trees (timber trees),https://lod.nal.usda.gov/nalt/41131,,False,skos:related,
forests,,forests,https://lod.nal.usda.gov/nalt/18644,,False,skos:related,
frost injury,frost damage,frost injury (frost damage),https://lod.nal.usda.gov/nalt/27771,,False,skos:broader; skos:narrower,
frostbite,cold injury (frostbite),frostbite (cold injury (frostbite)),https://lod.nal.usda.gov/nalt/9286,,False,skos:related,
frosty pod rot,,frosty pod rot,https://lod.nal.usda.gov/nalt/290725,,True,skos:broader; skos:narrower,
fruit peels,fruit rinds,fruit peels (fruit rinds),https://lod.nal.usda.gov/nalt/26543,,False,skos:related,
Fusarium,Gibberella; Haematonectria,"Fusarium (Gibberella, Haematonectria)",https://lod.nal.usda.gov/nalt/32390,,False,skos:related,
Fusarium mangiferae,,Fusarium mangiferae,https://lod.nal.usda.gov/nalt/259605,,False,skos:related,
Fusarium oxysporum f. sp. cubense,Fusarium oxysporum f.sp. cubense; Fusarium oxysporum fsp. cubense,"Fusarium oxysporum f. sp. cubense (Fusarium oxysporum f.sp. cubense, Fusarium oxysporum fsp. cubense)",https://lod.nal.usda.gov/nalt/41947,,False,skos:related,
Fusarium wilt,,Fusarium wilt,https://lod.nal.usda.gov/nalt/41813,,True,skos:broader; skos:narrower,
Fusicladium caryigenum,Cladosporium caryigenum,Fusicladium caryigenum (Cladosporium caryigenum),https://lod.nal.usda.gov/nalt/227578,,False,skos:related,
fusiform rust,fusiform rust of Southern pine; fusiform rust of pine,"fusiform rust (fusiform rust of Southern pine, fusiform rust of pine)",https://lod.nal.usda.gov/nalt/301610,,True,skos:broader; skos:narrower,
Gaeumannomyces graminis var. graminis,Gaeumannomyces cariceti; Gaeumannomyces graminis; Gaeumannomyces oryzinus; Linocarpon cariceti; Linocarpon oryzinum; Ophiobolus cariceti; Ophiobolus graminis; Ophiobolus graminis var. graminis; Ophiobolus oryzinus; Rhaphidophora graminis; Rhaphidospora cariceti; Sphaeria cariceti,"Gaeumannomyces graminis var. graminis (Gaeumannomyces cariceti, Gaeumannomyces graminis, Gaeumannomyces oryzinus, Linocarpon cariceti, Linocarpon oryzinum, Ophiobolus cariceti, Ophiobolus graminis, Ophiobolus graminis var. graminis, Ophiobolus oryzinus, Rhaphidophora graminis, Rhaphidospora cariceti, Sphaeria cariceti)",https://lod.nal.usda.gov/nalt/42121,,False,skos:related,
Gaeumannomyces graminis var. tritici,Cephalosporium maydis; Harpophora maydis; Ophiobolus graminis var. tritici,"Gaeumannomyces graminis var. tritici (Cephalosporium maydis, Harpophora maydis, Ophiobolus graminis var. tritici)",https://lod.nal.usda.gov/nalt/23775,,False,skos:related,
gall-inducing insects,gall insects; gall-forming insects; gall-inducing thrips; gall-producing insects,"gall-inducing insects (gall insects, gall-forming insects, gall-inducing thrips, gall-producing insects)",https://lod.nal.usda.gov/nalt/276071,,False,skos:related,
gangrene,,gangrene,https://lod.nal.usda.gov/nalt/324041,,False,skos:broader; skos:narrower,
glioma,glial cell tumors,glioma (glial cell tumors),https://lod.nal.usda.gov/nalt/317772,,False,skos:broader; skos:narrower,
Gloeocercospora sorghi,Microdochium sorghi,Gloeocercospora sorghi (Microdochium sorghi),https://lod.nal.usda.gov/nalt/43085,,False,skos:related,
Graphocephala atropunctata,Graphocephalus atropunctata; Hordnia atropunctata; Hordnia circellata; Neokolla circellata; blue-green sharpshooter,"Graphocephala atropunctata (Graphocephalus atropunctata, Hordnia atropunctata, Hordnia circellata, Neokolla circellata, blue-green sharpshooter)",https://lod.nal.usda.gov/nalt/124234,,False,skos:related,
growth and development,,growth and development,https://lod.nal.usda.gov/nalt/6700,,False,skos:broader; skos:narrower,
Guignardia citricarpa,Phyllosticta citricarpa,Guignardia citricarpa (Phyllosticta citricarpa),https://lod.nal.usda.gov/nalt/259065,,False,skos:related,
head and neck neoplasms,cancer of neck; cancer of the head and neck; head and neck cancer; head cancers; head neoplasms; neck cancers; neck neoplasms,"head and neck neoplasms (cancer of neck, cancer of the head and neck, head and neck cancer, head cancers, head neoplasms, neck cancers, neck neoplasms)",https://lod.nal.usda.gov/nalt/273881,,False,skos:broader; skos:narrower,
head blight,,head blight,https://lod.nal.usda.gov/nalt/187953,,True,skos:related,
heat stress,heat shock,heat stress (heat shock),https://lod.nal.usda.gov/nalt/1731,,False,skos:related,
heat tolerance,critical thermal maxima; critical thermal maximum; heat resistance (organisms); thermal tolerance; thermotolerance,"heat tolerance (critical thermal maxima, critical thermal maximum, heat resistance (organisms), thermal tolerance, thermotolerance)",https://lod.nal.usda.gov/nalt/140,,False,skos:related,
Helminthosporium solani,Helminthosporium atrovirens; Spondylocladium atrovirens,"Helminthosporium solani (Helminthosporium atrovirens, Spondylocladium atrovirens)",https://lod.nal.usda.gov/nalt/45009,,False,skos:related,
hemangioma,angioma,hemangioma (angioma),https://lod.nal.usda.gov/nalt/706,,False,skos:broader; skos:narrower,
herbivores,folivores; folivorous organisms; folivory; herbivory; phytophagy,"herbivores (folivores, folivorous organisms, folivory, herbivory, phytophagy)",https://lod.nal.usda.gov/nalt/31997,,False,skos:related,
hypercalcemia,,hypercalcemia,https://lod.nal.usda.gov/nalt/46552,,False,skos:broader; skos:narrower,
hyperinsulinemia,hyperinsulinaemia; hyperinsulinism; insulinaemia; insulinemia,"hyperinsulinemia (hyperinsulinaemia, hyperinsulinism, insulinaemia, insulinemia)",https://lod.nal.usda.gov/nalt/46575,,False,skos:broader; skos:narrower,
hyperkalemia,,hyperkalemia,https://lod.nal.usda.gov/nalt/46576,,False,skos:broader; skos:narrower,
hyperketonemia,,hyperketonemia,https://lod.nal.usda.gov/nalt/46579,,False,skos:broader; skos:narrower,
hypersensitive response,hypersensitive reaction; hypersensitivity (plants); plant hypersensitivity,"hypersensitive response (hypersensitive reaction, hypersensitivity (plants), plant hypersensitivity)",https://lod.nal.usda.gov/nalt/11247,,False,skos:related,
hypocalcemia,hypocalcaemia,hypocalcemia (hypocalcaemia),https://lod.nal.usda.gov/nalt/46707,,False,skos:broader; skos:narrower,
hypokalemia,hypopotassaemia; hypopotassemia,"hypokalemia (hypopotassaemia, hypopotassemia)",https://lod.nal.usda.gov/nalt/46731,,False,skos:broader; skos:narrower,
hypomagnesemia,,hypomagnesemia,https://lod.nal.usda.gov/nalt/43742,,False,skos:broader; skos:narrower,
Hypomyces,Cladobotryum; Dactylium,"Hypomyces (Cladobotryum, Dactylium)",https://lod.nal.usda.gov/nalt/26724,,False,skos:related,
hyponatremia,,hyponatremia,https://lod.nal.usda.gov/nalt/46738,,False,skos:broader; skos:narrower,
hypothermia,,hypothermia,https://lod.nal.usda.gov/nalt/158,,False,skos:related,
infarction,infarct,infarction (infarct),https://lod.nal.usda.gov/nalt/47227,,False,skos:broader; skos:narrower,
inherited metabolic diseases,inborn errors of metabolism; inherited metabolic disorders,"inherited metabolic diseases (inborn errors of metabolism, inherited metabolic disorders)",https://lod.nal.usda.gov/nalt/2755,,False,skos:broader; skos:narrower,
Ipomoea batatas,,Ipomoea batatas,https://lod.nal.usda.gov/nalt/47629,,False,skos:related,
iron overload,,iron overload,https://lod.nal.usda.gov/nalt/202759,,False,skos:broader; skos:narrower,
Juglans cinerea,butternut tree,Juglans cinerea (butternut tree),https://lod.nal.usda.gov/nalt/20642,,False,skos:related,
ketonemia,,ketonemia,https://lod.nal.usda.gov/nalt/48344,,False,skos:broader; skos:narrower,
ketonuria,acetonuria; ketoaciduria,"ketonuria (acetonuria, ketoaciduria)",https://lod.nal.usda.gov/nalt/48342,,False,skos:broader; skos:narrower,
kidney neoplasms,cancer of the kidney; kidney cancer; renal cancer; renal neoplasms,"kidney neoplasms (cancer of the kidney, kidney cancer, renal cancer, renal neoplasms)",https://lod.nal.usda.gov/nalt/202739,,False,skos:broader; skos:narrower,
laminated root rot,,laminated root rot,https://lod.nal.usda.gov/nalt/339082,,True,skos:broader; skos:narrower,
laryngeal neoplasms,laryngeal cancer; larynx cancer,"laryngeal neoplasms (laryngeal cancer, larynx cancer)",https://lod.nal.usda.gov/nalt/243125,,False,skos:broader; skos:narrower,
Lauraceae,Cassythaceae; Perseaceae,"Lauraceae (Cassythaceae, Perseaceae)",https://lod.nal.usda.gov/nalt/3317,,False,skos:related,
leaf abscission,leaf fall; leaf shedding,"leaf abscission (leaf fall, leaf shedding)",https://lod.nal.usda.gov/nalt/1823,,False,skos:related,
leaf area,,leaf area,https://lod.nal.usda.gov/nalt/31998,,False,skos:related,
leaf blight,leaf and sheath blight; sheath blight,"leaf blight (leaf and sheath blight, sheath blight)",https://lod.nal.usda.gov/nalt/18026,,True,skos:broader; skos:narrower,
leafrollers,leaf folders; leaf rollers,"leafrollers (leaf folders, leaf rollers)",https://lod.nal.usda.gov/nalt/47436,,False,skos:related,
leaves,foliage,leaves (foliage),https://lod.nal.usda.gov/nalt/28537,,False,skos:related,
Leifsonia xyli subsp. xyli,Clavibacter xyli ssp. xyli; Clavibacter xyli subsp. xyli; Leifsonia xyli ssp. xyli,"Leifsonia xyli subsp. xyli (Clavibacter xyli ssp. xyli, Clavibacter xyli subsp. xyli, Leifsonia xyli ssp. xyli)",https://lod.nal.usda.gov/nalt/26713,,False,skos:related,
lethal yellowing,coconut lethal yellowing,lethal yellowing (coconut lethal yellowing),https://lod.nal.usda.gov/nalt/27573,,True,skos:broader; skos:narrower,
leukemia,leucocythaemia; leucocythemia; leukaemia,"leukemia (leucocythaemia, leucocythemia, leukaemia)",https://lod.nal.usda.gov/nalt/707,,False,skos:broader; skos:narrower,
lipid metabolism disorders,,lipid metabolism disorders,https://lod.nal.usda.gov/nalt/33401,,False,skos:broader; skos:narrower,
lipoma,,lipoma,https://lod.nal.usda.gov/nalt/708,,False,skos:broader; skos:narrower,
liver neoplasms,hepatic cancer; hepatic neoplasms; hepatic tumors; hepatic tumours; liver cancer; liver tumors; liver tumours,"liver neoplasms (hepatic cancer, hepatic neoplasms, hepatic tumors, hepatic tumours, liver cancer, liver tumors, liver tumours)",https://lod.nal.usda.gov/nalt/720,,False,skos:broader; skos:narrower,
lodging resistance,,lodging resistance,https://lod.nal.usda.gov/nalt/141,,False,skos:related,
Lophodermium,,Lophodermium,https://lod.nal.usda.gov/nalt/50627,,False,skos:related,
lung neoplasms,lung cancer; lung tumors; lung tumours; pulmonary cancer; pulmonary neoplasms; pulmonary tumors; pulmonary tumours,"lung neoplasms (lung cancer, lung tumors, lung tumours, pulmonary cancer, pulmonary neoplasms, pulmonary tumors, pulmonary tumours)",https://lod.nal.usda.gov/nalt/721,,False,skos:broader; skos:narrower,
lymphoma,,lymphoma,https://lod.nal.usda.gov/nalt/709,,False,skos:broader; skos:narrower,
malnutrition,malnourishment; undernutrition,"malnutrition (malnourishment, undernutrition)",https://lod.nal.usda.gov/nalt/20759,,False,skos:related,
mammary neoplasms (animal),animal mammary carcinoma; mammary cancer; mammary gland neoplasms; mammary gland tumors; mammary gland tumours; mammary tumors; mammary tumours,"mammary neoplasms (animal) (animal mammary carcinoma, mammary cancer, mammary gland neoplasms, mammary gland tumors, mammary gland tumours, mammary tumors, mammary tumours)",https://lod.nal.usda.gov/nalt/722,,False,skos:broader; skos:narrower,
Mangifera indica,Mangifera austroyunnanensis; Mangifera mekongensis; Mangifera siamensis,"Mangifera indica (Mangifera austroyunnanensis, Mangifera mekongensis, Mangifera siamensis)",https://lod.nal.usda.gov/nalt/51389,,False,skos:related,
mechanical stress,,mechanical stress,https://lod.nal.usda.gov/nalt/1734,,False,skos:related,
melanoma,,melanoma,https://lod.nal.usda.gov/nalt/710,,False,skos:broader; skos:narrower,
mesothelioma,,mesothelioma,https://lod.nal.usda.gov/nalt/711,,False,skos:broader; skos:narrower,
metastasis,metastases; neoplasm metastasis,"metastasis (metastases, neoplasm metastasis)",https://lod.nal.usda.gov/nalt/34027,,False,skos:related,
Moniliophthora perniciosa,Crinipellis perniciosa; Marasmius perniciosus,"Moniliophthora perniciosa (Crinipellis perniciosa, Marasmius perniciosus)",https://lod.nal.usda.gov/nalt/126484,,False,skos:related,
mycoherbicides,,mycoherbicides,https://lod.nal.usda.gov/nalt/45182,,False,skos:related,
Mycosphaerella fijiensis,Cercospora fijiensis; Cercospora fijiensis var. difformis; Mycosphaerella fijiensis var. difformis; Paracercospora fijiensis; Pseudocercospora fijiensis,"Mycosphaerella fijiensis (Cercospora fijiensis, Cercospora fijiensis var. difformis, Mycosphaerella fijiensis var. difformis, Paracercospora fijiensis, Pseudocercospora fijiensis)",https://lod.nal.usda.gov/nalt/17812,,False,skos:related,
Mycosphaerella musicola,,Mycosphaerella musicola,https://lod.nal.usda.gov/nalt/54135,,False,skos:related,
nastic movement,nyctinastic movement; nyctinasty; seismonastic movement; seismonasty; thermonastic movement; thermonasty; thigmonastic movement; thigmonasty,"nastic movement (nyctinastic movement, nyctinasty, seismonastic movement, seismonasty, thermonastic movement, thermonasty, thigmonastic movement, thigmonasty)",https://lod.nal.usda.gov/nalt/54365,,False,skos:related,
Nectria coccinea,,Nectria coccinea,https://lod.nal.usda.gov/nalt/54461,,False,skos:related,
neoplasm antigens,,neoplasm antigens,https://lod.nal.usda.gov/nalt/10363,,False,skos:related,
neoplasm cells,cancer cells; circulating cancer cells; circulating neoplastic cells; circulating tumor cells; circulating tumour cells; neoplasma cells; neoplastic cells; tumor cells; tumour cells,"neoplasm cells (cancer cells, circulating cancer cells, circulating neoplastic cells, circulating tumor cells, circulating tumour cells, neoplasma cells, neoplastic cells, tumor cells, tumour cells)",https://lod.nal.usda.gov/nalt/246543,,False,skos:related,
oak wilt,oak wilt disease,oak wilt (oak wilt disease),https://lod.nal.usda.gov/nalt/340356,,True,skos:broader; skos:narrower,
odontogenic neoplasms,ameloblastoma; odontogenic tumors,"odontogenic neoplasms (ameloblastoma, odontogenic tumors)",https://lod.nal.usda.gov/nalt/211611,,False,skos:broader; skos:narrower,
onion yellows,,onion yellows,https://lod.nal.usda.gov/nalt/55875,,True,skos:broader; skos:narrower,
Ophiognomonia clavigignenti-juglandacearum,Sirococcus clavigignenti-juglandacearum,Ophiognomonia clavigignenti-juglandacearum (Sirococcus clavigignenti-juglandacearum),https://lod.nal.usda.gov/nalt/228473,,False,skos:related,
Ophiosphaerella,,Ophiosphaerella,https://lod.nal.usda.gov/nalt/198745,,False,skos:related,
Ophiostoma novo-ulmi,,Ophiostoma novo-ulmi,https://lod.nal.usda.gov/nalt/281632,,False,skos:related,
orange rust,,orange rust,https://lod.nal.usda.gov/nalt/198731,,True,skos:broader; skos:narrower,
osmotic stress,osmotic shock,osmotic stress (osmotic shock),https://lod.nal.usda.gov/nalt/206247,,False,skos:broader; skos:narrower,
osteomalacia,,osteomalacia,https://lod.nal.usda.gov/nalt/18504,,False,skos:broader; skos:narrower,
osteonecrosis,Kienbock disease; Kienbock's disease; bone necrosis,"osteonecrosis (Kienbock disease, Kienbock's disease, bone necrosis)",https://lod.nal.usda.gov/nalt/313483,,False,skos:broader; skos:narrower,
ovarian neoplasms,ovarian cancer; ovarian tumors; ovarian tumours; ovary cancer; ovary neoplasms,"ovarian neoplasms (ovarian cancer, ovarian tumors, ovarian tumours, ovary cancer, ovary neoplasms)",https://lod.nal.usda.gov/nalt/723,,False,skos:broader; skos:narrower,
pancreatic neoplasms,cancer of pancreas; cancer of the pancreas; pancreas cancer; pancreas neoplasms; pancreatic cancer,"pancreatic neoplasms (cancer of pancreas, cancer of the pancreas, pancreas cancer, pancreas neoplasms, pancreatic cancer)",https://lod.nal.usda.gov/nalt/198272,,False,skos:broader; skos:narrower,
papilloma,papillomatosis; squamous cell papilloma,"papilloma (papillomatosis, squamous cell papilloma)",https://lod.nal.usda.gov/nalt/712,,False,skos:broader; skos:narrower,
pathological processes and conditions,,pathological processes and conditions,https://lod.nal.usda.gov/nalt/319,,False,skos:broader; skos:narrower,
pecans,,pecans,https://lod.nal.usda.gov/nalt/22739,,False,skos:related,
Pectobacterium,,Pectobacterium,https://lod.nal.usda.gov/nalt/37258,,False,skos:related,
Phaeocryptopus gaeumannii,,Phaeocryptopus gaeumannii,https://lod.nal.usda.gov/nalt/214741,,False,skos:related,
photoyellowing,light-induced yellowing,photoyellowing (light-induced yellowing),https://lod.nal.usda.gov/nalt/34000,,False,skos:related,
physical phenomena,,physical phenomena,https://lod.nal.usda.gov/nalt/233847,,False,skos:broader; skos:narrower,
Phytophthora,,Phytophthora,https://lod.nal.usda.gov/nalt/57515,,False,skos:related,
Phytophthora infestans,Botrytis infestans; Peronospora infestans; late blight; potato late blight,"Phytophthora infestans (Botrytis infestans, Peronospora infestans, late blight, potato late blight)",https://lod.nal.usda.gov/nalt/18857,,False,skos:related,
Phytophthora ramorum,,Phytophthora ramorum,https://lod.nal.usda.gov/nalt/58156,,False,skos:related,
Phytoplasma,Candidatus Phytoplasma; MLOs (mycoplasma-like organisms); Mycoplasma-like organisms (MLOs); mycoplasma-like organisms; mycoplasma-like organisms (plant pathogenic); mycoplasmalike organisms (plant pathogenic); plant yellows agents,"Phytoplasma (Candidatus Phytoplasma, MLOs (mycoplasma-like organisms), Mycoplasma-like organisms (MLOs), mycoplasma-like organisms, mycoplasma-like organisms (plant pathogenic), mycoplasmalike organisms (plant pathogenic), plant yellows agents)",https://lod.nal.usda.gov/nalt/1091,,False,skos:related,
plant growth,growth rate (plants),plant growth (growth rate (plants)),https://lod.nal.usda.gov/nalt/20266,,False,skos:broader; skos:narrower,
plant nutrition,diagnosis of plant nutrient status; mineral nutrition (plants); plant analysis of nutrient status; plant macronutrients; plant nutrient status,"plant nutrition (diagnosis of plant nutrient status, mineral nutrition (plants), plant analysis of nutrient status, plant macronutrients, plant nutrient status)",https://lod.nal.usda.gov/nalt/17679,,False,skos:related,
plant pathogens,pathogens of plants; phytopathogens,"plant pathogens (pathogens of plants, phytopathogens)",https://lod.nal.usda.gov/nalt/57067,,True,skos:broader; skos:narrower,
plant pathology,phytopathology,plant pathology (phytopathology),https://lod.nal.usda.gov/nalt/58596,,True,skos:broader; skos:narrower,
Plasmodiophora brassicae,,Plasmodiophora brassicae,https://lod.nal.usda.gov/nalt/58701,,False,skos:related,
Plenodomus biglobosus,Leptosphaeria biglobosa,Plenodomus biglobosus (Leptosphaeria biglobosa),https://lod.nal.usda.gov/nalt/234504,,False,skos:related,
Plenodomus lingam,Leptosphaeria maculans; Phoma lingam,"Plenodomus lingam (Leptosphaeria maculans, Phoma lingam)",https://lod.nal.usda.gov/nalt/49776,,False,skos:related,
Pleospora betae,Phoma betae; beet black rot fungus,"Pleospora betae (Phoma betae, beet black rot fungus)",https://lod.nal.usda.gov/nalt/58801,,False,skos:related,
Plum pox virus,PPV (Plum pox virus); Plum pox potyvirus; Prunus virus 7; Sarka virus; Scharka-virus; Sharka disease virus; Sharka virus,"Plum pox virus (PPV (Plum pox virus), Plum pox potyvirus, Prunus virus 7, Sarka virus, Scharka-virus, Sharka disease virus, Sharka virus)",https://lod.nal.usda.gov/nalt/58850,,False,skos:related,
Podosphaera macularis,,Podosphaera macularis,https://lod.nal.usda.gov/nalt/312908,,False,skos:related,
pods,,pods,https://lod.nal.usda.gov/nalt/41694,,False,skos:related,
potatoes,,potatoes,https://lod.nal.usda.gov/nalt/59404,,False,skos:related,
product quality,,product quality,https://lod.nal.usda.gov/nalt/4405,,False,skos:related,
production economics,factors of production; production factors,"production economics (factors of production, production factors)",https://lod.nal.usda.gov/nalt/5306,,False,skos:broader; skos:narrower,
prostatic neoplasms,prostate cancer; prostate carcinoma; prostate neoplasms; prostate tumors; prostate tumours; prostatic cancer; prostatic tumours; prostatis tumors,"prostatic neoplasms (prostate cancer, prostate carcinoma, prostate neoplasms, prostate tumors, prostate tumours, prostatic cancer, prostatic tumours, prostatis tumors)",https://lod.nal.usda.gov/nalt/724,,False,skos:broader; skos:narrower,
Pseudomonas,Liquidomonas; Loefflerella; fluorescent pseudomonads,"Pseudomonas (Liquidomonas, Loefflerella, fluorescent pseudomonads)",https://lod.nal.usda.gov/nalt/15220,,False,skos:related,
Pseudomonas syringae pv. savastanoi,Pseudomonas savastanoi; Pseudomonas savastanoi pv. savastanoi,"Pseudomonas syringae pv. savastanoi (Pseudomonas savastanoi, Pseudomonas savastanoi pv. savastanoi)",https://lod.nal.usda.gov/nalt/60304,,False,skos:related,
Pseudomonas syringae pv. tabaci,Pseudomonas angulata,Pseudomonas syringae pv. tabaci (Pseudomonas angulata),https://lod.nal.usda.gov/nalt/60202,,False,skos:related,
Pseudonectria buxi,Chaetostroma buxi; Tubercularia buxi; Volutella buxi,"Pseudonectria buxi (Chaetostroma buxi, Tubercularia buxi, Volutella buxi)",https://lod.nal.usda.gov/nalt/337007,,False,skos:related,
Pseudotsuga menziesii,Douglas fir; Pseudotsuga caesia; Pseudotsuga flahaultii; Pseudotsuga glauca,"Pseudotsuga menziesii (Douglas fir, Pseudotsuga caesia, Pseudotsuga flahaultii, Pseudotsuga glauca)",https://lod.nal.usda.gov/nalt/34433,,False,skos:related,
Puccinia recondita,Puccinia dispersa; Puccinia recondita f. sp. tritici; Puccinia rubigo-vera; Puccinia sardonensis; Puccinia triticina,"Puccinia recondita (Puccinia dispersa, Puccinia recondita f. sp. tritici, Puccinia rubigo-vera, Puccinia sardonensis, Puccinia triticina)",https://lod.nal.usda.gov/nalt/60498,,False,skos:related,
Pucciniales,Uredinales,Pucciniales (Uredinales),https://lod.nal.usda.gov/nalt/4446,,False,skos:related,
pycnidia,pycnidium,pycnidia (pycnidium),https://lod.nal.usda.gov/nalt/41782,,False,skos:related,
Pyrenophora teres,,Pyrenophora teres,https://lod.nal.usda.gov/nalt/60624,,False,skos:related,
Quercus,Cyclobalanopsis; oaks; turkey oaks,"Quercus (Cyclobalanopsis, oaks, turkey oaks)",https://lod.nal.usda.gov/nalt/39335,,False,skos:related,
Raffaelea,,Raffaelea,https://lod.nal.usda.gov/nalt/212514,,False,skos:related,
rain damage,,rain damage,https://lod.nal.usda.gov/nalt/305450,,False,skos:related,
refeeding syndrome,,refeeding syndrome,https://lod.nal.usda.gov/nalt/278130,,False,skos:broader; skos:narrower,
residual forests,,residual forests,https://lod.nal.usda.gov/nalt/305566,,False,skos:related,
rhizome rot,,rhizome rot,https://lod.nal.usda.gov/nalt/328473,,True,skos:broader; skos:narrower,
rice false smut,,rice false smut,https://lod.nal.usda.gov/nalt/323686,,True,skos:broader; skos:narrower,
root galls,,root galls,https://lod.nal.usda.gov/nalt/42221,,True,skos:broader; skos:narrower,
roots,plant roots,roots (plant roots),https://lod.nal.usda.gov/nalt/4425,,False,skos:related,
salt injury,,salt injury,https://lod.nal.usda.gov/nalt/306719,,False,skos:broader; skos:narrower,
salt stress,saline stress; salinity stress,"salt stress (saline stress, salinity stress)",https://lod.nal.usda.gov/nalt/1732,,True,skos:related,
sarcoid,equine sarcoid,sarcoid (equine sarcoid),https://lod.nal.usda.gov/nalt/725,,False,skos:broader; skos:narrower,
sarcoma,,sarcoma,https://lod.nal.usda.gov/nalt/713,,False,skos:broader; skos:narrower,
seed certification,,seed certification,https://lod.nal.usda.gov/nalt/24096,,False,skos:related,
seed-borne bacteria,seedborne bacteria,seed-borne bacteria (seedborne bacteria),https://lod.nal.usda.gov/nalt/15089,,False,skos:related,
seed-borne fungi,seed-borne fungus; seedborne fungi,"seed-borne fungi (seed-borne fungus, seedborne fungi)",https://lod.nal.usda.gov/nalt/37057,,False,skos:related,
seeds,kernels,seeds (kernels),https://lod.nal.usda.gov/nalt/20440,,False,skos:related,
skin neoplasms,skin cancer; skin tumors; skin tumours,"skin neoplasms (skin cancer, skin tumors, skin tumours)",https://lod.nal.usda.gov/nalt/241657,,False,skos:broader; skos:narrower,
soybean rust,soyabean rust,soybean rust (soyabean rust),https://lod.nal.usda.gov/nalt/92833,,True,skos:broader; skos:narrower,
splenic neoplasms,spleen cancers; spleen neoplasms,"splenic neoplasms (spleen cancers, spleen neoplasms)",https://lod.nal.usda.gov/nalt/243166,,False,skos:broader; skos:narrower,
stain fungi,stain fungus,stain fungi (stain fungus),https://lod.nal.usda.gov/nalt/18245,,False,skos:related,
stem blight,,stem blight,https://lod.nal.usda.gov/nalt/315576,,True,skos:broader; skos:narrower,
stem cankers,,stem cankers,https://lod.nal.usda.gov/nalt/21882,,True,skos:broader; skos:narrower,
stem galls,twig galls,stem galls (twig galls),https://lod.nal.usda.gov/nalt/42222,,True,skos:broader; skos:narrower,
stem rust,,stem rust,https://lod.nal.usda.gov/nalt/189055,,True,skos:broader; skos:narrower,
storage temperature,,storage temperature,https://lod.nal.usda.gov/nalt/64225,,False,skos:related,
storms,,storms,https://lod.nal.usda.gov/nalt/13656,,False,skos:related,
stress response,response to stress,stress response (response to stress),https://lod.nal.usda.gov/nalt/146600,,False,skos:related,
stripe rust,yellow rust; yellow-rust,"stripe rust (yellow rust, yellow-rust)",https://lod.nal.usda.gov/nalt/210908,,True,skos:broader; skos:narrower,
stumps,stump wood; stumpwood; tree stumps,"stumps (stump wood, stumpwood, tree stumps)",https://lod.nal.usda.gov/nalt/58628,,False,skos:related,
sugarcane rust,,sugarcane rust,https://lod.nal.usda.gov/nalt/312566,,True,skos:broader; skos:narrower,
sweet potatoes,sweetpotatoes,sweet potatoes (sweetpotatoes),https://lod.nal.usda.gov/nalt/47647,,False,skos:related,
tangerines,,tangerines,https://lod.nal.usda.gov/nalt/26552,,False,skos:related,
Texas Phoenix palm decline,Texas Phoenix decline,Texas Phoenix palm decline (Texas Phoenix decline),https://lod.nal.usda.gov/nalt/311283,,True,skos:broader; skos:narrower,
thermal stress,,thermal stress,https://lod.nal.usda.gov/nalt/198222,,False,skos:broader; skos:narrower,
thymoma,,thymoma,https://lod.nal.usda.gov/nalt/726,,False,skos:broader; skos:narrower,
Tilletia indica,Neovossia indica,Tilletia indica (Neovossia indica),https://lod.nal.usda.gov/nalt/54612,,False,skos:related,
tissue degeneration,,tissue degeneration,https://lod.nal.usda.gov/nalt/770,,False,skos:related,
tomato bacterial speck,bacterial speck of tomato; tomato speck disease,"tomato bacterial speck (bacterial speck of tomato, tomato speck disease)",https://lod.nal.usda.gov/nalt/331426,,True,skos:broader; skos:narrower,
trampling damage,,trampling damage,https://lod.nal.usda.gov/nalt/31674,,False,skos:broader; skos:narrower,
transmissible venereal tumors,transmissible venereal tumor; transmissible venereal tumours,"transmissible venereal tumors (transmissible venereal tumor, transmissible venereal tumours)",https://lod.nal.usda.gov/nalt/727,,False,skos:broader; skos:narrower,
tropisms,,tropisms,https://lod.nal.usda.gov/nalt/14074,,False,skos:related,
urban horticulture,,urban horticulture,https://lod.nal.usda.gov/nalt/68414,,False,skos:related,
uremia,azotemia,uremia (azotemia),https://lod.nal.usda.gov/nalt/14378,,False,skos:broader; skos:narrower,
urinary bladder neoplasms,bladder cancer; bladder neoplasms; bladder tumors; urinary bladder cancer,"urinary bladder neoplasms (bladder cancer, bladder neoplasms, bladder tumors, urinary bladder cancer)",https://lod.nal.usda.gov/nalt/216769,,False,skos:broader; skos:narrower,
Ustilaginoidea virens,Claviceps oryzae-sativae; Claviceps virens; Sphacelotheca virens; Tilletia oryzae; Ustilaginoidea albicans; Ustilago virens; Villosiclava virens,"Ustilaginoidea virens (Claviceps oryzae-sativae, Claviceps virens, Sphacelotheca virens, Tilletia oryzae, Ustilaginoidea albicans, Ustilago virens, Villosiclava virens)",https://lod.nal.usda.gov/nalt/212103,,False,skos:related,
uterine neoplasms,uterine cancer; uterine tumors; uterine tumours; uterus cancer; uterus neoplasms,"uterine neoplasms (uterine cancer, uterine tumors, uterine tumours, uterus cancer, uterus neoplasms)",https://lod.nal.usda.gov/nalt/132404,,False,skos:broader; skos:narrower,
Venturia inaequalis,Fusicladium pomi,Venturia inaequalis (Fusicladium pomi),https://lod.nal.usda.gov/nalt/11295,,False,skos:related,
Verticillium wilt,,Verticillium wilt,https://lod.nal.usda.gov/nalt/41814,,True,skos:broader; skos:narrower,
warts,,warts,https://lod.nal.usda.gov/nalt/54592,,False,skos:broader; skos:narrower,
water deprivation,,water deprivation,https://lod.nal.usda.gov/nalt/33355,,False,skos:broader; skos:narrower,
wetwood,wet wood,wetwood (wet wood),https://lod.nal.usda.gov/nalt/15212,,False,skos:related,
wheat,bread wheat,wheat (bread wheat),https://lod.nal.usda.gov/nalt/39377,,False,skos:related,
wilting point,permanent wilting point,wilting point (permanent wilting point),https://lod.nal.usda.gov/nalt/57491,,False,skos:related,
wind damage,,wind damage,https://lod.nal.usda.gov/nalt/220319,,False,skos:related,
windthrow,wind throw; windfall; windsnap,"windthrow (wind throw, windfall, windsnap)",https://lod.nal.usda.gov/nalt/144670,,True,skos:broader; skos:narrower,
winterkill,,winterkill,https://lod.nal.usda.gov/nalt/193011,,False,skos:related,
Xylella fastidiosa,,Xylella fastidiosa,https://lod.nal.usda.gov/nalt/26573,,False,skos:related,
16SrI (Aster yellows group),Aster yellows group,16SrI (Aster yellows group) (Aster yellows group),https://lod.nal.usda.gov/nalt/1223,,False,skos:broader; skos:narrower,
16SrII (Peanut WB group),Peanut WB group,16SrII (Peanut WB group) (Peanut WB group),https://lod.nal.usda.gov/nalt/1236,,False,skos:broader; skos:narrower,
16SrIII (X-disease group),X-disease group,16SrIII (X-disease group) (X-disease group),https://lod.nal.usda.gov/nalt/1242,,False,skos:broader; skos:narrower,
16SrIV (Coconut lethal yellows group),Coconut lethal yellows group,16SrIV (Coconut lethal yellows group) (Coconut lethal yellows group),https://lod.nal.usda.gov/nalt/1258,,False,skos:related,
16SrIX (Pigeon pea witches'-broom group),16SrIX (Pigeon pea witches' broom group); Pigeon pea witches' broom group; Pigeon pea witches'-broom group,"16SrIX (Pigeon pea witches'-broom group) (16SrIX (Pigeon pea witches' broom group), Pigeon pea witches' broom group, Pigeon pea witches'-broom group)",https://lod.nal.usda.gov/nalt/1264,,False,skos:broader; skos:narrower,
16SrV (Elm yellows group),Elm yellows group,16SrV (Elm yellows group) (Elm yellows group),https://lod.nal.usda.gov/nalt/1268,,False,skos:broader; skos:narrower,
16SrVI (Clover proliferation group),Clover proliferation group,16SrVI (Clover proliferation group) (Clover proliferation group),https://lod.nal.usda.gov/nalt/1276,,False,skos:broader; skos:narrower,
16SrVII (Ash yellows group),Ash yellows group,16SrVII (Ash yellows group) (Ash yellows group),https://lod.nal.usda.gov/nalt/1280,,False,skos:broader; skos:narrower,
16SrVIII (Loofah witches'-broom group),16SrVIII (Loofah witches' broom group); Loofah witches' broom group; Loofah witches'-broom group,"16SrVIII (Loofah witches'-broom group) (16SrVIII (Loofah witches' broom group), Loofah witches' broom group, Loofah witches'-broom group)",https://lod.nal.usda.gov/nalt/1284,,False,skos:broader; skos:narrower,
16SrX (Apple proliferation group),Apple proliferation group,16SrX (Apple proliferation group) (Apple proliferation group),https://lod.nal.usda.gov/nalt/1288,,False,skos:broader; skos:narrower,
16SrXI (Rice yellow dwarf group),Rice yellow dwarf group,16SrXI (Rice yellow dwarf group) (Rice yellow dwarf group),https://lod.nal.usda.gov/nalt/1293,,False,skos:broader; skos:narrower,
16SrXII (Stolbur group),Stolbur group,16SrXII (Stolbur group) (Stolbur group),https://lod.nal.usda.gov/nalt/1296,,False,skos:broader; skos:narrower,
16SrXIII (Mexican periwinkle virescence group),Mexican periwinkle virescence group,16SrXIII (Mexican periwinkle virescence group) (Mexican periwinkle virescence group),https://lod.nal.usda.gov/nalt/1303,,False,skos:broader; skos:narrower,
16SrXIV (Bermuda white leaf group),Bermuda white leaf group,16SrXIV (Bermuda white leaf group) (Bermuda white leaf group),https://lod.nal.usda.gov/nalt/1306,,False,skos:broader; skos:narrower,
16SrXV (Hibiscus witches'-broom group),16SrXV (Hibiscus witches' broom group); Hibiscus witches' broom group; Hibiscus witches'-broom group,"16SrXV (Hibiscus witches'-broom group) (16SrXV (Hibiscus witches' broom group), Hibiscus witches' broom group, Hibiscus witches'-broom group)",https://lod.nal.usda.gov/nalt/1313,,False,skos:broader; skos:narrower,
16SrXXI (Pine shoot proliferation group),,16SrXXI (Pine shoot proliferation group),https://lod.nal.usda.gov/nalt/300022,,False,skos:broader; skos:narrower,
abnormal development,atresia; developmental abnormalities,"abnormal development (atresia, developmental abnormalities)",https://lod.nal.usda.gov/nalt/730,,False,skos:broader; skos:narrower,
abscission,,abscission,https://lod.nal.usda.gov/nalt/1820,,False,skos:broader; skos:narrower,
Acholeplasmataceae,,Acholeplasmataceae,https://lod.nal.usda.gov/nalt/2603,,False,skos:broader; skos:narrower,
acid rain,acidic rain,acid rain (acidic rain),https://lod.nal.usda.gov/nalt/70456,,False,skos:related,
Aecidium,,Aecidium,https://lod.nal.usda.gov/nalt/105031,,False,skos:broader; skos:narrower,
aeciospores,,aeciospores,https://lod.nal.usda.gov/nalt/4444,,False,skos:related,
agricultural productivity,,agricultural productivity,https://lod.nal.usda.gov/nalt/301719,,False,skos:broader; skos:narrower,
Agrobacterium radiobacter,Agrobacterium tumefaciens; Rhizobium radiobacter,"Agrobacterium radiobacter (Agrobacterium tumefaciens, Rhizobium radiobacter)",https://lod.nal.usda.gov/nalt/5537,,False,skos:related,
Albugo,,Albugo,https://lod.nal.usda.gov/nalt/6025,,False,skos:related,
alopecia,hair loss,alopecia (hair loss),https://lod.nal.usda.gov/nalt/731,,False,skos:broader; skos:narrower,
animal pathology,,animal pathology,https://lod.nal.usda.gov/nalt/9407,,False,skos:related,
animal suffering,,animal suffering,https://lod.nal.usda.gov/nalt/329682,,False,skos:broader; skos:narrower,
antifreeze proteins,antifreeze glycopeptides; antifreeze glycoproteins; antifreeze peptides,"antifreeze proteins (antifreeze glycopeptides, antifreeze glycoproteins, antifreeze peptides)",https://lod.nal.usda.gov/nalt/230341,,False,skos:related,
apoptosis,type 1 programmed cell death,apoptosis (type 1 programmed cell death),https://lod.nal.usda.gov/nalt/11242,,False,skos:related,
Arecaceae,Nypaceae; Palmae; Principes; palm trees,"Arecaceae (Nypaceae, Palmae, Principes, palm trees)",https://lod.nal.usda.gov/nalt/3096,,False,skos:related,
Armillaria,Armillariella; honey fungi; honey mushrooms,"Armillaria (Armillariella, honey fungi, honey mushrooms)",https://lod.nal.usda.gov/nalt/4983,,False,skos:related,
ascites,pulmonary hypertensive syndrome,ascites (pulmonary hypertensive syndrome),https://lod.nal.usda.gov/nalt/733,,False,skos:broader; skos:narrower,
Aster yellows phytoplasma,Aster yellows mycoplasma-like organism,Aster yellows phytoplasma (Aster yellows mycoplasma-like organism),https://lod.nal.usda.gov/nalt/1227,,False,skos:related,
atmospheric disturbances,,atmospheric disturbances,https://lod.nal.usda.gov/nalt/13654,,False,skos:broader; skos:narrower,
atrophy,,atrophy,https://lod.nal.usda.gov/nalt/734,,False,skos:broader; skos:narrower,
bacterial shedding,,bacterial shedding,https://lod.nal.usda.gov/nalt/206476,,False,skos:broader; skos:narrower,
beans,,beans,https://lod.nal.usda.gov/nalt/16204,,False,skos:related,
bending stress,,bending stress,https://lod.nal.usda.gov/nalt/300805,,False,skos:broader; skos:narrower,
biological resistance,biocide resistance,biological resistance (biocide resistance),https://lod.nal.usda.gov/nalt/114,,False,skos:broader; skos:narrower,
blisters,,blisters,https://lod.nal.usda.gov/nalt/736,,False,skos:broader; skos:narrower,
blue-stain fungi,blue stain fungi; blue-stain fungus; bluestain fungi,"blue-stain fungi (blue stain fungi, blue-stain fungus, bluestain fungi)",https://lod.nal.usda.gov/nalt/18240,,False,skos:broader; skos:narrower,
boring insects,stalk borers; stem borers; wood borers,"boring insects (stalk borers, stem borers, wood borers)",https://lod.nal.usda.gov/nalt/18657,,False,skos:related,
Bretziella fagacearum,Ceratocystis fagacearum; Chalara quercina; Endoconidiophora fagacearum; Thielaviopsis quercina,"Bretziella fagacearum (Ceratocystis fagacearum, Chalara quercina, Endoconidiophora fagacearum, Thielaviopsis quercina)",https://lod.nal.usda.gov/nalt/23905,,False,skos:related,
cachexia,,cachexia,https://lod.nal.usda.gov/nalt/20757,,False,skos:related,
calculi,,calculi,https://lod.nal.usda.gov/nalt/737,,False,skos:broader; skos:narrower,
Candidatus Phytoplasma mali,Apple proliferation mycoplasma-like organism; Apple proliferation phytoplasma,"Candidatus Phytoplasma mali (Apple proliferation mycoplasma-like organism, Apple proliferation phytoplasma)",https://lod.nal.usda.gov/nalt/1290,,False,skos:related,
cardiotoxicity,cardiac toxicity,cardiotoxicity (cardiac toxicity),https://lod.nal.usda.gov/nalt/318267,,False,skos:broader; skos:narrower,
carrier state,carrier status; disease carriers; latent infections,"carrier state (carrier status, disease carriers, latent infections)",https://lod.nal.usda.gov/nalt/320,,False,skos:broader; skos:narrower,
cell biology,cellular biology; cytology,"cell biology (cellular biology, cytology)",https://lod.nal.usda.gov/nalt/17472,,False,skos:broader; skos:narrower,
cell senescence,cellular senescence,cell senescence (cellular senescence),https://lod.nal.usda.gov/nalt/264819,,False,skos:related,
Chaconiaceae,,Chaconiaceae,https://lod.nal.usda.gov/nalt/125684,,False,skos:broader; skos:narrower,
chlamydospores,,chlamydospores,https://lod.nal.usda.gov/nalt/25275,,False,skos:related,
cold shock proteins,cold shock peptides; cold stress peptides; cold stress proteins,"cold shock proteins (cold shock peptides, cold stress peptides, cold stress proteins)",https://lod.nal.usda.gov/nalt/241641,,False,skos:related,
Coleosporiaceae,,Coleosporiaceae,https://lod.nal.usda.gov/nalt/125745,,False,skos:broader; skos:narrower,
comandra blister rust,,comandra blister rust,https://lod.nal.usda.gov/nalt/339101,,True,skos:broader; skos:narrower,
complications (disease),associated disease conditions; coexistent disease conditions; concomitant disease conditions; concurrent disease conditions; disease complications; sequelae,"complications (disease) (associated disease conditions, coexistent disease conditions, concomitant disease conditions, concurrent disease conditions, disease complications, sequelae)",https://lod.nal.usda.gov/nalt/738,,False,skos:broader; skos:narrower,
conidiomata,,conidiomata,https://lod.nal.usda.gov/nalt/278493,,False,skos:broader; skos:narrower,
constipation,,constipation,https://lod.nal.usda.gov/nalt/28643,,False,skos:broader; skos:narrower,
coral bleaching,,coral bleaching,https://lod.nal.usda.gov/nalt/240237,,False,skos:broader; skos:narrower,
Cronartiaceae,,Cronartiaceae,https://lod.nal.usda.gov/nalt/125776,,False,skos:broader; skos:narrower,
Cronartium fusiforme,Cronartium quercuum f. sp. fusiforme,Cronartium fusiforme (Cronartium quercuum f. sp. fusiforme),https://lod.nal.usda.gov/nalt/30099,,False,skos:related,
crop insurance,,crop insurance,https://lod.nal.usda.gov/nalt/30125,,False,skos:related,
crop production,crop plant production,crop production (crop plant production),https://lod.nal.usda.gov/nalt/16,,False,skos:related,
crops,agricultural crops; agricultural plants; crop plants,"crops (agricultural crops, agricultural plants, crop plants)",https://lod.nal.usda.gov/nalt/7140,,False,skos:related,
cryogenics,,cryogenics,https://lod.nal.usda.gov/nalt/229499,,False,skos:related,
Cynipidae,cynipid gall wasps; cynipids; gall wasps,"Cynipidae (cynipid gall wasps, cynipids, gall wasps)",https://lod.nal.usda.gov/nalt/6737,,False,skos:related,
cysts (pathology),cysts (neoplasms),cysts (pathology) (cysts (neoplasms)),https://lod.nal.usda.gov/nalt/31382,,False,skos:broader; skos:narrower,
death,,death,https://lod.nal.usda.gov/nalt/739,,False,skos:broader; skos:narrower,
decayed wood,decayed timber; timber decay; wood decay,"decayed wood (decayed timber, timber decay, wood decay)",https://lod.nal.usda.gov/nalt/31898,,False,skos:related,
deficiency diseases,deficiency diseases and disorders; deficiency disorders; nutritional deficiency diseases,"deficiency diseases (deficiency diseases and disorders, deficiency disorders, nutritional deficiency diseases)",https://lod.nal.usda.gov/nalt/16732,,False,skos:broader; skos:narrower,
deformation,,deformation,https://lod.nal.usda.gov/nalt/32000,,False,skos:broader; skos:narrower,
dehydrins,,dehydrins,https://lod.nal.usda.gov/nalt/287394,,False,skos:related,
diarrhea,diarrheal illness; diarrhoea; scours (disease),"diarrhea (diarrheal illness, diarrhoea, scours (disease))",https://lod.nal.usda.gov/nalt/10285,,False,skos:broader; skos:narrower,
die-off,die off; dieoff,"die-off (die off, dieoff)",https://lod.nal.usda.gov/nalt/33319,,False,skos:broader; skos:narrower,
diet,dietary factors,diet (dietary factors),https://lod.nal.usda.gov/nalt/295,,False,skos:related,
disaster assistance,disaster payments,disaster assistance (disaster payments),https://lod.nal.usda.gov/nalt/30128,,False,skos:related,
disasters,manmade disasters; natural disasters,"disasters (manmade disasters, natural disasters)",https://lod.nal.usda.gov/nalt/2151,,False,skos:related,
disease course,clinical course,disease course (clinical course),https://lod.nal.usda.gov/nalt/321,,False,skos:broader; skos:narrower,
disease progression,disease exacerbation,disease progression (disease exacerbation),https://lod.nal.usda.gov/nalt/78060,,False,skos:broader; skos:narrower,
disease susceptibility,diathesis; susceptible to disease; susceptible to illness; susceptible to infection,"disease susceptibility (diathesis, susceptible to disease, susceptible to illness, susceptible to infection)",https://lod.nal.usda.gov/nalt/78062,,False,skos:broader; skos:narrower,
diverticulum,diverticulosis,diverticulum (diverticulosis),https://lod.nal.usda.gov/nalt/742,,False,skos:broader; skos:narrower,
dry environmental conditions,arid conditions; arid environments; aridity; dry environment; dry environments; xeric conditions; xeric environment; xeric environments; xeric habitats,"dry environmental conditions (arid conditions, arid environments, aridity, dry environment, dry environments, xeric conditions, xeric environment, xeric environments, xeric habitats)",https://lod.nal.usda.gov/nalt/12165,,False,skos:related,
dry tropics,,dry tropics,https://lod.nal.usda.gov/nalt/221163,,False,skos:related,
dust storms,duststorms; sand storms,"dust storms (duststorms, sand storms)",https://lod.nal.usda.gov/nalt/34943,,False,skos:broader; skos:narrower,
dwarf cultivars,dwarf varieties,dwarf cultivars (dwarf varieties),https://lod.nal.usda.gov/nalt/30657,,False,skos:related,
dysbiosis,disbacteriosis; disbiosis; dysbacteriosis,"dysbiosis (disbacteriosis, disbiosis, dysbacteriosis)",https://lod.nal.usda.gov/nalt/308268,,False,skos:broader; skos:narrower,
elicitors,,elicitors,https://lod.nal.usda.gov/nalt/210530,,False,skos:related,
encystment,encystation,encystment (encystation),https://lod.nal.usda.gov/nalt/743,,False,skos:broader; skos:narrower,
endophytes,,endophytes,https://lod.nal.usda.gov/nalt/37056,,False,skos:related,
excystation,excystment,excystation (excystment),https://lod.nal.usda.gov/nalt/745,,False,skos:broader; skos:narrower,
failure to thrive,,failure to thrive,https://lod.nal.usda.gov/nalt/1761,,False,skos:related,
famine,,famine,https://lod.nal.usda.gov/nalt/39451,,False,skos:related,
feed deprivation,feed withdrawal,feed deprivation (feed withdrawal),https://lod.nal.usda.gov/nalt/9181,,False,skos:related,
fibrosis,,fibrosis,https://lod.nal.usda.gov/nalt/746,,False,skos:broader; skos:narrower,
fistula,,fistula,https://lod.nal.usda.gov/nalt/747,,False,skos:broader; skos:narrower,
flooded conditions,water logging; waterlogged conditions; waterlogging,"flooded conditions (water logging, waterlogged conditions, waterlogging)",https://lod.nal.usda.gov/nalt/40586,,False,skos:related,
food deprivation,,food deprivation,https://lod.nal.usda.gov/nalt/33354,,False,skos:related,
food intake,dietary intake,food intake (dietary intake),https://lod.nal.usda.gov/nalt/11272,,False,skos:related,
frost protection,,frost protection,https://lod.nal.usda.gov/nalt/301428,,False,skos:related,
frost resistance,frost tolerance,frost resistance (frost tolerance),https://lod.nal.usda.gov/nalt/27790,,False,skos:related,
gene-for-gene relationship,,gene-for-gene relationship,https://lod.nal.usda.gov/nalt/34051,,False,skos:related,
Glycine max,Dolichos soja; Glycine gracilis; Glycine hispida; Glycine hispida var. brunnea; Glycine hispida var. lutea; Phaseolus max; Soja hispida; Soja max,"Glycine max (Dolichos soja, Glycine gracilis, Glycine hispida, Glycine hispida var. brunnea, Glycine hispida var. lutea, Phaseolus max, Soja hispida, Soja max)",https://lod.nal.usda.gov/nalt/34329,,False,skos:related,
granuloma,,granuloma,https://lod.nal.usda.gov/nalt/748,,False,skos:broader; skos:narrower,
grimace scale,,grimace scale,https://lod.nal.usda.gov/nalt/313200,,False,skos:related,
growth disorders,,growth disorders,https://lod.nal.usda.gov/nalt/1762,,False,skos:related,
gummy stem blight,,gummy stem blight,https://lod.nal.usda.gov/nalt/315580,,True,skos:broader; skos:narrower,
Gymnosporangium juniperi-virginianae,,Gymnosporangium juniperi-virginianae,https://lod.nal.usda.gov/nalt/44138,,False,skos:related,
health status,acute physiology; acute physiology and chronic health evaluation; hematologic status,"health status (acute physiology, acute physiology and chronic health evaluation, hematologic status)",https://lod.nal.usda.gov/nalt/20758,,False,skos:related,
heat shock response,heat shock reaction; heat shock stress response; heat stress reaction; heat stress response,"heat shock response (heat shock reaction, heat shock stress response, heat stress reaction, heat stress response)",https://lod.nal.usda.gov/nalt/240471,,False,skos:broader; skos:narrower,
hematuria,haematuria,hematuria (haematuria),https://lod.nal.usda.gov/nalt/749,,False,skos:broader; skos:narrower,
hemolysis,haemolysis,hemolysis (haemolysis),https://lod.nal.usda.gov/nalt/750,,False,skos:broader; skos:narrower,
hemorrhage,bleeding; haemorrhage,"hemorrhage (bleeding, haemorrhage)",https://lod.nal.usda.gov/nalt/751,,False,skos:broader; skos:narrower,
hernia,,hernia,https://lod.nal.usda.gov/nalt/752,,False,skos:broader; skos:narrower,
histopathology,,histopathology,https://lod.nal.usda.gov/nalt/9409,,False,skos:related,
hunger,,hunger,https://lod.nal.usda.gov/nalt/11270,,False,skos:related,
hurricanes,tropical cyclones,hurricanes (tropical cyclones),https://lod.nal.usda.gov/nalt/46181,,False,skos:broader; skos:narrower,
hyperbilirubinemia,bilirubinemia,hyperbilirubinemia (bilirubinemia),https://lod.nal.usda.gov/nalt/753,,False,skos:broader; skos:narrower,
hyperlipidemia,dyslipidemia; hyperlipemia; hyperlipidaemia; lipemia; lipidemia,"hyperlipidemia (dyslipidemia, hyperlipemia, hyperlipidaemia, lipemia, lipidemia)",https://lod.nal.usda.gov/nalt/10402,,False,skos:broader; skos:narrower,
hyperplasia,,hyperplasia,https://lod.nal.usda.gov/nalt/754,,False,skos:broader; skos:narrower,
hypersensitivity,allergic reaction; allergies; allergy,"hypersensitivity (allergic reaction, allergies, allergy)",https://lod.nal.usda.gov/nalt/6555,,False,skos:related,
hypertrophy,,hypertrophy,https://lod.nal.usda.gov/nalt/755,,False,skos:broader; skos:narrower,
hyperuricemia,,hyperuricemia,https://lod.nal.usda.gov/nalt/203515,,False,skos:broader; skos:narrower,
hypolipidemia,hypolipemia; hypolipidaemia,"hypolipidemia (hypolipemia, hypolipidaemia)",https://lod.nal.usda.gov/nalt/46715,,False,skos:broader; skos:narrower,
hypovolemic shock,hypovolemia,hypovolemic shock (hypovolemia),https://lod.nal.usda.gov/nalt/756,,False,skos:broader; skos:narrower,
inflammation,inflammatory response,inflammation (inflammatory response),https://lod.nal.usda.gov/nalt/758,,False,skos:broader; skos:narrower,
inoculation methods,inoculation techniques,inoculation methods (inoculation techniques),https://lod.nal.usda.gov/nalt/11341,,False,skos:related,
insect pests,,insect pests,https://lod.nal.usda.gov/nalt/9355,,False,skos:broader; skos:narrower,
Irish potato famine,,Irish potato famine,https://lod.nal.usda.gov/nalt/281119,,False,skos:related,
ischemia,ischaemia,ischemia (ischaemia),https://lod.nal.usda.gov/nalt/47799,,False,skos:broader; skos:narrower,
leafminers,leaf miners,leafminers (leaf miners),https://lod.nal.usda.gov/nalt/5621,,False,skos:related,
lipoprotein metabolism,lipoprotein catabolism,lipoprotein metabolism (lipoprotein catabolism),https://lod.nal.usda.gov/nalt/342212,,False,skos:related,
lipotoxicity,,lipotoxicity,https://lod.nal.usda.gov/nalt/261791,,False,skos:broader; skos:narrower,
malabsorption,,malabsorption,https://lod.nal.usda.gov/nalt/23351,,False,skos:related,
male sterility,male infertility,male sterility (male infertility),https://lod.nal.usda.gov/nalt/85287,,False,skos:broader; skos:narrower,
Masseeella,Masseeëlla,Masseeella (Masseeëlla),https://lod.nal.usda.gov/nalt/264461,,False,skos:broader; skos:narrower,
mechanics,,mechanics,https://lod.nal.usda.gov/nalt/2134,,False,skos:broader; skos:narrower,
mechanotransduction,cellular mechanotransduction; mechanical signal transduction; mechanosensory transduction,"mechanotransduction (cellular mechanotransduction, mechanical signal transduction, mechanosensory transduction)",https://lod.nal.usda.gov/nalt/246188,,False,skos:related,
Melampsoraceae,,Melampsoraceae,https://lod.nal.usda.gov/nalt/126204,,False,skos:broader; skos:narrower,
metaplasia,,metaplasia,https://lod.nal.usda.gov/nalt/760,,False,skos:broader; skos:narrower,
Mikronegeriaceae,,Mikronegeriaceae,https://lod.nal.usda.gov/nalt/126263,,False,skos:broader; skos:narrower,
miniature breeds,toy breeds,miniature breeds (toy breeds),https://lod.nal.usda.gov/nalt/19705,,False,skos:related,
miniature cultivars,miniature varieties,miniature cultivars (miniature varieties),https://lod.nal.usda.gov/nalt/30660,,False,skos:related,
Moniliophthora roreri,,Moniliophthora roreri,https://lod.nal.usda.gov/nalt/53334,,False,skos:related,
nutrient intake,vitamin intake,nutrient intake (vitamin intake),https://lod.nal.usda.gov/nalt/22201,,False,skos:related,
nutritional adequacy,,nutritional adequacy,https://lod.nal.usda.gov/nalt/33358,,False,skos:related,
nutritional status,nutrition status; nutritional state; nutritive status,"nutritional status (nutrition status, nutritional state, nutritive status)",https://lod.nal.usda.gov/nalt/33380,,False,skos:related,
obesity,,obesity,https://lod.nal.usda.gov/nalt/762,,False,skos:broader; skos:narrower,
Ophiovirus,,Ophiovirus,https://lod.nal.usda.gov/nalt/26546,,False,skos:broader; skos:narrower,
orange rust of sugarcane,sugarcane orange rust,orange rust of sugarcane (sugarcane orange rust),https://lod.nal.usda.gov/nalt/312568,,True,skos:broader; skos:narrower,
Oryza sativa,Oryza glutinosa; Oryza sativa cv. italica; Oryza sativa ssp. indica; Oryza sativa ssp. japonica; Oryza sativa subsp. indica; Oryza sativa subsp. japonica; Oryza sativa var. affinis; Oryza sativa var. erythroceros; Oryza sativa var. flavoacies; Oryza sativa var. japonica; Oryza sativa var. melanacra; Oryza sativa var. suberythroceros; Oryza sativa var. vulgaris; Oryza sativa var. zeravschanica,"Oryza sativa (Oryza glutinosa, Oryza sativa cv. italica, Oryza sativa ssp. indica, Oryza sativa ssp. japonica, Oryza sativa subsp. indica, Oryza sativa subsp. japonica, Oryza sativa var. affinis, Oryza sativa var. erythroceros, Oryza sativa var. flavoacies, Oryza sativa var. japonica, Oryza sativa var. melanacra, Oryza sativa var. suberythroceros, Oryza sativa var. vulgaris, Oryza sativa var. zeravschanica)",https://lod.nal.usda.gov/nalt/56277,,False,skos:related,
overnutrition,hypernutrition,overnutrition (hypernutrition),https://lod.nal.usda.gov/nalt/343017,,False,skos:related,
overweight,,overweight,https://lod.nal.usda.gov/nalt/18372,,False,skos:related,
oxidative stress,,oxidative stress,https://lod.nal.usda.gov/nalt/764,,False,skos:related,
pathogenesis,,pathogenesis,https://lod.nal.usda.gov/nalt/765,,False,skos:broader; skos:narrower,
pathogenesis-related proteins,defense-related proteins,pathogenesis-related proteins (defense-related proteins),https://lod.nal.usda.gov/nalt/46600,,False,skos:related,
pathogens,infectious agents; infectious pathogens,"pathogens (infectious agents, infectious pathogens)",https://lod.nal.usda.gov/nalt/838,,False,skos:broader; skos:narrower,
pathophysiology,physiopathology,pathophysiology (physiopathology),https://lod.nal.usda.gov/nalt/9411,,False,skos:related,
Peridermium,,Peridermium,https://lod.nal.usda.gov/nalt/57452,,False,skos:broader; skos:narrower,
Phakopsora pachyrhizi,Malupa meibomiae; Physopella meibomiae,"Phakopsora pachyrhizi (Malupa meibomiae, Physopella meibomiae)",https://lod.nal.usda.gov/nalt/57662,,False,skos:related,
Phakopsoraceae,,Phakopsoraceae,https://lod.nal.usda.gov/nalt/126421,,False,skos:broader; skos:narrower,
Phlaeothripidae,,Phlaeothripidae,https://lod.nal.usda.gov/nalt/8255,,False,skos:related,
photochemical reactions,photoreaction,photochemical reactions (photoreaction),https://lod.nal.usda.gov/nalt/24679,,False,skos:broader; skos:narrower,
photostability,light stability; photostabilisation; photostabilising; photostabilization; photostabilizing,"photostability (light stability, photostabilisation, photostabilising, photostabilization, photostabilizing)",https://lod.nal.usda.gov/nalt/50041,,False,skos:related,
Phragmidiaceae,,Phragmidiaceae,https://lod.nal.usda.gov/nalt/126439,,False,skos:broader; skos:narrower,
physiological response,,physiological response,https://lod.nal.usda.gov/nalt/34396,,False,skos:broader; skos:narrower,
Phytophthora palmivora,,Phytophthora palmivora,https://lod.nal.usda.gov/nalt/58154,,False,skos:related,
Pileolariaceae,,Pileolariaceae,https://lod.nal.usda.gov/nalt/126457,,False,skos:broader; skos:narrower,
Pinus elliottii,American pitch pine; longleaf pitch pine; slash pine; swamp pine,"Pinus elliottii (American pitch pine, longleaf pitch pine, slash pine, swamp pine)",https://lod.nal.usda.gov/nalt/7610,,False,skos:related,
Pinus taeda,loblolly pine,Pinus taeda (loblolly pine),https://lod.nal.usda.gov/nalt/50493,,False,skos:related,
plant available water,soil water availability,plant available water (soil water availability),https://lod.nal.usda.gov/nalt/14083,,False,skos:related,
plant growth control,,plant growth control,https://lod.nal.usda.gov/nalt/34963,,False,skos:related,
poisoning,intoxication; toxicosis,"poisoning (intoxication, toxicosis)",https://lod.nal.usda.gov/nalt/767,,False,skos:broader; skos:narrower,
polyps (pathological conditions),,polyps (pathological conditions),https://lod.nal.usda.gov/nalt/54591,,False,skos:broader; skos:narrower,
Potyvirus,potyvirus group,Potyvirus (potyvirus group),https://lod.nal.usda.gov/nalt/12561,,False,skos:broader; skos:narrower,
predatory fungi,carnivorous fungi; predaceous fungi,"predatory fungi (carnivorous fungi, predaceous fungi)",https://lod.nal.usda.gov/nalt/234477,,False,skos:related,
programmed cell death,,programmed cell death,https://lod.nal.usda.gov/nalt/89615,,False,skos:broader; skos:narrower,
protein energy malnutrition,marasmus; protein calorie malnutrition; protein-calorie malnutrition,"protein energy malnutrition (marasmus, protein calorie malnutrition, protein-calorie malnutrition)",https://lod.nal.usda.gov/nalt/37113,,False,skos:broader; skos:narrower,
Prunus domestica,European plum; Prunus x domestica,"Prunus domestica (European plum, Prunus x domestica)",https://lod.nal.usda.gov/nalt/38705,,False,skos:related,
Pseudomonas syringae pv. tomato,,Pseudomonas syringae pv. tomato,https://lod.nal.usda.gov/nalt/60329,,False,skos:related,
Pseudonectria,,Pseudonectria,https://lod.nal.usda.gov/nalt/337006,,False,skos:broader; skos:narrower,
psychological stress,emotional stress; mental stress; worry,"psychological stress (emotional stress, mental stress, worry)",https://lod.nal.usda.gov/nalt/768,,False,skos:broader; skos:narrower,
Puccinia,,Puccinia,https://lod.nal.usda.gov/nalt/60484,,False,skos:broader; skos:narrower,
Puccinia striiformis,Puccinia glumarum,Puccinia striiformis (Puccinia glumarum),https://lod.nal.usda.gov/nalt/60500,,False,skos:related,
Pucciniaceae,,Pucciniaceae,https://lod.nal.usda.gov/nalt/126547,,False,skos:broader; skos:narrower,
Pucciniastraceae,,Pucciniastraceae,https://lod.nal.usda.gov/nalt/126548,,False,skos:broader; skos:narrower,
Pucciniomycetes,Urediniomycetidae,Pucciniomycetes (Urediniomycetidae),https://lod.nal.usda.gov/nalt/125435,,False,skos:broader; skos:narrower,
Pucciniosiraceae,,Pucciniosiraceae,https://lod.nal.usda.gov/nalt/126550,,False,skos:broader; skos:narrower,
pulp,pulping materials,pulp (pulping materials),https://lod.nal.usda.gov/nalt/23541,,False,skos:related,
Pyrenophora,,Pyrenophora,https://lod.nal.usda.gov/nalt/34413,,False,skos:broader; skos:narrower,
rain,rain water; rainfall; rainwater,"rain (rain water, rainfall, rainwater)",https://lod.nal.usda.gov/nalt/59536,,False,skos:related,
Raveneliaceae,,Raveneliaceae,https://lod.nal.usda.gov/nalt/126575,,False,skos:broader; skos:narrower,
"Research, Technology, Methods",,"Research, Technology, Methods",https://lod.nal.usda.gov/nalt/127308,,False,skos:broader; skos:narrower,
resistance mechanisms,,resistance mechanisms,https://lod.nal.usda.gov/nalt/10180,,False,skos:broader; skos:narrower,
rhizomes,,rhizomes,https://lod.nal.usda.gov/nalt/61276,,False,skos:related,
root crown,crown (perennials); root collar; root neck,"root crown (crown (perennials), root collar, root neck)",https://lod.nal.usda.gov/nalt/123241,,False,skos:related,
saline soils,,saline soils,https://lod.nal.usda.gov/nalt/24692,,False,skos:related,
salinity,,salinity,https://lod.nal.usda.gov/nalt/58067,,False,skos:related,
salt tolerance,halotolerance; salt acclimation,"salt tolerance (halotolerance, salt acclimation)",https://lod.nal.usda.gov/nalt/145,,False,skos:related,
salts,,salts,https://lod.nal.usda.gov/nalt/11,,False,skos:related,
sapstain fungi,sap stain fungi; sap-stain fungi; sap-staining fungi; sapstain fungus,"sapstain fungi (sap stain fungi, sap-stain fungi, sap-staining fungi, sapstain fungus)",https://lod.nal.usda.gov/nalt/41837,,False,skos:broader; skos:narrower,
sclerosis,,sclerosis,https://lod.nal.usda.gov/nalt/769,,False,skos:broader; skos:narrower,
shear stress,Warner-Bratzler shear force; shear (mechanics),"shear stress (Warner-Bratzler shear force, shear (mechanics))",https://lod.nal.usda.gov/nalt/51785,,False,skos:broader; skos:narrower,
shelterbelts,shelter belts; shelter-belts,"shelterbelts (shelter belts, shelter-belts)",https://lod.nal.usda.gov/nalt/63003,,False,skos:related,
sodium chloride,NaCl (sodium chloride); common salt; saline solution,"sodium chloride (NaCl (sodium chloride), common salt, saline solution)",https://lod.nal.usda.gov/nalt/25331,,False,skos:related,
soft-rot fungi,soft rot fungi; soft-rot fungus,"soft-rot fungi (soft rot fungi, soft-rot fungus)",https://lod.nal.usda.gov/nalt/31897,,False,skos:broader; skos:narrower,
soil hydraulic properties,,soil hydraulic properties,https://lod.nal.usda.gov/nalt/14082,,False,skos:broader; skos:narrower,
Solanum tuberosum,Irish potato; Solanum boyacense; Solanum chocclo; Solanum coeruleiflorum; Solanum estradae; Solanum leptostigma; Solanum tenuifilamentum; Solanum yabari,"Solanum tuberosum (Irish potato, Solanum boyacense, Solanum chocclo, Solanum coeruleiflorum, Solanum estradae, Solanum leptostigma, Solanum tenuifilamentum, Solanum yabari)",https://lod.nal.usda.gov/nalt/59405,,False,skos:related,
Southern corn rust,Southern maize rust,Southern corn rust (Southern maize rust),https://lod.nal.usda.gov/nalt/316344,,True,skos:broader; skos:narrower,
spalting fungi,,spalting fungi,https://lod.nal.usda.gov/nalt/314630,,False,skos:related,
starvation,,starvation,https://lod.nal.usda.gov/nalt/39452,,False,skos:related,
stems,,stems,https://lod.nal.usda.gov/nalt/19257,,False,skos:related,
stormwater,storm water; storm water runoff; stormwater runoff,"stormwater (storm water, storm water runoff, stormwater runoff)",https://lod.nal.usda.gov/nalt/15969,,False,skos:related,
stormwater management,storm water management,stormwater management (storm water management),https://lod.nal.usda.gov/nalt/64238,,False,skos:related,
stress relaxation,,stress relaxation,https://lod.nal.usda.gov/nalt/32001,,False,skos:related,
stripe rust of barley,barley stripe rust; barley yellow rust; yellow rust of barley,"stripe rust of barley (barley stripe rust, barley yellow rust, yellow rust of barley)",https://lod.nal.usda.gov/nalt/334649,,True,skos:broader; skos:narrower,
stripe rust of wheat,wheat stripe rust; wheat yellow rust; yellow rust of wheat,"stripe rust of wheat (wheat stripe rust, wheat yellow rust, yellow rust of wheat)",https://lod.nal.usda.gov/nalt/334648,,True,skos:broader; skos:narrower,
sugarcane,sugar cane,sugarcane (sugar cane),https://lod.nal.usda.gov/nalt/21832,,False,skos:related,
sugarcane byproducts,sugar cane by-products; sugar cane byproducts; sugarcane by-products,"sugarcane byproducts (sugar cane by-products, sugar cane byproducts, sugarcane by-products)",https://lod.nal.usda.gov/nalt/127706,,False,skos:related,
suicide genes,,suicide genes,https://lod.nal.usda.gov/nalt/190298,,False,skos:related,
systemic acquired resistance,,systemic acquired resistance,https://lod.nal.usda.gov/nalt/46601,,False,skos:related,
Theobroma cacao,,Theobroma cacao,https://lod.nal.usda.gov/nalt/27566,,False,skos:related,
Thielaviopsis basicola,Chalara elegans,Thielaviopsis basicola (Chalara elegans),https://lod.nal.usda.gov/nalt/24287,,False,skos:related,
thirst,,thirst,https://lod.nal.usda.gov/nalt/11271,,False,skos:related,
tissue tropism,,tissue tropism,https://lod.nal.usda.gov/nalt/771,,False,skos:broader; skos:narrower,
tomatoes,,tomatoes,https://lod.nal.usda.gov/nalt/50832,,False,skos:related,
tornadoes,,tornadoes,https://lod.nal.usda.gov/nalt/64240,,False,skos:broader; skos:narrower,
typhoons,,typhoons,https://lod.nal.usda.gov/nalt/64241,,False,skos:broader; skos:narrower,
unclassified phytoplasmas,,unclassified phytoplasmas,https://lod.nal.usda.gov/nalt/1090,,False,skos:broader; skos:narrower,
Uncolaceae,,Uncolaceae,https://lod.nal.usda.gov/nalt/126738,,False,skos:broader; skos:narrower,
undereating,hypophagia,undereating (hypophagia),https://lod.nal.usda.gov/nalt/33460,,False,skos:related,
underweight,,underweight,https://lod.nal.usda.gov/nalt/18374,,False,skos:related,
unfolded protein response,,unfolded protein response,https://lod.nal.usda.gov/nalt/146596,,False,skos:related,
Uredo,,Uredo,https://lod.nal.usda.gov/nalt/66763,,False,skos:broader; skos:narrower,
Uromyces,,Uromyces,https://lod.nal.usda.gov/nalt/66764,,False,skos:related,
Uropyxidaceae,,Uropyxidaceae,https://lod.nal.usda.gov/nalt/126743,,False,skos:broader; skos:narrower,
ustiloxins,ustiloxin-A; ustiloxin-B; ustiloxin-C; ustiloxin-D; ustiloxin-E,"ustiloxins (ustiloxin-A, ustiloxin-B, ustiloxin-C, ustiloxin-D, ustiloxin-E)",https://lod.nal.usda.gov/nalt/323679,,False,skos:related,
Verticillium,,Verticillium,https://lod.nal.usda.gov/nalt/46703,,False,skos:related,
viral shedding,virus shedding,viral shedding (virus shedding),https://lod.nal.usda.gov/nalt/206477,,False,skos:broader; skos:narrower,
viroids,,viroids,https://lod.nal.usda.gov/nalt/9408,,False,skos:related,
wasting syndrome,wasting disease,wasting syndrome (wasting disease),https://lod.nal.usda.gov/nalt/772,,False,skos:broader; skos:narrower,
water supply,availability of water supply,water supply (availability of water supply),https://lod.nal.usda.gov/nalt/34624,,False,skos:related,
weather,weather patterns,weather (weather patterns),https://lod.nal.usda.gov/nalt/5862,,False,skos:broader; skos:narrower,
whirlwinds,,whirlwinds,https://lod.nal.usda.gov/nalt/305770,,False,skos:broader; skos:narrower,
white pine blister rust,,white pine blister rust,https://lod.nal.usda.gov/nalt/196169,,True,skos:broader; skos:narrower,
white-rot fungi,white rot fungi; white-rot fungus,"white-rot fungi (white rot fungi, white-rot fungus)",https://lod.nal.usda.gov/nalt/17320,,False,skos:broader; skos:narrower,
wind,,wind,https://lod.nal.usda.gov/nalt/52292,,False,skos:related,
wind resistance,wind tolerance,wind resistance (wind tolerance),https://lod.nal.usda.gov/nalt/147,,False,skos:related,
windbreaks,field windbreaks,windbreaks (field windbreaks),https://lod.nal.usda.gov/nalt/28601,,False,skos:related,
winter,winter season,winter (winter season),https://lod.nal.usda.gov/nalt/62719,,False,skos:related,
winter hardiness,,winter hardiness,https://lod.nal.usda.gov/nalt/26900,,False,skos:related,
wood,,wood,https://lod.nal.usda.gov/nalt/19272,,False,skos:broader; skos:narrower,
Xanthomonas axonopodis pv. aurantifolii,,Xanthomonas axonopodis pv. aurantifolii,https://lod.nal.usda.gov/nalt/326991,,False,skos:related,
Xanthomonas axonopodis pv. citri,,Xanthomonas axonopodis pv. citri,https://lod.nal.usda.gov/nalt/67485,,False,skos:related,
Zea mays,Zea maize; corn plant; cornplant,"Zea mays (Zea maize, corn plant, cornplant)",https://lod.nal.usda.gov/nalt/29137,,False,skos:related,
abortion (plants),flower abortion; fruit abortion; pod abortion; pollen abortion,"abortion (plants) (flower abortion, fruit abortion, pod abortion, pollen abortion)",https://lod.nal.usda.gov/nalt/1763,,False,skos:related,
abscisic acid,ABA (abscisic acid); ABA (plant hormone); abscissic acid,"abscisic acid (ABA (abscisic acid), ABA (plant hormone), abscissic acid)",https://lod.nal.usda.gov/nalt/1563,,False,skos:related,
Acrocomia,macauba palm,Acrocomia (macauba palm),https://lod.nal.usda.gov/nalt/3095,,False,skos:broader; skos:narrower,
acute oral toxicity,,acute oral toxicity,https://lod.nal.usda.gov/nalt/68511,,False,skos:related,
Agromyzidae,agromyzids; mining flies,"Agromyzidae (agromyzids, mining flies)",https://lod.nal.usda.gov/nalt/5608,,False,skos:related,
Aiphanes,Curima; Marara,"Aiphanes (Curima, Marara)",https://lod.nal.usda.gov/nalt/324829,,False,skos:broader; skos:narrower,
Alder yellows phytoplasma,,Alder yellows phytoplasma,https://lod.nal.usda.gov/nalt/1270,,False,skos:broader; skos:narrower,
Alfalfa stunt phytoplasma,,Alfalfa stunt phytoplasma,https://lod.nal.usda.gov/nalt/1225,,False,skos:broader; skos:narrower,
alkaloidosis,alkaloid poisoning,alkaloidosis (alkaloid poisoning),https://lod.nal.usda.gov/nalt/225423,,False,skos:broader; skos:narrower,
Allagoptera,Diplothemium,Allagoptera (Diplothemium),https://lod.nal.usda.gov/nalt/6507,,False,skos:broader; skos:narrower,
animal and human health,human and animal health,animal and human health (human and animal health),https://lod.nal.usda.gov/nalt/96816,,False,skos:broader; skos:narrower,
animal health,,animal health,https://lod.nal.usda.gov/nalt/9232,,False,skos:related,
animal parasites and pests,animal pests; pests of animals,"animal parasites and pests (animal pests, pests of animals)",https://lod.nal.usda.gov/nalt/9233,,False,skos:related,
Apricot chlorotic leafroll phytoplasma,Apricot chlorotic leaf roll phytoplasma; Apricot chlorotic leafroll mycoplasma-like organism,"Apricot chlorotic leafroll phytoplasma (Apricot chlorotic leaf roll phytoplasma, Apricot chlorotic leafroll mycoplasma-like organism)",https://lod.nal.usda.gov/nalt/1226,,False,skos:broader; skos:narrower,
Areca,,Areca,https://lod.nal.usda.gov/nalt/11984,,False,skos:broader; skos:narrower,
Arecales,Dasypogonales,Arecales (Dasypogonales),https://lod.nal.usda.gov/nalt/11992,,False,skos:broader; skos:narrower,
Arenga,,Arenga,https://lod.nal.usda.gov/nalt/11993,,False,skos:broader; skos:narrower,
arid lands,arid land; dry lands; drylands; semi-arid lands; semi-desert lands; semiarid lands; semidesert lands,"arid lands (arid land, dry lands, drylands, semi-arid lands, semi-desert lands, semiarid lands, semidesert lands)",https://lod.nal.usda.gov/nalt/12162,,False,skos:related,
arid soils,,arid soils,https://lod.nal.usda.gov/nalt/12167,,False,skos:related,
arid zones,arid climate; arid regions; cold desert climate; hot desert climate,"arid zones (arid climate, arid regions, cold desert climate, hot desert climate)",https://lod.nal.usda.gov/nalt/12160,,False,skos:related,
arthropod pests,,arthropod pests,https://lod.nal.usda.gov/nalt/12542,,False,skos:broader; skos:narrower,
Ash yellows phytoplasma,Ash yellows mycoplasma-like organism,Ash yellows phytoplasma (Ash yellows mycoplasma-like organism),https://lod.nal.usda.gov/nalt/1282,,False,skos:broader; skos:narrower,
Astrocaryum,,Astrocaryum,https://lod.nal.usda.gov/nalt/11994,,False,skos:broader; skos:narrower,
Attalea,Orbignya; babassu palms,"Attalea (Orbignya, babassu palms)",https://lod.nal.usda.gov/nalt/11995,,False,skos:broader; skos:narrower,
Australian grapevine yellows phytoplasma,,Australian grapevine yellows phytoplasma,https://lod.nal.usda.gov/nalt/1298,,False,skos:broader; skos:narrower,
Bactris,Guilielma,Bactris (Guilielma),https://lod.nal.usda.gov/nalt/11996,,False,skos:broader; skos:narrower,
bagworms,bagworm moths,bagworms (bagworm moths),https://lod.nal.usda.gov/nalt/15529,,False,skos:broader; skos:narrower,
bark beetles,,bark beetles,https://lod.nal.usda.gov/nalt/15842,,False,skos:broader; skos:narrower,
Beccariophoenix,,Beccariophoenix,https://lod.nal.usda.gov/nalt/275423,,False,skos:broader; skos:narrower,
beriberi,,beriberi,https://lod.nal.usda.gov/nalt/16731,,False,skos:broader; skos:narrower,
biological development,,biological development,https://lod.nal.usda.gov/nalt/1764,,False,skos:related,
Black locust witches'-broom phytoplasma,Black locust witches' broom phytoplasma,Black locust witches'-broom phytoplasma (Black locust witches' broom phytoplasma),https://lod.nal.usda.gov/nalt/1244,,False,skos:broader; skos:narrower,
Blueberry stunt phytoplasma,Blueberry stunt mycoplasma-like organism,Blueberry stunt phytoplasma (Blueberry stunt mycoplasma-like organism),https://lod.nal.usda.gov/nalt/1228,,False,skos:broader; skos:narrower,
Borassus,,Borassus,https://lod.nal.usda.gov/nalt/11997,,False,skos:broader; skos:narrower,
bot flies,botflies,bot flies (botflies),https://lod.nal.usda.gov/nalt/18778,,False,skos:broader; skos:narrower,
Brahea,Erythea,Brahea (Erythea),https://lod.nal.usda.gov/nalt/11998,,False,skos:broader; skos:narrower,
Butia,jelly palm,Butia (jelly palm),https://lod.nal.usda.gov/nalt/11999,,False,skos:broader; skos:narrower,
cadaver,corpse,cadaver (corpse),https://lod.nal.usda.gov/nalt/332018,,False,skos:broader; skos:narrower,
Calamus,rattans,Calamus (rattans),https://lod.nal.usda.gov/nalt/12000,,False,skos:broader; skos:narrower,
Canadian peach X phytoplasma,Canadian peach X mycoplasma-like organism,Canadian peach X phytoplasma (Canadian peach X mycoplasma-like organism),https://lod.nal.usda.gov/nalt/1245,,False,skos:broader; skos:narrower,
Candidatus Phytoplasma asteris,Phytoplasma asteris,Candidatus Phytoplasma asteris (Phytoplasma asteris),https://lod.nal.usda.gov/nalt/300025,,False,skos:broader; skos:narrower,
Candidatus Phytoplasma brasiliense,Hibiscus witches' broom phytoplasma; Phytoplasma brasiliense,"Candidatus Phytoplasma brasiliense (Hibiscus witches' broom phytoplasma, Phytoplasma brasiliense)",https://lod.nal.usda.gov/nalt/1316,,False,skos:broader; skos:narrower,
Candidatus Phytoplasma cynodontis,Bermuda grass white leaf phytoplasma; Bermudagrass white leaf phytoplasma; Cynodontis white leaf-Sudan phytoplasma,"Candidatus Phytoplasma cynodontis (Bermuda grass white leaf phytoplasma, Bermudagrass white leaf phytoplasma, Cynodontis white leaf-Sudan phytoplasma)",https://lod.nal.usda.gov/nalt/1308,,False,skos:broader; skos:narrower,
Candidatus Phytoplasma hispanicum,Mexican periwinkle virescence phytoplasma; Phytoplasma hispanicum,"Candidatus Phytoplasma hispanicum (Mexican periwinkle virescence phytoplasma, Phytoplasma hispanicum)",https://lod.nal.usda.gov/nalt/1305,,False,skos:broader; skos:narrower,
Candidatus Phytoplasma oryzae,,Candidatus Phytoplasma oryzae,https://lod.nal.usda.gov/nalt/307881,,False,skos:broader; skos:narrower,
Candidatus Phytoplasma pini,Phytoplasma pini,Candidatus Phytoplasma pini (Phytoplasma pini),https://lod.nal.usda.gov/nalt/300023,,False,skos:broader; skos:narrower,
Candidatus Phytoplasma pruni,Phytoplasma pruni,Candidatus Phytoplasma pruni (Phytoplasma pruni),https://lod.nal.usda.gov/nalt/276937,,False,skos:broader; skos:narrower,
Candidatus Phytoplasma prunorum,European stone fruit yellows mycoplasma-like organism; European stone fruit yellows phytoplasma; Phytoplasma prunorum,"Candidatus Phytoplasma prunorum (European stone fruit yellows mycoplasma-like organism, European stone fruit yellows phytoplasma, Phytoplasma prunorum)",https://lod.nal.usda.gov/nalt/1291,,False,skos:broader; skos:narrower,
Candidatus Phytoplasma vitis,,Candidatus Phytoplasma vitis,https://lod.nal.usda.gov/nalt/333154,,False,skos:broader; skos:narrower,
carbon monoxide poisoning,,carbon monoxide poisoning,https://lod.nal.usda.gov/nalt/283559,,False,skos:broader; skos:narrower,
Carludovica palmata leaf yellowing phytoplasma,,Carludovica palmata leaf yellowing phytoplasma,https://lod.nal.usda.gov/nalt/1260,,False,skos:broader; skos:narrower,
Carpentaria,,Carpentaria,https://lod.nal.usda.gov/nalt/12001,,False,skos:broader; skos:narrower,
carpenter ants,,carpenter ants,https://lod.nal.usda.gov/nalt/21618,,False,skos:broader; skos:narrower,
carpenter bees,,carpenter bees,https://lod.nal.usda.gov/nalt/22622,,False,skos:broader; skos:narrower,
carpet beetles,,carpet beetles,https://lod.nal.usda.gov/nalt/68685,,False,skos:broader; skos:narrower,
Caryota,Schunda-Pana; Thuessinkia,"Caryota (Schunda-Pana, Thuessinkia)",https://lod.nal.usda.gov/nalt/12002,,False,skos:broader; skos:narrower,
cell physiology,,cell physiology,https://lod.nal.usda.gov/nalt/23356,,False,skos:broader; skos:narrower,
cell proliferation,cellular proliferation; tissue proliferation,"cell proliferation (cellular proliferation, tissue proliferation)",https://lod.nal.usda.gov/nalt/23357,,False,skos:related,
Ceroxylon,,Ceroxylon,https://lod.nal.usda.gov/nalt/12003,,False,skos:broader; skos:narrower,
Chamaedorea,,Chamaedorea,https://lod.nal.usda.gov/nalt/12004,,False,skos:broader; skos:narrower,
Chamaerops,Chamaeriphe; Chamaeriphes,"Chamaerops (Chamaeriphe, Chamaeriphes)",https://lod.nal.usda.gov/nalt/222121,,False,skos:broader; skos:narrower,
Chayote witches'-broom phytoplasma,Chayote witches' broom phytoplasma,Chayote witches'-broom phytoplasma (Chayote witches' broom phytoplasma),https://lod.nal.usda.gov/nalt/1246,,False,skos:broader; skos:narrower,
chemical soil types,,chemical soil types,https://lod.nal.usda.gov/nalt/2734,,False,skos:broader; skos:narrower,
child nutrition,child feeding; pediatric nutrition,"child nutrition (child feeding, pediatric nutrition)",https://lod.nal.usda.gov/nalt/19672,,False,skos:related,
Chinese Bermudagrass white leaf phytoplasma,Chinese Bermuda grass white leaf phytoplasma,Chinese Bermudagrass white leaf phytoplasma (Chinese Bermuda grass white leaf phytoplasma),https://lod.nal.usda.gov/nalt/1309,,False,skos:broader; skos:narrower,
Choke cherry X phytoplasma,Choke cherry X mycoplasma-like organism,Choke cherry X phytoplasma (Choke cherry X mycoplasma-like organism),https://lod.nal.usda.gov/nalt/1247,,False,skos:broader; skos:narrower,
Cirsium yellows phytoplasma,,Cirsium yellows phytoplasma,https://lod.nal.usda.gov/nalt/1229,,False,skos:broader; skos:narrower,
climatic zones,climate zones; climatic areas,"climatic zones (climate zones, climatic areas)",https://lod.nal.usda.gov/nalt/12169,,False,skos:related,
Clover phyllody phytoplasma,Clover phyllody mycoplasma-like organism,Clover phyllody phytoplasma (Clover phyllody mycoplasma-like organism),https://lod.nal.usda.gov/nalt/1230,,False,skos:broader; skos:narrower,
Clover proliferation phytoplasma,Clover proliferation mycoplasma-like organism,Clover proliferation phytoplasma (Clover proliferation mycoplasma-like organism),https://lod.nal.usda.gov/nalt/1278,,False,skos:broader; skos:narrower,
Clover yellow edge phytoplasma,Clover yellow edge mycoplasma-like organism,Clover yellow edge phytoplasma (Clover yellow edge mycoplasma-like organism),https://lod.nal.usda.gov/nalt/1248,,False,skos:broader; skos:narrower,
Coccothrinax,Antia; Haitiella,"Coccothrinax (Antia, Haitiella)",https://lod.nal.usda.gov/nalt/293365,,False,skos:broader; skos:narrower,
Coconut lethal yellowing phytoplasma,Coconut lethal yellowing mycoplasma-like organism,Coconut lethal yellowing phytoplasma (Coconut lethal yellowing mycoplasma-like organism),https://lod.nal.usda.gov/nalt/1261,,False,skos:broader; skos:narrower,
Cocos (Arecaceae),,Cocos (Arecaceae),https://lod.nal.usda.gov/nalt/12005,,False,skos:broader; skos:narrower,
Copernicia,,Copernicia,https://lod.nal.usda.gov/nalt/12006,,False,skos:broader; skos:narrower,
Corypha,,Corypha,https://lod.nal.usda.gov/nalt/12007,,False,skos:broader; skos:narrower,
Cronartium comandrae,,Cronartium comandrae,https://lod.nal.usda.gov/nalt/30097,,False,skos:related,
Cronartium ribicola,,Cronartium ribicola,https://lod.nal.usda.gov/nalt/30101,,False,skos:related,
cutworms,,cutworms,https://lod.nal.usda.gov/nalt/30938,,False,skos:broader; skos:narrower,
cystic fibrosis,,cystic fibrosis,https://lod.nal.usda.gov/nalt/31334,,False,skos:related,
Daemonorops,,Daemonorops,https://lod.nal.usda.gov/nalt/12008,,False,skos:broader; skos:narrower,
dampwood termites,,dampwood termites,https://lod.nal.usda.gov/nalt/31690,,False,skos:broader; skos:narrower,
Date palm slow decline phytoplasma,,Date palm slow decline phytoplasma,https://lod.nal.usda.gov/nalt/1310,,False,skos:broader; skos:narrower,
death and dying,bereavement; death (psychological aspects); dying (psychological aspects); grievance (death); grieving; terminal illness (psychological aspects),"death and dying (bereavement, death (psychological aspects), dying (psychological aspects), grievance (death), grieving, terminal illness (psychological aspects))",https://lod.nal.usda.gov/nalt/16717,,False,skos:related,
dermal exposure,skin exposure,dermal exposure (skin exposure),https://lod.nal.usda.gov/nalt/740,,False,skos:related,
dermal toxicity,skin toxicity,dermal toxicity (skin toxicity),https://lod.nal.usda.gov/nalt/77695,,False,skos:related,
deserts,,deserts,https://lod.nal.usda.gov/nalt/12170,,False,skos:related,
developmental toxicity,,developmental toxicity,https://lod.nal.usda.gov/nalt/17446,,False,skos:related,
dietary exposure,,dietary exposure,https://lod.nal.usda.gov/nalt/741,,False,skos:related,
dietary recommendations,"diet guidelines; diet recommendations; dietary guidance; dietary guidelines, (general); nutritional guidance; nutritional guidelines; nutritional recommendations","dietary recommendations (diet guidelines, diet recommendations, dietary guidance, dietary guidelines, (general), nutritional guidance, nutritional guidelines, nutritional recommendations)",https://lod.nal.usda.gov/nalt/4191,,False,skos:related,
dietary surveys,diet surveys; market basket surveys,"dietary surveys (diet surveys, market basket surveys)",https://lod.nal.usda.gov/nalt/28755,,False,skos:related,
disease vectors,infectious disease vectors,disease vectors (infectious disease vectors),https://lod.nal.usda.gov/nalt/22673,,False,skos:related,
dry forests,,dry forests,https://lod.nal.usda.gov/nalt/34700,,False,skos:related,
dry season,,dry season,https://lod.nal.usda.gov/nalt/34717,,False,skos:related,
drywood termites,,drywood termites,https://lod.nal.usda.gov/nalt/34790,,False,skos:broader; skos:narrower,
Dypsis,Chrysalidocarpus,Dypsis (Chrysalidocarpus),https://lod.nal.usda.gov/nalt/12009,,False,skos:broader; skos:narrower,
dyschondroplasia,osteochondrodysplasia,dyschondroplasia (osteochondrodysplasia),https://lod.nal.usda.gov/nalt/1765,,False,skos:related,
Elaeis,,Elaeis,https://lod.nal.usda.gov/nalt/12010,,False,skos:broader; skos:narrower,
elastic deformation,,elastic deformation,https://lod.nal.usda.gov/nalt/242023,,False,skos:broader; skos:narrower,
Elm yellows phytoplasma,Elm yellows mycoplasma-like organism,Elm yellows phytoplasma (Elm yellows mycoplasma-like organism),https://lod.nal.usda.gov/nalt/1271,,False,skos:broader; skos:narrower,
emaciation,,emaciation,https://lod.nal.usda.gov/nalt/160,,False,skos:related,
endemic goiter,endemic goitre,endemic goiter (endemic goitre),https://lod.nal.usda.gov/nalt/148902,,False,skos:related,
environmental factors,abiotic factors; ecofactors; ecological factors; environment factors; environmental conditions; environmental filters; environmental variables,"environmental factors (abiotic factors, ecofactors, ecological factors, environment factors, environmental conditions, environmental filters, environmental variables)",https://lod.nal.usda.gov/nalt/4631,,False,skos:broader; skos:narrower,
Eugeissona,,Eugeissona,https://lod.nal.usda.gov/nalt/12011,,False,skos:broader; skos:narrower,
Euterpe,,Euterpe,https://lod.nal.usda.gov/nalt/12012,,False,skos:broader; skos:narrower,
euthanasia,,euthanasia,https://lod.nal.usda.gov/nalt/9565,,False,skos:related,
Faba bean phyllody phytoplasma,Faba bean phyllody mycoplasma-like organism; Fava bean phyllody mycoplasma-like organism; Fava bean phyllody phytoplasma,"Faba bean phyllody phytoplasma (Faba bean phyllody mycoplasma-like organism, Fava bean phyllody mycoplasma-like organism, Fava bean phyllody phytoplasma)",https://lod.nal.usda.gov/nalt/1238,,False,skos:broader; skos:narrower,
fasciation,,fasciation,https://lod.nal.usda.gov/nalt/1766,,False,skos:related,
fire ants,,fire ants,https://lod.nal.usda.gov/nalt/40246,,False,skos:broader; skos:narrower,
fish kills,,fish kills,https://lod.nal.usda.gov/nalt/33321,,False,skos:broader; skos:narrower,
flood meadows,,flood meadows,https://lod.nal.usda.gov/nalt/191233,,False,skos:related,
floodplains,flood plains; floodlands,"floodplains (flood plains, floodlands)",https://lod.nal.usda.gov/nalt/40585,,False,skos:related,
floods,flash floods; flooding (disaster),"floods (flash floods, flooding (disaster))",https://lod.nal.usda.gov/nalt/33992,,False,skos:related,
foodborne illness,food borne diseases; food borne illness; food disease; food infections; food poisoning; foodborne diseases; foodborne disorders; foodborne infections,"foodborne illness (food borne diseases, food borne illness, food disease, food infections, food poisoning, foodborne diseases, foodborne disorders, foodborne infections)",https://lod.nal.usda.gov/nalt/8001,,False,skos:related,
fruit drop,fruit abscission,fruit drop (fruit abscission),https://lod.nal.usda.gov/nalt/1822,,False,skos:broader; skos:narrower,
fruit flies,fruitflies,fruit flies (fruitflies),https://lod.nal.usda.gov/nalt/34623,,False,skos:related,
functional status,,functional status,https://lod.nal.usda.gov/nalt/41770,,False,skos:broader; skos:narrower,
fungus gnats,,fungus gnats,https://lod.nal.usda.gov/nalt/41875,,False,skos:broader; skos:narrower,
Geonoma,,Geonoma,https://lod.nal.usda.gov/nalt/134938,,False,skos:broader; skos:narrower,
Gracillariidae,leafblotch miner moths,Gracillariidae (leafblotch miner moths),https://lod.nal.usda.gov/nalt/3082,,False,skos:related,
grasshoppers,,grasshoppers,https://lod.nal.usda.gov/nalt/3043,,False,skos:related,
Group I phytoplasma,Group I mycoplasma-like organism; Mycoplasma-like organism group I; mycoplasmalike organism group I MLO-I,"Group I phytoplasma (Group I mycoplasma-like organism, Mycoplasma-like organism group I, mycoplasmalike organism group I MLO-I)",https://lod.nal.usda.gov/nalt/1231,,False,skos:broader; skos:narrower,
Group II phytoplasma,Group II mycoplasma-like organism,Group II phytoplasma (Group II mycoplasma-like organism),https://lod.nal.usda.gov/nalt/1239,,False,skos:broader; skos:narrower,
Group III phytoplasma,Group III mycoplasma-like organism,Group III phytoplasma (Group III mycoplasma-like organism),https://lod.nal.usda.gov/nalt/1249,,False,skos:broader; skos:narrower,
halophiles,halophilic microorganisms; halophilic organisms,"halophiles (halophilic microorganisms, halophilic organisms)",https://lod.nal.usda.gov/nalt/239616,,False,skos:related,
halophytes,,halophytes,https://lod.nal.usda.gov/nalt/44457,,False,skos:related,
halotropism,,halotropism,https://lod.nal.usda.gov/nalt/243888,,False,skos:related,
health behavior,health behaviour; health related behavior; health related behaviour,"health behavior (health behaviour, health related behavior, health related behaviour)",https://lod.nal.usda.gov/nalt/234653,,False,skos:related,
health surveys,environmental health surveys,health surveys (environmental health surveys),https://lod.nal.usda.gov/nalt/287259,,False,skos:related,
health-adjusted life year,HALY (health-adjusted life year); HYEs (healthy-years equivalents); healthy-years equivalents,"health-adjusted life year (HALY (health-adjusted life year), HYEs (healthy-years equivalents), healthy-years equivalents)",https://lod.nal.usda.gov/nalt/137617,,False,skos:related,
heat shock proteins,,heat shock proteins,https://lod.nal.usda.gov/nalt/44798,,False,skos:related,
heat-shock protein 70,HSP70 family; heat shock protein 70 family; heat shock proteins 70; heat-shock proteins 70,"heat-shock protein 70 (HSP70 family, heat shock protein 70 family, heat shock proteins 70, heat-shock proteins 70)",https://lod.nal.usda.gov/nalt/219906,,False,skos:related,
heat-shock protein 90,,heat-shock protein 90,https://lod.nal.usda.gov/nalt/264333,,False,skos:related,
hematologic tests,blood analysis; blood chemical analysis; blood tests; haematologic tests; haematological tests; hematological tests,"hematologic tests (blood analysis, blood chemical analysis, blood tests, haematologic tests, haematological tests, hematological tests)",https://lod.nal.usda.gov/nalt/18068,,False,skos:related,
hematophagous insects,biting flies; bloodsucking insects; haematophagous insects,"hematophagous insects (biting flies, bloodsucking insects, haematophagous insects)",https://lod.nal.usda.gov/nalt/8603,,False,skos:broader; skos:narrower,
Hordeum vulgare,Hordeum lagunculiforme,Hordeum vulgare (Hordeum lagunculiforme),https://lod.nal.usda.gov/nalt/15852,,False,skos:related,
horticultural oils,horticultural mineral oils; horticultural oil,"horticultural oils (horticultural mineral oils, horticultural oil)",https://lod.nal.usda.gov/nalt/17497,,False,skos:related,
Howea,Howeia,Howea (Howeia),https://lod.nal.usda.gov/nalt/12013,,False,skos:broader; skos:narrower,
hydric soils,,hydric soils,https://lod.nal.usda.gov/nalt/196731,,False,skos:related,
Hyophorbe,Mascarena; Sublimia,"Hyophorbe (Mascarena, Sublimia)",https://lod.nal.usda.gov/nalt/231807,,False,skos:broader; skos:narrower,
hypersalinity,,hypersalinity,https://lod.nal.usda.gov/nalt/323445,,False,skos:broader; skos:narrower,
Hyphaene,,Hyphaene,https://lod.nal.usda.gov/nalt/12014,,False,skos:broader; skos:narrower,
ideal body weight,healthy weight,ideal body weight (healthy weight),https://lod.nal.usda.gov/nalt/18371,,False,skos:related,
infant nutrition,,infant nutrition,https://lod.nal.usda.gov/nalt/19675,,False,skos:related,
inhalation exposure,,inhalation exposure,https://lod.nal.usda.gov/nalt/759,,False,skos:related,
insect control,insect pest management,insect control (insect pest management),https://lod.nal.usda.gov/nalt/45983,,False,skos:related,
insect outbreaks,,insect outbreaks,https://lod.nal.usda.gov/nalt/314183,,False,skos:related,
insecticidal soaps,insecticidal soap,insecticidal soaps (insecticidal soap),https://lod.nal.usda.gov/nalt/17499,,False,skos:related,
insects,,insects,https://lod.nal.usda.gov/nalt/4395,,False,skos:broader; skos:narrower,
intracellular signaling peptides and proteins,intracellular signaling peptides; intracellular signaling proteins,"intracellular signaling peptides and proteins (intracellular signaling peptides, intracellular signaling proteins)",https://lod.nal.usda.gov/nalt/217155,,False,skos:broader; skos:narrower,
Iriartea,,Iriartea,https://lod.nal.usda.gov/nalt/132770,,False,skos:broader; skos:narrower,
iron deficiency anemia,Fe-deficiency anemia; ferropenic anaemia; ferropenic anemia; iron deficiency anaemia,"iron deficiency anemia (Fe-deficiency anemia, ferropenic anaemia, ferropenic anemia, iron deficiency anaemia)",https://lod.nal.usda.gov/nalt/8773,,False,skos:broader; skos:narrower,
Jubaea,,Jubaea,https://lod.nal.usda.gov/nalt/278159,,False,skos:broader; skos:narrower,
lead poisoning,,lead poisoning,https://lod.nal.usda.gov/nalt/41073,,False,skos:broader; skos:narrower,
leaf skeletonizers,,leaf skeletonizers,https://lod.nal.usda.gov/nalt/47385,,False,skos:broader; skos:narrower,
lean body mass,body lean mass; fat free body mass,"lean body mass (body lean mass, fat free body mass)",https://lod.nal.usda.gov/nalt/18334,,False,skos:related,
Lemurophoenix,,Lemurophoenix,https://lod.nal.usda.gov/nalt/275438,,False,skos:broader; skos:narrower,
lice,,lice,https://lod.nal.usda.gov/nalt/12544,,False,skos:related,
life history,,life history,https://lod.nal.usda.gov/nalt/17476,,False,skos:broader; skos:narrower,
lignotubers,,lignotubers,https://lod.nal.usda.gov/nalt/210116,,False,skos:related,
Livistona,,Livistona,https://lod.nal.usda.gov/nalt/12016,,False,skos:broader; skos:narrower,
locusts,,locusts,https://lod.nal.usda.gov/nalt/3044,,False,skos:broader; skos:narrower,
Lodoicea,,Lodoicea,https://lod.nal.usda.gov/nalt/275441,,False,skos:broader; skos:narrower,
Loofah witches'-broom phytoplasma,Loofah witches' broom mycoplasma-like organism; Loofah witches' broom phytoplasma; Loofah witches'-broom mycoplasma-like organism,"Loofah witches'-broom phytoplasma (Loofah witches' broom mycoplasma-like organism, Loofah witches' broom phytoplasma, Loofah witches'-broom mycoplasma-like organism)",https://lod.nal.usda.gov/nalt/1287,,False,skos:broader; skos:narrower,
loss modulus,,loss modulus,https://lod.nal.usda.gov/nalt/192580,,False,skos:related,
Marojejya,,Marojejya,https://lod.nal.usda.gov/nalt/275449,,False,skos:broader; skos:narrower,
Mauritia,,Mauritia,https://lod.nal.usda.gov/nalt/12017,,False,skos:broader; skos:narrower,
Mauritiella,,Mauritiella,https://lod.nal.usda.gov/nalt/335782,,False,skos:broader; skos:narrower,
medical and veterinary entomology,,medical and veterinary entomology,https://lod.nal.usda.gov/nalt/35805,,False,skos:related,
medical history,family history (medical),medical history (family history (medical)),https://lod.nal.usda.gov/nalt/33026,,False,skos:related,
mercury poisoning,Minamata disease; methylmercury poisoning,"mercury poisoning (Minamata disease, methylmercury poisoning)",https://lod.nal.usda.gov/nalt/310130,,False,skos:broader; skos:narrower,
mesic conditions,,mesic conditions,https://lod.nal.usda.gov/nalt/34696,,False,skos:related,
Metroxylon,,Metroxylon,https://lod.nal.usda.gov/nalt/12018,,False,skos:broader; skos:narrower,
mortality,case-fatality rate; case-fatality ratio; death rate; fatality rate; mortality rate,"mortality (case-fatality rate, case-fatality ratio, death rate, fatality rate, mortality rate)",https://lod.nal.usda.gov/nalt/31862,,False,skos:broader; skos:narrower,
muck soils,,muck soils,https://lod.nal.usda.gov/nalt/309987,,False,skos:related,
muscular atrophy,muscle atrophy,muscular atrophy (muscle atrophy),https://lod.nal.usda.gov/nalt/86516,,False,skos:broader; skos:narrower,
mycotoxicosis,mycotoxicoses,mycotoxicosis (mycotoxicoses),https://lod.nal.usda.gov/nalt/4801,,False,skos:broader; skos:narrower,
necropsy,autopsies; autopsy; postmortem examination,"necropsy (autopsies, autopsy, postmortem examination)",https://lod.nal.usda.gov/nalt/104870,,False,skos:related,
nutrient deficiencies,macro-nutrient deficiencies; macronutrient deficiencies; micronutrient deficiencies; mineral deficiencies; nutrient deficiency; nutrition deficiencies; nutritional deficiencies,"nutrient deficiencies (macro-nutrient deficiencies, macronutrient deficiencies, micronutrient deficiencies, mineral deficiencies, nutrient deficiency, nutrition deficiencies, nutritional deficiencies)",https://lod.nal.usda.gov/nalt/31983,,False,skos:related,
nutrition assessment,mini nutrition assessment; mini nutritional assessment; nutrition indexes; nutrition indices; nutrition screening; nutritional assessment; nutritional indexes; nutritional indices; prognostic nutritional index,"nutrition assessment (mini nutrition assessment, mini nutritional assessment, nutrition indexes, nutrition indices, nutrition screening, nutritional assessment, nutritional indexes, nutritional indices, prognostic nutritional index)",https://lod.nal.usda.gov/nalt/10124,,False,skos:related,
nutrition monitoring,nutrition surveillance,nutrition monitoring (nutrition surveillance),https://lod.nal.usda.gov/nalt/33478,,False,skos:related,
Nypa,,Nypa,https://lod.nal.usda.gov/nalt/12019,,False,skos:broader; skos:narrower,
occupational exposure,,occupational exposure,https://lod.nal.usda.gov/nalt/763,,False,skos:related,
Oenocarpus,Jessenia,Oenocarpus (Jessenia),https://lod.nal.usda.gov/nalt/12020,,False,skos:broader; skos:narrower,
Onion yellows phytoplasma,Phytoplasma sp. onion yellows,Onion yellows phytoplasma (Phytoplasma sp. onion yellows),https://lod.nal.usda.gov/nalt/1232,,False,skos:broader; skos:narrower,
oral exposure,ingestion exposure,oral exposure (ingestion exposure),https://lod.nal.usda.gov/nalt/213386,,False,skos:related,
overdose,drug overdose,overdose (drug overdose),https://lod.nal.usda.gov/nalt/34393,,False,skos:related,
overwintering,winter survival,overwintering (winter survival),https://lod.nal.usda.gov/nalt/56402,,False,skos:related,
Papaya dieback phytoplasma,,Papaya dieback phytoplasma,https://lod.nal.usda.gov/nalt/1299,,False,skos:broader; skos:narrower,
Paulownia witches'-broom phytoplasma,Paulownia witches' broom mycoplasma-like organism; Paulownia witches' broom phytoplasma; Paulownia witches'-broom mycoplasma-like organism,"Paulownia witches'-broom phytoplasma (Paulownia witches' broom mycoplasma-like organism, Paulownia witches' broom phytoplasma, Paulownia witches'-broom mycoplasma-like organism)",https://lod.nal.usda.gov/nalt/1233,,False,skos:broader; skos:narrower,
Peach yellow leafroll phytoplasma,Peach yellow leaf roll phytoplasma; Peach yellow leafroll mycoplasma-like organism,"Peach yellow leafroll phytoplasma (Peach yellow leaf roll phytoplasma, Peach yellow leafroll mycoplasma-like organism)",https://lod.nal.usda.gov/nalt/1252,,False,skos:broader; skos:narrower,
Peanut witches'-broom phytoplasma,Peanut witches' broom mycoplasma-like organism; Peanut witches' broom phytoplasma; Peanut witches'-broom mycoplasma-like organism,"Peanut witches'-broom phytoplasma (Peanut witches' broom mycoplasma-like organism, Peanut witches' broom phytoplasma, Peanut witches'-broom mycoplasma-like organism)",https://lod.nal.usda.gov/nalt/1240,,False,skos:broader; skos:narrower,
Pear decline phytoplasma,Pear decline mycoplasma-like organism,Pear decline phytoplasma (Pear decline mycoplasma-like organism),https://lod.nal.usda.gov/nalt/1292,,False,skos:broader; skos:narrower,
pellagra,,pellagra,https://lod.nal.usda.gov/nalt/31980,,False,skos:broader; skos:narrower,
Phoenix (Arecaceae),,Phoenix (Arecaceae),https://lod.nal.usda.gov/nalt/12021,,False,skos:broader; skos:narrower,
Phormium yellow leaf phytoplasma,,Phormium yellow leaf phytoplasma,https://lod.nal.usda.gov/nalt/1300,,False,skos:broader; skos:narrower,
physical fitness,,physical fitness,https://lod.nal.usda.gov/nalt/38883,,False,skos:broader; skos:narrower,
physicochemical properties,chemical properties; chemicophysical properties; physico-chemical properties,"physicochemical properties (chemical properties, chemicophysical properties, physico-chemical properties)",https://lod.nal.usda.gov/nalt/2828,,False,skos:broader; skos:narrower,
Phytelephas,,Phytelephas,https://lod.nal.usda.gov/nalt/12022,,False,skos:broader; skos:narrower,
phytodesalination,phyto-desalination,phytodesalination (phyto-desalination),https://lod.nal.usda.gov/nalt/235923,,False,skos:related,
phytophagous insects,herbivorous insects; plant chewing insects,"phytophagous insects (herbivorous insects, plant chewing insects)",https://lod.nal.usda.gov/nalt/45292,,False,skos:related,
Phytoplasma aurantifolia,Candidatus Phytoplasma aurantifolia,Phytoplasma aurantifolia (Candidatus Phytoplasma aurantifolia),https://lod.nal.usda.gov/nalt/312810,,False,skos:broader; skos:narrower,
Phytoplasma phoenicium,Candidatus Phytoplasma phoeniceum; Candidatus Phytoplasma phoenicium,"Phytoplasma phoenicium (Candidatus Phytoplasma phoeniceum, Candidatus Phytoplasma phoenicium)",https://lod.nal.usda.gov/nalt/312816,,False,skos:broader; skos:narrower,
Pigeon pea witches'-broom phytoplasma,Pigeon pea witches' broom mycoplasma-like organism; Pigeon pea witches' broom phytoplasma; Pigeon pea witches'-broom mycoplasma-like organism,"Pigeon pea witches'-broom phytoplasma (Pigeon pea witches' broom mycoplasma-like organism, Pigeon pea witches' broom phytoplasma, Pigeon pea witches'-broom mycoplasma-like organism)",https://lod.nal.usda.gov/nalt/1267,,False,skos:broader; skos:narrower,
Pinanga,,Pinanga,https://lod.nal.usda.gov/nalt/12023,,False,skos:broader; skos:narrower,
plant anatomy,plant parts,plant anatomy (plant parts),https://lod.nal.usda.gov/nalt/851,,False,skos:broader; skos:narrower,
plant nutrient resorption,,plant nutrient resorption,https://lod.nal.usda.gov/nalt/314552,,False,skos:related,
plant physiology,,plant physiology,https://lod.nal.usda.gov/nalt/1821,,False,skos:broader; skos:narrower,
plant poisoning,,plant poisoning,https://lod.nal.usda.gov/nalt/285997,,False,skos:broader; skos:narrower,
plastic deformation,,plastic deformation,https://lod.nal.usda.gov/nalt/242020,,False,skos:broader; skos:narrower,
plasticity,,plasticity,https://lod.nal.usda.gov/nalt/304837,,False,skos:related,
Plectocomia,,Plectocomia,https://lod.nal.usda.gov/nalt/12024,,False,skos:broader; skos:narrower,
poisonous plants,,poisonous plants,https://lod.nal.usda.gov/nalt/57972,,False,skos:related,
postmortem changes,,postmortem changes,https://lod.nal.usda.gov/nalt/126,,False,skos:related,
Potato purple top phytoplasma,Beet leafhopper transmitted virescence agent; Phytoplasma sp. 'bola de hilo'; Phytoplasma sp. 'potato purple top',"Potato purple top phytoplasma (Beet leafhopper transmitted virescence agent, Phytoplasma sp. 'bola de hilo', Phytoplasma sp. 'potato purple top')",https://lod.nal.usda.gov/nalt/1234,,False,skos:broader; skos:narrower,
Potato witches'-broom phytoplasma,Potato witches' broom mycoplasma-like organism; Potato witches' broom phytoplasma; Potato witches'-broom mycoplasma-like organism,"Potato witches'-broom phytoplasma (Potato witches' broom mycoplasma-like organism, Potato witches' broom phytoplasma, Potato witches'-broom mycoplasma-like organism)",https://lod.nal.usda.gov/nalt/1279,,False,skos:broader; skos:narrower,
Pritchardia,,Pritchardia,https://lod.nal.usda.gov/nalt/12025,,False,skos:broader; skos:narrower,
Ptychosperma,Seaforthia,Ptychosperma (Seaforthia),https://lod.nal.usda.gov/nalt/12026,,False,skos:broader; skos:narrower,
Puccinia polysora,,Puccinia polysora,https://lod.nal.usda.gov/nalt/60496,,False,skos:related,
Puccinia striiformis f. hordei,Puccinia striiformis f. sp. hordei,Puccinia striiformis f. hordei (Puccinia striiformis f. sp. hordei),https://lod.nal.usda.gov/nalt/334656,,False,skos:related,
Puccinia striiformis f. tritici,,Puccinia striiformis f. tritici,https://lod.nal.usda.gov/nalt/212254,,False,skos:related,
pulmonary fibrosis,lung fibrosis,pulmonary fibrosis (lung fibrosis),https://lod.nal.usda.gov/nalt/341283,,False,skos:related,
Raphia (Arecaceae),Raphia (Spermatophyta); raffia palms,"Raphia (Arecaceae) (Raphia (Spermatophyta), raffia palms)",https://lod.nal.usda.gov/nalt/12027,,False,skos:broader; skos:narrower,
Ravenea,Louvelia; Ranevea,"Ravenea (Louvelia, Ranevea)",https://lod.nal.usda.gov/nalt/275452,,False,skos:broader; skos:narrower,
Red suture phytoplasma,,Red suture phytoplasma,https://lod.nal.usda.gov/nalt/1253,,False,skos:broader; skos:narrower,
reproductive toxicology,reproductive toxicity,reproductive toxicology (reproductive toxicity),https://lod.nal.usda.gov/nalt/1767,,False,skos:related,
Rhapidophyllum,,Rhapidophyllum,https://lod.nal.usda.gov/nalt/12028,,False,skos:broader; skos:narrower,
rickets,rachitis,rickets (rachitis),https://lod.nal.usda.gov/nalt/18511,,False,skos:broader; skos:narrower,
rootworms,,rootworms,https://lod.nal.usda.gov/nalt/47386,,False,skos:broader; skos:narrower,
Roystonea,royal palms,Roystonea (royal palms),https://lod.nal.usda.gov/nalt/122477,,False,skos:broader; skos:narrower,
Rubus stunt phytoplasma,,Rubus stunt phytoplasma,https://lod.nal.usda.gov/nalt/1273,,False,skos:broader; skos:narrower,
Sabal,,Sabal,https://lod.nal.usda.gov/nalt/12029,,False,skos:broader; skos:narrower,
Salacca,,Salacca,https://lod.nal.usda.gov/nalt/12030,,False,skos:broader; skos:narrower,
saline groundwater,saline ground water,saline groundwater (saline ground water),https://lod.nal.usda.gov/nalt/326474,,False,skos:related,
saline water,salt water; saltwater,"saline water (salt water, saltwater)",https://lod.nal.usda.gov/nalt/19128,,False,skos:related,
Satranala,,Satranala,https://lod.nal.usda.gov/nalt/275459,,False,skos:broader; skos:narrower,
saturated conditions,,saturated conditions,https://lod.nal.usda.gov/nalt/11566,,False,skos:related,
sawflies,,sawflies,https://lod.nal.usda.gov/nalt/12090,,False,skos:broader; skos:narrower,
scale insects,scales (insects),scale insects (scales (insects)),https://lod.nal.usda.gov/nalt/27483,,False,skos:broader; skos:narrower,
scurvy,,scurvy,https://lod.nal.usda.gov/nalt/12869,,False,skos:broader; skos:narrower,
semiarid zones,cold semi-arid climate; hot semi-arid climate; semi-arid zones; semiarid climate; semiarid conditions; steppe climate,"semiarid zones (cold semi-arid climate, hot semi-arid climate, semi-arid zones, semiarid climate, semiarid conditions, steppe climate)",https://lod.nal.usda.gov/nalt/26894,,False,skos:related,
senescence (aging),aging (physiological process),senescence (aging) (aging (physiological process)),https://lod.nal.usda.gov/nalt/127,,False,skos:related,
Serenoa,,Serenoa,https://lod.nal.usda.gov/nalt/12031,,False,skos:broader; skos:narrower,
skin diseases,dermatoses; dermatosis; skin disorders,"skin diseases (dermatoses, dermatosis, skin disorders)",https://lod.nal.usda.gov/nalt/348,,False,skos:broader; skos:narrower,
Socratea,,Socratea,https://lod.nal.usda.gov/nalt/12032,,False,skos:broader; skos:narrower,
soil salinity,,soil salinity,https://lod.nal.usda.gov/nalt/44460,,False,skos:related,
soil salts,salts in soil,soil salts (salts in soil),https://lod.nal.usda.gov/nalt/44461,,False,skos:related,
soil water regimes,soil moisture regimes,soil water regimes (soil moisture regimes),https://lod.nal.usda.gov/nalt/11565,,False,skos:broader; skos:narrower,
Soybean veinal necrosis phytoplasma,,Soybean veinal necrosis phytoplasma,https://lod.nal.usda.gov/nalt/1254,,False,skos:broader; skos:narrower,
steatitis,,steatitis,https://lod.nal.usda.gov/nalt/31981,,False,skos:broader; skos:narrower,
Stolbur phytoplasma,Candidatus Phytoplasma solani; Phytoplasma solani,"Stolbur phytoplasma (Candidatus Phytoplasma solani, Phytoplasma solani)",https://lod.nal.usda.gov/nalt/1301,,False,skos:broader; skos:narrower,
storage insects,stored product insects,storage insects (stored product insects),https://lod.nal.usda.gov/nalt/47387,,False,skos:broader; skos:narrower,
storage modulus,,storage modulus,https://lod.nal.usda.gov/nalt/61206,,False,skos:related,
subterranean termites,,subterranean termites,https://lod.nal.usda.gov/nalt/47388,,False,skos:broader; skos:narrower,
Sugarcane white leaf phytoplasma,,Sugarcane white leaf phytoplasma,https://lod.nal.usda.gov/nalt/1295,,False,skos:broader; skos:narrower,
suicide,,suicide,https://lod.nal.usda.gov/nalt/31863,,False,skos:related,
swayback,,swayback,https://lod.nal.usda.gov/nalt/28947,,False,skos:broader; skos:narrower,
Sweet potato witches'-broom phytoplasma,Sweet potato witches' broom mycoplasma-like organism; Sweet potato witches' broom phytoplasma; Sweet potato witches'-broom mycoplasma-like organism,"Sweet potato witches'-broom phytoplasma (Sweet potato witches' broom mycoplasma-like organism, Sweet potato witches' broom phytoplasma, Sweet potato witches'-broom mycoplasma-like organism)",https://lod.nal.usda.gov/nalt/1241,,False,skos:broader; skos:narrower,
Syagrus,Arecastrum,Syagrus (Arecastrum),https://lod.nal.usda.gov/nalt/12033,,False,skos:broader; skos:narrower,
Thrinax,,Thrinax,https://lod.nal.usda.gov/nalt/12034,,False,skos:broader; skos:narrower,
Tomato big bud phytoplasma,Tomato big bud mycoplasma-like organism,Tomato big bud phytoplasma (Tomato big bud mycoplasma-like organism),https://lod.nal.usda.gov/nalt/1235,,False,skos:broader; skos:narrower,
toxicity,,toxicity,https://lod.nal.usda.gov/nalt/3967,,False,skos:related,
Trachycarpus,,Trachycarpus,https://lod.nal.usda.gov/nalt/12035,,False,skos:broader; skos:narrower,
Trithrinax,,Trithrinax,https://lod.nal.usda.gov/nalt/12036,,False,skos:broader; skos:narrower,
tropics,megathermal climate; tropical climates; tropical monsoon climate; tropical rainforest climate; tropical regions; tropical savanna climate; tropical zones,"tropics (megathermal climate, tropical climates, tropical monsoon climate, tropical rainforest climate, tropical regions, tropical savanna climate, tropical zones)",https://lod.nal.usda.gov/nalt/26898,,False,skos:broader; skos:narrower,
ubiquitins,ubiquitin-like proteins,ubiquitins (ubiquitin-like proteins),https://lod.nal.usda.gov/nalt/220015,,False,skos:related,
unsaturated conditions,,unsaturated conditions,https://lod.nal.usda.gov/nalt/34697,,False,skos:related,
Virginia creeper phytoplasma,,Virginia creeper phytoplasma,https://lod.nal.usda.gov/nalt/1274,,False,skos:broader; skos:narrower,
Virginia grapevine yellows phytoplasma VGYIII,,Virginia grapevine yellows phytoplasma VGYIII,https://lod.nal.usda.gov/nalt/1255,,False,skos:broader; skos:narrower,
VK grapevine yellows phytoplasma,,VK grapevine yellows phytoplasma,https://lod.nal.usda.gov/nalt/1302,,False,skos:broader; skos:narrower,
Voanioala,,Voanioala,https://lod.nal.usda.gov/nalt/275460,,False,skos:broader; skos:narrower,
Walnut witches'-broom phytoplasma,Walnut witches' broom phytoplasma; Walnut witches'-broom mycoplasma-like organism,"Walnut witches'-broom phytoplasma (Walnut witches' broom phytoplasma, Walnut witches'-broom mycoplasma-like organism)",https://lod.nal.usda.gov/nalt/1256,,False,skos:broader; skos:narrower,
warble flies,,warble flies,https://lod.nal.usda.gov/nalt/47389,,False,skos:broader; skos:narrower,
Washingtonia,,Washingtonia,https://lod.nal.usda.gov/nalt/12037,,False,skos:broader; skos:narrower,
water content,moisture content,water content (moisture content),https://lod.nal.usda.gov/nalt/18883,,False,skos:related,
water quality,groundwater quality; water clarity,"water quality (groundwater quality, water clarity)",https://lod.nal.usda.gov/nalt/26766,,False,skos:related,
water salinity,,water salinity,https://lod.nal.usda.gov/nalt/96068,,False,skos:broader; skos:narrower,
water table,ground water level; ground water table; groundwater level; groundwater table; water level (groundwater),"water table (ground water level, ground water table, groundwater level, groundwater table, water level (groundwater))",https://lod.nal.usda.gov/nalt/21985,,False,skos:related,
weight loss,loss of weight; weight reduction,"weight loss (loss of weight, weight reduction)",https://lod.nal.usda.gov/nalt/18378,,False,skos:related,
Welfia,,Welfia,https://lod.nal.usda.gov/nalt/297549,,False,skos:broader; skos:narrower,
Western X phytoplasma,Western X mycoplasma-like organism; Western X-disease mycoplasma-like organism; Western X-disease phytoplasma,"Western X phytoplasma (Western X mycoplasma-like organism, Western X-disease mycoplasma-like organism, Western X-disease phytoplasma)",https://lod.nal.usda.gov/nalt/1257,,False,skos:broader; skos:narrower,
wet deposition,atmospheric wet deposition; precipitation scavenging; wet acid deposition,"wet deposition (atmospheric wet deposition, precipitation scavenging, wet acid deposition)",https://lod.nal.usda.gov/nalt/68066,,False,skos:broader; skos:narrower,
wet environmental conditions,hydric conditions; hygric conditions; wet conditions (environment); wet environment; wet environments,"wet environmental conditions (hydric conditions, hygric conditions, wet conditions (environment), wet environment, wet environments)",https://lod.nal.usda.gov/nalt/11520,,False,skos:related,
White tip die-back phytoplasma,Date palm white tip die-back phytoplasma; Date palm white tip dieback phytoplasma; White tip dieback phytoplasma,"White tip die-back phytoplasma (Date palm white tip die-back phytoplasma, Date palm white tip dieback phytoplasma, White tip dieback phytoplasma)",https://lod.nal.usda.gov/nalt/1311,,False,skos:broader; skos:narrower,
wood degradation,timber decomposition; timber degradation; wood decomposition; wood deterioration,"wood degradation (timber decomposition, timber degradation, wood decomposition, wood deterioration)",https://lod.nal.usda.gov/nalt/189519,,False,skos:broader; skos:narrower,
wood dust,,wood dust,https://lod.nal.usda.gov/nalt/305693,,False,skos:related,
wood spalting,spalted wood; spalting,"wood spalting (spalted wood, spalting)",https://lod.nal.usda.gov/nalt/314628,,False,skos:related,
xerophytes,desert plants; xerophiles; xerophilous plants; xerophytic plants,"xerophytes (desert plants, xerophiles, xerophilous plants, xerophytic plants)",https://lod.nal.usda.gov/nalt/32535,,False,skos:related,
Yucatan coconut lethal decline phytoplasma,Yucatan coconut lethal decline mycoplasma-like organism,Yucatan coconut lethal decline phytoplasma (Yucatan coconut lethal decline mycoplasma-like organism),https://lod.nal.usda.gov/nalt/1262,,False,skos:broader; skos:narrower,
Ziziphus jujube witches'-broom phytoplasma,Candidatus Phytoplasma ziziphi; Phytoplasma ziziphi; Ziziphus jujube witches' broom phytoplasma; Zizyphus jujube witches' broom phytoplasma; Zizyphus jujube witches'-broom phytoplasma,"Ziziphus jujube witches'-broom phytoplasma (Candidatus Phytoplasma ziziphi, Phytoplasma ziziphi, Ziziphus jujube witches' broom phytoplasma, Zizyphus jujube witches' broom phytoplasma, Zizyphus jujube witches'-broom phytoplasma)",https://lod.nal.usda.gov/nalt/1275,,False,skos:broader; skos:narrower,
aerobic conditions,oxic conditions,aerobic conditions (oxic conditions),https://lod.nal.usda.gov/nalt/4630,,False,skos:broader; skos:narrower,
aflatoxicosis,,aflatoxicosis,https://lod.nal.usda.gov/nalt/4800,,False,skos:broader; skos:narrower,
altitude,topographic elevation,altitude (topographic elevation),https://lod.nal.usda.gov/nalt/7259,,False,skos:broader; skos:narrower,
ambient temperature,ambient air temperature; ambient room temperature; environmental temperature; room temperature,"ambient temperature (ambient air temperature, ambient room temperature, environmental temperature, room temperature)",https://lod.nal.usda.gov/nalt/7424,,False,skos:broader; skos:narrower,
anaerobic conditions,anoxic conditions; hypoxic conditions,"anaerobic conditions (anoxic conditions, hypoxic conditions)",https://lod.nal.usda.gov/nalt/8377,,False,skos:broader; skos:narrower,
anemia,anaemia; aplastic anaemia; aplastic anemia; macrocytic anaemia; macrocytic anemia; megaloblastic anaemia; megaloblastic anemia; nutritional anaemia; nutritional anemia; pernicious anemia,"anemia (anaemia, aplastic anaemia, aplastic anemia, macrocytic anaemia, macrocytic anemia, megaloblastic anaemia, megaloblastic anemia, nutritional anaemia, nutritional anemia, pernicious anemia)",https://lod.nal.usda.gov/nalt/8363,,False,skos:broader; skos:narrower,
aquic regimes,,aquic regimes,https://lod.nal.usda.gov/nalt/11440,,False,skos:broader; skos:narrower,
aridic regimes,torric regimes,aridic regimes (torric regimes),https://lod.nal.usda.gov/nalt/12171,,False,skos:broader; skos:narrower,
aseptic conditions,aseptic methods; aseptic processing; aseptic state; aseptic techniques; germ free state (environmental conditions); germ-free state (environmental conditions); germfree state (environmental conditions); sterile conditions; sterile methods; sterile state; sterile techniques,"aseptic conditions (aseptic methods, aseptic processing, aseptic state, aseptic techniques, germ free state (environmental conditions), germ-free state (environmental conditions), germfree state (environmental conditions), sterile conditions, sterile methods, sterile state, sterile techniques)",https://lod.nal.usda.gov/nalt/67875,,False,skos:broader; skos:narrower,
biotic factors,,biotic factors,https://lod.nal.usda.gov/nalt/284555,,False,skos:related,
brackish water,brackishwater; estuarine water,"brackish water (brackishwater, estuarine water)",https://lod.nal.usda.gov/nalt/19126,,False,skos:related,
burden of disease,GBD (global burden of disease); burden of illness; disease burden; global burden of disease,"burden of disease (GBD (global burden of disease), burden of illness, disease burden, global burden of disease)",https://lod.nal.usda.gov/nalt/137626,,False,skos:related,
calcium deficiency,,calcium deficiency,https://lod.nal.usda.gov/nalt/312339,,False,skos:broader; skos:narrower,
climatic factors,,climatic factors,https://lod.nal.usda.gov/nalt/26882,,False,skos:broader; skos:narrower,
coastal water,,coastal water,https://lod.nal.usda.gov/nalt/27371,,False,skos:related,
copper,,copper,https://lod.nal.usda.gov/nalt/28946,,False,skos:related,
dietary minerals,microelements (dietary); micronutrients (animal); micronutrients (dietary minerals),"dietary minerals (microelements (dietary), micronutrients (animal), micronutrients (dietary minerals))",https://lod.nal.usda.gov/nalt/21092,,False,skos:related,
drained conditions,,drained conditions,https://lod.nal.usda.gov/nalt/34495,,False,skos:broader; skos:narrower,
ecomorphology,ecological morphology,ecomorphology (ecological morphology),https://lod.nal.usda.gov/nalt/298535,,False,skos:related,
edaphic factors,soil environment,edaphic factors (soil environment),https://lod.nal.usda.gov/nalt/35823,,False,skos:broader; skos:narrower,
environment,,environment,https://lod.nal.usda.gov/nalt/26877,,False,skos:broader; skos:narrower,
ergotism,Saint Anthony's fire; St. Anthony's fire; ergot poisoning,"ergotism (Saint Anthony's fire, St. Anthony's fire, ergot poisoning)",https://lod.nal.usda.gov/nalt/26721,,False,skos:broader; skos:narrower,
favism,,favism,https://lod.nal.usda.gov/nalt/37483,,False,skos:broader; skos:narrower,
fescue foot,,fescue foot,https://lod.nal.usda.gov/nalt/335087,,False,skos:broader; skos:narrower,
fescue toxicosis,,fescue toxicosis,https://lod.nal.usda.gov/nalt/37843,,False,skos:broader; skos:narrower,
fish poisons,piscicides,fish poisons (piscicides),https://lod.nal.usda.gov/nalt/301288,,False,skos:related,
genetic factors,,genetic factors,https://lod.nal.usda.gov/nalt/302273,,False,skos:related,
goat diseases,caprine diseases,goat diseases (caprine diseases),https://lod.nal.usda.gov/nalt/9128,,False,skos:related,
groundwater,ground water,groundwater (ground water),https://lod.nal.usda.gov/nalt/11571,,False,skos:broader; skos:narrower,
hemoglobin,haemoglobin,hemoglobin (haemoglobin),https://lod.nal.usda.gov/nalt/18161,,False,skos:related,
human health and safety,,human health and safety,https://lod.nal.usda.gov/nalt/2144,,False,skos:broader; skos:narrower,
infant mortality,,infant mortality,https://lod.nal.usda.gov/nalt/47223,,False,skos:broader; skos:narrower,
iron,Fe2+; ferric iron; ferrous iron,"iron (Fe2+, ferric iron, ferrous iron)",https://lod.nal.usda.gov/nalt/33434,,False,skos:related,
irrigated conditions,irrigated sites; irrigated stands,"irrigated conditions (irrigated sites, irrigated stands)",https://lod.nal.usda.gov/nalt/47756,,False,skos:broader; skos:narrower,
lathyrism,neurolathyrism,lathyrism (neurolathyrism),https://lod.nal.usda.gov/nalt/286003,,False,skos:related,
latitude,,latitude,https://lod.nal.usda.gov/nalt/26883,,False,skos:related,
Little peach phytoplasma,,Little peach phytoplasma,https://lod.nal.usda.gov/nalt/1250,,False,skos:broader; skos:narrower,
longitude,,longitude,https://lod.nal.usda.gov/nalt/37448,,False,skos:broader; skos:narrower,
Lupinus leucophyllus,Lupinus canescens; Lupinus cyaneus; Lupinus erectus; Lupinus leucophyllus ssp. erectus; Lupinus leucophyllus ssp. leucophyllus; Lupinus leucophyllus subsp. erectus; Lupinus leucophyllus subsp. leucophyllus; Lupinus leucophyllus var. belliae; Lupinus leucophyllus var. canescens,"Lupinus leucophyllus (Lupinus canescens, Lupinus cyaneus, Lupinus erectus, Lupinus leucophyllus ssp. erectus, Lupinus leucophyllus ssp. leucophyllus, Lupinus leucophyllus subsp. erectus, Lupinus leucophyllus subsp. leucophyllus, Lupinus leucophyllus var. belliae, Lupinus leucophyllus var. canescens)",https://lod.nal.usda.gov/nalt/286913,,False,skos:related,
marine environment,,marine environment,https://lod.nal.usda.gov/nalt/132655,,False,skos:related,
marine fish,deep-sea fish; salt water fish; saltwater fish; saltwater fishes; sea fish,"marine fish (deep-sea fish, salt water fish, saltwater fish, saltwater fishes, sea fish)",https://lod.nal.usda.gov/nalt/40305,,False,skos:related,
milk sickness,,milk sickness,https://lod.nal.usda.gov/nalt/286001,,False,skos:broader; skos:narrower,
morbidity,,morbidity,https://lod.nal.usda.gov/nalt/34035,,False,skos:broader; skos:narrower,
mushroom poisoning,mycetism; mycetismus,"mushroom poisoning (mycetism, mycetismus)",https://lod.nal.usda.gov/nalt/7328,,False,skos:broader; skos:narrower,
mycotoxins,fungal toxins,mycotoxins (fungal toxins),https://lod.nal.usda.gov/nalt/4808,,False,skos:related,
nutrition,,nutrition,https://lod.nal.usda.gov/nalt/9324,,False,skos:broader; skos:narrower,
nutrition physiology,,nutrition physiology,https://lod.nal.usda.gov/nalt/10476,,False,skos:related,
ochratoxicosis,,ochratoxicosis,https://lod.nal.usda.gov/nalt/54145,,False,skos:broader; skos:narrower,
pathogen survival,microbial survival,pathogen survival (microbial survival),https://lod.nal.usda.gov/nalt/34023,,False,skos:related,
Peach rosette phytoplasma,,Peach rosette phytoplasma,https://lod.nal.usda.gov/nalt/1251,,False,skos:broader; skos:narrower,
photoperiod,dark-light cycle; day length; daylength; daylight cycle; light cycle; light regime; light-dark cycle,"photoperiod (dark-light cycle, day length, daylength, daylight cycle, light cycle, light regime, light-dark cycle)",https://lod.nal.usda.gov/nalt/31841,,False,skos:broader; skos:narrower,
Phytoplasma HD1,Flavescence doree phytoplasma HD1,Phytoplasma HD1 (Flavescence doree phytoplasma HD1),https://lod.nal.usda.gov/nalt/1272,,False,skos:broader; skos:narrower,
phytotoxins,plant toxins,phytotoxins (plant toxins),https://lod.nal.usda.gov/nalt/57971,,False,skos:related,
piscicidal plants,,piscicidal plants,https://lod.nal.usda.gov/nalt/301293,,False,skos:broader; skos:narrower,
plant development,,plant development,https://lod.nal.usda.gov/nalt/1790,,False,skos:broader; skos:narrower,
plants (botany),,plants (botany),https://lod.nal.usda.gov/nalt/874,,False,skos:broader; skos:narrower,
poisonous weeds,,poisonous weeds,https://lod.nal.usda.gov/nalt/304862,,False,skos:broader; skos:narrower,
poorly drained soils,poorly drained conditions,poorly drained soils (poorly drained conditions),https://lod.nal.usda.gov/nalt/34504,,False,skos:broader; skos:narrower,
protein deficiencies,,protein deficiencies,https://lod.nal.usda.gov/nalt/48624,,False,skos:broader; skos:narrower,
road kills,highway kills; roadkills,"road kills (highway kills, roadkills)",https://lod.nal.usda.gov/nalt/283783,,False,skos:related,
ryegrass staggers,,ryegrass staggers,https://lod.nal.usda.gov/nalt/3014,,False,skos:broader; skos:narrower,
saline sodic soils,,saline sodic soils,https://lod.nal.usda.gov/nalt/24691,,False,skos:related,
saline springs,salt-water springs,saline springs (salt-water springs),https://lod.nal.usda.gov/nalt/312770,,False,skos:related,
salt lakes,hypersaline lakes; saline lakes,"salt lakes (hypersaline lakes, saline lakes)",https://lod.nal.usda.gov/nalt/302907,,False,skos:related,
saturated flow,saturated water flow,saturated flow (saturated water flow),https://lod.nal.usda.gov/nalt/59559,,False,skos:related,
saturated hydraulic conductivity,,saturated hydraulic conductivity,https://lod.nal.usda.gov/nalt/46278,,False,skos:related,
seawater,ocean water; sea water,"seawater (ocean water, sea water)",https://lod.nal.usda.gov/nalt/55548,,False,skos:related,
seed abortion,aborted seeds,seed abortion (aborted seeds),https://lod.nal.usda.gov/nalt/1791,,False,skos:broader; skos:narrower,
shade,natural shade; natural shading; shading,"shade (natural shade, natural shading, shading)",https://lod.nal.usda.gov/nalt/37449,,False,skos:broader; skos:narrower,
sheep diseases,ovine diseases,sheep diseases (ovine diseases),https://lod.nal.usda.gov/nalt/9132,,False,skos:related,
soil chemical properties,chemical properties of soil,soil chemical properties (chemical properties of soil),https://lod.nal.usda.gov/nalt/9595,,False,skos:broader; skos:narrower,
soil chemistry,soil colloid chemistry,soil chemistry (soil colloid chemistry),https://lod.nal.usda.gov/nalt/24696,,False,skos:broader; skos:narrower,
soil electrical conductivity,soil electric conductivity; soil electroconductivity,"soil electrical conductivity (soil electric conductivity, soil electroconductivity)",https://lod.nal.usda.gov/nalt/316816,,False,skos:related,
soil physics,,soil physics,https://lod.nal.usda.gov/nalt/63363,,False,skos:broader; skos:narrower,
soil salinization,salinisation (soil); salinization (soil); soil salinisation,"soil salinization (salinisation (soil), salinization (soil), soil salinisation)",https://lod.nal.usda.gov/nalt/61970,,False,skos:related,
soil water,soil moisture,soil water (soil moisture),https://lod.nal.usda.gov/nalt/21983,,False,skos:related,
survival rate,survivorship,survival rate (survivorship),https://lod.nal.usda.gov/nalt/191816,,False,skos:broader; skos:narrower,
toxicology,toxicodynamics,toxicology (toxicodynamics),https://lod.nal.usda.gov/nalt/35791,,False,skos:related,
trace element deficiencies,,trace element deficiencies,https://lod.nal.usda.gov/nalt/94910,,False,skos:broader; skos:narrower,
tree mortality,tree death,tree mortality (tree death),https://lod.nal.usda.gov/nalt/58597,,True,skos:related,
tremetol,,tremetol,https://lod.nal.usda.gov/nalt/285992,,False,skos:related,
udic regimes,perudic regimes,udic regimes (perudic regimes),https://lod.nal.usda.gov/nalt/46147,,False,skos:broader; skos:narrower,
ustic regimes,,ustic regimes,https://lod.nal.usda.gov/nalt/63473,,False,skos:broader; skos:narrower,
vitamin deficiencies,avitaminosis; hypovitaminosis,"vitamin deficiencies (avitaminosis, hypovitaminosis)",https://lod.nal.usda.gov/nalt/55428,,False,skos:broader; skos:narrower,
water,,water,https://lod.nal.usda.gov/nalt/6435,,False,skos:broader; skos:narrower,
wet-dry cycles,moist dry cycles; moist-dry cycles; wet dry cycles,"wet-dry cycles (moist dry cycles, moist-dry cycles, wet dry cycles)",https://lod.nal.usda.gov/nalt/53217,,False,skos:broader; skos:narrower,
xeric regimes,xeric soils,xeric regimes (xeric soils),https://lod.nal.usda.gov/nalt/51864,,False,skos:broader; skos:narrower,
abrin,abrin toxin,abrin (abrin toxin),https://lod.nal.usda.gov/nalt/315263,,False,skos:broader; skos:narrower,
alpine plants,,alpine plants,https://lod.nal.usda.gov/nalt/7020,,False,skos:broader; skos:narrower,
Antarctic plants,,Antarctic plants,https://lod.nal.usda.gov/nalt/332238,,False,skos:broader; skos:narrower,
aquatic plants,aquatic flora; aquatic plant life; aquatic vegetation; hydrophytes; hydrophytic vegetation,"aquatic plants (aquatic flora, aquatic plant life, aquatic vegetation, hydrophytes, hydrophytic vegetation)",https://lod.nal.usda.gov/nalt/11469,,False,skos:broader; skos:narrower,
autotrophs,autotrophic organisms; autotrophy; photoautotrophic organisms; photoautotrophs; photoautotrophy; photosynthetic organisms; phototrophic organisms; phototrophs,"autotrophs (autotrophic organisms, autotrophy, photoautotrophic organisms, photoautotrophs, photoautotrophy, photosynthetic organisms, phototrophic organisms, phototrophs)",https://lod.nal.usda.gov/nalt/14050,,False,skos:related,
bamboos,bamboo plants,bamboos (bamboo plants),https://lod.nal.usda.gov/nalt/138423,,False,skos:broader; skos:narrower,
broadleaved evergreens,broadleaf evergreens,broadleaved evergreens (broadleaf evergreens),https://lod.nal.usda.gov/nalt/69025,,False,skos:broader; skos:narrower,
C3 plants,C3 species; carbon-3 pathway plants,"C3 plants (C3 species, carbon-3 pathway plants)",https://lod.nal.usda.gov/nalt/20711,,False,skos:broader; skos:narrower,
C4 plants,C4 species; carbon-4 plants,"C4 plants (C4 species, carbon-4 plants)",https://lod.nal.usda.gov/nalt/20717,,False,skos:broader; skos:narrower,
calcicoles,calcicolous species,calcicoles (calcicolous species),https://lod.nal.usda.gov/nalt/6432,,False,skos:broader; skos:narrower,
calcifuges,,calcifuges,https://lod.nal.usda.gov/nalt/2735,,False,skos:broader; skos:narrower,
calcium,Ca2+,calcium (Ca2+),https://lod.nal.usda.gov/nalt/6421,,False,skos:related,
capillary fringe,,capillary fringe,https://lod.nal.usda.gov/nalt/21979,,False,skos:related,
carnivorous plants,,carnivorous plants,https://lod.nal.usda.gov/nalt/22580,,False,skos:broader; skos:narrower,
chamaephytes,,chamaephytes,https://lod.nal.usda.gov/nalt/294742,,False,skos:broader; skos:narrower,
chasmophytes,,chasmophytes,https://lod.nal.usda.gov/nalt/294740,,False,skos:broader; skos:narrower,
conservation plants,plants for soil conservation,conservation plants (plants for soil conservation),https://lod.nal.usda.gov/nalt/28602,,False,skos:broader; skos:narrower,
container-grown plants,container crops; container grown plants; potted plants,"container-grown plants (container crops, container grown plants, potted plants)",https://lod.nal.usda.gov/nalt/28711,,False,skos:broader; skos:narrower,
copper deficiency,,copper deficiency,https://lod.nal.usda.gov/nalt/233358,,False,skos:broader; skos:narrower,
cryptogams,,cryptogams,https://lod.nal.usda.gov/nalt/6349,,False,skos:broader; skos:narrower,
curvularin,,curvularin,https://lod.nal.usda.gov/nalt/281548,,False,skos:broader; skos:narrower,
day-neutral plants,,day-neutral plants,https://lod.nal.usda.gov/nalt/334579,,False,skos:broader; skos:narrower,
dehydrocurvularin,,dehydrocurvularin,https://lod.nal.usda.gov/nalt/281550,,False,skos:broader; skos:narrower,
drought tolerant plants,,drought tolerant plants,https://lod.nal.usda.gov/nalt/334680,,False,skos:broader; skos:narrower,
duneland plants,,duneland plants,https://lod.nal.usda.gov/nalt/302135,,False,skos:broader; skos:narrower,
economic plants,,economic plants,https://lod.nal.usda.gov/nalt/302153,,False,skos:broader; skos:narrower,
electrical conductivity,electric conductivity; electro-conductivity; electroconductivity,"electrical conductivity (electric conductivity, electro-conductivity, electroconductivity)",https://lod.nal.usda.gov/nalt/28491,,False,skos:broader; skos:narrower,
embryophytes,land plants,embryophytes (land plants),https://lod.nal.usda.gov/nalt/196631,,False,skos:broader; skos:narrower,
environmental enrichment,behavioral enrichment; environmental enhancement,"environmental enrichment (behavioral enrichment, environmental enhancement)",https://lod.nal.usda.gov/nalt/9057,,False,skos:broader; skos:narrower,
Epichloe coenophiala,Acremonium coenophialum; Acremonium-coenophialum; Epichloe typhina; Neotyphodium coenophialum,"Epichloe coenophiala (Acremonium coenophialum, Acremonium-coenophialum, Epichloe typhina, Neotyphodium coenophialum)",https://lod.nal.usda.gov/nalt/3011,,False,skos:related,
Epichloe festucae var. lolii,Acremonium lolii; Neotyphodium lolii,"Epichloe festucae var. lolii (Acremonium lolii, Neotyphodium lolii)",https://lod.nal.usda.gov/nalt/3008,,False,skos:related,
epiphytes,,epiphytes,https://lod.nal.usda.gov/nalt/37606,,False,skos:broader; skos:narrower,
ergovaline,,ergovaline,https://lod.nal.usda.gov/nalt/3013,,False,skos:related,
female plants,,female plants,https://lod.nal.usda.gov/nalt/300971,,False,skos:broader; skos:narrower,
ferns and fern allies,Pteridophyta; fern allies; ferns; pteridophytes,"ferns and fern allies (Pteridophyta, fern allies, ferns, pteridophytes)",https://lod.nal.usda.gov/nalt/30380,,False,skos:broader; skos:narrower,
Festuca arundinacea,Festuca elatior; tall fescue,"Festuca arundinacea (Festuca elatior, tall fescue)",https://lod.nal.usda.gov/nalt/39977,,False,skos:related,
fiber plants,,fiber plants,https://lod.nal.usda.gov/nalt/302241,,False,skos:broader; skos:narrower,
flora,natural flora,flora (natural flora),https://lod.nal.usda.gov/nalt/17393,,False,skos:related,
food plants,,food plants,https://lod.nal.usda.gov/nalt/40971,,False,skos:broader; skos:narrower,
forbs,,forbs,https://lod.nal.usda.gov/nalt/41109,,False,skos:broader; skos:narrower,
forest plants,,forest plants,https://lod.nal.usda.gov/nalt/305454,,False,skos:broader; skos:narrower,
gametophytes,,gametophytes,https://lod.nal.usda.gov/nalt/32890,,False,skos:broader; skos:narrower,
genetically modified plants,GM crops; GM plants,"genetically modified plants (GM crops, GM plants)",https://lod.nal.usda.gov/nalt/81474,,False,skos:broader; skos:narrower,
graminoids,graminoid plants; graminoid species,"graminoids (graminoid plants, graminoid species)",https://lod.nal.usda.gov/nalt/155588,,False,skos:broader; skos:narrower,
grasses,,grasses,https://lod.nal.usda.gov/nalt/28913,,False,skos:broader; skos:narrower,
ground cover plants,cover plants; groundcover plants; groundcovers (plants),"ground cover plants (cover plants, groundcover plants, groundcovers (plants))",https://lod.nal.usda.gov/nalt/28613,,False,skos:broader; skos:narrower,
hedgerow plants,hedging plants,hedgerow plants (hedging plants),https://lod.nal.usda.gov/nalt/302449,,False,skos:broader; skos:narrower,
hemicryptophytes,,hemicryptophytes,https://lod.nal.usda.gov/nalt/213389,,False,skos:broader; skos:narrower,
herbaceous plants,nonwoody plants,herbaceous plants (nonwoody plants),https://lod.nal.usda.gov/nalt/45162,,False,skos:broader; skos:narrower,
host plants,host crops,host plants (host crops),https://lod.nal.usda.gov/nalt/40972,,False,skos:broader; skos:narrower,
hyperaccumulators,hyperaccumulator plants; metallophytes,"hyperaccumulators (hyperaccumulator plants, metallophytes)",https://lod.nal.usda.gov/nalt/17228,,False,skos:broader; skos:narrower,
insectary plants,,insectary plants,https://lod.nal.usda.gov/nalt/335329,,False,skos:broader; skos:narrower,
introduced plants,alien plants; exotic fruits; exotic trees; plant introduction; plant introductions,"introduced plants (alien plants, exotic fruits, exotic trees, plant introduction, plant introductions)",https://lod.nal.usda.gov/nalt/47576,,False,skos:broader; skos:narrower,
iodine deficiency,,iodine deficiency,https://lod.nal.usda.gov/nalt/203789,,False,skos:broader; skos:narrower,
Lathyrus,Orobus,Lathyrus (Orobus),https://lod.nal.usda.gov/nalt/39081,,False,skos:related,
lawns and turf,turf,lawns and turf (turf),https://lod.nal.usda.gov/nalt/43735,,False,skos:broader; skos:narrower,
lichens,macrolichens; microlichens,"lichens (macrolichens, microlichens)",https://lod.nal.usda.gov/nalt/50008,,False,skos:broader; skos:narrower,
Lolium,Arthrochortus; Craepalia; Crypturus; ryegrass,"Lolium (Arthrochortus, Craepalia, Crypturus, ryegrass)",https://lod.nal.usda.gov/nalt/50529,,False,skos:related,
long-day plants,short-night plants,long-day plants (short-night plants),https://lod.nal.usda.gov/nalt/334568,,False,skos:broader; skos:narrower,
Lupinus,lupin; lupines,"Lupinus (lupin, lupines)",https://lod.nal.usda.gov/nalt/39098,,False,skos:broader; skos:narrower,
male plants,,male plants,https://lod.nal.usda.gov/nalt/300973,,False,skos:broader; skos:narrower,
mature plants,adult plants,mature plants (adult plants),https://lod.nal.usda.gov/nalt/4400,,False,skos:broader; skos:narrower,
mosses and liverworts,liverworts; liverworts and mosses; mosses,"mosses and liverworts (liverworts, liverworts and mosses, mosses)",https://lod.nal.usda.gov/nalt/30381,,False,skos:broader; skos:narrower,
nectar plants,,nectar plants,https://lod.nal.usda.gov/nalt/40973,,False,skos:broader; skos:narrower,
nitrogen-fixing plants,,nitrogen-fixing plants,https://lod.nal.usda.gov/nalt/301594,,False,skos:broader; skos:narrower,
non-vascular plants,nonvascular plants,non-vascular plants (nonvascular plants),https://lod.nal.usda.gov/nalt/207378,,False,skos:broader; skos:narrower,
nurse plants,facilitator plants; nurse crops; nurse trees,"nurse plants (facilitator plants, nurse crops, nurse trees)",https://lod.nal.usda.gov/nalt/138386,,False,skos:broader; skos:narrower,
nursery stock,,nursery stock,https://lod.nal.usda.gov/nalt/15654,,False,skos:broader; skos:narrower,
oilseed crops,oil seed crops; oil seed plants; oilseed plants,"oilseed crops (oil seed crops, oil seed plants, oilseed plants)",https://lod.nal.usda.gov/nalt/19516,,False,skos:broader; skos:narrower,
organisms,biota,organisms (biota),https://lod.nal.usda.gov/nalt/4628,,False,skos:broader; skos:narrower,
ornamental plants,garden plants; landscape plants; ornamental crops; ornamental foliage plants; ornamentals,"ornamental plants (garden plants, landscape plants, ornamental crops, ornamental foliage plants, ornamentals)",https://lod.nal.usda.gov/nalt/16259,,False,skos:broader; skos:narrower,
parasitic plants,parasitic weeds,parasitic plants (parasitic weeds),https://lod.nal.usda.gov/nalt/30885,,False,skos:broader; skos:narrower,
pasture plants,,pasture plants,https://lod.nal.usda.gov/nalt/41096,,False,skos:broader; skos:narrower,
pesticidal plants,insecticidal plants; nematicidal plants; pesticide crops,"pesticidal plants (insecticidal plants, nematicidal plants, pesticide crops)",https://lod.nal.usda.gov/nalt/18788,,False,skos:broader; skos:narrower,
phanerophytes,,phanerophytes,https://lod.nal.usda.gov/nalt/213388,,False,skos:broader; skos:narrower,
phreatophytes,phreatophytic plants,phreatophytes (phreatophytic plants),https://lod.nal.usda.gov/nalt/196954,,False,skos:broader; skos:narrower,
phytotoxicity,,phytotoxicity,https://lod.nal.usda.gov/nalt/58189,,False,skos:related,
plant micronutrients,microelements (plant nutrition); micronutrients (plant),"plant micronutrients (microelements (plant nutrition), micronutrients (plant))",https://lod.nal.usda.gov/nalt/52674,,False,skos:related,
"Plant Production, Gardening",,"Plant Production, Gardening",https://lod.nal.usda.gov/nalt/127307,,False,skos:broader; skos:narrower,
Plantae,Embryophyta; Metaphyta,"Plantae (Embryophyta, Metaphyta)",https://lod.nal.usda.gov/nalt/858,,False,skos:related,
plantlets,,plantlets,https://lod.nal.usda.gov/nalt/52786,,False,skos:broader; skos:narrower,
psoralens,furanocoumarins; furocoumarins; khellin; trioxsalen,"psoralens (furanocoumarins, furocoumarins, khellin, trioxsalen)",https://lod.nal.usda.gov/nalt/127513,,False,skos:related,
recalcitrant species,recalcitrant plants,recalcitrant species (recalcitrant plants),https://lod.nal.usda.gov/nalt/223746,,False,skos:broader; skos:narrower,
revegetation plants,,revegetation plants,https://lod.nal.usda.gov/nalt/305578,,False,skos:broader; skos:narrower,
roadside plants,roadside vegetation,roadside plants (roadside vegetation),https://lod.nal.usda.gov/nalt/58688,,False,skos:broader; skos:narrower,
rootstocks,,rootstocks,https://lod.nal.usda.gov/nalt/43597,,False,skos:broader; skos:narrower,
scions,,scions,https://lod.nal.usda.gov/nalt/43598,,False,skos:broader; skos:narrower,
seedlings,,seedlings,https://lod.nal.usda.gov/nalt/32911,,False,skos:broader; skos:narrower,
shade intolerant plants,,shade intolerant plants,https://lod.nal.usda.gov/nalt/334690,,False,skos:broader; skos:narrower,
short-day plants,long-night plants,short-day plants (long-night plants),https://lod.nal.usda.gov/nalt/334567,,False,skos:broader; skos:narrower,
shrubs,,shrubs,https://lod.nal.usda.gov/nalt/58689,,False,skos:broader; skos:narrower,
soil,,soil,https://lod.nal.usda.gov/nalt/63334,,False,skos:broader; skos:narrower,
soil degradation,soil deterioration,soil degradation (soil deterioration),https://lod.nal.usda.gov/nalt/958,,False,skos:broader; skos:narrower,
soil formation,pedogenesis; pedogenetic evolution; pedogenetic processes; pedogenic evolution; pedogenic processes; soil evolution; soil genesis,"soil formation (pedogenesis, pedogenetic evolution, pedogenetic processes, pedogenic evolution, pedogenic processes, soil evolution, soil genesis)",https://lod.nal.usda.gov/nalt/959,,False,skos:related,
soil physical properties,physical characteristics of soil; physical properties of soil; physical soil features; soil physical conditions,"soil physical properties (physical characteristics of soil, physical properties of soil, physical soil features, soil physical conditions)",https://lod.nal.usda.gov/nalt/5142,,False,skos:broader; skos:narrower,
soil pore water,,soil pore water,https://lod.nal.usda.gov/nalt/63433,,False,skos:broader; skos:narrower,
soil quality,soil condition; soil health,"soil quality (soil condition, soil health)",https://lod.nal.usda.gov/nalt/35826,,False,skos:related,
soil solution,,soil solution,https://lod.nal.usda.gov/nalt/63358,,False,skos:related,
soil water balance,field water balance; soil water budget,"soil water balance (field water balance, soil water budget)",https://lod.nal.usda.gov/nalt/40115,,False,skos:related,
soil water potential,,soil water potential,https://lod.nal.usda.gov/nalt/63393,,False,skos:related,
stimulant plants,stimulant crops,stimulant plants (stimulant crops),https://lod.nal.usda.gov/nalt/11988,,False,skos:broader; skos:narrower,
topsoil water,topsoil moisture; topsoil wetness,"topsoil water (topsoil moisture, topsoil wetness)",https://lod.nal.usda.gov/nalt/313626,,False,skos:broader; skos:narrower,
toxins,biotoxins,toxins (biotoxins),https://lod.nal.usda.gov/nalt/10551,,False,skos:broader; skos:narrower,
trace elements,microelements (soils); trace metals; trace minerals,"trace elements (microelements (soils), trace metals, trace minerals)",https://lod.nal.usda.gov/nalt/12372,,False,skos:related,
trees,,trees,https://lod.nal.usda.gov/nalt/11816,,False,skos:broader; skos:narrower,
tropical plants,tropical trees,tropical plants (tropical trees),https://lod.nal.usda.gov/nalt/306178,,False,skos:broader; skos:narrower,
vascular plants,,vascular plants,https://lod.nal.usda.gov/nalt/204172,,False,skos:broader; skos:narrower,
vegetation,greenery,vegetation (greenery),https://lod.nal.usda.gov/nalt/17462,,False,skos:related,
vines,climbing plants,vines (climbing plants),https://lod.nal.usda.gov/nalt/58690,,False,skos:broader; skos:narrower,
volumetric water content,volumetric soil water content,volumetric water content (volumetric soil water content),https://lod.nal.usda.gov/nalt/325180,,False,skos:related,
volunteer plants,crop plants as weeds; rogue plants; volunteer crops,"volunteer plants (crop plants as weeds, rogue plants, volunteer crops)",https://lod.nal.usda.gov/nalt/198241,,False,skos:broader; skos:narrower,
weeds,,weeds,https://lod.nal.usda.gov/nalt/9724,,False,skos:broader; skos:narrower,
wetland plants,wetland flora,wetland plants (wetland flora),https://lod.nal.usda.gov/nalt/11532,,False,skos:broader; skos:narrower,
wild flowers,wildflowers,wild flowers (wildflowers),https://lod.nal.usda.gov/nalt/58691,,False,skos:broader; skos:narrower,
wild plants,,wild plants,https://lod.nal.usda.gov/nalt/58692,,False,skos:broader; skos:narrower,
woody plants,,woody plants,https://lod.nal.usda.gov/nalt/56206,,False,skos:broader; skos:narrower,
desertification,,desertification,https://lod.nal.usda.gov/nalt/32537,,False,skos:related,
dissolved potassium,aqueous potassium,dissolved potassium (aqueous potassium),https://lod.nal.usda.gov/nalt/324588,,False,skos:related,
environmental quality,,environmental quality,https://lod.nal.usda.gov/nalt/5850,,False,skos:related,
grass sprigs,,grass sprigs,https://lod.nal.usda.gov/nalt/43733,,False,skos:related,
home gardening,,home gardening,https://lod.nal.usda.gov/nalt/41669,,False,skos:related,
hosts,,hosts,https://lod.nal.usda.gov/nalt/836,,False,skos:broader; skos:narrower,
land degradation,land deterioration,land degradation (land deterioration),https://lod.nal.usda.gov/nalt/189524,,False,skos:related,
sod plugs,grass plugs,sod plugs (grass plugs),https://lod.nal.usda.gov/nalt/43722,,False,skos:related,
sod production,turfgrass sod production,sod production (turfgrass sod production),https://lod.nal.usda.gov/nalt/30149,,False,skos:related,
sod strips,grass sod; grass strips (propagation); sod (transplants); turfgrass sod,"sod strips (grass sod, grass strips (propagation), sod (transplants), turfgrass sod)",https://lod.nal.usda.gov/nalt/43731,,False,skos:related,
sodium adsorption ratio,,sodium adsorption ratio,https://lod.nal.usda.gov/nalt/333471,,False,skos:related,
soil acidification,,soil acidification,https://lod.nal.usda.gov/nalt/63335,,False,skos:broader; skos:narrower,
soil biological properties,biochemical properties of soil; biological properties of soil; soil biochemical properties; soil microbiological properties,"soil biological properties (biochemical properties of soil, biological properties of soil, soil biochemical properties, soil microbiological properties)",https://lod.nal.usda.gov/nalt/63353,,False,skos:related,
soil biology,soil microbiology,soil biology (soil microbiology),https://lod.nal.usda.gov/nalt/17421,,False,skos:related,
soil composition,,soil composition,https://lod.nal.usda.gov/nalt/307015,,False,skos:related,
soil ecosystems,,soil ecosystems,https://lod.nal.usda.gov/nalt/156625,,False,skos:related,
soil erosion,erosion of soil; soil piping,"soil erosion (erosion of soil, soil piping)",https://lod.nal.usda.gov/nalt/501,,False,skos:broader; skos:narrower,
soil exhaustion,,soil exhaustion,https://lod.nal.usda.gov/nalt/967,,False,skos:related,
soil pollution,contaminants in soil; contamination of soil; soil contaminants; soil contamination; soil pollutants,"soil pollution (contaminants in soil, contamination of soil, soil contaminants, soil contamination, soil pollutants)",https://lod.nal.usda.gov/nalt/961,,False,skos:related,
soil processes and phenomena,,soil processes and phenomena,https://lod.nal.usda.gov/nalt/955,,False,skos:broader; skos:narrower,
soil productivity,,soil productivity,https://lod.nal.usda.gov/nalt/970,,False,skos:related,
soil resources,,soil resources,https://lod.nal.usda.gov/nalt/63435,,False,skos:related,
soil restoration,soil reclamation; soil recycling,"soil restoration (soil reclamation, soil recycling)",https://lod.nal.usda.gov/nalt/213546,,False,skos:related,
soil science,agrology; edaphology; pedology,"soil science (agrology, edaphology, pedology)",https://lod.nal.usda.gov/nalt/956,,False,skos:broader; skos:narrower,
soil slaking,soil aggregate breakdown,soil slaking (soil aggregate breakdown),https://lod.nal.usda.gov/nalt/63338,,False,skos:broader; skos:narrower,
soil surface sealing,soil sealing,soil surface sealing (soil sealing),https://lod.nal.usda.gov/nalt/5144,,False,skos:broader; skos:narrower,
sward,grass stand; grass sward; sod (stand),"sward (grass stand, grass sward, sod (stand))",https://lod.nal.usda.gov/nalt/43736,,False,skos:related,
thatch,,thatch,https://lod.nal.usda.gov/nalt/49377,,False,skos:related,
turf grasses,lawn grass; turfgrasses,"turf grasses (lawn grass, turfgrasses)",https://lod.nal.usda.gov/nalt/43752,,False,skos:related,
turf management,lawn care; turf care; turf maintenance; turfgrass management,"turf management (lawn care, turf care, turf maintenance, turfgrass management)",https://lod.nal.usda.gov/nalt/43737,,False,skos:related,
water stable soil aggregates,water stable aggregates,water stable soil aggregates (water stable aggregates),https://lod.nal.usda.gov/nalt/325649,,False,skos:related,
weed hosts,,weed hosts,https://lod.nal.usda.gov/nalt/45994,,False,skos:broader; skos:narrower,
acid deposition,acid fog; acidic fog; atmospheric acid deposition; atmospheric acid precipitation; atmospheric acidic deposition; atmospheric acidic precipitation,"acid deposition (acid fog, acidic fog, atmospheric acid deposition, atmospheric acid precipitation, atmospheric acidic deposition, atmospheric acidic precipitation)",https://lod.nal.usda.gov/nalt/2712,,False,skos:related,
soil productivity status,,soil productivity status,https://lod.nal.usda.gov/nalt/962,,False,skos:broader; skos:narrower,
