prefLabel,altLabels,displayName,uri,confidence,in_hierarchy_gold,relations,classification
soil,,soil,https://lod.nal.usda.gov/nalt/63334,1.0,True,,INCLUDE
direct push technology,,direct push technology,https://lod.nal.usda.gov/nalt/216922,,False,skos:related,
geophytes,,geophytes,https://lod.nal.usda.gov/nalt/217420,,False,skos:related,
soil air,soil atmosphere; soil gases,"soil air (soil atmosphere, soil gases)",https://lod.nal.usda.gov/nalt/5823,,True,skos:broader; skos:narrower,
soil morphological features,,soil morphological features,https://lod.nal.usda.gov/nalt/26939,,True,skos:broader; skos:narrower,
soil properties,,soil properties,https://lod.nal.usda.gov/nalt/5084,,True,skos:broader; skos:narrower,
soil types,,soil types,https://lod.nal.usda.gov/nalt/10094,,True,skos:broader; skos:narrower,
soil water,soil moisture,soil water (soil moisture),https://lod.nal.usda.gov/nalt/21983,,True,skos:broader; skos:narrower,
age of soil,soil age,age of soil (soil age),https://lod.nal.usda.gov/nalt/5081,,True,skos:broader; skos:narrower,
air,,air,https://lod.nal.usda.gov/nalt/5822,,False,skos:related,
anthropogenic soil types,,anthropogenic soil types,https://lod.nal.usda.gov/nalt/10092,,True,skos:broader; skos:narrower,
capillary fringe,,capillary fringe,https://lod.nal.usda.gov/nalt/21979,,False,skos:related,
chemical soil types,,chemical soil types,https://lod.nal.usda.gov/nalt/2734,,True,skos:broader; skos:narrower,
climatic soil types,,climatic soil types,https://lod.nal.usda.gov/nalt/12168,,True,skos:broader; skos:narrower,
cultural soil types,,cultural soil types,https://lod.nal.usda.gov/nalt/5473,,True,skos:broader; skos:narrower,
earthworm burrows,earthworm channels,earthworm burrows (earthworm channels),https://lod.nal.usda.gov/nalt/35127,,True,skos:broader; skos:narrower,
ecological soil types,,ecological soil types,https://lod.nal.usda.gov/nalt/7016,,True,skos:broader; skos:narrower,
edaphic factors,soil environment,edaphic factors (soil environment),https://lod.nal.usda.gov/nalt/35823,,True,skos:related,
erodibility,,erodibility,https://lod.nal.usda.gov/nalt/37925,,True,skos:broader; skos:narrower,
genetic soil types,,genetic soil types,https://lod.nal.usda.gov/nalt/6337,,True,skos:broader; skos:narrower,
lithological soil types,,lithological soil types,https://lod.nal.usda.gov/nalt/6754,,True,skos:broader; skos:narrower,
mineralogical soil types,,mineralogical soil types,https://lod.nal.usda.gov/nalt/6710,,True,skos:broader; skos:narrower,
necromass,,necromass,https://lod.nal.usda.gov/nalt/276029,,False,skos:related,
ortsteins,,ortsteins,https://lod.nal.usda.gov/nalt/306961,,True,skos:broader; skos:narrower,
paleosolic soil types,palaeosolic soil types; palaeosols,"paleosolic soil types (palaeosolic soil types, palaeosols)",https://lod.nal.usda.gov/nalt/20443,,True,skos:broader; skos:narrower,
pedodiversity,soil diversity,pedodiversity (soil diversity),https://lod.nal.usda.gov/nalt/314998,,True,skos:related,
permafrost,permafrost areas,permafrost (permafrost areas),https://lod.nal.usda.gov/nalt/27783,,True,skos:broader; skos:narrower,
physiographic soil types,,physiographic soil types,https://lod.nal.usda.gov/nalt/16123,,True,skos:broader; skos:narrower,
phytodesalination,phyto-desalination,phytodesalination (phyto-desalination),https://lod.nal.usda.gov/nalt/235923,,False,skos:related,
plant available water,soil water availability,plant available water (soil water availability),https://lod.nal.usda.gov/nalt/14083,,True,skos:broader; skos:narrower,
plant litter,leaf litter; litterfall,"plant litter (leaf litter, litterfall)",https://lod.nal.usda.gov/nalt/41163,,True,skos:broader; skos:narrower,
plant-water relations,plant water relations; water-plant relations,"plant-water relations (plant water relations, water-plant relations)",https://lod.nal.usda.gov/nalt/34627,,False,skos:related,
root channels,,root channels,https://lod.nal.usda.gov/nalt/61634,,True,skos:broader; skos:narrower,
sodium adsorption ratio,,sodium adsorption ratio,https://lod.nal.usda.gov/nalt/333471,,False,skos:related,
soil biological properties,biochemical properties of soil; biological properties of soil; soil biochemical properties; soil microbiological properties,"soil biological properties (biochemical properties of soil, biological properties of soil, soil biochemical properties, soil microbiological properties)",https://lod.nal.usda.gov/nalt/63353,,True,skos:broader; skos:narrower,
soil chemical properties,chemical properties of soil,soil chemical properties (chemical properties of soil),https://lod.nal.usda.gov/nalt/9595,,True,skos:broader; skos:narrower,
soil color,soil colour,soil color (soil colour),https://lod.nal.usda.gov/nalt/63360,,True,skos:broader; skos:narrower,
soil concretions,,soil concretions,https://lod.nal.usda.gov/nalt/307017,,True,skos:broader; skos:narrower,
soil cracks,,soil cracks,https://lod.nal.usda.gov/nalt/29788,,True,skos:broader; skos:narrower,
soil crusts,,soil crusts,https://lod.nal.usda.gov/nalt/63371,,True,skos:broader; skos:narrower,
soil depth,soil thickness,soil depth (soil thickness),https://lod.nal.usda.gov/nalt/63373,,True,skos:broader; skos:narrower,
soil fabric,,soil fabric,https://lod.nal.usda.gov/nalt/63378,,True,skos:broader; skos:narrower,
soil fatty acids,,soil fatty acids,https://lod.nal.usda.gov/nalt/6796345,,True,skos:broader; skos:narrower,
soil formation,pedogenesis; pedogenetic evolution; pedogenetic processes; pedogenic evolution; pedogenic processes; soil evolution; soil genesis,"soil formation (pedogenesis, pedogenetic evolution, pedogenetic processes, pedogenic evolution, pedogenic processes, soil evolution, soil genesis)",https://lod.nal.usda.gov/nalt/959,,True,skos:related,
soil heterogeneity,soil variability,soil heterogeneity (soil variability),https://lod.nal.usda.gov/nalt/63388,,True,skos:broader; skos:narrower,
soil horizons,,soil horizons,https://lod.nal.usda.gov/nalt/1558,,True,skos:broader; skos:narrower,
soil mechanical properties,engineering properties of soil,soil mechanical properties (engineering properties of soil),https://lod.nal.usda.gov/nalt/29789,,True,skos:broader; skos:narrower,
soil morphology,,soil morphology,https://lod.nal.usda.gov/nalt/63408,,True,skos:broader; skos:narrower,
soil mottles,,soil mottles,https://lod.nal.usda.gov/nalt/53536,,True,skos:broader; skos:narrower,
soil pans,,soil pans,https://lod.nal.usda.gov/nalt/41386,,True,skos:broader; skos:narrower,
soil physical properties,physical characteristics of soil; physical properties of soil; physical soil features; soil physical conditions,"soil physical properties (physical characteristics of soil, physical properties of soil, physical soil features, soil physical conditions)",https://lod.nal.usda.gov/nalt/5142,,True,skos:broader; skos:narrower,
soil pore system,soil pores,soil pore system (soil pores),https://lod.nal.usda.gov/nalt/51081,,True,skos:related,
soil pore water,,soil pore water,https://lod.nal.usda.gov/nalt/63433,,True,skos:broader; skos:narrower,
soil profiles,,soil profiles,https://lod.nal.usda.gov/nalt/63413,,True,skos:broader; skos:narrower,
soil solution,,soil solution,https://lod.nal.usda.gov/nalt/63358,,True,skos:related,
soil structural units,,soil structural units,https://lod.nal.usda.gov/nalt/306891,,True,skos:broader; skos:narrower,
soil structure,,soil structure,https://lod.nal.usda.gov/nalt/63417,,True,skos:related,
soil suitability,,soil suitability,https://lod.nal.usda.gov/nalt/63434,,True,skos:broader; skos:narrower,
soil surface layers,,soil surface layers,https://lod.nal.usda.gov/nalt/63416,,True,skos:broader; skos:narrower,
soil voids,,soil voids,https://lod.nal.usda.gov/nalt/63409,,True,skos:broader; skos:narrower,
soil water balance,field water balance; soil water budget,"soil water balance (field water balance, soil water budget)",https://lod.nal.usda.gov/nalt/40115,,True,skos:related,
soil water potential,,soil water potential,https://lod.nal.usda.gov/nalt/63393,,True,skos:related,
soil water regimes,soil moisture regimes,soil water regimes (soil moisture regimes),https://lod.nal.usda.gov/nalt/11565,,True,skos:related,
stratigraphic soil types,,stratigraphic soil types,https://lod.nal.usda.gov/nalt/45699,,True,skos:broader; skos:narrower,
structural soil types,,structural soil types,https://lod.nal.usda.gov/nalt/26757,,True,skos:broader; skos:narrower,
subsoil,sub-soil,subsoil (sub-soil),https://lod.nal.usda.gov/nalt/63414,,True,skos:broader; skos:narrower,
subsurface soil layers,soil sub-surface layers; soil subsurface layers; sub-surface soil layers,"subsurface soil layers (soil sub-surface layers, soil subsurface layers, sub-surface soil layers)",https://lod.nal.usda.gov/nalt/63415,,True,skos:broader; skos:narrower,
textural soil types,,textural soil types,https://lod.nal.usda.gov/nalt/26742,,True,skos:broader; skos:narrower,
topsoil,top soil; top-soil,"topsoil (top soil, top-soil)",https://lod.nal.usda.gov/nalt/1559,,True,skos:broader; skos:narrower,
topsoil water,topsoil moisture; topsoil wetness,"topsoil water (topsoil moisture, topsoil wetness)",https://lod.nal.usda.gov/nalt/313626,,True,skos:broader; skos:narrower,
volumetric water content,volumetric soil water content,volumetric water content (volumetric soil water content),https://lod.nal.usda.gov/nalt/325180,,True,skos:related,
water,,water,https://lod.nal.usda.gov/nalt/6435,,False,skos:broader; skos:narrower,
wheel tracks,tramlines (controlled traffic),wheel tracks (tramlines (controlled traffic)),https://lod.nal.usda.gov/nalt/1012,,True,skos:broader; skos:narrower,
worm casts,earthworm casts,worm casts (earthworm casts),https://lod.nal.usda.gov/nalt/35131,,True,skos:broader; skos:narrower,
A horizons,A-horizons,A horizons (A-horizons),https://lod.nal.usda.gov/nalt/1556,,True,skos:related,
acid soils,acidic soils,acid soils (acidic soils),https://lod.nal.usda.gov/nalt/2732,,True,skos:broader; skos:narrower,
acid sulfate soils,acid sulphate soils,acid sulfate soils (acid sulphate soils),https://lod.nal.usda.gov/nalt/2737,,True,skos:broader; skos:narrower,
age,age differences,age (age differences),https://lod.nal.usda.gov/nalt/110,,False,skos:related,
age determination,,age determination,https://lod.nal.usda.gov/nalt/5066,,False,skos:related,
aggregate stability,,aggregate stability,https://lod.nal.usda.gov/nalt/5141,,True,skos:broader; skos:narrower,
agricultural soils,farmland soil,agricultural soils (farmland soil),https://lod.nal.usda.gov/nalt/5472,,True,skos:broader; skos:narrower,
alkaline soils,,alkaline soils,https://lod.nal.usda.gov/nalt/6431,,True,skos:broader; skos:narrower,
allophanic soils,,allophanic soils,https://lod.nal.usda.gov/nalt/6709,,True,skos:broader; skos:narrower,
alluvial soils,flood plain soils; floodplain soils,"alluvial soils (flood plain soils, floodplain soils)",https://lod.nal.usda.gov/nalt/6753,,True,skos:broader; skos:narrower,
anion exchange capacity,,anion exchange capacity,https://lod.nal.usda.gov/nalt/9594,,True,skos:broader; skos:narrower,
anthropogenic horizons,,anthropogenic horizons,https://lod.nal.usda.gov/nalt/300735,,True,skos:broader; skos:narrower,
aquic regimes,,aquic regimes,https://lod.nal.usda.gov/nalt/11440,,True,skos:broader; skos:narrower,
arable soils,arable land,arable soils (arable land),https://lod.nal.usda.gov/nalt/11657,,True,skos:broader; skos:narrower,
argillic horizons,,argillic horizons,https://lod.nal.usda.gov/nalt/12103,,True,skos:broader; skos:narrower,
argilluvic soils,,argilluvic soils,https://lod.nal.usda.gov/nalt/300755,,True,skos:broader; skos:narrower,
arid soils,,arid soils,https://lod.nal.usda.gov/nalt/12167,,True,skos:broader; skos:narrower,
aridic regimes,torric regimes,aridic regimes (torric regimes),https://lod.nal.usda.gov/nalt/12171,,True,skos:broader; skos:narrower,
available water capacity,,available water capacity,https://lod.nal.usda.gov/nalt/14081,,True,skos:related,
B horizons,B-horizons,B horizons (B-horizons),https://lod.nal.usda.gov/nalt/14413,,True,skos:broader; skos:narrower,
basaltic soils,,basaltic soils,https://lod.nal.usda.gov/nalt/15965,,True,skos:broader; skos:narrower,
base saturation,,base saturation,https://lod.nal.usda.gov/nalt/15975,,True,skos:broader; skos:narrower,
beach soils,,beach soils,https://lod.nal.usda.gov/nalt/16122,,True,skos:broader; skos:narrower,
biological soil crusts,biocrusts; soil biological crusts,"biological soil crusts (biocrusts, soil biological crusts)",https://lod.nal.usda.gov/nalt/300823,,True,skos:broader; skos:narrower,
bioturbation,,bioturbation,https://lod.nal.usda.gov/nalt/957,,True,skos:related,
bog soils,,bog soils,https://lod.nal.usda.gov/nalt/18400,,True,skos:broader; skos:narrower,
bottomland soils,,bottomland soils,https://lod.nal.usda.gov/nalt/18873,,True,skos:broader; skos:narrower,
buffering capacity,buffer capacity,buffering capacity (buffer capacity),https://lod.nal.usda.gov/nalt/20312,,False,skos:related,
buried soils,,buried soils,https://lod.nal.usda.gov/nalt/20442,,True,skos:broader; skos:narrower,
burnt soils,,burnt soils,https://lod.nal.usda.gov/nalt/20534,,True,skos:broader; skos:narrower,
C horizons,C-horizons,C horizons (C-horizons),https://lod.nal.usda.gov/nalt/20702,,True,skos:broader; skos:narrower,
calcareous soils,,calcareous soils,https://lod.nal.usda.gov/nalt/21069,,True,skos:broader; skos:narrower,
capillarity,capillary action; capillary rise,"capillarity (capillary action, capillary rise)",https://lod.nal.usda.gov/nalt/21976,,False,skos:related,
cation exchange capacity,,cation exchange capacity,https://lod.nal.usda.gov/nalt/23045,,True,skos:broader; skos:narrower,
cerrado soils,,cerrado soils,https://lod.nal.usda.gov/nalt/24086,,True,skos:broader; skos:narrower,
chalk soils,,chalk soils,https://lod.nal.usda.gov/nalt/24304,,True,skos:broader; skos:narrower,
chaparral soils,,chaparral soils,https://lod.nal.usda.gov/nalt/24429,,True,skos:broader; skos:narrower,
charge characteristics,,charge characteristics,https://lod.nal.usda.gov/nalt/24470,,True,skos:broader; skos:narrower,
citrus soils,,citrus soils,https://lod.nal.usda.gov/nalt/26559,,True,skos:broader; skos:narrower,
clay loam soils,,clay loam soils,https://lod.nal.usda.gov/nalt/26741,,True,skos:broader; skos:narrower,
clay soils,clayey soils,clay soils (clayey soils),https://lod.nal.usda.gov/nalt/26755,,True,skos:broader; skos:narrower,
claypan soils,,claypan soils,https://lod.nal.usda.gov/nalt/26756,,True,skos:broader; skos:narrower,
climate,macroclimate,climate (macroclimate),https://lod.nal.usda.gov/nalt/76121,,False,skos:related,
clods,soil clods,clods (soil clods),https://lod.nal.usda.gov/nalt/26938,,True,skos:broader; skos:narrower,
coarse-textured soils,coarse textured soils; coarse-grained soils,"coarse-textured soils (coarse textured soils, coarse-grained soils)",https://lod.nal.usda.gov/nalt/27363,,True,skos:broader; skos:narrower,
coastal plain soils,,coastal plain soils,https://lod.nal.usda.gov/nalt/27368,,True,skos:broader; skos:narrower,
coastal soils,,coastal soils,https://lod.nal.usda.gov/nalt/27365,,True,skos:broader; skos:narrower,
cold soils,,cold soils,https://lod.nal.usda.gov/nalt/26886,,True,skos:related,
compacted soils,,compacted soils,https://lod.nal.usda.gov/nalt/28315,,True,skos:broader; skos:narrower,
corn soils,maize soils,corn soils (maize soils),https://lod.nal.usda.gov/nalt/29188,,True,skos:broader; skos:narrower,
delta soils,,delta soils,https://lod.nal.usda.gov/nalt/32183,,True,skos:broader; skos:narrower,
desert soils,,desert soils,https://lod.nal.usda.gov/nalt/32536,,True,skos:broader; skos:narrower,
diagenesis,,diagenesis,https://lod.nal.usda.gov/nalt/324774,,True,skos:broader; skos:narrower,
diagnostic horizons,,diagnostic horizons,https://lod.nal.usda.gov/nalt/33019,,True,skos:broader; skos:narrower,
disturbed soils,,disturbed soils,https://lod.nal.usda.gov/nalt/10095,,True,skos:broader; skos:narrower,
drained conditions,,drained conditions,https://lod.nal.usda.gov/nalt/34495,,True,skos:broader; skos:narrower,
dry environmental conditions,arid conditions; arid environments; aridity; dry environment; dry environments; xeric conditions; xeric environment; xeric environments; xeric habitats,"dry environmental conditions (arid conditions, arid environments, aridity, dry environment, dry environments, xeric conditions, xeric environment, xeric environments, xeric habitats)",https://lod.nal.usda.gov/nalt/12165,,False,skos:related,
dune soils,,dune soils,https://lod.nal.usda.gov/nalt/27366,,True,skos:broader; skos:narrower,
duneland soils,,duneland soils,https://lod.nal.usda.gov/nalt/302131,,True,skos:broader; skos:narrower,
E horizons,E-horizons,E horizons (E-horizons),https://lod.nal.usda.gov/nalt/35059,,True,skos:broader; skos:narrower,
earthworms,,earthworms,https://lod.nal.usda.gov/nalt/35126,,True,skos:related,
eluviation,,eluviation,https://lod.nal.usda.gov/nalt/36324,,True,skos:related,
environmental factors,abiotic factors; ecofactors; ecological factors; environment factors; environmental conditions; environmental filters; environmental variables,"environmental factors (abiotic factors, ecofactors, ecological factors, environment factors, environmental conditions, environmental filters, environmental variables)",https://lod.nal.usda.gov/nalt/4631,,False,skos:broader; skos:narrower,
eolian soils,aeolian soils,eolian soils (aeolian soils),https://lod.nal.usda.gov/nalt/299127,,True,skos:broader; skos:narrower,
eroded soils,eroded sites,eroded soils (eroded sites),https://lod.nal.usda.gov/nalt/10096,,True,skos:broader; skos:narrower,
erodibility index,soil erodibility index; soil erosion index,"erodibility index (soil erodibility index, soil erosion index)",https://lod.nal.usda.gov/nalt/333650,,True,skos:broader; skos:narrower,
fen soils,fenland soils,fen soils (fenland soils),https://lod.nal.usda.gov/nalt/35690,,True,skos:broader; skos:narrower,
field capacity,,field capacity,https://lod.nal.usda.gov/nalt/40100,,True,skos:related,
fine-textured soils,fine textured soils; fine-grained soils,"fine-textured soils (fine textured soils, fine-grained soils)",https://lod.nal.usda.gov/nalt/40204,,True,skos:broader; skos:narrower,
fish pond soils,,fish pond soils,https://lod.nal.usda.gov/nalt/10097,,True,skos:broader; skos:narrower,
flooded conditions,water logging; waterlogged conditions; waterlogging,"flooded conditions (water logging, waterlogged conditions, waterlogging)",https://lod.nal.usda.gov/nalt/40586,,True,skos:broader; skos:narrower,
fluvial soils,,fluvial soils,https://lod.nal.usda.gov/nalt/40743,,True,skos:broader; skos:narrower,
forest soils,,forest soils,https://lod.nal.usda.gov/nalt/35691,,True,skos:broader; skos:narrower,
fossil soils,,fossil soils,https://lod.nal.usda.gov/nalt/41306,,True,skos:broader; skos:narrower,
fragipans,,fragipans,https://lod.nal.usda.gov/nalt/41385,,True,skos:broader; skos:narrower,
frigid soils,arctic soils,frigid soils (arctic soils),https://lod.nal.usda.gov/nalt/301420,,True,skos:related,
frozen soils,,frozen soils,https://lod.nal.usda.gov/nalt/41634,,True,skos:related,
gabbro soils,,gabbro soils,https://lod.nal.usda.gov/nalt/301616,,True,skos:broader; skos:narrower,
glacial soils,,glacial soils,https://lod.nal.usda.gov/nalt/42998,,True,skos:broader; skos:narrower,
golf course soils,,golf course soils,https://lod.nal.usda.gov/nalt/10098,,True,skos:broader; skos:narrower,
granite soils,,granite soils,https://lod.nal.usda.gov/nalt/43655,,True,skos:broader; skos:narrower,
grassland soils,,grassland soils,https://lod.nal.usda.gov/nalt/30686,,True,skos:broader; skos:narrower,
gravelly soils,,gravelly soils,https://lod.nal.usda.gov/nalt/43765,,True,skos:broader; skos:narrower,
greenhouse soils,,greenhouse soils,https://lod.nal.usda.gov/nalt/30687,,True,skos:broader; skos:narrower,
gypsiferous soils,,gypsiferous soils,https://lod.nal.usda.gov/nalt/44151,,True,skos:broader; skos:narrower,
hardpans,,hardpans,https://lod.nal.usda.gov/nalt/213766,,True,skos:broader; skos:narrower,
heathland soils,,heathland soils,https://lod.nal.usda.gov/nalt/35692,,True,skos:broader; skos:narrower,
holocene soils,,holocene soils,https://lod.nal.usda.gov/nalt/45698,,True,skos:broader; skos:narrower,
horticultural soils,,horticultural soils,https://lod.nal.usda.gov/nalt/30688,,True,skos:broader; skos:narrower,
humification,,humification,https://lod.nal.usda.gov/nalt/17317,,False,skos:related,
hydraulic conductivity,hydraulic conductance,hydraulic conductivity (hydraulic conductance),https://lod.nal.usda.gov/nalt/46277,,True,skos:related,
hydric soils,,hydric soils,https://lod.nal.usda.gov/nalt/196731,,True,skos:broader; skos:narrower,
hydromorphic soils,,hydromorphic soils,https://lod.nal.usda.gov/nalt/42655,,True,skos:broader; skos:narrower,
illitic soils,,illitic soils,https://lod.nal.usda.gov/nalt/46933,,True,skos:broader; skos:narrower,
illuviation,,illuviation,https://lod.nal.usda.gov/nalt/46935,,True,skos:related,
irrigated conditions,irrigated sites; irrigated stands,"irrigated conditions (irrigated sites, irrigated stands)",https://lod.nal.usda.gov/nalt/47756,,True,skos:broader; skos:narrower,
irrigated soils,,irrigated soils,https://lod.nal.usda.gov/nalt/30689,,True,skos:broader; skos:narrower,
irrigation systems,irrigation equipment,irrigation systems (irrigation equipment),https://lod.nal.usda.gov/nalt/16017,,True,skos:related,
kaolinitic soils,,kaolinitic soils,https://lod.nal.usda.gov/nalt/48282,,True,skos:broader; skos:narrower,
lacustrine soils,,lacustrine soils,https://lod.nal.usda.gov/nalt/48974,,True,skos:broader; skos:narrower,
laterites,lateritic soils,laterites (lateritic soils),https://lod.nal.usda.gov/nalt/315620,,True,skos:broader; skos:narrower,
lawn soils,,lawn soils,https://lod.nal.usda.gov/nalt/30690,,True,skos:broader; skos:narrower,
layered soils,,layered soils,https://lod.nal.usda.gov/nalt/49395,,True,skos:broader; skos:narrower,
leaching,,leaching,https://lod.nal.usda.gov/nalt/36326,,True,skos:related,
limestone soils,,limestone soils,https://lod.nal.usda.gov/nalt/50174,,True,skos:broader; skos:narrower,
loam soils,loamy soils,loam soils (loamy soils),https://lod.nal.usda.gov/nalt/50479,,True,skos:broader; skos:narrower,
loamy sand soils,,loamy sand soils,https://lod.nal.usda.gov/nalt/105831,,True,skos:broader; skos:narrower,
loess soils,,loess soils,https://lod.nal.usda.gov/nalt/50384,,True,skos:broader; skos:narrower,
macropores,,macropores,https://lod.nal.usda.gov/nalt/51080,,True,skos:broader; skos:narrower,
mangrove soils,,mangrove soils,https://lod.nal.usda.gov/nalt/35693,,True,skos:broader; skos:narrower,
meadow soils,,meadow soils,https://lod.nal.usda.gov/nalt/289944,,True,skos:broader; skos:narrower,
measurement,,measurement,https://lod.nal.usda.gov/nalt/2179,,False,skos:broader; skos:narrower,
micropores,,micropores,https://lod.nal.usda.gov/nalt/52785,,True,skos:broader; skos:narrower,
mined soils,mined land,mined soils (mined land),https://lod.nal.usda.gov/nalt/10099,,True,skos:broader; skos:narrower,
mineral soils,,mineral soils,https://lod.nal.usda.gov/nalt/24688,,True,skos:broader; skos:narrower,
minerals,,minerals,https://lod.nal.usda.gov/nalt/18621,,False,skos:related,
montmorillonitic soils,,montmorillonitic soils,https://lod.nal.usda.gov/nalt/53085,,True,skos:broader; skos:narrower,
moraine soils,,moraine soils,https://lod.nal.usda.gov/nalt/53434,,True,skos:broader; skos:narrower,
mountain soils,,mountain soils,https://lod.nal.usda.gov/nalt/53550,,True,skos:broader; skos:narrower,
mushroom casing soils,,mushroom casing soils,https://lod.nal.usda.gov/nalt/30691,,True,skos:broader; skos:narrower,
old field soils,,old field soils,https://lod.nal.usda.gov/nalt/10100,,True,skos:broader; skos:narrower,
orchard soils,,orchard soils,https://lod.nal.usda.gov/nalt/30692,,True,skos:broader; skos:narrower,
organic horizons,O horizons; Oa horizons; Oe horizons; Oi horizons,"organic horizons (O horizons, Oa horizons, Oe horizons, Oi horizons)",https://lod.nal.usda.gov/nalt/55521,,True,skos:broader; skos:narrower,
organic soils,,organic soils,https://lod.nal.usda.gov/nalt/24689,,True,skos:broader; skos:narrower,
ornithogenic soils,,ornithogenic soils,https://lod.nal.usda.gov/nalt/234472,,True,skos:broader; skos:narrower,
paddy soils,,paddy soils,https://lod.nal.usda.gov/nalt/10101,,True,skos:broader; skos:narrower,
pampas soils,,pampas soils,https://lod.nal.usda.gov/nalt/35694,,True,skos:broader; skos:narrower,
peat soils,,peat soils,https://lod.nal.usda.gov/nalt/24690,,True,skos:broader; skos:narrower,
petrographic microscopy,,petrographic microscopy,https://lod.nal.usda.gov/nalt/292313,,False,skos:related,
piedmont soils,,piedmont soils,https://lod.nal.usda.gov/nalt/58076,,True,skos:broader; skos:narrower,
playa soils,,playa soils,https://lod.nal.usda.gov/nalt/58077,,True,skos:broader; skos:narrower,
pleistocene soils,,pleistocene soils,https://lod.nal.usda.gov/nalt/58797,,True,skos:broader; skos:narrower,
plow pans,plough pans,plow pans (plough pans),https://lod.nal.usda.gov/nalt/58843,,True,skos:broader; skos:narrower,
podzolization,podzolisation,podzolization (podzolisation),https://lod.nal.usda.gov/nalt/304858,,True,skos:broader; skos:narrower,
polluted soils,contaminated soils,polluted soils (contaminated soils),https://lod.nal.usda.gov/nalt/10102,,True,skos:broader; skos:narrower,
poorly drained soils,poorly drained conditions,poorly drained soils (poorly drained conditions),https://lod.nal.usda.gov/nalt/34504,,True,skos:broader; skos:narrower,
porosity,,porosity,https://lod.nal.usda.gov/nalt/58056,,False,skos:related,
prairie soils,,prairie soils,https://lod.nal.usda.gov/nalt/35695,,True,skos:broader; skos:narrower,
quaternary soils,,quaternary soils,https://lod.nal.usda.gov/nalt/60729,,True,skos:broader; skos:narrower,
rangeland soils,,rangeland soils,https://lod.nal.usda.gov/nalt/35696,,True,skos:broader; skos:narrower,
reclaimed soils,polder soils,reclaimed soils (polder soils),https://lod.nal.usda.gov/nalt/10103,,True,skos:broader; skos:narrower,
reservoir soils,,reservoir soils,https://lod.nal.usda.gov/nalt/10104,,True,skos:broader; skos:narrower,
rice soils,,rice soils,https://lod.nal.usda.gov/nalt/30693,,True,skos:broader; skos:narrower,
riparian soils,river bank soils; riverbank soils,"riparian soils (river bank soils, riverbank soils)",https://lod.nal.usda.gov/nalt/127717,,True,skos:broader; skos:narrower,
river terrace soils,,river terrace soils,https://lod.nal.usda.gov/nalt/305595,,True,skos:broader; skos:narrower,
roadside soils,,roadside soils,https://lod.nal.usda.gov/nalt/10105,,True,skos:broader; skos:narrower,
rocks,,rocks,https://lod.nal.usda.gov/nalt/16264,,False,skos:related,
saline sodic soils,,saline sodic soils,https://lod.nal.usda.gov/nalt/24691,,True,skos:broader; skos:narrower,
saline soils,,saline soils,https://lod.nal.usda.gov/nalt/24692,,True,skos:broader; skos:narrower,
salt marsh soils,,salt marsh soils,https://lod.nal.usda.gov/nalt/35697,,True,skos:broader; skos:narrower,
sandstone soils,,sandstone soils,https://lod.nal.usda.gov/nalt/50385,,True,skos:broader; skos:narrower,
sandy clay loam soils,,sandy clay loam soils,https://lod.nal.usda.gov/nalt/105828,,True,skos:broader; skos:narrower,
sandy clay soils,,sandy clay soils,https://lod.nal.usda.gov/nalt/105829,,True,skos:broader; skos:narrower,
sandy loam soils,,sandy loam soils,https://lod.nal.usda.gov/nalt/62359,,True,skos:broader; skos:narrower,
sandy soils,,sandy soils,https://lod.nal.usda.gov/nalt/62360,,True,skos:broader; skos:narrower,
saturated conditions,,saturated conditions,https://lod.nal.usda.gov/nalt/11566,,True,skos:broader; skos:narrower,
savanna soils,savannah soils,savanna soils (savannah soils),https://lod.nal.usda.gov/nalt/35698,,True,skos:broader; skos:narrower,
scrubland soils,,scrubland soils,https://lod.nal.usda.gov/nalt/35699,,True,skos:broader; skos:narrower,
sedimentary soils,,sedimentary soils,https://lod.nal.usda.gov/nalt/50386,,True,skos:broader; skos:narrower,
semiarid soils,semi-arid soils,semiarid soils (semi-arid soils),https://lod.nal.usda.gov/nalt/26887,,True,skos:broader; skos:narrower,
serpentine soils,,serpentine soils,https://lod.nal.usda.gov/nalt/50387,,True,skos:broader; skos:narrower,
shrink-swell potential,,shrink-swell potential,https://lod.nal.usda.gov/nalt/225160,,True,skos:related,
silt loam soils,,silt loam soils,https://lod.nal.usda.gov/nalt/63100,,True,skos:broader; skos:narrower,
silty clay loam soils,,silty clay loam soils,https://lod.nal.usda.gov/nalt/286875,,True,skos:broader; skos:narrower,
silty clay soils,,silty clay soils,https://lod.nal.usda.gov/nalt/105830,,True,skos:broader; skos:narrower,
silty soils,,silty soils,https://lod.nal.usda.gov/nalt/63101,,True,skos:broader; skos:narrower,
smectitic soils,,smectitic soils,https://lod.nal.usda.gov/nalt/53086,,True,skos:broader; skos:narrower,
sodic soils,,sodic soils,https://lod.nal.usda.gov/nalt/24693,,True,skos:broader; skos:narrower,
soil aggregates,aggregates (soil); macroaggregates (soil),"soil aggregates (aggregates (soil), macroaggregates (soil))",https://lod.nal.usda.gov/nalt/5150,,True,skos:broader; skos:narrower,
soil biology,soil microbiology,soil biology (soil microbiology),https://lod.nal.usda.gov/nalt/17421,,True,skos:broader; skos:narrower,
soil buffering capacity,soil buffer capacity,soil buffering capacity (soil buffer capacity),https://lod.nal.usda.gov/nalt/325462,,True,skos:broader; skos:narrower,
soil chemistry,soil colloid chemistry,soil chemistry (soil colloid chemistry),https://lod.nal.usda.gov/nalt/24696,,True,skos:broader; skos:narrower,
soil classification,,soil classification,https://lod.nal.usda.gov/nalt/33020,,True,skos:related,
soil degradation,soil deterioration,soil degradation (soil deterioration),https://lod.nal.usda.gov/nalt/958,,True,skos:related,
soil density,,soil density,https://lod.nal.usda.gov/nalt/20351,,True,skos:broader; skos:narrower,
soil ecology,,soil ecology,https://lod.nal.usda.gov/nalt/20441,,True,skos:broader; skos:narrower,
soil ecosystems,,soil ecosystems,https://lod.nal.usda.gov/nalt/156625,,True,skos:related,
soil electrical conductivity,soil electric conductivity; soil electroconductivity,"soil electrical conductivity (soil electric conductivity, soil electroconductivity)",https://lod.nal.usda.gov/nalt/316816,,True,skos:broader; skos:narrower,
soil enzymes,,soil enzymes,https://lod.nal.usda.gov/nalt/37500,,True,skos:related,
soil exhaustion,,soil exhaustion,https://lod.nal.usda.gov/nalt/967,,True,skos:related,
soil fertility,fertility (soil),soil fertility (fertility (soil)),https://lod.nal.usda.gov/nalt/968,,True,skos:related,
soil habitats,,soil habitats,https://lod.nal.usda.gov/nalt/186601,,True,skos:related,
soil hydraulic properties,,soil hydraulic properties,https://lod.nal.usda.gov/nalt/14082,,True,skos:broader; skos:narrower,
soil map,,soil map,https://lod.nal.usda.gov/nalt/225108,,False,skos:related,
soil matric potential,soil matric head; soil water tension,"soil matric potential (soil matric head, soil water tension)",https://lod.nal.usda.gov/nalt/63400,,True,skos:broader; skos:narrower,
soil mechanics,,soil mechanics,https://lod.nal.usda.gov/nalt/63402,,True,skos:related,
soil micromorphology,soil microstructure,soil micromorphology (soil microstructure),https://lod.nal.usda.gov/nalt/35129,,True,skos:related,
soil mineralogy,,soil mineralogy,https://lod.nal.usda.gov/nalt/53089,,True,skos:related,
soil monolith preparation,,soil monolith preparation,https://lod.nal.usda.gov/nalt/306983,,False,skos:related,
soil organic matter,organic matter (soil),soil organic matter (organic matter (soil)),https://lod.nal.usda.gov/nalt/34081,,True,skos:related,
soil parent materials,,soil parent materials,https://lod.nal.usda.gov/nalt/42771,,False,skos:related,
soil penetration resistance,,soil penetration resistance,https://lod.nal.usda.gov/nalt/57248,,True,skos:broader; skos:narrower,
soil pH,soil acidity; soil alkalinity,"soil pH (soil acidity, soil alkalinity)",https://lod.nal.usda.gov/nalt/2736,,True,skos:broader; skos:narrower,
soil physics,,soil physics,https://lod.nal.usda.gov/nalt/63363,,True,skos:broader; skos:narrower,
soil processes and phenomena,,soil processes and phenomena,https://lod.nal.usda.gov/nalt/955,,True,skos:broader; skos:narrower,
soil productivity,,soil productivity,https://lod.nal.usda.gov/nalt/970,,True,skos:related,
soil quality,soil condition; soil health,"soil quality (soil condition, soil health)",https://lod.nal.usda.gov/nalt/35826,,True,skos:related,
soil respiration,soil basal respiration,soil respiration (soil basal respiration),https://lod.nal.usda.gov/nalt/17423,,True,skos:related,
soil salinity,,soil salinity,https://lod.nal.usda.gov/nalt/44460,,True,skos:broader; skos:narrower,
soil salinization,salinisation (soil); salinization (soil); soil salinisation,"soil salinization (salinisation (soil), salinization (soil), soil salinisation)",https://lod.nal.usda.gov/nalt/61970,,True,skos:related,
soil separates,soil fractionation; soil fractions,"soil separates (soil fractionation, soil fractions)",https://lod.nal.usda.gov/nalt/26739,,True,skos:related,
soil slaking,soil aggregate breakdown,soil slaking (soil aggregate breakdown),https://lod.nal.usda.gov/nalt/63338,,True,skos:related,
soil sodicity,,soil sodicity,https://lod.nal.usda.gov/nalt/61959,,True,skos:broader; skos:narrower,
soil strength,cone index,soil strength (cone index),https://lod.nal.usda.gov/nalt/28494,,True,skos:broader; skos:narrower,
soil surface sealing,soil sealing,soil surface sealing (soil sealing),https://lod.nal.usda.gov/nalt/5144,,True,skos:related,
soil temperature,,soil temperature,https://lod.nal.usda.gov/nalt/61641,,True,skos:broader; skos:narrower,
soil texture,,soil texture,https://lod.nal.usda.gov/nalt/26740,,True,skos:related,
soil thermal properties,thermal properties of soil,soil thermal properties (thermal properties of soil),https://lod.nal.usda.gov/nalt/63426,,True,skos:broader; skos:narrower,
soil transport processes,mass transport in soil; solute movement (soil); solute transport (soil); transport processes (soil),"soil transport processes (mass transport in soil, solute movement (soil), solute transport (soil), transport processes (soil))",https://lod.nal.usda.gov/nalt/36325,,True,skos:related,
soil water constants,,soil water constants,https://lod.nal.usda.gov/nalt/304816,,True,skos:broader; skos:narrower,
soil water content,soil moisture content,soil water content (soil moisture content),https://lod.nal.usda.gov/nalt/21959,,True,skos:broader; skos:narrower,
soil water retention,,soil water retention,https://lod.nal.usda.gov/nalt/63394,,True,skos:related,
soil weathering,rock erosion; soil aging,"soil weathering (rock erosion, soil aging)",https://lod.nal.usda.gov/nalt/502,,False,skos:related,
spodic horizons,,spodic horizons,https://lod.nal.usda.gov/nalt/63390,,True,skos:broader; skos:narrower,
spoil heap soils,,spoil heap soils,https://lod.nal.usda.gov/nalt/302686,,True,skos:broader; skos:narrower,
steepland soils,,steepland soils,https://lod.nal.usda.gov/nalt/58078,,True,skos:broader; skos:narrower,
steppe soils,,steppe soils,https://lod.nal.usda.gov/nalt/35700,,True,skos:broader; skos:narrower,
stony soils,,stony soils,https://lod.nal.usda.gov/nalt/64223,,True,skos:broader; skos:narrower,
streambank stability,stream bank stability,streambank stability (stream bank stability),https://lod.nal.usda.gov/nalt/37933,,True,skos:broader; skos:narrower,
subarctic soils,sub-arctic soils,subarctic soils (sub-arctic soils),https://lod.nal.usda.gov/nalt/26888,,True,skos:broader; skos:narrower,
subsidence,,subsidence,https://lod.nal.usda.gov/nalt/51611,,False,skos:related,
subtropical soils,sub-tropical soils,subtropical soils (sub-tropical soils),https://lod.nal.usda.gov/nalt/26889,,True,skos:broader; skos:narrower,
sugarcane soils,,sugarcane soils,https://lod.nal.usda.gov/nalt/30694,,True,skos:broader; skos:narrower,
suppressive soils,soil suppression,suppressive soils (soil suppression),https://lod.nal.usda.gov/nalt/35701,,True,skos:broader; skos:narrower,
surface tension,interfacial force; interfacial tension,"surface tension (interfacial force, interfacial tension)",https://lod.nal.usda.gov/nalt/21984,,False,skos:related,
swamp soils,,swamp soils,https://lod.nal.usda.gov/nalt/35702,,True,skos:broader; skos:narrower,
taiga soils,,taiga soils,https://lod.nal.usda.gov/nalt/35703,,True,skos:broader; skos:narrower,
temperate soils,,temperate soils,https://lod.nal.usda.gov/nalt/26890,,True,skos:broader; skos:narrower,
terra preta,,terra preta,https://lod.nal.usda.gov/nalt/148684,,True,skos:broader; skos:narrower,
terrace soils,,terrace soils,https://lod.nal.usda.gov/nalt/58079,,True,skos:broader; skos:narrower,
tilth,,tilth,https://lod.nal.usda.gov/nalt/63442,,True,skos:broader; skos:narrower,
topsoil water content,topsoil moisture content,topsoil water content (topsoil moisture content),https://lod.nal.usda.gov/nalt/313619,,True,skos:related,
trafficability,,trafficability,https://lod.nal.usda.gov/nalt/63364,,True,skos:broader; skos:narrower,
triassic soils,,triassic soils,https://lod.nal.usda.gov/nalt/64250,,True,skos:broader; skos:narrower,
tropical soils,,tropical soils,https://lod.nal.usda.gov/nalt/26891,,True,skos:broader; skos:narrower,
tundra soils,,tundra soils,https://lod.nal.usda.gov/nalt/35704,,True,skos:broader; skos:narrower,
U.S. Soil Taxonomy,Soil Taxonomy (United States); USDA Soil Taxonomy; United States Soil Taxonomy,"U.S. Soil Taxonomy (Soil Taxonomy (United States), USDA Soil Taxonomy, United States Soil Taxonomy)",https://lod.nal.usda.gov/nalt/42656,,True,skos:related,
U.S. Soil Taxonomy types,American soil classification types; USDA Soil Taxonomy types; United States Soil Taxonomy types,"U.S. Soil Taxonomy types (American soil classification types, USDA Soil Taxonomy types, United States Soil Taxonomy types)",https://lod.nal.usda.gov/nalt/216302,,True,skos:broader; skos:narrower,
udic regimes,perudic regimes,udic regimes (perudic regimes),https://lod.nal.usda.gov/nalt/46147,,True,skos:broader; skos:narrower,
Ultisols,,Ultisols,https://lod.nal.usda.gov/nalt/11621,,True,skos:broader; skos:narrower,
unsaturated conditions,,unsaturated conditions,https://lod.nal.usda.gov/nalt/34697,,True,skos:broader; skos:narrower,
upland soils,,upland soils,https://lod.nal.usda.gov/nalt/45552,,True,skos:broader; skos:narrower,
urban soils,,urban soils,https://lod.nal.usda.gov/nalt/10106,,True,skos:broader; skos:narrower,
ustic regimes,,ustic regimes,https://lod.nal.usda.gov/nalt/63473,,True,skos:broader; skos:narrower,
variable charge soils,,variable charge soils,https://lod.nal.usda.gov/nalt/24694,,True,skos:broader; skos:narrower,
vineyard soils,,vineyard soils,https://lod.nal.usda.gov/nalt/30695,,True,skos:broader; skos:narrower,
virgin soils,,virgin soils,https://lod.nal.usda.gov/nalt/35705,,True,skos:broader; skos:narrower,
volcanic soils,,volcanic soils,https://lod.nal.usda.gov/nalt/50389,,True,skos:broader; skos:narrower,
water potential,plant water potential,water potential (plant water potential),https://lod.nal.usda.gov/nalt/49436,,False,skos:broader; skos:narrower,
water quality,groundwater quality; water clarity,"water quality (groundwater quality, water clarity)",https://lod.nal.usda.gov/nalt/26766,,False,skos:related,
water repellent soils,,water repellent soils,https://lod.nal.usda.gov/nalt/24695,,True,skos:broader; skos:narrower,
water stable soil aggregates,water stable aggregates,water stable soil aggregates (water stable aggregates),https://lod.nal.usda.gov/nalt/325649,,True,skos:related,
water table,ground water level; ground water table; groundwater level; groundwater table; water level (groundwater),"water table (ground water level, ground water table, groundwater level, groundwater table, water level (groundwater))",https://lod.nal.usda.gov/nalt/21985,,False,skos:related,
weathering sequences,,weathering sequences,https://lod.nal.usda.gov/nalt/63384,,True,skos:related,
wet environmental conditions,hydric conditions; hygric conditions; wet conditions (environment); wet environment; wet environments,"wet environmental conditions (hydric conditions, hygric conditions, wet conditions (environment), wet environment, wet environments)",https://lod.nal.usda.gov/nalt/11520,,False,skos:related,
wet-dry cycles,moist dry cycles; moist-dry cycles; wet dry cycles,"wet-dry cycles (moist dry cycles, moist-dry cycles, wet dry cycles)",https://lod.nal.usda.gov/nalt/53217,,True,skos:broader; skos:narrower,
wetland soils,,wetland soils,https://lod.nal.usda.gov/nalt/35706,,True,skos:broader; skos:narrower,
wheat soils,,wheat soils,https://lod.nal.usda.gov/nalt/30696,,True,skos:broader; skos:narrower,
wilting point,permanent wilting point,wilting point (permanent wilting point),https://lod.nal.usda.gov/nalt/57491,,True,skos:related,
woodland soils,,woodland soils,https://lod.nal.usda.gov/nalt/35707,,True,skos:broader; skos:narrower,
World Reference Base for Soil Resources groups,International soil classification reference groups; WRB reference groups; WRB reference soil groups; WRB references; WRB soil groups; WRB soil types; World Reference Base for Soil Resources types; World Reference Base reference groups; World Reference Base soil reference groups; World Reference Base soil types; World Reference Base types,"World Reference Base for Soil Resources groups (International soil classification reference groups, WRB reference groups, WRB reference soil groups, WRB references, WRB soil groups, WRB soil types, World Reference Base for Soil Resources types, World Reference Base reference groups, World Reference Base soil reference groups, World Reference Base soil types, World Reference Base types)",https://lod.nal.usda.gov/nalt/216303,,True,skos:broader; skos:narrower,
xeric regimes,xeric soils,xeric regimes (xeric soils),https://lod.nal.usda.gov/nalt/51864,,True,skos:broader; skos:narrower,
Xerosols,,Xerosols,https://lod.nal.usda.gov/nalt/306591,,True,skos:broader; skos:narrower,
zone of saturation,,zone of saturation,https://lod.nal.usda.gov/nalt/21982,,False,skos:broader; skos:narrower,
Acrisols,,Acrisols,https://lod.nal.usda.gov/nalt/216335,,True,skos:broader; skos:narrower,
Albeluvisols,Glossosols; Podzoluvisols,"Albeluvisols (Glossosols, Podzoluvisols)",https://lod.nal.usda.gov/nalt/216336,,True,skos:broader; skos:narrower,
Alfisols,,Alfisols,https://lod.nal.usda.gov/nalt/6336,,True,skos:broader; skos:narrower,
Alisols,,Alisols,https://lod.nal.usda.gov/nalt/216339,,True,skos:broader; skos:narrower,
alkaline hydrolysis,alkali hydrolysis,alkaline hydrolysis (alkali hydrolysis),https://lod.nal.usda.gov/nalt/221851,,False,skos:related,
alluvial land,,alluvial land,https://lod.nal.usda.gov/nalt/300532,,False,skos:related,
alluvial plains,alluvial floodplains,alluvial plains (alluvial floodplains),https://lod.nal.usda.gov/nalt/71307,,False,skos:related,
alluvium,alluvial deposits,alluvium (alluvial deposits),https://lod.nal.usda.gov/nalt/6750,,False,skos:related,
alpine meadow soils,,alpine meadow soils,https://lod.nal.usda.gov/nalt/7015,,True,skos:broader; skos:narrower,
aluminum,Al3+; aluminium,"aluminum (Al3+, aluminium)",https://lod.nal.usda.gov/nalt/7265,,False,skos:related,
anaerobic conditions,anoxic conditions; hypoxic conditions,"anaerobic conditions (anoxic conditions, hypoxic conditions)",https://lod.nal.usda.gov/nalt/8377,,False,skos:related,
Andisols,,Andisols,https://lod.nal.usda.gov/nalt/8668,,True,skos:broader; skos:narrower,
Andosols,,Andosols,https://lod.nal.usda.gov/nalt/216340,,True,skos:broader; skos:narrower,
anion exchange,,anion exchange,https://lod.nal.usda.gov/nalt/143144,,False,skos:related,
antecedent moisture,,antecedent moisture,https://lod.nal.usda.gov/nalt/225032,,True,skos:broader; skos:narrower,
Anthrosols,,Anthrosols,https://lod.nal.usda.gov/nalt/216341,,True,skos:broader; skos:narrower,
Aqualfs,,Aqualfs,https://lod.nal.usda.gov/nalt/5989,,True,skos:related,
Aquults,,Aquults,https://lod.nal.usda.gov/nalt/5991,,True,skos:broader; skos:narrower,
Arenosols,,Arenosols,https://lod.nal.usda.gov/nalt/216342,,True,skos:broader; skos:narrower,
Aridisols,,Aridisols,https://lod.nal.usda.gov/nalt/12092,,True,skos:broader; skos:narrower,
bank erosion,river bank erosion; riverbank erosion; stream bank erosion; streambank erosion,"bank erosion (river bank erosion, riverbank erosion, stream bank erosion, streambank erosion)",https://lod.nal.usda.gov/nalt/15759,,True,skos:related,
bauxite,,bauxite,https://lod.nal.usda.gov/nalt/270508,,False,skos:related,
beaches,,beaches,https://lod.nal.usda.gov/nalt/16124,,False,skos:related,
biochar,biomass char,biochar (biomass char),https://lod.nal.usda.gov/nalt/148682,,False,skos:related,
biodegradation,biological degradation; microbial degradation,"biodegradation (biological degradation, microbial degradation)",https://lod.nal.usda.gov/nalt/17311,,False,skos:broader; skos:narrower,
biological activity in soil,,biological activity in soil,https://lod.nal.usda.gov/nalt/17420,,True,skos:related,
biomineralization,biomineralisation,biomineralization (biomineralisation),https://lod.nal.usda.gov/nalt/255618,,False,skos:related,
bogs,,bogs,https://lod.nal.usda.gov/nalt/18399,,False,skos:related,
buffer index,buffer pH,buffer index (buffer pH),https://lod.nal.usda.gov/nalt/325459,,False,skos:related,
buffers,pH control substances,buffers (pH control substances),https://lod.nal.usda.gov/nalt/209,,False,skos:related,
bulk density,,bulk density,https://lod.nal.usda.gov/nalt/20349,,False,skos:related,
burozems,,burozems,https://lod.nal.usda.gov/nalt/306592,,True,skos:broader; skos:narrower,
calcicoles,calcicolous species,calcicoles (calcicolous species),https://lod.nal.usda.gov/nalt/6432,,False,skos:related,
calcifuges,,calcifuges,https://lod.nal.usda.gov/nalt/2735,,False,skos:related,
Calcisols,,Calcisols,https://lod.nal.usda.gov/nalt/216343,,True,skos:broader; skos:narrower,
Cambisols,,Cambisols,https://lod.nal.usda.gov/nalt/216344,,True,skos:broader; skos:narrower,
capacitance probes,,capacitance probes,https://lod.nal.usda.gov/nalt/21956,,False,skos:related,
cation exchange,,cation exchange,https://lod.nal.usda.gov/nalt/143145,,False,skos:related,
cerrado,,cerrado,https://lod.nal.usda.gov/nalt/19641,,False,skos:related,
chalk grasslands,limestone grasslands; lowland calcareous grasslands,"chalk grasslands (limestone grasslands, lowland calcareous grasslands)",https://lod.nal.usda.gov/nalt/301234,,False,skos:related,
chaparral,,chaparral,https://lod.nal.usda.gov/nalt/24428,,False,skos:related,
chemical bases,,chemical bases,https://lod.nal.usda.gov/nalt/10,,False,skos:related,
Chernozems,,Chernozems,https://lod.nal.usda.gov/nalt/216345,,True,skos:broader; skos:narrower,
clay fraction,,clay fraction,https://lod.nal.usda.gov/nalt/26738,,True,skos:related,
coastal dune soils,,coastal dune soils,https://lod.nal.usda.gov/nalt/27364,,True,skos:broader; skos:narrower,
coastal ecosystems,,coastal ecosystems,https://lod.nal.usda.gov/nalt/327278,,False,skos:related,
coastal plains,,coastal plains,https://lod.nal.usda.gov/nalt/6752,,False,skos:related,
coastal sediments,,coastal sediments,https://lod.nal.usda.gov/nalt/314278,,False,skos:related,
coastal zone management,beach management; coastline management,"coastal zone management (beach management, coastline management)",https://lod.nal.usda.gov/nalt/234762,,False,skos:related,
coasts,coastlines,coasts (coastlines),https://lod.nal.usda.gov/nalt/27369,,False,skos:related,
Cryosols,,Cryosols,https://lod.nal.usda.gov/nalt/216346,,True,skos:broader; skos:narrower,
dissolved organic matter,,dissolved organic matter,https://lod.nal.usda.gov/nalt/34080,,False,skos:related,
duneland plants,,duneland plants,https://lod.nal.usda.gov/nalt/302135,,False,skos:related,
dunes,sand dunes,dunes (sand dunes),https://lod.nal.usda.gov/nalt/16127,,False,skos:related,
duripans,,duripans,https://lod.nal.usda.gov/nalt/306927,,True,skos:broader; skos:narrower,
Durisols,,Durisols,https://lod.nal.usda.gov/nalt/216347,,True,skos:broader; skos:narrower,
effective porosity,,effective porosity,https://lod.nal.usda.gov/nalt/334439,,False,skos:broader; skos:narrower,
electrical conductivity,electric conductivity; electro-conductivity; electroconductivity,"electrical conductivity (electric conductivity, electro-conductivity, electroconductivity)",https://lod.nal.usda.gov/nalt/28491,,False,skos:broader; skos:narrower,
Entisols,,Entisols,https://lod.nal.usda.gov/nalt/11535,,True,skos:broader; skos:narrower,
eolian deposits,aeolian deposits,eolian deposits (aeolian deposits),https://lod.nal.usda.gov/nalt/4578,,False,skos:related,
eolian sands,aeolian sands,eolian sands (aeolian sands),https://lod.nal.usda.gov/nalt/299135,,False,skos:related,
exchangeable cations,,exchangeable cations,https://lod.nal.usda.gov/nalt/23046,,True,skos:related,
fens,fenlands,fens (fenlands),https://lod.nal.usda.gov/nalt/39810,,False,skos:related,
Ferralsols,,Ferralsols,https://lod.nal.usda.gov/nalt/216348,,True,skos:broader; skos:narrower,
fire severity,,fire severity,https://lod.nal.usda.gov/nalt/124424,,False,skos:related,
fluid mechanics,fluid dynamics; hydraulics,"fluid mechanics (fluid dynamics, hydraulics)",https://lod.nal.usda.gov/nalt/4649,,False,skos:broader; skos:narrower,
Fluvisols,,Fluvisols,https://lod.nal.usda.gov/nalt/216349,,True,skos:broader; skos:narrower,
forest land,forestland,forest land (forestland),https://lod.nal.usda.gov/nalt/80856,,False,skos:related,
forest steppe soils,,forest steppe soils,https://lod.nal.usda.gov/nalt/41204,,True,skos:broader; skos:narrower,
forests,,forests,https://lod.nal.usda.gov/nalt/18644,,False,skos:related,
Gelisols,,Gelisols,https://lod.nal.usda.gov/nalt/42526,,True,skos:broader; skos:narrower,
geology,,geology,https://lod.nal.usda.gov/nalt/497,,False,skos:broader; skos:narrower,
glacial till soils,,glacial till soils,https://lod.nal.usda.gov/nalt/42999,,True,skos:broader; skos:narrower,
glaciation,deglaciation; glacial recession; glacial retreat,"glaciation (deglaciation, glacial recession, glacial retreat)",https://lod.nal.usda.gov/nalt/105807,,False,skos:related,
glaciers,glacial ice,glaciers (glacial ice),https://lod.nal.usda.gov/nalt/105752,,False,skos:related,
Gleysols,,Gleysols,https://lod.nal.usda.gov/nalt/211604,,True,skos:broader; skos:narrower,
grasslands,natural grasslands,grasslands (natural grasslands),https://lod.nal.usda.gov/nalt/9709,,False,skos:related,
gravimetric water content,gravimetric soil water content,gravimetric water content (gravimetric soil water content),https://lod.nal.usda.gov/nalt/325178,,True,skos:broader; skos:narrower,
gray forest soils,grey forest soils,gray forest soils (grey forest soils),https://lod.nal.usda.gov/nalt/302326,,True,skos:broader; skos:narrower,
Greyzems,,Greyzems,https://lod.nal.usda.gov/nalt/216359,,True,skos:broader; skos:narrower,
Gypsisols,,Gypsisols,https://lod.nal.usda.gov/nalt/216350,,True,skos:broader; skos:narrower,
gypsum,,gypsum,https://lod.nal.usda.gov/nalt/44152,,False,skos:related,
gypsum requirement,,gypsum requirement,https://lod.nal.usda.gov/nalt/963,,True,skos:related,
halophiles,halophilic microorganisms; halophilic organisms,"halophiles (halophilic microorganisms, halophilic organisms)",https://lod.nal.usda.gov/nalt/239616,,False,skos:related,
halophytes,,halophytes,https://lod.nal.usda.gov/nalt/44457,,False,skos:related,
halotropism,,halotropism,https://lod.nal.usda.gov/nalt/243888,,False,skos:related,
heathlands,heath land; heath lands; heathland; moor (vegetation type); moor land; moor lands; moorland; moorlands; moors (vegetation type),"heathlands (heath land, heath lands, heathland, moor (vegetation type), moor land, moor lands, moorland, moorlands, moors (vegetation type))",https://lod.nal.usda.gov/nalt/148616,,False,skos:related,
highlands,hill land; uplands,"highlands (hill land, uplands)",https://lod.nal.usda.gov/nalt/7026,,False,skos:related,
Histosols,,Histosols,https://lod.nal.usda.gov/nalt/40066,,True,skos:broader; skos:narrower,
Holocene epoch,,Holocene epoch,https://lod.nal.usda.gov/nalt/290833,,False,skos:related,
humid zones,humid climate,humid zones (humid climate),https://lod.nal.usda.gov/nalt/26892,,False,skos:related,
Humults,,Humults,https://lod.nal.usda.gov/nalt/44558,,True,skos:broader; skos:narrower,
humus,humus (soil); soil humus,"humus (humus (soil), soil humus)",https://lod.nal.usda.gov/nalt/132817,,True,skos:broader; skos:narrower,
humus horizons,,humus horizons,https://lod.nal.usda.gov/nalt/302478,,True,skos:broader; skos:narrower,
hydraulic head,,hydraulic head,https://lod.nal.usda.gov/nalt/324642,,False,skos:related,
hydrodynamic dispersion,,hydrodynamic dispersion,https://lod.nal.usda.gov/nalt/46319,,False,skos:related,
hydrologic data,hydrological data,hydrologic data (hydrological data),https://lod.nal.usda.gov/nalt/46369,,False,skos:broader; skos:narrower,
immiscible displacement,,immiscible displacement,https://lod.nal.usda.gov/nalt/46320,,False,skos:related,
Inceptisols,,Inceptisols,https://lod.nal.usda.gov/nalt/10070,,True,skos:broader; skos:narrower,
ion exchange capacity,,ion exchange capacity,https://lod.nal.usda.gov/nalt/302568,,False,skos:broader; skos:narrower,
iron,Fe2+; ferric iron; ferrous iron,"iron (Fe2+, ferric iron, ferrous iron)",https://lod.nal.usda.gov/nalt/33434,,False,skos:related,
Kastanozems,,Kastanozems,https://lod.nal.usda.gov/nalt/216351,,True,skos:broader; skos:narrower,
lacustrine sediments,lacustrine deposits,lacustrine sediments (lacustrine deposits),https://lod.nal.usda.gov/nalt/48973,,False,skos:related,
lakes,lochs,lakes (lochs),https://lod.nal.usda.gov/nalt/48975,,False,skos:related,
Leptosols,Rankers; Rhendzinas,"Leptosols (Rankers, Rhendzinas)",https://lod.nal.usda.gov/nalt/216352,,True,skos:broader; skos:narrower,
lichen crusts,,lichen crusts,https://lod.nal.usda.gov/nalt/306781,,True,skos:broader; skos:narrower,
liming materials,lime (minerals); lime material; lime materials,"liming materials (lime (minerals), lime material, lime materials)",https://lod.nal.usda.gov/nalt/5566,,False,skos:related,
Lixisols,,Lixisols,https://lod.nal.usda.gov/nalt/216355,,True,skos:broader; skos:narrower,
losses from soil,,losses from soil,https://lod.nal.usda.gov/nalt/49405,,True,skos:broader; skos:narrower,
lowlands,bottomlands; lowland areas,"lowlands (bottomlands, lowland areas)",https://lod.nal.usda.gov/nalt/18874,,False,skos:related,
Luvisols,,Luvisols,https://lod.nal.usda.gov/nalt/216356,,True,skos:broader; skos:narrower,
lysimeters,,lysimeters,https://lod.nal.usda.gov/nalt/50948,,False,skos:related,
mangrove ecosystems,,mangrove ecosystems,https://lod.nal.usda.gov/nalt/327283,,False,skos:related,
mangrove forests,,mangrove forests,https://lod.nal.usda.gov/nalt/41214,,False,skos:related,
mangrove sediments,,mangrove sediments,https://lod.nal.usda.gov/nalt/327286,,False,skos:related,
mangrove swamps,,mangrove swamps,https://lod.nal.usda.gov/nalt/14207,,False,skos:related,
meadows,,meadows,https://lod.nal.usda.gov/nalt/191224,,False,skos:related,
Mediterranean climate,Mediterranean environment; Mediterranean type climate; Mediterranean type environment; Mediterranean-type climate; Mediterranean-type environment,"Mediterranean climate (Mediterranean environment, Mediterranean type climate, Mediterranean type environment, Mediterranean-type climate, Mediterranean-type environment)",https://lod.nal.usda.gov/nalt/26893,,False,skos:related,
microaggregates,,microaggregates,https://lod.nal.usda.gov/nalt/52536,,True,skos:broader; skos:narrower,
microporous membranes,,microporous membranes,https://lod.nal.usda.gov/nalt/291884,,False,skos:related,
mineral cycle,mineral cycling,mineral cycle (mineral cycling),https://lod.nal.usda.gov/nalt/304957,,False,skos:related,
miscible displacement,miscible-phase displacement,miscible displacement (miscible-phase displacement),https://lod.nal.usda.gov/nalt/46321,,False,skos:related,
moder,,moder,https://lod.nal.usda.gov/nalt/53193,,True,skos:broader; skos:narrower,
Mollisols,,Mollisols,https://lod.nal.usda.gov/nalt/6020,,True,skos:broader; skos:narrower,
mor,,mor,https://lod.nal.usda.gov/nalt/53430,,True,skos:broader; skos:narrower,
mountains,mountain belts,mountains (mountain belts),https://lod.nal.usda.gov/nalt/7027,,False,skos:related,
muck soils,,muck soils,https://lod.nal.usda.gov/nalt/309987,,True,skos:broader; skos:narrower,
mull,,mull,https://lod.nal.usda.gov/nalt/53680,,True,skos:broader; skos:narrower,
nanopores,,nanopores,https://lod.nal.usda.gov/nalt/259874,,False,skos:related,
neutron probes,,neutron probes,https://lod.nal.usda.gov/nalt/54754,,False,skos:related,
Nitisols,,Nitisols,https://lod.nal.usda.gov/nalt/216357,,True,skos:broader; skos:narrower,
organic matter,,organic matter,https://lod.nal.usda.gov/nalt/24613,,False,skos:broader; skos:narrower,
Oxisols,,Oxisols,https://lod.nal.usda.gov/nalt/11617,,True,skos:broader; skos:narrower,
Pampas region,,Pampas region,https://lod.nal.usda.gov/nalt/693,,False,skos:related,
parent rock,,parent rock,https://lod.nal.usda.gov/nalt/225111,,False,skos:related,
peat,,peat,https://lod.nal.usda.gov/nalt/57128,,False,skos:related,
peatlands,peat bogs,peatlands (peat bogs),https://lod.nal.usda.gov/nalt/18404,,False,skos:related,
pedotransfer functions,,pedotransfer functions,https://lod.nal.usda.gov/nalt/46386,,False,skos:related,
pH,hydrogen ion concentration,pH (hydrogen ion concentration),https://lod.nal.usda.gov/nalt/2772,,False,skos:broader; skos:narrower,
Phaeozems,,Phaeozems,https://lod.nal.usda.gov/nalt/216358,,True,skos:broader; skos:narrower,
physical properties,physical properties of materials,physical properties (physical properties of materials),https://lod.nal.usda.gov/nalt/1796,,False,skos:broader; skos:narrower,
physicochemical properties,chemical properties; chemicophysical properties; physico-chemical properties,"physicochemical properties (chemical properties, chemicophysical properties, physico-chemical properties)",https://lod.nal.usda.gov/nalt/2828,,False,skos:broader; skos:narrower,
piedmont,,piedmont,https://lod.nal.usda.gov/nalt/49168,,False,skos:related,
Planosols,,Planosols,https://lod.nal.usda.gov/nalt/216360,,True,skos:broader; skos:narrower,
playas,,playas,https://lod.nal.usda.gov/nalt/58777,,False,skos:related,
Plinthosols,,Plinthosols,https://lod.nal.usda.gov/nalt/216361,,True,skos:broader; skos:narrower,
plowing,ploughing,plowing (ploughing),https://lod.nal.usda.gov/nalt/58845,,True,skos:related,
Podzols,cryorthods; haplaquods,"Podzols (cryorthods, haplaquods)",https://lod.nal.usda.gov/nalt/216362,,True,skos:broader; skos:narrower,
porosimetry,,porosimetry,https://lod.nal.usda.gov/nalt/313500,,False,skos:related,
porous media,,porous media,https://lod.nal.usda.gov/nalt/575,,False,skos:related,
prairies,rolling prairies,prairies (rolling prairies),https://lod.nal.usda.gov/nalt/43758,,False,skos:related,
preferential flow,bypass flow; finger flow; mesopore flow,"preferential flow (bypass flow, finger flow, mesopore flow)",https://lod.nal.usda.gov/nalt/20689,,True,skos:broader; skos:narrower,
Regosols,,Regosols,https://lod.nal.usda.gov/nalt/216363,,True,skos:broader; skos:narrower,
resistance to penetration,penetration resistance,resistance to penetration (penetration resistance),https://lod.nal.usda.gov/nalt/51782,,False,skos:related,
riparian areas,riparian corridors; riparian sites; riparian zones; river banks; stream banks,"riparian areas (riparian corridors, riparian sites, riparian zones, river banks, stream banks)",https://lod.nal.usda.gov/nalt/49142,,False,skos:related,
riparian buffers,hydroriparian buffers; riparian buffer strips; riparian forest buffers,"riparian buffers (hydroriparian buffers, riparian buffer strips, riparian forest buffers)",https://lod.nal.usda.gov/nalt/28600,,False,skos:related,
riparian forests,riverine forests,riparian forests (riverine forests),https://lod.nal.usda.gov/nalt/41243,,False,skos:related,
riparian grasslands,,riparian grasslands,https://lod.nal.usda.gov/nalt/305584,,False,skos:related,
river deltas,deltas (landforms),river deltas (deltas (landforms)),https://lod.nal.usda.gov/nalt/32184,,False,skos:related,
rivers,,rivers,https://lod.nal.usda.gov/nalt/21953,,False,skos:related,
root zone drying,partial root zone drying; partial root zone irrigation; partial root-zone drying; partial root-zone irrigation; partial rootzone drying; root-zone drying,"root zone drying (partial root zone drying, partial root zone irrigation, partial root-zone drying, partial root-zone irrigation, partial rootzone drying, root-zone drying)",https://lod.nal.usda.gov/nalt/188594,,True,skos:related,
root zone temperature,,root zone temperature,https://lod.nal.usda.gov/nalt/61293,,True,skos:broader; skos:narrower,
salt marsh plants,saltmarsh plants; tidal marsh plants; tidemarsh flora; tidemarsh plants,"salt marsh plants (saltmarsh plants, tidal marsh plants, tidemarsh flora, tidemarsh plants)",https://lod.nal.usda.gov/nalt/44459,,False,skos:related,
salt marshes,saltmarshes; tidal marshes,"salt marshes (saltmarshes, tidal marshes)",https://lod.nal.usda.gov/nalt/51566,,False,skos:related,
salt stress,saline stress; salinity stress,"salt stress (saline stress, salinity stress)",https://lod.nal.usda.gov/nalt/1732,,False,skos:related,
sand fraction,,sand fraction,https://lod.nal.usda.gov/nalt/62343,,True,skos:related,
saturated hydraulic conductivity,,saturated hydraulic conductivity,https://lod.nal.usda.gov/nalt/46278,,True,skos:broader; skos:narrower,
savannas,savannahs,savannas (savannahs),https://lod.nal.usda.gov/nalt/62470,,False,skos:related,
sediment texture,,sediment texture,https://lod.nal.usda.gov/nalt/329272,,False,skos:related,
sediments,sediment; sediment grains; sedimentary materials (geological),"sediments (sediment, sediment grains, sedimentary materials (geological))",https://lod.nal.usda.gov/nalt/6755,,False,skos:related,
semiarid zones,cold semi-arid climate; hot semi-arid climate; semi-arid zones; semiarid climate; semiarid conditions; steppe climate,"semiarid zones (cold semi-arid climate, hot semi-arid climate, semi-arid zones, semiarid climate, semiarid conditions, steppe climate)",https://lod.nal.usda.gov/nalt/26894,,False,skos:related,
serozems,,serozems,https://lod.nal.usda.gov/nalt/306593,,True,skos:broader; skos:narrower,
shrublands,brushlands; brushwood; bushlands; macchia; maquis; scrub; scrublands; semi-desert scrub,"shrublands (brushlands, brushwood, bushlands, macchia, maquis, scrub, scrublands, semi-desert scrub)",https://lod.nal.usda.gov/nalt/62665,,False,skos:related,
silt fraction,,silt fraction,https://lod.nal.usda.gov/nalt/63099,,True,skos:related,
sodicity,,sodicity,https://lod.nal.usda.gov/nalt/38860,,False,skos:broader; skos:narrower,
soil aggregation,aggregation (soil),soil aggregation (aggregation (soil)),https://lod.nal.usda.gov/nalt/5143,,True,skos:related,
soil analysis,soil testing,soil analysis (soil testing),https://lod.nal.usda.gov/nalt/179,,True,skos:related,
soil associations,,soil associations,https://lod.nal.usda.gov/nalt/63349,,True,skos:broader; skos:narrower,
soil biochemistry,,soil biochemistry,https://lod.nal.usda.gov/nalt/7942,,True,skos:broader; skos:narrower,
soil compaction,soil compression,soil compaction (soil compression),https://lod.nal.usda.gov/nalt/28316,,True,skos:broader; skos:narrower,
soil composition,,soil composition,https://lod.nal.usda.gov/nalt/307015,,True,skos:related,
soil erosion,erosion of soil; soil piping,"soil erosion (erosion of soil, soil piping)",https://lod.nal.usda.gov/nalt/501,,True,skos:related,
soil erosion models,erosion models,soil erosion models (erosion models),https://lod.nal.usda.gov/nalt/5215,,True,skos:related,
soil function,,soil function,https://lod.nal.usda.gov/nalt/335251,,True,skos:broader; skos:narrower,
soil heat flux,soil heat flux density,soil heat flux (soil heat flux density),https://lod.nal.usda.gov/nalt/325190,,True,skos:broader; skos:narrower,
soil inorganic carbon,,soil inorganic carbon,https://lod.nal.usda.gov/nalt/338945,,True,skos:related,
soil liquefaction,,soil liquefaction,https://lod.nal.usda.gov/nalt/214720,,False,skos:related,
soil minerals,,soil minerals,https://lod.nal.usda.gov/nalt/208552,,True,skos:broader; skos:narrower,
soil movement,,soil movement,https://lod.nal.usda.gov/nalt/41622,,True,skos:broader; skos:narrower,
soil nutrient dynamics,soil nutrient resorption; soil nutrient transformations,"soil nutrient dynamics (soil nutrient resorption, soil nutrient transformations)",https://lod.nal.usda.gov/nalt/960,,True,skos:broader; skos:narrower,
soil organic carbon,organic soil carbon,soil organic carbon (organic soil carbon),https://lod.nal.usda.gov/nalt/67854,,True,skos:broader; skos:narrower,
soil organic nitrogen,,soil organic nitrogen,https://lod.nal.usda.gov/nalt/276406,,True,skos:broader; skos:narrower,
soil organic phosphorus,soil organic phosphorous,soil organic phosphorus (soil organic phosphorous),https://lod.nal.usda.gov/nalt/329275,,True,skos:broader; skos:narrower,
soil permeability,,soil permeability,https://lod.nal.usda.gov/nalt/225083,,True,skos:broader; skos:narrower,
soil pollution,contaminants in soil; contamination of soil; soil contaminants; soil contamination; soil pollutants,"soil pollution (contaminants in soil, contamination of soil, soil contaminants, soil contamination, soil pollutants)",https://lod.nal.usda.gov/nalt/961,,True,skos:broader; skos:narrower,
soil salts,salts in soil,soil salts (salts in soil),https://lod.nal.usda.gov/nalt/44461,,True,skos:related,
soil sequences,,soil sequences,https://lod.nal.usda.gov/nalt/23008,,True,skos:broader; skos:narrower,
soil taxonomy,,soil taxonomy,https://lod.nal.usda.gov/nalt/144654,,True,skos:broader; skos:narrower,
soil temperature regimes,soil thermal regimes,soil temperature regimes (soil thermal regimes),https://lod.nal.usda.gov/nalt/41518,,True,skos:related,
soil water characteristic,moisture characteristic; soil moisture characteristic; soil water release curve; soil water retention curve; soil water retention isotherm,"soil water characteristic (moisture characteristic, soil moisture characteristic, soil water release curve, soil water retention curve, soil water retention isotherm)",https://lod.nal.usda.gov/nalt/63392,,True,skos:broader; skos:narrower,
soil water movement,pore water transport; soil water transport,"soil water movement (pore water transport, soil water transport)",https://lod.nal.usda.gov/nalt/47524,,True,skos:broader; skos:narrower,
Solonchaks,,Solonchaks,https://lod.nal.usda.gov/nalt/216364,,True,skos:broader; skos:narrower,
Solonetz,,Solonetz,https://lod.nal.usda.gov/nalt/216365,,True,skos:broader; skos:narrower,
sowing date,date of seeding; date of sowing; seeding date; seeding time; sowing time; time of seeding; time of sowing,"sowing date (date of seeding, date of sowing, seeding date, seeding time, sowing time, time of seeding, time of sowing)",https://lod.nal.usda.gov/nalt/43987,,False,skos:related,
Spodosols,,Spodosols,https://lod.nal.usda.gov/nalt/11601,,True,skos:broader; skos:narrower,
Stagnosols,,Stagnosols,https://lod.nal.usda.gov/nalt/216366,,True,skos:broader; skos:narrower,
steppes,,steppes,https://lod.nal.usda.gov/nalt/49171,,False,skos:related,
stream channels,river beds; riverbeds; stream beds; streambeds,"stream channels (river beds, riverbeds, stream beds, streambeds)",https://lod.nal.usda.gov/nalt/64259,,False,skos:related,
stream flow,streamflow,stream flow (streamflow),https://lod.nal.usda.gov/nalt/15967,,False,skos:related,
streams,creeks; water streams,"streams (creeks, water streams)",https://lod.nal.usda.gov/nalt/37535,,False,skos:related,
subduction,,subduction,https://lod.nal.usda.gov/nalt/335253,,True,skos:broader; skos:narrower,
swamps,swamp,swamps (swamp),https://lod.nal.usda.gov/nalt/51394,,False,skos:related,
taiga,taiga vegetation,taiga (taiga vegetation),https://lod.nal.usda.gov/nalt/18645,,False,skos:related,
Technosols,,Technosols,https://lod.nal.usda.gov/nalt/216367,,True,skos:broader; skos:narrower,
temperate grasses,,temperate grasses,https://lod.nal.usda.gov/nalt/331382,,False,skos:related,
temperature,,temperature,https://lod.nal.usda.gov/nalt/5861,,False,skos:broader; skos:narrower,
terraces,,terraces,https://lod.nal.usda.gov/nalt/49172,,False,skos:related,
thermal properties,,thermal properties,https://lod.nal.usda.gov/nalt/44804,,False,skos:related,
tillage,soil cultivation; soil tillage; tillage systems,"tillage (soil cultivation, soil tillage, tillage systems)",https://lod.nal.usda.gov/nalt/25207,,True,skos:related,
titratable acidity,titrable acidity,titratable acidity (titrable acidity),https://lod.nal.usda.gov/nalt/2829,,False,skos:related,
Triassic period,,Triassic period,https://lod.nal.usda.gov/nalt/290837,,False,skos:related,
tropical agriculture,subtropical agriculture,tropical agriculture (subtropical agriculture),https://lod.nal.usda.gov/nalt/5503,,False,skos:related,
tropical plants,tropical trees,tropical plants (tropical trees),https://lod.nal.usda.gov/nalt/306178,,False,skos:related,
tundra,Arctic tundra,tundra (Arctic tundra),https://lod.nal.usda.gov/nalt/7028,,False,skos:related,
Udalfs,,Udalfs,https://lod.nal.usda.gov/nalt/5780,,True,skos:related,
Udults,,Udults,https://lod.nal.usda.gov/nalt/41390,,True,skos:broader; skos:narrower,
Umbrisols,,Umbrisols,https://lod.nal.usda.gov/nalt/216368,,True,skos:broader; skos:narrower,
unsaturated flow,,unsaturated flow,https://lod.nal.usda.gov/nalt/59560,,False,skos:related,
unsaturated hydraulic conductivity,,unsaturated hydraulic conductivity,https://lod.nal.usda.gov/nalt/46279,,True,skos:related,
urban agriculture,,urban agriculture,https://lod.nal.usda.gov/nalt/185778,,False,skos:related,
urban horticulture,,urban horticulture,https://lod.nal.usda.gov/nalt/68414,,False,skos:related,
Ustults,,Ustults,https://lod.nal.usda.gov/nalt/44600,,True,skos:broader; skos:narrower,
variable charge,,variable charge,https://lod.nal.usda.gov/nalt/63359,,True,skos:related,
Vertisols,vertosols,Vertisols (vertosols),https://lod.nal.usda.gov/nalt/11557,,True,skos:broader; skos:narrower,
volcanic ash soils,pumice soils,volcanic ash soils (pumice soils),https://lod.nal.usda.gov/nalt/50388,,True,skos:broader; skos:narrower,
volcanic islands,,volcanic islands,https://lod.nal.usda.gov/nalt/302693,,False,skos:related,
volcanoes,,volcanoes,https://lod.nal.usda.gov/nalt/49173,,False,skos:related,
water content,moisture content,water content (moisture content),https://lod.nal.usda.gov/nalt/18883,,False,skos:related,
water flow,water circulation,water flow (water circulation),https://lod.nal.usda.gov/nalt/43956,,False,skos:related,
water holding capacity,water retention capacity; water-holding capacity,"water holding capacity (water retention capacity, water-holding capacity)",https://lod.nal.usda.gov/nalt/40101,,False,skos:related,
water quantity,,water quantity,https://lod.nal.usda.gov/nalt/46378,,False,skos:related,
weathering,,weathering,https://lod.nal.usda.gov/nalt/51645,,False,skos:related,
wetlands,,wetlands,https://lod.nal.usda.gov/nalt/18403,,False,skos:related,
wilting,,wilting,https://lod.nal.usda.gov/nalt/952,,False,skos:related,
woodlands,timberlands,woodlands (timberlands),https://lod.nal.usda.gov/nalt/58391,,False,skos:related,
Xeralfs,,Xeralfs,https://lod.nal.usda.gov/nalt/6340,,True,skos:related,
Xerults,,Xerults,https://lod.nal.usda.gov/nalt/44586,,True,skos:broader; skos:narrower,
Agrudalfs,,Agrudalfs,https://lod.nal.usda.gov/nalt/5779,,True,skos:broader; skos:narrower,
Albaqualfs,,Albaqualfs,https://lod.nal.usda.gov/nalt/5988,,True,skos:broader; skos:narrower,
Albaquults,,Albaquults,https://lod.nal.usda.gov/nalt/5990,,True,skos:broader; skos:narrower,
Albolls,,Albolls,https://lod.nal.usda.gov/nalt/6019,,True,skos:broader; skos:narrower,
alpine meadows,,alpine meadows,https://lod.nal.usda.gov/nalt/191230,,False,skos:related,
Anthrepts,,Anthrepts,https://lod.nal.usda.gov/nalt/10069,,True,skos:broader; skos:narrower,
Aquands,,Aquands,https://lod.nal.usda.gov/nalt/8669,,True,skos:broader; skos:narrower,
Aquents,,Aquents,https://lod.nal.usda.gov/nalt/11534,,True,skos:broader; skos:narrower,
Aquepts,,Aquepts,https://lod.nal.usda.gov/nalt/11546,,True,skos:broader; skos:narrower,
Aquerts,,Aquerts,https://lod.nal.usda.gov/nalt/11556,,True,skos:broader; skos:narrower,
Aquods,,Aquods,https://lod.nal.usda.gov/nalt/5963,,True,skos:broader; skos:narrower,
Aquolls,,Aquolls,https://lod.nal.usda.gov/nalt/11608,,True,skos:broader; skos:narrower,
Aquox,,Aquox,https://lod.nal.usda.gov/nalt/3003,,True,skos:broader; skos:narrower,
Arents,,Arents,https://lod.nal.usda.gov/nalt/12055,,True,skos:broader; skos:narrower,
Argids,,Argids,https://lod.nal.usda.gov/nalt/12091,,True,skos:broader; skos:narrower,
biomass,crop biomass,biomass (crop biomass),https://lod.nal.usda.gov/nalt/15955,,False,skos:related,
bound water,,bound water,https://lod.nal.usda.gov/nalt/18882,,False,skos:broader; skos:narrower,
brown forest soils,,brown forest soils,https://lod.nal.usda.gov/nalt/301002,,True,skos:broader; skos:narrower,
brown podzolic soils,,brown podzolic soils,https://lod.nal.usda.gov/nalt/301006,,True,skos:broader; skos:narrower,
Calcids,,Calcids,https://lod.nal.usda.gov/nalt/12173,,True,skos:broader; skos:narrower,
calcium carbonate,,calcium carbonate,https://lod.nal.usda.gov/nalt/21098,,False,skos:related,
Cambids,,Cambids,https://lod.nal.usda.gov/nalt/10051,,True,skos:broader; skos:narrower,
carbon sequestration,carbon dioxide sequestration; carbon storage; soil carbon sequestration,"carbon sequestration (carbon dioxide sequestration, carbon storage, soil carbon sequestration)",https://lod.nal.usda.gov/nalt/17382,,False,skos:related,
carbonization,carbonisation,carbonization (carbonisation),https://lod.nal.usda.gov/nalt/231417,,False,skos:related,
catenas,,catenas,https://lod.nal.usda.gov/nalt/23007,,True,skos:broader; skos:narrower,
cations,,cations,https://lod.nal.usda.gov/nalt/23048,,False,skos:broader; skos:narrower,
chemical composition,biochemical composition; chemical formation,"chemical composition (biochemical composition, chemical formation)",https://lod.nal.usda.gov/nalt/12908,,False,skos:broader; skos:narrower,
chronosequences,,chronosequences,https://lod.nal.usda.gov/nalt/25891,,True,skos:broader; skos:narrower,
cinnamonic soils,,cinnamonic soils,https://lod.nal.usda.gov/nalt/301105,,True,skos:broader; skos:narrower,
climosequences,,climosequences,https://lod.nal.usda.gov/nalt/26909,,True,skos:broader; skos:narrower,
controlled traffic systems,CTF (controlled traffic farming); controlled traffic; controlled traffic farming; controlled wheel traffic,"controlled traffic systems (CTF (controlled traffic farming), controlled traffic, controlled traffic farming, controlled wheel traffic)",https://lod.nal.usda.gov/nalt/28801,,True,skos:related,
Cryalfs,,Cryalfs,https://lod.nal.usda.gov/nalt/6338,,True,skos:broader; skos:narrower,
Cryands,,Cryands,https://lod.nal.usda.gov/nalt/8670,,True,skos:broader; skos:narrower,
Cryaqualfs,,Cryaqualfs,https://lod.nal.usda.gov/nalt/11430,,True,skos:broader; skos:narrower,
Cryepts,Eutrocryepts,Cryepts (Eutrocryepts),https://lod.nal.usda.gov/nalt/30307,,True,skos:broader; skos:narrower,
Cryerts,,Cryerts,https://lod.nal.usda.gov/nalt/30310,,True,skos:broader; skos:narrower,
Cryids,,Cryids,https://lod.nal.usda.gov/nalt/12086,,True,skos:broader; skos:narrower,
Cryods,,Cryods,https://lod.nal.usda.gov/nalt/30320,,True,skos:broader; skos:narrower,
Cryolls,,Cryolls,https://lod.nal.usda.gov/nalt/12088,,True,skos:broader; skos:narrower,
decayed wood,decayed timber; timber decay; wood decay,"decayed wood (decayed timber, timber decay, wood decay)",https://lod.nal.usda.gov/nalt/31898,,False,skos:related,
density,,density,https://lod.nal.usda.gov/nalt/20350,,False,skos:broader; skos:narrower,
Duraqualfs,,Duraqualfs,https://lod.nal.usda.gov/nalt/11431,,True,skos:broader; skos:narrower,
Durids,,Durids,https://lod.nal.usda.gov/nalt/12100,,True,skos:broader; skos:narrower,
Durixeralfs,,Durixeralfs,https://lod.nal.usda.gov/nalt/34909,,True,skos:broader; skos:narrower,
electrical moisture meters,,electrical moisture meters,https://lod.nal.usda.gov/nalt/302190,,False,skos:related,
Endoaqualfs,,Endoaqualfs,https://lod.nal.usda.gov/nalt/11432,,True,skos:broader; skos:narrower,
Endoaquults,,Endoaquults,https://lod.nal.usda.gov/nalt/11622,,True,skos:broader; skos:narrower,
Epiaqualfs,,Epiaqualfs,https://lod.nal.usda.gov/nalt/11433,,True,skos:broader; skos:narrower,
Epiaquults,,Epiaquults,https://lod.nal.usda.gov/nalt/11623,,True,skos:broader; skos:narrower,
equilibrium moisture content,,equilibrium moisture content,https://lod.nal.usda.gov/nalt/302223,,False,skos:broader; skos:narrower,
exchangeable aluminum,exchangeable aluminium,exchangeable aluminum (exchangeable aluminium),https://lod.nal.usda.gov/nalt/7276,,True,skos:broader; skos:narrower,
exchangeable calcium,,exchangeable calcium,https://lod.nal.usda.gov/nalt/21093,,True,skos:broader; skos:narrower,
exchangeable magnesium,,exchangeable magnesium,https://lod.nal.usda.gov/nalt/38857,,True,skos:broader; skos:narrower,
exchangeable potassium,,exchangeable potassium,https://lod.nal.usda.gov/nalt/38858,,True,skos:broader; skos:narrower,
exchangeable sodium,,exchangeable sodium,https://lod.nal.usda.gov/nalt/38859,,True,skos:related,
exchangeable zinc,,exchangeable zinc,https://lod.nal.usda.gov/nalt/232270,,True,skos:broader; skos:narrower,
Ferrudalfs,,Ferrudalfs,https://lod.nal.usda.gov/nalt/39922,,True,skos:broader; skos:narrower,
Fibrists,,Fibrists,https://lod.nal.usda.gov/nalt/30326,,True,skos:broader; skos:narrower,
Fluvents,,Fluvents,https://lod.nal.usda.gov/nalt/30328,,True,skos:broader; skos:narrower,
Folists,,Folists,https://lod.nal.usda.gov/nalt/30330,,True,skos:broader; skos:narrower,
fossil fuels,fossil energy resources; fossil oils,"fossil fuels (fossil energy resources, fossil oils)",https://lod.nal.usda.gov/nalt/105519,,False,skos:related,
Fragiaqualfs,,Fragiaqualfs,https://lod.nal.usda.gov/nalt/11434,,True,skos:broader; skos:narrower,
Fragiaquults,,Fragiaquults,https://lod.nal.usda.gov/nalt/11624,,True,skos:broader; skos:narrower,
Fragiudalfs,,Fragiudalfs,https://lod.nal.usda.gov/nalt/41387,,True,skos:broader; skos:narrower,
Fragiudults,,Fragiudults,https://lod.nal.usda.gov/nalt/41389,,True,skos:broader; skos:narrower,
Fragixeralfs,,Fragixeralfs,https://lod.nal.usda.gov/nalt/41391,,True,skos:broader; skos:narrower,
Fraglossudalfs,,Fraglossudalfs,https://lod.nal.usda.gov/nalt/41393,,True,skos:broader; skos:narrower,
freeze-thaw cycles,freeze thaw cycles; freezing-thawing,"freeze-thaw cycles (freeze thaw cycles, freezing-thawing)",https://lod.nal.usda.gov/nalt/41517,,False,skos:related,
functional properties,functional characteristics,functional properties (functional characteristics),https://lod.nal.usda.gov/nalt/17187,,False,skos:broader; skos:narrower,
Gelands,,Gelands,https://lod.nal.usda.gov/nalt/146688,,True,skos:broader; skos:narrower,
Gelepts,,Gelepts,https://lod.nal.usda.gov/nalt/146706,,True,skos:broader; skos:narrower,
Gelods,,Gelods,https://lod.nal.usda.gov/nalt/146715,,True,skos:broader; skos:narrower,
Gelolls,,Gelolls,https://lod.nal.usda.gov/nalt/146713,,True,skos:broader; skos:narrower,
global carbon budget,carbon budget,global carbon budget (carbon budget),https://lod.nal.usda.gov/nalt/43058,,False,skos:related,
glomalin,,glomalin,https://lod.nal.usda.gov/nalt/41806,,False,skos:related,
Glossaqualfs,,Glossaqualfs,https://lod.nal.usda.gov/nalt/11435,,True,skos:broader; skos:narrower,
Glossudalfs,,Glossudalfs,https://lod.nal.usda.gov/nalt/43161,,True,skos:broader; skos:narrower,
groundwater contamination,aquifer contamination; contaminants in groundwater; contamination of ground water; contamination of groundwater; ground water contamination; ground water pollution; groundwater contaminants; groundwater pollution,"groundwater contamination (aquifer contamination, contaminants in groundwater, contamination of ground water, contamination of groundwater, ground water contamination, ground water pollution, groundwater contaminants, groundwater pollution)",https://lod.nal.usda.gov/nalt/28740,,False,skos:related,
growing media,plant culture media; plant growing media,"growing media (plant culture media, plant growing media)",https://lod.nal.usda.gov/nalt/623,,False,skos:related,
Gypsids,,Gypsids,https://lod.nal.usda.gov/nalt/12102,,True,skos:broader; skos:narrower,
Haplohumults,,Haplohumults,https://lod.nal.usda.gov/nalt/44557,,True,skos:broader; skos:narrower,
Haploxeralfs,,Haploxeralfs,https://lod.nal.usda.gov/nalt/44580,,True,skos:broader; skos:narrower,
Haploxerults,,Haploxerults,https://lod.nal.usda.gov/nalt/44585,,True,skos:broader; skos:narrower,
Hapludalfs,,Hapludalfs,https://lod.nal.usda.gov/nalt/44587,,True,skos:broader; skos:narrower,
Hapludults,,Hapludults,https://lod.nal.usda.gov/nalt/44592,,True,skos:broader; skos:narrower,
Haplustults,,Haplustults,https://lod.nal.usda.gov/nalt/44599,,True,skos:broader; skos:narrower,
Hemists,,Hemists,https://lod.nal.usda.gov/nalt/30332,,True,skos:broader; skos:narrower,
Histels,,Histels,https://lod.nal.usda.gov/nalt/40065,,True,skos:broader; skos:narrower,
humic substances,humic compounds,humic substances (humic compounds),https://lod.nal.usda.gov/nalt/41736,,False,skos:broader; skos:narrower,
humidity,,humidity,https://lod.nal.usda.gov/nalt/46148,,False,skos:related,
Humods,,Humods,https://lod.nal.usda.gov/nalt/34907,,True,skos:broader; skos:narrower,
hydrodynamics,,hydrodynamics,https://lod.nal.usda.gov/nalt/40686,,False,skos:broader; skos:narrower,
hydrosequences,,hydrosequences,https://lod.nal.usda.gov/nalt/46423,,True,skos:broader; skos:narrower,
hygroscopicity,hygroscopic activity; hygroscopic properties,"hygroscopicity (hygroscopic activity, hygroscopic properties)",https://lod.nal.usda.gov/nalt/253736,,False,skos:related,
inorganic carbon,,inorganic carbon,https://lod.nal.usda.gov/nalt/324646,,False,skos:broader; skos:narrower,
internal drainage,,internal drainage,https://lod.nal.usda.gov/nalt/47523,,True,skos:broader; skos:narrower,
Kandiaqualfs,,Kandiaqualfs,https://lod.nal.usda.gov/nalt/11436,,True,skos:broader; skos:narrower,
Kandiaquults,,Kandiaquults,https://lod.nal.usda.gov/nalt/11625,,True,skos:broader; skos:narrower,
Kandihumults,,Kandihumults,https://lod.nal.usda.gov/nalt/46158,,True,skos:broader; skos:narrower,
Kandiudalfs,,Kandiudalfs,https://lod.nal.usda.gov/nalt/48270,,True,skos:broader; skos:narrower,
Kandiudults,,Kandiudults,https://lod.nal.usda.gov/nalt/48272,,True,skos:broader; skos:narrower,
Kandiustults,,Kandiustults,https://lod.nal.usda.gov/nalt/48275,,True,skos:broader; skos:narrower,
Kanhaplaquults,,Kanhaplaquults,https://lod.nal.usda.gov/nalt/11626,,True,skos:broader; skos:narrower,
Kanhaplohumults,,Kanhaplohumults,https://lod.nal.usda.gov/nalt/46159,,True,skos:broader; skos:narrower,
Kanhapludalfs,,Kanhapludalfs,https://lod.nal.usda.gov/nalt/48277,,True,skos:broader; skos:narrower,
Kanhapludults,,Kanhapludults,https://lod.nal.usda.gov/nalt/48278,,True,skos:broader; skos:narrower,
Kanhaplustults,,Kanhaplustults,https://lod.nal.usda.gov/nalt/48280,,True,skos:broader; skos:narrower,
labile carbon,labile organic carbon; soil labile carbon; soil labile organic carbon,"labile carbon (labile organic carbon, soil labile carbon, soil labile organic carbon)",https://lod.nal.usda.gov/nalt/324654,,True,skos:broader; skos:narrower,
macropore flow,,macropore flow,https://lod.nal.usda.gov/nalt/51079,,True,skos:broader; skos:narrower,
mechanical properties,,mechanical properties,https://lod.nal.usda.gov/nalt/36125,,False,skos:broader; skos:narrower,
Mehlich-3 phosphorus,,Mehlich-3 phosphorus,https://lod.nal.usda.gov/nalt/325691,,True,skos:broader; skos:narrower,
moisture diffusivity,moisture diffusion,moisture diffusivity (moisture diffusion),https://lod.nal.usda.gov/nalt/327685,,False,skos:related,
nanomaterials,carbon nanomaterials; nano-sized materials; nanoscale materials; nanostructured materials; nanostructures,"nanomaterials (carbon nanomaterials, nano-sized materials, nanoscale materials, nanostructured materials, nanostructures)",https://lod.nal.usda.gov/nalt/137885,,False,skos:broader; skos:narrower,
Natraqualfs,,Natraqualfs,https://lod.nal.usda.gov/nalt/11437,,True,skos:broader; skos:narrower,
Natrixeralfs,,Natrixeralfs,https://lod.nal.usda.gov/nalt/54394,,True,skos:broader; skos:narrower,
Natrudalfs,,Natrudalfs,https://lod.nal.usda.gov/nalt/54401,,True,skos:broader; skos:narrower,
nitrogen,dinitrogen,nitrogen (dinitrogen),https://lod.nal.usda.gov/nalt/53079,,False,skos:related,
nitrogen fertilizers,N fertilisers; N fertilizers; nitrogen fertilisers,"nitrogen fertilizers (N fertilisers, N fertilizers, nitrogen fertilisers)",https://lod.nal.usda.gov/nalt/7966,,True,skos:related,
nitrogen fixation,diazotrophy; dinitrogen fixation,"nitrogen fixation (diazotrophy, dinitrogen fixation)",https://lod.nal.usda.gov/nalt/17288,,True,skos:related,
nitrogen-fixing bacteria,diazotrophic bacteria; diazotrophs; nitrogen fixing bacteria,"nitrogen-fixing bacteria (diazotrophic bacteria, diazotrophs, nitrogen fixing bacteria)",https://lod.nal.usda.gov/nalt/15084,,False,skos:related,
nuclear membrane,nuclear envelope,nuclear membrane (nuclear envelope),https://lod.nal.usda.gov/nalt/23408,,False,skos:related,
organic carbon,,organic carbon,https://lod.nal.usda.gov/nalt/302968,,False,skos:broader; skos:narrower,
organic compounds,organic chemicals,organic compounds (organic chemicals),https://lod.nal.usda.gov/nalt/270,,False,skos:related,
organic nitrogen,,organic nitrogen,https://lod.nal.usda.gov/nalt/324699,,False,skos:broader; skos:narrower,
organic nitrogen compounds,,organic nitrogen compounds,https://lod.nal.usda.gov/nalt/7679,,False,skos:related,
organic phosphorus,,organic phosphorus,https://lod.nal.usda.gov/nalt/325187,,False,skos:broader; skos:narrower,
Orthels,,Orthels,https://lod.nal.usda.gov/nalt/8940,,True,skos:broader; skos:narrower,
Orthents,,Orthents,https://lod.nal.usda.gov/nalt/30345,,True,skos:broader; skos:narrower,
Orthods,,Orthods,https://lod.nal.usda.gov/nalt/6848,,True,skos:broader; skos:narrower,
Paleaquults,,Paleaquults,https://lod.nal.usda.gov/nalt/11627,,True,skos:broader; skos:narrower,
Palehumults,,Palehumults,https://lod.nal.usda.gov/nalt/46160,,True,skos:broader; skos:narrower,
Paleudalfs,,Paleudalfs,https://lod.nal.usda.gov/nalt/56589,,True,skos:broader; skos:narrower,
Paleudults,,Paleudults,https://lod.nal.usda.gov/nalt/56591,,True,skos:broader; skos:narrower,
Paleustults,,Paleustults,https://lod.nal.usda.gov/nalt/56594,,True,skos:broader; skos:narrower,
Palexeralfs,,Palexeralfs,https://lod.nal.usda.gov/nalt/56595,,True,skos:broader; skos:narrower,
Palexerults,,Palexerults,https://lod.nal.usda.gov/nalt/56597,,True,skos:broader; skos:narrower,
particulate organic matter,,particulate organic matter,https://lod.nal.usda.gov/nalt/263001,,False,skos:broader; skos:narrower,
Perox,,Perox,https://lod.nal.usda.gov/nalt/3116,,True,skos:broader; skos:narrower,
physiological transport,biological transport; transcytosis,"physiological transport (biological transport, transcytosis)",https://lod.nal.usda.gov/nalt/3934,,False,skos:related,
phytoliths,,phytoliths,https://lod.nal.usda.gov/nalt/27355,,False,skos:broader; skos:narrower,
phytomass,plant biomass,phytomass (plant biomass),https://lod.nal.usda.gov/nalt/288721,,False,skos:related,
plant moisture,,plant moisture,https://lod.nal.usda.gov/nalt/324715,,False,skos:related,
Plinthaqualfs,,Plinthaqualfs,https://lod.nal.usda.gov/nalt/11438,,True,skos:broader; skos:narrower,
Plinthaquults,,Plinthaquults,https://lod.nal.usda.gov/nalt/11628,,True,skos:broader; skos:narrower,
Plinthohumults,,Plinthohumults,https://lod.nal.usda.gov/nalt/46161,,True,skos:broader; skos:narrower,
Plinthoxeralfs,,Plinthoxeralfs,https://lod.nal.usda.gov/nalt/58832,,True,skos:broader; skos:narrower,
Plinthudults,,Plinthudults,https://lod.nal.usda.gov/nalt/58833,,True,skos:broader; skos:narrower,
Plinthustults,,Plinthustults,https://lod.nal.usda.gov/nalt/58835,,True,skos:broader; skos:narrower,
primary productivity,primary production (ecology),primary productivity (primary production (ecology)),https://lod.nal.usda.gov/nalt/362,,False,skos:related,
Psamments,,Psamments,https://lod.nal.usda.gov/nalt/30343,,True,skos:broader; skos:narrower,
pseudogley soils,,pseudogley soils,https://lod.nal.usda.gov/nalt/305134,,True,skos:broader; skos:narrower,
pseudopodzolic soils,,pseudopodzolic soils,https://lod.nal.usda.gov/nalt/305138,,True,skos:broader; skos:narrower,
Rendolls,,Rendolls,https://lod.nal.usda.gov/nalt/30450,,True,skos:broader; skos:narrower,
Rhodoxeralfs,,Rhodoxeralfs,https://lod.nal.usda.gov/nalt/61452,,True,skos:broader; skos:narrower,
Rhodudalfs,,Rhodudalfs,https://lod.nal.usda.gov/nalt/61453,,True,skos:broader; skos:narrower,
Rhodudults,,Rhodudults,https://lod.nal.usda.gov/nalt/61454,,True,skos:broader; skos:narrower,
Rhodustults,,Rhodustults,https://lod.nal.usda.gov/nalt/61456,,True,skos:broader; skos:narrower,
rockwool,rock wool; stone wool; stonewool,"rockwool (rock wool, stone wool, stonewool)",https://lod.nal.usda.gov/nalt/290602,,False,skos:related,
Salids,,Salids,https://lod.nal.usda.gov/nalt/11598,,True,skos:broader; skos:narrower,
saline springs,salt-water springs,saline springs (salt-water springs),https://lod.nal.usda.gov/nalt/312770,,False,skos:related,
Saprists,,Saprists,https://lod.nal.usda.gov/nalt/30347,,True,skos:broader; skos:narrower,
saturated flow,saturated water flow,saturated flow (saturated water flow),https://lod.nal.usda.gov/nalt/59559,,False,skos:related,
silica,cristobalite; silicon dioxide,"silica (cristobalite, silicon dioxide)",https://lod.nal.usda.gov/nalt/56445,,False,skos:related,
soil carbon,,soil carbon,https://lod.nal.usda.gov/nalt/325192,,True,skos:broader; skos:narrower,
soil flushing,,soil flushing,https://lod.nal.usda.gov/nalt/290382,,False,skos:related,
soil washing,,soil washing,https://lod.nal.usda.gov/nalt/37470,,False,skos:related,
Sombrihumults,,Sombrihumults,https://lod.nal.usda.gov/nalt/46162,,True,skos:broader; skos:narrower,
sorption isotherms,Langmuir and Freundlich isotherm,sorption isotherms (Langmuir and Freundlich isotherm),https://lod.nal.usda.gov/nalt/46150,,False,skos:related,
steady flow,,steady flow,https://lod.nal.usda.gov/nalt/63471,,False,skos:related,
toposequences,,toposequences,https://lod.nal.usda.gov/nalt/63439,,True,skos:broader; skos:narrower,
Torrands,,Torrands,https://lod.nal.usda.gov/nalt/8671,,True,skos:broader; skos:narrower,
Torrerts,,Torrerts,https://lod.nal.usda.gov/nalt/21090,,True,skos:broader; skos:narrower,
Torrox,,Torrox,https://lod.nal.usda.gov/nalt/3152,,True,skos:broader; skos:narrower,
transient flow,unsteady flow,transient flow (unsteady flow),https://lod.nal.usda.gov/nalt/63472,,False,skos:related,
Turbels,,Turbels,https://lod.nal.usda.gov/nalt/8942,,True,skos:broader; skos:narrower,
Udands,,Udands,https://lod.nal.usda.gov/nalt/8672,,True,skos:broader; skos:narrower,
Udepts,,Udepts,https://lod.nal.usda.gov/nalt/34922,,True,skos:broader; skos:narrower,
Uderts,,Uderts,https://lod.nal.usda.gov/nalt/35054,,True,skos:broader; skos:narrower,
Udolls,,Udolls,https://lod.nal.usda.gov/nalt/12115,,True,skos:broader; skos:narrower,
Udox,,Udox,https://lod.nal.usda.gov/nalt/3161,,True,skos:broader; skos:narrower,
Umbraquults,,Umbraquults,https://lod.nal.usda.gov/nalt/11629,,True,skos:broader; skos:narrower,
Ustalfs,,Ustalfs,https://lod.nal.usda.gov/nalt/6339,,True,skos:broader; skos:narrower,
Ustands,,Ustands,https://lod.nal.usda.gov/nalt/8673,,True,skos:broader; skos:narrower,
Ustepts,,Ustepts,https://lod.nal.usda.gov/nalt/21146,,True,skos:broader; skos:narrower,
Usterts,,Usterts,https://lod.nal.usda.gov/nalt/21148,,True,skos:broader; skos:narrower,
Ustolls,,Ustolls,https://lod.nal.usda.gov/nalt/12117,,True,skos:broader; skos:narrower,
Ustox,,Ustox,https://lod.nal.usda.gov/nalt/3163,,True,skos:broader; skos:narrower,
vapor pressure deficit,vapour pressure deficit,vapor pressure deficit (vapour pressure deficit),https://lod.nal.usda.gov/nalt/324729,,False,skos:related,
Vermaqualfs,,Vermaqualfs,https://lod.nal.usda.gov/nalt/11439,,True,skos:broader; skos:narrower,
Vitrands,,Vitrands,https://lod.nal.usda.gov/nalt/8674,,True,skos:broader; skos:narrower,
Wassents,,Wassents,https://lod.nal.usda.gov/nalt/146692,,True,skos:broader; skos:narrower,
Wassists,,Wassists,https://lod.nal.usda.gov/nalt/146700,,True,skos:broader; skos:narrower,
water activity,,water activity,https://lod.nal.usda.gov/nalt/53219,,False,skos:related,
wetting front,,wetting front,https://lod.nal.usda.gov/nalt/63470,,True,skos:broader; skos:narrower,
World Reference Base for Soil Resources,International soil classification; WRB soil classification; WRB soil taxonomy; World Reference Base,"World Reference Base for Soil Resources (International soil classification, WRB soil classification, WRB soil taxonomy, World Reference Base)",https://lod.nal.usda.gov/nalt/216301,,True,skos:related,
Xerands,,Xerands,https://lod.nal.usda.gov/nalt/8675,,True,skos:broader; skos:narrower,
Xerepts,,Xerepts,https://lod.nal.usda.gov/nalt/21151,,True,skos:broader; skos:narrower,
Xererts,,Xererts,https://lod.nal.usda.gov/nalt/21153,,True,skos:broader; skos:narrower,
Xerolls,,Xerolls,https://lod.nal.usda.gov/nalt/12119,,True,skos:broader; skos:narrower,
Acraquox,,Acraquox,https://lod.nal.usda.gov/nalt/3002,,True,skos:broader; skos:narrower,
Acroperox,,Acroperox,https://lod.nal.usda.gov/nalt/3115,,True,skos:broader; skos:narrower,
Acrotorrox,,Acrotorrox,https://lod.nal.usda.gov/nalt/3151,,True,skos:broader; skos:narrower,
Acrudox,,Acrudox,https://lod.nal.usda.gov/nalt/3160,,True,skos:broader; skos:narrower,
Acrustox,,Acrustox,https://lod.nal.usda.gov/nalt/3162,,True,skos:broader; skos:narrower,
Alaquods,,Alaquods,https://lod.nal.usda.gov/nalt/5962,,True,skos:broader; skos:narrower,
Alorthods,,Alorthods,https://lod.nal.usda.gov/nalt/6847,,True,skos:broader; skos:narrower,
Anhyorthels,,Anhyorthels,https://lod.nal.usda.gov/nalt/8939,,True,skos:broader; skos:narrower,
Anhyturbels,,Anhyturbels,https://lod.nal.usda.gov/nalt/8941,,True,skos:broader; skos:narrower,
Anthracambids,,Anthracambids,https://lod.nal.usda.gov/nalt/10050,,True,skos:broader; skos:narrower,
Aquicambids,,Aquicambids,https://lod.nal.usda.gov/nalt/11567,,True,skos:broader; skos:narrower,
Aquisalids,,Aquisalids,https://lod.nal.usda.gov/nalt/11597,,True,skos:broader; skos:narrower,
Aquiturbels,,Aquiturbels,https://lod.nal.usda.gov/nalt/11600,,True,skos:broader; skos:narrower,
Aquorthels,,Aquorthels,https://lod.nal.usda.gov/nalt/11616,,True,skos:broader; skos:narrower,
Argialbolls,,Argialbolls,https://lod.nal.usda.gov/nalt/6021,,True,skos:broader; skos:narrower,
Argiaquolls,,Argiaquolls,https://lod.nal.usda.gov/nalt/11609,,True,skos:broader; skos:narrower,
Argicryids,,Argicryids,https://lod.nal.usda.gov/nalt/12085,,True,skos:broader; skos:narrower,
Argicryolls,,Argicryolls,https://lod.nal.usda.gov/nalt/12087,,True,skos:broader; skos:narrower,
Argidurids,,Argidurids,https://lod.nal.usda.gov/nalt/12099,,True,skos:broader; skos:narrower,
Argigypsids,,Argigypsids,https://lod.nal.usda.gov/nalt/12101,,True,skos:broader; skos:narrower,
Argiorthels,,Argiorthels,https://lod.nal.usda.gov/nalt/12113,,True,skos:broader; skos:narrower,
Argiudolls,,Argiudolls,https://lod.nal.usda.gov/nalt/12114,,True,skos:broader; skos:narrower,
Argiustolls,,Argiustolls,https://lod.nal.usda.gov/nalt/12116,,True,skos:broader; skos:narrower,
Argixerolls,,Argixerolls,https://lod.nal.usda.gov/nalt/12118,,True,skos:broader; skos:narrower,
Calciaquerts,,Calciaquerts,https://lod.nal.usda.gov/nalt/11558,,True,skos:broader; skos:narrower,
Calciaquolls,,Calciaquolls,https://lod.nal.usda.gov/nalt/11610,,True,skos:broader; skos:narrower,
Calciargids,,Calciargids,https://lod.nal.usda.gov/nalt/12093,,True,skos:broader; skos:narrower,
Calcicryepts,,Calcicryepts,https://lod.nal.usda.gov/nalt/146703,,True,skos:broader; skos:narrower,
Calcicryids,,Calcicryids,https://lod.nal.usda.gov/nalt/21076,,True,skos:broader; skos:narrower,
Calcicryolls,,Calcicryolls,https://lod.nal.usda.gov/nalt/21077,,True,skos:broader; skos:narrower,
Calcigypsids,,Calcigypsids,https://lod.nal.usda.gov/nalt/21082,,True,skos:broader; skos:narrower,
Calcitorrerts,,Calcitorrerts,https://lod.nal.usda.gov/nalt/21089,,True,skos:broader; skos:narrower,
Calciudolls,,Calciudolls,https://lod.nal.usda.gov/nalt/21091,,True,skos:broader; skos:narrower,
Calciustepts,,Calciustepts,https://lod.nal.usda.gov/nalt/21145,,True,skos:broader; skos:narrower,
Calciusterts,,Calciusterts,https://lod.nal.usda.gov/nalt/21147,,True,skos:broader; skos:narrower,
Calciustolls,,Calciustolls,https://lod.nal.usda.gov/nalt/21149,,True,skos:broader; skos:narrower,
Calcixerepts,,Calcixerepts,https://lod.nal.usda.gov/nalt/21150,,True,skos:broader; skos:narrower,
Calcixererts,,Calcixererts,https://lod.nal.usda.gov/nalt/21152,,True,skos:broader; skos:narrower,
Calcixerolls,,Calcixerolls,https://lod.nal.usda.gov/nalt/21154,,True,skos:broader; skos:narrower,
carbon,vitreous carbon,carbon (vitreous carbon),https://lod.nal.usda.gov/nalt/3913,,False,skos:broader; skos:narrower,
Cryaquands,,Cryaquands,https://lod.nal.usda.gov/nalt/11446,,True,skos:broader; skos:narrower,
Cryaquents,,Cryaquents,https://lod.nal.usda.gov/nalt/11536,,True,skos:broader; skos:narrower,
Cryaquepts,,Cryaquepts,https://lod.nal.usda.gov/nalt/11547,,True,skos:broader; skos:narrower,
Cryaquods,,Cryaquods,https://lod.nal.usda.gov/nalt/11602,,True,skos:broader; skos:narrower,
Cryaquolls,,Cryaquolls,https://lod.nal.usda.gov/nalt/11611,,True,skos:broader; skos:narrower,
Cryofibrists,,Cryofibrists,https://lod.nal.usda.gov/nalt/30325,,True,skos:broader; skos:narrower,
Cryofluvents,,Cryofluvents,https://lod.nal.usda.gov/nalt/30327,,True,skos:broader; skos:narrower,
Cryofolists,,Cryofolists,https://lod.nal.usda.gov/nalt/30329,,True,skos:broader; skos:narrower,
Cryohemists,,Cryohemists,https://lod.nal.usda.gov/nalt/30331,,True,skos:broader; skos:narrower,
Cryopsamments,,Cryopsamments,https://lod.nal.usda.gov/nalt/30342,,True,skos:broader; skos:narrower,
Cryorthents,,Cryorthents,https://lod.nal.usda.gov/nalt/30344,,True,skos:broader; skos:narrower,
Cryosaprists,,Cryosaprists,https://lod.nal.usda.gov/nalt/30346,,True,skos:broader; skos:narrower,
Cryrendolls,,Cryrendolls,https://lod.nal.usda.gov/nalt/30449,,True,skos:broader; skos:narrower,
diffusivity,diffusion coefficient; diffusion constant,"diffusivity (diffusion coefficient, diffusion constant)",https://lod.nal.usda.gov/nalt/33503,,False,skos:broader; skos:narrower,
dissolved organic carbon,soluble organic carbon,dissolved organic carbon (soluble organic carbon),https://lod.nal.usda.gov/nalt/34079,,False,skos:broader; skos:narrower,
dissolved organic nitrogen,DON (dissolved organic nitrogen); dissolved organic N,"dissolved organic nitrogen (DON (dissolved organic nitrogen), dissolved organic N)",https://lod.nal.usda.gov/nalt/185745,,False,skos:broader; skos:narrower,
Duraquands,,Duraquands,https://lod.nal.usda.gov/nalt/11447,,True,skos:broader; skos:narrower,
Duraquerts,,Duraquerts,https://lod.nal.usda.gov/nalt/11559,,True,skos:broader; skos:narrower,
Duraquods,,Duraquods,https://lod.nal.usda.gov/nalt/11603,,True,skos:broader; skos:narrower,
Duraquolls,,Duraquolls,https://lod.nal.usda.gov/nalt/11612,,True,skos:broader; skos:narrower,
Duricryands,,Duricryands,https://lod.nal.usda.gov/nalt/30299,,True,skos:broader; skos:narrower,
Duricryods,,Duricryods,https://lod.nal.usda.gov/nalt/30321,,True,skos:broader; skos:narrower,
Duricryolls,,Duricryolls,https://lod.nal.usda.gov/nalt/30335,,True,skos:broader; skos:narrower,
Durihumods,,Durihumods,https://lod.nal.usda.gov/nalt/34906,,True,skos:broader; skos:narrower,
Duritorrands,,Duritorrands,https://lod.nal.usda.gov/nalt/34908,,True,skos:broader; skos:narrower,
Durixerepts,,Durixerepts,https://lod.nal.usda.gov/nalt/34910,,True,skos:broader; skos:narrower,
Durixererts,,Durixererts,https://lod.nal.usda.gov/nalt/34911,,True,skos:broader; skos:narrower,
Durixerolls,,Durixerolls,https://lod.nal.usda.gov/nalt/34912,,True,skos:broader; skos:narrower,
Durorthods,,Durorthods,https://lod.nal.usda.gov/nalt/34916,,True,skos:broader; skos:narrower,
Durudands,,Durudands,https://lod.nal.usda.gov/nalt/34920,,True,skos:broader; skos:narrower,
Durudepts,,Durudepts,https://lod.nal.usda.gov/nalt/34921,,True,skos:broader; skos:narrower,
Durustalfs,,Durustalfs,https://lod.nal.usda.gov/nalt/34930,,True,skos:broader; skos:narrower,
Durustands,,Durustands,https://lod.nal.usda.gov/nalt/34931,,True,skos:broader; skos:narrower,
Durustepts,,Durustepts,https://lod.nal.usda.gov/nalt/34932,,True,skos:broader; skos:narrower,
Durustolls,,Durustolls,https://lod.nal.usda.gov/nalt/34933,,True,skos:broader; skos:narrower,
Dystraquerts,,Dystraquerts,https://lod.nal.usda.gov/nalt/11560,,True,skos:broader; skos:narrower,
Dystrocryepts,,Dystrocryepts,https://lod.nal.usda.gov/nalt/30308,,True,skos:broader; skos:narrower,
Dystrogelepts,,Dystrogelepts,https://lod.nal.usda.gov/nalt/146707,,True,skos:broader; skos:narrower,
Dystroxerepts,,Dystroxerepts,https://lod.nal.usda.gov/nalt/35051,,True,skos:broader; skos:narrower,
Dystrudepts,,Dystrudepts,https://lod.nal.usda.gov/nalt/35052,,True,skos:broader; skos:narrower,
Dystruderts,,Dystruderts,https://lod.nal.usda.gov/nalt/35053,,True,skos:broader; skos:narrower,
Dystrustepts,,Dystrustepts,https://lod.nal.usda.gov/nalt/35055,,True,skos:broader; skos:narrower,
Dystrusterts,,Dystrusterts,https://lod.nal.usda.gov/nalt/35056,,True,skos:broader; skos:narrower,
Endoaquands,,Endoaquands,https://lod.nal.usda.gov/nalt/11448,,True,skos:broader; skos:narrower,
Endoaquents,,Endoaquents,https://lod.nal.usda.gov/nalt/11537,,True,skos:broader; skos:narrower,
Endoaquepts,,Endoaquepts,https://lod.nal.usda.gov/nalt/11548,,True,skos:broader; skos:narrower,
Endoaquerts,,Endoaquerts,https://lod.nal.usda.gov/nalt/11561,,True,skos:broader; skos:narrower,
Endoaquods,,Endoaquods,https://lod.nal.usda.gov/nalt/11604,,True,skos:broader; skos:narrower,
Endoaquolls,,Endoaquolls,https://lod.nal.usda.gov/nalt/11613,,True,skos:broader; skos:narrower,
Epiaquands,,Epiaquands,https://lod.nal.usda.gov/nalt/11449,,True,skos:broader; skos:narrower,
Epiaquents,,Epiaquents,https://lod.nal.usda.gov/nalt/11538,,True,skos:broader; skos:narrower,
Epiaquepts,,Epiaquepts,https://lod.nal.usda.gov/nalt/11549,,True,skos:broader; skos:narrower,
Epiaquerts,,Epiaquerts,https://lod.nal.usda.gov/nalt/11562,,True,skos:broader; skos:narrower,
Epiaquods,,Epiaquods,https://lod.nal.usda.gov/nalt/11605,,True,skos:broader; skos:narrower,
Epiaquolls,,Epiaquolls,https://lod.nal.usda.gov/nalt/11614,,True,skos:broader; skos:narrower,
Eutraquox,,Eutraquox,https://lod.nal.usda.gov/nalt/11618,,True,skos:broader; skos:narrower,
Eutroperox,,Eutroperox,https://lod.nal.usda.gov/nalt/38804,,True,skos:broader; skos:narrower,
Eutrotorrox,,Eutrotorrox,https://lod.nal.usda.gov/nalt/38807,,True,skos:broader; skos:narrower,
Eutrudepts,,Eutrudepts,https://lod.nal.usda.gov/nalt/38808,,True,skos:broader; skos:narrower,
Eutrudox,,Eutrudox,https://lod.nal.usda.gov/nalt/38809,,True,skos:broader; skos:narrower,
Eutrustox,,Eutrustox,https://lod.nal.usda.gov/nalt/38810,,True,skos:broader; skos:narrower,
evapotranspiration,,evapotranspiration,https://lod.nal.usda.gov/nalt/38819,,False,skos:related,
Fibristels,,Fibristels,https://lod.nal.usda.gov/nalt/40064,,True,skos:broader; skos:narrower,
Fluvaquents,,Fluvaquents,https://lod.nal.usda.gov/nalt/11539,,True,skos:broader; skos:narrower,
Fluviwassents,,Fluviwassents,https://lod.nal.usda.gov/nalt/146693,,True,skos:broader; skos:narrower,
Folistels,,Folistels,https://lod.nal.usda.gov/nalt/40786,,True,skos:broader; skos:narrower,
Fragiaquepts,,Fragiaquepts,https://lod.nal.usda.gov/nalt/11550,,True,skos:broader; skos:narrower,
Fragiaquods,,Fragiaquods,https://lod.nal.usda.gov/nalt/11606,,True,skos:broader; skos:narrower,
Fragihumods,,Fragihumods,https://lod.nal.usda.gov/nalt/41383,,True,skos:broader; skos:narrower,
Fragiorthods,,Fragiorthods,https://lod.nal.usda.gov/nalt/41384,,True,skos:broader; skos:narrower,
Fragiudepts,,Fragiudepts,https://lod.nal.usda.gov/nalt/41388,,True,skos:broader; skos:narrower,
Fragixerepts,,Fragixerepts,https://lod.nal.usda.gov/nalt/41392,,True,skos:broader; skos:narrower,
Frasiwassents,,Frasiwassents,https://lod.nal.usda.gov/nalt/146694,,True,skos:broader; skos:narrower,
Frasiwassists,,Frasiwassists,https://lod.nal.usda.gov/nalt/146699,,True,skos:broader; skos:narrower,
fulvic acids,,fulvic acids,https://lod.nal.usda.gov/nalt/41735,,False,skos:broader; skos:narrower,
Fulvicryands,,Fulvicryands,https://lod.nal.usda.gov/nalt/30300,,True,skos:broader; skos:narrower,
Fulvudands,,Fulvudands,https://lod.nal.usda.gov/nalt/41737,,True,skos:broader; skos:narrower,
Gelaquands,,Gelaquands,https://lod.nal.usda.gov/nalt/146687,,True,skos:broader; skos:narrower,
Gelaquents,,Gelaquents,https://lod.nal.usda.gov/nalt/146689,,True,skos:broader; skos:narrower,
Gelaquepts,,Gelaquepts,https://lod.nal.usda.gov/nalt/146719,,True,skos:broader; skos:narrower,
Gelifluvents,,Gelifluvents,https://lod.nal.usda.gov/nalt/146690,,True,skos:broader; skos:narrower,
Gelorthents,,Gelorthents,https://lod.nal.usda.gov/nalt/146691,,True,skos:broader; skos:narrower,
Glacistels,,Glacistels,https://lod.nal.usda.gov/nalt/43003,,True,skos:broader; skos:narrower,
Glossocryalfs,,Glossocryalfs,https://lod.nal.usda.gov/nalt/30296,,True,skos:broader; skos:narrower,
Gypsiargids,,Gypsiargids,https://lod.nal.usda.gov/nalt/12094,,True,skos:broader; skos:narrower,
Gypsicryids,,Gypsicryids,https://lod.nal.usda.gov/nalt/30313,,True,skos:broader; skos:narrower,
Gypsitorrerts,,Gypsitorrerts,https://lod.nal.usda.gov/nalt/44153,,True,skos:broader; skos:narrower,
Gypsiusterts,,Gypsiusterts,https://lod.nal.usda.gov/nalt/44154,,True,skos:broader; skos:narrower,
Halaquepts,,Halaquepts,https://lod.nal.usda.gov/nalt/11551,,True,skos:broader; skos:narrower,
Haplanthrepts,,Haplanthrepts,https://lod.nal.usda.gov/nalt/10071,,True,skos:broader; skos:narrower,
Haplaquox,,Haplaquox,https://lod.nal.usda.gov/nalt/11619,,True,skos:broader; skos:narrower,
Haplargids,,Haplargids,https://lod.nal.usda.gov/nalt/12095,,True,skos:broader; skos:narrower,
Haplocalcids,,Haplocalcids,https://lod.nal.usda.gov/nalt/21078,,True,skos:broader; skos:narrower,
Haplocambids,,Haplocambids,https://lod.nal.usda.gov/nalt/21506,,True,skos:broader; skos:narrower,
Haplocryalfs,,Haplocryalfs,https://lod.nal.usda.gov/nalt/30297,,True,skos:broader; skos:narrower,
Haplocryands,,Haplocryands,https://lod.nal.usda.gov/nalt/30301,,True,skos:broader; skos:narrower,
Haplocryepts,,Haplocryepts,https://lod.nal.usda.gov/nalt/146704,,True,skos:broader; skos:narrower,
Haplocryerts,,Haplocryerts,https://lod.nal.usda.gov/nalt/30311,,True,skos:broader; skos:narrower,
Haplocryids,,Haplocryids,https://lod.nal.usda.gov/nalt/30314,,True,skos:broader; skos:narrower,
Haplocryods,,Haplocryods,https://lod.nal.usda.gov/nalt/30322,,True,skos:broader; skos:narrower,
Haplocryolls,,Haplocryolls,https://lod.nal.usda.gov/nalt/30336,,True,skos:broader; skos:narrower,
Haplodurids,,Haplodurids,https://lod.nal.usda.gov/nalt/34904,,True,skos:broader; skos:narrower,
Haplofibrists,,Haplofibrists,https://lod.nal.usda.gov/nalt/40067,,True,skos:broader; skos:narrower,
Haplogelepts,,Haplogelepts,https://lod.nal.usda.gov/nalt/146708,,True,skos:broader; skos:narrower,
Haplogelods,,Haplogelods,https://lod.nal.usda.gov/nalt/146716,,True,skos:broader; skos:narrower,
Haplogelolls,,Haplogelolls,https://lod.nal.usda.gov/nalt/146714,,True,skos:broader; skos:narrower,
Haplogypsids,,Haplogypsids,https://lod.nal.usda.gov/nalt/44148,,True,skos:broader; skos:narrower,
Haplohemists,,Haplohemists,https://lod.nal.usda.gov/nalt/44555,,True,skos:broader; skos:narrower,
Haplohumods,,Haplohumods,https://lod.nal.usda.gov/nalt/44556,,True,skos:broader; skos:narrower,
Haploperox,,Haploperox,https://lod.nal.usda.gov/nalt/44561,,True,skos:broader; skos:narrower,
Haplorthels,,Haplorthels,https://lod.nal.usda.gov/nalt/44567,,True,skos:broader; skos:narrower,
Haplorthods,,Haplorthods,https://lod.nal.usda.gov/nalt/44568,,True,skos:broader; skos:narrower,
Haplosalids,,Haplosalids,https://lod.nal.usda.gov/nalt/44569,,True,skos:broader; skos:narrower,
Haplosaprists,,Haplosaprists,https://lod.nal.usda.gov/nalt/44570,,True,skos:broader; skos:narrower,
Haplotorrands,,Haplotorrands,https://lod.nal.usda.gov/nalt/44576,,True,skos:broader; skos:narrower,
Haplotorrerts,,Haplotorrerts,https://lod.nal.usda.gov/nalt/44577,,True,skos:broader; skos:narrower,
Haplotorrox,,Haplotorrox,https://lod.nal.usda.gov/nalt/44578,,True,skos:broader; skos:narrower,
Haploturbels,,Haploturbels,https://lod.nal.usda.gov/nalt/44579,,True,skos:broader; skos:narrower,
Haplowassents,,Haplowassents,https://lod.nal.usda.gov/nalt/146695,,True,skos:broader; skos:narrower,
Haplowassists,,Haplowassists,https://lod.nal.usda.gov/nalt/146701,,True,skos:broader; skos:narrower,
Haploxerands,,Haploxerands,https://lod.nal.usda.gov/nalt/44581,,True,skos:broader; skos:narrower,
Haploxerepts,,Haploxerepts,https://lod.nal.usda.gov/nalt/44582,,True,skos:broader; skos:narrower,
Haploxererts,,Haploxererts,https://lod.nal.usda.gov/nalt/44583,,True,skos:broader; skos:narrower,
Haploxerolls,,Haploxerolls,https://lod.nal.usda.gov/nalt/44584,,True,skos:broader; skos:narrower,
Hapludands,,Hapludands,https://lod.nal.usda.gov/nalt/44588,,True,skos:broader; skos:narrower,
Hapluderts,,Hapluderts,https://lod.nal.usda.gov/nalt/44589,,True,skos:broader; skos:narrower,
Hapludolls,,Hapludolls,https://lod.nal.usda.gov/nalt/44590,,True,skos:broader; skos:narrower,
Hapludox,,Hapludox,https://lod.nal.usda.gov/nalt/44591,,True,skos:broader; skos:narrower,
Haplustalfs,,Haplustalfs,https://lod.nal.usda.gov/nalt/44593,,True,skos:broader; skos:narrower,
Haplustands,,Haplustands,https://lod.nal.usda.gov/nalt/44594,,True,skos:broader; skos:narrower,
Haplustepts,,Haplustepts,https://lod.nal.usda.gov/nalt/44595,,True,skos:broader; skos:narrower,
Haplusterts,,Haplusterts,https://lod.nal.usda.gov/nalt/44596,,True,skos:broader; skos:narrower,
Haplustolls,,Haplustolls,https://lod.nal.usda.gov/nalt/44597,,True,skos:broader; skos:narrower,
Haplustox,,Haplustox,https://lod.nal.usda.gov/nalt/44598,,True,skos:broader; skos:narrower,
Haprendolls,,Haprendolls,https://lod.nal.usda.gov/nalt/44601,,True,skos:broader; skos:narrower,
Hemistels,,Hemistels,https://lod.nal.usda.gov/nalt/45083,,True,skos:broader; skos:narrower,
Historthels,,Historthels,https://lod.nal.usda.gov/nalt/45652,,True,skos:broader; skos:narrower,
Histoturbels,,Histoturbels,https://lod.nal.usda.gov/nalt/45653,,True,skos:broader; skos:narrower,
Humaquepts,,Humaquepts,https://lod.nal.usda.gov/nalt/11552,,True,skos:broader; skos:narrower,
humic acids,,humic acids,https://lod.nal.usda.gov/nalt/46139,,False,skos:broader; skos:narrower,
Humicryepts,,Humicryepts,https://lod.nal.usda.gov/nalt/146705,,True,skos:broader; skos:narrower,
Humicryerts,,Humicryerts,https://lod.nal.usda.gov/nalt/30312,,True,skos:broader; skos:narrower,
Humicryods,,Humicryods,https://lod.nal.usda.gov/nalt/30323,,True,skos:broader; skos:narrower,
Humigelepts,,Humigelepts,https://lod.nal.usda.gov/nalt/146709,,True,skos:broader; skos:narrower,
Humigelods,,Humigelods,https://lod.nal.usda.gov/nalt/146717,,True,skos:broader; skos:narrower,
humin,,humin,https://lod.nal.usda.gov/nalt/46142,,False,skos:broader; skos:narrower,
Humixerepts,,Humixerepts,https://lod.nal.usda.gov/nalt/146712,,True,skos:broader; skos:narrower,
Humudepts,,Humudepts,https://lod.nal.usda.gov/nalt/146710,,True,skos:broader; skos:narrower,
Humustepts,,Humustepts,https://lod.nal.usda.gov/nalt/146711,,True,skos:broader; skos:narrower,
Hydraquents,,Hydraquents,https://lod.nal.usda.gov/nalt/11540,,True,skos:broader; skos:narrower,
Hydrocryands,,Hydrocryands,https://lod.nal.usda.gov/nalt/30302,,True,skos:broader; skos:narrower,
Hydrowassents,,Hydrowassents,https://lod.nal.usda.gov/nalt/146696,,True,skos:broader; skos:narrower,
Hydrudands,,Hydrudands,https://lod.nal.usda.gov/nalt/46439,,True,skos:broader; skos:narrower,
Kandiperox,,Kandiperox,https://lod.nal.usda.gov/nalt/48269,,True,skos:broader; skos:narrower,
Kandiudox,,Kandiudox,https://lod.nal.usda.gov/nalt/48271,,True,skos:broader; skos:narrower,
Kandiustalfs,,Kandiustalfs,https://lod.nal.usda.gov/nalt/48273,,True,skos:broader; skos:narrower,
Kandiustox,,Kandiustox,https://lod.nal.usda.gov/nalt/48274,,True,skos:broader; skos:narrower,
Kanhaplustalfs,,Kanhaplustalfs,https://lod.nal.usda.gov/nalt/48279,,True,skos:broader; skos:narrower,
Luvihemists,,Luvihemists,https://lod.nal.usda.gov/nalt/45084,,True,skos:broader; skos:narrower,
Melanaquands,,Melanaquands,https://lod.nal.usda.gov/nalt/11450,,True,skos:broader; skos:narrower,
Melanocryands,,Melanocryands,https://lod.nal.usda.gov/nalt/30303,,True,skos:broader; skos:narrower,
Melanoxerands,,Melanoxerands,https://lod.nal.usda.gov/nalt/51977,,True,skos:broader; skos:narrower,
Melanudands,,Melanudands,https://lod.nal.usda.gov/nalt/51978,,True,skos:broader; skos:narrower,
microbial carbon,microbial biomass carbon,microbial carbon (microbial biomass carbon),https://lod.nal.usda.gov/nalt/324696,,False,skos:broader; skos:narrower,
microbial nitrogen,microbial biomass nitrogen,microbial nitrogen (microbial biomass nitrogen),https://lod.nal.usda.gov/nalt/324700,,False,skos:broader; skos:narrower,
Molliturbels,,Molliturbels,https://lod.nal.usda.gov/nalt/53260,,True,skos:broader; skos:narrower,
Mollorthels,,Mollorthels,https://lod.nal.usda.gov/nalt/53261,,True,skos:broader; skos:narrower,
Natralbolls,,Natralbolls,https://lod.nal.usda.gov/nalt/6022,,True,skos:broader; skos:narrower,
Natraquerts,,Natraquerts,https://lod.nal.usda.gov/nalt/11563,,True,skos:broader; skos:narrower,
Natraquolls,,Natraquolls,https://lod.nal.usda.gov/nalt/11615,,True,skos:broader; skos:narrower,
Natrargids,,Natrargids,https://lod.nal.usda.gov/nalt/12096,,True,skos:broader; skos:narrower,
Natricryolls,,Natricryolls,https://lod.nal.usda.gov/nalt/30337,,True,skos:broader; skos:narrower,
Natridurids,,Natridurids,https://lod.nal.usda.gov/nalt/34905,,True,skos:broader; skos:narrower,
Natrigypsids,,Natrigypsids,https://lod.nal.usda.gov/nalt/44149,,True,skos:broader; skos:narrower,
Natrixerolls,,Natrixerolls,https://lod.nal.usda.gov/nalt/54395,,True,skos:broader; skos:narrower,
Natrudolls,,Natrudolls,https://lod.nal.usda.gov/nalt/54402,,True,skos:broader; skos:narrower,
Natrustalfs,,Natrustalfs,https://lod.nal.usda.gov/nalt/54403,,True,skos:broader; skos:narrower,
Natrustolls,,Natrustolls,https://lod.nal.usda.gov/nalt/54404,,True,skos:broader; skos:narrower,
Paleargids,,Paleargids,https://lod.nal.usda.gov/nalt/12097,,True,skos:broader; skos:narrower,
Palecryalfs,,Palecryalfs,https://lod.nal.usda.gov/nalt/30298,,True,skos:broader; skos:narrower,
Palecryolls,,Palecryolls,https://lod.nal.usda.gov/nalt/30338,,True,skos:broader; skos:narrower,
Paleudolls,,Paleudolls,https://lod.nal.usda.gov/nalt/56590,,True,skos:broader; skos:narrower,
Paleustalfs,,Paleustalfs,https://lod.nal.usda.gov/nalt/56592,,True,skos:broader; skos:narrower,
Paleustolls,,Paleustolls,https://lod.nal.usda.gov/nalt/56593,,True,skos:broader; skos:narrower,
Palexerolls,,Palexerolls,https://lod.nal.usda.gov/nalt/56596,,True,skos:broader; skos:narrower,
particulate organic carbon,,particulate organic carbon,https://lod.nal.usda.gov/nalt/263109,,False,skos:broader; skos:narrower,
Petraquepts,,Petraquepts,https://lod.nal.usda.gov/nalt/11553,,True,skos:broader; skos:narrower,
Petroargids,,Petroargids,https://lod.nal.usda.gov/nalt/12098,,True,skos:broader; skos:narrower,
Petrocalcids,,Petrocalcids,https://lod.nal.usda.gov/nalt/21079,,True,skos:broader; skos:narrower,
Petrocambids,,Petrocambids,https://lod.nal.usda.gov/nalt/21507,,True,skos:broader; skos:narrower,
Petrocryids,,Petrocryids,https://lod.nal.usda.gov/nalt/30315,,True,skos:broader; skos:narrower,
Petrogypsids,,Petrogypsids,https://lod.nal.usda.gov/nalt/44150,,True,skos:broader; skos:narrower,
phosphorus,Olsen P; extractable P,"phosphorus (Olsen P, extractable P)",https://lod.nal.usda.gov/nalt/33436,,False,skos:broader; skos:narrower,
Placaquands,,Placaquands,https://lod.nal.usda.gov/nalt/11451,,True,skos:broader; skos:narrower,
Placaquods,,Placaquods,https://lod.nal.usda.gov/nalt/11607,,True,skos:broader; skos:narrower,
Placocryods,,Placocryods,https://lod.nal.usda.gov/nalt/30324,,True,skos:broader; skos:narrower,
Placohumods,,Placohumods,https://lod.nal.usda.gov/nalt/46153,,True,skos:broader; skos:narrower,
Placorthods,,Placorthods,https://lod.nal.usda.gov/nalt/56249,,True,skos:broader; skos:narrower,
Placudands,,Placudands,https://lod.nal.usda.gov/nalt/58472,,True,skos:broader; skos:narrower,
Plagganthrepts,,Plagganthrepts,https://lod.nal.usda.gov/nalt/10072,,True,skos:broader; skos:narrower,
Plinthaquox,,Plinthaquox,https://lod.nal.usda.gov/nalt/11620,,True,skos:broader; skos:narrower,
Plinthustalfs,,Plinthustalfs,https://lod.nal.usda.gov/nalt/58834,,True,skos:broader; skos:narrower,
Psammaquents,,Psammaquents,https://lod.nal.usda.gov/nalt/11541,,True,skos:broader; skos:narrower,
Psammorthels,,Psammorthels,https://lod.nal.usda.gov/nalt/56241,,True,skos:broader; skos:narrower,
Psammoturbels,,Psammoturbels,https://lod.nal.usda.gov/nalt/60086,,True,skos:broader; skos:narrower,
Psammowassents,,Psammowassents,https://lod.nal.usda.gov/nalt/146697,,True,skos:broader; skos:narrower,
Quartzipsamments,,Quartzipsamments,https://lod.nal.usda.gov/nalt/60081,,True,skos:broader; skos:narrower,
Rhodustalfs,,Rhodustalfs,https://lod.nal.usda.gov/nalt/61455,,True,skos:broader; skos:narrower,
Salaquerts,,Salaquerts,https://lod.nal.usda.gov/nalt/11564,,True,skos:broader; skos:narrower,
Salicryids,,Salicryids,https://lod.nal.usda.gov/nalt/30316,,True,skos:broader; skos:narrower,
Salitorrerts,,Salitorrerts,https://lod.nal.usda.gov/nalt/61972,,True,skos:broader; skos:narrower,
Salusterts,,Salusterts,https://lod.nal.usda.gov/nalt/62301,,True,skos:broader; skos:narrower,
Sapristels,,Sapristels,https://lod.nal.usda.gov/nalt/45627,,True,skos:broader; skos:narrower,
Sombriperox,,Sombriperox,https://lod.nal.usda.gov/nalt/57522,,True,skos:broader; skos:narrower,
Sombriudox,,Sombriudox,https://lod.nal.usda.gov/nalt/63582,,True,skos:broader; skos:narrower,
Sombriustox,,Sombriustox,https://lod.nal.usda.gov/nalt/63583,,True,skos:broader; skos:narrower,
Sphagnofibrists,,Sphagnofibrists,https://lod.nal.usda.gov/nalt/40068,,True,skos:broader; skos:narrower,
Sulfaquents,,Sulfaquents,https://lod.nal.usda.gov/nalt/11542,,True,skos:broader; skos:narrower,
Sulfaquepts,,Sulfaquepts,https://lod.nal.usda.gov/nalt/11554,,True,skos:broader; skos:narrower,
Sulfaquerts,,Sulfaquerts,https://lod.nal.usda.gov/nalt/146718,,True,skos:broader; skos:narrower,
Sulfihemists,,Sulfihemists,https://lod.nal.usda.gov/nalt/45085,,True,skos:broader; skos:narrower,
Sulfisaprists,,Sulfisaprists,https://lod.nal.usda.gov/nalt/62407,,True,skos:broader; skos:narrower,
Sulfiwassents,,Sulfiwassents,https://lod.nal.usda.gov/nalt/146698,,True,skos:broader; skos:narrower,
Sulfiwassists,,Sulfiwassists,https://lod.nal.usda.gov/nalt/146702,,True,skos:broader; skos:narrower,
Sulfohemists,,Sulfohemists,https://lod.nal.usda.gov/nalt/45086,,True,skos:broader; skos:narrower,
Sulfosaprists,,Sulfosaprists,https://lod.nal.usda.gov/nalt/62408,,True,skos:broader; skos:narrower,
Sulfudepts,,Sulfudepts,https://lod.nal.usda.gov/nalt/65205,,True,skos:broader; skos:narrower,
Torriarents,,Torriarents,https://lod.nal.usda.gov/nalt/12056,,True,skos:broader; skos:narrower,
Torrifluvents,,Torrifluvents,https://lod.nal.usda.gov/nalt/40739,,True,skos:broader; skos:narrower,
Torrifolists,,Torrifolists,https://lod.nal.usda.gov/nalt/40787,,True,skos:broader; skos:narrower,
Torriorthents,,Torriorthents,https://lod.nal.usda.gov/nalt/56243,,True,skos:broader; skos:narrower,
Torripsamments,,Torripsamments,https://lod.nal.usda.gov/nalt/60082,,True,skos:broader; skos:narrower,
total Kjeldahl nitrogen,Kjeldahl nitrogen,total Kjeldahl nitrogen (Kjeldahl nitrogen),https://lod.nal.usda.gov/nalt/325125,,False,skos:related,
total organic carbon,,total organic carbon,https://lod.nal.usda.gov/nalt/325123,,False,skos:broader; skos:narrower,
Udarents,,Udarents,https://lod.nal.usda.gov/nalt/12057,,True,skos:broader; skos:narrower,
Udifluvents,,Udifluvents,https://lod.nal.usda.gov/nalt/40740,,True,skos:broader; skos:narrower,
Udifolists,,Udifolists,https://lod.nal.usda.gov/nalt/40788,,True,skos:broader; skos:narrower,
Udipsamments,,Udipsamments,https://lod.nal.usda.gov/nalt/60083,,True,skos:broader; skos:narrower,
Udivitrands,,Udivitrands,https://lod.nal.usda.gov/nalt/66668,,True,skos:broader; skos:narrower,
Udorthents,,Udorthents,https://lod.nal.usda.gov/nalt/56244,,True,skos:broader; skos:narrower,
Umbriturbels,,Umbriturbels,https://lod.nal.usda.gov/nalt/66596,,True,skos:broader; skos:narrower,
Umbrorthels,,Umbrorthels,https://lod.nal.usda.gov/nalt/56242,,True,skos:broader; skos:narrower,
Ustarents,,Ustarents,https://lod.nal.usda.gov/nalt/12058,,True,skos:broader; skos:narrower,
Ustifluvents,,Ustifluvents,https://lod.nal.usda.gov/nalt/40741,,True,skos:broader; skos:narrower,
Ustifolists,,Ustifolists,https://lod.nal.usda.gov/nalt/40789,,True,skos:broader; skos:narrower,
Ustipsamments,,Ustipsamments,https://lod.nal.usda.gov/nalt/60084,,True,skos:broader; skos:narrower,
Ustivitrands,,Ustivitrands,https://lod.nal.usda.gov/nalt/66827,,True,skos:broader; skos:narrower,
Ustorthents,,Ustorthents,https://lod.nal.usda.gov/nalt/56245,,True,skos:broader; skos:narrower,
Vermaquepts,,Vermaquepts,https://lod.nal.usda.gov/nalt/11555,,True,skos:broader; skos:narrower,
Vermudolls,,Vermudolls,https://lod.nal.usda.gov/nalt/66669,,True,skos:broader; skos:narrower,
Vermustolls,,Vermustolls,https://lod.nal.usda.gov/nalt/66828,,True,skos:broader; skos:narrower,
Vitraquands,,Vitraquands,https://lod.nal.usda.gov/nalt/11452,,True,skos:broader; skos:narrower,
Vitricryands,,Vitricryands,https://lod.nal.usda.gov/nalt/30304,,True,skos:broader; skos:narrower,
Vitritorrands,,Vitritorrands,https://lod.nal.usda.gov/nalt/66149,,True,skos:broader; skos:narrower,
Vitrixerands,,Vitrixerands,https://lod.nal.usda.gov/nalt/67189,,True,skos:broader; skos:narrower,
water vapor,water vapour,water vapor (water vapour),https://lod.nal.usda.gov/nalt/105956,,False,skos:related,
Xerarents,,Xerarents,https://lod.nal.usda.gov/nalt/12059,,True,skos:broader; skos:narrower,
Xerofluvents,,Xerofluvents,https://lod.nal.usda.gov/nalt/40742,,True,skos:broader; skos:narrower,
Xeropsamments,,Xeropsamments,https://lod.nal.usda.gov/nalt/60085,,True,skos:broader; skos:narrower,
Xerorthents,,Xerorthents,https://lod.nal.usda.gov/nalt/56246,,True,skos:broader; skos:narrower,
humates,,humates,https://lod.nal.usda.gov/nalt/46137,,False,skos:related,
organic acids and salts,organic acids,organic acids and salts (organic acids),https://lod.nal.usda.gov/nalt/2882,,False,skos:broader; skos:narrower,
organic fertilizers,organic fertilisers,organic fertilizers (organic fertilisers),https://lod.nal.usda.gov/nalt/9313,,True,skos:related,
organic salts,organic acid salts,organic salts (organic acid salts),https://lod.nal.usda.gov/nalt/17173,,False,skos:broader; skos:narrower,
sodium humate,,sodium humate,https://lod.nal.usda.gov/nalt/46138,,False,skos:broader; skos:narrower,
