prefLabel,altLabels,displayName,uri,confidence,in_hierarchy_gold,relations,classification
immunity,protective immunity,immunity (protective immunity),https://lod.nal.usda.gov/nalt/2996,1.0,True,,INCLUDE
adaptive immunity,acquired immune system; acquired immunity; adaptive immune response; adaptive immune system; adoptive immunity,"adaptive immunity (acquired immune system, acquired immunity, adaptive immune response, adaptive immune system, adoptive immunity)",https://lod.nal.usda.gov/nalt/105992,,True,skos:broader; skos:narrower,
antibody affinity,antibody avidity,antibody affinity (antibody avidity),https://lod.nal.usda.gov/nalt/217636,,True,skos:broader; skos:narrower,
antibody diversity,germ line theory; immunoglobulin diversity,"antibody diversity (germ line theory, immunoglobulin diversity)",https://lod.nal.usda.gov/nalt/217635,,True,skos:broader; skos:narrower,
antibody specificity,,antibody specificity,https://lod.nal.usda.gov/nalt/217634,,True,skos:broader; skos:narrower,
autoimmunity,autoimmune response,autoimmunity (autoimmune response),https://lod.nal.usda.gov/nalt/13995,,True,skos:broader; skos:narrower,
biological resistance,biocide resistance,biological resistance (biocide resistance),https://lod.nal.usda.gov/nalt/114,,False,skos:broader; skos:narrower,
cross immunity,cross-immunity; cross-protective immunity,"cross immunity (cross-immunity, cross-protective immunity)",https://lod.nal.usda.gov/nalt/30199,,True,skos:broader; skos:narrower,
herd immunity,community immunity,herd immunity (community immunity),https://lod.nal.usda.gov/nalt/263906,,True,skos:broader; skos:narrower,
immune response,immunity response; immunological response,"immune response (immunity response, immunological response)",https://lod.nal.usda.gov/nalt/10232,,True,skos:broader; skos:narrower,
immune system,,immune system,https://lod.nal.usda.gov/nalt/8973,,False,skos:related,
immunocompetence,immune competence,immunocompetence (immune competence),https://lod.nal.usda.gov/nalt/28327,,True,skos:broader; skos:narrower,
immunoinformatics,computational immunology; immune-based systems; immunocomputing,"immunoinformatics (computational immunology, immune-based systems, immunocomputing)",https://lod.nal.usda.gov/nalt/266183,,True,skos:related,
immunologic diseases,immunological diseases,immunologic diseases (immunological diseases),https://lod.nal.usda.gov/nalt/340,,False,skos:related,
immunomodulation,immunoregulation,immunomodulation (immunoregulation),https://lod.nal.usda.gov/nalt/203529,,True,skos:broader; skos:narrower,
innate immunity,innate immune response; innate immune system; natural immunity,"innate immunity (innate immune response, innate immune system, natural immunity)",https://lod.nal.usda.gov/nalt/105991,,True,skos:broader; skos:narrower,
insect immunity,,insect immunity,https://lod.nal.usda.gov/nalt/46974,,True,skos:broader; skos:narrower,
mucosal immunity,mucosal immune response,mucosal immunity (mucosal immune response),https://lod.nal.usda.gov/nalt/46975,,True,skos:broader; skos:narrower,
passive immunity,,passive immunity,https://lod.nal.usda.gov/nalt/4326,,True,skos:broader; skos:narrower,
secondary infection,,secondary infection,https://lod.nal.usda.gov/nalt/266333,,False,skos:related,
sterilizing immunity,,sterilizing immunity,https://lod.nal.usda.gov/nalt/262790,,True,skos:broader; skos:narrower,
active immunity,active immune response,active immunity (active immune response),https://lod.nal.usda.gov/nalt/70758,,True,skos:broader; skos:narrower,
antibodies,,antibodies,https://lod.nal.usda.gov/nalt/10218,,True,skos:related,
antibody engineering,,antibody engineering,https://lod.nal.usda.gov/nalt/297821,,False,skos:related,
antibody formation,antibody production; antibody response; autoantibody production,"antibody formation (antibody production, antibody response, autoantibody production)",https://lod.nal.usda.gov/nalt/10230,,True,skos:broader; skos:narrower,
antigen-antibody reactions,antibody antigen interactions; antibody antigen reaction; antibody-antigen interactions; antibody-antigen reaction; antigen antibody interactions; antigen antibody reactions; antigen-antibody interactions,"antigen-antibody reactions (antibody antigen interactions, antibody antigen reaction, antibody-antigen interactions, antibody-antigen reaction, antigen antibody interactions, antigen antibody reactions, antigen-antibody interactions)",https://lod.nal.usda.gov/nalt/5131,,True,skos:broader; skos:narrower,
antigens,immunogens,antigens (immunogens),https://lod.nal.usda.gov/nalt/6556,,True,skos:related,
autoantibodies,auto-antibodies,autoantibodies (auto-antibodies),https://lod.nal.usda.gov/nalt/10219,,True,skos:related,
autoantigens,,autoantigens,https://lod.nal.usda.gov/nalt/10355,,True,skos:related,
autoimmune diseases,,autoimmune diseases,https://lod.nal.usda.gov/nalt/13994,,False,skos:related,
B-lymphocytes,B cells (lymphocytes); B lymphocytes; B-cells (lymphocytes),"B-lymphocytes (B cells (lymphocytes), B lymphocytes, B-cells (lymphocytes))",https://lod.nal.usda.gov/nalt/14410,,False,skos:related,
bioinformatics,computational biology; computational genetics; computational molecular biology,"bioinformatics (computational biology, computational genetics, computational molecular biology)",https://lod.nal.usda.gov/nalt/17402,,False,skos:broader; skos:narrower,
cell-mediated immunity,cell mediated immunity; cell-mediated immune response; cellular immune response; cellular immunity,"cell-mediated immunity (cell mediated immunity, cell-mediated immune response, cellular immune response, cellular immunity)",https://lod.nal.usda.gov/nalt/10341,,True,skos:broader; skos:narrower,
CRISPR-Cas systems,CRISPR/Cas9 system,CRISPR-Cas systems (CRISPR/Cas9 system),https://lod.nal.usda.gov/nalt/329078,,False,skos:related,
cross reaction,cross reactivity; cross-reaction; cross-reactivity,"cross reaction (cross reactivity, cross-reaction, cross-reactivity)",https://lod.nal.usda.gov/nalt/10346,,True,skos:related,
epitopes,antigenic determinants,epitopes (antigenic determinants),https://lod.nal.usda.gov/nalt/10349,,True,skos:related,
graft rejection,allograft rejection; host versus graft reactions; transplant rejection; transplantation rejection,"graft rejection (allograft rejection, host versus graft reactions, transplant rejection, transplantation rejection)",https://lod.nal.usda.gov/nalt/6679,,True,skos:broader; skos:narrower,
graft versus host reactions,,graft versus host reactions,https://lod.nal.usda.gov/nalt/23447,,True,skos:broader; skos:narrower,
humoral immunity,humoral immune response; humoral response,"humoral immunity (humoral immune response, humoral response)",https://lod.nal.usda.gov/nalt/10233,,True,skos:broader; skos:narrower,
hypersensitivity,allergic reaction; allergies; allergy,"hypersensitivity (allergic reaction, allergies, allergy)",https://lod.nal.usda.gov/nalt/6555,,False,skos:related,
immune evasion,,immune evasion,https://lod.nal.usda.gov/nalt/31973,,False,skos:related,
immunocastration,immuno-castration,immunocastration (immuno-castration),https://lod.nal.usda.gov/nalt/290558,,True,skos:related,
immunochemistry,,immunochemistry,https://lod.nal.usda.gov/nalt/46984,,True,skos:related,
immunocompromised population,immunocompromised hosts; immunocompromised individuals,"immunocompromised population (immunocompromised hosts, immunocompromised individuals)",https://lod.nal.usda.gov/nalt/136991,,False,skos:related,
immunogenetics,,immunogenetics,https://lod.nal.usda.gov/nalt/10352,,True,skos:related,
immunogenicity,,immunogenicity,https://lod.nal.usda.gov/nalt/146502,,True,skos:broader; skos:narrower,
immunoglobulin T,IgT (immunoglobulin T),immunoglobulin T (IgT (immunoglobulin T)),https://lod.nal.usda.gov/nalt/246573,,True,skos:related,
immunologic factors,immunological factors,immunologic factors (immunological factors),https://lod.nal.usda.gov/nalt/5138,,True,skos:related,
immunologic memory,immune memory; serological memory,"immunologic memory (immune memory, serological memory)",https://lod.nal.usda.gov/nalt/217793,,True,skos:broader; skos:narrower,
immunologic techniques,immunologic tests; immunological techniques; immunological tests; serologic tests; serological tests,"immunologic techniques (immunologic tests, immunological techniques, immunological tests, serologic tests, serological tests)",https://lod.nal.usda.gov/nalt/5134,,True,skos:related,
immunomodulators,immunomodulatory capacity,immunomodulators (immunomodulatory capacity),https://lod.nal.usda.gov/nalt/34674,,True,skos:related,
immunostimulation (physiological),immunostimulation (physiology),immunostimulation (physiological) (immunostimulation (physiology)),https://lod.nal.usda.gov/nalt/83308,,True,skos:broader; skos:narrower,
immunosuppression,immune tolerance; immunodeficiency; immunologic deficiency; immunological deficiency,"immunosuppression (immune tolerance, immunodeficiency, immunologic deficiency, immunological deficiency)",https://lod.nal.usda.gov/nalt/46965,,True,skos:broader; skos:narrower,
insect biology,,insect biology,https://lod.nal.usda.gov/nalt/37357,,False,skos:broader; skos:narrower,
macrophage activation,,macrophage activation,https://lod.nal.usda.gov/nalt/46969,,True,skos:broader; skos:narrower,
macrophages,,macrophages,https://lod.nal.usda.gov/nalt/40760,,False,skos:related,
maternal immunity,maternal antibodies; maternally-acquired immunity,"maternal immunity (maternal antibodies, maternally-acquired immunity)",https://lod.nal.usda.gov/nalt/28032,,True,skos:broader; skos:narrower,
metabolomics,metabolic profiling; metabolome analysis; metabonomic study; metabonomics,"metabolomics (metabolic profiling, metabolome analysis, metabonomic study, metabonomics)",https://lod.nal.usda.gov/nalt/17412,,False,skos:related,
natural killer cells,NK cells,natural killer cells (NK cells),https://lod.nal.usda.gov/nalt/48404,,False,skos:related,
neutrophils,polymorphonuclear leukocytes,neutrophils (polymorphonuclear leukocytes),https://lod.nal.usda.gov/nalt/43664,,False,skos:related,
pathogen-associated molecular patterns,pathogen-associated molecular pattern molecules,pathogen-associated molecular patterns (pathogen-associated molecular pattern molecules),https://lod.nal.usda.gov/nalt/296037,,False,skos:related,
phagocytes,phagocytic cells,phagocytes (phagocytic cells),https://lod.nal.usda.gov/nalt/23479,,False,skos:related,
phagocytosis,phagocytic activity,phagocytosis (phagocytic activity),https://lod.nal.usda.gov/nalt/37025,,True,skos:broader; skos:narrower,
proteomics,nutriproteomics,proteomics (nutriproteomics),https://lod.nal.usda.gov/nalt/17414,,False,skos:related,
serology,,serology,https://lod.nal.usda.gov/nalt/92012,,True,skos:related,
skin prick tests,,skin prick tests,https://lod.nal.usda.gov/nalt/311643,,True,skos:related,
T-lymphocytes,T cells; T lymphocytes; T-cells,"T-lymphocytes (T cells, T lymphocytes, T-cells)",https://lod.nal.usda.gov/nalt/23197,,False,skos:related,
agglutination,,agglutination,https://lod.nal.usda.gov/nalt/5130,,True,skos:broader; skos:narrower,
agglutination tests,,agglutination tests,https://lod.nal.usda.gov/nalt/5133,,True,skos:broader; skos:narrower,
agglutinins,,agglutinins,https://lod.nal.usda.gov/nalt/5137,,True,skos:broader; skos:narrower,
allergenicity,,allergenicity,https://lod.nal.usda.gov/nalt/6553,,False,skos:related,
allergens,,allergens,https://lod.nal.usda.gov/nalt/6554,,True,skos:related,
allergoids,formalinized allergoids; formalized allergoids,"allergoids (formalinized allergoids, formalized allergoids)",https://lod.nal.usda.gov/nalt/335656,,True,skos:related,
animal research,,animal research,https://lod.nal.usda.gov/nalt/199785,,False,skos:broader; skos:narrower,
animal-friendly affinity reagents,,animal-friendly affinity reagents,https://lod.nal.usda.gov/nalt/84266496,,True,skos:broader; skos:narrower,
anti-allergic agents,anti-allergic drugs; antiallergics,"anti-allergic agents (anti-allergic drugs, antiallergics)",https://lod.nal.usda.gov/nalt/307569,,False,skos:related,
antibody binding sites,antibody-binding regions; antibody-combining sites; paratopes,"antibody binding sites (antibody-binding regions, antibody-combining sites, paratopes)",https://lod.nal.usda.gov/nalt/261105,,False,skos:related,
antibody detection,antibody screening; antibody testing,"antibody detection (antibody screening, antibody testing)",https://lod.nal.usda.gov/nalt/10224,,True,skos:broader; skos:narrower,
antibody microarrays,,antibody microarrays,https://lod.nal.usda.gov/nalt/205675,,True,skos:broader; skos:narrower,
antigen detection,antigen testing,antigen detection (antigen testing),https://lod.nal.usda.gov/nalt/10338,,True,skos:related,
antigen presentation,,antigen presentation,https://lod.nal.usda.gov/nalt/10340,,True,skos:broader; skos:narrower,
antigen-antibody complex,antigen antibody complex; immune complex; immune complexes,"antigen-antibody complex (antigen antibody complex, immune complex, immune complexes)",https://lod.nal.usda.gov/nalt/10336,,True,skos:broader; skos:narrower,
antigenic variation,antigenic diversity; antigenic drift; antigenic shift; antigenic switching,"antigenic variation (antigenic diversity, antigenic drift, antigenic shift, antigenic switching)",https://lod.nal.usda.gov/nalt/10350,,True,skos:broader; skos:narrower,
antiserum,antisera; hyperimmune serum; immune sera; immune serum,"antiserum (antisera, hyperimmune serum, immune sera, immune serum)",https://lod.nal.usda.gov/nalt/10225,,True,skos:broader; skos:narrower,
antitoxins,,antitoxins,https://lod.nal.usda.gov/nalt/10294,,True,skos:broader; skos:narrower,
arthropod allergies,,arthropod allergies,https://lod.nal.usda.gov/nalt/12537,,False,skos:broader; skos:narrower,
artificial skin,bioprinted skin; laboratory produced skin; reconstituted skin; skin equivalents; skin substitutes; synthetic skin; tissue-engineered skin,"artificial skin (bioprinted skin, laboratory produced skin, reconstituted skin, skin equivalents, skin substitutes, synthetic skin, tissue-engineered skin)",https://lod.nal.usda.gov/nalt/312748,,False,skos:related,
ascites,pulmonary hypertensive syndrome,ascites (pulmonary hypertensive syndrome),https://lod.nal.usda.gov/nalt/733,,True,skos:broader; skos:narrower,
autophagosomes,,autophagosomes,https://lod.nal.usda.gov/nalt/336342,,False,skos:related,
bacterial antibodies,,bacterial antibodies,https://lod.nal.usda.gov/nalt/217759,,True,skos:broader; skos:narrower,
bacterial antigens,,bacterial antigens,https://lod.nal.usda.gov/nalt/10356,,True,skos:broader; skos:narrower,
biochemical compounds,biological compounds,biochemical compounds (biological compounds),https://lod.nal.usda.gov/nalt/7812,,False,skos:broader; skos:narrower,
biochemistry,,biochemistry,https://lod.nal.usda.gov/nalt/17227,,False,skos:related,
blood group antigens,,blood group antigens,https://lod.nal.usda.gov/nalt/10357,,True,skos:broader; skos:narrower,
blood serum,serum,blood serum (serum),https://lod.nal.usda.gov/nalt/18139,,False,skos:related,
broadly neutralizing antibodies,broad spectrum antibodies; cross-neutralizing antibodies,"broadly neutralizing antibodies (broad spectrum antibodies, cross-neutralizing antibodies)",https://lod.nal.usda.gov/nalt/336296,,True,skos:related,
circulating antigens,,circulating antigens,https://lod.nal.usda.gov/nalt/10358,,True,skos:broader; skos:narrower,
coelomocytes,,coelomocytes,https://lod.nal.usda.gov/nalt/322529,,False,skos:related,
colostral immunity,,colostral immunity,https://lod.nal.usda.gov/nalt/28030,,True,skos:broader; skos:narrower,
complement,,complement,https://lod.nal.usda.gov/nalt/28344,,True,skos:broader; skos:narrower,
complement fixation tests,,complement fixation tests,https://lod.nal.usda.gov/nalt/28345,,True,skos:broader; skos:narrower,
coproantigens,,coproantigens,https://lod.nal.usda.gov/nalt/10359,,True,skos:broader; skos:narrower,
cytokines,,cytokines,https://lod.nal.usda.gov/nalt/28015,,True,skos:broader; skos:narrower,
delayed hypersensitivity,Type IV hypersensitivity; delayed type hypersensitivity,"delayed hypersensitivity (Type IV hypersensitivity, delayed type hypersensitivity)",https://lod.nal.usda.gov/nalt/32067,,False,skos:broader; skos:narrower,
disease resistance,disease tolerance,disease resistance (disease tolerance),https://lod.nal.usda.gov/nalt/151,,False,skos:related,
drug hypersensitivity,,drug hypersensitivity,https://lod.nal.usda.gov/nalt/34644,,False,skos:broader; skos:narrower,
endocytosis,pinocytosis,endocytosis (pinocytosis),https://lod.nal.usda.gov/nalt/23424,,False,skos:broader; skos:narrower,
epitope mapping,,epitope mapping,https://lod.nal.usda.gov/nalt/217757,,True,skos:broader; skos:narrower,
excretory-secretory products,excretory secretory products; excretory-secretory proteins,"excretory-secretory products (excretory secretory products, excretory-secretory proteins)",https://lod.nal.usda.gov/nalt/9369,,False,skos:related,
exoantigens,ectoantigens,exoantigens (ectoantigens),https://lod.nal.usda.gov/nalt/10360,,True,skos:broader; skos:narrower,
fluorescent antibody technique,immunofluorescence; immunofluorescent assays,"fluorescent antibody technique (immunofluorescence, immunofluorescent assays)",https://lod.nal.usda.gov/nalt/40705,,True,skos:broader; skos:narrower,
food allergies,food anaphylaxis; food hypersensitivity,"food allergies (food anaphylaxis, food hypersensitivity)",https://lod.nal.usda.gov/nalt/6560,,False,skos:broader; skos:narrower,
fungal antibodies,,fungal antibodies,https://lod.nal.usda.gov/nalt/217760,,True,skos:broader; skos:narrower,
fungal antigens,,fungal antigens,https://lod.nal.usda.gov/nalt/10361,,True,skos:broader; skos:narrower,
genetic engineering,genetic manipulation; genetic modification,"genetic engineering (genetic manipulation, genetic modification)",https://lod.nal.usda.gov/nalt/17343,,False,skos:broader; skos:narrower,
genetics,,genetics,https://lod.nal.usda.gov/nalt/9222,,False,skos:broader; skos:narrower,
graft compatibility,graft incompatibility; graft rejection (plants); rootstock scion compatibility; rootstock scion incompatibility; rootstock-scion compatibility; rootstock-scion incompatibility,"graft compatibility (graft incompatibility, graft rejection (plants), rootstock scion compatibility, rootstock scion incompatibility, rootstock-scion compatibility, rootstock-scion incompatibility)",https://lod.nal.usda.gov/nalt/28321,,False,skos:related,
guaiac,,guaiac,https://lod.nal.usda.gov/nalt/302394,,False,skos:related,
Guillain-Barre Syndrome,GBS (Guillain-Barre Syndrome); Guillain Barre Syndrome,"Guillain-Barre Syndrome (GBS (Guillain-Barre Syndrome), Guillain Barre Syndrome)",https://lod.nal.usda.gov/nalt/137479,,False,skos:broader; skos:narrower,
haptens,,haptens,https://lod.nal.usda.gov/nalt/37635,,True,skos:broader; skos:narrower,
helminth antibodies,,helminth antibodies,https://lod.nal.usda.gov/nalt/217761,,True,skos:broader; skos:narrower,
helminth antigens,,helminth antigens,https://lod.nal.usda.gov/nalt/228086,,True,skos:broader; skos:narrower,
hemolysins,haemolysins; hemalysins; hemolysin proteins,"hemolysins (haemolysins, hemalysins, hemolysin proteins)",https://lod.nal.usda.gov/nalt/45100,,True,skos:broader; skos:narrower,
hybridomas,,hybridomas,https://lod.nal.usda.gov/nalt/23404,,True,skos:broader; skos:narrower,
hypersensitive response,hypersensitive reaction; hypersensitivity (plants); plant hypersensitivity,"hypersensitive response (hypersensitive reaction, hypersensitivity (plants), plant hypersensitivity)",https://lod.nal.usda.gov/nalt/11247,,False,skos:related,
immediate hypersensitivity,Type I hypersensitivity,immediate hypersensitivity (Type I hypersensitivity),https://lod.nal.usda.gov/nalt/8518,,False,skos:broader; skos:narrower,
immune complex diseases,Type III hypersensitivity,immune complex diseases (Type III hypersensitivity),https://lod.nal.usda.gov/nalt/10345,,False,skos:broader; skos:narrower,
immunoassays,immunologic assay; immunological assay,"immunoassays (immunologic assay, immunological assay)",https://lod.nal.usda.gov/nalt/13162,,True,skos:broader; skos:narrower,
immunoblotting,,immunoblotting,https://lod.nal.usda.gov/nalt/46983,,True,skos:broader; skos:narrower,
immunocytochemistry,,immunocytochemistry,https://lod.nal.usda.gov/nalt/46985,,True,skos:broader; skos:narrower,
immunodiffusion tests,,immunodiffusion tests,https://lod.nal.usda.gov/nalt/46993,,True,skos:broader; skos:narrower,
immunodominant epitopes,immunodominant antigens; immunodominant determinants; immunodominant regions; immunodominant sites,"immunodominant epitopes (immunodominant antigens, immunodominant determinants, immunodominant regions, immunodominant sites)",https://lod.nal.usda.gov/nalt/237362,,True,skos:broader; skos:narrower,
immunoglobulin class switching,class-switch recombination; isotype switching; isotypic commutation,"immunoglobulin class switching (class-switch recombination, isotype switching, isotypic commutation)",https://lod.nal.usda.gov/nalt/313767,,True,skos:broader; skos:narrower,
immunoglobulin genes,immunoglobulin structural genes,immunoglobulin genes (immunoglobulin structural genes),https://lod.nal.usda.gov/nalt/42596,,True,skos:broader; skos:narrower,
immunoglobulins,immune globulins,immunoglobulins (immune globulins),https://lod.nal.usda.gov/nalt/18162,,True,skos:broader; skos:narrower,
immunohistochemistry,,immunohistochemistry,https://lod.nal.usda.gov/nalt/46986,,True,skos:broader; skos:narrower,
immunologic deficiency syndromes,,immunologic deficiency syndromes,https://lod.nal.usda.gov/nalt/39752,,False,skos:related,
immunomagnetic separation,,immunomagnetic separation,https://lod.nal.usda.gov/nalt/47004,,True,skos:broader; skos:narrower,
immunophenotyping,,immunophenotyping,https://lod.nal.usda.gov/nalt/329417,,True,skos:broader; skos:narrower,
immunosensors,,immunosensors,https://lod.nal.usda.gov/nalt/217013,,False,skos:related,
immunostimulants,,immunostimulants,https://lod.nal.usda.gov/nalt/47012,,True,skos:related,
immunotherapy,,immunotherapy,https://lod.nal.usda.gov/nalt/10543,,False,skos:related,
interferons,interferon,interferons (interferon),https://lod.nal.usda.gov/nalt/46998,,True,skos:broader; skos:narrower,
keyhole limpet hemocyanin,keyhole limpet haemocyanin; keyhole-limpet hemacyanin,"keyhole limpet hemocyanin (keyhole limpet haemocyanin, keyhole-limpet hemacyanin)",https://lod.nal.usda.gov/nalt/276316,,True,skos:broader; skos:narrower,
lipopolysaccharides,,lipopolysaccharides,https://lod.nal.usda.gov/nalt/50287,,False,skos:related,
lupus erythematosus,,lupus erythematosus,https://lod.nal.usda.gov/nalt/14011,,False,skos:broader; skos:narrower,
lymphocyte antigens,,lymphocyte antigens,https://lod.nal.usda.gov/nalt/10362,,True,skos:broader; skos:narrower,
lymphocyte proliferation,blast transformation; blastogenesis; lymphoblast transformation; lymphocyte activation; lymphocyte stimulation; lymphocyte transformation,"lymphocyte proliferation (blast transformation, blastogenesis, lymphoblast transformation, lymphocyte activation, lymphocyte stimulation, lymphocyte transformation)",https://lod.nal.usda.gov/nalt/23448,,True,skos:broader; skos:narrower,
major histocompatibility complex,MHC (major histocompatibility complex); histocompatibility complex,"major histocompatibility complex (MHC (major histocompatibility complex), histocompatibility complex)",https://lod.nal.usda.gov/nalt/42599,,True,skos:broader; skos:narrower,
mark release recapture,,mark release recapture,https://lod.nal.usda.gov/nalt/306976,,True,skos:broader; skos:narrower,
methodology,creative methods; methods; new methodology; new methods; new techniques; novel methods; techniques,"methodology (creative methods, methods, new methodology, new methods, new techniques, novel methods, techniques)",https://lod.nal.usda.gov/nalt/5079,,False,skos:broader; skos:narrower,
molecular cloning,DNA cloning; cloning (genes); cloning (molecular); gene cloning; map-based cloning; positional cloning,"molecular cloning (DNA cloning, cloning (genes), cloning (molecular), gene cloning, map-based cloning, positional cloning)",https://lod.nal.usda.gov/nalt/26948,,False,skos:related,
monoclonal antibodies,,monoclonal antibodies,https://lod.nal.usda.gov/nalt/10220,,True,skos:broader; skos:narrower,
myasthenia gravis,,myasthenia gravis,https://lod.nal.usda.gov/nalt/301163,,False,skos:broader; skos:narrower,
neoplasm antigens,,neoplasm antigens,https://lod.nal.usda.gov/nalt/10363,,True,skos:broader; skos:narrower,
neutralization tests,neutralisation assays; neutralisation tests; neutralization assays; virus neutralisation; virus neutralisation tests; virus neutralization; virus neutralization tests,"neutralization tests (neutralisation assays, neutralisation tests, neutralization assays, virus neutralisation, virus neutralisation tests, virus neutralization, virus neutralization tests)",https://lod.nal.usda.gov/nalt/47005,,True,skos:broader; skos:narrower,
neutralizing antibodies,neutralising antibodies,neutralizing antibodies (neutralising antibodies),https://lod.nal.usda.gov/nalt/206471,,True,skos:broader; skos:narrower,
nuclear antigens,,nuclear antigens,https://lod.nal.usda.gov/nalt/10364,,True,skos:broader; skos:narrower,
opsonins,,opsonins,https://lod.nal.usda.gov/nalt/10221,,True,skos:broader; skos:narrower,
pemphigus (skin disease),,pemphigus (skin disease),https://lod.nal.usda.gov/nalt/14012,,False,skos:broader; skos:narrower,
peptidoglycans,murein,peptidoglycans (murein),https://lod.nal.usda.gov/nalt/206107,,False,skos:related,
plantibodies,plant-derived antibodies; recombinant plant antibodies,"plantibodies (plant-derived antibodies, recombinant plant antibodies)",https://lod.nal.usda.gov/nalt/217764,,True,skos:broader; skos:narrower,
polyclonal antibodies,,polyclonal antibodies,https://lod.nal.usda.gov/nalt/10222,,True,skos:broader; skos:narrower,
precipitin tests,immunoprecipitation tests,precipitin tests (immunoprecipitation tests),https://lod.nal.usda.gov/nalt/47006,,True,skos:broader; skos:narrower,
protein engineering,genetic engineering of proteins; protein genetic engineering,"protein engineering (genetic engineering of proteins, protein genetic engineering)",https://lod.nal.usda.gov/nalt/7779,,False,skos:related,
protozoan antibodies,,protozoan antibodies,https://lod.nal.usda.gov/nalt/217762,,True,skos:broader; skos:narrower,
protozoan antigens,,protozoan antigens,https://lod.nal.usda.gov/nalt/228083,,True,skos:broader; skos:narrower,
receptors,,receptors,https://lod.nal.usda.gov/nalt/4370,,False,skos:related,
recombinant antibodies,,recombinant antibodies,https://lod.nal.usda.gov/nalt/10223,,True,skos:broader; skos:narrower,
recombinant antigens,,recombinant antigens,https://lod.nal.usda.gov/nalt/10365,,True,skos:broader; skos:narrower,
recombinant DNA,,recombinant DNA,https://lod.nal.usda.gov/nalt/26952,,False,skos:related,
resistance mechanisms,,resistance mechanisms,https://lod.nal.usda.gov/nalt/10180,,False,skos:broader; skos:narrower,
rheumatoid arthritis,rheumatism,rheumatoid arthritis (rheumatism),https://lod.nal.usda.gov/nalt/12460,,False,skos:broader; skos:narrower,
ring tests,,ring tests,https://lod.nal.usda.gov/nalt/47007,,True,skos:broader; skos:narrower,
serodiagnosis,immunodiagnosis; serological diagnosis,"serodiagnosis (immunodiagnosis, serological diagnosis)",https://lod.nal.usda.gov/nalt/34032,,False,skos:related,
serological surveys,serepidemiologic surveys; sero-epidemiology; seroepidemiologic studies; seroepidemiological studies; seroepidemiological surveys; seroepidemiology; serologic studies; serologic surveys; serological studies,"serological surveys (serepidemiologic surveys, sero-epidemiology, seroepidemiologic studies, seroepidemiological studies, seroepidemiological surveys, seroepidemiology, serologic studies, serologic surveys, serological studies)",https://lod.nal.usda.gov/nalt/142425,,False,skos:related,
seroprevalence,antibody prevalence; seronegativity; seropositivity,"seroprevalence (antibody prevalence, seronegativity, seropositivity)",https://lod.nal.usda.gov/nalt/10226,,False,skos:related,
serotypes,serogroups; serovars,"serotypes (serogroups, serovars)",https://lod.nal.usda.gov/nalt/10353,,False,skos:related,
skin tests,corrositex; dermal irritancy tests; skin irritancy tests,"skin tests (corrositex, dermal irritancy tests, skin irritancy tests)",https://lod.nal.usda.gov/nalt/32456,,True,skos:broader; skos:narrower,
somatic antigens,,somatic antigens,https://lod.nal.usda.gov/nalt/10366,,True,skos:broader; skos:narrower,
superantigens,,superantigens,https://lod.nal.usda.gov/nalt/10367,,True,skos:broader; skos:narrower,
surface antigens,cell surface antigens,surface antigens (cell surface antigens),https://lod.nal.usda.gov/nalt/10368,,True,skos:broader; skos:narrower,
surgical transplantation,surgical transplant; transplant surgery,"surgical transplantation (surgical transplant, transplant surgery)",https://lod.nal.usda.gov/nalt/6683,,False,skos:related,
vaccination,inoculation (vaccination),vaccination (inoculation (vaccination)),https://lod.nal.usda.gov/nalt/9239,,False,skos:related,
vaccines,,vaccines,https://lod.nal.usda.gov/nalt/16112,,False,skos:related,
viral antibodies,,viral antibodies,https://lod.nal.usda.gov/nalt/217763,,True,skos:broader; skos:narrower,
viral antigens,,viral antigens,https://lod.nal.usda.gov/nalt/10369,,True,skos:broader; skos:narrower,
adipokines,adipocytokines; adipokine,"adipokines (adipocytokines, adipokine)",https://lod.nal.usda.gov/nalt/132364,,False,skos:related,
anaphylaxis,anaphylactic reactions; anaphylactic shock,"anaphylaxis (anaphylactic reactions, anaphylactic shock)",https://lod.nal.usda.gov/nalt/8516,,False,skos:broader; skos:narrower,
anthrax toxin,Bacillus anthracis calmodulin-dependent adenylate cyclase; Bacillus anthracis endema factor; Bacillus anthracis endema toxin; anthrax edema factor; anthrax lethal factor; anthrax protective antigen,"anthrax toxin (Bacillus anthracis calmodulin-dependent adenylate cyclase, Bacillus anthracis endema factor, Bacillus anthracis endema toxin, anthrax edema factor, anthrax lethal factor, anthrax protective antigen)",https://lod.nal.usda.gov/nalt/237276,,True,skos:broader; skos:narrower,
antidotes,,antidotes,https://lod.nal.usda.gov/nalt/10293,,False,skos:broader; skos:narrower,
antigen-presenting cells,antigen presenting cells,antigen-presenting cells (antigen presenting cells),https://lod.nal.usda.gov/nalt/10342,,False,skos:related,
apoptosis,type 1 programmed cell death,apoptosis (type 1 programmed cell death),https://lod.nal.usda.gov/nalt/11242,,False,skos:related,
arrestins,,arrestins,https://lod.nal.usda.gov/nalt/12336,,False,skos:related,
arthritis,polyarthritis,arthritis (polyarthritis),https://lod.nal.usda.gov/nalt/12458,,False,skos:broader; skos:narrower,
assays,,assays,https://lod.nal.usda.gov/nalt/13160,,False,skos:broader; skos:narrower,
atopy,,atopy,https://lod.nal.usda.gov/nalt/13670,,False,skos:broader; skos:narrower,
bacteriology,,bacteriology,https://lod.nal.usda.gov/nalt/15096,,False,skos:related,
binding sites,,binding sites,https://lod.nal.usda.gov/nalt/17202,,False,skos:broader; skos:narrower,
bioactive properties,biologic activity; biological activity,"bioactive properties (biologic activity, biological activity)",https://lod.nal.usda.gov/nalt/10240,,False,skos:broader; skos:narrower,
biochemical mechanisms,,biochemical mechanisms,https://lod.nal.usda.gov/nalt/17274,,False,skos:broader; skos:narrower,
biocompatibility,,biocompatibility,https://lod.nal.usda.gov/nalt/68518,,False,skos:related,
biosensors,biosensing techniques,biosensors (biosensing techniques),https://lod.nal.usda.gov/nalt/17520,,False,skos:broader; skos:narrower,
blood proteins,blood total proteins; plasma proteins; serum proteins; serum total proteins,"blood proteins (blood total proteins, plasma proteins, serum proteins, serum total proteins)",https://lod.nal.usda.gov/nalt/3963,,False,skos:broader; skos:narrower,
cancer vaccines,neoplasm vaccines; tumor vaccines; tumour vaccines,"cancer vaccines (neoplasm vaccines, tumor vaccines, tumour vaccines)",https://lod.nal.usda.gov/nalt/316946,,False,skos:related,
cardiolipins,diphosphatidylglycerols,cardiolipins (diphosphatidylglycerols),https://lod.nal.usda.gov/nalt/153521,,True,skos:broader; skos:narrower,
chemiluminescence immunoassays,,chemiluminescence immunoassays,https://lod.nal.usda.gov/nalt/24711,,True,skos:broader; skos:narrower,
chemokines,chemotactic cytokines; intercrines,"chemokines (chemotactic cytokines, intercrines)",https://lod.nal.usda.gov/nalt/123140,,True,skos:broader; skos:narrower,
Chinese restaurant syndrome,Kwok's syndrome; MSG (monosodium glutamate) symptom complex; MSG syndrome complex; hot dog headache; hot-dog headache; monosodium glutamate restaurant syndrome; monosodium glutamate symptom complex,"Chinese restaurant syndrome (Kwok's syndrome, MSG (monosodium glutamate) symptom complex, MSG syndrome complex, hot dog headache, hot-dog headache, monosodium glutamate restaurant syndrome, monosodium glutamate symptom complex)",https://lod.nal.usda.gov/nalt/75722,,False,skos:broader; skos:narrower,
chromatin immunoprecipitation,chromatin immunoprecipitation sequencing,chromatin immunoprecipitation (chromatin immunoprecipitation sequencing),https://lod.nal.usda.gov/nalt/336371,,True,skos:broader; skos:narrower,
colony-stimulating factors,colony stimulating factor; colony-stimulating factor,"colony-stimulating factors (colony stimulating factor, colony-stimulating factor)",https://lod.nal.usda.gov/nalt/28005,,True,skos:broader; skos:narrower,
colostrum,,colostrum,https://lod.nal.usda.gov/nalt/18315,,False,skos:related,
diet-related diseases,diet related diseases; diet-disease associations; diet-related non-communicable diseases; food-related diseases; food-related disorders; nutrition disorders; nutrition-related disorders; nutritional diseases; nutritional disorders,"diet-related diseases (diet related diseases, diet-disease associations, diet-related non-communicable diseases, food-related diseases, food-related disorders, nutrition disorders, nutrition-related disorders, nutritional diseases, nutritional disorders)",https://lod.nal.usda.gov/nalt/9330,,False,skos:broader; skos:narrower,
differentiation antigens,,differentiation antigens,https://lod.nal.usda.gov/nalt/199658,,True,skos:broader; skos:narrower,
disease diagnosis,diagnostic value,disease diagnosis (diagnostic value),https://lod.nal.usda.gov/nalt/32788,,False,skos:broader; skos:narrower,
disease prevalence,,disease prevalence,https://lod.nal.usda.gov/nalt/34041,,False,skos:related,
disease surveillance,disease monitoring,disease surveillance (disease monitoring),https://lod.nal.usda.gov/nalt/17543,,False,skos:related,
DNA microarrays,DNA chips; DNA microarray technology; cDNA arrays; cDNA microarrays; gene chips; oligonucleotide arrays; oligonucleotide microarrays,"DNA microarrays (DNA chips, DNA microarray technology, cDNA arrays, cDNA microarrays, gene chips, oligonucleotide arrays, oligonucleotide microarrays)",https://lod.nal.usda.gov/nalt/229478,,False,skos:related,
elicitors,,elicitors,https://lod.nal.usda.gov/nalt/210530,,False,skos:related,
enzyme immunoassays,,enzyme immunoassays,https://lod.nal.usda.gov/nalt/37485,,True,skos:broader; skos:narrower,
epidemiological studies,epidemiologic studies; epidemiologic survey; epidemiological surveys,"epidemiological studies (epidemiologic studies, epidemiologic survey, epidemiological surveys)",https://lod.nal.usda.gov/nalt/37565,,False,skos:broader; skos:narrower,
epidemiology,epizootiology,epidemiology (epizootiology),https://lod.nal.usda.gov/nalt/149,,False,skos:broader; skos:narrower,
feline acquired immunodeficiency syndrome,FAIDS (cat disease); feline AIDS; feline acquired immune deficiency syndrome,"feline acquired immunodeficiency syndrome (FAIDS (cat disease), feline AIDS, feline acquired immune deficiency syndrome)",https://lod.nal.usda.gov/nalt/5798,,False,skos:broader; skos:narrower,
fish allergies,fish hypersensitivity,fish allergies (fish hypersensitivity),https://lod.nal.usda.gov/nalt/296877,,False,skos:related,
flow cytometry,fluorescence-activated cell sorting; micro-flow cytometer; microflow cytometry,"flow cytometry (fluorescence-activated cell sorting, micro-flow cytometer, microflow cytometry)",https://lod.nal.usda.gov/nalt/8484,,False,skos:related,
fluorescent labeling,immunofluorescent labeling,fluorescent labeling (immunofluorescent labeling),https://lod.nal.usda.gov/nalt/40707,,False,skos:related,
food allergens,food-allergens,food allergens (food-allergens),https://lod.nal.usda.gov/nalt/217947,,True,skos:related,
food intolerance,,food intolerance,https://lod.nal.usda.gov/nalt/33400,,False,skos:related,
food labeling,food labelling; food labels; seafood labeling; seafood labelling; seafood labels,"food labeling (food labelling, food labels, seafood labeling, seafood labelling, seafood labels)",https://lod.nal.usda.gov/nalt/40934,,False,skos:related,
food safety,food control; food protection; food safety control,"food safety (food control, food protection, food safety control)",https://lod.nal.usda.gov/nalt/10482,,False,skos:related,
food-drug interactions,drug and food interactions; drug-food interactions; food and drug interactions,"food-drug interactions (drug and food interactions, drug-food interactions, food and drug interactions)",https://lod.nal.usda.gov/nalt/331553,,False,skos:related,
gamma-globulins,,gamma-globulins,https://lod.nal.usda.gov/nalt/18159,,True,skos:broader; skos:narrower,
gene-for-gene relationship,,gene-for-gene relationship,https://lod.nal.usda.gov/nalt/34051,,False,skos:related,
genes,cistron,genes (cistron),https://lod.nal.usda.gov/nalt/6539,,False,skos:broader; skos:narrower,
genetic variation,genetic differentiation; genetic divergence; genetic diversity; genetic variability; genotypic diversity,"genetic variation (genetic differentiation, genetic divergence, genetic diversity, genetic variability, genotypic diversity)",https://lod.nal.usda.gov/nalt/10351,,False,skos:broader; skos:narrower,
globulins,,globulins,https://lod.nal.usda.gov/nalt/42271,,False,skos:broader; skos:narrower,
hemagglutination,haemagglutination,hemagglutination (haemagglutination),https://lod.nal.usda.gov/nalt/5132,,True,skos:broader; skos:narrower,
hemagglutination tests,haemagglutination tests,hemagglutination tests (haemagglutination tests),https://lod.nal.usda.gov/nalt/5135,,True,skos:broader; skos:narrower,
hemagglutinins,haemagglutinins,hemagglutinins (haemagglutinins),https://lod.nal.usda.gov/nalt/5139,,True,skos:broader; skos:narrower,
hepatitis A antigens,hepatitis A virus antigens,hepatitis A antigens (hepatitis A virus antigens),https://lod.nal.usda.gov/nalt/216653,,True,skos:broader; skos:narrower,
hepatitis B antigens,Australia antigens; hepatitis B core antigens; hepatitis B e antigens; hepatitis B surface antigens; hepatitis Be antigens,"hepatitis B antigens (Australia antigens, hepatitis B core antigens, hepatitis B e antigens, hepatitis B surface antigens, hepatitis Be antigens)",https://lod.nal.usda.gov/nalt/216654,,True,skos:broader; skos:narrower,
hepatitis C antigens,,hepatitis C antigens,https://lod.nal.usda.gov/nalt/216655,,True,skos:broader; skos:narrower,
histochemistry,histoenzymology,histochemistry (histoenzymology),https://lod.nal.usda.gov/nalt/45640,,False,skos:broader; skos:narrower,
histocompatibility antigens,,histocompatibility antigens,https://lod.nal.usda.gov/nalt/44179,,True,skos:broader; skos:narrower,
HIV infections,human immunodeficiency virus infections,HIV infections (human immunodeficiency virus infections),https://lod.nal.usda.gov/nalt/2998,,False,skos:broader; skos:narrower,
immunoglobulin A,IgA (immunoglobulin A),immunoglobulin A (IgA (immunoglobulin A)),https://lod.nal.usda.gov/nalt/46873,,True,skos:broader; skos:narrower,
immunoglobulin E,IgE (immunoglobulin E),immunoglobulin E (IgE (immunoglobulin E)),https://lod.nal.usda.gov/nalt/46875,,True,skos:broader; skos:narrower,
immunoglobulin G,IgG (immunogloblin G),immunoglobulin G (IgG (immunogloblin G)),https://lod.nal.usda.gov/nalt/46883,,True,skos:broader; skos:narrower,
immunoglobulin heavy chains,,immunoglobulin heavy chains,https://lod.nal.usda.gov/nalt/189203,,True,skos:broader; skos:narrower,
immunoglobulin light chains,,immunoglobulin light chains,https://lod.nal.usda.gov/nalt/189198,,True,skos:broader; skos:narrower,
immunoglobulin M,IgM (immunoglobulin M),immunoglobulin M (IgM (immunoglobulin M)),https://lod.nal.usda.gov/nalt/46885,,True,skos:broader; skos:narrower,
immunoglobulin Y,IgY (immunoglobulin Y),immunoglobulin Y (IgY (immunoglobulin Y)),https://lod.nal.usda.gov/nalt/144668,,True,skos:broader; skos:narrower,
insect allergies,,insect allergies,https://lod.nal.usda.gov/nalt/340754,,False,skos:broader; skos:narrower,
interferon regulatory factor-8,ICS binding protein; interferon consensus sequence binding protein; interferon consensus sequence binding protein-1; interferon regulatory factor 8,"interferon regulatory factor-8 (ICS binding protein, interferon consensus sequence binding protein, interferon consensus sequence binding protein-1, interferon regulatory factor 8)",https://lod.nal.usda.gov/nalt/237160,,False,skos:related,
interferon regulatory factors,,interferon regulatory factors,https://lod.nal.usda.gov/nalt/215223,,False,skos:related,
interferon-alpha,alpha interferon; alpha-interferon; interferon alpha-A,"interferon-alpha (alpha interferon, alpha-interferon, interferon alpha-A)",https://lod.nal.usda.gov/nalt/143748,,True,skos:broader; skos:narrower,
interferon-beta,,interferon-beta,https://lod.nal.usda.gov/nalt/207872,,True,skos:broader; skos:narrower,
interferon-gamma,gamma-interferon; interferon type II; type II interferon,"interferon-gamma (gamma-interferon, interferon type II, type II interferon)",https://lod.nal.usda.gov/nalt/143747,,True,skos:broader; skos:narrower,
interleukins,interleukin,interleukins (interleukin),https://lod.nal.usda.gov/nalt/43993,,True,skos:broader; skos:narrower,
latex agglutination test,latex fixation tests,latex agglutination test (latex fixation tests),https://lod.nal.usda.gov/nalt/5136,,True,skos:broader; skos:narrower,
lectins,,lectins,https://lod.nal.usda.gov/nalt/5140,,False,skos:related,
leukemia inhibitory factor,,leukemia inhibitory factor,https://lod.nal.usda.gov/nalt/231910,,True,skos:broader; skos:narrower,
lipid transfer proteins,glycolipid exchange proteins; glycolipid transfer proteins; lipid exchange proteins; phospholipid transfer proteins,"lipid transfer proteins (glycolipid exchange proteins, glycolipid transfer proteins, lipid exchange proteins, phospholipid transfer proteins)",https://lod.nal.usda.gov/nalt/281496,,False,skos:related,
lymphocytes,immunocompetent cells; lymphoid cells,"lymphocytes (immunocompetent cells, lymphoid cells)",https://lod.nal.usda.gov/nalt/14420,,False,skos:related,
lymphokines,,lymphokines,https://lod.nal.usda.gov/nalt/31444,,True,skos:broader; skos:narrower,
magnetic separation,,magnetic separation,https://lod.nal.usda.gov/nalt/47011,,False,skos:broader; skos:narrower,
melanoma-specific antigens,melanoma antigens,melanoma-specific antigens (melanoma antigens),https://lod.nal.usda.gov/nalt/293039,,True,skos:broader; skos:narrower,
membrane glycoproteins,,membrane glycoproteins,https://lod.nal.usda.gov/nalt/1601,,False,skos:related,
milk allergy,milk protein intolerance,milk allergy (milk protein intolerance),https://lod.nal.usda.gov/nalt/40837,,False,skos:broader; skos:narrower,
milk ring tests,,milk ring tests,https://lod.nal.usda.gov/nalt/67797,,True,skos:broader; skos:narrower,
mite allergies,,mite allergies,https://lod.nal.usda.gov/nalt/340753,,False,skos:broader; skos:narrower,
nanoparticles,Janus nanoparticles; Janus particles; nano-scale particles; nano-sized particles; nanoscale particles,"nanoparticles (Janus nanoparticles, Janus particles, nano-scale particles, nano-sized particles, nanoscale particles)",https://lod.nal.usda.gov/nalt/137895,,False,skos:related,
nanotechnology,nanoengineering; nanofabrication technique; nanoscale engineering; nanoscale science; nanoscale technology; nanoscience,"nanotechnology (nanoengineering, nanofabrication technique, nanoscale engineering, nanoscale science, nanoscale technology, nanoscience)",https://lod.nal.usda.gov/nalt/54320,,False,skos:related,
necrosis,necroses,necrosis (necroses),https://lod.nal.usda.gov/nalt/761,,False,skos:related,
neoplasms,cancer (disease); cancers; neoplasia; tumors; tumours,"neoplasms (cancer (disease), cancers, neoplasia, tumors, tumours)",https://lod.nal.usda.gov/nalt/702,,False,skos:related,
neuromuscular disorders,neuromuscular diseases,neuromuscular disorders (neuromuscular diseases),https://lod.nal.usda.gov/nalt/205276,,False,skos:broader; skos:narrower,
nuclear proteins,,nuclear proteins,https://lod.nal.usda.gov/nalt/196599,,False,skos:broader; skos:narrower,
pathogenesis-related proteins,defense-related proteins,pathogenesis-related proteins (defense-related proteins),https://lod.nal.usda.gov/nalt/46600,,False,skos:related,
peptides,,peptides,https://lod.nal.usda.gov/nalt/7813,,False,skos:broader; skos:narrower,
peripheral nervous system diseases,neuropathy; peripheral nerve diseases; peripheral nerve disorders; peripheral nervous system disorders; peripheral neuropathy,"peripheral nervous system diseases (neuropathy, peripheral nerve diseases, peripheral nerve disorders, peripheral nervous system disorders, peripheral neuropathy)",https://lod.nal.usda.gov/nalt/32979,,False,skos:broader; skos:narrower,
pharyngitis,sore throat,pharyngitis (sore throat),https://lod.nal.usda.gov/nalt/229296,,False,skos:related,
pollen proteins,pollen grain proteins; pollen-coat proteins; pollen-wall proteins,"pollen proteins (pollen grain proteins, pollen-coat proteins, pollen-wall proteins)",https://lod.nal.usda.gov/nalt/278567,,False,skos:related,
prevalence,point prevalence; prevalence ratio,"prevalence (point prevalence, prevalence ratio)",https://lod.nal.usda.gov/nalt/34043,,False,skos:related,
profilins,profilin 1; profilin 2; profilin 3; profilin 4,"profilins (profilin 1, profilin 2, profilin 3, profilin 4)",https://lod.nal.usda.gov/nalt/286136,,False,skos:related,
proliferating cell nuclear antigen,PCNA (proliferating cell nuclear antigen),proliferating cell nuclear antigen (PCNA (proliferating cell nuclear antigen)),https://lod.nal.usda.gov/nalt/23384,,True,skos:broader; skos:narrower,
prostate-specific antigen,EC 3.4.21.77; semenogelase,"prostate-specific antigen (EC 3.4.21.77, semenogelase)",https://lod.nal.usda.gov/nalt/148923,,False,skos:related,
protein microarrays,protein array analysis; protein array assay; protein arrays; protein biochips; protein chips; protein microarray analysis; protein microchips; protein profiling arrays; protein profiling chips,"protein microarrays (protein array analysis, protein array assay, protein arrays, protein biochips, protein chips, protein microarray analysis, protein microchips, protein profiling arrays, protein profiling chips)",https://lod.nal.usda.gov/nalt/323575,,False,skos:broader; skos:narrower,
proteins,,proteins,https://lod.nal.usda.gov/nalt/876,,False,skos:broader; skos:narrower,
radioimmunoassays,,radioimmunoassays,https://lod.nal.usda.gov/nalt/46982,,True,skos:broader; skos:narrower,
respiratory hypersensitivity,airway hyper-responsiveness,respiratory hypersensitivity (airway hyper-responsiveness),https://lod.nal.usda.gov/nalt/334001,,False,skos:broader; skos:narrower,
rose bengal,,rose bengal,https://lod.nal.usda.gov/nalt/273857,,False,skos:related,
seafood allergies,seafood hypersensitivity,seafood allergies (seafood hypersensitivity),https://lod.nal.usda.gov/nalt/296864,,False,skos:broader; skos:narrower,
severe combined immunodeficiency,SCID (severe combined immunodeficiency),severe combined immunodeficiency (SCID (severe combined immunodeficiency)),https://lod.nal.usda.gov/nalt/46991,,False,skos:broader; skos:narrower,
skeletal muscle,,skeletal muscle,https://lod.nal.usda.gov/nalt/35050,,False,skos:related,
skin diseases,dermatoses; dermatosis; skin disorders,"skin diseases (dermatoses, dermatosis, skin disorders)",https://lod.nal.usda.gov/nalt/348,,False,skos:broader; skos:narrower,
strains,,strains,https://lod.nal.usda.gov/nalt/39571,,False,skos:broader; skos:narrower,
subgenotype,,subgenotype,https://lod.nal.usda.gov/nalt/295854,,False,skos:related,
sweet itch,Culicoides hypersensitivity,sweet itch (Culicoides hypersensitivity),https://lod.nal.usda.gov/nalt/30641,,False,skos:broader; skos:narrower,
synapse,synapses (nervous system),synapse (synapses (nervous system)),https://lod.nal.usda.gov/nalt/54683,,False,skos:related,
synaptic transmission,neural transmission; neurotransmission,"synaptic transmission (neural transmission, neurotransmission)",https://lod.nal.usda.gov/nalt/54717,,False,skos:related,
systemic acquired resistance,,systemic acquired resistance,https://lod.nal.usda.gov/nalt/46601,,False,skos:related,
toxicity,,toxicity,https://lod.nal.usda.gov/nalt/3967,,False,skos:related,
toxins,biotoxins,toxins (biotoxins),https://lod.nal.usda.gov/nalt/10551,,False,skos:related,
tuberculin,,tuberculin,https://lod.nal.usda.gov/nalt/15118,,True,skos:broader; skos:narrower,
tumor necrosis factors,TNF (tumor necrosis factors); cachectin; tumour necrosis factors,"tumor necrosis factors (TNF (tumor necrosis factors), cachectin, tumour necrosis factors)",https://lod.nal.usda.gov/nalt/20756,,True,skos:broader; skos:narrower,
urticaria,hives (skin disease),urticaria (hives (skin disease)),https://lod.nal.usda.gov/nalt/45657,,False,skos:broader; skos:narrower,
US Food Allergen Labeling and Consumer Protection Act,FALCPA (Food Allergen Labeling and Consumer Protection Act); Food Allergen Labeling and Consumer Protection Act; Food Allergen Labeling and Consumer Protection Act of 2004; Food Allergy Labeling and Consumer Protection Act,"US Food Allergen Labeling and Consumer Protection Act (FALCPA (Food Allergen Labeling and Consumer Protection Act), Food Allergen Labeling and Consumer Protection Act, Food Allergen Labeling and Consumer Protection Act of 2004, Food Allergy Labeling and Consumer Protection Act)",https://lod.nal.usda.gov/nalt/331936,,False,skos:related,
vascular cell adhesion molecules,CD106 antigens; vascular cell adhesion molecule-1,"vascular cell adhesion molecules (CD106 antigens, vascular cell adhesion molecule-1)",https://lod.nal.usda.gov/nalt/312885,,False,skos:related,
viruses,,viruses,https://lod.nal.usda.gov/nalt/1138,,False,skos:related,
Western blotting,Western blot,Western blotting (Western blot),https://lod.nal.usda.gov/nalt/18198,,True,skos:broader; skos:narrower,
wheat allergy,wheat hypersensitivity; wheat intolerance; wheat sensitivity,"wheat allergy (wheat hypersensitivity, wheat intolerance, wheat sensitivity)",https://lod.nal.usda.gov/nalt/96221,,False,skos:broader; skos:narrower,
acquired immunodeficiency syndrome,AIDS (disease); acquired immune deficiency syndrome,"acquired immunodeficiency syndrome (AIDS (disease), acquired immune deficiency syndrome)",https://lod.nal.usda.gov/nalt/2994,,False,skos:broader; skos:narrower,
allergic rhinitis,,allergic rhinitis,https://lod.nal.usda.gov/nalt/333999,,False,skos:broader; skos:narrower,
alpha chemokines,4q chemokines; C-X-C chemokines; CXC chemokines,"alpha chemokines (4q chemokines, C-X-C chemokines, CXC chemokines)",https://lod.nal.usda.gov/nalt/236812,,True,skos:broader; skos:narrower,
anti-HIV drug therapy,,anti-HIV drug therapy,https://lod.nal.usda.gov/nalt/303451,,False,skos:related,
anti-HIV therapy,,anti-HIV therapy,https://lod.nal.usda.gov/nalt/303454,,False,skos:related,
antifungal properties,anti-yeast activity; antimycotic properties; fungicidal properties; fungistatic activity,"antifungal properties (anti-yeast activity, antimycotic properties, fungicidal properties, fungistatic activity)",https://lod.nal.usda.gov/nalt/10331,,False,skos:related,
antinutritional factors,antinutritive factors,antinutritional factors (antinutritive factors),https://lod.nal.usda.gov/nalt/10475,,False,skos:related,
apoplastic fluids,apoplast fluids,apoplastic fluids (apoplast fluids),https://lod.nal.usda.gov/nalt/296072,,False,skos:related,
asthma,,asthma,https://lod.nal.usda.gov/nalt/13478,,False,skos:broader; skos:narrower,
atopic dermatitis,atopic eczema,atopic dermatitis (atopic eczema),https://lod.nal.usda.gov/nalt/13668,,False,skos:broader; skos:narrower,
beta chemokines,C-C Chemokines; CC Chemokines,"beta chemokines (C-C Chemokines, CC Chemokines)",https://lod.nal.usda.gov/nalt/236670,,True,skos:broader; skos:narrower,
cat diseases,feline diseases,cat diseases (feline diseases),https://lod.nal.usda.gov/nalt/9124,,False,skos:broader; skos:narrower,
CD antigens,cluster of differentiation antigens; leukocyte differentiation antigens,"CD antigens (cluster of differentiation antigens, leukocyte differentiation antigens)",https://lod.nal.usda.gov/nalt/199659,,True,skos:broader; skos:narrower,
CD146 antigen,gicerin; melanoma cell adhesion molecule,"CD146 antigen (gicerin, melanoma cell adhesion molecule)",https://lod.nal.usda.gov/nalt/293046,,True,skos:broader; skos:narrower,
celiac disease,celiac sprue; coeliac disease; coeliac sprue; gluten enteropathy; gluten intolerance; gluten-sensitive enteropathy,"celiac disease (celiac sprue, coeliac disease, coeliac sprue, gluten enteropathy, gluten intolerance, gluten-sensitive enteropathy)",https://lod.nal.usda.gov/nalt/23345,,False,skos:related,
chemotaxis,,chemotaxis,https://lod.nal.usda.gov/nalt/24725,,False,skos:related,
chitinase,EC 3.2.1.14,chitinase (EC 3.2.1.14),https://lod.nal.usda.gov/nalt/25210,,False,skos:broader; skos:narrower,
Culicoides,,Culicoides,https://lod.nal.usda.gov/nalt/23934,,False,skos:related,
delta chemokines,CX3C chemokines; chemokine CX3C,"delta chemokines (CX3C chemokines, chemokine CX3C)",https://lod.nal.usda.gov/nalt/236975,,True,skos:broader; skos:narrower,
"endo-1,3(4)-beta-glucanase","EC 3.2.1.6; beta-(1-3,1-4)glucanase; beta-1,3-1,4-glucanase; endo-1, 3(4)-beta-glucanase; endo-1,3(4)-β-glucanase; endo-1,3-1,4-beta-glucanase","endo-1,3(4)-beta-glucanase (EC 3.2.1.6, beta-(1-3,1-4)glucanase, beta-1,3-1,4-glucanase, endo-1, 3(4)-beta-glucanase, endo-1,3(4)-β-glucanase, endo-1,3-1,4-beta-glucanase)",https://lod.nal.usda.gov/nalt/16827,,False,skos:broader; skos:narrower,
enzyme-linked immunosorbent assay,ELISA (enzyme-linked immunosorbent assay); double-antibody sandwich enzyme-linked immunosorbent assay; triple-antibody sandwich enzyme-linked immunosorbent assay,"enzyme-linked immunosorbent assay (ELISA (enzyme-linked immunosorbent assay), double-antibody sandwich enzyme-linked immunosorbent assay, triple-antibody sandwich enzyme-linked immunosorbent assay)",https://lod.nal.usda.gov/nalt/36291,,True,skos:broader; skos:narrower,
erythropoietin,,erythropoietin,https://lod.nal.usda.gov/nalt/28017,,True,skos:broader; skos:narrower,
Feline immunodeficiency virus,FIV (Feline immunodeficiency virus); Feline immunodeficiency virus 1,"Feline immunodeficiency virus (FIV (Feline immunodeficiency virus), Feline immunodeficiency virus 1)",https://lod.nal.usda.gov/nalt/39753,,False,skos:related,
Feline leukemia virus,FeLV (Feline leukemia virus); Feline leukaemia virus,"Feline leukemia virus (FeLV (Feline leukemia virus), Feline leukaemia virus)",https://lod.nal.usda.gov/nalt/39754,,False,skos:related,
fish,bony fishes; finfish; finfishes; fishes; ichthyofauna; pisces,"fish (bony fishes, finfish, finfishes, fishes, ichthyofauna, pisces)",https://lod.nal.usda.gov/nalt/845,,False,skos:related,
fish diseases,,fish diseases,https://lod.nal.usda.gov/nalt/9127,,False,skos:related,
flea allergy dermatitis,flea allergies,flea allergy dermatitis (flea allergies),https://lod.nal.usda.gov/nalt/12538,,False,skos:broader; skos:narrower,
food science,,food science,https://lod.nal.usda.gov/nalt/40829,,False,skos:broader; skos:narrower,
food toxins,,food toxins,https://lod.nal.usda.gov/nalt/332261,,False,skos:related,
frozen seafoods,,frozen seafoods,https://lod.nal.usda.gov/nalt/325506,,False,skos:related,
gamma chemokines,c-chemokines,gamma chemokines (c-chemokines),https://lod.nal.usda.gov/nalt/228897,,True,skos:broader; skos:narrower,
genetic resistance,genetic control (diseases); genetic control (pests),"genetic resistance (genetic control (diseases), genetic control (pests))",https://lod.nal.usda.gov/nalt/17455,,False,skos:related,
gluten,,gluten,https://lod.nal.usda.gov/nalt/24047,,False,skos:related,
glycoproteins,,glycoproteins,https://lod.nal.usda.gov/nalt/12715,,False,skos:related,
granulocyte colony-stimulating factor,,granulocyte colony-stimulating factor,https://lod.nal.usda.gov/nalt/28012,,True,skos:broader; skos:narrower,
granulocyte-macrophage colony-stimulating factor,colony stimulating factor 2,granulocyte-macrophage colony-stimulating factor (colony stimulating factor 2),https://lod.nal.usda.gov/nalt/28009,,True,skos:broader; skos:narrower,
H-Y antigen,,H-Y antigen,https://lod.nal.usda.gov/nalt/44178,,True,skos:broader; skos:narrower,
hemagglutination inhibition test,haemagglutination inhibition test; hemagglutination inhibition assay,"hemagglutination inhibition test (haemagglutination inhibition test, hemagglutination inhibition assay)",https://lod.nal.usda.gov/nalt/44200,,True,skos:broader; skos:narrower,
hematopoietic cell growth factors,,hematopoietic cell growth factors,https://lod.nal.usda.gov/nalt/28016,,False,skos:broader; skos:narrower,
Hepatitis B virus,HBV (Hepatitis B virus),Hepatitis B virus (HBV (Hepatitis B virus)),https://lod.nal.usda.gov/nalt/45135,,False,skos:related,
Hepatitis C virus,HCV (Hepatitis C virus),Hepatitis C virus (HCV (Hepatitis C virus)),https://lod.nal.usda.gov/nalt/45122,,False,skos:related,
Hepatovirus A,HAV (Hepatitis A virus); HHAV (Human hepatitis A virus); Hepatitis A virus; Human hepatitis A virus; SHAV (Simian hepatitis A virus); Simian hepatitis A virus,"Hepatovirus A (HAV (Hepatitis A virus), HHAV (Human hepatitis A virus), Hepatitis A virus, Human hepatitis A virus, SHAV (Simian hepatitis A virus), Simian hepatitis A virus)",https://lod.nal.usda.gov/nalt/40960,,False,skos:related,
HIV seropositivity,AIDS seroconversion; HIV antibody positivity; HTLV-III seroconversion; HTLV-III seropositivity,"HIV seropositivity (AIDS seroconversion, HIV antibody positivity, HTLV-III seroconversion, HTLV-III seropositivity)",https://lod.nal.usda.gov/nalt/242964,,False,skos:broader; skos:narrower,
HLA antigens,human leukocyte antigens,HLA antigens (human leukocyte antigens),https://lod.nal.usda.gov/nalt/245702,,True,skos:broader; skos:narrower,
horse diseases,equine diseases,horse diseases (equine diseases),https://lod.nal.usda.gov/nalt/4875,,False,skos:broader; skos:narrower,
host-parasite relationships,host parasite relationships; host-parasite interactions; parasite host relationships; parasite-host interactions; parasite-host relationships,"host-parasite relationships (host parasite relationships, host-parasite interactions, parasite host relationships, parasite-host interactions, parasite-host relationships)",https://lod.nal.usda.gov/nalt/834,,False,skos:related,
host-pathogen relationships,host pathogen relationships; host-pathogen interactions; pathogen host relationships; pathogen-host relationships; virus-host interactions,"host-pathogen relationships (host pathogen relationships, host-pathogen interactions, pathogen host relationships, pathogen-host relationships, virus-host interactions)",https://lod.nal.usda.gov/nalt/835,,False,skos:related,
immunoperoxidase monolayer assay,,immunoperoxidase monolayer assay,https://lod.nal.usda.gov/nalt/325943,,True,skos:broader; skos:narrower,
induced resistance,,induced resistance,https://lod.nal.usda.gov/nalt/17456,,False,skos:broader; skos:narrower,
Insecta,,Insecta,https://lod.nal.usda.gov/nalt/45487,,False,skos:related,
intercellular adhesion molecule-1,CD54 antigens; ICAM-1 (intercellular adhesion molecule-1),"intercellular adhesion molecule-1 (CD54 antigens, ICAM-1 (intercellular adhesion molecule-1))",https://lod.nal.usda.gov/nalt/293119,,False,skos:related,
interleukin-1,IL-1; interleukin 1; interleukin I,"interleukin-1 (IL-1, interleukin 1, interleukin I)",https://lod.nal.usda.gov/nalt/47496,,True,skos:broader; skos:narrower,
interleukin-10,IL-10; interleukin 10,"interleukin-10 (IL-10, interleukin 10)",https://lod.nal.usda.gov/nalt/47498,,True,skos:broader; skos:narrower,
interleukin-11,IL-11; interleukin 11,"interleukin-11 (IL-11, interleukin 11)",https://lod.nal.usda.gov/nalt/47500,,True,skos:broader; skos:narrower,
interleukin-12,IL-12; cytotoxic lymphocyte maturation factor; interleukin 12; natural killer cell stimulatory factor,"interleukin-12 (IL-12, cytotoxic lymphocyte maturation factor, interleukin 12, natural killer cell stimulatory factor)",https://lod.nal.usda.gov/nalt/47502,,True,skos:broader; skos:narrower,
interleukin-13,IL-13; interleukin 13,"interleukin-13 (IL-13, interleukin 13)",https://lod.nal.usda.gov/nalt/222512,,True,skos:broader; skos:narrower,
interleukin-15,interleukin 15,interleukin-15 (interleukin 15),https://lod.nal.usda.gov/nalt/237133,,True,skos:broader; skos:narrower,
interleukin-17,cytotoxic T-lymphocyte-associated antigen 8; interleukin 17; interleukin-17A; interleukin-17B; interleukin-17C; interleukin-17E; interleukin-17F; interleukin-25,"interleukin-17 (cytotoxic T-lymphocyte-associated antigen 8, interleukin 17, interleukin-17A, interleukin-17B, interleukin-17C, interleukin-17E, interleukin-17F, interleukin-25)",https://lod.nal.usda.gov/nalt/237134,,True,skos:broader; skos:narrower,
interleukin-18,IL-18; interleukin 18,"interleukin-18 (IL-18, interleukin 18)",https://lod.nal.usda.gov/nalt/207600,,True,skos:broader; skos:narrower,
interleukin-2,IL-2; interleukin 2; interleukin II,"interleukin-2 (IL-2, interleukin 2, interleukin II)",https://lod.nal.usda.gov/nalt/47504,,True,skos:broader; skos:narrower,
interleukin-21,interleukin 21,interleukin-21 (interleukin 21),https://lod.nal.usda.gov/nalt/259780,,True,skos:broader; skos:narrower,
interleukin-23,interleukin 23,interleukin-23 (interleukin 23),https://lod.nal.usda.gov/nalt/237135,,True,skos:broader; skos:narrower,
interleukin-3,IL-3; interleukin 3,"interleukin-3 (IL-3, interleukin 3)",https://lod.nal.usda.gov/nalt/47506,,True,skos:broader; skos:narrower,
interleukin-4,IL-4; interleukin 4,"interleukin-4 (IL-4, interleukin 4)",https://lod.nal.usda.gov/nalt/47508,,True,skos:broader; skos:narrower,
interleukin-5,IL-5; interleukin 5,"interleukin-5 (IL-5, interleukin 5)",https://lod.nal.usda.gov/nalt/47510,,True,skos:broader; skos:narrower,
interleukin-6,IL-6; interleukin 6,"interleukin-6 (IL-6, interleukin 6)",https://lod.nal.usda.gov/nalt/47512,,True,skos:broader; skos:narrower,
interleukin-7,IL-7; interleukin 7,"interleukin-7 (IL-7, interleukin 7)",https://lod.nal.usda.gov/nalt/47514,,True,skos:broader; skos:narrower,
interleukin-8,CXC chemokine ligand 8; CXCL8 chemokine; GCP-1 (granulocyte chemotactic protein-1); IL-8; LUCT (lung carcinoma-derived chemotaxin); LYNAP (lymphocyte-derived neutrophil-activating peptide); MDNCF (monocyte-derived neutrophil chemotactic factor); MONAP (Monocyte-derived neutrophil-activating peptide); NAF (neutrophil chemotactic factor); NAF-1 (neutrophil-activating factor-1; NAP-1 (neutrophil-activating peptide-1); NAP1 (neutrophil-activating peptide 1); chemokine (C-X-C motif) ligand 8; granulocyte chemotactic protein-1; interleukin 8; lung carcinoma-derived chemotaxin; lymphocyte-derived neutrophil-activating peptide; monocyte-derived neutrophil chemotactic factor; monocyte-derived neutrophil-activating peptide; neutrophil-activating factor-1; neutrophil-activating peptide-1,"interleukin-8 (CXC chemokine ligand 8, CXCL8 chemokine, GCP-1 (granulocyte chemotactic protein-1), IL-8, LUCT (lung carcinoma-derived chemotaxin), LYNAP (lymphocyte-derived neutrophil-activating peptide), MDNCF (monocyte-derived neutrophil chemotactic factor), MONAP (Monocyte-derived neutrophil-activating peptide), NAF (neutrophil chemotactic factor), NAF-1 (neutrophil-activating factor-1, NAP-1 (neutrophil-activating peptide-1), NAP1 (neutrophil-activating peptide 1), chemokine (C-X-C motif) ligand 8, granulocyte chemotactic protein-1, interleukin 8, lung carcinoma-derived chemotaxin, lymphocyte-derived neutrophil-activating peptide, monocyte-derived neutrophil chemotactic factor, monocyte-derived neutrophil-activating peptide, neutrophil-activating factor-1, neutrophil-activating peptide-1)",https://lod.nal.usda.gov/nalt/47516,,True,skos:broader; skos:narrower,
interleukin-9,IL-9; interleukin 9,"interleukin-9 (IL-9, interleukin 9)",https://lod.nal.usda.gov/nalt/47518,,True,skos:broader; skos:narrower,
leukocytes,WBCs (leukocytes); leucocytes; white blood cells; white blood corpuscles,"leukocytes (WBCs (leukocytes), leucocytes, white blood cells, white blood corpuscles)",https://lod.nal.usda.gov/nalt/18082,,False,skos:related,
lymphotoxin,TNF beta; TNF-beta (tumor necrosis factor-beta); TNFbeta; alpha-lymphotoxin; lymphotoxin-alpha; tumor necrosis factor-beta; tumour necrosis factor-beta,"lymphotoxin (TNF beta, TNF-beta (tumor necrosis factor-beta), TNFbeta, alpha-lymphotoxin, lymphotoxin-alpha, tumor necrosis factor-beta, tumour necrosis factor-beta)",https://lod.nal.usda.gov/nalt/50933,,True,skos:broader; skos:narrower,
macrophage colony-stimulating factor,colony stimulating factor 1; colony stimulating factor-1,"macrophage colony-stimulating factor (colony stimulating factor 1, colony stimulating factor-1)",https://lod.nal.usda.gov/nalt/28007,,True,skos:broader; skos:narrower,
macrophage inflammatory proteins,macrophage inflammatory protein-1,macrophage inflammatory proteins (macrophage inflammatory protein-1),https://lod.nal.usda.gov/nalt/228801,,True,skos:broader; skos:narrower,
macrophage migration inhibitory factors,macrophage migration-inhibitory factors,macrophage migration inhibitory factors (macrophage migration-inhibitory factors),https://lod.nal.usda.gov/nalt/213311,,True,skos:broader; skos:narrower,
mites,,mites,https://lod.nal.usda.gov/nalt/2069,,False,skos:related,
molecular genetics,biochemical genetics,molecular genetics (biochemical genetics),https://lod.nal.usda.gov/nalt/7772,,False,skos:broader; skos:narrower,
pathogenesis,,pathogenesis,https://lod.nal.usda.gov/nalt/765,,False,skos:related,
plant hormones,endogenous plant growth regulators; phytohormones; plant growth hormones,"plant hormones (endogenous plant growth regulators, phytohormones, plant growth hormones)",https://lod.nal.usda.gov/nalt/1818,,False,skos:related,
plant proteins,,plant proteins,https://lod.nal.usda.gov/nalt/889,,False,skos:broader; skos:narrower,
protein subunits,catalytic subunits; enzyme subunits; protein oligomers; protomers,"protein subunits (catalytic subunits, enzyme subunits, protein oligomers, protomers)",https://lod.nal.usda.gov/nalt/37498,,False,skos:related,
pruritus,itching; pruritis,"pruritus (itching, pruritis)",https://lod.nal.usda.gov/nalt/934,,False,skos:related,
Retroviridae infections,Retrovirus diseases; Retrovirus infections; retroviral diseases; retroviral infections,"Retroviridae infections (Retrovirus diseases, Retrovirus infections, retroviral diseases, retroviral infections)",https://lod.nal.usda.gov/nalt/341900,,False,skos:broader; skos:narrower,
salicylic acid,,salicylic acid,https://lod.nal.usda.gov/nalt/61958,,False,skos:related,
seafood contamination,,seafood contamination,https://lod.nal.usda.gov/nalt/317309,,False,skos:related,
seafood-borne illness,seafood intoxication; seafood poisoning; seafood-borne diseases,"seafood-borne illness (seafood intoxication, seafood poisoning, seafood-borne diseases)",https://lod.nal.usda.gov/nalt/296888,,False,skos:related,
seafoods,seafood products,seafoods (seafood products),https://lod.nal.usda.gov/nalt/1573,,False,skos:related,
signal transduction,signal pathways,signal transduction (signal pathways),https://lod.nal.usda.gov/nalt/23371,,False,skos:related,
thrombopoietin,megakaryocyte colony stimulating factor; megakaryocyte growth and development factor; myeloproliferative leukemia virus oncogene ligand; thrombocytopoiesis-stimulating factor; thrombocytopoietin,"thrombopoietin (megakaryocyte colony stimulating factor, megakaryocyte growth and development factor, myeloproliferative leukemia virus oncogene ligand, thrombocytopoiesis-stimulating factor, thrombocytopoietin)",https://lod.nal.usda.gov/nalt/216221,,True,skos:broader; skos:narrower,
tumor necrosis factor-alpha,TNF alpha; TNF-alpha (tumor necrosis factor-alpha); tumor necrosis factor-a; tumour necrosis factor-alpha,"tumor necrosis factor-alpha (TNF alpha, TNF-alpha (tumor necrosis factor-alpha), tumor necrosis factor-a, tumour necrosis factor-alpha)",https://lod.nal.usda.gov/nalt/66077,,True,skos:broader; skos:narrower,
wheat,bread wheat,wheat (bread wheat),https://lod.nal.usda.gov/nalt/39377,,False,skos:related,
caspase-1,EC 3.4.22.36; IL-1 beta convertase; IL-1 beta-converting enzyme; interleukin 1beta-converting enzyme; interleukin-1beta convertase,"caspase-1 (EC 3.4.22.36, IL-1 beta convertase, IL-1 beta-converting enzyme, interleukin 1beta-converting enzyme, interleukin-1beta convertase)",https://lod.nal.usda.gov/nalt/136654,,False,skos:related,
chemokine CCL1,CC Chemokine ligand 1; CCL1 chemokine; I-309 protein; SCYA1 protein; T-lymphocyte-secreted protein I-309; chemokine (C-C motif) ligand 1; chemokine I-309; chemokine TCA3; inflammatory cytokine I-309; small inducible cytokine A1,"chemokine CCL1 (CC Chemokine ligand 1, CCL1 chemokine, I-309 protein, SCYA1 protein, T-lymphocyte-secreted protein I-309, chemokine (C-C motif) ligand 1, chemokine I-309, chemokine TCA3, inflammatory cytokine I-309, small inducible cytokine A1)",https://lod.nal.usda.gov/nalt/236677,,True,skos:broader; skos:narrower,
chemokine CCL11,CC chemokine ligand 11; CCL11 chemokine; SCYA11 protein; chemokine (C-C motif) ligand 11; eosinophil chemotactic protein; eotaxin-1; small inducible cytokine A11,"chemokine CCL11 (CC chemokine ligand 11, CCL11 chemokine, SCYA11 protein, chemokine (C-C motif) ligand 11, eosinophil chemotactic protein, eotaxin-1, small inducible cytokine A11)",https://lod.nal.usda.gov/nalt/236679,,True,skos:broader; skos:narrower,
chemokine CCL14,CC chemokine ligand 14; CCL14 chemokine; HCC-1 chemokine; HCC-3 chemokine; NCC-2 chemokine; SCYA14 chemokine; SCYL2 chemokine; chemokine (C-C motif) ligand 14; hemofiltrate CC chemokine-1; new CC chemokine-2; small inducible cytokine A14,"chemokine CCL14 (CC chemokine ligand 14, CCL14 chemokine, HCC-1 chemokine, HCC-3 chemokine, NCC-2 chemokine, SCYA14 chemokine, SCYL2 chemokine, chemokine (C-C motif) ligand 14, hemofiltrate CC chemokine-1, new CC chemokine-2, small inducible cytokine A14)",https://lod.nal.usda.gov/nalt/243295,,True,skos:broader; skos:narrower,
chemokine CCL15,CCL15 chemokine; HCC-2 chemokine; MIP-1delta chemokine; MIP-5 chemokine; NCC-3 chemokine; SCYA15 chemokine; SCYL3 chemokine; chemokine (C-C motif) ligand 15; leukotactin-1; macrophage inflammatory protein-5; small inducible cytokine A15,"chemokine CCL15 (CCL15 chemokine, HCC-2 chemokine, MIP-1delta chemokine, MIP-5 chemokine, NCC-3 chemokine, SCYA15 chemokine, SCYL3 chemokine, chemokine (C-C motif) ligand 15, leukotactin-1, macrophage inflammatory protein-5, small inducible cytokine A15)",https://lod.nal.usda.gov/nalt/243308,,True,skos:broader; skos:narrower,
chemokine CCL16,CC chemokine ligand 16; CCL16 chemokine; CKb12 chemokine; HCC-4 chemokine; LCC-1 chemokine; Mtn-1 chemokine; NCC-4 chemokine; SCYA16 chemokine; SCYL4 chemokine; chemokine (C-C motif) ligand 16; liver expressed chemokine; liver-specific CC chemokine; monotactin-1; small inducible cytokine A16,"chemokine CCL16 (CC chemokine ligand 16, CCL16 chemokine, CKb12 chemokine, HCC-4 chemokine, LCC-1 chemokine, Mtn-1 chemokine, NCC-4 chemokine, SCYA16 chemokine, SCYL4 chemokine, chemokine (C-C motif) ligand 16, liver expressed chemokine, liver-specific CC chemokine, monotactin-1, small inducible cytokine A16)",https://lod.nal.usda.gov/nalt/243321,,True,skos:broader; skos:narrower,
chemokine CCL17,CC chemokine ligand 17; CCL17 chemokine; SCYA17 protein; TARC chemokine; chemokine (C-C motif) ligand 17; small inducible cytokine A17; thymus and activation-regulated chemokine,"chemokine CCL17 (CC chemokine ligand 17, CCL17 chemokine, SCYA17 protein, TARC chemokine, chemokine (C-C motif) ligand 17, small inducible cytokine A17, thymus and activation-regulated chemokine)",https://lod.nal.usda.gov/nalt/236680,,True,skos:broader; skos:narrower,
chemokine CCL19,C-C motif chemokine 19; CC motif chemokine ligand 19; CCL19 chemokine; EBI1-ligand chemokine; ELC chemokine; Epstein-Barr virus-induced molecule 1 ligand chemokine; MIP-3beta (macrophage inflammatory protein3-beta); SCYA19 protein; chemokine (C-C motif) ligand 19; exodus-3 chemokine; macrophage inflammatory protein 3 beta; macrophage inflammatory protein 3-beta; macrophage inflammatory protein-3beta; small inducible cytokine A19,"chemokine CCL19 (C-C motif chemokine 19, CC motif chemokine ligand 19, CCL19 chemokine, EBI1-ligand chemokine, ELC chemokine, Epstein-Barr virus-induced molecule 1 ligand chemokine, MIP-3beta (macrophage inflammatory protein3-beta), SCYA19 protein, chemokine (C-C motif) ligand 19, exodus-3 chemokine, macrophage inflammatory protein 3 beta, macrophage inflammatory protein 3-beta, macrophage inflammatory protein-3beta, small inducible cytokine A19)",https://lod.nal.usda.gov/nalt/228806,,True,skos:broader; skos:narrower,
chemokine CCL20,C-C motif chemokine 20; CC chemokine ligand 20; CC motif chemokine ligand 20; CCL20 chemokine; MIP-3alpha (macrophage inflammatory protein3-alpha); SCYA20 chemokine; chemokine (C-C motif) ligand 20; exodus-1 chemokine; macrophage inflammatory protein 3 alpha; macrophage inflammatory protein 3-alpha; macrophage inflammatory protein-3alpha; small inducible cytokine A20,"chemokine CCL20 (C-C motif chemokine 20, CC chemokine ligand 20, CC motif chemokine ligand 20, CCL20 chemokine, MIP-3alpha (macrophage inflammatory protein3-alpha), SCYA20 chemokine, chemokine (C-C motif) ligand 20, exodus-1 chemokine, macrophage inflammatory protein 3 alpha, macrophage inflammatory protein 3-alpha, macrophage inflammatory protein-3alpha, small inducible cytokine A20)",https://lod.nal.usda.gov/nalt/228807,,True,skos:broader; skos:narrower,
chemokine CCL21,CC chemokine ligand 21; CCL21 chemokine; SCYA21 protein; SLC chemokine; TCA4 protein; chemokine (C-C motif) ligand 21; exodus-2 chemokine; secondary lymphoid-tissue chemokine; small inducible cytokine A21; thymus-derived chemotactic agent 4,"chemokine CCL21 (CC chemokine ligand 21, CCL21 chemokine, SCYA21 protein, SLC chemokine, TCA4 protein, chemokine (C-C motif) ligand 21, exodus-2 chemokine, secondary lymphoid-tissue chemokine, small inducible cytokine A21, thymus-derived chemotactic agent 4)",https://lod.nal.usda.gov/nalt/236681,,True,skos:broader; skos:narrower,
chemokine CCL22,CC chemokine ligand 22; CCL22 chemokine; SCYA22 protein; STCP-1 chemokine; chemokine (C-C motif) ligand 22; macrophage-derived chemokine; small inducible cytokine A22; stimulated T-cell chemotactic protein 1,"chemokine CCL22 (CC chemokine ligand 22, CCL22 chemokine, SCYA22 protein, STCP-1 chemokine, chemokine (C-C motif) ligand 22, macrophage-derived chemokine, small inducible cytokine A22, stimulated T-cell chemotactic protein 1)",https://lod.nal.usda.gov/nalt/236682,,True,skos:broader; skos:narrower,
chemokine CCL23,C-C motif chemokine 23; CC chemokine ligand 23; CCL23 chemokine; CK-beta-8 chemokine; CKB-8 chemokine; HMRP-2a protein; MIP-3 chemokine; MPIF-1 protein; SCYA23 chemokine; chemokine (C-C motif) ligand 23; human MIP-related protein-2a; macrophage inflammatory protein-3; myeloid progenitor inhibitory factor-1; small inducible cytokine A23,"chemokine CCL23 (C-C motif chemokine 23, CC chemokine ligand 23, CCL23 chemokine, CK-beta-8 chemokine, CKB-8 chemokine, HMRP-2a protein, MIP-3 chemokine, MPIF-1 protein, SCYA23 chemokine, chemokine (C-C motif) ligand 23, human MIP-related protein-2a, macrophage inflammatory protein-3, myeloid progenitor inhibitory factor-1, small inducible cytokine A23)",https://lod.nal.usda.gov/nalt/243337,,True,skos:broader; skos:narrower,
chemokine CCL24,CC chemokine ligand 24; CCL24 chemokine; MPIF-2 chemokine; MPIF2 chemokine; SCYA24 chemokine; chemokine (C-C motif) ligand 24; eotaxin-2; myeloid progenitor inhibitory factor 2; myeloid progenitor inhibitory factor-2; small inducible cytokine A24,"chemokine CCL24 (CC chemokine ligand 24, CCL24 chemokine, MPIF-2 chemokine, MPIF2 chemokine, SCYA24 chemokine, chemokine (C-C motif) ligand 24, eotaxin-2, myeloid progenitor inhibitory factor 2, myeloid progenitor inhibitory factor-2, small inducible cytokine A24)",https://lod.nal.usda.gov/nalt/236683,,True,skos:broader; skos:narrower,
chemokine CCL25,C-C motif chemokine 25; CC chemokine ligand 25; CCL25 chemokine; CK beta-15 chemokine; CKb-15 chemokine; SCYA25 chemokine; chemokine (C-C motif) ligand 25; chemokine TECK; small inducible cytokine A25; thymus expressed chemokine,"chemokine CCL25 (C-C motif chemokine 25, CC chemokine ligand 25, CCL25 chemokine, CK beta-15 chemokine, CKb-15 chemokine, SCYA25 chemokine, chemokine (C-C motif) ligand 25, chemokine TECK, small inducible cytokine A25, thymus expressed chemokine)",https://lod.nal.usda.gov/nalt/243353,,True,skos:broader; skos:narrower,
chemokine CCL26,C-C motif chemokine 26; CC chemokine ligand 26; CCL26 chemokine; SCYA26 chemokine; chemokine (C-C motif) ligand 26; chemokine MIP-4alpha; chemokine TSC-1; eotaxin-3; macrophage inflammatory protein 4-alpha; small inducible cytokine A26; thymic stroma chemokine-1,"chemokine CCL26 (C-C motif chemokine 26, CC chemokine ligand 26, CCL26 chemokine, SCYA26 chemokine, chemokine (C-C motif) ligand 26, chemokine MIP-4alpha, chemokine TSC-1, eotaxin-3, macrophage inflammatory protein 4-alpha, small inducible cytokine A26, thymic stroma chemokine-1)",https://lod.nal.usda.gov/nalt/243365,,True,skos:broader; skos:narrower,
chemokine CCL27,CC chemokine ligand 27; CCL27 chemokine; CTACK chemokine; ESKINE chemokine; IL-11R alpha-locus chemokine; SCYA27 chemokine; chemokine (C-C motif) ligand 27; cutaneous T-cell attracting chemokine; small inducible cytokine A27,"chemokine CCL27 (CC chemokine ligand 27, CCL27 chemokine, CTACK chemokine, ESKINE chemokine, IL-11R alpha-locus chemokine, SCYA27 chemokine, chemokine (C-C motif) ligand 27, cutaneous T-cell attracting chemokine, small inducible cytokine A27)",https://lod.nal.usda.gov/nalt/236684,,True,skos:broader; skos:narrower,
chemokine CCL28,C-C motif chemokine 28; CC chemokine ligand 28; CCL28 chemokine; SCYA28 chemokine; chemokine (C-C motif) ligand 28; chemokine MEC; mucosa-associated epithelial chemokine,"chemokine CCL28 (C-C motif chemokine 28, CC chemokine ligand 28, CCL28 chemokine, SCYA28 chemokine, chemokine (C-C motif) ligand 28, chemokine MEC, mucosa-associated epithelial chemokine)",https://lod.nal.usda.gov/nalt/243378,,True,skos:broader; skos:narrower,
chemokine CCL3,C-C motif chemokine 3; CC chemokine ligand 3; CCL3 chemokine; CCL3L1 chemokine; CCL3L2 chemokine; CCL3L3 chemokine; LD78alpha chemokine; LD78beta chemokine; MIP-1 alpha (macrophage inflammatory protein-1 alpha); MIP-1-alpha (macrophage inflammatory protein-1-alpha); MIP-1alpha (macrophage inflammatory protein 1-alpha); chemokine (C-C motif) ligand 3; chemokine CCL3L1; chemokine CCL3L2; chemokine CCL3L3; chemoline (C-C motif) ligand 3; macrophage inflammatory protein 1 alpha; macrophage inflammatory protein 1-alpha; macrophage inflammatory protein-1 alpha; macrophage inflammatory protein-1alpha; small Inducible cytokine A3,"chemokine CCL3 (C-C motif chemokine 3, CC chemokine ligand 3, CCL3 chemokine, CCL3L1 chemokine, CCL3L2 chemokine, CCL3L3 chemokine, LD78alpha chemokine, LD78beta chemokine, MIP-1 alpha (macrophage inflammatory protein-1 alpha), MIP-1-alpha (macrophage inflammatory protein-1-alpha), MIP-1alpha (macrophage inflammatory protein 1-alpha), chemokine (C-C motif) ligand 3, chemokine CCL3L1, chemokine CCL3L2, chemokine CCL3L3, chemoline (C-C motif) ligand 3, macrophage inflammatory protein 1 alpha, macrophage inflammatory protein 1-alpha, macrophage inflammatory protein-1 alpha, macrophage inflammatory protein-1alpha, small Inducible cytokine A3)",https://lod.nal.usda.gov/nalt/228804,,True,skos:broader; skos:narrower,
chemokine CCL4,C-C motif chemokine 4; CC motif chemokine ligand 4; CCL4 chemokine; CCL4L1 chemokine; CCL4L2 chemokine; MIP-1beta (macrophage inflammatory protein 1-beta); SCYA2 protein; SCYA4 protein; chemokine (C-C motif) ligand 4; chemokine CCL4L1; chemokine CCL4L2; macrophage inflammatory protein 1-beta; macrophage inflammatory protein-1 beta; macrophage inflammatory protein-1beta; macrophage inflammatory protein-1beta2,"chemokine CCL4 (C-C motif chemokine 4, CC motif chemokine ligand 4, CCL4 chemokine, CCL4L1 chemokine, CCL4L2 chemokine, MIP-1beta (macrophage inflammatory protein 1-beta), SCYA2 protein, SCYA4 protein, chemokine (C-C motif) ligand 4, chemokine CCL4L1, chemokine CCL4L2, macrophage inflammatory protein 1-beta, macrophage inflammatory protein-1 beta, macrophage inflammatory protein-1beta, macrophage inflammatory protein-1beta2)",https://lod.nal.usda.gov/nalt/228805,,True,skos:broader; skos:narrower,
chemokine CCL5,CC chemokine ligand 5; CCL5 chemokine; RANTES; SCYA5 protein; T cell RNATES protein; T-Cell specific protein p288; TCP228 protein; chemokine (C-C motif) ligand 5; small inducible cytokine A5,"chemokine CCL5 (CC chemokine ligand 5, CCL5 chemokine, RANTES, SCYA5 protein, T cell RNATES protein, T-Cell specific protein p288, TCP228 protein, chemokine (C-C motif) ligand 5, small inducible cytokine A5)",https://lod.nal.usda.gov/nalt/236678,,True,skos:broader; skos:narrower,
chemokine CX3CL1,C-X3-C motif chemokine 1; CX3CL1 chemokine; SCYD1 chemokine; chemokine (C-X3-C motif) ligand 1; fractalkine; neurotactin; small inducible cytokine D1,"chemokine CX3CL1 (C-X3-C motif chemokine 1, CX3CL1 chemokine, SCYD1 chemokine, chemokine (C-X3-C motif) ligand 1, fractalkine, neurotactin, small inducible cytokine D1)",https://lod.nal.usda.gov/nalt/236980,,True,skos:broader; skos:narrower,
chemokine CXCL1,CXC chemokine ligand 1; CXCL1 chemokine; FSP (fibroblast secretory protein); Groalpha protein; MGSA-alpha protein; NAP-3 (neutrophil-activating protein-3); SCYB1 chemokine; chemokine (C-X-C motif) ligand 1; fibroblast secretory protein; growth-related oncogene alpha protein; melanoma growth stimulatory activity alpha protein; neutrophil-activating protein-3,"chemokine CXCL1 (CXC chemokine ligand 1, CXCL1 chemokine, FSP (fibroblast secretory protein), Groalpha protein, MGSA-alpha protein, NAP-3 (neutrophil-activating protein-3), SCYB1 chemokine, chemokine (C-X-C motif) ligand 1, fibroblast secretory protein, growth-related oncogene alpha protein, melanoma growth stimulatory activity alpha protein, neutrophil-activating protein-3)",https://lod.nal.usda.gov/nalt/236817,,True,skos:broader; skos:narrower,
chemokine CXCL10,CXC chemokine ligand 10; CXCL10 chemokine; IFI-10 (interferon-inducible protein-10); IFN-gamma-inducible-protein-10; SCYB10 chemokine; chemokine (C-X-C motif) ligand 10; gIP-10 (gamma-interferon inducible protein-10); interferon-gamma inducible protein 10kDa; interferon-inducible cytokine IP-10; interferon-inducible protein-10; small inducible cytokine B10,"chemokine CXCL10 (CXC chemokine ligand 10, CXCL10 chemokine, IFI-10 (interferon-inducible protein-10), IFN-gamma-inducible-protein-10, SCYB10 chemokine, chemokine (C-X-C motif) ligand 10, gIP-10 (gamma-interferon inducible protein-10), interferon-gamma inducible protein 10kDa, interferon-inducible cytokine IP-10, interferon-inducible protein-10, small inducible cytokine B10)",https://lod.nal.usda.gov/nalt/236823,,True,skos:broader; skos:narrower,
chemokine CXCL11,CXC chemokine ligand 11; CXCL11 chemokine; I-TAC (interferon-inducible T Cell alpha chemoattractant); IP-9 (interferon-gamma inducible protein-9); SCYB11 chemokine; SCYB9B chemokine; chemokine (C-X-C motif) ligand 11; interferon-gamma inducible protein-9; interferon-inducible T Cell alpha chemoattractant; interferon-inducible T cell alpha chemoattractant-H174; small inducible cytokine B11,"chemokine CXCL11 (CXC chemokine ligand 11, CXCL11 chemokine, I-TAC (interferon-inducible T Cell alpha chemoattractant), IP-9 (interferon-gamma inducible protein-9), SCYB11 chemokine, SCYB9B chemokine, chemokine (C-X-C motif) ligand 11, interferon-gamma inducible protein-9, interferon-inducible T Cell alpha chemoattractant, interferon-inducible T cell alpha chemoattractant-H174, small inducible cytokine B11)",https://lod.nal.usda.gov/nalt/236824,,True,skos:broader; skos:narrower,
chemokine CXCL12,CXC chemokine ligand 12; CXCL12 chemokine; PBSF (pre-B-cell growth-stimulating factor); SCYB12 chemokine; SDF-1 (stromal cell-derived factor-1); TLSF (thymic lymphoma cell stimulating factor); chemokine (C-X-C motif) ligand 12; pre-B-cell growth-stimulating factor; stromal cell-derived factor-1; stromal cell-derived factor-1alpha; stromal cell-derived factor-1beta; thymic lymphoma cell stimulating factor,"chemokine CXCL12 (CXC chemokine ligand 12, CXCL12 chemokine, PBSF (pre-B-cell growth-stimulating factor), SCYB12 chemokine, SDF-1 (stromal cell-derived factor-1), TLSF (thymic lymphoma cell stimulating factor), chemokine (C-X-C motif) ligand 12, pre-B-cell growth-stimulating factor, stromal cell-derived factor-1, stromal cell-derived factor-1alpha, stromal cell-derived factor-1beta, thymic lymphoma cell stimulating factor)",https://lod.nal.usda.gov/nalt/236825,,True,skos:broader; skos:narrower,
chemokine CXCL13,ANGIE chemokine; B cell-attracting chemokine-1; B-cell-homing chemokine; B-lymphocyte chemoattractant; BCA-1 (B cell-attracting chemokine-1); BCA1 (B cell-attracting chemokine-1); CXC chemokine ligand 13; CXCL13 chemokine; SCYB13 chemokine; chemokine (C-X-C motif) ligand 13; small inducible cytokine B13,"chemokine CXCL13 (ANGIE chemokine, B cell-attracting chemokine-1, B-cell-homing chemokine, B-lymphocyte chemoattractant, BCA-1 (B cell-attracting chemokine-1), BCA1 (B cell-attracting chemokine-1), CXC chemokine ligand 13, CXCL13 chemokine, SCYB13 chemokine, chemokine (C-X-C motif) ligand 13, small inducible cytokine B13)",https://lod.nal.usda.gov/nalt/236826,,True,skos:broader; skos:narrower,
chemokine CXCL16,C-X-C motif chemokine 16; CXC chemokine ligand 16; chemokine (C-X-C motif) ligand 16; small-inducible cytokine B16; srpsox protein; transmembrane chemokine CXCL16,"chemokine CXCL16 (C-X-C motif chemokine 16, CXC chemokine ligand 16, chemokine (C-X-C motif) ligand 16, small-inducible cytokine B16, srpsox protein, transmembrane chemokine CXCL16)",https://lod.nal.usda.gov/nalt/243643,,True,skos:broader; skos:narrower,
chemokine CXCL2,CINC-2alpha (Cytokine-induced neutrophil chemoattractant 2-alpha); CXC chemokine ligand 2; CXC motif chemokine 2; CXCL2 chemokine; GRO-2 (growth-related oncogene-2 protein); GRO-beta (growth regulated oncogene-beta); LDNCF-2 (leucocyte-derived neutrophil chemotactic factor-2); MGSA-beta protein; MIP-2alpha (macrophage inflammatory protein-2alpha); MIP2alpha (macrophage inflammatory protein 2-alpha); SCYB2 chemokine; chemokine (C-X-C motif) ligand 2; cytokine-induced neutrophil chemoattractant 2-alpha; growth regulated oncogene-beta; growth-related oncogene-2 protein; leucocyte-derived neutrophil chemotactic factor-2; macrophage inflammatory protein-2; macrophage inflammatory protein-2alpha; melanoma growth stimulatory activity beta protein,"chemokine CXCL2 (CINC-2alpha (Cytokine-induced neutrophil chemoattractant 2-alpha), CXC chemokine ligand 2, CXC motif chemokine 2, CXCL2 chemokine, GRO-2 (growth-related oncogene-2 protein), GRO-beta (growth regulated oncogene-beta), LDNCF-2 (leucocyte-derived neutrophil chemotactic factor-2), MGSA-beta protein, MIP-2alpha (macrophage inflammatory protein-2alpha), MIP2alpha (macrophage inflammatory protein 2-alpha), SCYB2 chemokine, chemokine (C-X-C motif) ligand 2, cytokine-induced neutrophil chemoattractant 2-alpha, growth regulated oncogene-beta, growth-related oncogene-2 protein, leucocyte-derived neutrophil chemotactic factor-2, macrophage inflammatory protein-2, macrophage inflammatory protein-2alpha, melanoma growth stimulatory activity beta protein)",https://lod.nal.usda.gov/nalt/228808,,True,skos:broader; skos:narrower,
chemokine CXCL3,C-X-C motif chemokine 3; CXC chemokine ligand 3; GRO-3 protein; MGSA-gamma protein; MIP-2beta protein; SCYB3 protein; chemokine (C-X-C motif) ligand 3; chemokine CINC-2b; chemokine GRO-gamma; chemokine MGSA-gamma; chemokine MIP-2beta; cytokine-induced neutrophil chemoattractant-2b; growth regulated oncogene-gamma; macrophage inflammatory protein 2-beta; melanoma growth stimulatory activity gamma,"chemokine CXCL3 (C-X-C motif chemokine 3, CXC chemokine ligand 3, GRO-3 protein, MGSA-gamma protein, MIP-2beta protein, SCYB3 protein, chemokine (C-X-C motif) ligand 3, chemokine CINC-2b, chemokine GRO-gamma, chemokine MGSA-gamma, chemokine MIP-2beta, cytokine-induced neutrophil chemoattractant-2b, growth regulated oncogene-gamma, macrophage inflammatory protein 2-beta, melanoma growth stimulatory activity gamma)",https://lod.nal.usda.gov/nalt/243387,,True,skos:broader; skos:narrower,
chemokine CXCL4,CXC chemokine ligand 4; CXCL4 chemokine; PF-4 (platelet factor-4); SCYB4 chemokine; antiheparin platelet factor-4; chemokine (C-X-C motif) ligand 4; gamma-thromboglobulin; heparin neutralizing protein; platelet factor 4; small inducible cytokine B4,"chemokine CXCL4 (CXC chemokine ligand 4, CXCL4 chemokine, PF-4 (platelet factor-4), SCYB4 chemokine, antiheparin platelet factor-4, chemokine (C-X-C motif) ligand 4, gamma-thromboglobulin, heparin neutralizing protein, platelet factor 4, small inducible cytokine B4)",https://lod.nal.usda.gov/nalt/236818,,True,skos:broader; skos:narrower,
chemokine CXCL5,CXC chemokine ligand 5; CXCL5 chemokine; ENA-78 (endothelial neutrophil-activating peptide-78); SCYB5 chemokine; chemokine (C-X-C motif) ligand 5; endothelial neutrophil activating peptide-78; lipopolysaccharide-induced CXC chemokine; small inducible cytokine B5,"chemokine CXCL5 (CXC chemokine ligand 5, CXCL5 chemokine, ENA-78 (endothelial neutrophil-activating peptide-78), SCYB5 chemokine, chemokine (C-X-C motif) ligand 5, endothelial neutrophil activating peptide-78, lipopolysaccharide-induced CXC chemokine, small inducible cytokine B5)",https://lod.nal.usda.gov/nalt/236819,,True,skos:broader; skos:narrower,
chemokine CXCL6,CKA-3 (chemokine alpha-3); CXC chemokine ligand 6; CXCL6 chemokine; GCP-2 (granulocyte chemotactic protein-2); SCYB6 chemokine; chemokine (C-X-C motif) ligand 6; chemokine alpha-3; granulocyte chemotactic protein-2; small inducible cytokine B6,"chemokine CXCL6 (CKA-3 (chemokine alpha-3), CXC chemokine ligand 6, CXCL6 chemokine, GCP-2 (granulocyte chemotactic protein-2), SCYB6 chemokine, chemokine (C-X-C motif) ligand 6, chemokine alpha-3, granulocyte chemotactic protein-2, small inducible cytokine B6)",https://lod.nal.usda.gov/nalt/236820,,True,skos:broader; skos:narrower,
chemokine CXCL7,CTAP-III (connective tissue activating peptide-III); CTAP3 protein; CXC chemokine ligand 7; LA-PF4 (low affinity platelet factor-4); NAP-2 (neutrophil-activating peptide-2); PPBP (pro-platelet basic protein); SCYB7 chemokine; beta thromboglobulin; beta-TG; chemokine (C-X-C motif) ligand 7; connective tissue activating peptide III; low affinity platelet factor-4; neutrophil-activating peptide-2; pro-platelet basic protein,"chemokine CXCL7 (CTAP-III (connective tissue activating peptide-III), CTAP3 protein, CXC chemokine ligand 7, LA-PF4 (low affinity platelet factor-4), NAP-2 (neutrophil-activating peptide-2), PPBP (pro-platelet basic protein), SCYB7 chemokine, beta thromboglobulin, beta-TG, chemokine (C-X-C motif) ligand 7, connective tissue activating peptide III, low affinity platelet factor-4, neutrophil-activating peptide-2, pro-platelet basic protein)",https://lod.nal.usda.gov/nalt/236821,,True,skos:broader; skos:narrower,
chemokine CXCL9,CXC chemokine ligand 9; CXCL9 chemokine; MIG chemokine; SCYB9 chemokine; chemokine (C-X-C motif) ligand 9; monokine induced by gamma-interferon chemokine; small inducible cytokine B9,"chemokine CXCL9 (CXC chemokine ligand 9, CXCL9 chemokine, MIG chemokine, SCYB9 chemokine, chemokine (C-X-C motif) ligand 9, monokine induced by gamma-interferon chemokine, small inducible cytokine B9)",https://lod.nal.usda.gov/nalt/236822,,True,skos:broader; skos:narrower,
CXCR1 receptor,C-X-C chemokine receptor type 1; CC-CKR1 receptor; CD181 antigen; CDw128a antigen; CXC chemokine receptor 1; IL-8a receptor; MDNCF receptor; NAP-1 receptor; chemokine (C-X-C motif) receptor 1; chemokine (C-X-C) receptor 1; interleukin 8 receptor alpha; interleukin 8a receptor; interleukin-8a receptor,"CXCR1 receptor (C-X-C chemokine receptor type 1, CC-CKR1 receptor, CD181 antigen, CDw128a antigen, CXC chemokine receptor 1, IL-8a receptor, MDNCF receptor, NAP-1 receptor, chemokine (C-X-C motif) receptor 1, chemokine (C-X-C) receptor 1, interleukin 8 receptor alpha, interleukin 8a receptor, interleukin-8a receptor)",https://lod.nal.usda.gov/nalt/243533,,False,skos:related,
CXCR2 receptor,C-X-C chemokine receptor type 2; CD182 antigen; CDw128b antigen; CXC chemokine receptor 2; chemokine (C-X-C motif) receptor 2; chemokine (C-X-C) receptor 2; interleukin-8 receptor b; interleukin-8 receptor beta; interleukin-8 receptor type b; interleukin-8b receptor,"CXCR2 receptor (C-X-C chemokine receptor type 2, CD182 antigen, CDw128b antigen, CXC chemokine receptor 2, chemokine (C-X-C motif) receptor 2, chemokine (C-X-C) receptor 2, interleukin-8 receptor b, interleukin-8 receptor beta, interleukin-8 receptor type b, interleukin-8b receptor)",https://lod.nal.usda.gov/nalt/243552,,False,skos:related,
dermatitis,footwarts,dermatitis (footwarts),https://lod.nal.usda.gov/nalt/3102,,False,skos:broader; skos:narrower,
gluten-free diet,,gluten-free diet,https://lod.nal.usda.gov/nalt/33388,,False,skos:related,
gluten-free foods,,gluten-free foods,https://lod.nal.usda.gov/nalt/414,,False,skos:related,
hay fever,hayfever; pollen allergy; pollinosis; seasonal allergic rhinitis,"hay fever (hayfever, pollen allergy, pollinosis, seasonal allergic rhinitis)",https://lod.nal.usda.gov/nalt/198903,,False,skos:broader; skos:narrower,
interleukin-1alpha,IL-1alpha; IL1alpha; hematopoietin-1,"interleukin-1alpha (IL-1alpha, IL1alpha, hematopoietin-1)",https://lod.nal.usda.gov/nalt/211272,,True,skos:broader; skos:narrower,
interleukin-1beta,IL-1beta; IL1beta; catabolin; interleukin 1beta,"interleukin-1beta (IL-1beta, IL1beta, catabolin, interleukin 1beta)",https://lod.nal.usda.gov/nalt/211278,,True,skos:broader; skos:narrower,
malabsorption,,malabsorption,https://lod.nal.usda.gov/nalt/23351,,False,skos:broader; skos:narrower,
monocyte chemoattractant proteins,monocyte chemotactic proteins,monocyte chemoattractant proteins (monocyte chemotactic proteins),https://lod.nal.usda.gov/nalt/236769,,True,skos:broader; skos:narrower,
perennial allergic rhinitis,non-seasonal allergic rhinitis,perennial allergic rhinitis (non-seasonal allergic rhinitis),https://lod.nal.usda.gov/nalt/334005,,False,skos:broader; skos:narrower,
respiratory tract diseases,lung diseases; pulmonary diseases; pulmonary disorders; respiratory diseases; respiratory disorders; respiratory system diseases; respiratory system disorders; respiratory tract disorders; respiratory tract infections,"respiratory tract diseases (lung diseases, pulmonary diseases, pulmonary disorders, respiratory diseases, respiratory disorders, respiratory system diseases, respiratory system disorders, respiratory tract disorders, respiratory tract infections)",https://lod.nal.usda.gov/nalt/347,,False,skos:broader; skos:narrower,
rhinitis,nasal catarrh,rhinitis (nasal catarrh),https://lod.nal.usda.gov/nalt/61130,,False,skos:broader; skos:narrower,
steatorrhea,,steatorrhea,https://lod.nal.usda.gov/nalt/936,,False,skos:related,
atypical chemokine receptor 3,ACKR3 (atypical chemokine receptor 3); C-X-C chemokine receptor type 7; CMKOR1 (chemokine orphan receptor 1); CXC chemokine receptor 7; CXCR7 receptor; GPR159 (G-protein coupled receptor 159); GPRN1 (G-protein coupled receptor N1); RDC1 (G-protein coupled receptor RDC1); chemokine (C-X-C motif) receptor 7; chemokine (C-X-C) receptor 7,"atypical chemokine receptor 3 (ACKR3 (atypical chemokine receptor 3), C-X-C chemokine receptor type 7, CMKOR1 (chemokine orphan receptor 1), CXC chemokine receptor 7, CXCR7 receptor, GPR159 (G-protein coupled receptor 159), GPRN1 (G-protein coupled receptor N1), RDC1 (G-protein coupled receptor RDC1), chemokine (C-X-C motif) receptor 7, chemokine (C-X-C) receptor 7)",https://lod.nal.usda.gov/nalt/243644,,False,skos:related,
birch pollen,Betaula pollen; Betula pollen grains; birch pollen grains,"birch pollen (Betaula pollen, Betula pollen grains, birch pollen grains)",https://lod.nal.usda.gov/nalt/334618,,False,skos:related,
CCR1 receptor,C-C CKR1 receptor; C-C chemokine receptor type 1; CD191 antigen; LD78 cytokine receptor; RANTES receptor; chemokine (C-C motif) receptor 1; macrophage inflammatory protein 1alpha receptor,"CCR1 receptor (C-C CKR1 receptor, C-C chemokine receptor type 1, CD191 antigen, LD78 cytokine receptor, RANTES receptor, chemokine (C-C motif) receptor 1, macrophage inflammatory protein 1alpha receptor)",https://lod.nal.usda.gov/nalt/243409,,False,skos:related,
CCR10 receptor,C-C chemokine receptor type 10; CC chemokine receptor 10; GPR2 (G-protein coupled receptor-2); chemokine (C-C motif) receptor 10; chemokine (C-C) receptor 10,"CCR10 receptor (C-C chemokine receptor type 10, CC chemokine receptor 10, GPR2 (G-protein coupled receptor-2), chemokine (C-C motif) receptor 10, chemokine (C-C) receptor 10)",https://lod.nal.usda.gov/nalt/243525,,False,skos:related,
CCR3 receptor,C-C chemokine receptor type 3; CC chemokine receptor 3; CC-CKR3 receptor; CD193 antigen; chemokine (C-C motif) receptor 3; cysteine-cysteine chemokine receptor-3,"CCR3 receptor (C-C chemokine receptor type 3, CC chemokine receptor 3, CC-CKR3 receptor, CD193 antigen, chemokine (C-C motif) receptor 3, cysteine-cysteine chemokine receptor-3)",https://lod.nal.usda.gov/nalt/243435,,False,skos:related,
CCR4 receptor,C-C chemokine receptor type 4; CC chemokine receptor 4; CC-CKR4 receptor; CD194 antigen; chemokine (C-C motif) receptor 4,"CCR4 receptor (C-C chemokine receptor type 4, CC chemokine receptor 4, CC-CKR4 receptor, CD194 antigen, chemokine (C-C motif) receptor 4)",https://lod.nal.usda.gov/nalt/243444,,False,skos:related,
CCR5 receptor,C-C chemokine receptor type 5; CC chemokine receptor 5; CC-CKR5 receptor; CD195 antigen; CKR5 receptor; chemokine (C-C motif) receptor 5,"CCR5 receptor (C-C chemokine receptor type 5, CC chemokine receptor 5, CC-CKR5 receptor, CD195 antigen, CKR5 receptor, chemokine (C-C motif) receptor 5)",https://lod.nal.usda.gov/nalt/243453,,False,skos:related,
CCR6 receptor,"C-C chemokine receptor type 6; CC chemokine receptor 6; CC-CKR6 receptor; CD196 antigen; CKR6 receptor; GPR-CY4 receptor; GPR39 (G-protein coupled receptor-29); STRL22 (seven-transmembrane receptor, lymphocyte, 22); chemokine (C-C motif) receptor 6; chemokine receptor DCR2; chemokine receptor DRY6","CCR6 receptor (C-C chemokine receptor type 6, CC chemokine receptor 6, CC-CKR6 receptor, CD196 antigen, CKR6 receptor, GPR-CY4 receptor, GPR39 (G-protein coupled receptor-29), STRL22 (seven-transmembrane receptor, lymphocyte, 22), chemokine (C-C motif) receptor 6, chemokine receptor DCR2, chemokine receptor DRY6)",https://lod.nal.usda.gov/nalt/243463,,False,skos:related,
CCR7 receptor,C-C chemokine receptor type 7; CC chemokine receptor 7; CC-CKR7 receptor; CD197 antigen; CKR7 receptor; Epstein-Barr virus induced G-protein coupled receptor-1; MIP-3 beta receptor; chemokine (C-C motif) receptor 7; chemokine receptor BLR-2; chemokine receptor EBI-1; lymphocyte-specific G-protein coupled peptide receptor,"CCR7 receptor (C-C chemokine receptor type 7, CC chemokine receptor 7, CC-CKR7 receptor, CD197 antigen, CKR7 receptor, Epstein-Barr virus induced G-protein coupled receptor-1, MIP-3 beta receptor, chemokine (C-C motif) receptor 7, chemokine receptor BLR-2, chemokine receptor EBI-1, lymphocyte-specific G-protein coupled peptide receptor)",https://lod.nal.usda.gov/nalt/243478,,False,skos:related,
CCR8 receptor,C-C chemokine receptor type 8; CC chemokine receptor 8; CC-CKR8 receptor; CDw198 antigen; CKR8 receptor; GPR-CY6 (G-protein coupled receptor-CY6); chemokine (C-C motif) receptor 8; chemokine (C-C) receptor 8; chemokine receptor CKRL1; chemokine receptor CLR-L1; chemokine receptor TER1,"CCR8 receptor (C-C chemokine receptor type 8, CC chemokine receptor 8, CC-CKR8 receptor, CDw198 antigen, CKR8 receptor, GPR-CY6 (G-protein coupled receptor-CY6), chemokine (C-C motif) receptor 8, chemokine (C-C) receptor 8, chemokine receptor CKRL1, chemokine receptor CLR-L1, chemokine receptor TER1)",https://lod.nal.usda.gov/nalt/243493,,False,skos:related,
CCR9 receptor,C-C chemokine receptor type 9; CC chemokine receptor 9; CC-CKR-9 receptor; CCR9a receptor; CCR9b receptor; CDw199 antigen; CKR-9 receptor; GPR-9-6 (G-protein coupled receptor 9-6); GPR28 (G-protein coupled receptor 28); chemokine (C-C motif) receptor 9; chemokine (C-C) receptor 9,"CCR9 receptor (C-C chemokine receptor type 9, CC chemokine receptor 9, CC-CKR-9 receptor, CCR9a receptor, CCR9b receptor, CDw199 antigen, CKR-9 receptor, GPR-9-6 (G-protein coupled receptor 9-6), GPR28 (G-protein coupled receptor 28), chemokine (C-C motif) receptor 9, chemokine (C-C) receptor 9)",https://lod.nal.usda.gov/nalt/243508,,False,skos:related,
CD8-positive T-lymphocytes,CD8-positive lymphocytes; T8 cells; T8 lymphocytes,"CD8-positive T-lymphocytes (CD8-positive lymphocytes, T8 cells, T8 lymphocytes)",https://lod.nal.usda.gov/nalt/23199,,False,skos:related,
chemokine CCL13,CC chemokine ligand 13; CCL13 chemokine; MCP-4 chemokine; MCP4 chemokine; NCC-1 chemokine; SCYA13 chemokine; SCYL1 chemokine; chemokine (C-C motif) ligand 13; monocyte chemoattractant protein-4; monocyte chemotactic protein-4; new CC chemokine-1; small inducible cytokine A13,"chemokine CCL13 (CC chemokine ligand 13, CCL13 chemokine, MCP-4 chemokine, MCP4 chemokine, NCC-1 chemokine, SCYA13 chemokine, SCYL1 chemokine, chemokine (C-C motif) ligand 13, monocyte chemoattractant protein-4, monocyte chemotactic protein-4, new CC chemokine-1, small inducible cytokine A13)",https://lod.nal.usda.gov/nalt/243281,,True,skos:broader; skos:narrower,
chemokine CCL2,CC chemokine ligand 2; CCL2 chemokine; GDCF-2 chemokine; MCAF chemokine; MCP-1 chemokine; MCP1 chemokine; SCYA2 chemokine; chemokine (C-C motif) ligand 2; monocyte chemoattractant protein-1; monocyte chemotactic and activating factor; monocyte chemotactic protein-1; small inducible cytokine A2,"chemokine CCL2 (CC chemokine ligand 2, CCL2 chemokine, GDCF-2 chemokine, MCAF chemokine, MCP-1 chemokine, MCP1 chemokine, SCYA2 chemokine, chemokine (C-C motif) ligand 2, monocyte chemoattractant protein-1, monocyte chemotactic and activating factor, monocyte chemotactic protein-1, small inducible cytokine A2)",https://lod.nal.usda.gov/nalt/236772,,True,skos:broader; skos:narrower,
chemokine CCL7,CC chemokine ligand 7; CCL7 chemokine; MCAF-3 chemokine; MCP-3 chemokine; MCP3 chemokine; SCYA6 chemokine; SCYA7 chemokine; chemokine (C-C motif) ligand 7; monocyte chemoattractant protein-3; monocyte chemotactic activating factor 3; monocyte chemotactic protein-3; small inducible cytokine A7,"chemokine CCL7 (CC chemokine ligand 7, CCL7 chemokine, MCAF-3 chemokine, MCP-3 chemokine, MCP3 chemokine, SCYA6 chemokine, SCYA7 chemokine, chemokine (C-C motif) ligand 7, monocyte chemoattractant protein-3, monocyte chemotactic activating factor 3, monocyte chemotactic protein-3, small inducible cytokine A7)",https://lod.nal.usda.gov/nalt/236773,,True,skos:broader; skos:narrower,
chemokine CCL8,CC chemokine ligand 8; CCL8 chemokine; MCAF-2 chemokine; MCP-2 chemokine; MCP2 chemokine; SCYA10 chemokine; SCYA8 chemokine; chemokine (C-C motif) ligand 8; monocyte chemoattractant protein-2; monocyte chemotactic activating factor-2; monocyte chemotactic protein-2; small inducible cytokine A8,"chemokine CCL8 (CC chemokine ligand 8, CCL8 chemokine, MCAF-2 chemokine, MCP-2 chemokine, MCP2 chemokine, SCYA10 chemokine, SCYA8 chemokine, chemokine (C-C motif) ligand 8, monocyte chemoattractant protein-2, monocyte chemotactic activating factor-2, monocyte chemotactic protein-2, small inducible cytokine A8)",https://lod.nal.usda.gov/nalt/236774,,True,skos:broader; skos:narrower,
CXCR3 receptor,C-X-C chemokine receptor type 3; CD183 antigen; CKR-L2; CMKAR3; CXC chemokine receptor 3; CXCR3-A; CXCR3-B; GPR9 (G-protein coupled receptor 9); I-TAC receptor; IP-10 receptor; MIG-R (Mig receptor); chemokine (C-X-C motif) receptor 3; chemokine (C-X-C) receptor 3; interferon-inducible protein 10 receptor,"CXCR3 receptor (C-X-C chemokine receptor type 3, CD183 antigen, CKR-L2, CMKAR3, CXC chemokine receptor 3, CXCR3-A, CXCR3-B, GPR9 (G-protein coupled receptor 9), I-TAC receptor, IP-10 receptor, MIG-R (Mig receptor), chemokine (C-X-C motif) receptor 3, chemokine (C-X-C) receptor 3, interferon-inducible protein 10 receptor)",https://lod.nal.usda.gov/nalt/243568,,False,skos:related,
CXCR4 receptor,"C-X-C chemokine receptor type 4; CD184 antigen; CXC chemokine receptor 4; LAP-3 protein; LESTR (leukocyte-derived seven transmembrane domain receptor); LESTR receptor; LPS-associated protein 3; PSSF receptor (pre-B cell growth-stimulating factor receptor); SDF-1 (stromal cell-derived factor 1 receptor); SDF-1 receptor; SDF1-PBSF receptor; chemokine (C-X-C motif) receptor 4; chemokine (C-X-C) receptor 4; fusin; lipopolysaccharide-associated protein 3; neuropeptide Y receptor Y3; seven-transmembrane-segment receptor, spleen","CXCR4 receptor (C-X-C chemokine receptor type 4, CD184 antigen, CXC chemokine receptor 4, LAP-3 protein, LESTR (leukocyte-derived seven transmembrane domain receptor), LESTR receptor, LPS-associated protein 3, PSSF receptor (pre-B cell growth-stimulating factor receptor), SDF-1 (stromal cell-derived factor 1 receptor), SDF-1 receptor, SDF1-PBSF receptor, chemokine (C-X-C motif) receptor 4, chemokine (C-X-C) receptor 4, fusin, lipopolysaccharide-associated protein 3, neuropeptide Y receptor Y3, seven-transmembrane-segment receptor, spleen)",https://lod.nal.usda.gov/nalt/243588,,False,skos:related,
CXCR5 receptor,BLR-1 receptor; Burkitt lymphoma receptor 1; C-X-C chemokine receptor type 5; CD185 antigen; CXC chemokine receptor 5; MDR15 receptor; chemokine (C-X-C motif) receptor 5; chemokine (C-X-C) receptor 5,"CXCR5 receptor (BLR-1 receptor, Burkitt lymphoma receptor 1, C-X-C chemokine receptor type 5, CD185 antigen, CXC chemokine receptor 5, MDR15 receptor, chemokine (C-X-C motif) receptor 5, chemokine (C-X-C) receptor 5)",https://lod.nal.usda.gov/nalt/243614,,False,skos:related,
CXCR6 receptor,C-X-C chemokine receptor type 6; CD186 antigen; CDw186 antigen; CXC chemokine receptor 6; G-Protein coupled receptor bonzo; G-protein coupled receptor STRL33; STRL33 receptor; bonzo receptor; chemokine (C-X-C motif) receptor 6; chemokine (C-X-C) receptor 6,"CXCR6 receptor (C-X-C chemokine receptor type 6, CD186 antigen, CDw186 antigen, CXC chemokine receptor 6, G-Protein coupled receptor bonzo, G-protein coupled receptor STRL33, STRL33 receptor, bonzo receptor, chemokine (C-X-C motif) receptor 6, chemokine (C-X-C) receptor 6)",https://lod.nal.usda.gov/nalt/243626,,False,skos:related,
pine pollen,conifer pollen; conifer pollen grains; pine pollen grains,"pine pollen (conifer pollen, conifer pollen grains, pine pollen grains)",https://lod.nal.usda.gov/nalt/334607,,False,skos:related,
pollen sampling,pollen samples,pollen sampling (pollen samples),https://lod.nal.usda.gov/nalt/334302,,False,skos:related,
CCR2 receptor,C-C chemokine receptor type 2; CC chemokine receptor-2; CD192 antigen; chemokine (C-C motif) receptor 2; monocyte chemotactic protein 1 receptor,"CCR2 receptor (C-C chemokine receptor type 2, CC chemokine receptor-2, CD192 antigen, chemokine (C-C motif) receptor 2, monocyte chemotactic protein 1 receptor)",https://lod.nal.usda.gov/nalt/243410,,False,skos:related,
