row_id,legacy_row_id,seed_qid,seed_label,qid,label,target,prediction,classification,confidence,raw_prediction,raw_classification,raw_confidence,csv_depth,bfs_depth,parent_qid,parent_label,reaching_property,reaching_property_label,path
row802,Q104530765|Q26221201,Q104530765,Hugo Nathan,Q26221201,Two Diggers among Trees,1,1,INCLUDE,0.99,1,INCLUDE,0.99,1,1,Q104530765,Hugo Nathan,P1830,owner of,Hugo Nathan --owner of--> Two Diggers among Trees
row1927,Q104530765|Q10732476,Q104530765,Hugo Nathan,Q10732476,art collector,1,1,INCLUDE,0.95,1,INCLUDE,0.95,1,1,Q104530765,Hugo Nathan,P106,occupation,Hugo Nathan --occupation--> art collector
row631,Q104530765|Q10288082,Q104530765,Hugo Nathan,Q10288082,Wildenstein & Company,1,1,INCLUDE,0.99,1,INCLUDE,0.99,2,2,Q41516006,Lormes:  Goat-Girl Sitting Beside a Stream in a Forest,P127,owned by,Hugo Nathan --owner of--> Lormes:  Goat-Girl Sitting Beside a Stream in a Forest --owned by--> Wildenstein & Company
row43,Q104530765|Q18745022,Q104530765,Hugo Nathan,Q18745022,Alec N. Wildenstein,1,1,INCLUDE,0.95,1,INCLUDE,0.95,3,3,Q10288082,Wildenstein & Company,P127,owned by,Hugo Nathan --owner of--> Lormes:  Goat-Girl Sitting Beside a Stream in a Forest --owned by--> Wildenstein & Company --owned by--> Alec N. Wildenstein
row105,Q104530765|Q21785872,Q104530765,Hugo Nathan,Q21785872,"Edge of the Woods Near L'Hermitage, Pontoise",1,1,INCLUDE,0.95,1,INCLUDE,0.95,3,3,Q10288082,Wildenstein & Company,P1830,owner of,"Hugo Nathan --owner of--> Lormes:  Goat-Girl Sitting Beside a Stream in a Forest --owned by--> Wildenstein & Company --owner of--> Edge of the Woods Near L'Hermitage, Pontoise"
row276,Q104530765|Q12954454,Q104530765,Hugo Nathan,Q12954454,Nathan Wildenstein,1,1,INCLUDE,0.95,1,INCLUDE,0.95,3,3,Q10288082,Wildenstein & Company,P127,owned by,Hugo Nathan --owner of--> Lormes:  Goat-Girl Sitting Beside a Stream in a Forest --owned by--> Wildenstein & Company --owned by--> Nathan Wildenstein
row581,Q104530765|Q20539215,Q104530765,Hugo Nathan,Q20539215,Woman Sewing before a Garden Window,1,1,INCLUDE,0.95,1,INCLUDE,0.95,3,3,Q10288082,Wildenstein & Company,P1830,owner of,Hugo Nathan --owner of--> Lormes:  Goat-Girl Sitting Beside a Stream in a Forest --owned by--> Wildenstein & Company --owner of--> Woman Sewing before a Garden Window
row586,Q104530765|Q60469188,Q104530765,Hugo Nathan,Q60469188,Woman Reading,1,1,INCLUDE,0.95,1,INCLUDE,0.95,3,3,Q10288082,Wildenstein & Company,P1830,owner of,Hugo Nathan --owner of--> Lormes:  Goat-Girl Sitting Beside a Stream in a Forest --owned by--> Wildenstein & Company --owner of--> Woman Reading
row647,Q104530765|Q104694359,Q104530765,Hugo Nathan,Q104694359,WikiProject PCC Wikidata Pilot/Frick Art Reference Library,0,0,EXCLUDE,0.9,0,EXCLUDE,0.9,3,3,Q10288082,Wildenstein & Company,P5008,on focus list of Wikimedia project,Hugo Nathan --owner of--> Lormes:  Goat-Girl Sitting Beside a Stream in a Forest --owned by--> Wildenstein & Company --on focus list of Wikimedia project--> WikiProject PCC Wikidata Pilot/Frick Art Reference Library
row883,Q104530765|Q21479251,Q104530765,Hugo Nathan,Q21479251,The Lock at Pontoise,1,1,INCLUDE,0.95,1,INCLUDE,0.95,3,3,Q10288082,Wildenstein & Company,P1830,owner of,Hugo Nathan --owner of--> Lormes:  Goat-Girl Sitting Beside a Stream in a Forest --owned by--> Wildenstein & Company --owner of--> The Lock at Pontoise
row908,Q104530765|Q28035859,Q104530765,Hugo Nathan,Q28035859,Still Life with Mangoes and a Hibiscus Flower,1,1,INCLUDE,0.95,1,INCLUDE,0.95,3,3,Q17421944,Justin K. Thannhauser,P1830,owner of,Hugo Nathan --owner of--> Lormes:  Goat-Girl Sitting Beside a Stream in a Forest --owned by--> Justin K. Thannhauser --owner of--> Still Life with Mangoes and a Hibiscus Flower
row989,Q104530765|Q60514834,Q104530765,Hugo Nathan,Q60514834,Portrait of a Woman as Diana,1,1,INCLUDE,0.95,1,INCLUDE,0.95,3,3,Q10288082,Wildenstein & Company,P1830,owner of,Hugo Nathan --owner of--> Lormes:  Goat-Girl Sitting Beside a Stream in a Forest --owned by--> Wildenstein & Company --owner of--> Portrait of a Woman as Diana
row1210,Q104530765|Q28848149,Q104530765,Hugo Nathan,Q28848149,J. K. Thannhauser Art Gallery,1,1,INCLUDE,0.95,1,INCLUDE,0.95,3,3,Q17421944,Justin K. Thannhauser,P1830,owner of,Hugo Nathan --owner of--> Lormes:  Goat-Girl Sitting Beside a Stream in a Forest --owned by--> Justin K. Thannhauser --owner of--> J. K. Thannhauser Art Gallery
row1346,Q104530765|Q215626,Q104530765,Hugo Nathan,Q215626,Georges Wildenstein,1,1,INCLUDE,0.95,1,INCLUDE,0.95,3,3,Q10288082,Wildenstein & Company,P127,owned by,Hugo Nathan --owner of--> Lormes:  Goat-Girl Sitting Beside a Stream in a Forest --owned by--> Wildenstein & Company --owned by--> Georges Wildenstein
row1622,Q104530765|Q723358,Q104530765,Hugo Nathan,Q723358,Daniel Wildenstein,1,1,INCLUDE,0.95,1,INCLUDE,0.95,3,3,Q10288082,Wildenstein & Company,P127,owned by,Hugo Nathan --owner of--> Lormes:  Goat-Girl Sitting Beside a Stream in a Forest --owned by--> Wildenstein & Company --owned by--> Daniel Wildenstein
row1880,Q104530765|Q30335959,Q104530765,Hugo Nathan,Q30335959,Art Looting Investigation Unit,1,1,INCLUDE,0.98,1,INCLUDE,0.98,3,3,Q10288082,Wildenstein & Company,P1840,investigation of,Hugo Nathan --owner of--> Lormes:  Goat-Girl Sitting Beside a Stream in a Forest --owned by--> Wildenstein & Company --investigation of--> Art Looting Investigation Unit
row1908,Q104530765|Q173950,Q104530765,Hugo Nathan,Q173950,art dealer,1,1,INCLUDE,0.95,1,INCLUDE,0.95,3,3,Q17421944,Justin K. Thannhauser,P106,occupation,Hugo Nathan --owner of--> Lormes:  Goat-Girl Sitting Beside a Stream in a Forest --owned by--> Justin K. Thannhauser --occupation--> art dealer
row182,Q104530765|Q16000367,Q104530765,Hugo Nathan,Q16000367,horse breeder,0,0,EXCLUDE,0.95,0,EXCLUDE,0.95,4,4,Q3122208,Guy Wildenstein,P106,occupation,Hugo Nathan --owner of--> Lormes:  Goat-Girl Sitting Beside a Stream in a Forest --owned by--> Wildenstein & Company --owned by--> Guy Wildenstein --occupation--> horse breeder
row188,Q104530765|Q333256,Q104530765,Hugo Nathan,Q333256,"Hugh Grosvenor, 1st Duke of Westminster",0,1,INCLUDE,0.9,1,INCLUDE,0.9,4,4,Q60469507,Laban Searching for his Stolen Household Gods,P127,owned by,"Hugo Nathan --owner of--> Lormes:  Goat-Girl Sitting Beside a Stream in a Forest --owned by--> Wildenstein & Company --owner of--> Laban Searching for his Stolen Household Gods --owned by--> Hugh Grosvenor, 1st Duke of Westminster"
row542,Q104530765|Q66362718,Q104530765,Hugo Nathan,Q66362718,1001 Paintings You Must See Before You Die,0,0,EXCLUDE,0.85,0,EXCLUDE,0.85,4,4,Q20539215,Woman Sewing before a Garden Window,P1343,described by source,Hugo Nathan --owner of--> Lormes:  Goat-Girl Sitting Beside a Stream in a Forest --owned by--> Wildenstein & Company --owner of--> Woman Sewing before a Garden Window --described by source--> 1001 Paintings You Must See Before You Die
row614,Q104530765|Q61294807,Q104530765,Hugo Nathan,Q61294807,William Buchanan,0,1,INCLUDE,0.9,1,INCLUDE,0.9,4,4,Q60469507,Laban Searching for his Stolen Household Gods,P127,owned by,Hugo Nathan --owner of--> Lormes:  Goat-Girl Sitting Beside a Stream in a Forest --owned by--> Wildenstein & Company --owner of--> Laban Searching for his Stolen Household Gods --owned by--> William Buchanan
row626,Q104530765|Q3568152,Q104530765,Hugo Nathan,Q3568152,Wildenstein Institute,1,1,INCLUDE,0.9,1,INCLUDE,0.9,4,4,Q723358,Daniel Wildenstein,P1830,owner of,Hugo Nathan --owner of--> Lormes:  Goat-Girl Sitting Beside a Stream in a Forest --owned by--> Wildenstein & Company --owned by--> Daniel Wildenstein --owner of--> Wildenstein Institute
row842,Q104530765|Q56555894,Q104530765,Hugo Nathan,Q56555894,Theodore Schempp,1,1,INCLUDE,0.95,1,INCLUDE,0.95,4,4,Q1799228,La Vie,P127,owned by,Hugo Nathan --owner of--> Lormes:  Goat-Girl Sitting Beside a Stream in a Forest --owned by--> Justin K. Thannhauser --owner of--> La Vie --owned by--> Theodore Schempp
row879,Q104530765|Q55647114,Q104530765,Hugo Nathan,Q55647114,The Lute Player,0,1,INCLUDE,0.9,1,INCLUDE,0.9,4,4,Q723358,Daniel Wildenstein,P1830,owner of,Hugo Nathan --owner of--> Lormes:  Goat-Girl Sitting Beside a Stream in a Forest --owned by--> Wildenstein & Company --owned by--> Daniel Wildenstein --owner of--> The Lute Player
row954,Q104530765|Q2148186,Q104530765,Hugo Nathan,Q2148186,Rhode Island School of Design Museum,1,1,INCLUDE,0.95,1,INCLUDE,0.95,4,4,Q1799228,La Vie,P127,owned by,Hugo Nathan --owner of--> Lormes:  Goat-Girl Sitting Beside a Stream in a Forest --owned by--> Justin K. Thannhauser --owner of--> La Vie --owned by--> Rhode Island School of Design Museum
row961,Q104530765|Q673751,Q104530765,Hugo Nathan,Q673751,Reichsleiter Rosenberg Taskforce,1,1,INCLUDE,0.95,1,INCLUDE,0.95,4,4,Q60469188,Woman Reading,P127,owned by,Hugo Nathan --owner of--> Lormes:  Goat-Girl Sitting Beside a Stream in a Forest --owned by--> Wildenstein & Company --owner of--> Woman Reading --owned by--> Reichsleiter Rosenberg Taskforce
row1006,Q104530765|Q13218361,Q104530765,Hugo Nathan,Q13218361,polo player,0,0,EXCLUDE,0.95,0,EXCLUDE,0.95,4,4,Q3122208,Guy Wildenstein,P106,occupation,Hugo Nathan --owner of--> Lormes:  Goat-Girl Sitting Beside a Stream in a Forest --owned by--> Wildenstein & Company --owned by--> Guy Wildenstein --occupation--> polo player
row1138,Q104530765|Q1565911,Q104530765,Hugo Nathan,Q1565911,"Museum of Fine Arts, Houston",1,1,INCLUDE,0.95,1,INCLUDE,0.95,4,4,Q28035859,Still Life with Mangoes and a Hibiscus Flower,P127,owned by,"Hugo Nathan --owner of--> Lormes:  Goat-Girl Sitting Beside a Stream in a Forest --owned by--> Justin K. Thannhauser --owner of--> Still Life with Mangoes and a Hibiscus Flower --owned by--> Museum of Fine Arts, Houston"
row1178,Q104530765|Q18347243,Q104530765,Hugo Nathan,Q18347243,Lefevre Gallery,1,1,INCLUDE,0.95,1,INCLUDE,0.95,4,4,Q1799228,La Vie,P127,owned by,Hugo Nathan --owner of--> Lormes:  Goat-Girl Sitting Beside a Stream in a Forest --owned by--> Justin K. Thannhauser --owner of--> La Vie --owned by--> Lefevre Gallery
row1202,Q104530765|Q3067376,Q104530765,Hugo Nathan,Q3067376,Jacques Seligmann & Company,1,1,INCLUDE,0.95,1,INCLUDE,0.95,4,4,Q1799228,La Vie,P127,owned by,Hugo Nathan --owner of--> Lormes:  Goat-Girl Sitting Beside a Stream in a Forest --owned by--> Justin K. Thannhauser --owner of--> La Vie --owned by--> Jacques Seligmann & Company
row1384,Q104530765|Q47001605,Q104530765,Hugo Nathan,Q47001605,Galerie Fischer,1,1,INCLUDE,0.95,1,INCLUDE,0.95,4,4,Q28035859,Still Life with Mangoes and a Hibiscus Flower,P127,owned by,Hugo Nathan --owner of--> Lormes:  Goat-Girl Sitting Beside a Stream in a Forest --owned by--> Justin K. Thannhauser --owner of--> Still Life with Mangoes and a Hibiscus Flower --owned by--> Galerie Fischer
row1391,Q104530765|Q50990573,Q104530765,Hugo Nathan,Q50990573,Galerie Cailleux,1,1,INCLUDE,0.95,1,INCLUDE,0.95,4,4,Q60469188,Woman Reading,P127,owned by,Hugo Nathan --owner of--> Lormes:  Goat-Girl Sitting Beside a Stream in a Forest --owned by--> Wildenstein & Company --owner of--> Woman Reading --owned by--> Galerie Cailleux
row1406,Q104530765|Q19502360,Q104530765,Hugo Nathan,Q19502360,Fritz Meyer-Fierz,1,1,INCLUDE,0.95,1,INCLUDE,0.95,4,4,Q11771568,Madame Augustine Roulin with Baby,P127,owned by,Hugo Nathan --owner of--> Lormes:  Goat-Girl Sitting Beside a Stream in a Forest --owned by--> Justin K. Thannhauser --owner of--> Madame Augustine Roulin with Baby --owned by--> Fritz Meyer-Fierz
row1412,Q104530765|Q33315010,Q104530765,Hugo Nathan,Q33315010,Frederick Mont,1,1,INCLUDE,0.95,1,INCLUDE,0.95,4,4,Q60472554,Still Life with Herrings,P127,owned by,Hugo Nathan --owner of--> Lormes:  Goat-Girl Sitting Beside a Stream in a Forest --owned by--> Wildenstein & Company --owner of--> Still Life with Herrings --owned by--> Frederick Mont
row1474,Q104530765|Q20730464,Q104530765,Hugo Nathan,Q20730464,Étienne Bignou,1,1,INCLUDE,0.95,1,INCLUDE,0.95,4,4,Q1799228,La Vie,P127,owned by,Hugo Nathan --owner of--> Lormes:  Goat-Girl Sitting Beside a Stream in a Forest --owned by--> Justin K. Thannhauser --owner of--> La Vie --owned by--> Étienne Bignou
row1543,Q104530765|Q1607826,Q104530765,Hugo Nathan,Q1607826,editor,0,0,EXCLUDE,0.95,0,EXCLUDE,0.95,4,4,Q215626,Georges Wildenstein,P106,occupation,Hugo Nathan --owner of--> Lormes:  Goat-Girl Sitting Beside a Stream in a Forest --owned by--> Wildenstein & Company --owned by--> Georges Wildenstein --occupation--> editor
row1581,Q104530765|Q107676574,Q104530765,Hugo Nathan,Q107676574,Dr. Fritz Rosenfeld,1,1,INCLUDE,0.95,1,INCLUDE,0.95,4,4,Q28035859,Still Life with Mangoes and a Hibiscus Flower,P127,owned by,Hugo Nathan --owner of--> Lormes:  Goat-Girl Sitting Beside a Stream in a Forest --owned by--> Justin K. Thannhauser --owner of--> Still Life with Mangoes and a Hibiscus Flower --owned by--> Dr. Fritz Rosenfeld
row1587,Q104530765|Q25391673,Q104530765,Hugo Nathan,Q25391673,Domenica Walter,1,1,INCLUDE,0.95,1,INCLUDE,0.95,4,4,Q11771568,Madame Augustine Roulin with Baby,P127,owned by,Hugo Nathan --owner of--> Lormes:  Goat-Girl Sitting Beside a Stream in a Forest --owned by--> Justin K. Thannhauser --owner of--> Madame Augustine Roulin with Baby --owned by--> Domenica Walter
row1618,Q104530765|Q17254907,Q104530765,Hugo Nathan,Q17254907,David Graham Carritt,1,1,INCLUDE,0.95,1,INCLUDE,0.95,4,4,Q21479251,The Lock at Pontoise,P127,owned by,Hugo Nathan --owner of--> Lormes:  Goat-Girl Sitting Beside a Stream in a Forest --owned by--> Wildenstein & Company --owner of--> The Lock at Pontoise --owned by--> David Graham Carritt
row1679,Q104530765|Q60729883,Q104530765,Hugo Nathan,Q60729883,Cleveland Museum of Art Open Access project,0,0,EXCLUDE,0.9,0,EXCLUDE,0.9,4,4,Q60515791,Reading,P5008,on focus list of Wikimedia project,Hugo Nathan --owner of--> Lormes:  Goat-Girl Sitting Beside a Stream in a Forest --owned by--> Wildenstein & Company --owner of--> Reading --on focus list of Wikimedia project--> Cleveland Museum of Art Open Access project
row1684,Q104530765|Q657415,Q104530765,Hugo Nathan,Q657415,Cleveland Museum of Art,1,1,INCLUDE,0.95,1,INCLUDE,0.95,4,4,Q1799228,La Vie,P127,owned by,Hugo Nathan --owner of--> Lormes:  Goat-Girl Sitting Beside a Stream in a Forest --owned by--> Justin K. Thannhauser --owner of--> La Vie --owned by--> Cleveland Museum of Art
row1771,Q104530765|Q43845,Q104530765,Hugo Nathan,Q43845,businessperson,0,0,EXCLUDE,0.95,0,EXCLUDE,0.95,4,4,Q3122208,Guy Wildenstein,P106,occupation,Hugo Nathan --owner of--> Lormes:  Goat-Girl Sitting Beside a Stream in a Forest --owned by--> Wildenstein & Company --owned by--> Guy Wildenstein --occupation--> businessperson
row1874,Q104530765|Q83874292,Q104530765,Hugo Nathan,Q83874292,Artemis S.A.,1,1,INCLUDE,0.9,1,INCLUDE,0.9,4,4,Q21479251,The Lock at Pontoise,P127,owned by,Hugo Nathan --owner of--> Lormes:  Goat-Girl Sitting Beside a Stream in a Forest --owned by--> Wildenstein & Company --owner of--> The Lock at Pontoise --owned by--> Artemis S.A.
row1896,Q104530765|Q1792450,Q104530765,Hugo Nathan,Q1792450,art historian,1,0,EXCLUDE,0.85,0,EXCLUDE,0.85,4,4,Q12954454,Nathan Wildenstein,P106,occupation,Hugo Nathan --owner of--> Lormes:  Goat-Girl Sitting Beside a Stream in a Forest --owned by--> Wildenstein & Company --owned by--> Nathan Wildenstein --occupation--> art historian
row2004,Q104530765|Q28860082,Q104530765,Hugo Nathan,Q28860082,Amédée Schuffenecker,1,1,INCLUDE,0.95,1,INCLUDE,0.95,4,4,Q11771568,Madame Augustine Roulin with Baby,P127,owned by,Hugo Nathan --owner of--> Lormes:  Goat-Girl Sitting Beside a Stream in a Forest --owned by--> Justin K. Thannhauser --owner of--> Madame Augustine Roulin with Baby --owned by--> Amédée Schuffenecker
row5,Q104530765|Q36180,Q104530765,Hugo Nathan,Q36180,writer,0,0,EXCLUDE,0.95,0,EXCLUDE,0.95,5,5,Q264193,Émile Bernard,P106,occupation,Hugo Nathan --owner of--> Lormes:  Goat-Girl Sitting Beside a Stream in a Forest --owned by--> Justin K. Thannhauser --owner of--> Madame Augustine Roulin with Baby --owned by--> Émile Bernard --occupation--> writer
row24,Q104530765|Q47309996,Q104530765,Hugo Nathan,Q47309996,Adolf Wuester,1,1,INCLUDE,0.9,1,INCLUDE,0.9,5,5,Q20730464,Étienne Bignou,P3342,significant person,Hugo Nathan --owner of--> Lormes:  Goat-Girl Sitting Beside a Stream in a Forest --owned by--> Justin K. Thannhauser --owner of--> La Vie --owned by--> Étienne Bignou --significant person--> Adolf Wuester
row31,Q104530765|Q68074438,Q104530765,Hugo Nathan,Q68074438,WikiProject Livius,0,0,EXCLUDE,0.95,0,EXCLUDE,0.95,5,5,Q657415,Cleveland Museum of Art,P5008,on focus list of Wikimedia project,Hugo Nathan --owner of--> Lormes:  Goat-Girl Sitting Beside a Stream in a Forest --owned by--> Justin K. Thannhauser --owner of--> La Vie --owned by--> Cleveland Museum of Art --on focus list of Wikimedia project--> WikiProject Livius
row60,Q104530765|Q87842429,Q104530765,Hugo Nathan,Q87842429,"Apple, Pear and Orange",1,1,INCLUDE,1.0,1,INCLUDE,1.0,5,5,Q20730464,Étienne Bignou,P1830,owner of,"Hugo Nathan --owner of--> Lormes:  Goat-Girl Sitting Beside a Stream in a Forest --owned by--> Justin K. Thannhauser --owner of--> La Vie --owned by--> Étienne Bignou --owner of--> Apple, Pear and Orange"
row67,Q104530765|Q3181656,Q104530765,Hugo Nathan,Q3181656,The Nuttall Encyclopædia,0,0,EXCLUDE,0.95,0,EXCLUDE,0.95,5,5,Q542800,Guillaume Dubois,P1343,described by source,Hugo Nathan --owner of--> Lormes:  Goat-Girl Sitting Beside a Stream in a Forest --owned by--> Wildenstein & Company --owner of--> Portrait of Cardinal Guillaume Dubois --main subject--> Guillaume Dubois --described by source--> The Nuttall Encyclopædia
row108,Q104530765|Q96297,Q104530765,Hugo Nathan,Q96297,Emil Georg Bührle,1,1,INCLUDE,0.95,1,INCLUDE,0.95,5,5,Q47001605,Galerie Fischer,P3342,significant person,Hugo Nathan --owner of--> Lormes:  Goat-Girl Sitting Beside a Stream in a Forest --owned by--> Justin K. Thannhauser --owner of--> Still Life with Mangoes and a Hibiscus Flower --owned by--> Galerie Fischer --significant person--> Emil Georg Bührle
row144,Q104530765|Q1768721,Q104530765,Hugo Nathan,Q1768721,Gujin Tushu Jicheng,0,0,PRUNED_BY_ANCESTOR,,0,EXCLUDE,0.99,5,5,Q43845,businessperson,P1343,described by source,Hugo Nathan --owner of--> Lormes:  Goat-Girl Sitting Beside a Stream in a Forest --owned by--> Wildenstein & Company --owned by--> Guy Wildenstein --occupation--> businessperson --described by source--> Gujin Tushu Jicheng
row161,Q104530765|Q58433306,Q104530765,Hugo Nathan,Q58433306,"Hans Haacke,Framing and Being Framed: 7 Works, 1970–75",1,1,INCLUDE,0.85,1,INCLUDE,0.85,5,5,Q1773840,provenance,P1343,described by source,"Hugo Nathan --owner of--> Lormes:  Goat-Girl Sitting Beside a Stream in a Forest --owned by--> Justin K. Thannhauser --on focus list of Wikimedia project--> WikiProject Provenance --main subject--> provenance --described by source--> Hans Haacke,Framing and Being Framed: 7 Works, 1970–75"
row170,Q104530765|Q89929597,Q104530765,Hugo Nathan,Q89929597,hedendaagsesieraden.nl,0,0,EXCLUDE,0.9,0,EXCLUDE,0.9,5,5,Q1565911,"Museum of Fine Arts, Houston",P1343,described by source,"Hugo Nathan --owner of--> Lormes:  Goat-Girl Sitting Beside a Stream in a Forest --owned by--> Justin K. Thannhauser --owner of--> Still Life with Mangoes and a Hibiscus Flower --owned by--> Museum of Fine Arts, Houston --described by source--> hedendaagsesieraden.nl"
row179,Q104530765|Q27051827,Q104530765,Hugo Nathan,Q27051827,"Hoff's Kurze Biographien, vol 2",0,0,EXCLUDE,0.95,0,EXCLUDE,0.95,5,5,Q542800,Guillaume Dubois,P1343,described by source,"Hugo Nathan --owner of--> Lormes:  Goat-Girl Sitting Beside a Stream in a Forest --owned by--> Wildenstein & Company --owner of--> Portrait of Cardinal Guillaume Dubois --main subject--> Guillaume Dubois --described by source--> Hoff's Kurze Biographien, vol 2"
row193,Q104530765|Q106727050,Q104530765,Hugo Nathan,Q106727050,Metropolitan Museum of Art Tagging Vocabulary,1,0,EXCLUDE,0.95,0,EXCLUDE,0.95,5,5,Q9309699,Madonna and Child,P1343,described by source,Hugo Nathan --owner of--> Lormes:  Goat-Girl Sitting Beside a Stream in a Forest --owned by--> Wildenstein & Company --owner of--> Madonna and Child Enthroned --main subject--> Madonna and Child --described by source--> Metropolitan Museum of Art Tagging Vocabulary
row210,Q104530765|Q100708933,Q104530765,Hugo Nathan,Q100708933,Martin Fabiani,1,1,INCLUDE,0.95,1,INCLUDE,0.95,5,5,Q20730464,Étienne Bignou,P3342,significant person,Hugo Nathan --owner of--> Lormes:  Goat-Girl Sitting Beside a Stream in a Forest --owned by--> Justin K. Thannhauser --owner of--> La Vie --owned by--> Étienne Bignou --significant person--> Martin Fabiani
row215,Q104530765|Q3175096,Q104530765,Hugo Nathan,Q3175096,Jean Walter,1,1,INCLUDE,0.85,1,INCLUDE,0.85,5,5,Q25391673,Domenica Walter,P26,spouse,Hugo Nathan --owner of--> Lormes:  Goat-Girl Sitting Beside a Stream in a Forest --owned by--> Justin K. Thannhauser --owner of--> Madame Augustine Roulin with Baby --owned by--> Domenica Walter --spouse--> Jean Walter
row274,Q104530765|Q49246672,Q104530765,Hugo Nathan,Q49246672,Mount of Sainte-Victoire,1,1,INCLUDE,0.95,1,INCLUDE,0.95,5,5,Q20730464,Étienne Bignou,P1830,owner of,Hugo Nathan --owner of--> Lormes:  Goat-Girl Sitting Beside a Stream in a Forest --owned by--> Justin K. Thannhauser --owner of--> La Vie --owned by--> Étienne Bignou --owner of--> Mount of Sainte-Victoire
row294,Q104530765|Q67311526,Q104530765,Hugo Nathan,Q67311526,Obalky knih.cz,0,0,EXCLUDE,0.95,0,EXCLUDE,0.95,5,5,Q542800,Guillaume Dubois,P1343,described by source,Hugo Nathan --owner of--> Lormes:  Goat-Girl Sitting Beside a Stream in a Forest --owned by--> Wildenstein & Company --owner of--> Portrait of Cardinal Guillaume Dubois --main subject--> Guillaume Dubois --described by source--> Obalky knih.cz
row339,Q104530765|Q47310686,Q104530765,Hugo Nathan,Q47310686,Paul Cailleux,1,1,INCLUDE,0.95,1,INCLUDE,0.95,5,5,Q50990573,Galerie Cailleux,P127,owned by,Hugo Nathan --owner of--> Lormes:  Goat-Girl Sitting Beside a Stream in a Forest --owned by--> Wildenstein & Company --owner of--> Woman Reading --owned by--> Galerie Cailleux --owned by--> Paul Cailleux
row352,Q104530765|Q49757,Q104530765,Hugo Nathan,Q49757,poet,0,0,EXCLUDE,0.95,0,EXCLUDE,0.95,5,5,Q264193,Émile Bernard,P106,occupation,Hugo Nathan --owner of--> Lormes:  Goat-Girl Sitting Beside a Stream in a Forest --owned by--> Justin K. Thannhauser --owner of--> Madame Augustine Roulin with Baby --owned by--> Émile Bernard --occupation--> poet
row378,Q104530765|Q27096203,Q104530765,Hugo Nathan,Q27096203,Saint John the Baptist,1,1,INCLUDE,0.9,1,INCLUDE,0.9,5,5,Q657415,Cleveland Museum of Art,P1830,owner of,Hugo Nathan --owner of--> Lormes:  Goat-Girl Sitting Beside a Stream in a Forest --owned by--> Justin K. Thannhauser --owner of--> La Vie --owned by--> Cleveland Museum of Art --owner of--> Saint John the Baptist
row418,Q104530765|Q73357989,Q104530765,Hugo Nathan,Q73357989,Survey of GLAM open access policy and practice,0,0,EXCLUDE,0.95,0,EXCLUDE,0.95,5,5,Q2148186,Rhode Island School of Design Museum,P1343,described by source,Hugo Nathan --owner of--> Lormes:  Goat-Girl Sitting Beside a Stream in a Forest --owned by--> Justin K. Thannhauser --owner of--> La Vie --owned by--> Rhode Island School of Design Museum --described by source--> Survey of GLAM open access policy and practice
row426,Q104530765|Q1766280,Q104530765,Hugo Nathan,Q1766280,Svensk uppslagsbok,0,0,EXCLUDE,0.98,0,EXCLUDE,0.98,5,5,Q542800,Guillaume Dubois,P1343,described by source,Hugo Nathan --owner of--> Lormes:  Goat-Girl Sitting Beside a Stream in a Forest --owned by--> Wildenstein & Company --owner of--> Portrait of Cardinal Guillaume Dubois --main subject--> Guillaume Dubois --described by source--> Svensk uppslagsbok
row428,Q104530765|Q250867,Q104530765,Hugo Nathan,Q250867,Catholic priest,0,0,EXCLUDE,0.98,0,EXCLUDE,0.98,5,5,Q542800,Guillaume Dubois,P106,occupation,Hugo Nathan --owner of--> Lormes:  Goat-Girl Sitting Beside a Stream in a Forest --owned by--> Wildenstein & Company --owner of--> Portrait of Cardinal Guillaume Dubois --main subject--> Guillaume Dubois --occupation--> Catholic priest
row432,Q104530765|Q25393460,Q104530765,Hugo Nathan,Q25393460,Catholic deacon,0,0,EXCLUDE,0.98,0,EXCLUDE,0.98,5,5,Q542800,Guillaume Dubois,P106,occupation,Hugo Nathan --owner of--> Lormes:  Goat-Girl Sitting Beside a Stream in a Forest --owned by--> Wildenstein & Company --owner of--> Portrait of Cardinal Guillaume Dubois --main subject--> Guillaume Dubois --occupation--> Catholic deacon
row439,Q104530765|Q1039808,Q104530765,Hugo Nathan,Q1039808,Carl Montag,1,1,INCLUDE,0.9,1,INCLUDE,0.9,5,5,Q108515220,Seascape,P127,owned by,Hugo Nathan --owner of--> Lormes:  Goat-Girl Sitting Beside a Stream in a Forest --owned by--> Wildenstein & Company --owned by--> Georges Wildenstein --owner of--> Seascape --owned by--> Carl Montag
row452,Q104530765|Q602358,Q104530765,Hugo Nathan,Q602358,Brockhaus and Efron Encyclopedic Dictionary,0,0,EXCLUDE,0.98,0,EXCLUDE,0.98,5,5,Q542800,Guillaume Dubois,P1343,described by source,Hugo Nathan --owner of--> Lormes:  Goat-Girl Sitting Beside a Stream in a Forest --owned by--> Wildenstein & Company --owner of--> Portrait of Cardinal Guillaume Dubois --main subject--> Guillaume Dubois --described by source--> Brockhaus and Efron Encyclopedic Dictionary
row466,Q104530765|Q7720110,Q104530765,Hugo Nathan,Q7720110,The Brierwood Pipe,0,1,INCLUDE,0.9,1,INCLUDE,0.9,5,5,Q657415,Cleveland Museum of Art,P1830,owner of,Hugo Nathan --owner of--> Lormes:  Goat-Girl Sitting Beside a Stream in a Forest --owned by--> Justin K. Thannhauser --owner of--> La Vie --owned by--> Cleveland Museum of Art --owner of--> The Brierwood Pipe
row548,Q104530765|Q107750647,Q104530765,Hugo Nathan,Q107750647,Zürcher Kunstgesellschaft,1,1,INCLUDE,0.95,1,INCLUDE,0.95,5,5,Q108515220,Seascape,P127,owned by,Hugo Nathan --owner of--> Lormes:  Goat-Girl Sitting Beside a Stream in a Forest --owned by--> Wildenstein & Company --owned by--> Georges Wildenstein --owner of--> Seascape --owned by--> Zürcher Kunstgesellschaft
row609,Q104530765|Q20735394,Q104530765,Hugo Nathan,Q20735394,Wineglass and a Bowl of Fruit,1,1,INCLUDE,0.95,1,INCLUDE,0.95,5,5,Q33315010,Frederick Mont,P1830,owner of,Hugo Nathan --owner of--> Lormes:  Goat-Girl Sitting Beside a Stream in a Forest --owned by--> Wildenstein & Company --owner of--> Still Life with Herrings --owned by--> Frederick Mont --owner of--> Wineglass and a Bowl of Fruit
row689,Q104530765|Q17505902,Q104530765,Hugo Nathan,Q17505902,watercolorist,0,0,EXCLUDE,0.98,0,EXCLUDE,0.98,5,5,Q264193,Émile Bernard,P106,occupation,Hugo Nathan --owner of--> Lormes:  Goat-Girl Sitting Beside a Stream in a Forest --owned by--> Justin K. Thannhauser --owner of--> Madame Augustine Roulin with Baby --owned by--> Émile Bernard --occupation--> watercolorist
row701,Q104530765|Q107177051,Q104530765,Hugo Nathan,Q107177051,Walter Feilchenfeldt Jr.,1,1,INCLUDE,0.99,1,INCLUDE,0.99,5,5,Q90927,Marianne Breslauer (Feilchenfeldt),P40,child,Hugo Nathan --owner of--> Lormes:  Goat-Girl Sitting Beside a Stream in a Forest --owned by--> Justin K. Thannhauser --owner of--> Still Life with Mangoes and a Hibiscus Flower --owned by--> Marianne Breslauer (Feilchenfeldt) --child--> Walter Feilchenfeldt Jr.
row705,Q104530765|Q2544162,Q104530765,Hugo Nathan,Q2544162,Walter Feilchenfeldt,1,1,INCLUDE,0.98,1,INCLUDE,0.98,5,5,Q90927,Marianne Breslauer (Feilchenfeldt),P26,spouse,Hugo Nathan --owner of--> Lormes:  Goat-Girl Sitting Beside a Stream in a Forest --owned by--> Justin K. Thannhauser --owner of--> Still Life with Mangoes and a Hibiscus Flower --owned by--> Marianne Breslauer (Feilchenfeldt) --spouse--> Walter Feilchenfeldt
row708,Q104530765|Q7964251,Q104530765,Hugo Nathan,Q7964251,Walter Bareiss,1,1,INCLUDE,0.9,1,INCLUDE,0.9,5,5,Q83874292,Artemis S.A.,P3342,significant person,Hugo Nathan --owner of--> Lormes:  Goat-Girl Sitting Beside a Stream in a Forest --owned by--> Wildenstein & Company --owner of--> The Lock at Pontoise --owned by--> Artemis S.A. --significant person--> Walter Bareiss
row725,Q104530765|Q2528876,Q104530765,Hugo Nathan,Q2528876,Vittorio Cini,0,1,INCLUDE,0.95,1,INCLUDE,0.95,5,5,Q3399442,Portrait of Giuliano de' Medici,P127,owned by,Hugo Nathan --owner of--> Lormes:  Goat-Girl Sitting Beside a Stream in a Forest --owned by--> Wildenstein & Company --owned by--> Georges Wildenstein --owner of--> Portrait of Giuliano de' Medici --owned by--> Vittorio Cini
row729,Q104530765|Q3391743,Q104530765,Hugo Nathan,Q3391743,visual artist,0,0,EXCLUDE,0.98,0,EXCLUDE,0.98,5,5,Q264193,Émile Bernard,P106,occupation,Hugo Nathan --owner of--> Lormes:  Goat-Girl Sitting Beside a Stream in a Forest --owned by--> Justin K. Thannhauser --owner of--> Madame Augustine Roulin with Baby --owned by--> Émile Bernard --occupation--> visual artist
row739,Q104530765|Q7933233,Q104530765,Hugo Nathan,Q7933233,"Violet Cripps, Baroness Parmoor",0,0,EXCLUDE,0.9,0,EXCLUDE,0.9,5,5,Q1384654,"Hugh Grosvenor, 2nd Duke of Westminster",P26,spouse,"Hugo Nathan --owner of--> Lormes:  Goat-Girl Sitting Beside a Stream in a Forest --owned by--> Wildenstein & Company --owner of--> Laban Searching for his Stolen Household Gods --owned by--> Hugh Grosvenor, 2nd Duke of Westminster --spouse--> Violet Cripps, Baroness Parmoor"
row849,Q104530765|Q19429021,Q104530765,Hugo Nathan,Q19429021,Theodor Fischer,1,1,INCLUDE,0.99,1,INCLUDE,0.99,5,5,Q108515220,Seascape,P127,owned by,Hugo Nathan --owner of--> Lormes:  Goat-Girl Sitting Beside a Stream in a Forest --owned by--> Wildenstein & Company --owned by--> Georges Wildenstein --owner of--> Seascape --owned by--> Theodor Fischer
row891,Q104530765|Q64212048,Q104530765,Hugo Nathan,Q64212048,The Glade,1,1,INCLUDE,0.9,1,INCLUDE,0.9,5,5,Q110491663,Alma Staub-Terlinden,P1830,owner of,Hugo Nathan --owner of--> Lormes:  Goat-Girl Sitting Beside a Stream in a Forest --owned by--> Wildenstein & Company --owner of--> Woman Sewing before a Garden Window --owned by--> Alma Staub-Terlinden --owner of--> The Glade
row939,Q104530765|Q104917373,Q104530765,Hugo Nathan,Q104917373,Romantic Painting with Ruins,1,1,INCLUDE,0.95,1,INCLUDE,0.95,5,5,Q47001605,Galerie Fischer,P1830,owner of,Hugo Nathan --owner of--> Lormes:  Goat-Girl Sitting Beside a Stream in a Forest --owned by--> Justin K. Thannhauser --owner of--> Still Life with Mangoes and a Hibiscus Flower --owned by--> Galerie Fischer --owner of--> Romantic Painting with Ruins
row1012,Q104530765|Q82955,Q104530765,Hugo Nathan,Q82955,politician,0,0,EXCLUDE,0.98,0,EXCLUDE,0.98,5,5,Q1384654,"Hugh Grosvenor, 2nd Duke of Westminster",P106,occupation,"Hugo Nathan --owner of--> Lormes:  Goat-Girl Sitting Beside a Stream in a Forest --owned by--> Wildenstein & Company --owner of--> Laban Searching for his Stolen Household Gods --owned by--> Hugh Grosvenor, 2nd Duke of Westminster --occupation--> politician"
row1056,Q104530765|Q33231,Q104530765,Hugo Nathan,Q33231,photographer,0,0,EXCLUDE,0.95,0,EXCLUDE,0.95,5,5,Q264193,Émile Bernard,P106,occupation,Hugo Nathan --owner of--> Lormes:  Goat-Girl Sitting Beside a Stream in a Forest --owned by--> Justin K. Thannhauser --owner of--> Madame Augustine Roulin with Baby --owned by--> Émile Bernard --occupation--> photographer
row1164,Q104530765|Q78684258,Q104530765,Hugo Nathan,Q78684258,Mandolin and Vase of Flowers,1,1,INCLUDE,0.95,1,INCLUDE,0.95,5,5,Q56555894,Theodore Schempp,P1830,owner of,Hugo Nathan --owner of--> Lormes:  Goat-Girl Sitting Beside a Stream in a Forest --owned by--> Justin K. Thannhauser --owner of--> La Vie --owned by--> Theodore Schempp --owner of--> Mandolin and Vase of Flowers
row1204,Q104530765|Q3159990,Q104530765,Hugo Nathan,Q3159990,Jacques Seligmann,1,1,INCLUDE,0.95,1,INCLUDE,0.95,5,5,Q3067376,Jacques Seligmann & Company,P127,owned by,Hugo Nathan --owner of--> Lormes:  Goat-Girl Sitting Beside a Stream in a Forest --owned by--> Justin K. Thannhauser --owner of--> La Vie --owned by--> Jacques Seligmann & Company --owned by--> Jacques Seligmann
row1233,Q104530765|Q15432931,Q104530765,Hugo Nathan,Q15432931,Hermann Bunjes,1,1,INCLUDE,0.85,1,INCLUDE,0.85,5,5,Q20730464,Étienne Bignou,P3342,significant person,Hugo Nathan --owner of--> Lormes:  Goat-Girl Sitting Beside a Stream in a Forest --owned by--> Justin K. Thannhauser --owner of--> La Vie --owned by--> Étienne Bignou --significant person--> Hermann Bunjes
row1256,Q104530765|Q20078554,Q104530765,Hugo Nathan,Q20078554,Great Soviet Encyclopedia (1926–1947),0,0,EXCLUDE,0.95,0,EXCLUDE,0.95,5,5,Q264193,Émile Bernard,P1343,described by source,Hugo Nathan --owner of--> Lormes:  Goat-Girl Sitting Beside a Stream in a Forest --owned by--> Justin K. Thannhauser --owner of--> Madame Augustine Roulin with Baby --owned by--> Émile Bernard --described by source--> Great Soviet Encyclopedia (1926–1947)
row1270,Q104530765|Q1925963,Q104530765,Hugo Nathan,Q1925963,graphic artist,0,0,EXCLUDE,0.95,0,EXCLUDE,0.95,5,5,Q264193,Émile Bernard,P106,occupation,Hugo Nathan --owner of--> Lormes:  Goat-Girl Sitting Beside a Stream in a Forest --owned by--> Justin K. Thannhauser --owner of--> Madame Augustine Roulin with Baby --owned by--> Émile Bernard --occupation--> graphic artist
row1334,Q104530765|Q47035126,Q104530765,Hugo Nathan,Q47035126,Gottfried Tanner,1,1,INCLUDE,0.9,1,INCLUDE,0.9,5,5,Q20730464,Étienne Bignou,P3342,significant person,Hugo Nathan --owner of--> Lormes:  Goat-Girl Sitting Beside a Stream in a Forest --owned by--> Justin K. Thannhauser --owner of--> La Vie --owned by--> Étienne Bignou --significant person--> Gottfried Tanner
row1339,Q104530765|Q298877,Q104530765,Hugo Nathan,Q298877,Giuliano de' Medici,0,0,EXCLUDE,0.85,0,EXCLUDE,0.85,5,5,Q3399442,Portrait of Giuliano de' Medici,P921,main subject,Hugo Nathan --owner of--> Lormes:  Goat-Girl Sitting Beside a Stream in a Forest --owned by--> Wildenstein & Company --owned by--> Georges Wildenstein --owner of--> Portrait of Giuliano de' Medici --main subject--> Giuliano de' Medici
row1344,Q104530765|Q5550990,Q104530765,Hugo Nathan,Q5550990,Germain Seligman,1,1,INCLUDE,0.95,1,INCLUDE,0.95,5,5,Q3067376,Jacques Seligmann & Company,P127,owned by,Hugo Nathan --owner of--> Lormes:  Goat-Girl Sitting Beside a Stream in a Forest --owned by--> Justin K. Thannhauser --owner of--> La Vie --owned by--> Jacques Seligmann & Company --owned by--> Germain Seligman
row1368,Q104530765|Q20771242,Q104530765,Hugo Nathan,Q20771242,gallerist,1,0,PRUNED_BY_ANCESTOR,,1,INCLUDE,0.8,5,5,,,,,
row1465,Q104530765|Q53563347,Q104530765,Hugo Nathan,Q53563347,Eugene Thaw,1,1,INCLUDE,0.95,1,INCLUDE,0.95,5,5,Q83874292,Artemis S.A.,P127,owned by,Hugo Nathan --owner of--> Lormes:  Goat-Girl Sitting Beside a Stream in a Forest --owned by--> Wildenstein & Company --owner of--> The Lock at Pontoise --owned by--> Artemis S.A. --owned by--> Eugene Thaw
row1499,Q104530765|Q131524,Q104530765,Hugo Nathan,Q131524,entrepreneur,0,0,EXCLUDE,0.9,0,EXCLUDE,0.9,5,5,Q19502360,Fritz Meyer-Fierz,P106,occupation,Hugo Nathan --owner of--> Lormes:  Goat-Girl Sitting Beside a Stream in a Forest --owned by--> Justin K. Thannhauser --owner of--> Madame Augustine Roulin with Baby --owned by--> Fritz Meyer-Fierz --occupation--> entrepreneur
row1508,Q104530765|Q329439,Q104530765,Hugo Nathan,Q329439,engraver,0,0,EXCLUDE,0.9,0,EXCLUDE,0.9,5,5,Q264193,Émile Bernard,P106,occupation,Hugo Nathan --owner of--> Lormes:  Goat-Girl Sitting Beside a Stream in a Forest --owned by--> Justin K. Thannhauser --owner of--> Madame Augustine Roulin with Baby --owned by--> Émile Bernard --occupation--> engraver
row1572,Q104530765|Q14623005,Q104530765,Hugo Nathan,Q14623005,draftsperson,0,0,EXCLUDE,0.9,0,EXCLUDE,0.9,5,5,Q264193,Émile Bernard,P106,occupation,Hugo Nathan --owner of--> Lormes:  Goat-Girl Sitting Beside a Stream in a Forest --owned by--> Justin K. Thannhauser --owner of--> Madame Augustine Roulin with Baby --owned by--> Émile Bernard --occupation--> draftsperson
row1626,Q104530765|Q867510,Q104530765,Hugo Nathan,Q867510,Cypresses,1,1,INCLUDE,0.95,1,INCLUDE,0.95,5,5,Q19502360,Fritz Meyer-Fierz,P1830,owner of,Hugo Nathan --owner of--> Lormes:  Goat-Girl Sitting Beside a Stream in a Forest --owned by--> Justin K. Thannhauser --owner of--> Madame Augustine Roulin with Baby --owned by--> Fritz Meyer-Fierz --owner of--> Cypresses
row1644,Q104530765|Q60476309,Q104530765,Hugo Nathan,Q60476309,Countess Széchenyi,1,1,INCLUDE,0.9,1,INCLUDE,0.9,5,5,Q17254907,David Graham Carritt,P1830,owner of,Hugo Nathan --owner of--> Lormes:  Goat-Girl Sitting Beside a Stream in a Forest --owned by--> Wildenstein & Company --owner of--> The Lock at Pontoise --owned by--> David Graham Carritt --owner of--> Countess Széchenyi
row1714,Q104530765|Q2960213,Q104530765,Hugo Nathan,Q2960213,Charles Sedelmeyer,1,1,INCLUDE,0.95,1,INCLUDE,0.95,5,5,Q21470328,Portrait of Petronella Buys,P127,owned by,Hugo Nathan --owner of--> Lormes:  Goat-Girl Sitting Beside a Stream in a Forest --owned by--> Wildenstein & Company --owned by--> Daniel Wildenstein --owner of--> Portrait of Petronella Buys --owned by--> Charles Sedelmeyer
row1726,Q104530765|Q21069797,Q104530765,Hugo Nathan,Q21069797,Charles Carstairs,1,1,INCLUDE,0.95,1,INCLUDE,0.95,5,5,Q10288073,M. Knoedler & Co.,P127,owned by,Hugo Nathan --owner of--> Lormes:  Goat-Girl Sitting Beside a Stream in a Forest --owned by--> Justin K. Thannhauser --owner of--> Madame Augustine Roulin with Baby --owned by--> M. Knoedler & Co. --owned by--> Charles Carstairs
row1813,Q104530765|Q15619234,Q104530765,Hugo Nathan,Q15619234,Bignou Gallery,1,1,INCLUDE,0.95,1,INCLUDE,0.95,5,5,Q20730464,Étienne Bignou,P1830,owner of,Hugo Nathan --owner of--> Lormes:  Goat-Girl Sitting Beside a Stream in a Forest --owned by--> Justin K. Thannhauser --owner of--> La Vie --owned by--> Étienne Bignou --owner of--> Bignou Gallery
row1826,Q104530765|Q98605872,Q104530765,Hugo Nathan,Q98605872,Bernhard Witke,1,1,INCLUDE,0.85,1,INCLUDE,0.85,5,5,Q33315010,Frederick Mont,P3342,significant person,Hugo Nathan --owner of--> Lormes:  Goat-Girl Sitting Beside a Stream in a Forest --owned by--> Wildenstein & Company --owner of--> Still Life with Herrings --owned by--> Frederick Mont --significant person--> Bernhard Witke
row1891,Q104530765|Q50637,Q104530765,Hugo Nathan,Q50637,art history,1,1,INCLUDE,0.9,1,INCLUDE,0.9,5,5,Q3568152,Wildenstein Institute,P921,main subject,Hugo Nathan --owner of--> Lormes:  Goat-Girl Sitting Beside a Stream in a Forest --owned by--> Wildenstein & Company --owned by--> Daniel Wildenstein --owner of--> Wildenstein Institute --main subject--> art history
row1947,Q104530765|Q97940197,Q104530765,Hugo Nathan,Q97940197,Arnold Seligmann,1,1,INCLUDE,0.95,1,INCLUDE,0.95,5,5,Q3067376,Jacques Seligmann & Company,P127,owned by,Hugo Nathan --owner of--> Lormes:  Goat-Girl Sitting Beside a Stream in a Forest --owned by--> Justin K. Thannhauser --owner of--> La Vie --owned by--> Jacques Seligmann & Company --owned by--> Arnold Seligmann
row1957,Q104530765|Q363383,Q104530765,Hugo Nathan,Q363383,Armand Hammer,1,1,INCLUDE,0.95,1,INCLUDE,0.95,5,5,Q10288073,M. Knoedler & Co.,P127,owned by,Hugo Nathan --owner of--> Lormes:  Goat-Girl Sitting Beside a Stream in a Forest --owned by--> Justin K. Thannhauser --owner of--> Madame Augustine Roulin with Baby --owned by--> M. Knoedler & Co. --owned by--> Armand Hammer
row2017,Q104530765|Q2644753,Q104530765,Hugo Nathan,Q2644753,Alfred Breslauer,1,0,EXCLUDE,0.8,0,EXCLUDE,0.8,5,5,Q90927,Marianne Breslauer (Feilchenfeldt),P22,father,Hugo Nathan --owner of--> Lormes:  Goat-Girl Sitting Beside a Stream in a Forest --owned by--> Justin K. Thannhauser --owner of--> Still Life with Mangoes and a Hibiscus Flower --owned by--> Marianne Breslauer (Feilchenfeldt) --father--> Alfred Breslauer
row9,Q11770767|Q36180,Q11770767,Still life with coffee pot  dishes and fruit,Q36180,writer,0,0,EXCLUDE,0.95,0,EXCLUDE,0.95,2,2,Q61662,Carl Sternheim,P106,occupation,"Still life with coffee pot, dishes and fruit --owned by--> Carl Sternheim --occupation--> writer"
row226,Q11770767|Q26221124,Q11770767,Still life with coffee pot  dishes and fruit,Q26221124,L'Arlésienne,0,1,INCLUDE,0.95,1,INCLUDE,0.95,2,2,Q61662,Carl Sternheim,P1830,owner of,"Still life with coffee pot, dishes and fruit --owned by--> Carl Sternheim --owner of--> L'Arlésienne"
row313,Q11770767|Q17378135,Q11770767,Still life with coffee pot  dishes and fruit,Q17378135,Great Soviet Encyclopedia (1969–1978),0,0,EXCLUDE,0.95,0,EXCLUDE,0.95,2,2,Q61662,Carl Sternheim,P1343,described by source,"Still life with coffee pot, dishes and fruit --owned by--> Carl Sternheim --described by source--> Great Soviet Encyclopedia (1969–1978)"
row323,Q11770767|Q4532138,Q11770767,Still life with coffee pot  dishes and fruit,Q4532138,Granat Encyclopedic Dictionary,0,0,EXCLUDE,0.95,0,EXCLUDE,0.95,2,2,Q61662,Carl Sternheim,P1343,described by source,"Still life with coffee pot, dishes and fruit --owned by--> Carl Sternheim --described by source--> Granat Encyclopedic Dictionary"
row357,Q11770767|Q49757,Q11770767,Still life with coffee pot  dishes and fruit,Q49757,poet,0,0,EXCLUDE,0.95,0,EXCLUDE,0.95,2,2,Q61662,Carl Sternheim,P106,occupation,"Still life with coffee pot, dishes and fruit --owned by--> Carl Sternheim --occupation--> poet"
row414,Q11770767|Q28146931,Q11770767,Still life with coffee pot  dishes and fruit,Q28146931,Street in Saintes-Maries,1,1,INCLUDE,0.95,1,INCLUDE,0.95,2,2,Q61662,Carl Sternheim,P1830,owner of,"Still life with coffee pot, dishes and fruit --owned by--> Carl Sternheim --owner of--> Street in Saintes-Maries"
row862,Q11770767|Q103479,Q11770767,Still life with coffee pot  dishes and fruit,Q103479,Thea Sternheim,1,1,INCLUDE,0.9,1,INCLUDE,0.9,2,2,Q61662,Carl Sternheim,P26,spouse,"Still life with coffee pot, dishes and fruit --owned by--> Carl Sternheim --spouse--> Thea Sternheim"
row1028,Q11770767|Q214917,Q11770767,Still life with coffee pot  dishes and fruit,Q214917,playwright,0,0,EXCLUDE,0.95,0,EXCLUDE,0.95,2,2,Q61662,Carl Sternheim,P106,occupation,"Still life with coffee pot, dishes and fruit --owned by--> Carl Sternheim --occupation--> playwright"
row1920,Q11770767|Q4164507,Q11770767,Still life with coffee pot  dishes and fruit,Q4164507,art critic,1,0,EXCLUDE,0.85,0,EXCLUDE,0.85,2,2,Q61662,Carl Sternheim,P106,occupation,"Still life with coffee pot, dishes and fruit --owned by--> Carl Sternheim --occupation--> art critic"
row1936,Q11770767|Q10732476,Q11770767,Still life with coffee pot  dishes and fruit,Q10732476,art collector,1,1,INCLUDE,0.95,1,INCLUDE,0.95,2,2,Q61662,Carl Sternheim,P106,occupation,"Still life with coffee pot, dishes and fruit --owned by--> Carl Sternheim --occupation--> art collector"
row51,Q11770767|Q104599828,Q11770767,Still life with coffee pot  dishes and fruit,Q104599828,"Verbrannt, verboten, vergessen",1,1,INCLUDE,0.9,1,INCLUDE,0.9,3,3,Q103479,Thea Sternheim,P1343,described by source,"Still life with coffee pot, dishes and fruit --owned by--> Carl Sternheim --spouse--> Thea Sternheim --described by source--> Verbrannt, verboten, vergessen"
row1605,Q11770767|Q18939491,Q11770767,Still life with coffee pot  dishes and fruit,Q18939491,diarist,0,0,EXCLUDE,0.95,0,EXCLUDE,0.95,3,3,Q103479,Thea Sternheim,P106,occupation,"Still life with coffee pot, dishes and fruit --owned by--> Carl Sternheim --spouse--> Thea Sternheim --occupation--> diarist"
row328,Q11770767|Q2041543,Q11770767,Still life with coffee pot  dishes and fruit,Q2041543,Ottův slovník naučný,0,0,EXCLUDE,0.95,0,EXCLUDE,0.95,5,5,Q40348,lawyer,P1343,described by source,"Still life with coffee pot, dishes and fruit --owned by--> Carl Sternheim --spouse--> Thea Sternheim --spouse--> Arthur Löwenstein --occupation--> lawyer --described by source--> Ottův slovník naučný"
row1652,Q1201549|Q1297822,Q1201549,Detroit Institute of Arts,Q1297822,copyright,0,0,EXCLUDE,0.95,0,EXCLUDE,0.95,2,2,Q73357989,Survey of GLAM open access policy and practice,P921,main subject,Detroit Institute of Arts --described by source--> Survey of GLAM open access policy and practice --main subject--> copyright
row28,Q1201549|Q110322027,Q1201549,Detroit Institute of Arts,Q110322027,WikiProject Local Community,0,0,EXCLUDE,0.95,0,EXCLUDE,0.95,3,3,Q3152824,cultural institution,P5008,on focus list of Wikimedia project,Detroit Institute of Arts --described by source--> Survey of GLAM open access policy and practice --main subject--> cultural institution --on focus list of Wikimedia project--> WikiProject Local Community
row71,Q1201549|Q3181656,Q1201549,Detroit Institute of Arts,Q3181656,The Nuttall Encyclopædia,0,0,PRUNED_BY_ANCESTOR,,0,EXCLUDE,0.95,3,3,Q1297822,copyright,P1343,described by source,Detroit Institute of Arts --described by source--> Survey of GLAM open access policy and practice --main subject--> copyright --described by source--> The Nuttall Encyclopædia
row325,Q1201549|Q4532138,Q1201549,Detroit Institute of Arts,Q4532138,Granat Encyclopedic Dictionary,0,0,PRUNED_BY_ANCESTOR,,0,EXCLUDE,0.95,3,3,Q1297822,copyright,P1343,described by source,Detroit Institute of Arts --described by source--> Survey of GLAM open access policy and practice --main subject--> copyright --described by source--> Granat Encyclopedic Dictionary
row459,Q1201549|Q602358,Q1201549,Detroit Institute of Arts,Q602358,Brockhaus and Efron Encyclopedic Dictionary,0,0,PRUNED_BY_ANCESTOR,,0,EXCLUDE,0.95,3,3,Q1297822,copyright,P1343,described by source,Detroit Institute of Arts --described by source--> Survey of GLAM open access policy and practice --main subject--> copyright --described by source--> Brockhaus and Efron Encyclopedic Dictionary
row527,Q1201549|Q19794158,Q1201549,Detroit Institute of Arts,Q19794158,WikiProject Open Access,0,0,EXCLUDE,0.9,0,EXCLUDE,0.9,3,3,Q232932,open access,P5008,on focus list of Wikimedia project,Detroit Institute of Arts --described by source--> Survey of GLAM open access policy and practice --main subject--> open access --on focus list of Wikimedia project--> WikiProject Open Access
row669,Q1201549|Q87748614,Q1201549,Detroit Institute of Arts,Q87748614,WikiProject COVID-19,0,0,EXCLUDE,0.95,0,EXCLUDE,0.95,3,3,Q232932,open access,P5008,on focus list of Wikimedia project,Detroit Institute of Arts --described by source--> Survey of GLAM open access policy and practice --main subject--> open access --on focus list of Wikimedia project--> WikiProject COVID-19
row644,Q156426|Q104694359,Q156426,Alexej von Jawlensky,Q104694359,WikiProject PCC Wikidata Pilot/Frick Art Reference Library,0,0,EXCLUDE,0.9,0,EXCLUDE,0.9,1,1,Q156426,Alexej von Jawlensky,P5008,on focus list of Wikimedia project,Alexej von Jawlensky --on focus list of Wikimedia project--> WikiProject PCC Wikidata Pilot/Frick Art Reference Library
row1561,Q156426|Q15296811,Q156426,Alexej von Jawlensky,Q15296811,drawer,0,0,EXCLUDE,0.9,0,EXCLUDE,0.9,1,1,Q156426,Alexej von Jawlensky,P106,occupation,Alexej von Jawlensky --occupation--> drawer
row1923,Q156426|Q10732476,Q156426,Alexej von Jawlensky,Q10732476,art collector,1,1,INCLUDE,0.95,1,INCLUDE,0.95,1,1,Q156426,Alexej von Jawlensky,P106,occupation,Alexej von Jawlensky --occupation--> art collector
row719,Q156426|Q4109309,Q156426,Alexej von Jawlensky,Q4109309,Vladimir Nikolaevich Veryovkin,0,0,EXCLUDE,0.95,0,EXCLUDE,0.95,2,2,Q464016,Marianne von Werefkin,P22,father,Alexej von Jawlensky --spouse--> Marianne von Werefkin --father--> Vladimir Veryovkin
row1248,Q156426|Q28927781,Q156426,Alexej von Jawlensky,Q28927781,Great Women Masters of Art,0,1,INCLUDE,0.85,1,INCLUDE,0.85,2,2,Q464016,Marianne von Werefkin,P1343,described by source,Alexej von Jawlensky --spouse--> Marianne von Werefkin --described by source--> Great Women Masters of Art
row65,Q156426|Q3181656,Q156426,Alexej von Jawlensky,Q3181656,The Nuttall Encyclopædia,0,0,EXCLUDE,0.95,0,EXCLUDE,0.95,3,3,Q483501,artist,P1343,described by source,Alexej von Jawlensky --spouse--> Marianne von Werefkin --occupation--> artist --described by source--> The Nuttall Encyclopædia
row449,Q156426|Q602358,Q156426,Alexej von Jawlensky,Q602358,Brockhaus and Efron Encyclopedic Dictionary,0,0,PRUNED_BY_ANCESTOR,,0,EXCLUDE,0.95,3,3,Q4109309,Vladimir Veryovkin,P1343,described by source,Alexej von Jawlensky --spouse--> Marianne von Werefkin --father--> Vladimir Veryovkin --described by source--> Brockhaus and Efron Encyclopedic Dictionary
row1148,Q156426|Q106727050,Q156426,Alexej von Jawlensky,Q106727050,Metropolitan Museum of Art Tagging Vocabulary,0,0,EXCLUDE,0.9,0,EXCLUDE,0.9,3,3,Q483501,artist,P1343,described by source,Alexej von Jawlensky --spouse--> Marianne von Werefkin --occupation--> artist --described by source--> Metropolitan Museum of Art Tagging Vocabulary
row552,Q156426|Q4091878,Q156426,Alexej von Jawlensky,Q4091878,Yuzhakov Big Encyclopedia,0,0,PRUNED_BY_ANCESTOR,,0,EXCLUDE,0.95,5,5,Q189290,military officer,P1343,described by source,Alexej von Jawlensky --spouse--> Marianne von Werefkin --father--> Vladimir Veryovkin --father--> Nikolay Veryovkin --occupation--> military officer --described by source--> Yuzhakov Big Encyclopedia
row1254,Q156426|Q20078554,Q156426,Alexej von Jawlensky,Q20078554,Great Soviet Encyclopedia (1926–1947),0,0,PRUNED_BY_ANCESTOR,,0,EXCLUDE,0.95,5,5,Q189290,military officer,P1343,described by source,Alexej von Jawlensky --spouse--> Marianne von Werefkin --father--> Vladimir Veryovkin --father--> Nikolay Veryovkin --occupation--> military officer --described by source--> Great Soviet Encyclopedia (1926–1947)
row1460,Q156426|Q1970746,Q156426,Alexej von Jawlensky,Q1970746,Explanatory Dictionary of the Living Great Russian Language,0,0,PRUNED_BY_ANCESTOR,,0,EXCLUDE,0.95,5,5,Q189290,military officer,P1343,described by source,Alexej von Jawlensky --spouse--> Marianne von Werefkin --father--> Vladimir Veryovkin --father--> Nikolay Veryovkin --occupation--> military officer --described by source--> Explanatory Dictionary of the Living Great Russian Language
row1949,Q156426|Q2657718,Q156426,Alexej von Jawlensky,Q2657718,Armenian Soviet Encyclopedia,0,0,PRUNED_BY_ANCESTOR,,0,EXCLUDE,0.95,5,5,Q189290,military officer,P1343,described by source,Alexej von Jawlensky --spouse--> Marianne von Werefkin --father--> Vladimir Veryovkin --father--> Nikolay Veryovkin --occupation--> military officer --described by source--> Armenian Soviet Encyclopedia
row33,Q160236|Q68074438,Q160236,Metropolitan Museum of Art,Q68074438,WikiProject Livius,0,0,EXCLUDE,0.95,0,EXCLUDE,0.95,1,1,Q160236,Metropolitan Museum of Art,P5008,on focus list of Wikimedia project,Metropolitan Museum of Art --on focus list of Wikimedia project--> WikiProject Livius
row499,Q160236|Q28790437,Q160236,Metropolitan Museum of Art,Q28790437,Armor of Emperor Ferdinand I,0,1,INCLUDE,0.95,1,INCLUDE,0.95,1,1,Q160236,Metropolitan Museum of Art,P1830,owner of,Metropolitan Museum of Art --owner of--> Armor of Emperor Ferdinand I
row558,Q160236|Q113262,Q160236,Metropolitan Museum of Art,Q113262,Young man in Mayo costume,0,1,INCLUDE,0.95,1,INCLUDE,0.95,1,1,Q160236,Metropolitan Museum of Art,P1830,owner of,Metropolitan Museum of Art --owner of--> Young man in Mayo costume
row575,Q160236|Q8030760,Q160236,Metropolitan Museum of Art,Q8030760,Woman with a Parrot,0,1,INCLUDE,0.95,1,INCLUDE,0.95,1,1,Q160236,Metropolitan Museum of Art,P1830,owner of,Metropolitan Museum of Art --owner of--> Woman with a Parrot
row829,Q160236|Q1321055,Q160236,Metropolitan Museum of Art,Q1321055,Tilla Durieux,1,1,INCLUDE,0.95,1,INCLUDE,0.95,1,1,Q160236,Metropolitan Museum of Art,P1830,owner of,Metropolitan Museum of Art --owner of--> Tilla Durieux
row863,Q160236|Q39013,Q160236,Metropolitan Museum of Art,Q39013,The Woman in the Waves,0,1,INCLUDE,0.95,1,INCLUDE,0.95,1,1,Q160236,Metropolitan Museum of Art,P1830,owner of,Metropolitan Museum of Art --owner of--> The Woman in the Waves
row888,Q160236|Q776175,Q160236,Metropolitan Museum of Art,Q776175,The Harvesters,0,1,INCLUDE,0.95,1,INCLUDE,0.95,1,1,Q160236,Metropolitan Museum of Art,P1830,owner of,Metropolitan Museum of Art --owner of--> The Harvesters
row943,Q160236|Q55656666,Q160236,Metropolitan Museum of Art,Q55656666,"Roman period shears from Trabzon, MET 39.2.2",1,1,INCLUDE,0.95,1,INCLUDE,0.95,1,1,Q160236,Metropolitan Museum of Art,P1830,owner of,"Metropolitan Museum of Art --owner of--> Roman period shears from Trabzon, MET 39.2.2"
row986,Q160236|Q3937681,Q160236,Metropolitan Museum of Art,Q3937681,Portrait of a Woman with a Man at a Casement,0,1,INCLUDE,0.95,1,INCLUDE,0.95,1,1,Q160236,Metropolitan Museum of Art,P1830,owner of,Metropolitan Museum of Art --owner of--> Portrait of a Woman with a Man at a Casement
row1099,Q160236|Q19906011,Q160236,Metropolitan Museum of Art,Q19906011,Peasant Woman Cooking by a Fireplace,0,1,INCLUDE,0.95,1,INCLUDE,0.95,1,1,Q160236,Metropolitan Museum of Art,P1830,owner of,Metropolitan Museum of Art --owner of--> Peasant Woman Cooking by a Fireplace
row2046,Q160236|Q19924921,Q160236,Metropolitan Museum of Art,Q19924921,Alexander Hamilton,0,1,INCLUDE,0.95,1,INCLUDE,0.95,1,1,Q160236,Metropolitan Museum of Art,P1830,owner of,Metropolitan Museum of Art --owner of--> Alexander Hamilton
row40,Q160236|Q109496377,Q160236,Metropolitan Museum of Art,Q109496377,WikiProject Applied arts,0,0,EXCLUDE,0.9,0,EXCLUDE,0.9,2,2,Q89929597,hedendaagsesieraden.nl,P5008,on focus list of Wikimedia project,Metropolitan Museum of Art --described by source--> hedendaagsesieraden.nl --on focus list of Wikimedia project--> WikiProject Applied arts
row564,Q160236|Q926842,Q160236,Metropolitan Museum of Art,Q926842,Xiuhcoatl,0,0,EXCLUDE,0.9,0,EXCLUDE,0.9,2,2,Q52624955,Serpent Labret with Articulated Tongue,P921,main subject,Metropolitan Museum of Art --owner of--> Serpent Labret with Articulated Tongue --main subject--> Xiuhcoatl
row601,Q160236|Q61214,Q160236,Metropolitan Museum of Art,Q61214,"Wolfgang William, Count Palatine of Neuburg",0,1,INCLUDE,0.85,1,INCLUDE,0.85,2,2,Q19911671,"Portrait of a Man, Said to be Christopher Columbus (born about 1446, died 1506)",P127,owned by,"Metropolitan Museum of Art --owner of--> Portrait of a Man, Said to be Christopher Columbus (born about 1446, died 1506) --owned by--> Wolfgang William, Count Palatine of Neuburg"
row605,Q160236|Q100740509,Q160236,Metropolitan Museum of Art,Q100740509,Wodehouse family,0,1,INCLUDE,0.9,1,INCLUDE,0.9,2,2,Q29003788,Mantua,P127,owned by,Metropolitan Museum of Art --owner of--> Mantua --owned by--> Wodehouse family
row611,Q160236|Q16197448,Q160236,Metropolitan Museum of Art,Q16197448,William Williams-Hope,0,1,INCLUDE,0.9,1,INCLUDE,0.9,2,2,Q42174058,Terracotta plate,P127,owned by,Metropolitan Museum of Art --owner of--> Terracotta plate --owned by--> William Williams-Hope
row633,Q160236|Q10288082,Q160236,Metropolitan Museum of Art,Q10288082,Wildenstein & Company,1,1,INCLUDE,0.95,1,INCLUDE,0.95,2,2,Q728373,The Daughters of Catulle Mendès,P127,owned by,Metropolitan Museum of Art --owner of--> The Daughters of Catulle Mendès --owned by--> Wildenstein & Company
row670,Q160236|Q109691972,Q160236,Metropolitan Museum of Art,Q109691972,WikiProject Applied arts/Drinking vessels,0,0,EXCLUDE,0.9,0,EXCLUDE,0.9,2,2,Q42142314,Terracotta kylix (drinking cup),P5008,on focus list of Wikimedia project,Metropolitan Museum of Art --owner of--> Terracotta kylix (drinking cup) --on focus list of Wikimedia project--> WikiProject Applied arts/Drinking vessels
row707,Q160236|Q2544162,Q160236,Metropolitan Museum of Art,Q2544162,Walter Feilchenfeldt,1,1,INCLUDE,0.95,1,INCLUDE,0.95,2,2,Q1321055,Tilla Durieux,P127,owned by,Metropolitan Museum of Art --owner of--> Tilla Durieux --owned by--> Walter Feilchenfeldt
row710,Q160236|Q1750541,Q160236,Metropolitan Museum of Art,Q1750541,Walter Annenberg,1,1,INCLUDE,0.95,1,INCLUDE,0.95,2,2,Q728373,The Daughters of Catulle Mendès,P127,owned by,Metropolitan Museum of Art --owner of--> The Daughters of Catulle Mendès --owned by--> Walter Annenberg
row756,Q160236|Q5582,Q160236,Metropolitan Museum of Art,Q5582,Vincent van Gogh,1,1,INCLUDE,0.9,1,INCLUDE,0.9,2,2,Q20167246,The Potato Peeler,P127,owned by,Metropolitan Museum of Art --owner of--> The Potato Peeler --owned by--> Vincent van Gogh
row830,Q160236|Q78793,Q160236,Metropolitan Museum of Art,Q78793,Tilla Durieux,1,1,INCLUDE,0.95,1,INCLUDE,0.95,2,2,Q1321055,Tilla Durieux,P127,owned by,Metropolitan Museum of Art --owner of--> Tilla Durieux --owned by--> Tilla Durieux
row838,Q160236|Q17021787,Q160236,Metropolitan Museum of Art,Q17021787,Thomas Agnew & Sons,1,1,INCLUDE,0.98,1,INCLUDE,0.98,2,2,Q19911671,"Portrait of a Man, Said to be Christopher Columbus (born about 1446, died 1506)",P127,owned by,"Metropolitan Museum of Art --owner of--> Portrait of a Man, Said to be Christopher Columbus (born about 1446, died 1506) --owned by--> Thomas Agnew & Sons"
row877,Q160236|Q29167435,Q160236,Metropolitan Museum of Art,Q29167435,The Metropolitan Museum of Art Guide (2012 edition),0,1,INCLUDE,0.85,1,INCLUDE,0.85,2,2,Q3937681,Portrait of a Woman with a Man at a Casement,P1343,described by source,Metropolitan Museum of Art --owner of--> Portrait of a Woman with a Man at a Casement --described by source--> The Metropolitan Museum of Art Guide (2012 edition)
row947,Q160236|Q3435730,Q160236,Metropolitan Museum of Art,Q3435730,Robert Lehman,1,1,INCLUDE,0.98,1,INCLUDE,0.98,2,2,Q20185456,Old Age in Search of Youth,P127,owned by,Metropolitan Museum of Art --owner of--> Old Age in Search of Youth --owned by--> Robert Lehman
row1041,Q160236|Q39931,Q160236,Metropolitan Museum of Art,Q39931,Pierre-Auguste Renoir,1,1,INCLUDE,0.95,1,INCLUDE,0.95,2,2,Q1321055,Tilla Durieux,P127,owned by,Metropolitan Museum of Art --owner of--> Tilla Durieux --owned by--> Pierre-Auguste Renoir
row1071,Q160236|Q60514,Q160236,Metropolitan Museum of Art,Q60514,"Philip William, Elector Palatine",0,1,INCLUDE,0.95,1,INCLUDE,0.95,2,2,Q19911671,"Portrait of a Man, Said to be Christopher Columbus (born about 1446, died 1506)",P127,owned by,"Metropolitan Museum of Art --owner of--> Portrait of a Man, Said to be Christopher Columbus (born about 1446, died 1506) --owned by--> Philip William, Elector Palatine"
row1075,Q160236|Q62885,Q160236,Metropolitan Museum of Art,Q62885,"Philip Louis, Count Palatine of Neuburg",0,1,INCLUDE,0.95,1,INCLUDE,0.95,2,2,Q19911671,"Portrait of a Man, Said to be Christopher Columbus (born about 1446, died 1506)",P127,owned by,"Metropolitan Museum of Art --owner of--> Portrait of a Man, Said to be Christopher Columbus (born about 1446, died 1506) --owned by--> Philip Louis, Count Palatine of Neuburg"
row1174,Q160236|Q28860117,Q160236,Metropolitan Museum of Art,Q28860117,Levy-Hermanos,0,1,INCLUDE,0.98,1,INCLUDE,0.98,2,2,Q19906011,Peasant Woman Cooking by a Fireplace,P127,owned by,Metropolitan Museum of Art --owner of--> Peasant Woman Cooking by a Fireplace --owned by--> Levy-Hermanos
row1349,Q160236|Q44139,Q160236,Metropolitan Museum of Art,Q44139,Georges Petit,1,1,INCLUDE,0.98,1,INCLUDE,0.98,2,2,Q19911671,"Portrait of a Man, Said to be Christopher Columbus (born about 1446, died 1506)",P127,owned by,"Metropolitan Museum of Art --owner of--> Portrait of a Man, Said to be Christopher Columbus (born about 1446, died 1506) --owned by--> Georges Petit"
row1350,Q160236|Q18699918,Q160236,Metropolitan Museum of Art,Q18699918,Georges Brauer,0,1,INCLUDE,0.98,1,INCLUDE,0.98,2,2,Q1125200,Madonna and Child with Angels,P127,owned by,Metropolitan Museum of Art --owner of--> Madonna and Child with Angels --owned by--> Georges Brauer
row1389,Q160236|Q3094593,Q160236,Metropolitan Museum of Art,Q3094593,Galerie Charpentier,1,1,INCLUDE,0.98,1,INCLUDE,0.98,2,2,Q20167246,The Potato Peeler,P127,owned by,Metropolitan Museum of Art --owner of--> The Potato Peeler --owned by--> Galerie Charpentier
row1455,Q160236|Q496,Q160236,Metropolitan Museum of Art,Q496,feces,0,0,EXCLUDE,0.99,0,EXCLUDE,0.99,2,2,Q19911671,"Portrait of a Man, Said to be Christopher Columbus (born about 1446, died 1506)",P127,owned by,"Metropolitan Museum of Art --owner of--> Portrait of a Man, Said to be Christopher Columbus (born about 1446, died 1506) --owned by--> feces"
row1638,Q160236|Q1142334,Q160236,Metropolitan Museum of Art,Q1142334,Crystal Bridges Museum of American Art,0,1,INCLUDE,0.98,1,INCLUDE,0.98,2,2,Q19924921,Alexander Hamilton,P127,owned by,Metropolitan Museum of Art --owner of--> Alexander Hamilton --owned by--> Crystal Bridges Museum of American Art
row1651,Q160236|Q1297822,Q160236,Metropolitan Museum of Art,Q1297822,copyright,0,0,EXCLUDE,0.99,0,EXCLUDE,0.99,2,2,Q73357989,Survey of GLAM open access policy and practice,P921,main subject,Metropolitan Museum of Art --described by source--> Survey of GLAM open access policy and practice --main subject--> copyright
row1653,Q160236|Q38695,Q160236,Metropolitan Museum of Art,Q38695,cooking,0,0,EXCLUDE,0.99,0,EXCLUDE,0.99,2,2,Q19906011,Peasant Woman Cooking by a Fireplace,P921,main subject,Metropolitan Museum of Art --owner of--> Peasant Woman Cooking by a Fireplace --main subject--> cooking
row1715,Q160236|Q2960213,Q160236,Metropolitan Museum of Art,Q2960213,Charles Sedelmeyer,1,1,INCLUDE,0.98,1,INCLUDE,0.98,2,2,Q19911492,The Visit to the Nursery,P127,owned by,Metropolitan Museum of Art --owner of--> The Visit to the Nursery --owned by--> Charles Sedelmeyer
row1736,Q160236|Q15969109,Q160236,Metropolitan Museum of Art,Q15969109,César-Emmanuel-Flavien Henrion de Staal de Magnoncour,0,1,INCLUDE,0.95,1,INCLUDE,0.95,2,2,Q42142314,Terracotta kylix (drinking cup),P127,owned by,Metropolitan Museum of Art --owner of--> Terracotta kylix (drinking cup) --owned by--> César-Emmanuel-Flavien Henrion de Staal de Magnoncour
row1815,Q160236|Q15619234,Q160236,Metropolitan Museum of Art,Q15619234,Bignou Gallery,1,1,INCLUDE,0.98,1,INCLUDE,0.98,2,2,Q1321055,Tilla Durieux,P127,owned by,Metropolitan Museum of Art --owner of--> Tilla Durieux --owned by--> Bignou Gallery
row1838,Q160236|Q2895984,Q160236,Metropolitan Museum of Art,Q2895984,Benjamin Altman,1,1,INCLUDE,0.98,1,INCLUDE,0.98,2,2,Q17355822,Yonker Ramp and his Sweetheart,P127,owned by,Metropolitan Museum of Art --owner of--> Yonker Ramp and his Sweetheart --owned by--> Benjamin Altman
row1969,Q160236|Q437295,Q160236,Metropolitan Museum of Art,Q437295,Archduke Leopold Wilhelm of Austria,0,1,INCLUDE,0.95,1,INCLUDE,0.95,2,2,Q776175,The Harvesters,P127,owned by,Metropolitan Museum of Art --owner of--> The Harvesters --owned by--> Archduke Leopold Wilhelm of Austria
row1975,Q160236|Q327156,Q160236,Metropolitan Museum of Art,Q327156,Archduke Ernest of Austria,0,1,INCLUDE,0.95,1,INCLUDE,0.95,2,2,Q776175,The Harvesters,P127,owned by,Metropolitan Museum of Art --owner of--> The Harvesters --owned by--> Archduke Ernest of Austria
row2006,Q160236|Q28860082,Q160236,Metropolitan Museum of Art,Q28860082,Amédée Schuffenecker,1,1,INCLUDE,0.95,1,INCLUDE,0.95,2,2,Q19906011,Peasant Woman Cooking by a Fireplace,P127,owned by,Metropolitan Museum of Art --owner of--> Peasant Woman Cooking by a Fireplace --owned by--> Amédée Schuffenecker
row2047,Q160236|Q178903,Q160236,Metropolitan Museum of Art,Q178903,Alexander Hamilton,0,0,EXCLUDE,0.9,0,EXCLUDE,0.9,2,2,Q19924921,Alexander Hamilton,P921,main subject,Metropolitan Museum of Art --owner of--> Alexander Hamilton --main subject--> Alexander Hamilton
row2072,Q160236|Q1552207,Q160236,Metropolitan Museum of Art,Q1552207,Albert Figdor,1,1,INCLUDE,0.95,1,INCLUDE,0.95,2,2,Q53445802,"Mandora (ca.1420) from Milan?, Italy. MET 64.101.1409",P127,owned by,"Metropolitan Museum of Art --owner of--> Mandora (ca.1420) from Milan?, Italy. MET 64.101.1409 --owned by--> Albert Figdor"
row27,Q160236|Q110322027,Q160236,Metropolitan Museum of Art,Q110322027,WikiProject Local Community,0,0,EXCLUDE,0.98,0,EXCLUDE,0.98,3,3,Q3152824,cultural institution,P5008,on focus list of Wikimedia project,Metropolitan Museum of Art --described by source--> Survey of GLAM open access policy and practice --main subject--> cultural institution --on focus list of Wikimedia project--> WikiProject Local Community
row38,Q160236|Q87748614,Q160236,Metropolitan Museum of Art,Q87748614,WikiProject COVID-19,0,0,EXCLUDE,0.99,0,EXCLUDE,0.99,3,3,Q232932,open access,P5008,on focus list of Wikimedia project,Metropolitan Museum of Art --described by source--> Survey of GLAM open access policy and practice --main subject--> open access --on focus list of Wikimedia project--> WikiProject COVID-19
row69,Q160236|Q3181656,Q160236,Metropolitan Museum of Art,Q3181656,The Nuttall Encyclopædia,0,0,PRUNED_BY_ANCESTOR,,0,EXCLUDE,0.98,3,3,Q1297822,copyright,P1343,described by source,Metropolitan Museum of Art --described by source--> Survey of GLAM open access policy and practice --main subject--> copyright --described by source--> The Nuttall Encyclopædia
row135,Q160236|Q18662018,Q160236,Metropolitan Museum of Art,Q18662018,galerie Georges Petit,1,1,INCLUDE,0.95,1,INCLUDE,0.95,3,3,Q44139,Georges Petit,P1830,owner of,"Metropolitan Museum of Art --owner of--> Portrait of a Man, Said to be Christopher Columbus (born about 1446, died 1506) --owned by--> Georges Petit --owner of--> galerie Georges Petit"
row149,Q160236|Q19211082,Q160236,Metropolitan Museum of Art,Q19211082,Orthodox Theological Encyclopedia,0,0,EXCLUDE,0.95,0,EXCLUDE,0.95,3,3,Q154326,Annunciation,P1343,described by source,Metropolitan Museum of Art --owner of--> The Annunciation --main subject--> Annunciation --described by source--> Orthodox Theological Encyclopedia
row150,Q160236|Q1768721,Q160236,Metropolitan Museum of Art,Q1768721,Gujin Tushu Jicheng,0,0,PRUNED_BY_ANCESTOR,,0,EXCLUDE,0.99,3,3,Q496,feces,P1343,described by source,"Metropolitan Museum of Art --owner of--> Portrait of a Man, Said to be Christopher Columbus (born about 1446, died 1506) --owned by--> feces --described by source--> Gujin Tushu Jicheng"
row194,Q160236|Q106727050,Q160236,Metropolitan Museum of Art,Q106727050,Metropolitan Museum of Art Tagging Vocabulary,1,0,EXCLUDE,0.95,0,EXCLUDE,0.95,3,3,Q161439,jewelry,P1343,described by source,Metropolitan Museum of Art --described by source--> hedendaagsesieraden.nl --main subject--> jewelry --described by source--> Metropolitan Museum of Art Tagging Vocabulary
row213,Q160236|Q17603041,Q160236,Metropolitan Museum of Art,Q17603041,Marthe Hoschedé,0,0,EXCLUDE,0.9,0,EXCLUDE,0.9,3,3,Q3057007,Ernest Hoschedé,P40,child,Metropolitan Museum of Art --owner of--> Young man in Mayo costume --owned by--> Ernest Hoschedé --child--> Marthe Hoschedé
row243,Q160236|Q19098835,Q160236,Metropolitan Museum of Art,Q19098835,Library of the World's Best Literature,0,0,PRUNED_BY_ANCESTOR,,0,EXCLUDE,0.98,3,3,Q178903,Alexander Hamilton,P1343,described by source,Metropolitan Museum of Art --owner of--> Alexander Hamilton --main subject--> Alexander Hamilton --described by source--> Library of the World's Best Literature
row301,Q160236|Q67311526,Q160236,Metropolitan Museum of Art,Q67311526,Obalky knih.cz,0,0,EXCLUDE,0.98,0,EXCLUDE,0.98,3,3,Q40599,Édouard Manet,P1343,described by source,Metropolitan Museum of Art --owner of--> Young man in Mayo costume --owned by--> Édouard Manet --described by source--> Obalky knih.cz
row324,Q160236|Q4532138,Q160236,Metropolitan Museum of Art,Q4532138,Granat Encyclopedic Dictionary,0,0,PRUNED_BY_ANCESTOR,,0,EXCLUDE,0.98,3,3,Q1297822,copyright,P1343,described by source,Metropolitan Museum of Art --described by source--> Survey of GLAM open access policy and practice --main subject--> copyright --described by source--> Granat Encyclopedic Dictionary
row332,Q160236|Q2041543,Q160236,Metropolitan Museum of Art,Q2041543,Ottův slovník naučný,0,0,PRUNED_BY_ANCESTOR,,0,EXCLUDE,0.99,3,3,Q496,feces,P1343,described by source,"Metropolitan Museum of Art --owner of--> Portrait of a Man, Said to be Christopher Columbus (born about 1446, died 1506) --owned by--> feces --described by source--> Ottův slovník naučný"
row383,Q160236|Q177220,Q160236,Metropolitan Museum of Art,Q177220,singer,0,0,EXCLUDE,0.95,0,EXCLUDE,0.95,3,3,Q320464,Jean-Baptiste Faure,P106,occupation,Metropolitan Museum of Art --owner of--> Young man in Mayo costume --owned by--> Jean-Baptiste Faure --occupation--> singer
row395,Q160236|Q15987216,Q160236,Metropolitan Museum of Art,Q15987216,"Dictionary of National Biography, 1885–1900",0,0,EXCLUDE,0.95,0,EXCLUDE,0.95,3,3,Q333355,"John Spencer-Churchill, 7th Duke of Marlborough",P1343,described by source,"Metropolitan Museum of Art --owner of--> Old Age in Search of Youth --owned by--> John Spencer-Churchill, 7th Duke of Marlborough --described by source--> Dictionary of National Biography, 1885–1900"
row397,Q160236|Q63284758,Q160236,Metropolitan Museum of Art,Q63284758,Desktop Encyclopedic Dictionary,0,0,EXCLUDE,0.95,0,EXCLUDE,0.95,3,3,Q161439,jewelry,P1343,described by source,Metropolitan Museum of Art --described by source--> hedendaagsesieraden.nl --main subject--> jewelry --described by source--> Desktop Encyclopedic Dictionary
row457,Q160236|Q602358,Q160236,Metropolitan Museum of Art,Q602358,Brockhaus and Efron Encyclopedic Dictionary,0,0,PRUNED_BY_ANCESTOR,,0,EXCLUDE,0.95,3,3,Q1297822,copyright,P1343,described by source,Metropolitan Museum of Art --described by source--> Survey of GLAM open access policy and practice --main subject--> copyright --described by source--> Brockhaus and Efron Encyclopedic Dictionary
row469,Q160236|Q665807,Q160236,Metropolitan Museum of Art,Q665807,Biographisches Lexikon des Kaiserthums Oesterreich,0,0,EXCLUDE,0.9,0,EXCLUDE,0.9,3,3,Q327156,Archduke Ernest of Austria,P1343,described by source,Metropolitan Museum of Art --owner of--> The Harvesters --owned by--> Archduke Ernest of Austria --described by source--> Biographisches Lexikon des Kaiserthums Oesterreich
row478,Q160236|Q4086271,Q160236,Metropolitan Museum of Art,Q4086271,Bible Encyclopedia of Archimandrite Nicephorus,0,0,EXCLUDE,0.95,0,EXCLUDE,0.95,3,3,Q154326,Annunciation,P1343,described by source,Metropolitan Museum of Art --owner of--> The Annunciation --main subject--> Annunciation --described by source--> Bible Encyclopedia of Archimandrite Nicephorus
row504,Q160236|Q2478141,Q160236,Metropolitan Museum of Art,Q2478141,aristocrat,0,0,EXCLUDE,0.95,0,EXCLUDE,0.95,3,3,Q62885,"Philip Louis, Count Palatine of Neuburg",P106,occupation,"Metropolitan Museum of Art --owner of--> Portrait of a Man, Said to be Christopher Columbus (born about 1446, died 1506) --owned by--> Philip Louis, Count Palatine of Neuburg --occupation--> aristocrat"
row511,Q160236|Q12912667,Q160236,Metropolitan Museum of Art,Q12912667,Appletons' Cyclopædia of American Biography,0,0,EXCLUDE,0.9,0,EXCLUDE,0.9,3,3,Q214905,Thomas Eakins,P1343,described by source,Metropolitan Museum of Art --owner of--> The Chess Players --owned by--> Thomas Eakins --described by source--> Appletons' Cyclopædia of American Biography
row526,Q160236|Q19794158,Q160236,Metropolitan Museum of Art,Q19794158,WikiProject Open Access,0,0,EXCLUDE,0.95,0,EXCLUDE,0.95,3,3,Q232932,open access,P5008,on focus list of Wikimedia project,Metropolitan Museum of Art --described by source--> Survey of GLAM open access policy and practice --main subject--> open access --on focus list of Wikimedia project--> WikiProject Open Access
row566,Q160236|Q36180,Q160236,Metropolitan Museum of Art,Q36180,writer,0,0,PRUNED_BY_ANCESTOR,,0,EXCLUDE,0.95,3,3,Q178903,Alexander Hamilton,P106,occupation,Metropolitan Museum of Art --owner of--> Alexander Hamilton --main subject--> Alexander Hamilton --occupation--> writer
row572,Q160236|Q28692502,Q160236,Metropolitan Museum of Art,Q28692502,women's rights activist,0,0,EXCLUDE,0.95,0,EXCLUDE,0.95,3,3,Q539280,Louisine Havemeyer,P106,occupation,Metropolitan Museum of Art --owner of--> Young man in Mayo costume --owned by--> Louisine Havemeyer --occupation--> women's rights activist
row583,Q160236|Q20539215,Q160236,Metropolitan Museum of Art,Q20539215,Woman Sewing before a Garden Window,1,1,INCLUDE,0.9,1,INCLUDE,0.9,3,3,Q10288082,Wildenstein & Company,P1830,owner of,Metropolitan Museum of Art --owner of--> The Daughters of Catulle Mendès --owned by--> Wildenstein & Company --owner of--> Woman Sewing before a Garden Window
row588,Q160236|Q60469188,Q160236,Metropolitan Museum of Art,Q60469188,Woman Reading,1,1,INCLUDE,0.9,1,INCLUDE,0.9,3,3,Q10288082,Wildenstein & Company,P1830,owner of,Metropolitan Museum of Art --owner of--> The Daughters of Catulle Mendès --owned by--> Wildenstein & Company --owner of--> Woman Reading
row591,Q160236|Q22965268,Q160236,Metropolitan Museum of Art,Q22965268,Woman Playing a Guitar,1,1,INCLUDE,0.9,1,INCLUDE,0.9,3,3,Q649052,Paul Durand-Ruel,P1830,owner of,Metropolitan Museum of Art --owner of--> Young man in Mayo costume --owned by--> Paul Durand-Ruel --owner of--> Woman Playing a Guitar
row602,Q160236|Q75770,Q160236,Metropolitan Museum of Art,Q75770,Count Palatine Wolfgang George Frederick of Neuburg,0,0,EXCLUDE,0.95,0,EXCLUDE,0.95,3,3,Q60514,"Philip William, Elector Palatine",P40,child,"Metropolitan Museum of Art --owner of--> Portrait of a Man, Said to be Christopher Columbus (born about 1446, died 1506) --owned by--> Philip William, Elector Palatine --child--> Wolfgang George Frederick von Pfalz-Neuburg"
row651,Q160236|Q104694359,Q160236,Metropolitan Museum of Art,Q104694359,WikiProject PCC Wikidata Pilot/Frick Art Reference Library,0,0,EXCLUDE,0.85,0,EXCLUDE,0.85,3,3,Q40599,Édouard Manet,P5008,on focus list of Wikimedia project,Metropolitan Museum of Art --owner of--> Young man in Mayo costume --owned by--> Édouard Manet --on focus list of Wikimedia project--> WikiProject PCC Wikidata Pilot/Frick Art Reference Library
row654,Q160236|Q105757729,Q160236,Metropolitan Museum of Art,Q105757729,WikiProject PCC Wikidata Pilot — Smithsonian Libraries — Artists Files,0,0,EXCLUDE,0.95,0,EXCLUDE,0.95,3,3,Q40599,Édouard Manet,P5008,on focus list of Wikimedia project,Metropolitan Museum of Art --owner of--> Young man in Mayo costume --owned by--> Édouard Manet --on focus list of Wikimedia project--> WikiProject PCC Wikidata Pilot — Smithsonian Libraries — Artists Files
row667,Q160236|Q110249806,Q160236,Metropolitan Museum of Art,Q110249806,WikiProject Craft,0,0,EXCLUDE,0.99,0,EXCLUDE,0.99,3,3,Q161439,jewelry,P5008,on focus list of Wikimedia project,Metropolitan Museum of Art --described by source--> hedendaagsesieraden.nl --main subject--> jewelry --on focus list of Wikimedia project--> WikiProject Craft
row671,Q160236|Q99484628,Q160236,Metropolitan Museum of Art,Q99484628,"WikiProject Alba amicorum of the KB, national library of the Netherlands",0,0,EXCLUDE,0.95,0,EXCLUDE,0.95,3,3,Q150586,Emperor Rudolf II,P5008,on focus list of Wikimedia project,"Metropolitan Museum of Art --owner of--> The Harvesters --owned by--> Emperor Rudolf II --on focus list of Wikimedia project--> WikiProject Alba amicorum of the KB, national library of the Netherlands"
row679,Q160236|Q26221228,Q160236,Metropolitan Museum of Art,Q26221228,Wheat Fields after the Rain,1,1,INCLUDE,0.98,1,INCLUDE,0.98,3,3,Q15619234,Bignou Gallery,P1830,owner of,Metropolitan Museum of Art --owner of--> Tilla Durieux --owned by--> Bignou Gallery --owner of--> Wheat Fields after the Rain
row683,Q160236|Q300849,Q160236,Metropolitan Museum of Art,Q300849,Weilbachs Kunstnerleksikon,0,0,EXCLUDE,0.8,0,EXCLUDE,0.8,3,3,Q39931,Pierre-Auguste Renoir,P1343,described by source,Metropolitan Museum of Art --owner of--> Tilla Durieux --owned by--> Pierre-Auguste Renoir --described by source--> Weilbachs Kunstnerleksikon
row711,Q160236|Q7963124,Q160236,Metropolitan Museum of Art,Q7963124,Wallis Annenberg,1,0,EXCLUDE,0.85,0,EXCLUDE,0.85,3,3,Q1750541,Walter Annenberg,P40,child,Metropolitan Museum of Art --owner of--> The Daughters of Catulle Mendès --owned by--> Walter Annenberg --child--> Wallis Annenberg
row721,Q160236|Q16699463,Q160236,Metropolitan Museum of Art,Q16699463,Vladimir Solomirski,0,0,EXCLUDE,0.9,0,EXCLUDE,0.9,3,3,Q4452593,Dmitry Tatishchev,P40,child,Metropolitan Museum of Art --owner of--> Crucifixion and Last Judgement diptych --owned by--> Dmitry Tatishchev --child--> Vladimir Solomirski
row765,Q160236|Q75580493,Q160236,Metropolitan Museum of Art,Q75580493,unnamed son Bonaparte,0,0,EXCLUDE,0.98,0,EXCLUDE,0.98,3,3,Q151098,Lucien Bonaparte,P40,child,Metropolitan Museum of Art --owner of--> Terracotta oinochoe: olpe (round-mouthed jug) --owned by--> Lucien Bonaparte --child--> unnamed son Bonaparte
row766,Q160236|Q75391592,Q160236,Metropolitan Museum of Art,Q75391592,unnamed daughter Romanov,0,0,EXCLUDE,0.98,0,EXCLUDE,0.98,3,3,Q130734,Nicholas I of Russia,P40,child,Metropolitan Museum of Art --owner of--> Crucifixion and Last Judgement diptych --owned by--> Nicholas I of Russia --child--> unnamed daughter Romanov
row782,Q160236|Q1622272,Q160236,Metropolitan Museum of Art,Q1622272,university teacher,0,0,EXCLUDE,0.99,0,EXCLUDE,0.99,3,3,Q211787,Jules Bordet,P106,occupation,Metropolitan Museum of Art --owner of--> Woman with a Parrot --owned by--> Jules Bordet --occupation--> university teacher
row814,Q160236|Q98755339,Q160236,Metropolitan Museum of Art,Q98755339,TP updated between September 2019 and August 2020,0,0,EXCLUDE,0.99,0,EXCLUDE,0.99,3,3,Q16197448,William Williams-Hope,P5008,on focus list of Wikimedia project,Metropolitan Museum of Art --owner of--> Terracotta plate --owned by--> William Williams-Hope --on focus list of Wikimedia project--> TP updated since September 2019
row817,Q160236|Q88817706,Q160236,Metropolitan Museum of Art,Q88817706,Tout l'œuvre peint de Courbet,0,1,INCLUDE,0.85,1,INCLUDE,0.85,3,3,Q34618,Gustave Courbet,P1343,described by source,Metropolitan Museum of Art --owner of--> The Woman in the Waves --owned by--> Gustave Courbet --described by source--> Tout l'œuvre peint de Courbet
row839,Q160236|Q75391596,Q160236,Metropolitan Museum of Art,Q75391596,third unnamed daughter Romanov,0,0,EXCLUDE,0.98,0,EXCLUDE,0.98,3,3,Q130734,Nicholas I of Russia,P40,child,Metropolitan Museum of Art --owner of--> Crucifixion and Last Judgement diptych --owned by--> Nicholas I of Russia --child--> third unnamed daughter Romanov
row846,Q160236|Q56555894,Q160236,Metropolitan Museum of Art,Q56555894,Theodore Schempp,1,1,INCLUDE,0.9,1,INCLUDE,0.9,3,3,Q10288073,M. Knoedler & Co.,P3342,significant person,Metropolitan Museum of Art --owner of--> The Daughters of Catulle Mendès --owned by--> M. Knoedler & Co. --significant person--> Theodore Schempp
row868,Q160236|Q20267585,Q160236,Metropolitan Museum of Art,Q20267585,The Rape of Europa,0,1,INCLUDE,0.98,1,INCLUDE,0.98,3,3,Q333355,"John Spencer-Churchill, 7th Duke of Marlborough",P1830,owner of,"Metropolitan Museum of Art --owner of--> Old Age in Search of Youth --owned by--> John Spencer-Churchill, 7th Duke of Marlborough --owner of--> The Rape of Europa"
row869,Q160236|Q20268530,Q160236,Metropolitan Museum of Art,Q20268530,The Rape of Europa,0,1,INCLUDE,0.98,1,INCLUDE,0.98,3,3,Q333355,"John Spencer-Churchill, 7th Duke of Marlborough",P1830,owner of,"Metropolitan Museum of Art --owner of--> Old Age in Search of Youth --owned by--> John Spencer-Churchill, 7th Duke of Marlborough --owner of--> The Rape of Europa"
row875,Q160236|Q1810348,Q160236,Metropolitan Museum of Art,Q1810348,The Quai Malaquais and the Institute,1,1,INCLUDE,0.98,1,INCLUDE,0.98,3,3,Q65351,Paul Cassirer,P1830,owner of,Metropolitan Museum of Art --owner of--> Tilla Durieux --owned by--> Paul Cassirer --owner of--> The Quai Malaquais and the Institute
row885,Q160236|Q21479251,Q160236,Metropolitan Museum of Art,Q21479251,The Lock at Pontoise,1,0,EXCLUDE,0.85,0,EXCLUDE,0.85,3,3,Q10288082,Wildenstein & Company,P1830,owner of,Metropolitan Museum of Art --owner of--> The Daughters of Catulle Mendès --owned by--> Wildenstein & Company --owner of--> The Lock at Pontoise
row890,Q160236|Q30034332,Q160236,Metropolitan Museum of Art,Q30034332,The H. O. Havemeyer Collection,0,1,INCLUDE,0.95,1,INCLUDE,0.95,3,3,Q3132989,Henry Osborne Havemeyer,P1830,owner of,Metropolitan Museum of Art --owner of--> Young man in Mayo costume --owned by--> Henry Osborne Havemeyer --owner of--> The H. O. Havemeyer Collection
row893,Q160236|Q19905131,Q160236,Metropolitan Museum of Art,Q19905131,The Four Trees,0,0,EXCLUDE,0.9,0,EXCLUDE,0.9,3,3,Q539280,Louisine Havemeyer,P1830,owner of,Metropolitan Museum of Art --owner of--> Young man in Mayo costume --owned by--> Louisine Havemeyer --owner of--> The Four Trees
row894,Q160236|Q79896273,Q160236,Metropolitan Museum of Art,Q79896273,The Fall of Man,1,0,EXCLUDE,0.85,0,EXCLUDE,0.85,3,3,Q437295,Archduke Leopold Wilhelm of Austria,P1830,owner of,Metropolitan Museum of Art --owner of--> The Harvesters --owned by--> Archduke Leopold Wilhelm of Austria --owner of--> The Fall of Man
row921,Q160236|Q75391593,Q160236,Metropolitan Museum of Art,Q75391593,second unnamed daughter Romanov,0,0,EXCLUDE,0.99,0,EXCLUDE,0.99,3,3,Q130734,Nicholas I of Russia,P40,child,Metropolitan Museum of Art --owner of--> Crucifixion and Last Judgement diptych --owned by--> Nicholas I of Russia --child--> second unnamed daughter Romanov
row945,Q160236|Q22101864,Q160236,Metropolitan Museum of Art,Q22101864,Robin Lehman,1,1,INCLUDE,0.9,1,INCLUDE,0.9,3,3,Q3435730,Robert Lehman,P40,child,Metropolitan Museum of Art --owner of--> Old Age in Search of Youth --owned by--> Robert Lehman --child--> Robin Lehman
row951,Q160236|Q27680201,Q160236,Metropolitan Museum of Art,Q27680201,Riemann's Music Dictionary (1901–1904),0,0,EXCLUDE,0.99,0,EXCLUDE,0.99,3,3,Q320464,Jean-Baptiste Faure,P1343,described by source,Metropolitan Museum of Art --owner of--> Young man in Mayo costume --owned by--> Jean-Baptiste Faure --described by source--> Riemann's Music Dictionary (1901–1904)
row975,Q160236|Q18760265,Q160236,Metropolitan Museum of Art,Q18760265,Portrait of Herman Doomer,0,0,EXCLUDE,0.9,0,EXCLUDE,0.9,3,3,Q539280,Louisine Havemeyer,P1830,owner of,Metropolitan Museum of Art --owner of--> Young man in Mayo costume --owned by--> Louisine Havemeyer --owner of--> Portrait of Herman Doomer
row979,Q160236|Q19905326,Q160236,Metropolitan Museum of Art,Q19905326,Portrait of an Old Woman,0,0,EXCLUDE,0.9,0,EXCLUDE,0.9,3,3,Q539280,Louisine Havemeyer,P1830,owner of,Metropolitan Museum of Art --owner of--> Young man in Mayo costume --owned by--> Louisine Havemeyer --owner of--> Portrait of an Old Woman
row981,Q160236|Q17987246,Q160236,Metropolitan Museum of Art,Q17987246,"Portrait of an Elderly Man, traditionally called Heer Bodolphe",1,0,EXCLUDE,0.85,0,EXCLUDE,0.85,3,3,Q54168,J. P. Morgan,P1830,owner of,"Metropolitan Museum of Art --owner of--> Portrait of a Man, Said to be Christopher Columbus (born about 1446, died 1506) --owned by--> J. P. Morgan --owner of--> Portrait of an Elderly Man, traditionally called Heer Bodolphe"
row982,Q160236|Q20168379,Q160236,Metropolitan Museum of Art,Q20168379,Portrait of a Young Woman,0,0,EXCLUDE,0.9,0,EXCLUDE,0.9,3,3,Q539280,Louisine Havemeyer,P1830,owner of,Metropolitan Museum of Art --owner of--> Young man in Mayo costume --owned by--> Louisine Havemeyer --owner of--> Portrait of a Young Woman
row983,Q160236|Q3937730,Q160236,Metropolitan Museum of Art,Q3937730,Portrait of a Young Man with a Book,0,0,EXCLUDE,0.9,0,EXCLUDE,0.9,3,3,Q539280,Louisine Havemeyer,P1830,owner of,Metropolitan Museum of Art --owner of--> Young man in Mayo costume --owned by--> Louisine Havemeyer --owner of--> Portrait of a Young Man with a Book
row991,Q160236|Q60514834,Q160236,Metropolitan Museum of Art,Q60514834,Portrait of a Woman as Diana,1,0,EXCLUDE,0.85,0,EXCLUDE,0.85,3,3,Q10288082,Wildenstein & Company,P1830,owner of,Metropolitan Museum of Art --owner of--> The Daughters of Catulle Mendès --owned by--> Wildenstein & Company --owner of--> Portrait of a Woman as Diana
row993,Q160236|Q20167179,Q160236,Metropolitan Museum of Art,Q20167179,"Portrait of a Woman, probably a Member of the Van Beresteyn Family",0,0,EXCLUDE,0.9,0,EXCLUDE,0.9,3,3,Q539280,Louisine Havemeyer,P1830,owner of,"Metropolitan Museum of Art --owner of--> Young man in Mayo costume --owned by--> Louisine Havemeyer --owner of--> Portrait of a Woman, probably a Member of the Van Beresteyn Family"
row994,Q160236|Q19913201,Q160236,Metropolitan Museum of Art,Q19913201,"Portrait of a Woman, Called Héloïse Abélard",0,0,EXCLUDE,0.9,0,EXCLUDE,0.9,3,3,Q539280,Louisine Havemeyer,P1830,owner of,"Metropolitan Museum of Art --owner of--> Young man in Mayo costume --owned by--> Louisine Havemeyer --owner of--> Portrait of a Woman, Called Héloïse Abélard"
row995,Q160236|Q19912383,Q160236,Metropolitan Museum of Art,Q19912383,Portrait of a Woman,0,0,EXCLUDE,0.9,0,EXCLUDE,0.9,3,3,Q539280,Louisine Havemeyer,P1830,owner of,Metropolitan Museum of Art --owner of--> Young man in Mayo costume --owned by--> Louisine Havemeyer --owner of--> Portrait of a Woman
row1004,Q160236|Q11822840,Q160236,Metropolitan Museum of Art,Q11822840,,0,0,EXCLUDE,0.95,0,EXCLUDE,0.95,3,3,Q807815,Barberini,P1343,described by source,Metropolitan Museum of Art --owner of--> The Annunciation --owned by--> Barberini --described by source--> Polskie encyklopedie
row1007,Q160236|Q13218361,Q160236,Metropolitan Museum of Art,Q13218361,polo player,0,0,EXCLUDE,0.99,0,EXCLUDE,0.99,3,3,Q3435730,Robert Lehman,P106,occupation,Metropolitan Museum of Art --owner of--> Old Age in Search of Youth --owned by--> Robert Lehman --occupation--> polo player
row1015,Q160236|Q82955,Q160236,Metropolitan Museum of Art,Q82955,politician,0,0,PRUNED_BY_ANCESTOR,,0,EXCLUDE,0.99,3,3,Q178903,Alexander Hamilton,P106,occupation,Metropolitan Museum of Art --owner of--> Alexander Hamilton --main subject--> Alexander Hamilton --occupation--> politician
row1025,Q160236|Q49757,Q160236,Metropolitan Museum of Art,Q49757,poet,0,0,EXCLUDE,0.99,0,EXCLUDE,0.99,3,3,Q971215,Catulle Mendès,P106,occupation,Metropolitan Museum of Art --owner of--> The Daughters of Catulle Mendès --owned by--> Catulle Mendès --occupation--> poet
row1029,Q160236|Q214917,Q160236,Metropolitan Museum of Art,Q214917,playwright,0,0,EXCLUDE,0.95,0,EXCLUDE,0.95,3,3,Q971215,Catulle Mendès,P106,occupation,Metropolitan Museum of Art --owner of--> The Daughters of Catulle Mendès --owned by--> Catulle Mendès --occupation--> playwright
row1043,Q160236|Q518966,Q160236,Metropolitan Museum of Art,Q518966,Pierre Renoir,0,0,EXCLUDE,0.95,0,EXCLUDE,0.95,3,3,Q39931,Pierre-Auguste Renoir,P40,child,Metropolitan Museum of Art --owner of--> Tilla Durieux --owned by--> Pierre-Auguste Renoir --child--> Pierre Renoir
row1044,Q160236|Q764398,Q160236,Metropolitan Museum of Art,Q764398,Pierre Napoleon Bonaparte,0,0,EXCLUDE,0.95,0,EXCLUDE,0.95,3,3,Q151098,Lucien Bonaparte,P40,child,Metropolitan Museum of Art --owner of--> Terracotta oinochoe: olpe (round-mouthed jug) --owned by--> Lucien Bonaparte --child--> Pierre Napoleon Bonaparte
row1053,Q160236|Q39631,Q160236,Metropolitan Museum of Art,Q39631,physician,0,0,EXCLUDE,0.95,0,EXCLUDE,0.95,3,3,Q2544162,Walter Feilchenfeldt,P106,occupation,Metropolitan Museum of Art --owner of--> Tilla Durieux --owned by--> Walter Feilchenfeldt --occupation--> physician
row1058,Q160236|Q33231,Q160236,Metropolitan Museum of Art,Q33231,photographer,0,0,EXCLUDE,0.95,0,EXCLUDE,0.95,3,3,Q214905,Thomas Eakins,P106,occupation,Metropolitan Museum of Art --owner of--> The Chess Players --owned by--> Thomas Eakins --occupation--> photographer
row1062,Q160236|Q4964182,Q160236,Metropolitan Museum of Art,Q4964182,philosopher,0,0,PRUNED_BY_ANCESTOR,,0,EXCLUDE,0.95,3,3,Q178903,Alexander Hamilton,P106,occupation,Metropolitan Museum of Art --owner of--> Alexander Hamilton --main subject--> Alexander Hamilton --occupation--> philosopher
row1070,Q160236|Q67198,Q160236,Metropolitan Museum of Art,Q67198,"Philip William August, Count Palatine of Neuburg",0,0,EXCLUDE,0.9,0,EXCLUDE,0.9,3,3,Q60514,"Philip William, Elector Palatine",P40,child,"Metropolitan Museum of Art --owner of--> Portrait of a Man, Said to be Christopher Columbus (born about 1446, died 1506) --owned by--> Philip William, Elector Palatine --child--> Philip William August, Count Palatine of Neuburg"
row1076,Q160236|Q7183964,Q160236,Metropolitan Museum of Art,Q7183964,Philip Lehman,1,1,INCLUDE,0.95,1,INCLUDE,0.95,3,3,Q3435730,Robert Lehman,P22,father,Metropolitan Museum of Art --owner of--> Old Age in Search of Youth --owned by--> Robert Lehman --father--> Philip Lehman
row1083,Q160236|Q22088567,Q160236,Metropolitan Museum of Art,Q22088567,Philip Hamilton,0,0,PRUNED_BY_ANCESTOR,,0,EXCLUDE,0.95,3,3,Q178903,Alexander Hamilton,P40,child,Metropolitan Museum of Art --owner of--> Alexander Hamilton --main subject--> Alexander Hamilton --child--> Philip Hamilton
row1084,Q160236|Q28124142,Q160236,Metropolitan Museum of Art,Q28124142,Philip Hamilton,0,0,PRUNED_BY_ANCESTOR,,0,EXCLUDE,0.95,3,3,Q178903,Alexander Hamilton,P40,child,Metropolitan Museum of Art --owner of--> Alexander Hamilton --main subject--> Alexander Hamilton --child--> Philip Hamilton
row1093,Q160236|Q12362622,Q160236,Metropolitan Museum of Art,Q12362622,philanthropist,0,0,EXCLUDE,0.95,0,EXCLUDE,0.95,3,3,Q7608859,Stephen Carlton Clark,P106,occupation,Metropolitan Museum of Art --owner of--> Tilla Durieux --owned by--> Stephen Carlton Clark --occupation--> philanthropist
row1111,Q160236|Q78060740,Q160236,Metropolitan Museum of Art,Q78060740,Paul Cassirer Gallery,1,1,INCLUDE,0.95,1,INCLUDE,0.95,3,3,Q65351,Paul Cassirer,P1830,owner of,Metropolitan Museum of Art --owner of--> Tilla Durieux --owned by--> Paul Cassirer --owner of--> Paul Cassirer Gallery
row1115,Q160236|Q66663817,Q160236,Metropolitan Museum of Art,Q66663817,Online Biographical Dictionary of the Woman Suffrage Movement in the United States,0,0,EXCLUDE,0.95,0,EXCLUDE,0.95,3,3,Q539280,Louisine Havemeyer,P1343,described by source,Metropolitan Museum of Art --owner of--> Young man in Mayo costume --owned by--> Louisine Havemeyer --described by source--> Online Biographical Dictionary of the Woman Suffrage Movement in the United States
row1252,Q160236|Q17378135,Q160236,Metropolitan Museum of Art,Q17378135,Great Soviet Encyclopedia (1969–1978),0,0,EXCLUDE,0.95,0,EXCLUDE,0.95,3,3,Q5582,Vincent van Gogh,P1343,described by source,Metropolitan Museum of Art --owner of--> The Potato Peeler --owned by--> Vincent van Gogh --described by source--> Great Soviet Encyclopedia (1969–1978)
row1258,Q160236|Q20078554,Q160236,Metropolitan Museum of Art,Q20078554,Great Soviet Encyclopedia (1926–1947),0,0,EXCLUDE,0.95,0,EXCLUDE,0.95,3,3,Q40599,Édouard Manet,P1343,described by source,Metropolitan Museum of Art --owner of--> Young man in Mayo costume --owned by--> Édouard Manet --described by source--> Great Soviet Encyclopedia (1926–1947)
row1263,Q160236|Q4091875,Q160236,Metropolitan Museum of Art,Q4091875,,0,0,EXCLUDE,0.95,0,EXCLUDE,0.95,3,3,Q7322,Christopher Columbus,P1343,described by source,"Metropolitan Museum of Art --owner of--> Portrait of a Man, Said to be Christopher Columbus (born about 1446, died 1506) --main subject--> Christopher Columbus --described by source--> Great Encyclopedia of Cyril and Methodius"
row1274,Q160236|Q1925963,Q160236,Metropolitan Museum of Art,Q1925963,graphic artist,0,0,EXCLUDE,0.95,0,EXCLUDE,0.95,3,3,Q39931,Pierre-Auguste Renoir,P106,occupation,Metropolitan Museum of Art --owner of--> Tilla Durieux --owned by--> Pierre-Auguste Renoir --occupation--> graphic artist
row1284,Q160236|Q163863,Q160236,Metropolitan Museum of Art,Q163863,Grand Duke Nicholas Nikolaevich of Russia,0,0,EXCLUDE,0.9,0,EXCLUDE,0.9,3,3,Q130734,Nicholas I of Russia,P40,child,Metropolitan Museum of Art --owner of--> Crucifixion and Last Judgement diptych --owned by--> Nicholas I of Russia --child--> Grand Duke Nicholas Nikolaevich of Russia
row1289,Q160236|Q161199,Q160236,Metropolitan Museum of Art,Q161199,Grand Duke Michael Nikolaevich of Russia,0,0,EXCLUDE,0.9,0,EXCLUDE,0.9,3,3,Q130734,Nicholas I of Russia,P40,child,Metropolitan Museum of Art --owner of--> Crucifixion and Last Judgement diptych --owned by--> Nicholas I of Russia --child--> Grand Duke Michael Nikolaevich of Russia
row1293,Q160236|Q446724,Q160236,Metropolitan Museum of Art,Q446724,Grand Duke Konstantin Nikolayevich of Russia,0,0,EXCLUDE,0.95,0,EXCLUDE,0.95,3,3,Q130734,Nicholas I of Russia,P40,child,Metropolitan Museum of Art --owner of--> Crucifixion and Last Judgement diptych --owned by--> Nicholas I of Russia --child--> Grand Duke Konstantin Nikolayevich of Russia
row1312,Q160236|Q234052,Q160236,Metropolitan Museum of Art,Q234052,Grand Duchess Maria Nikolaevna of Russia,0,0,EXCLUDE,0.95,0,EXCLUDE,0.95,3,3,Q130734,Nicholas I of Russia,P40,child,Metropolitan Museum of Art --owner of--> Crucifixion and Last Judgement diptych --owned by--> Nicholas I of Russia --child--> Grand Duchess Maria Nikolaevna of Russia
row1316,Q160236|Q5594505,Q160236,Metropolitan Museum of Art,Q5594505,Grand Duchess Elizabeth Nikolaevna of Russia,0,0,EXCLUDE,0.95,0,EXCLUDE,0.95,3,3,Q130734,Nicholas I of Russia,P40,child,Metropolitan Museum of Art --owner of--> Crucifixion and Last Judgement diptych --owned by--> Nicholas I of Russia --child--> Grand Duchess Elizabeth Nikolaevna of Russia
row1324,Q160236|Q238478,Q160236,Metropolitan Museum of Art,Q238478,Grand Duchess Alexandra Nikolaevna of Russia,0,0,EXCLUDE,0.95,0,EXCLUDE,0.95,3,3,Q130734,Nicholas I of Russia,P40,child,Metropolitan Museum of Art --owner of--> Crucifixion and Last Judgement diptych --owned by--> Nicholas I of Russia --child--> Grand Duchess Alexandra Nikolaevna of Russia
row1348,Q160236|Q215626,Q160236,Metropolitan Museum of Art,Q215626,Georges Wildenstein,1,1,INCLUDE,0.99,1,INCLUDE,0.99,3,3,Q10288082,Wildenstein & Company,P127,owned by,Metropolitan Museum of Art --owner of--> The Daughters of Catulle Mendès --owned by--> Wildenstein & Company --owned by--> Georges Wildenstein
row1357,Q160236|Q336025,Q160236,Metropolitan Museum of Art,Q336025,"George Spencer-Churchill, 8th Duke of Marlborough",0,1,INCLUDE,0.85,1,INCLUDE,0.85,3,3,Q333355,"John Spencer-Churchill, 7th Duke of Marlborough",P40,child,"Metropolitan Museum of Art --owner of--> Old Age in Search of Youth --owned by--> John Spencer-Churchill, 7th Duke of Marlborough --child--> George Spencer-Churchill, 8th Duke of Marlborough"
row1358,Q160236|Q333601,Q160236,Metropolitan Museum of Art,Q333601,"George Spencer-Churchill, 6th Duke of Marlborough",0,0,EXCLUDE,0.8,0,EXCLUDE,0.8,3,3,Q333355,"John Spencer-Churchill, 7th Duke of Marlborough",P22,father,"Metropolitan Museum of Art --owner of--> Old Age in Search of Youth --owned by--> John Spencer-Churchill, 7th Duke of Marlborough --father--> George Spencer-Churchill, 6th Duke of Marlborough"
row1366,Q160236|Q80317,Q160236,Metropolitan Museum of Art,Q80317,Garçon à la pipe,1,1,INCLUDE,0.95,1,INCLUDE,0.95,3,3,Q2544162,Walter Feilchenfeldt,P1830,owner of,Metropolitan Museum of Art --owner of--> Tilla Durieux --owned by--> Walter Feilchenfeldt --owner of--> Garçon à la pipe
row1372,Q160236|Q20771242,Q160236,Metropolitan Museum of Art,Q20771242,gallerist,1,1,INCLUDE,0.9,1,INCLUDE,0.9,3,3,Q649052,Paul Durand-Ruel,P106,occupation,Metropolitan Museum of Art --owner of--> Young man in Mayo costume --owned by--> Paul Durand-Ruel --occupation--> gallerist
row1423,Q160236|Q1979607,Q160236,Metropolitan Museum of Art,Q1979607,financier,0,0,EXCLUDE,0.95,0,EXCLUDE,0.95,3,3,Q54168,J. P. Morgan,P106,occupation,"Metropolitan Museum of Art --owner of--> Portrait of a Man, Said to be Christopher Columbus (born about 1446, died 1506) --owned by--> J. P. Morgan --occupation--> financier"
row1440,Q160236|Q10800557,Q160236,Metropolitan Museum of Art,Q10800557,film actor,0,0,EXCLUDE,0.95,0,EXCLUDE,0.95,3,3,Q78793,Tilla Durieux,P106,occupation,Metropolitan Museum of Art --owner of--> Tilla Durieux --owned by--> Tilla Durieux --occupation--> film actor
row1445,Q160236|Q110146410,Q160236,Metropolitan Museum of Art,Q110146410,Fernande Olivier,0,1,INCLUDE,0.9,1,INCLUDE,0.9,3,3,Q2032793,Oscar Huldschinsky,P1830,owner of,Metropolitan Museum of Art --owner of--> The Annunciation --owned by--> Oscar Huldschinsky --owner of--> Fernande Olivier
row1447,Q160236|Q96090146,Q160236,Metropolitan Museum of Art,Q96090146,Ferdinand Joachim Figdor,1,0,EXCLUDE,0.9,0,EXCLUDE,0.9,3,3,Q1552207,Albert Figdor,P22,father,"Metropolitan Museum of Art --owner of--> Mandora (ca.1420) from Milan?, Italy. MET 64.101.1409 --owned by--> Albert Figdor --father--> Ferdinand Joachim Figdor"
row1450,Q160236|Q150599,Q160236,Metropolitan Museum of Art,Q150599,"Ferdinand II, Holy Roman Emperor",0,0,EXCLUDE,0.9,0,EXCLUDE,0.9,3,3,Q437295,Archduke Leopold Wilhelm of Austria,P22,father,"Metropolitan Museum of Art --owner of--> The Harvesters --owned by--> Archduke Leopold Wilhelm of Austria --father--> Ferdinand II, Holy Roman Emperor"
row1459,Q160236|Q11900058,Q160236,Metropolitan Museum of Art,Q11900058,explorer,0,0,EXCLUDE,0.95,0,EXCLUDE,0.95,3,3,Q7322,Christopher Columbus,P106,occupation,"Metropolitan Museum of Art --owner of--> Portrait of a Man, Said to be Christopher Columbus (born about 1446, died 1506) --main subject--> Christopher Columbus --occupation--> explorer"
row1475,Q160236|Q20730464,Q160236,Metropolitan Museum of Art,Q20730464,Étienne Bignou,1,1,INCLUDE,0.99,1,INCLUDE,0.99,3,3,Q15619234,Bignou Gallery,P127,owned by,Metropolitan Museum of Art --owner of--> Tilla Durieux --owned by--> Bignou Gallery --owned by--> Étienne Bignou
row1481,Q160236|Q10862983,Q160236,Metropolitan Museum of Art,Q10862983,etcher,0,0,EXCLUDE,0.95,0,EXCLUDE,0.95,3,3,Q5582,Vincent van Gogh,P106,occupation,Metropolitan Museum of Art --owner of--> The Potato Peeler --owned by--> Vincent van Gogh --occupation--> etcher
row1502,Q160236|Q131524,Q160236,Metropolitan Museum of Art,Q131524,entrepreneur,0,0,EXCLUDE,0.95,0,EXCLUDE,0.95,3,3,Q2895984,Benjamin Altman,P106,occupation,Metropolitan Museum of Art --owner of--> Yonker Ramp and his Sweetheart --owned by--> Benjamin Altman --occupation--> entrepreneur
row1518,Q160236|Q4532135,Q160236,Metropolitan Museum of Art,Q4532135,Encyclopedic Lexicon,0,0,EXCLUDE,0.95,0,EXCLUDE,0.95,3,3,Q175286,Antoine-François Andréossy,P1343,described by source,Metropolitan Museum of Art --owner of--> The Harvesters --owned by--> Antoine-François Andréossy --described by source--> Encyclopedic Lexicon
row1521,Q160236|Q867541,Q160236,Metropolitan Museum of Art,Q867541,Encyclopædia Britannica 11th edition,0,0,EXCLUDE,0.95,0,EXCLUDE,0.95,3,3,Q39931,Pierre-Auguste Renoir,P1343,described by source,Metropolitan Museum of Art --owner of--> Tilla Durieux --owned by--> Pierre-Auguste Renoir --described by source--> Encyclopædia Britannica 11th edition
row1539,Q160236|Q467167,Q160236,Metropolitan Museum of Art,Q467167,Edmond James de Rothschild,1,1,INCLUDE,0.9,1,INCLUDE,0.9,3,3,Q3301570,Maurice de Rothschild,P22,father,Metropolitan Museum of Art --owner of--> The Daughters of Catulle Mendès --owned by--> Maurice de Rothschild --father--> Edmond James de Rothschild
row1541,Q160236|Q932401,Q160236,Metropolitan Museum of Art,Q932401,Edmond Adolphe de Rothschild,1,1,INCLUDE,0.9,1,INCLUDE,0.9,3,3,Q3301570,Maurice de Rothschild,P40,child,Metropolitan Museum of Art --owner of--> The Daughters of Catulle Mendès --owned by--> Maurice de Rothschild --child--> Edmond Adolphe de Rothschild
row1552,Q160236|Q188094,Q160236,Metropolitan Museum of Art,Q188094,economist,0,0,PRUNED_BY_ANCESTOR,,0,EXCLUDE,0.95,3,3,Q178903,Alexander Hamilton,P106,occupation,Metropolitan Museum of Art --owner of--> Alexander Hamilton --main subject--> Alexander Hamilton --occupation--> economist
row1559,Q160236|Q2453629,Q160236,Metropolitan Museum of Art,Q2453629,drinking vessel,0,0,PRUNED_BY_ANCESTOR,,0,EXCLUDE,0.95,3,3,Q109691972,WikiProject Applied arts/Drinking vessels,P921,main subject,Metropolitan Museum of Art --owner of--> Terracotta kylix (drinking cup) --on focus list of Wikimedia project--> WikiProject Applied arts/Drinking vessels --main subject--> drinking vessel
row1566,Q160236|Q15296811,Q160236,Metropolitan Museum of Art,Q15296811,drawer,0,0,EXCLUDE,0.95,0,EXCLUDE,0.95,3,3,Q40599,Édouard Manet,P106,occupation,Metropolitan Museum of Art --owner of--> Young man in Mayo costume --owned by--> Édouard Manet --occupation--> drawer
row1575,Q160236|Q14623005,Q160236,Metropolitan Museum of Art,Q14623005,draftsperson,0,0,EXCLUDE,0.95,0,EXCLUDE,0.95,3,3,Q40599,Édouard Manet,P106,occupation,Metropolitan Museum of Art --owner of--> Young man in Mayo costume --owned by--> Édouard Manet --occupation--> draftsperson
row1595,Q160236|Q193391,Q160236,Metropolitan Museum of Art,Q193391,diplomat,0,0,EXCLUDE,0.95,0,EXCLUDE,0.95,3,3,Q160499,Charles-Maurice de Talleyrand-Périgord,P106,occupation,"Metropolitan Museum of Art --owner of--> Portrait of a Man, Said to be Christopher Columbus (born about 1446, died 1506) --owned by--> Charles-Maurice de Talleyrand-Périgord --occupation--> diplomat"
row1599,Q160236|Q452379,Q160236,Metropolitan Museum of Art,Q452379,Diego Columbus,0,0,EXCLUDE,0.9,0,EXCLUDE,0.9,3,3,Q7322,Christopher Columbus,P40,child,"Metropolitan Museum of Art --owner of--> Portrait of a Man, Said to be Christopher Columbus (born about 1446, died 1506) --main subject--> Christopher Columbus --child--> Diego Columbus"
row1611,Q160236|Q1186818,Q160236,Metropolitan Museum of Art,Q1186818,Den Store Danske Encyklopædi,0,0,EXCLUDE,0.95,0,EXCLUDE,0.95,3,3,Q40599,Édouard Manet,P1343,described by source,Metropolitan Museum of Art --owner of--> Young man in Mayo costume --owned by--> Édouard Manet --described by source--> Den Store Danske Encyklopædi
row1624,Q160236|Q723358,Q160236,Metropolitan Museum of Art,Q723358,Daniel Wildenstein,1,1,INCLUDE,0.95,1,INCLUDE,0.95,3,3,Q10288082,Wildenstein & Company,P127,owned by,Metropolitan Museum of Art --owner of--> The Daughters of Catulle Mendès --owned by--> Wildenstein & Company --owned by--> Daniel Wildenstein
row1663,Q160236|Q36834,Q160236,Metropolitan Museum of Art,Q36834,composer,0,0,EXCLUDE,0.95,0,EXCLUDE,0.95,3,3,Q320464,Jean-Baptiste Faure,P106,occupation,Metropolitan Museum of Art --owner of--> Young man in Mayo costume --owned by--> Jean-Baptiste Faure --occupation--> composer
row1665,Q160236|Q1780490,Q160236,Metropolitan Museum of Art,Q1780490,communard,0,0,EXCLUDE,0.9,0,EXCLUDE,0.9,3,3,Q34618,Gustave Courbet,P106,occupation,Metropolitan Museum of Art --owner of--> The Woman in the Waves --owned by--> Gustave Courbet --occupation--> communard
row1718,Q160236|Q62594,Q160236,Metropolitan Museum of Art,Q62594,"Charles III Philip, Elector Palatine",0,0,EXCLUDE,0.9,0,EXCLUDE,0.9,3,3,Q60514,"Philip William, Elector Palatine",P40,child,"Metropolitan Museum of Art --owner of--> Portrait of a Man, Said to be Christopher Columbus (born about 1446, died 1506) --owned by--> Philip William, Elector Palatine --child--> Charles III Philip, Elector Palatine"
row1722,Q160236|Q104439776,Q160236,Metropolitan Museum of Art,Q104439776,Charles Durand-Ruel,1,1,INCLUDE,0.95,1,INCLUDE,0.95,3,3,Q649052,Paul Durand-Ruel,P40,child,Metropolitan Museum of Art --owner of--> Young man in Mayo costume --owned by--> Paul Durand-Ruel --child--> Charles Durand-Ruel
row1730,Q160236|Q21069797,Q160236,Metropolitan Museum of Art,Q21069797,Charles Carstairs,1,1,INCLUDE,0.95,1,INCLUDE,0.95,3,3,Q10288073,M. Knoedler & Co.,P127,owned by,Metropolitan Museum of Art --owner of--> The Daughters of Catulle Mendès --owned by--> M. Knoedler & Co. --owned by--> Charles Carstairs
row1741,Q160236|Q250867,Q160236,Metropolitan Museum of Art,Q250867,Catholic priest,0,0,EXCLUDE,0.95,0,EXCLUDE,0.95,3,3,Q437295,Archduke Leopold Wilhelm of Austria,P106,occupation,Metropolitan Museum of Art --owner of--> The Harvesters --owned by--> Archduke Leopold Wilhelm of Austria --occupation--> Catholic priest
row1778,Q160236|Q43845,Q160236,Metropolitan Museum of Art,Q43845,businessperson,0,0,PRUNED_BY_ANCESTOR,,0,EXCLUDE,0.95,3,3,Q178903,Alexander Hamilton,P106,occupation,Metropolitan Museum of Art --owner of--> Alexander Hamilton --main subject--> Alexander Hamilton --occupation--> businessperson
row1788,Q160236|Q18223037,Q160236,Metropolitan Museum of Art,Q18223037,Bunch of Asparagus,1,1,INCLUDE,0.95,1,INCLUDE,0.95,3,3,Q65351,Paul Cassirer,P1830,owner of,Metropolitan Museum of Art --owner of--> Tilla Durieux --owned by--> Paul Cassirer --owner of--> Bunch of Asparagus
row1800,Q160236|Q3148760,Q160236,Metropolitan Museum of Art,Q3148760,botanical illustrator,0,0,EXCLUDE,0.95,0,EXCLUDE,0.95,3,3,Q5582,Vincent van Gogh,P106,occupation,Metropolitan Museum of Art --owner of--> The Potato Peeler --owned by--> Vincent van Gogh --occupation--> botanical illustrator
row1805,Q160236|Q864503,Q160236,Metropolitan Museum of Art,Q864503,biologist,0,0,EXCLUDE,0.9,0,EXCLUDE,0.9,3,3,Q211787,Jules Bordet,P106,occupation,Metropolitan Museum of Art --owner of--> Woman with a Parrot --owned by--> Jules Bordet --occupation--> biologist
row1846,Q160236|Q51955019,Q160236,Metropolitan Museum of Art,Q51955019,BEIC Digital Library,0,0,EXCLUDE,0.9,0,EXCLUDE,0.9,3,3,Q40599,Édouard Manet,P1343,described by source,Metropolitan Museum of Art --owner of--> Young man in Mayo costume --owned by--> Édouard Manet --described by source--> BEIC Digital Library
row1858,Q160236|Q806798,Q160236,Metropolitan Museum of Art,Q806798,banker,0,0,EXCLUDE,0.85,0,EXCLUDE,0.85,3,3,Q54168,J. P. Morgan,P106,occupation,"Metropolitan Museum of Art --owner of--> Portrait of a Man, Said to be Christopher Columbus (born about 1446, died 1506) --owned by--> J. P. Morgan --occupation--> banker"
row1864,Q160236|Q2876634,Q160236,Metropolitan Museum of Art,Q2876634,B. Altman and Company,1,0,EXCLUDE,0.8,0,EXCLUDE,0.8,3,3,Q2895984,Benjamin Altman,P1830,owner of,Metropolitan Museum of Art --owner of--> Yonker Ramp and his Sweetheart --owned by--> Benjamin Altman --owner of--> B. Altman and Company
row1868,Q160236|Q766737,Q160236,Metropolitan Museum of Art,Q766737,Auguste Manet,0,0,EXCLUDE,0.9,0,EXCLUDE,0.9,3,3,Q40599,Édouard Manet,P22,father,Metropolitan Museum of Art --owner of--> Young man in Mayo costume --owned by--> Édouard Manet --father--> Auguste Manet
row1883,Q160236|Q30335959,Q160236,Metropolitan Museum of Art,Q30335959,Art Looting Investigation Unit,1,1,INCLUDE,0.95,1,INCLUDE,0.95,3,3,Q15619234,Bignou Gallery,P1840,investigation of,Metropolitan Museum of Art --owner of--> Tilla Durieux --owned by--> Bignou Gallery --investigation of--> Art Looting Investigation Unit
row1892,Q160236|Q50637,Q160236,Metropolitan Museum of Art,Q50637,art history,1,1,INCLUDE,0.95,1,INCLUDE,0.95,3,3,Q28837176,Heilbrunn Timeline of Art History,P921,main subject,Metropolitan Museum of Art --owner of--> Young man in Mayo costume --described by source--> Heilbrunn Timeline of Art History --main subject--> art history
row1900,Q160236|Q1792450,Q160236,Metropolitan Museum of Art,Q1792450,art historian,1,0,EXCLUDE,0.85,0,EXCLUDE,0.85,3,3,Q75159047,Esther Doornbusch,P106,occupation,Metropolitan Museum of Art --described by source--> hedendaagsesieraden.nl --owned by--> Esther Doornbusch --occupation--> art historian
row1914,Q160236|Q173950,Q160236,Metropolitan Museum of Art,Q173950,art dealer,1,1,INCLUDE,0.95,1,INCLUDE,0.95,3,3,Q2544162,Walter Feilchenfeldt,P106,occupation,Metropolitan Museum of Art --owner of--> Tilla Durieux --owned by--> Walter Feilchenfeldt --occupation--> art dealer
row1937,Q160236|Q10732476,Q160236,Metropolitan Museum of Art,Q10732476,art collector,1,1,INCLUDE,0.95,1,INCLUDE,0.95,3,3,Q78793,Tilla Durieux,P106,occupation,Metropolitan Museum of Art --owner of--> Tilla Durieux --owned by--> Tilla Durieux --occupation--> art collector
row1948,Q160236|Q98831742,Q160236,Metropolitan Museum of Art,Q98831742,"Armorial of the members of the court council of Rudolf II of Habsburg (1552-1612), German emperor",0,1,INCLUDE,0.9,1,INCLUDE,0.9,3,3,Q150586,Emperor Rudolf II,P1830,owner of,"Metropolitan Museum of Art --owner of--> The Harvesters --owned by--> Emperor Rudolf II --owner of--> Armorial of the members of the court council of Rudolf II of Habsburg (1552-1612), German emperor"
row1954,Q160236|Q2657718,Q160236,Metropolitan Museum of Art,Q2657718,Armenian Soviet Encyclopedia,0,0,EXCLUDE,0.95,0,EXCLUDE,0.95,3,3,Q40599,Édouard Manet,P1343,described by source,Metropolitan Museum of Art --owner of--> Young man in Mayo costume --owned by--> Édouard Manet --described by source--> Armenian Soviet Encyclopedia
row1961,Q160236|Q363383,Q160236,Metropolitan Museum of Art,Q363383,Armand Hammer,1,1,INCLUDE,0.95,1,INCLUDE,0.95,3,3,Q10288073,M. Knoedler & Co.,P127,owned by,Metropolitan Museum of Art --owner of--> The Daughters of Catulle Mendès --owned by--> M. Knoedler & Co. --owned by--> Armand Hammer
row1989,Q160236|Q3621491,Q160236,Metropolitan Museum of Art,Q3621491,archaeologist,0,0,EXCLUDE,0.85,0,EXCLUDE,0.85,3,3,Q1348898,Theodore M. Davis,P106,occupation,Metropolitan Museum of Art --owner of--> Madonna and Child with Angels --owned by--> Theodore M. Davis --occupation--> archaeologist
row2027,Q160236|Q57207,Q160236,Metropolitan Museum of Art,Q57207,Alexandra Feodorovna,0,0,EXCLUDE,0.85,0,EXCLUDE,0.85,3,3,Q130734,Nicholas I of Russia,P26,spouse,Metropolitan Museum of Art --owner of--> Crucifixion and Last Judgement diptych --owned by--> Nicholas I of Russia --spouse--> Alexandra Feodorovna
row2034,Q160236|Q84632,Q160236,Metropolitan Museum of Art,Q84632,Alexander Sigismund von der Pfalz-Neuburg,0,0,EXCLUDE,0.9,0,EXCLUDE,0.9,3,3,Q60514,"Philip William, Elector Palatine",P40,child,"Metropolitan Museum of Art --owner of--> Portrait of a Man, Said to be Christopher Columbus (born about 1446, died 1506) --owned by--> Philip William, Elector Palatine --child--> Alexander Sigismund von der Pfalz-Neuburg"
row2041,Q160236|Q83171,Q160236,Metropolitan Museum of Art,Q83171,Alexander II of Russia,0,1,INCLUDE,0.8,1,INCLUDE,0.8,3,3,Q130734,Nicholas I of Russia,P40,child,Metropolitan Museum of Art --owner of--> Crucifixion and Last Judgement diptych --owned by--> Nicholas I of Russia --child--> Alexander II of Russia
row2044,Q160236|Q4719071,Q160236,Metropolitan Museum of Art,Q4719071,Alexander Hamilton Jr.,0,0,PRUNED_BY_ANCESTOR,,0,EXCLUDE,0.95,3,3,Q178903,Alexander Hamilton,P40,child,Metropolitan Museum of Art --owner of--> Alexander Hamilton --main subject--> Alexander Hamilton --child--> Alexander Hamilton Jr.
row2059,Q160236|Q18745022,Q160236,Metropolitan Museum of Art,Q18745022,Alec N. Wildenstein,1,1,INCLUDE,0.95,1,INCLUDE,0.95,3,3,Q10288082,Wildenstein & Company,P127,owned by,Metropolitan Museum of Art --owner of--> The Daughters of Catulle Mendès --owned by--> Wildenstein & Company --owned by--> Alec N. Wildenstein
row2088,Q160236|Q33999,Q160236,Metropolitan Museum of Art,Q33999,actor,0,0,EXCLUDE,0.9,0,EXCLUDE,0.9,3,3,Q78793,Tilla Durieux,P106,occupation,Metropolitan Museum of Art --owner of--> Tilla Durieux --owned by--> Tilla Durieux --occupation--> actor
row2097,Q160236|Q3713914,Q160236,Metropolitan Museum of Art,Q3713914,A Woman Seated beside a Vase of Flowers,0,0,EXCLUDE,0.95,0,EXCLUDE,0.95,3,3,Q539280,Louisine Havemeyer,P1830,owner of,Metropolitan Museum of Art --owner of--> Young man in Mayo costume --owned by--> Louisine Havemeyer --owner of--> A Woman Seated beside a Vase of Flowers
row2105,Q160236|Q15987490,Q160236,Metropolitan Museum of Art,Q15987490,1922 Encyclopædia Britannica,0,0,EXCLUDE,0.9,0,EXCLUDE,0.9,3,3,Q39931,Pierre-Auguste Renoir,P1343,described by source,Metropolitan Museum of Art --owner of--> Tilla Durieux --owned by--> Pierre-Auguste Renoir --described by source--> 1922 Encyclopædia Britannica
row26,Q160236|Q47309996,Q160236,Metropolitan Museum of Art,Q47309996,Adolf Wuester,1,1,INCLUDE,0.85,1,INCLUDE,0.85,4,4,Q20730464,Étienne Bignou,P3342,significant person,Metropolitan Museum of Art --owner of--> Tilla Durieux --owned by--> Bignou Gallery --owned by--> Étienne Bignou --significant person--> Adolf Wuester
row131,Q160236|Q1485141,Q160236,Metropolitan Museum of Art,Q1485141,Polish Biographical Dictionary,0,0,EXCLUDE,0.9,0,EXCLUDE,0.9,4,4,Q2187338,Anna Catherine Constance Vasa,P1343,described by source,"Metropolitan Museum of Art --owner of--> Portrait of a Man, Said to be Christopher Columbus (born about 1446, died 1506) --owned by--> Philip William, Elector Palatine --spouse--> Anna Catherine Constance Vasa --described by source--> Polish Biographical Dictionary"
row134,Q160236|Q152785,Q160236,Metropolitan Museum of Art,Q152785,Pauline Bonaparte,0,0,EXCLUDE,0.9,0,EXCLUDE,0.9,4,4,Q151869,Carlo Bonaparte,P40,child,Metropolitan Museum of Art --owner of--> Terracotta oinochoe: olpe (round-mouthed jug) --owned by--> Lucien Bonaparte --father--> Carlo Bonaparte --child--> Pauline Bonaparte
row183,Q160236|Q16000367,Q160236,Metropolitan Museum of Art,Q16000367,horse breeder,0,0,EXCLUDE,0.9,0,EXCLUDE,0.9,4,4,Q3122208,Guy Wildenstein,P106,occupation,Metropolitan Museum of Art --owner of--> The Daughters of Catulle Mendès --owned by--> Wildenstein & Company --owned by--> Guy Wildenstein --occupation--> horse breeder
row211,Q160236|Q100708933,Q160236,Metropolitan Museum of Art,Q100708933,Martin Fabiani,1,1,INCLUDE,0.9,1,INCLUDE,0.9,4,4,Q20730464,Étienne Bignou,P3342,significant person,Metropolitan Museum of Art --owner of--> Tilla Durieux --owned by--> Bignou Gallery --owned by--> Étienne Bignou --significant person--> Martin Fabiani
row225,Q160236|Q935182,Q160236,Metropolitan Museum of Art,Q935182,Lucien Louis Joseph Napoleon Bonaparte,0,0,EXCLUDE,0.9,0,EXCLUDE,0.9,4,4,Q157521,Charles Lucien Bonaparte,P40,child,Metropolitan Museum of Art --owner of--> Terracotta oinochoe: olpe (round-mouthed jug) --owned by--> Lucien Bonaparte --child--> Charles Lucien Bonaparte --child--> Lucien Louis Joseph Napoleon Bonaparte
row250,Q160236|Q3189169,Q160236,Metropolitan Museum of Art,Q3189169,Julie Bonaparte,0,0,EXCLUDE,0.9,0,EXCLUDE,0.9,4,4,Q157521,Charles Lucien Bonaparte,P40,child,Metropolitan Museum of Art --owner of--> Terracotta oinochoe: olpe (round-mouthed jug) --owned by--> Lucien Bonaparte --child--> Charles Lucien Bonaparte --child--> Julie Bonaparte
row264,Q160236|Q11774156,Q160236,Metropolitan Museum of Art,Q11774156,memoirist,0,0,EXCLUDE,0.9,0,EXCLUDE,0.9,4,4,Q234926,Olga Nikolaevna of Russia,P106,occupation,Metropolitan Museum of Art --owner of--> Crucifixion and Last Judgement diptych --owned by--> Nicholas I of Russia --child--> Olga Nikolaevna of Russia --occupation--> memoirist
row289,Q160236|Q191808,Q160236,Metropolitan Museum of Art,Q191808,nun,0,0,EXCLUDE,0.9,0,EXCLUDE,0.9,4,4,Q84864,Margaret of Austria,P106,occupation,"Metropolitan Museum of Art --owner of--> Armor of Emperor Ferdinand I --owned by--> Ferdinand I, Holy Roman Emperor --child--> Margaret of Austria --occupation--> nun"
row304,Q160236|Q1225716,Q160236,Metropolitan Museum of Art,Q1225716,ornithologist,0,0,EXCLUDE,0.9,0,EXCLUDE,0.9,4,4,Q157521,Charles Lucien Bonaparte,P106,occupation,Metropolitan Museum of Art --owner of--> Terracotta oinochoe: olpe (round-mouthed jug) --owned by--> Lucien Bonaparte --child--> Charles Lucien Bonaparte --occupation--> ornithologist
row331,Q160236|Q1528420,Q160236,Metropolitan Museum of Art,Q1528420,Giuseppe Maria Buonaparte,0,0,EXCLUDE,0.9,0,EXCLUDE,0.9,4,4,Q151869,Carlo Bonaparte,P22,father,Metropolitan Museum of Art --owner of--> Terracotta oinochoe: olpe (round-mouthed jug) --owned by--> Lucien Bonaparte --father--> Carlo Bonaparte --father--> Giuseppe Maria Buonaparte
row341,Q160236|Q1138524,Q160236,Metropolitan Museum of Art,Q1138524,Paulys Realenzyklopädie der klassischen Altertumswissenschaft,0,0,PRUNED_BY_ANCESTOR,,0,EXCLUDE,0.95,4,4,Q33999,actor,P1343,described by source,Metropolitan Museum of Art --owner of--> Tilla Durieux --owned by--> Tilla Durieux --occupation--> actor --described by source--> Paulys Realenzyklopädie der klassischen Altertumswissenschaft
row369,Q160236|Q455,Q160236,Metropolitan Museum of Art,Q455,Encyclopædia Britannica,0,0,EXCLUDE,0.95,0,EXCLUDE,0.95,4,4,Q302,Jesus,P1343,described by source,Metropolitan Museum of Art --owner of--> Crucifixion and Last Judgement diptych --main subject--> Crucifixion of Jesus --significant person--> Jesus --described by source--> Encyclopædia Britannica
row371,Q160236|Q42603,Q160236,Metropolitan Museum of Art,Q42603,priest,0,0,PRUNED_BY_ANCESTOR,,0,EXCLUDE,0.9,4,4,Q75770,Wolfgang George Frederick von Pfalz-Neuburg,P106,occupation,"Metropolitan Museum of Art --owner of--> Portrait of a Man, Said to be Christopher Columbus (born about 1446, died 1506) --owned by--> Philip William, Elector Palatine --child--> Wolfgang George Frederick von Pfalz-Neuburg --occupation--> priest"
row372,Q160236|Q42857,Q160236,Metropolitan Museum of Art,Q42857,prophet,0,0,EXCLUDE,0.9,0,EXCLUDE,0.9,4,4,Q302,Jesus,P106,occupation,Metropolitan Museum of Art --owner of--> Crucifixion and Last Judgement diptych --main subject--> Crucifixion of Jesus --significant person--> Jesus --occupation--> prophet
row381,Q160236|Q2251335,Q160236,Metropolitan Museum of Art,Q2251335,schoolteacher,0,0,EXCLUDE,0.9,0,EXCLUDE,0.9,4,4,Q107710831,Jeanne Huguette Olga Mendès,P106,occupation,Metropolitan Museum of Art --owner of--> The Daughters of Catulle Mendès --owned by--> Catulle Mendès --child--> Jeanne Huguette Olga Mendès --occupation--> school teacher
row388,Q160236|Q105802405,Q160236,Metropolitan Museum of Art,Q105802405,Dictionary of Women Worldwide,0,0,EXCLUDE,0.95,0,EXCLUDE,0.95,4,4,Q93577085,Frances Louisa Tracy,P1343,described by source,"Metropolitan Museum of Art --owner of--> Portrait of a Man, Said to be Christopher Columbus (born about 1446, died 1506) --owned by--> J. P. Morgan --spouse--> Frances Louisa Tracy --described by source--> Dictionary of Women Worldwide"
row392,Q160236|Q16014697,Q160236,Metropolitan Museum of Art,Q16014697,"Dictionary of National Biography, second supplement",0,0,EXCLUDE,0.85,0,EXCLUDE,0.85,4,4,Q18917590,Joseph Duveen,P1343,described by source,"Metropolitan Museum of Art --owner of--> Yonker Ramp and his Sweetheart --owned by--> Duveen Galleries --owned by--> Joseph Duveen --described by source--> Dictionary of National Biography, second supplement"
row394,Q160236|Q16014700,Q160236,Metropolitan Museum of Art,Q16014700,"Dictionary of National Biography, first supplement",0,0,EXCLUDE,0.95,0,EXCLUDE,0.95,4,4,Q314773,Lord Randolph Churchill,P1343,described by source,"Metropolitan Museum of Art --owner of--> Old Age in Search of Youth --owned by--> John Spencer-Churchill, 7th Duke of Marlborough --child--> Lord Randolph Churchill --described by source--> Dictionary of National Biography, first supplement"
row427,Q160236|Q1766280,Q160236,Metropolitan Museum of Art,Q1766280,Svensk uppslagsbok,0,0,EXCLUDE,0.95,0,EXCLUDE,0.95,4,4,Q375068,"Charles Joseph, comte de Flahaut",P1343,described by source,"Metropolitan Museum of Art --owner of--> Portrait of a Man, Said to be Christopher Columbus (born about 1446, died 1506) --owned by--> Charles-Maurice de Talleyrand-Périgord --child--> Charles Joseph, comte de Flahaut --described by source--> Svensk uppslagsbok"
row476,Q160236|Q3639582,Q160236,Metropolitan Museum of Art,Q3639582,Biblioteca Europea di Informazione e Cultura,0,0,PRUNED_BY_ANCESTOR,,0,EXCLUDE,0.9,4,4,Q51955019,BEIC Digital Library,P127,owned by,Metropolitan Museum of Art --owner of--> Young man in Mayo costume --owned by--> Édouard Manet --described by source--> BEIC Digital Library --owned by--> Biblioteca Europea di Informazione e Cultura
row490,Q160236|Q117474,Q160236,Metropolitan Museum of Art,Q117474,Arthur Stoll,1,1,INCLUDE,0.95,1,INCLUDE,0.95,4,4,Q18517666,Source of a Mountain Stream,P127,owned by,"Metropolitan Museum of Art --owner of--> Portrait of a Man, Said to be Christopher Columbus (born about 1446, died 1506) --owned by--> Georges Petit --owner of--> Source of a Mountain Stream --owned by--> Arthur Stoll"
row494,Q160236|Q1630100,Q160236,Metropolitan Museum of Art,Q1630100,art model,0,0,EXCLUDE,0.95,0,EXCLUDE,0.95,4,4,Q2836593,Alice Hoschedé,P106,occupation,Metropolitan Museum of Art --owner of--> Young man in Mayo costume --owned by--> Ernest Hoschedé --spouse--> Alice Hoschedé --occupation--> art model
row520,Q160236|Q2837972,Q160236,Metropolitan Museum of Art,Q2837972,Allez France,0,0,EXCLUDE,0.99,0,EXCLUDE,0.99,4,4,Q723358,Daniel Wildenstein,P1830,owner of,Metropolitan Museum of Art --owner of--> The Daughters of Catulle Mendès --owned by--> Wildenstein & Company --owned by--> Daniel Wildenstein --owner of--> Allez France
row537,Q160236|Q98970039,Q160236,Metropolitan Museum of Art,Q98970039,WikiProject PCC Wikidata Pilot/University of Washington,0,0,PRUNED_BY_ANCESTOR,,0,EXCLUDE,0.95,4,4,Q36180,writer,P5008,on focus list of Wikimedia project,Metropolitan Museum of Art --owner of--> Alexander Hamilton --main subject--> Alexander Hamilton --occupation--> writer --on focus list of Wikimedia project--> WikiProject PCC Wikidata Pilot/University of Washington
row551,Q160236|Q350979,Q160236,Metropolitan Museum of Art,Q350979,zoologist,0,0,EXCLUDE,0.95,0,EXCLUDE,0.95,4,4,Q157521,Charles Lucien Bonaparte,P106,occupation,Metropolitan Museum of Art --owner of--> Terracotta oinochoe: olpe (round-mouthed jug) --owned by--> Lucien Bonaparte --child--> Charles Lucien Bonaparte --occupation--> zoologist
row555,Q160236|Q4091878,Q160236,Metropolitan Museum of Art,Q4091878,Yuzhakov Big Encyclopedia,0,0,PRUNED_BY_ANCESTOR,,0,EXCLUDE,0.95,4,4,Q189290,military officer,P1343,described by source,Metropolitan Museum of Art --owner of--> Alexander Hamilton --main subject--> Alexander Hamilton --occupation--> military officer --described by source--> Yuzhakov Big Encyclopedia
row608,Q160236|Q8016,Q160236,Metropolitan Museum of Art,Q8016,Winston Churchill,0,0,EXCLUDE,0.9,0,EXCLUDE,0.9,4,4,Q314773,Lord Randolph Churchill,P40,child,"Metropolitan Museum of Art --owner of--> Old Age in Search of Youth --owned by--> John Spencer-Churchill, 7th Duke of Marlborough --child--> Lord Randolph Churchill --child--> Winston Churchill"
row615,Q160236|Q61294807,Q160236,Metropolitan Museum of Art,Q61294807,William Buchanan,0,1,INCLUDE,0.95,1,INCLUDE,0.95,4,4,Q60469507,Laban Searching for his Stolen Household Gods,P127,owned by,Metropolitan Museum of Art --owner of--> The Daughters of Catulle Mendès --owned by--> Wildenstein & Company --owner of--> Laban Searching for his Stolen Household Gods --owned by--> William Buchanan
row617,Q160236|Q3049525,Q160236,Metropolitan Museum of Art,Q3049525,William Bonaparte-Wyse,0,0,EXCLUDE,0.95,0,EXCLUDE,0.95,4,4,Q3269958,Letitia Christine Bonaparte,P40,child,Metropolitan Museum of Art --owner of--> Terracotta oinochoe: olpe (round-mouthed jug) --owned by--> Lucien Bonaparte --child--> Letitia Christine Bonaparte --child--> William Bonaparte-Wyse
row627,Q160236|Q3568152,Q160236,Metropolitan Museum of Art,Q3568152,Wildenstein Institute,1,1,INCLUDE,0.95,1,INCLUDE,0.95,4,4,Q723358,Daniel Wildenstein,P1830,owner of,Metropolitan Museum of Art --owner of--> The Daughters of Catulle Mendès --owned by--> Wildenstein & Company --owned by--> Daniel Wildenstein --owner of--> Wildenstein Institute
row672,Q160236|Q106447762,Q160236,Metropolitan Museum of Art,Q106447762,"Wikidata:Gruppo Wikidata per Musei, Archivi e Biblioteche/Riviste italiane di biblioteconomia",0,0,PRUNED_BY_ANCESTOR,,0,EXCLUDE,0.95,4,4,Q51955019,BEIC Digital Library,P5008,on focus list of Wikimedia project,"Metropolitan Museum of Art --owner of--> Young man in Mayo costume --owned by--> Édouard Manet --described by source--> BEIC Digital Library --on focus list of Wikimedia project--> Wikidata:Gruppo Wikidata per Musei, Archivi e Biblioteche/Riviste italiane di biblioteconomia"
row694,Q160236|Q164236,Q160236,Metropolitan Museum of Art,Q164236,war correspondent,0,0,EXCLUDE,0.95,0,EXCLUDE,0.95,4,4,Q7422914,Sarah Wilson,P106,occupation,"Metropolitan Museum of Art --owner of--> Old Age in Search of Youth --owned by--> John Spencer-Churchill, 7th Duke of Marlborough --child--> Sarah Wilson --occupation--> war correspondent"
row698,Q160236|Q18602666,Q160236,Metropolitan Museum of Art,Q18602666,Walter Hofer,1,1,INCLUDE,0.99,1,INCLUDE,0.99,4,4,Q18517666,Source of a Mountain Stream,P127,owned by,"Metropolitan Museum of Art --owner of--> Portrait of a Man, Said to be Christopher Columbus (born about 1446, died 1506) --owned by--> Georges Petit --owner of--> Source of a Mountain Stream --owned by--> Walter Hofer"
row737,Q160236|Q18704648,Q160236,Metropolitan Museum of Art,Q18704648,Violet Pure Pitman,0,1,INCLUDE,0.95,1,INCLUDE,0.95,4,4,Q2105271,Portrait of Mademoiselle Claus,P127,owned by,Metropolitan Museum of Art --owner of--> Young man in Mayo costume --owned by--> Édouard Manet --owner of--> Portrait of Mademoiselle Claus --owned by--> Violet Pure Pitman
row738,Q160236|Q18704645,Q160236,Metropolitan Museum of Art,Q18704645,Violet Ormond,0,1,INCLUDE,0.95,1,INCLUDE,0.95,4,4,Q2105271,Portrait of Mademoiselle Claus,P127,owned by,Metropolitan Museum of Art --owner of--> Young man in Mayo costume --owned by--> Édouard Manet --owner of--> Portrait of Mademoiselle Claus --owned by--> Violet Ormond
row741,Q160236|Q76328870,Q160236,Metropolitan Museum of Art,Q76328870,Violente Theresia Gräfin von Thurn und Taxis,0,0,PRUNED_BY_ANCESTOR,,0,EXCLUDE,0.95,4,4,Q62594,"Charles III Philip, Elector Palatine",P26,spouse,"Metropolitan Museum of Art --owner of--> Portrait of a Man, Said to be Christopher Columbus (born about 1446, died 1506) --owned by--> Philip William, Elector Palatine --child--> Charles III Philip, Elector Palatine --spouse--> Violente Theresia Gräfin von Thurn und Taxis"
row757,Q160236|Q1960369,Q160236,Metropolitan Museum of Art,Q1960369,Vincent van Gogh,1,1,INCLUDE,0.9,1,INCLUDE,0.9,4,4,Q2233061,Theodorus van Gogh,P22,father,Metropolitan Museum of Art --owner of--> The Potato Peeler --owned by--> Vincent van Gogh --father--> Theodorus van Gogh --father--> Vincent van Gogh
row767,Q160236|Q75585274,Q160236,Metropolitan Museum of Art,Q75585274,unnamed daughter Bonaparte,0,0,EXCLUDE,0.98,0,EXCLUDE,0.98,4,4,Q151869,Carlo Bonaparte,P40,child,Metropolitan Museum of Art --owner of--> Terracotta oinochoe: olpe (round-mouthed jug) --owned by--> Lucien Bonaparte --father--> Carlo Bonaparte --child--> unnamed daughter Bonaparte
row768,Q160236|Q75385520,Q160236,Metropolitan Museum of Art,Q75385520,unnamed child Romanov,0,0,EXCLUDE,0.98,0,EXCLUDE,0.98,4,4,Q15189,Paul I of Russia,P40,child,Metropolitan Museum of Art --owner of--> Crucifixion and Last Judgement diptych --owned by--> Nicholas I of Russia --father--> Paul I of Russia --child--> unnamed child Romanov
row769,Q160236|Q76328875,Q160236,Metropolitan Museum of Art,Q76328875,unknown von der Pfalz,0,0,PRUNED_BY_ANCESTOR,,0,EXCLUDE,0.98,4,4,Q62594,"Charles III Philip, Elector Palatine",P40,child,"Metropolitan Museum of Art --owner of--> Portrait of a Man, Said to be Christopher Columbus (born about 1446, died 1506) --owned by--> Philip William, Elector Palatine --child--> Charles III Philip, Elector Palatine --child--> unknown von der Pfalz"
row786,Q160236|Q14213,Q160236,Metropolitan Museum of Art,Q14213,United States Secretary of State,0,0,PRUNED_BY_ANCESTOR,,0,EXCLUDE,0.95,4,4,Q3430859,James Alexander Hamilton,P106,occupation,Metropolitan Museum of Art --owner of--> Alexander Hamilton --main subject--> Alexander Hamilton --child--> James Alexander Hamilton --occupation--> United States Secretary of State
row812,Q160236|Q333634,Q160236,Metropolitan Museum of Art,Q333634,translator,0,0,EXCLUDE,0.95,0,EXCLUDE,0.95,4,4,Q2523100,Judith Gautier,P106,occupation,Metropolitan Museum of Art --owner of--> The Daughters of Catulle Mendès --owned by--> Catulle Mendès --spouse--> Judith Gautier --occupation--> translator
row815,Q160236|Q41213,Q160236,Metropolitan Museum of Art,Q41213,Tower of Babel,0,0,EXCLUDE,0.9,0,EXCLUDE,0.9,4,4,Q15293656,The Tower of Babel,P921,main subject,Metropolitan Museum of Art --owner of--> The Harvesters --owned by--> Emperor Rudolf II --owner of--> The Tower of Babel --main subject--> Tower of Babel
row857,Q160236|Q317188,Q160236,Metropolitan Museum of Art,Q317188,Theo Van Gogh,0,1,INCLUDE,0.95,1,INCLUDE,0.95,4,4,Q5375476,Enclosed Field with Peasant,P127,owned by,Metropolitan Museum of Art --owner of--> Tilla Durieux --owned by--> Paul Cassirer --owner of--> Enclosed Field with Peasant --owned by--> Theo van Gogh
row876,Q160236|Q1976985,Q160236,Metropolitan Museum of Art,Q1976985,The Nelson-Atkins Museum of Art,1,1,INCLUDE,0.98,1,INCLUDE,0.98,4,4,Q64556601,Landscape with a Ferry,P127,owned by,Metropolitan Museum of Art --owner of--> Tilla Durieux --owned by--> Walter Feilchenfeldt --owner of--> Landscape with a Ferry --owned by--> The Nelson-Atkins Museum of Art
row880,Q160236|Q55647114,Q160236,Metropolitan Museum of Art,Q55647114,The Lute Player,0,1,INCLUDE,0.95,1,INCLUDE,0.95,4,4,Q723358,Daniel Wildenstein,P1830,owner of,Metropolitan Museum of Art --owner of--> The Daughters of Catulle Mendès --owned by--> Wildenstein & Company --owned by--> Daniel Wildenstein --owner of--> The Lute Player
row932,Q160236|Q35134777,Q160236,Metropolitan Museum of Art,Q35134777,Rudolf J. Heinemann,1,1,INCLUDE,0.95,1,INCLUDE,0.95,4,4,Q64556601,Landscape with a Ferry,P127,owned by,Metropolitan Museum of Art --owner of--> Tilla Durieux --owned by--> Walter Feilchenfeldt --owner of--> Landscape with a Ferry --owned by--> Rudolf J. Heinemann
row933,Q160236|Q67380808,Q160236,Metropolitan Museum of Art,Q67380808,Rosenberg and Stiebel,1,1,INCLUDE,0.98,1,INCLUDE,0.98,4,4,Q20538072,Johann von Aich (1510–1549),P127,owned by,Metropolitan Museum of Art --owner of--> The Annunciation --owned by--> Oscar Huldschinsky --owner of--> Johann von Aich (1510–1549) --owned by--> Rosenberg and Stiebel
row941,Q160236|Q2504617,Q160236,Metropolitan Museum of Art,Q2504617,romanist,0,0,EXCLUDE,0.95,0,EXCLUDE,0.95,4,4,Q523352,Louis Lucien Bonaparte,P106,occupation,Metropolitan Museum of Art --owner of--> Terracotta oinochoe: olpe (round-mouthed jug) --owned by--> Lucien Bonaparte --child--> Louis Lucien Bonaparte --occupation--> romanist
row962,Q160236|Q673751,Q160236,Metropolitan Museum of Art,Q673751,Reichsleiter Rosenberg Taskforce,1,1,INCLUDE,0.98,1,INCLUDE,0.98,4,4,Q18517666,Source of a Mountain Stream,P127,owned by,"Metropolitan Museum of Art --owner of--> Portrait of a Man, Said to be Christopher Columbus (born about 1446, died 1506) --owned by--> Georges Petit --owner of--> Source of a Mountain Stream --owned by--> Reichsleiter Rosenberg Taskforce"
row1022,Q160236|Q36,Q160236,Metropolitan Museum of Art,Q36,Poland,0,0,EXCLUDE,0.85,0,EXCLUDE,0.85,4,4,Q18380202,Hôtel de Monaco,P127,owned by,Metropolitan Museum of Art --owner of--> Terracotta plate --owned by--> William Williams-Hope --owner of--> Hôtel de Monaco --owned by--> Poland
row1031,Q160236|Q3906134,Q160236,Metropolitan Museum of Art,Q3906134,Placido Gabrielli,0,0,EXCLUDE,0.95,0,EXCLUDE,0.95,4,4,Q3660158,Charlotte Bonaparte Gabrielli,P40,child,Metropolitan Museum of Art --owner of--> Terracotta oinochoe: olpe (round-mouthed jug) --owned by--> Lucien Bonaparte --child--> Charlotte Bonaparte Gabrielli --child--> Placido Gabrielli
row1032,Q160236|Q53950502,Q160236,Metropolitan Museum of Art,Q53950502,Pinakos Inc,1,1,INCLUDE,0.95,1,INCLUDE,0.95,4,4,Q64556601,Landscape with a Ferry,P127,owned by,Metropolitan Museum of Art --owner of--> Tilla Durieux --owned by--> Walter Feilchenfeldt --owner of--> Landscape with a Ferry --owned by--> Pinakos Inc
row1046,Q160236|Q75392841,Q160236,Metropolitan Museum of Art,Q75392841,Pierre André Boyer,0,0,EXCLUDE,0.98,0,EXCLUDE,0.98,4,4,Q250928,Christine Boyer,P22,father,Metropolitan Museum of Art --owner of--> Terracotta oinochoe: olpe (round-mouthed jug) --owned by--> Lucien Bonaparte --spouse--> Christine Boyer --father--> Pierre André Boyer
row1047,Q160236|Q486748,Q160236,Metropolitan Museum of Art,Q486748,pianist,0,0,EXCLUDE,0.98,0,EXCLUDE,0.98,4,4,Q524534,Suzanne Manet,P106,occupation,Metropolitan Museum of Art --owner of--> Young man in Mayo costume --owned by--> Édouard Manet --spouse--> Suzanne Manet --occupation--> pianist
row1065,Q160236|Q155596,Q160236,Metropolitan Museum of Art,Q155596,"Philippe, Duke of Orléans, Regent of France",0,0,EXCLUDE,0.95,0,EXCLUDE,0.95,4,4,Q57221,"Elizabeth Charlotte, Princess Palatine",P40,child,"Metropolitan Museum of Art --owner of--> Portrait of a Man, Said to be Christopher Columbus (born about 1446, died 1506) --owned by--> Charles I Louis, Elector Palatine --child--> Elizabeth Charlotte, Princess Palatine --child--> Philippe, Duke of Orléans, Regent of France"
row1073,Q160236|Q1115886,Q160236,Metropolitan Museum of Art,Q1115886,Philip Schuyler,0,0,PRUNED_BY_ANCESTOR,,0,EXCLUDE,0.95,4,4,Q5363475,Elizabeth Schuyler Hamilton,P22,father,Metropolitan Museum of Art --owner of--> Alexander Hamilton --main subject--> Alexander Hamilton --spouse--> Elizabeth Schuyler Hamilton --father--> Philip Schuyler
row1078,Q160236|Q691402,Q160236,Metropolitan Museum of Art,Q691402,Philip IV of Spain,0,1,INCLUDE,0.85,1,INCLUDE,0.85,4,4,Q48019279,Hieronymus Bosch tapestry series,P127,owned by,Metropolitan Museum of Art --owner of--> The Harvesters --owned by--> Emperor Rudolf II --owner of--> Hieronymus Bosch tapestry series --owned by--> Philip IV of Spain
row1079,Q160236|Q34464,Q160236,Metropolitan Museum of Art,Q34464,Philip III of Spain,0,1,INCLUDE,0.85,1,INCLUDE,0.85,4,4,Q3829339,Leda and the Swan,P127,owned by,Metropolitan Museum of Art --owner of--> The Harvesters --owned by--> Emperor Rudolf II --owner of--> Leda and the Swan --owned by--> Philip III of Spain
row1080,Q160236|Q34417,Q160236,Metropolitan Museum of Art,Q34417,Philip II of Spain,0,1,INCLUDE,0.85,1,INCLUDE,0.85,4,4,Q3829339,Leda and the Swan,P127,owned by,Metropolitan Museum of Art --owner of--> The Harvesters --owned by--> Emperor Rudolf II --owner of--> Leda and the Swan --owned by--> Philip II of Spain
row1087,Q160236|Q2086712,Q160236,Metropolitan Museum of Art,Q2086712,Philip Florinus of Sulzbach,0,0,EXCLUDE,0.95,0,EXCLUDE,0.95,4,4,Q65353,"Augustus, Count Palatine of Sulzbach",P40,child,"Metropolitan Museum of Art --owner of--> Portrait of a Man, Said to be Christopher Columbus (born about 1446, died 1506) --owned by--> Philip Louis, Count Palatine of Neuburg --child--> Augustus, Count Palatine of Sulzbach --child--> Philip Florinus of Sulzbach"
row1098,Q160236|Q510324,Q160236,Metropolitan Museum of Art,Q510324,Philadelphia Museum of Art,1,1,INCLUDE,0.9,1,INCLUDE,0.9,4,4,Q16536048,Portrait of Madame Renoir,P127,owned by,Metropolitan Museum of Art --owner of--> Tilla Durieux --owned by--> Pierre-Auguste Renoir --owner of--> Portrait of Madame Renoir --owned by--> Philadelphia Museum of Art
row1133,Q160236|Q7320,Q160236,Metropolitan Museum of Art,Q7320,Nazi Party,1,1,INCLUDE,0.95,1,INCLUDE,0.95,4,4,Q1810348,The Quai Malaquais and the Institute,P127,owned by,Metropolitan Museum of Art --owner of--> Tilla Durieux --owned by--> Paul Cassirer --owner of--> The Quai Malaquais and the Institute --owned by--> National Socialist German Workers' Party
row1145,Q160236|Q125634,Q160236,Metropolitan Museum of Art,Q125634,Museum Folkwang,1,1,INCLUDE,0.9,1,INCLUDE,0.9,4,4,Q2783729,Lise with Umbrella,P127,owned by,Metropolitan Museum of Art --owner of--> Young man in Mayo costume --owned by--> Paul Durand-Ruel --owner of--> Lise with Umbrella --owned by--> Museum Folkwang
row1159,Q160236|Q159660,Q160236,Metropolitan Museum of Art,Q159660,"Maria of Austria, Holy Roman Empress",0,0,EXCLUDE,0.95,0,EXCLUDE,0.95,4,4,Q150862,"Maximilian II, Holy Roman Emperor",P26,spouse,"Metropolitan Museum of Art --owner of--> Armor of Emperor Ferdinand I --owned by--> Ferdinand I, Holy Roman Emperor --child--> Maximilian II, Holy Roman Emperor --spouse--> Maria of Austria, Holy Roman Empress"
row1166,Q160236|Q78684258,Q160236,Metropolitan Museum of Art,Q78684258,Mandolin and Vase of Flowers,1,1,INCLUDE,0.85,1,INCLUDE,0.85,4,4,Q56555894,Theodore Schempp,P1830,owner of,Metropolitan Museum of Art --owner of--> The Daughters of Catulle Mendès --owned by--> M. Knoedler & Co. --significant person--> Theodore Schempp --owner of--> Mandolin and Vase of Flowers
row1176,Q160236|Q150494,Q160236,Metropolitan Museum of Art,Q150494,"Leopold I, Holy Roman Emperor",0,0,EXCLUDE,0.95,0,EXCLUDE,0.95,4,4,Q57527,Eleonor Magdalene of Neuburg,P26,spouse,"Metropolitan Museum of Art --owner of--> Portrait of a Man, Said to be Christopher Columbus (born about 1446, died 1506) --owned by--> Philip William, Elector Palatine --child--> Eleonor Magdalene of Neuburg --spouse--> Leopold I, Holy Roman Emperor"
row1182,Q160236|Q95569,Q160236,Metropolitan Museum of Art,Q95569,Kunsthistorisches Museum,1,1,INCLUDE,0.9,1,INCLUDE,0.9,4,4,Q26829431,Saint Sebastian,P127,owned by,"Metropolitan Museum of Art --owner of--> Old Age in Search of Youth --owned by--> John Spencer-Churchill, 7th Duke of Marlborough --owner of--> Saint Sebastian --owned by--> Kunsthistorisches Museum"
row1205,Q160236|Q3159990,Q160236,Metropolitan Museum of Art,Q3159990,Jacques Seligmann,1,1,INCLUDE,0.9,1,INCLUDE,0.9,4,4,Q18380202,Hôtel de Monaco,P127,owned by,Metropolitan Museum of Art --owner of--> Terracotta plate --owned by--> William Williams-Hope --owner of--> Hôtel de Monaco --owned by--> Jacques Seligmann
row1226,Q160236|Q65059,Q160236,Metropolitan Museum of Art,Q65059,Hermann Josef Abs,1,1,INCLUDE,0.9,1,INCLUDE,0.9,4,4,Q18223037,Bunch of Asparagus,P127,owned by,Metropolitan Museum of Art --owner of--> Tilla Durieux --owned by--> Paul Cassirer --owner of--> Bunch of Asparagus --owned by--> Hermann Josef Abs
row1229,Q160236|Q47906,Q160236,Metropolitan Museum of Art,Q47906,Hermann Göring,1,1,INCLUDE,0.95,1,INCLUDE,0.95,4,4,Q17023940,Portrait of Dr. Gachet,P127,owned by,Metropolitan Museum of Art --owner of--> Tilla Durieux --owned by--> Paul Cassirer --owner of--> Portrait of Dr. Gachet --owned by--> Hermann Göring
row1234,Q160236|Q15432931,Q160236,Metropolitan Museum of Art,Q15432931,Hermann Bunjes,1,1,INCLUDE,0.9,1,INCLUDE,0.9,4,4,Q20730464,Étienne Bignou,P3342,significant person,Metropolitan Museum of Art --owner of--> Tilla Durieux --owned by--> Bignou Gallery --owned by--> Étienne Bignou --significant person--> Hermann Bunjes
row1243,Q160236|Q17249501,Q160236,Metropolitan Museum of Art,Q17249501,Gustave Manet,0,0,PRUNED_BY_ANCESTOR,,0,EXCLUDE,0.95,4,4,Q766737,Auguste Manet,P40,child,Metropolitan Museum of Art --owner of--> Young man in Mayo costume --owned by--> Édouard Manet --father--> Auguste Manet --child--> Gustave Manet
row1244,Q160236|Q540752,Q160236,Metropolitan Museum of Art,Q540752,Grigory Orlov,0,0,EXCLUDE,0.9,0,EXCLUDE,0.9,4,4,Q7461,Gatchina Palace,P127,owned by,Metropolitan Museum of Art --owner of--> Crucifixion and Last Judgement diptych --owned by--> Nicholas I of Russia --owner of--> Gatchina Palace --owned by--> Grigory Orlov
row1247,Q160236|Q3116663,Q160236,Metropolitan Museum of Art,Q3116663,Grigori Alexandrovitch Stroganov,0,0,PRUNED_BY_ANCESTOR,,0,EXCLUDE,0.95,4,4,Q234052,Grand Duchess Maria Nikolaevna of Russia,P26,spouse,Metropolitan Museum of Art --owner of--> Crucifixion and Last Judgement diptych --owned by--> Nicholas I of Russia --child--> Grand Duchess Maria Nikolaevna of Russia --spouse--> Grigori Alexandrovitch Stroganov
row1266,Q160236|Q627325,Q160236,Metropolitan Museum of Art,Q627325,graphic designer,0,0,EXCLUDE,0.99,0,EXCLUDE,0.99,4,4,Q214008,Eugene Spiro,P106,occupation,Metropolitan Museum of Art --owner of--> Tilla Durieux --owned by--> Tilla Durieux --spouse--> Eugene Spiro --occupation--> graphic designer
row1277,Q160236|Q240282,Q160236,Metropolitan Museum of Art,Q240282,Grand Princess Vera Constantinovna of Russia,0,0,PRUNED_BY_ANCESTOR,,0,EXCLUDE,0.95,4,4,Q446724,Grand Duke Konstantin Nikolayevich of Russia,P40,child,Metropolitan Museum of Art --owner of--> Crucifixion and Last Judgement diptych --owned by--> Nicholas I of Russia --child--> Grand Duke Konstantin Nikolayevich of Russia --child--> Grand Princess Vera Constantinovna of Russia
row1278,Q160236|Q1188421,Q160236,Metropolitan Museum of Art,Q1188421,Grand Duke Vyacheslav Constantinovich of Russia,0,0,PRUNED_BY_ANCESTOR,,0,EXCLUDE,0.95,4,4,Q446724,Grand Duke Konstantin Nikolayevich of Russia,P40,child,Metropolitan Museum of Art --owner of--> Crucifixion and Last Judgement diptych --owned by--> Nicholas I of Russia --child--> Grand Duke Konstantin Nikolayevich of Russia --child--> Grand Duke Vyacheslav Constantinovich of Russia
row1279,Q160236|Q312819,Q160236,Metropolitan Museum of Art,Q312819,Grand Duke Vladimir Alexandrovich of Russia,0,0,EXCLUDE,0.95,0,EXCLUDE,0.95,4,4,Q83171,Alexander II of Russia,P40,child,Metropolitan Museum of Art --owner of--> Crucifixion and Last Judgement diptych --owned by--> Nicholas I of Russia --child--> Alexander II of Russia --child--> Grand Duke Vladimir Alexandrovich of Russia
row1280,Q160236|Q428256,Q160236,Metropolitan Museum of Art,Q428256,Grand Duke Sergei Mikhailovich of Russia,0,0,PRUNED_BY_ANCESTOR,,0,EXCLUDE,0.95,4,4,Q161199,Grand Duke Michael Nikolaevich of Russia,P40,child,Metropolitan Museum of Art --owner of--> Crucifixion and Last Judgement diptych --owned by--> Nicholas I of Russia --child--> Grand Duke Michael Nikolaevich of Russia --child--> Grand Duke Sergei Mikhailovich of Russia
row1281,Q160236|Q248900,Q160236,Metropolitan Museum of Art,Q248900,Grand Duke Sergei Alexandrovich of Russia,0,0,EXCLUDE,0.95,0,EXCLUDE,0.95,4,4,Q83171,Alexander II of Russia,P40,child,Metropolitan Museum of Art --owner of--> Crucifixion and Last Judgement diptych --owned by--> Nicholas I of Russia --child--> Alexander II of Russia --child--> Grand Duke Sergei Alexandrovich of Russia
row1282,Q160236|Q446676,Q160236,Metropolitan Museum of Art,Q446676,Grand Duke Peter Nikolaevich of Russia,0,0,EXCLUDE,0.9,0,EXCLUDE,0.9,4,4,Q2295734,Znamenka,P127,owned by,Metropolitan Museum of Art --owner of--> Crucifixion and Last Judgement diptych --owned by--> Nicholas I of Russia --owner of--> Znamenka --owned by--> Grand Duke Peter Nikolaevich of Russia
row1283,Q160236|Q372964,Q160236,Metropolitan Museum of Art,Q372964,Grand Duke Paul Alexandrovich of Russia,0,0,EXCLUDE,0.95,0,EXCLUDE,0.95,4,4,Q83171,Alexander II of Russia,P40,child,Metropolitan Museum of Art --owner of--> Crucifixion and Last Judgement diptych --owned by--> Nicholas I of Russia --child--> Alexander II of Russia --child--> Grand Duke Paul Alexandrovich of Russia
row1285,Q160236|Q160869,Q160236,Metropolitan Museum of Art,Q160869,Grand Duke Nicholas Nikolaevich of Russia,0,0,PRUNED_BY_ANCESTOR,,0,EXCLUDE,0.95,4,4,Q163863,Grand Duke Nicholas Nikolaevich of Russia,P40,child,Metropolitan Museum of Art --owner of--> Crucifixion and Last Judgement diptych --owned by--> Nicholas I of Russia --child--> Grand Duke Nicholas Nikolaevich of Russia --child--> Grand Duke Nicholas Nikolaevich of Russia
row1286,Q160236|Q535400,Q160236,Metropolitan Museum of Art,Q535400,Grand Duke Nicholas Mikhailovich of Russia,0,0,PRUNED_BY_ANCESTOR,,0,EXCLUDE,0.95,4,4,Q161199,Grand Duke Michael Nikolaevich of Russia,P40,child,Metropolitan Museum of Art --owner of--> Crucifixion and Last Judgement diptych --owned by--> Nicholas I of Russia --child--> Grand Duke Michael Nikolaevich of Russia --child--> Grand Duke Nicholas Mikhailovich of Russia
row1287,Q160236|Q706075,Q160236,Metropolitan Museum of Art,Q706075,Grand Duke Nicholas Constantinovich of Russia,0,0,PRUNED_BY_ANCESTOR,,0,EXCLUDE,0.95,4,4,Q446724,Grand Duke Konstantin Nikolayevich of Russia,P40,child,Metropolitan Museum of Art --owner of--> Crucifixion and Last Judgement diptych --owned by--> Nicholas I of Russia --child--> Grand Duke Konstantin Nikolayevich of Russia --child--> Grand Duke Nicholas Constantinovich of Russia
row1288,Q160236|Q371731,Q160236,Metropolitan Museum of Art,Q371731,Grand Duke Michael Pavlovich of Russia,0,0,EXCLUDE,0.95,0,EXCLUDE,0.95,4,4,Q15189,Paul I of Russia,P40,child,Metropolitan Museum of Art --owner of--> Crucifixion and Last Judgement diptych --owned by--> Nicholas I of Russia --father--> Paul I of Russia --child--> Grand Duke Michael Pavlovich of Russia
row1290,Q160236|Q628679,Q160236,Metropolitan Museum of Art,Q628679,Grand Duke Michael Mikhailovich of Russia,0,0,PRUNED_BY_ANCESTOR,,0,EXCLUDE,0.95,4,4,Q161199,Grand Duke Michael Nikolaevich of Russia,P40,child,Metropolitan Museum of Art --owner of--> Crucifixion and Last Judgement diptych --owned by--> Nicholas I of Russia --child--> Grand Duke Michael Nikolaevich of Russia --child--> Grand Duke Michael Mikhailovich of Russia
row1292,Q160236|Q161106,Q160236,Metropolitan Museum of Art,Q161106,Grand Duke Konstantin Pavlovich of Russia,0,0,EXCLUDE,0.95,0,EXCLUDE,0.95,4,4,Q15189,Paul I of Russia,P40,child,Metropolitan Museum of Art --owner of--> Crucifixion and Last Judgement diptych --owned by--> Nicholas I of Russia --father--> Paul I of Russia --child--> Grand Duke Konstantin Pavlovich of Russia
row1294,Q160236|Q313832,Q160236,Metropolitan Museum of Art,Q313832,Grand Duke Konstantin Konstantinovich of Russia,0,0,PRUNED_BY_ANCESTOR,,0,EXCLUDE,0.95,4,4,Q446724,Grand Duke Konstantin Nikolayevich of Russia,P40,child,Metropolitan Museum of Art --owner of--> Crucifixion and Last Judgement diptych --owned by--> Nicholas I of Russia --child--> Grand Duke Konstantin Nikolayevich of Russia --child--> Grand Duke Konstantin Konstantinovich of Russia
row1296,Q160236|Q524451,Q160236,Metropolitan Museum of Art,Q524451,Grand Duke George Mikhailovich of Russia,0,0,PRUNED_BY_ANCESTOR,,0,EXCLUDE,0.95,4,4,Q161199,Grand Duke Michael Nikolaevich of Russia,P40,child,Metropolitan Museum of Art --owner of--> Crucifixion and Last Judgement diptych --owned by--> Nicholas I of Russia --child--> Grand Duke Michael Nikolaevich of Russia --child--> Grand Duke George Mikhailovich of Russia
row1300,Q160236|Q27606,Q160236,Metropolitan Museum of Art,Q27606,Grand Duke Dimitri Constantinovich of Russia,0,0,PRUNED_BY_ANCESTOR,,0,EXCLUDE,0.95,4,4,Q446724,Grand Duke Konstantin Nikolayevich of Russia,P40,child,Metropolitan Museum of Art --owner of--> Crucifixion and Last Judgement diptych --owned by--> Nicholas I of Russia --child--> Grand Duke Konstantin Nikolayevich of Russia --child--> Grand Duke Dimitri Constantinovich of Russia
row1303,Q160236|Q621088,Q160236,Metropolitan Museum of Art,Q621088,Grand Duke Alexei Mikhailovich of Russia,0,0,PRUNED_BY_ANCESTOR,,0,EXCLUDE,0.9,4,4,Q161199,Grand Duke Michael Nikolaevich of Russia,P40,child,Metropolitan Museum of Art --owner of--> Crucifixion and Last Judgement diptych --owned by--> Nicholas I of Russia --child--> Grand Duke Michael Nikolaevich of Russia --child--> Grand Duke Alexei Mikhailovich of Russia
row1304,Q160236|Q315726,Q160236,Metropolitan Museum of Art,Q315726,Grand Duke Alexei Alexandrovich of Russia,0,0,EXCLUDE,0.9,0,EXCLUDE,0.9,4,4,Q83171,Alexander II of Russia,P40,child,Metropolitan Museum of Art --owner of--> Crucifixion and Last Judgement diptych --owned by--> Nicholas I of Russia --child--> Alexander II of Russia --child--> Grand Duke Alexei Alexandrovich of Russia
row1306,Q160236|Q464626,Q160236,Metropolitan Museum of Art,Q464626,Grand Duke Alexander Mikhailovich of Russia,0,0,PRUNED_BY_ANCESTOR,,0,EXCLUDE,0.9,4,4,Q161199,Grand Duke Michael Nikolaevich of Russia,P40,child,Metropolitan Museum of Art --owner of--> Crucifixion and Last Judgement diptych --owned by--> Nicholas I of Russia --child--> Grand Duke Michael Nikolaevich of Russia --child--> Grand Duke Alexander Mikhailovich of Russia
row1309,Q160236|Q3350444,Q160236,Metropolitan Museum of Art,Q3350444,Grand Duchess Olga Pavlovna of Russia,0,0,EXCLUDE,0.9,0,EXCLUDE,0.9,4,4,Q15189,Paul I of Russia,P40,child,Metropolitan Museum of Art --owner of--> Crucifixion and Last Judgement diptych --owned by--> Nicholas I of Russia --father--> Paul I of Russia --child--> Grand Duchess Olga Pavlovna of Russia
row1310,Q160236|Q166198,Q160236,Metropolitan Museum of Art,Q166198,Grand Duchess Maria Pavlovna of Russia,0,0,EXCLUDE,0.9,0,EXCLUDE,0.9,4,4,Q15189,Paul I of Russia,P40,child,Metropolitan Museum of Art --owner of--> Crucifixion and Last Judgement diptych --owned by--> Nicholas I of Russia --father--> Paul I of Russia --child--> Grand Duchess Maria Pavlovna of Russia
row1314,Q160236|Q158154,Q160236,Metropolitan Museum of Art,Q158154,Grand Duchess Maria Alexandrovna of Russia,0,0,EXCLUDE,0.9,0,EXCLUDE,0.9,4,4,Q83171,Alexander II of Russia,P40,child,Metropolitan Museum of Art --owner of--> Crucifixion and Last Judgement diptych --owned by--> Nicholas I of Russia --child--> Alexander II of Russia --child--> Grand Duchess Maria Alexandrovna of Russia
row1320,Q160236|Q234442,Q160236,Metropolitan Museum of Art,Q234442,Grand Duchess Elena Pavlovna of Russia,0,0,EXCLUDE,0.9,0,EXCLUDE,0.9,4,4,Q15189,Paul I of Russia,P40,child,Metropolitan Museum of Art --owner of--> Crucifixion and Last Judgement diptych --owned by--> Nicholas I of Russia --father--> Paul I of Russia --child--> Grand Duchess Elena Pavlovna of Russia
row1322,Q160236|Q232159,Q160236,Metropolitan Museum of Art,Q232159,Grand Duchess Anastasia Mikhailovna of Russia,0,0,PRUNED_BY_ANCESTOR,,0,EXCLUDE,0.9,4,4,Q161199,Grand Duke Michael Nikolaevich of Russia,P40,child,Metropolitan Museum of Art --owner of--> Crucifixion and Last Judgement diptych --owned by--> Nicholas I of Russia --child--> Grand Duke Michael Nikolaevich of Russia --child--> Grand Duchess Anastasia Mikhailovna of Russia
row1323,Q160236|Q233471,Q160236,Metropolitan Museum of Art,Q233471,Grand Duchess Alexandra Pavlovna of Russia,0,0,EXCLUDE,0.9,0,EXCLUDE,0.9,4,4,Q15189,Paul I of Russia,P40,child,Metropolitan Museum of Art --owner of--> Crucifixion and Last Judgement diptych --owned by--> Nicholas I of Russia --father--> Paul I of Russia --child--> Grand Duchess Alexandra Pavlovna of Russia
row1327,Q160236|Q620933,Q160236,Metropolitan Museum of Art,Q620933,Grand Duchess Alexandra Alexandrovna of Russia,0,0,EXCLUDE,0.9,0,EXCLUDE,0.9,4,4,Q83171,Alexander II of Russia,P40,child,Metropolitan Museum of Art --owner of--> Crucifixion and Last Judgement diptych --owned by--> Nicholas I of Russia --child--> Alexander II of Russia --child--> Grand Duchess Alexandra Alexandrovna of Russia
row1335,Q160236|Q47035126,Q160236,Metropolitan Museum of Art,Q47035126,Gottfried Tanner,1,1,INCLUDE,0.8,1,INCLUDE,0.8,4,4,Q20730464,Étienne Bignou,P3342,significant person,Metropolitan Museum of Art --owner of--> Tilla Durieux --owned by--> Bignou Gallery --owned by--> Étienne Bignou --significant person--> Gottfried Tanner
row1338,Q160236|Q97753,Q160236,Metropolitan Museum of Art,Q97753,Gottfried Bermann,1,1,INCLUDE,0.95,1,INCLUDE,0.95,4,4,Q1810348,The Quai Malaquais and the Institute,P127,owned by,Metropolitan Museum of Art --owner of--> Tilla Durieux --owned by--> Paul Cassirer --owner of--> The Quai Malaquais and the Institute --owned by--> Gottfried Bermann
row1343,Q160236|Q40023372,Q160236,Metropolitan Museum of Art,Q40023372,Gisela Fischer,1,1,INCLUDE,0.95,1,INCLUDE,0.95,4,4,Q1810348,The Quai Malaquais and the Institute,P127,owned by,Metropolitan Museum of Art --owner of--> Tilla Durieux --owned by--> Paul Cassirer --owner of--> The Quai Malaquais and the Institute --owned by--> Gisela Fischer
row1359,Q160236|Q333347,Q160236,Metropolitan Museum of Art,Q333347,"George Spencer-Churchill, 5th Duke of Marlborough",0,0,PRUNED_BY_ANCESTOR,,1,INCLUDE,0.8,4,4,Q333601,"George Spencer-Churchill, 6th Duke of Marlborough",P22,father,"Metropolitan Museum of Art --owner of--> Old Age in Search of Youth --owned by--> John Spencer-Churchill, 7th Duke of Marlborough --father--> George Spencer-Churchill, 6th Duke of Marlborough --father--> George Spencer-Churchill, 5th Duke of Marlborough"
row1385,Q160236|Q47001605,Q160236,Metropolitan Museum of Art,Q47001605,Galerie Fischer,1,1,INCLUDE,0.95,1,INCLUDE,0.95,4,4,Q18517666,Source of a Mountain Stream,P127,owned by,"Metropolitan Museum of Art --owner of--> Portrait of a Man, Said to be Christopher Columbus (born about 1446, died 1506) --owned by--> Georges Petit --owner of--> Source of a Mountain Stream --owned by--> Galerie Fischer"
row1392,Q160236|Q50990573,Q160236,Metropolitan Museum of Art,Q50990573,Galerie Cailleux,1,1,INCLUDE,0.95,1,INCLUDE,0.95,4,4,Q60469188,Woman Reading,P127,owned by,Metropolitan Museum of Art --owner of--> The Daughters of Catulle Mendès --owned by--> Wildenstein & Company --owner of--> Woman Reading --owned by--> Galerie Cailleux
row1403,Q160236|Q1418856,Q160236,Metropolitan Museum of Art,Q1418856,Fritz Nathan,1,1,INCLUDE,0.95,1,INCLUDE,0.95,4,4,Q18517666,Source of a Mountain Stream,P127,owned by,"Metropolitan Museum of Art --owner of--> Portrait of a Man, Said to be Christopher Columbus (born about 1446, died 1506) --owned by--> Georges Petit --owner of--> Source of a Mountain Stream --owned by--> Fritz Nathan"
row1409,Q160236|Q19502360,Q160236,Metropolitan Museum of Art,Q19502360,Fritz Meyer-Fierz,1,1,INCLUDE,0.95,1,INCLUDE,0.95,4,4,Q11771568,Madame Augustine Roulin with Baby,P127,owned by,Metropolitan Museum of Art --owner of--> Peasant Woman Cooking by a Fireplace --owned by--> Amédée Schuffenecker --owner of--> Madame Augustine Roulin with Baby --owned by--> Fritz Meyer-Fierz
row1413,Q160236|Q33315010,Q160236,Metropolitan Museum of Art,Q33315010,Frederick Mont,1,1,INCLUDE,0.95,1,INCLUDE,0.95,4,4,Q49403839,The Young Harpist,P127,owned by,Metropolitan Museum of Art --owner of--> The Potato Peeler --owned by--> Galerie Charpentier --owner of--> The Young Harpist --owned by--> Frederick Mont
row1417,Q160236|Q142,Q160236,Metropolitan Museum of Art,Q142,France,0,1,INCLUDE,0.85,1,INCLUDE,0.85,4,4,Q1551926,Portrait of Stéphane Mallarmé,P127,owned by,Metropolitan Museum of Art --owner of--> Young man in Mayo costume --owned by--> Édouard Manet --owner of--> Portrait of Stéphane Mallarmé --owned by--> France
row1419,Q160236|Q2142783,Q160236,Metropolitan Museum of Art,Q2142783,father of faith,0,0,EXCLUDE,0.95,0,EXCLUDE,0.95,4,4,Q302,Jesus,P106,occupation,Metropolitan Museum of Art --owner of--> Crucifixion and Last Judgement diptych --main subject--> Crucifixion of Jesus --significant person--> Jesus --occupation--> founder of a religion
row1429,Q160236|Q3282637,Q160236,Metropolitan Museum of Art,Q3282637,film producer,0,0,EXCLUDE,0.9,0,EXCLUDE,0.9,4,4,Q50713,Jean Renoir,P106,occupation,Metropolitan Museum of Art --owner of--> Tilla Durieux --owned by--> Pierre-Auguste Renoir --child--> Jean Renoir --occupation--> film producer
row1432,Q160236|Q7042855,Q160236,Metropolitan Museum of Art,Q7042855,film editor,0,0,EXCLUDE,0.9,0,EXCLUDE,0.9,4,4,Q50713,Jean Renoir,P106,occupation,Metropolitan Museum of Art --owner of--> Tilla Durieux --owned by--> Pierre-Auguste Renoir --child--> Jean Renoir --occupation--> film editor
row1435,Q160236|Q2526255,Q160236,Metropolitan Museum of Art,Q2526255,film director,0,0,EXCLUDE,0.9,0,EXCLUDE,0.9,4,4,Q50713,Jean Renoir,P106,occupation,Metropolitan Museum of Art --owner of--> Tilla Durieux --owned by--> Pierre-Auguste Renoir --child--> Jean Renoir --occupation--> film director
row1449,Q160236|Q150575,Q160236,Metropolitan Museum of Art,Q150575,"Ferdinand III, Holy Roman Emperor",0,0,PRUNED_BY_ANCESTOR,,0,EXCLUDE,0.85,4,4,Q150599,"Ferdinand II, Holy Roman Emperor",P40,child,"Metropolitan Museum of Art --owner of--> The Harvesters --owned by--> Archduke Leopold Wilhelm of Austria --father--> Ferdinand II, Holy Roman Emperor --child--> Ferdinand III, Holy Roman Emperor"
row1461,Q160236|Q1970746,Q160236,Metropolitan Museum of Art,Q1970746,Explanatory Dictionary of the Living Great Russian Language,0,0,PRUNED_BY_ANCESTOR,,0,EXCLUDE,0.95,4,4,Q189290,military officer,P1343,described by source,Metropolitan Museum of Art --owner of--> Alexander Hamilton --main subject--> Alexander Hamilton --occupation--> military officer --described by source--> Explanatory Dictionary of the Living Great Russian Language
row1467,Q160236|Q7126304,Q160236,Metropolitan Museum of Art,Q7126304,Eugène Manet,0,0,PRUNED_BY_ANCESTOR,,0,EXCLUDE,0.85,4,4,Q766737,Auguste Manet,P40,child,Metropolitan Museum of Art --owner of--> Young man in Mayo costume --owned by--> Édouard Manet --father--> Auguste Manet --child--> Eugène Manet
row1484,Q160236|Q110491536,Q160236,Metropolitan Museum of Art,Q110491536,Estella Katzenellenbogen,1,1,INCLUDE,0.8,1,INCLUDE,0.8,4,4,Q1361426,Ludwig Katzenellenbogen,P26,spouse,Metropolitan Museum of Art --owner of--> Tilla Durieux --owned by--> Tilla Durieux --spouse--> Ludwig Katzenellenbogen --spouse--> Estella Katzenellenbogen
row1485,Q160236|Q66495020,Q160236,Metropolitan Museum of Art,Q66495020,estate owner,0,0,EXCLUDE,0.9,0,EXCLUDE,0.9,4,4,Q234926,Olga Nikolaevna of Russia,P106,occupation,Metropolitan Museum of Art --owner of--> Crucifixion and Last Judgement diptych --owned by--> Nicholas I of Russia --child--> Olga Nikolaevna of Russia --occupation--> estate owner
row1495,Q160236|Q2894644,Q160236,Metropolitan Museum of Art,Q2894644,Ephrussi family,1,1,INCLUDE,0.95,1,INCLUDE,0.95,4,4,Q18223037,Bunch of Asparagus,P127,owned by,Metropolitan Museum of Art --owner of--> Tilla Durieux --owned by--> Paul Cassirer --owner of--> Bunch of Asparagus --owned by--> Ephrussi family
row1515,Q160236|Q81096,Q160236,Metropolitan Museum of Art,Q81096,engineer,0,0,EXCLUDE,0.95,0,EXCLUDE,0.95,4,4,Q7412815,Samuel Untermyer II,P106,occupation,"Metropolitan Museum of Art --owner of--> Mandora (ca.1420) from Milan?, Italy. MET 64.101.1409 --owned by--> Irwin Untermyer --child--> Samuel Untermyer II --occupation--> engineer"
row1524,Q160236|Q21589753,Q160236,Metropolitan Museum of Art,Q21589753,Else Cassirer,1,0,EXCLUDE,0.75,0,EXCLUDE,0.75,4,4,Q21175642,Louis Cassirer,P40,child,Metropolitan Museum of Art --owner of--> Tilla Durieux --owned by--> Paul Cassirer --father--> Louis Cassirer --child--> Else Cassirer
row1528,Q160236|Q279283,Q160236,Metropolitan Museum of Art,Q279283,election in the United States,0,0,PRUNED_BY_ANCESTOR,,0,EXCLUDE,0.98,4,4,Q104218168,"A New Nation Votes: American Electoral Returns, 1788-1825",P921,main subject,"Metropolitan Museum of Art --owner of--> Alexander Hamilton --main subject--> Alexander Hamilton --described by source--> A New Nation Votes: American Electoral Returns, 1788-1825 --main subject--> election in the United States"
row1546,Q160236|Q1607826,Q160236,Metropolitan Museum of Art,Q1607826,editor,0,0,PRUNED_BY_ANCESTOR,,0,EXCLUDE,0.95,4,4,Q16066408,William S. Hamilton,P106,occupation,Metropolitan Museum of Art --owner of--> Alexander Hamilton --main subject--> Alexander Hamilton --child--> William S. Hamilton --occupation--> editor
row1560,Q160236|Q2034021,Q160236,Metropolitan Museum of Art,Q2034021,dressmaker,0,0,EXCLUDE,0.95,0,EXCLUDE,0.95,4,4,Q4520512,Aline Charigot,P106,occupation,Metropolitan Museum of Art --owner of--> Tilla Durieux --owned by--> Pierre-Auguste Renoir --spouse--> Aline Charigot --occupation--> dressmaker
row1578,Q160236|Q35275336,Q160236,Metropolitan Museum of Art,Q35275336,Dr. Willi Raeber,1,1,INCLUDE,0.95,1,INCLUDE,0.95,4,4,Q18517666,Source of a Mountain Stream,P127,owned by,"Metropolitan Museum of Art --owner of--> Portrait of a Man, Said to be Christopher Columbus (born about 1446, died 1506) --owned by--> Georges Petit --owner of--> Source of a Mountain Stream --owned by--> Dr. Willi Raeber"
row1588,Q160236|Q25391673,Q160236,Metropolitan Museum of Art,Q25391673,Domenica Walter,1,1,INCLUDE,0.95,1,INCLUDE,0.95,4,4,Q11771568,Madame Augustine Roulin with Baby,P127,owned by,Metropolitan Museum of Art --owner of--> Peasant Woman Cooking by a Fireplace --owned by--> Amédée Schuffenecker --owner of--> Madame Augustine Roulin with Baby --owned by--> Domenica Walter
row1593,Q160236|Q3455803,Q160236,Metropolitan Museum of Art,Q3455803,director,0,0,EXCLUDE,0.95,0,EXCLUDE,0.95,4,4,Q50713,Jean Renoir,P106,occupation,Metropolitan Museum of Art --owner of--> Tilla Durieux --owned by--> Pierre-Auguste Renoir --child--> Jean Renoir --occupation--> director
row1600,Q160236|Q325909,Q160236,Metropolitan Museum of Art,Q325909,Diego Colombos,0,0,EXCLUDE,0.95,0,EXCLUDE,0.95,4,4,Q1056171,Domenico Colombo,P40,child,"Metropolitan Museum of Art --owner of--> Portrait of a Man, Said to be Christopher Columbus (born about 1446, died 1506) --main subject--> Christopher Columbus --father--> Domenico Colombo --child--> Diego Colombos"
row1603,Q160236|Q105802405,Q160236,Metropolitan Museum of Art,Q105802405,Dictionary of Women Worldwide,0,0,EXCLUDE,0.95,0,EXCLUDE,0.95,4,4,Q93577085,Frances Louisa Tracy,P1343,described by source,"Metropolitan Museum of Art --owner of--> Portrait of a Man, Said to be Christopher Columbus (born about 1446, died 1506) --owned by--> J. P. Morgan --spouse--> Frances Louisa Tracy --described by source--> Dictionary of Women Worldwide"
row1606,Q160236|Q18939491,Q160236,Metropolitan Museum of Art,Q18939491,diarist,0,0,EXCLUDE,0.95,0,EXCLUDE,0.95,4,4,Q33477,Eugène Delacroix,P106,occupation,"Metropolitan Museum of Art --owner of--> Portrait of a Man, Said to be Christopher Columbus (born about 1446, died 1506) --owned by--> Charles-Maurice de Talleyrand-Périgord --child--> Eugène Delacroix --occupation--> diarist"
row1619,Q160236|Q17254907,Q160236,Metropolitan Museum of Art,Q17254907,David Graham Carritt,1,0,PRUNED_BY_ANCESTOR,,1,INCLUDE,0.95,4,4,Q21479251,The Lock at Pontoise,P127,owned by,Metropolitan Museum of Art --owner of--> The Daughters of Catulle Mendès --owned by--> Wildenstein & Company --owner of--> The Lock at Pontoise --owned by--> David Graham Carritt
row1642,Q160236|Q12299841,Q160236,Metropolitan Museum of Art,Q12299841,cricketer,0,0,PRUNED_BY_ANCESTOR,,0,EXCLUDE,0.95,4,4,Q333601,"George Spencer-Churchill, 6th Duke of Marlborough",P106,occupation,"Metropolitan Museum of Art --owner of--> Old Age in Search of Youth --owned by--> John Spencer-Churchill, 7th Duke of Marlborough --father--> George Spencer-Churchill, 6th Duke of Marlborough --occupation--> cricketer"
row1647,Q160236|Q708492,Q160236,Metropolitan Museum of Art,Q708492,council member,0,0,EXCLUDE,0.9,0,EXCLUDE,0.9,4,4,Q2743512,Jacob J. Hinlopen,P106,occupation,Metropolitan Museum of Art --owner of--> The Visit to the Nursery --owned by--> Jan Jacobszoon Hinlopen --father--> Jacob J. Hinlopen --occupation--> council member
row1673,Q160236|Q3243461,Q160236,Metropolitan Museum of Art,Q3243461,collector,1,1,INCLUDE,0.8,1,INCLUDE,0.8,4,4,Q17351347,Sara Hinlopen,P106,occupation,Metropolitan Museum of Art --owner of--> The Visit to the Nursery --owned by--> Jan Jacobszoon Hinlopen --child--> Sara Hinlopen --occupation--> collector
row1676,Q160236|Q3262402,Q160236,Metropolitan Museum of Art,Q3262402,cloistered nun,0,0,EXCLUDE,0.95,0,EXCLUDE,0.95,4,4,Q56611784,Ana Dorothea of Austria,P106,occupation,Metropolitan Museum of Art --owner of--> The Harvesters --owned by--> Emperor Rudolf II --child--> Ana Dorothea of Austria --occupation--> cloistered nun
row1680,Q160236|Q60729883,Q160236,Metropolitan Museum of Art,Q60729883,Cleveland Museum of Art Open Access project,0,0,EXCLUDE,0.85,0,EXCLUDE,0.85,4,4,Q60515791,Reading,P5008,on focus list of Wikimedia project,Metropolitan Museum of Art --owner of--> The Daughters of Catulle Mendès --owned by--> Wildenstein & Company --owner of--> Reading --on focus list of Wikimedia project--> Cleveland Museum of Art Open Access project
row1688,Q160236|Q96242104,Q160236,Metropolitan Museum of Art,Q96242104,Clément Manet,0,0,PRUNED_BY_ANCESTOR,,0,EXCLUDE,0.9,4,4,Q766737,Auguste Manet,P22,father,Metropolitan Museum of Art --owner of--> Young man in Mayo costume --owned by--> Édouard Manet --father--> Auguste Manet --father--> Clément Manet
row1695,Q160236|Q222344,Q160236,Metropolitan Museum of Art,Q222344,cinematographer,0,0,EXCLUDE,0.95,0,EXCLUDE,0.95,4,4,Q22101864,Robin Lehman,P106,occupation,Metropolitan Museum of Art --owner of--> Old Age in Search of Youth --owned by--> Robert Lehman --child--> Robin Lehman --occupation--> cinematographer
row1696,Q160236|Q96071935,Q160236,Metropolitan Museum of Art,Q96071935,"Christie's, New York",1,1,INCLUDE,0.98,1,INCLUDE,0.98,4,4,Q106906333,The Rose Bushes in the Garden at Montgeron,P127,owned by,"Metropolitan Museum of Art --owner of--> Young man in Mayo costume --owned by--> Jean-Baptiste Faure --owner of--> The Rose Bushes in the Garden at Montgeron --owned by--> Christie's, New York"
row1701,Q160236|Q1423891,Q160236,Metropolitan Museum of Art,Q1423891,Christian minister,0,0,EXCLUDE,0.95,0,EXCLUDE,0.95,4,4,Q2233061,Theodorus van Gogh,P106,occupation,Metropolitan Museum of Art --owner of--> The Potato Peeler --owned by--> Vincent van Gogh --father--> Theodorus van Gogh --occupation--> Christian minister
row1708,Q160236|Q593644,Q160236,Metropolitan Museum of Art,Q593644,chemist,0,0,EXCLUDE,0.95,0,EXCLUDE,0.95,4,4,Q1375958,Richard Godeffroy,P106,occupation,Metropolitan Museum of Art --owner of--> Tilla Durieux --owned by--> Tilla Durieux --father--> Richard Godeffroy --occupation--> chemist
row1712,Q160236|Q34064952,Q160236,Metropolitan Museum of Art,Q34064952,"Charlotte Spencer-Churchill, Duchess of Marlborough",0,0,PRUNED_BY_ANCESTOR,,0,EXCLUDE,0.9,4,4,Q333601,"George Spencer-Churchill, 6th Duke of Marlborough",P26,spouse,"Metropolitan Museum of Art --owner of--> Old Age in Search of Youth --owned by--> John Spencer-Churchill, 7th Duke of Marlborough --father--> George Spencer-Churchill, 6th Duke of Marlborough --spouse--> Charlotte Spencer-Churchill, Duchess of Marlborough"
row1720,Q160236|Q36174,Q160236,Metropolitan Museum of Art,Q36174,Charles II of Spain,0,0,EXCLUDE,0.9,0,EXCLUDE,0.9,4,4,Q57651,Maria Anna of Neuburg,P26,spouse,"Metropolitan Museum of Art --owner of--> Portrait of a Man, Said to be Christopher Columbus (born about 1446, died 1506) --owned by--> Philip William, Elector Palatine --child--> Maria Anna of Neuburg --spouse--> Charles II of Spain"
row1723,Q160236|Q104439800,Q160236,Metropolitan Museum of Art,Q104439800,Charles Durand-Ruel,1,1,INCLUDE,0.95,1,INCLUDE,0.95,4,4,Q106907074,Joseph Durand-Ruel,P40,child,Metropolitan Museum of Art --owner of--> Young man in Mayo costume --owned by--> Paul Durand-Ruel --child--> Joseph Durand-Ruel --child--> Charles Durand-Ruel
row1733,Q160236|Q66660783,Q160236,Metropolitan Museum of Art,Q66660783,charity worker,0,0,EXCLUDE,0.95,0,EXCLUDE,0.95,4,4,Q234926,Olga Nikolaevna of Russia,P106,occupation,Metropolitan Museum of Art --owner of--> Crucifixion and Last Judgement diptych --owned by--> Nicholas I of Russia --child--> Olga Nikolaevna of Russia --occupation--> charity worker
row1737,Q160236|Q7541856,Q160236,Metropolitan Museum of Art,Q7541856,ceramicist,0,0,EXCLUDE,0.95,0,EXCLUDE,0.95,4,4,Q2978048,Claude Renoir,P106,occupation,Metropolitan Museum of Art --owner of--> Tilla Durieux --owned by--> Pierre-Auguste Renoir --child--> Claude Renoir --occupation--> ceramicist
row1743,Q160236|Q302556,Q160236,Metropolitan Museum of Art,Q302556,Catholic Encyclopedia,0,0,EXCLUDE,0.98,0,EXCLUDE,0.98,4,4,Q302,Jesus,P1343,described by source,Metropolitan Museum of Art --owner of--> Crucifixion and Last Judgement diptych --main subject--> Crucifixion of Jesus --significant person--> Jesus --described by source--> Catholic Encyclopedia
row1745,Q160236|Q234257,Q160236,Metropolitan Museum of Art,Q234257,Catherine Pavlovna of Russia,0,0,EXCLUDE,0.9,0,EXCLUDE,0.9,4,4,Q15189,Paul I of Russia,P40,child,Metropolitan Museum of Art --owner of--> Crucifixion and Last Judgement diptych --owned by--> Nicholas I of Russia --father--> Paul I of Russia --child--> Catherine Pavlovna of Russia
row1758,Q160236|Q5046521,Q160236,Metropolitan Museum of Art,Q5046521,Carroll Carstairs,1,1,INCLUDE,0.95,1,INCLUDE,0.95,4,4,Q21069797,Charles Carstairs,P40,child,Metropolitan Museum of Art --owner of--> The Daughters of Catulle Mendès --owned by--> M. Knoedler & Co. --owned by--> Charles Carstairs --child--> Carroll Carstairs
row1760,Q160236|Q1043967,Q160236,Metropolitan Museum of Art,Q1043967,Carnegie Museum of Art,1,1,INCLUDE,0.95,1,INCLUDE,0.95,4,4,Q42877972,"Landscape Near Aix, The Plain of the Arc River",P127,owned by,"Metropolitan Museum of Art --owner of--> Tilla Durieux --owned by--> Bignou Gallery --owner of--> Landscape Near Aix, The Plain of the Arc River --owned by--> Carnegie Museum of Art"
row1794,Q160236|Q89582,Q160236,Metropolitan Museum of Art,Q89582,Bruno Lohse,1,1,INCLUDE,0.95,1,INCLUDE,0.95,4,4,Q1810348,The Quai Malaquais and the Institute,P127,owned by,Metropolitan Museum of Art --owner of--> Tilla Durieux --owned by--> Paul Cassirer --owner of--> The Quai Malaquais and the Institute --owned by--> Bruno Lohse
row1804,Q160236|Q865736,Q160236,Metropolitan Museum of Art,Q865736,Birmingham Museum of Art,1,1,INCLUDE,0.95,1,INCLUDE,0.95,4,4,Q18517666,Source of a Mountain Stream,P127,owned by,"Metropolitan Museum of Art --owner of--> Portrait of a Man, Said to be Christopher Columbus (born about 1446, died 1506) --owned by--> Georges Petit --owner of--> Source of a Mountain Stream --owned by--> Birmingham Museum of Art"
row1806,Q160236|Q36279,Q160236,Metropolitan Museum of Art,Q36279,biography,0,0,PRUNED_BY_ANCESTOR,,0,EXCLUDE,0.98,4,4,Q665807,Biographisches Lexikon des Kaiserthums Oesterreich,P921,main subject,Metropolitan Museum of Art --owner of--> The Harvesters --owned by--> Archduke Ernest of Austria --described by source--> Biographisches Lexikon des Kaiserthums Oesterreich --main subject--> biography
row1807,Q160236|Q864380,Q160236,Metropolitan Museum of Art,Q864380,biographer,0,0,EXCLUDE,0.98,0,EXCLUDE,0.98,4,4,Q1406718,Ferdinand Columbus,P106,occupation,"Metropolitan Museum of Art --owner of--> Portrait of a Man, Said to be Christopher Columbus (born about 1446, died 1506) --main subject--> Christopher Columbus --child--> Ferdinand Columbus --occupation--> biographer"
row1831,Q160236|Q359047,Q160236,Metropolitan Museum of Art,Q359047,Bernard Berenson,1,1,INCLUDE,0.9,1,INCLUDE,0.9,4,4,Q38222240,Duveen,P921,main subject,Metropolitan Museum of Art --owner of--> Yonker Ramp and his Sweetheart --owned by--> Duveen Galleries --described by source--> Duveen --main subject--> Bernard Berenson
row1837,Q160236|Q554620,Q160236,Metropolitan Museum of Art,Q554620,Benjamin de Rothschild,1,0,EXCLUDE,0.9,0,EXCLUDE,0.9,4,4,Q932401,Edmond Adolphe de Rothschild,P40,child,Metropolitan Museum of Art --owner of--> The Daughters of Catulle Mendès --owned by--> Maurice de Rothschild --child--> Edmond Adolphe de Rothschild --child--> Benjamin de Rothschild
row1842,Q160236|Q4882133,Q160236,Metropolitan Museum of Art,Q4882133,Beldon Katleman,0,0,EXCLUDE,0.95,0,EXCLUDE,0.95,4,4,Q3830643,Leonore Annenberg,P26,spouse,Metropolitan Museum of Art --owner of--> The Daughters of Catulle Mendès --owned by--> Walter Annenberg --spouse--> Leonore Annenberg --spouse--> Beldon Katleman
row1875,Q160236|Q83874292,Q160236,Metropolitan Museum of Art,Q83874292,Artemis S.A.,1,1,INCLUDE,0.9,1,INCLUDE,0.9,4,4,Q18517666,Source of a Mountain Stream,P127,owned by,"Metropolitan Museum of Art --owner of--> Portrait of a Man, Said to be Christopher Columbus (born about 1446, died 1506) --owned by--> Georges Petit --owner of--> Source of a Mountain Stream --owned by--> Artemis S.A."
row1888,Q160236|Q239303,Q160236,Metropolitan Museum of Art,Q239303,Art Institute of Chicago,1,1,INCLUDE,0.98,1,INCLUDE,0.98,4,4,Q20267520,Abraham's Sacrifice of Isaac,P127,owned by,"Metropolitan Museum of Art --owner of--> Old Age in Search of Youth --owned by--> John Spencer-Churchill, 7th Duke of Marlborough --owner of--> Abraham's Sacrifice of Isaac --owned by--> Art Institute of Chicago"
row1965,Q160236|Q42973,Q160236,Metropolitan Museum of Art,Q42973,architect,0,0,EXCLUDE,0.98,0,EXCLUDE,0.98,4,4,Q96606,Paul Huldschinsky,P106,occupation,Metropolitan Museum of Art --owner of--> The Annunciation --owned by--> Oscar Huldschinsky --child--> Paul Huldschinsky --occupation--> architect
row1967,Q160236|Q113754,Q160236,Metropolitan Museum of Art,Q113754,Archduke Wenceslaus of Austria,0,0,EXCLUDE,0.95,0,EXCLUDE,0.95,4,4,Q150862,"Maximilian II, Holy Roman Emperor",P40,child,"Metropolitan Museum of Art --owner of--> Armor of Emperor Ferdinand I --owned by--> Ferdinand I, Holy Roman Emperor --child--> Maximilian II, Holy Roman Emperor --child--> Archduke Wenceslaus of Austria"
row1971,Q160236|Q347422,Q160236,Metropolitan Museum of Art,Q347422,Archduke Leopold Joseph of Austria,0,0,EXCLUDE,0.95,0,EXCLUDE,0.95,4,4,Q57527,Eleonor Magdalene of Neuburg,P40,child,"Metropolitan Museum of Art --owner of--> Portrait of a Man, Said to be Christopher Columbus (born about 1446, died 1506) --owned by--> Philip William, Elector Palatine --child--> Eleonor Magdalene of Neuburg --child--> Archduke Leopold Joseph of Austria"
row1974,Q160236|Q14541808,Q160236,Metropolitan Museum of Art,Q14541808,Archduke Johann Karl of Austria,0,0,PRUNED_BY_ANCESTOR,,0,EXCLUDE,0.95,4,4,Q150599,"Ferdinand II, Holy Roman Emperor",P40,child,"Metropolitan Museum of Art --owner of--> The Harvesters --owned by--> Archduke Leopold Wilhelm of Austria --father--> Ferdinand II, Holy Roman Emperor --child--> Archduke John Charles of Austria"
row1977,Q160236|Q438335,Q160236,Metropolitan Museum of Art,Q438335,Archduchess Maria Magdalena of Austria,0,0,EXCLUDE,0.95,0,EXCLUDE,0.95,4,4,Q57527,Eleonor Magdalene of Neuburg,P40,child,"Metropolitan Museum of Art --owner of--> Portrait of a Man, Said to be Christopher Columbus (born about 1446, died 1506) --owned by--> Philip William, Elector Palatine --child--> Eleonor Magdalene of Neuburg --child--> Archduchess Maria Magdalena of Austria"
row1978,Q160236|Q27886480,Q160236,Metropolitan Museum of Art,Q27886480,Archduchess Maria Josepha of Austria,0,0,EXCLUDE,0.95,0,EXCLUDE,0.95,4,4,Q57527,Eleonor Magdalene of Neuburg,P40,child,"Metropolitan Museum of Art --owner of--> Portrait of a Man, Said to be Christopher Columbus (born about 1446, died 1506) --owned by--> Philip William, Elector Palatine --child--> Eleonor Magdalene of Neuburg --child--> Archduchess Maria Josepha of Austria"
row1979,Q160236|Q93381,Q160236,Metropolitan Museum of Art,Q93381,Archduchess Maria Anna of Austria,0,0,PRUNED_BY_ANCESTOR,,0,EXCLUDE,0.95,4,4,Q150599,"Ferdinand II, Holy Roman Emperor",P40,child,"Metropolitan Museum of Art --owner of--> The Harvesters --owned by--> Archduke Leopold Wilhelm of Austria --father--> Ferdinand II, Holy Roman Emperor --child--> Archduchess Maria Anna of Austria"
row1980,Q160236|Q112088,Q160236,Metropolitan Museum of Art,Q112088,Archduchess Maria Anna Josepha of Austria,0,0,EXCLUDE,0.9,0,EXCLUDE,0.9,4,4,Q64266,"Johann Wilhelm, Elector Palatine",P26,spouse,"Metropolitan Museum of Art --owner of--> Portrait of a Man, Said to be Christopher Columbus (born about 1446, died 1506) --owned by--> Philip William, Elector Palatine --child--> Johann Wilhelm, Elector Palatine --spouse--> Archduchess Maria Anna Josepha of Austria"
row1981,Q160236|Q79158,Q160236,Metropolitan Museum of Art,Q79158,Archduchess Margaretha of Austria,0,0,EXCLUDE,0.95,0,EXCLUDE,0.95,4,4,Q150862,"Maximilian II, Holy Roman Emperor",P40,child,"Metropolitan Museum of Art --owner of--> Armor of Emperor Ferdinand I --owned by--> Ferdinand I, Holy Roman Emperor --child--> Maximilian II, Holy Roman Emperor --child--> Archduchess Margaretha of Austria"
row1988,Q160236|Q19960628,Q160236,Metropolitan Museum of Art,Q19960628,Archambaud de Talleyrand-Périgord,0,0,EXCLUDE,0.95,0,EXCLUDE,0.95,4,4,Q19958398,Charles-Daniel de Talleyrand-Périgord,P40,child,"Metropolitan Museum of Art --owner of--> Portrait of a Man, Said to be Christopher Columbus (born about 1446, died 1506) --owned by--> Charles-Maurice de Talleyrand-Périgord --father--> Charles-Daniel de Talleyrand-Périgord --child--> Archambaud de Talleyrand-Périgord"
row2015,Q160236|Q2644803,Q160236,Metropolitan Museum of Art,Q2644803,Alfred Cassirer,1,1,INCLUDE,0.85,1,INCLUDE,0.85,4,4,Q21175642,Louis Cassirer,P40,child,Metropolitan Museum of Art --owner of--> Tilla Durieux --owned by--> Paul Cassirer --father--> Louis Cassirer --child--> Alfred Cassirer
row2018,Q160236|Q2644753,Q160236,Metropolitan Museum of Art,Q2644753,Alfred Breslauer,1,0,EXCLUDE,0.8,0,EXCLUDE,0.8,4,4,Q90927,Marianne Breslauer (Feilchenfeldt),P22,father,Metropolitan Museum of Art --owner of--> Tilla Durieux --owned by--> Walter Feilchenfeldt --spouse--> Marianne Breslauer (Feilchenfeldt) --father--> Alfred Breslauer
row2026,Q160236|Q58001,Q160236,Metropolitan Museum of Art,Q58001,Alexandra Petrovna of Oldenburg,0,0,PRUNED_BY_ANCESTOR,,0,EXCLUDE,0.95,4,4,Q163863,Grand Duke Nicholas Nikolaevich of Russia,P26,spouse,Metropolitan Museum of Art --owner of--> Crucifixion and Last Judgement diptych --owned by--> Nicholas I of Russia --child--> Grand Duke Nicholas Nikolaevich of Russia --spouse--> Alexandra Petrovna of Oldenburg
row2028,Q160236|Q75253725,Q160236,Metropolitan Museum of Art,Q75253725,Alexandra Fellowes,0,0,EXCLUDE,0.95,0,EXCLUDE,0.95,4,4,Q75386164,Lady Rosamond Spencer-Churchill,P40,child,"Metropolitan Museum of Art --owner of--> Old Age in Search of Youth --owned by--> John Spencer-Churchill, 7th Duke of Marlborough --child--> Lady Rosamond Spencer-Churchill --child--> Alexandra Fellowes"
row2031,Q160236|Q75318519,Q160236,Metropolitan Museum of Art,Q75318519,Alexander von Reutern,0,0,EXCLUDE,0.95,0,EXCLUDE,0.95,4,4,Q75318515,Olga Karoline Albrecht,P40,child,Metropolitan Museum of Art --owner of--> Crucifixion and Last Judgement diptych --owned by--> Nicholas I of Russia --child--> Olga Karoline Albrecht --child--> Alexander von Reutern
row2040,Q160236|Q120180,Q160236,Metropolitan Museum of Art,Q120180,Alexander III of Russia,0,0,EXCLUDE,0.85,0,EXCLUDE,0.85,4,4,Q83171,Alexander II of Russia,P40,child,Metropolitan Museum of Art --owner of--> Crucifixion and Last Judgement diptych --owned by--> Nicholas I of Russia --child--> Alexander II of Russia --child--> Alexander III of Russia
row2042,Q160236|Q15193,Q160236,Metropolitan Museum of Art,Q15193,Alexander I of Russia,0,0,EXCLUDE,0.9,0,EXCLUDE,0.9,4,4,Q15189,Paul I of Russia,P40,child,Metropolitan Museum of Art --owner of--> Crucifixion and Last Judgement diptych --owned by--> Nicholas I of Russia --father--> Paul I of Russia --child--> Alexander I of Russia
row2045,Q160236|Q28043469,Q160236,Metropolitan Museum of Art,Q28043469,"Alexander Hamilton, Jr.",0,0,PRUNED_BY_ANCESTOR,,0,EXCLUDE,0.99,4,4,Q3430859,James Alexander Hamilton,P40,child,"Metropolitan Museum of Art --owner of--> Alexander Hamilton --main subject--> Alexander Hamilton --child--> James Alexander Hamilton --child--> Alexander Hamilton, Jr."
row2048,Q160236|Q4719061,Q160236,Metropolitan Museum of Art,Q4719061,Alexander Hamilton,0,0,PRUNED_BY_ANCESTOR,,0,EXCLUDE,0.99,4,4,Q6226112,John Church Hamilton,P40,child,Metropolitan Museum of Art --owner of--> Alexander Hamilton --main subject--> Alexander Hamilton --child--> John Church Hamilton --child--> Alexander Hamilton
row2061,Q160236|Q457843,Q160236,Metropolitan Museum of Art,Q457843,album amicorum,0,0,PRUNED_BY_ANCESTOR,,0,EXCLUDE,0.99,4,4,Q99484628,"WikiProject Alba amicorum of the KB, national library of the Netherlands",P921,main subject,"Metropolitan Museum of Art --owner of--> The Harvesters --owned by--> Emperor Rudolf II --on focus list of Wikimedia project--> WikiProject Alba amicorum of the KB, national library of the Netherlands --main subject--> album amicorum"
row2073,Q160236|Q2830219,Q160236,Metropolitan Museum of Art,Q2830219,Alain Renoir,0,0,EXCLUDE,0.95,0,EXCLUDE,0.95,4,4,Q50713,Jean Renoir,P40,child,Metropolitan Museum of Art --owner of--> Tilla Durieux --owned by--> Pierre-Auguste Renoir --child--> Jean Renoir --child--> Alain Renoir
row2109,Q160236|Q66362718,Q160236,Metropolitan Museum of Art,Q66362718,1001 Paintings You Must See Before You Die,0,0,EXCLUDE,0.95,0,EXCLUDE,0.95,4,4,Q20539215,Woman Sewing before a Garden Window,P1343,described by source,Metropolitan Museum of Art --owner of--> The Daughters of Catulle Mendès --owned by--> Wildenstein & Company --owner of--> Woman Sewing before a Garden Window --described by source--> 1001 Paintings You Must See Before You Die
row2110,Q160236|Q55185760,Q160236,Metropolitan Museum of Art,Q55185760,'Son of man' as a self-designation of Jesus,0,0,EXCLUDE,0.99,0,EXCLUDE,0.99,4,4,Q302,Jesus,P1343,described by source,Metropolitan Museum of Art --owner of--> Crucifixion and Last Judgement diptych --main subject--> Crucifixion of Jesus --significant person--> Jesus --described by source--> 'Son of man' as a self-designation of Jesus
row0,Q160236|Q75581245,Q160236,Metropolitan Museum of Art,Q75581245,Zénaïde Eugénie Bonaparte,0,0,EXCLUDE,0.95,0,EXCLUDE,0.95,5,5,Q620256,Napoléon Charles Grégoire Jacques Philippe Bonaparte,P40,child,Metropolitan Museum of Art --owner of--> Terracotta oinochoe: olpe (round-mouthed jug) --owned by--> Lucien Bonaparte --child--> Charles Lucien Bonaparte --child--> Napoléon Charles Grégoire Jacques Philippe Bonaparte --child--> Zénaïde Eugénie Bonaparte
row13,Q160236|Q20275618,Q160236,Metropolitan Museum of Art,Q20275618,A Peasant Woman Digging in Front of Her Cottage,1,1,INCLUDE,0.95,1,INCLUDE,0.95,5,5,Q239303,Art Institute of Chicago,P1830,owner of,"Metropolitan Museum of Art --owner of--> Old Age in Search of Youth --owned by--> John Spencer-Churchill, 7th Duke of Marlborough --owner of--> Abraham's Sacrifice of Isaac --owned by--> Art Institute of Chicago --owner of--> A Peasant Woman Digging in Front of Her Cottage"
row41,Q160236|Q64214265,Q160236,Metropolitan Museum of Art,Q64214265,Wiki Loves Pride Art & Artists,0,0,EXCLUDE,0.95,0,EXCLUDE,0.95,5,5,Q155626,John Singer Sargent,P5008,on focus list of Wikimedia project,Metropolitan Museum of Art --owner of--> Young man in Mayo costume --owned by--> Édouard Manet --owner of--> Portrait of Mademoiselle Claus --owned by--> John Singer Sargent --on focus list of Wikimedia project--> Wiki Loves Pride Art & Artists
row46,Q160236|Q24575431,Q160236,Metropolitan Museum of Art,Q24575431,Alexander II,0,0,EXCLUDE,0.85,0,EXCLUDE,0.85,5,5,Q90,Paris,P1830,owner of,Metropolitan Museum of Art --owner of--> Young man in Mayo costume --owned by--> Jean-Baptiste Faure --owner of--> The Sleepers --owned by--> Paris --owner of--> Alexander II
row57,Q160236|Q19429021,Q160236,Metropolitan Museum of Art,Q19429021,Theodor Fischer,1,1,INCLUDE,0.95,1,INCLUDE,0.95,5,5,Q1418856,Fritz Nathan,P3342,significant person,"Metropolitan Museum of Art --owner of--> Portrait of a Man, Said to be Christopher Columbus (born about 1446, died 1506) --owned by--> Georges Petit --owner of--> Source of a Mountain Stream --owned by--> Fritz Nathan --significant person--> Theodor Fischer"
row58,Q160236|Q27980299,Q160236,Metropolitan Museum of Art,Q27980299,Apollo and Daphne,0,1,INCLUDE,0.95,1,INCLUDE,0.95,5,5,Q95569,Kunsthistorisches Museum,P1830,owner of,"Metropolitan Museum of Art --owner of--> Old Age in Search of Youth --owned by--> John Spencer-Churchill, 7th Duke of Marlborough --owner of--> Saint Sebastian --owned by--> Kunsthistorisches Museum --owner of--> Apollo and Daphne"
row75,Q160236|Q26821240,Q160236,Metropolitan Museum of Art,Q26821240,Bathing Nymphs,0,1,INCLUDE,0.95,1,INCLUDE,0.95,5,5,Q95569,Kunsthistorisches Museum,P1830,owner of,"Metropolitan Museum of Art --owner of--> Old Age in Search of Youth --owned by--> John Spencer-Churchill, 7th Duke of Marlborough --owner of--> Saint Sebastian --owned by--> Kunsthistorisches Museum --owner of--> Bathing Nymphs"
row76,Q160236|Q27980296,Q160236,Metropolitan Museum of Art,Q27980296,Birth of Jupiter,0,1,INCLUDE,0.95,1,INCLUDE,0.95,5,5,Q95569,Kunsthistorisches Museum,P1830,owner of,"Metropolitan Museum of Art --owner of--> Old Age in Search of Youth --owned by--> John Spencer-Churchill, 7th Duke of Marlborough --owner of--> Saint Sebastian --owned by--> Kunsthistorisches Museum --owner of--> Birth of Jupiter"
row82,Q160236|Q3853758,Q160236,Metropolitan Museum of Art,Q3853758,Tarquin and Lucretia,1,1,INCLUDE,0.95,1,INCLUDE,0.95,5,5,Q95569,Kunsthistorisches Museum,P1830,owner of,"Metropolitan Museum of Art --owner of--> Old Age in Search of Youth --owned by--> John Spencer-Churchill, 7th Duke of Marlborough --owner of--> Saint Sebastian --owned by--> Kunsthistorisches Museum --owner of--> Tarquin and Lucretia"
row109,Q160236|Q96297,Q160236,Metropolitan Museum of Art,Q96297,Emil Georg Bührle,1,1,INCLUDE,0.95,1,INCLUDE,0.95,5,5,Q1418856,Fritz Nathan,P3342,significant person,"Metropolitan Museum of Art --owner of--> Portrait of a Man, Said to be Christopher Columbus (born about 1446, died 1506) --owned by--> Georges Petit --owner of--> Source of a Mountain Stream --owned by--> Fritz Nathan --significant person--> Emil Georg Bührle"
row112,Q160236|Q27980683,Q160236,Metropolitan Museum of Art,Q27980683,Portrait of the Artist's daughter Lavinia,0,1,INCLUDE,0.95,1,INCLUDE,0.95,5,5,Q95569,Kunsthistorisches Museum,P1830,owner of,"Metropolitan Museum of Art --owner of--> Old Age in Search of Youth --owned by--> John Spencer-Churchill, 7th Duke of Marlborough --owner of--> Saint Sebastian --owned by--> Kunsthistorisches Museum --owner of--> Portrait of the Artist's daughter Lavinia"
row117,Q160236|Q27978043,Q160236,Metropolitan Museum of Art,Q27978043,Portrait of Grand Duchess Bianca Capello (1548-1587),0,1,INCLUDE,0.95,1,INCLUDE,0.95,5,5,Q95569,Kunsthistorisches Museum,P1830,owner of,"Metropolitan Museum of Art --owner of--> Old Age in Search of Youth --owned by--> John Spencer-Churchill, 7th Duke of Marlborough --owner of--> Saint Sebastian --owned by--> Kunsthistorisches Museum --owner of--> Portrait of Grand Duchess Bianca Capello (1548-1587)"
row118,Q160236|Q26712700,Q160236,Metropolitan Museum of Art,Q26712700,Portrait of Fabrizio Salvaresio,0,1,INCLUDE,0.95,1,INCLUDE,0.95,5,5,Q95569,Kunsthistorisches Museum,P1830,owner of,"Metropolitan Museum of Art --owner of--> Old Age in Search of Youth --owned by--> John Spencer-Churchill, 7th Duke of Marlborough --owner of--> Saint Sebastian --owned by--> Kunsthistorisches Museum --owner of--> Portrait of Fabrizio Salvaresio"
row121,Q160236|Q2842423,Q160236,Metropolitan Museum of Art,Q2842423,Portrait of Ambroise Vollard in a Red Headscarf,0,1,INCLUDE,0.95,1,INCLUDE,0.95,5,5,Q459041,Ambroise Vollard,P1830,owner of,Metropolitan Museum of Art --owner of--> Peasant Woman Cooking by a Fireplace --owned by--> Auguste Pellerin --owner of--> Trois Baigneuses --owned by--> Ambroise Vollard --owner of--> Portrait of Ambroise Vollard in a Red Headscarf
row123,Q160236|Q20174444,Q160236,Metropolitan Museum of Art,Q20174444,Portrait of a Youth,0,1,INCLUDE,0.95,1,INCLUDE,0.95,5,5,Q214867,National Gallery of Art,P1830,owner of,Metropolitan Museum of Art --owner of--> Peasant Woman Cooking by a Fireplace --owned by--> Auguste Pellerin --owner of--> Harlequin (Arlequin) --owned by--> National Gallery of Art --owner of--> Portrait of a Youth
row124,Q160236|Q28019486,Q160236,Metropolitan Museum of Art,Q28019486,Portrait of a Young Lady,0,1,INCLUDE,0.95,1,INCLUDE,0.95,5,5,Q95569,Kunsthistorisches Museum,P1830,owner of,"Metropolitan Museum of Art --owner of--> Old Age in Search of Youth --owned by--> John Spencer-Churchill, 7th Duke of Marlborough --owner of--> Saint Sebastian --owned by--> Kunsthistorisches Museum --owner of--> Portrait of a Young Lady"
row130,Q160236|Q28020106,Q160236,Metropolitan Museum of Art,Q28020106,Portrait of a Bearded Man,0,1,INCLUDE,0.95,1,INCLUDE,0.95,5,5,Q95569,Kunsthistorisches Museum,P1830,owner of,"Metropolitan Museum of Art --owner of--> Old Age in Search of Youth --owned by--> John Spencer-Churchill, 7th Duke of Marlborough --owner of--> Saint Sebastian --owned by--> Kunsthistorisches Museum --owner of--> Portrait of a Bearded Man"
row133,Q160236|Q106323898,Q160236,Metropolitan Museum of Art,Q106323898,Pavlenkov Encyclopedic Dictionary,0,0,EXCLUDE,0.95,0,EXCLUDE,0.95,5,5,Q517,Napoleon,P1343,described by source,Metropolitan Museum of Art --owner of--> Terracotta oinochoe: olpe (round-mouthed jug) --owned by--> Lucien Bonaparte --father--> Carlo Bonaparte --child--> Napoleon --described by source--> Pavlenkov Encyclopedic Dictionary
row141,Q160236|Q1358886,Q160236,Metropolitan Museum of Art,Q1358886,Grand Synagogue of Paris,0,0,EXCLUDE,0.95,0,EXCLUDE,0.95,5,5,Q90,Paris,P1830,owner of,Metropolitan Museum of Art --owner of--> Young man in Mayo costume --owned by--> Jean-Baptiste Faure --owner of--> The Sleepers --owned by--> Paris --owner of--> Grand Synagogue of Paris
row157,Q160236|Q1573212,Q160236,Metropolitan Museum of Art,Q1573212,Hamburg Biographies,0,0,EXCLUDE,0.95,0,EXCLUDE,0.95,5,5,Q70618,Harry Graf Kessler,P1343,described by source,Metropolitan Museum of Art --owner of--> Tilla Durieux --owned by--> Bignou Gallery --owner of--> Wheat Fields after the Rain --owned by--> Harry Graf Kessler --described by source--> Hamburg Biographies
row173,Q160236|Q56857488,Q160236,Metropolitan Museum of Art,Q56857488,Napoléons moder (Letizia Ramolino Bonaparte),0,0,EXCLUDE,0.95,0,EXCLUDE,0.95,5,5,Q151995,Letizia Bonaparte,P1343,described by source,Metropolitan Museum of Art --owner of--> Terracotta oinochoe: olpe (round-mouthed jug) --owned by--> Lucien Bonaparte --father--> Carlo Bonaparte --spouse--> Letizia Bonaparte --described by source--> Napoléons moder (Letizia Ramolino Bonaparte)
row174,Q160236|Q434077,Q160236,Metropolitan Museum of Art,Q434077,"Prince Napoléon-Jérôme, Prince Napoléon",0,0,EXCLUDE,0.95,0,EXCLUDE,0.95,5,5,Q151087,Jérôme Bonaparte,P40,child,Metropolitan Museum of Art --owner of--> Terracotta oinochoe: olpe (round-mouthed jug) --owned by--> Lucien Bonaparte --father--> Carlo Bonaparte --child--> Jérôme Bonaparte --child--> Napoléon Joseph Charles Paul Bonaparte
row180,Q160236|Q27051827,Q160236,Metropolitan Museum of Art,Q27051827,"Hoff's Kurze Biographien, vol 2",0,0,EXCLUDE,0.95,0,EXCLUDE,0.95,5,5,Q542800,Guillaume Dubois,P1343,described by source,"Metropolitan Museum of Art --owner of--> The Daughters of Catulle Mendès --owned by--> Wildenstein & Company --owner of--> Portrait of Cardinal Guillaume Dubois --main subject--> Guillaume Dubois --described by source--> Hoff's Kurze Biographien, vol 2"
row184,Q160236|Q369234,Q160236,Metropolitan Museum of Art,Q369234,Hôtel de Chalon-Luxembourg,0,0,EXCLUDE,0.95,0,EXCLUDE,0.95,5,5,Q90,Paris,P1830,owner of,Metropolitan Museum of Art --owner of--> Young man in Mayo costume --owned by--> Jean-Baptiste Faure --owner of--> The Sleepers --owned by--> Paris --owner of--> Hôtel de Chalon-Luxembourg
row186,Q160236|Q19832938,Q160236,Metropolitan Museum of Art,Q19832938,hôtel Dodun,0,0,EXCLUDE,0.95,0,EXCLUDE,0.95,5,5,Q90,Paris,P1830,owner of,Metropolitan Museum of Art --owner of--> Young man in Mayo costume --owned by--> Jean-Baptiste Faure --owner of--> The Sleepers --owned by--> Paris --owner of--> hôtel Dodun
row207,Q160236|Q3837491,Q160236,Metropolitan Museum of Art,Q3837491,Jacob Wrestling with the Angel,0,0,EXCLUDE,0.8,0,EXCLUDE,0.8,5,5,Q90,Paris,P1830,owner of,Metropolitan Museum of Art --owner of--> Young man in Mayo costume --owned by--> Jean-Baptiste Faure --owner of--> The Sleepers --owned by--> Paris --owner of--> Jacob Wrestling with the Angel
row227,Q160236|Q17519173,Q160236,Metropolitan Museum of Art,Q17519173,L'Arlésienne,0,1,INCLUDE,0.95,1,INCLUDE,0.95,5,5,Q459041,Ambroise Vollard,P1830,owner of,Metropolitan Museum of Art --owner of--> Peasant Woman Cooking by a Fireplace --owned by--> Auguste Pellerin --owner of--> Trois Baigneuses --owned by--> Ambroise Vollard --owner of--> L'Arlésienne
row229,Q160236|Q4896868,Q160236,Metropolitan Museum of Art,Q4896868,La belle Angèle,0,1,INCLUDE,0.95,1,INCLUDE,0.95,5,5,Q459041,Ambroise Vollard,P1830,owner of,Metropolitan Museum of Art --owner of--> Peasant Woman Cooking by a Fireplace --owned by--> Auguste Pellerin --owner of--> Trois Baigneuses --owned by--> Ambroise Vollard --owner of--> La belle Angèle
row233,Q160236|Q20177080,Q160236,Metropolitan Museum of Art,Q20177080,Lady with a Fan,0,1,INCLUDE,0.9,1,INCLUDE,0.9,5,5,Q214867,National Gallery of Art,P1830,owner of,Metropolitan Museum of Art --owner of--> Peasant Woman Cooking by a Fireplace --owned by--> Auguste Pellerin --owner of--> Harlequin (Arlequin) --owned by--> National Gallery of Art --owner of--> Lady with a Fan
row235,Q160236|Q3220784,Q160236,Metropolitan Museum of Art,Q3220784,Le Canal Saint-Martin,0,1,INCLUDE,0.95,1,INCLUDE,0.95,5,5,Q289951,Étienne Moreau-Nélaton,P1830,owner of,Metropolitan Museum of Art --owner of--> Young man in Mayo costume --owned by--> Édouard Manet --owner of--> La Blonde aux seins nus --owned by--> Étienne Moreau-Nélaton --owner of--> Le Canal Saint-Martin
row252,Q160236|Q275336,Q160236,Metropolitan Museum of Art,Q275336,"John Stuart, 1st Marquess of Bute",0,0,EXCLUDE,0.95,0,EXCLUDE,0.95,5,5,Q6679196,Lord Dudley Stuart,P22,father,"Metropolitan Museum of Art --owner of--> Terracotta oinochoe: olpe (round-mouthed jug) --owned by--> Lucien Bonaparte --child--> Christine-Égypta Bonaparte --spouse--> Lord Dudley Stuart --father--> John Stuart, 1st Marquess of Bute"
row265,Q160236|Q95948198,Q160236,Metropolitan Museum of Art,Q95948198,Meyers Conversations-Lexicon,0,0,EXCLUDE,0.95,0,EXCLUDE,0.95,5,5,Q283909,"Maximilian III, Archduke of Austria",P1343,described by source,"Metropolitan Museum of Art --owner of--> Armor of Emperor Ferdinand I --owned by--> Ferdinand I, Holy Roman Emperor --child--> Maximilian II, Holy Roman Emperor --child--> Maximilian III, Archduke of Austria --described by source--> Meyers Conversations-Lexicon"
row268,Q160236|Q17010072,Q160236,Metropolitan Museum of Art,Q17010072,militant,0,0,EXCLUDE,0.98,0,EXCLUDE,0.98,5,5,Q517,Napoleon,P106,occupation,Metropolitan Museum of Art --owner of--> Terracotta oinochoe: olpe (round-mouthed jug) --owned by--> Lucien Bonaparte --father--> Carlo Bonaparte --child--> Napoleon --occupation--> militant
row287,Q160236|Q327240,Q160236,Metropolitan Museum of Art,Q327240,Norton Simon,1,1,INCLUDE,0.9,1,INCLUDE,0.9,5,5,Q16019235,Stephen Hahn,P3342,significant person,"Metropolitan Museum of Art --owner of--> Portrait of a Man, Said to be Christopher Columbus (born about 1446, died 1506) --owned by--> Georges Petit --owner of--> Source of a Mountain Stream --owned by--> Stephen Hahn --significant person--> Norton Simon"
row290,Q160236|Q3346473,Q160236,Metropolitan Museum of Art,Q3346473,Nureyev,0,0,EXCLUDE,0.99,0,EXCLUDE,0.99,5,5,Q3374316,Peintre Celebre,P22,father,Metropolitan Museum of Art --owner of--> The Daughters of Catulle Mendès --owned by--> Wildenstein & Company --owned by--> Daniel Wildenstein --owner of--> Peintre Celebre --father--> Nureyev
row291,Q160236|Q27979252,Q160236,Metropolitan Museum of Art,Q27979252,Nymph and Hunter,0,1,INCLUDE,0.9,1,INCLUDE,0.9,5,5,Q95569,Kunsthistorisches Museum,P1830,owner of,"Metropolitan Museum of Art --owner of--> Old Age in Search of Youth --owned by--> John Spencer-Churchill, 7th Duke of Marlborough --owner of--> Saint Sebastian --owned by--> Kunsthistorisches Museum --owner of--> Nymph and Hunter"
row330,Q160236|Q104520680,Q160236,Metropolitan Museum of Art,Q104520680,Göring's man in Paris : the story of a Nazi art plunderer and his world,1,1,INCLUDE,0.95,1,INCLUDE,0.95,5,5,Q89582,Bruno Lohse,P1343,described by source,Metropolitan Museum of Art --owner of--> Tilla Durieux --owned by--> Paul Cassirer --owner of--> The Quai Malaquais and the Institute --owned by--> Bruno Lohse --described by source--> Göring's man in Paris : the story of a Nazi art plunderer and his world
row337,Q160236|Q178513,Q160236,Metropolitan Museum of Art,Q178513,Paris Bourse,0,0,EXCLUDE,0.95,0,EXCLUDE,0.95,5,5,Q90,Paris,P1830,owner of,Metropolitan Museum of Art --owner of--> Young man in Mayo costume --owned by--> Jean-Baptiste Faure --owner of--> The Sleepers --owned by--> Paris --owner of--> Paris Bourse
row345,Q160236|Q105186,Q160236,Metropolitan Museum of Art,Q105186,pharmacist,0,0,EXCLUDE,0.98,0,EXCLUDE,0.98,5,5,Q10862805,Jean Monet,P106,occupation,Metropolitan Museum of Art --owner of--> Young man in Mayo costume --owned by--> Ernest Hoschedé --child--> Blanche Hoschedé Monet --spouse--> Jean Monet --occupation--> pharmacist
row364,Q160236|Q21032589,Q160236,Metropolitan Museum of Art,Q21032589,Encyclopedia of Modern Christian Politics (2006 ed.),0,0,PRUNED_BY_ANCESTOR,,0,EXCLUDE,0.95,5,5,Q15193,Alexander I of Russia,P1343,described by source,Metropolitan Museum of Art --owner of--> Crucifixion and Last Judgement diptych --owned by--> Nicholas I of Russia --father--> Paul I of Russia --child--> Alexander I of Russia --described by source--> Encyclopedia of Modern Christian Politics (2006 ed.)
row374,Q160236|Q3411287,Q160236,Metropolitan Museum of Art,Q3411287,pyramid of bois de Vincennes,0,0,EXCLUDE,0.95,0,EXCLUDE,0.95,5,5,Q90,Paris,P1830,owner of,Metropolitan Museum of Art --owner of--> Young man in Mayo costume --owned by--> Jean-Baptiste Faure --owner of--> The Sleepers --owned by--> Paris --owner of--> pyramid of bois de Vincennes
row387,Q160236|Q1210353,Q160236,Metropolitan Museum of Art,Q1210353,Dictionnaire Infernal,0,0,PRUNED_BY_ANCESTOR,,0,EXCLUDE,0.95,5,5,Q41213,Tower of Babel,P1343,described by source,Metropolitan Museum of Art --owner of--> The Harvesters --owned by--> Emperor Rudolf II --owner of--> The Tower of Babel --main subject--> Tower of Babel --described by source--> Dictionnaire Infernal
row390,Q160236|Q379406,Q160236,Metropolitan Museum of Art,Q379406,Dictionary of Swedish National Biography,0,0,EXCLUDE,0.95,0,EXCLUDE,0.95,5,5,Q52940,Sigismund III Vasa,P1343,described by source,"Metropolitan Museum of Art --owner of--> Portrait of a Man, Said to be Christopher Columbus (born about 1446, died 1506) --owned by--> Philip William, Elector Palatine --spouse--> Anna Catherine Constance Vasa --father--> Sigismund III Vasa --described by source--> Dictionary of Swedish National Biography"
row403,Q160236|Q3451370,Q160236,Metropolitan Museum of Art,Q3451370,Square in Argenteuil,0,1,INCLUDE,0.9,1,INCLUDE,0.9,5,5,Q289951,Étienne Moreau-Nélaton,P1830,owner of,Metropolitan Museum of Art --owner of--> Young man in Mayo costume --owned by--> Édouard Manet --owner of--> La Blonde aux seins nus --owned by--> Étienne Moreau-Nélaton --owner of--> Square in Argenteuil
row408,Q160236|Q3873319,Q160236,Metropolitan Museum of Art,Q3873319,Still life,0,0,EXCLUDE,0.75,0,EXCLUDE,0.75,5,5,Q289951,Étienne Moreau-Nélaton,P1830,owner of,Metropolitan Museum of Art --owner of--> Young man in Mayo costume --owned by--> Édouard Manet --owner of--> La Blonde aux seins nus --owned by--> Étienne Moreau-Nélaton --owner of--> Still life
row411,Q160236|Q4239850,Q160236,Metropolitan Museum of Art,Q4239850,Concise Literary Encyclopedia,0,0,EXCLUDE,0.95,0,EXCLUDE,0.95,5,5,Q183713,Théophile Gautier,P1343,described by source,Metropolitan Museum of Art --owner of--> The Daughters of Catulle Mendès --owned by--> Catulle Mendès --spouse--> Judith Gautier --father--> Théophile Gautier --described by source--> Concise Literary Encyclopedia
row436,Q160236|Q50395049,Q160236,Metropolitan Museum of Art,Q50395049,Svenskt kvinnobiografiskt lexikon,0,0,EXCLUDE,0.95,0,EXCLUDE,0.95,5,5,Q161133,"Anne of Austria, Queen of Poland",P1343,described by source,"Metropolitan Museum of Art --owner of--> Armor of Emperor Ferdinand I --owned by--> Ferdinand I, Holy Roman Emperor --child--> Charles II, Archduke of Austria --child--> Anne of Austria, Queen of Poland --described by source--> Svenskt kvinnobiografiskt lexikon"
row440,Q160236|Q1039808,Q160236,Metropolitan Museum of Art,Q1039808,Carl Montag,1,1,INCLUDE,0.85,1,INCLUDE,0.85,5,5,Q47035126,Gottfried Tanner,P3342,significant person,Metropolitan Museum of Art --owner of--> Tilla Durieux --owned by--> Bignou Gallery --owned by--> Étienne Bignou --significant person--> Gottfried Tanner --significant person--> Carl Montag
row480,Q160236|Q7044697,Q160236,Metropolitan Museum of Art,Q7044697,"Betty de Rothschild, Baronne James de Rothschild",1,1,INCLUDE,0.9,1,INCLUDE,0.9,5,5,Q922667,James Mayer de Rothschild,P26,spouse,"Metropolitan Museum of Art --owner of--> Portrait of a Man, Said to be Christopher Columbus (born about 1446, died 1506) --owned by--> Charles-Maurice de Talleyrand-Périgord --owner of--> Hôtel de Saint-Florentin --owned by--> James Mayer de Rothschild --spouse--> Betty de Rothschild, Baronne James de Rothschild"
row486,Q160236|Q1524643,Q160236,Metropolitan Museum of Art,Q1524643,Belleville funicular tramway,0,0,EXCLUDE,0.95,0,EXCLUDE,0.95,5,5,Q90,Paris,P1830,owner of,Metropolitan Museum of Art --owner of--> Young man in Mayo costume --owned by--> Jean-Baptiste Faure --owner of--> The Sleepers --owned by--> Paris --owner of--> Belleville funicular tramway
row489,Q160236|Q18891157,Q160236,Metropolitan Museum of Art,Q18891157,The Scream,1,1,INCLUDE,0.95,1,INCLUDE,0.95,5,5,Q1635718,Hugo Simon,P1830,owner of,"Metropolitan Museum of Art --owner of--> Tilla Durieux --owned by--> Bignou Gallery --owner of--> Landscape Near Aix, The Plain of the Arc River --owned by--> Hugo Simon --owner of--> The Scream"
row491,Q160236|Q4799609,Q160236,Metropolitan Museum of Art,Q4799609,Arthur M. Sackler,1,1,INCLUDE,0.9,1,INCLUDE,0.9,5,5,Q16019235,Stephen Hahn,P3342,significant person,"Metropolitan Museum of Art --owner of--> Portrait of a Man, Said to be Christopher Columbus (born about 1446, died 1506) --owned by--> Georges Petit --owner of--> Source of a Mountain Stream --owned by--> Stephen Hahn --significant person--> Arthur M. Sackler"
row497,Q160236|Q220859,Q160236,Metropolitan Museum of Art,Q220859,Arnolfini Portrait,0,1,INCLUDE,0.9,1,INCLUDE,0.9,5,5,Q34417,Philip II of Spain,P1830,owner of,Metropolitan Museum of Art --owner of--> The Harvesters --owned by--> Emperor Rudolf II --owner of--> Leda and the Swan --owned by--> Philip II of Spain --owner of--> Arnolfini Portrait
row509,Q160236|Q64436,Q160236,Metropolitan Museum of Art,Q64436,Arc de Triomphe,0,0,EXCLUDE,0.95,0,EXCLUDE,0.95,5,5,Q90,Paris,P1830,owner of,Metropolitan Museum of Art --owner of--> Young man in Mayo costume --owned by--> Jean-Baptiste Faure --owner of--> The Sleepers --owned by--> Paris --owner of--> Arc de Triomphe
row515,Q160236|Q15709188,Q160236,Metropolitan Museum of Art,Q15709188,View of Volterra,0,1,INCLUDE,0.9,1,INCLUDE,0.9,5,5,Q289951,Étienne Moreau-Nélaton,P1830,owner of,Metropolitan Museum of Art --owner of--> Young man in Mayo costume --owned by--> Édouard Manet --owner of--> La Blonde aux seins nus --owned by--> Étienne Moreau-Nélaton --owner of--> View of Volterra
row516,Q160236|Q15709185,Q160236,Metropolitan Museum of Art,Q15709185,View of Volterra,0,1,INCLUDE,0.9,1,INCLUDE,0.9,5,5,Q289951,Étienne Moreau-Nélaton,P1830,owner of,Metropolitan Museum of Art --owner of--> Young man in Mayo costume --owned by--> Édouard Manet --owner of--> La Blonde aux seins nus --owned by--> Étienne Moreau-Nélaton --owner of--> View of Volterra
row523,Q160236|Q42601013,Q160236,Metropolitan Museum of Art,Q42601013,ALIU Detailed Interrogation Report (DIR) No. 6 Bruno Lohse August 1945,1,1,INCLUDE,0.95,1,INCLUDE,0.95,5,5,Q89582,Bruno Lohse,P1343,described by source,Metropolitan Museum of Art --owner of--> Tilla Durieux --owned by--> Paul Cassirer --owner of--> The Quai Malaquais and the Institute --owned by--> Bruno Lohse --described by source--> ALIU Detailed Interrogation Report (DIR) No. 6 Bruno Lohse August 1945
row533,Q160236|Q537720,Q160236,Metropolitan Museum of Art,Q537720,Accor Arena,0,0,EXCLUDE,0.95,0,EXCLUDE,0.95,5,5,Q90,Paris,P1830,owner of,Metropolitan Museum of Art --owner of--> Young man in Mayo costume --owned by--> Jean-Baptiste Faure --owner of--> The Sleepers --owned by--> Paris --owner of--> Accor Arena
row541,Q160236|Q26772533,Q160236,Metropolitan Museum of Art,Q26772533,Young Woman in blue Gown with Feather,0,1,INCLUDE,0.9,1,INCLUDE,0.9,5,5,Q95569,Kunsthistorisches Museum,P1830,owner of,"Metropolitan Museum of Art --owner of--> Old Age in Search of Youth --owned by--> John Spencer-Churchill, 7th Duke of Marlborough --owner of--> Saint Sebastian --owned by--> Kunsthistorisches Museum --owner of--> Young Woman in blue Gown with Feather"
row549,Q160236|Q107750647,Q160236,Metropolitan Museum of Art,Q107750647,Zürcher Kunstgesellschaft,1,1,INCLUDE,0.9,1,INCLUDE,0.9,5,5,Q108515220,Seascape,P127,owned by,Metropolitan Museum of Art --owner of--> The Daughters of Catulle Mendès --owned by--> Wildenstein & Company --owned by--> Georges Wildenstein --owner of--> Seascape --owned by--> Zürcher Kunstgesellschaft
row550,Q160236|Q56816048,Q160236,Metropolitan Museum of Art,Q56816048,Zur Übernahme des Auktionshauses Paul Graupe durch Hans W. Lange,1,1,INCLUDE,0.95,1,INCLUDE,0.95,5,5,Q18704516,Hans W. Lange,P1343,described by source,Metropolitan Museum of Art --owner of--> Tilla Durieux --owned by--> Paul Cassirer --owner of--> The Quai Malaquais and the Institute --owned by--> Hans W. Lange --described by source--> Zur Übernahme des Auktionshauses Paul Graupe durch Hans W. Lange
row557,Q160236|Q26718316,Q160236,Metropolitan Museum of Art,Q26718316,Young Woman in Green Dress,0,1,INCLUDE,0.95,1,INCLUDE,0.95,5,5,Q95569,Kunsthistorisches Museum,P1830,owner of,"Metropolitan Museum of Art --owner of--> Old Age in Search of Youth --owned by--> John Spencer-Churchill, 7th Duke of Marlborough --owner of--> Saint Sebastian --owned by--> Kunsthistorisches Museum --owner of--> Young Woman in Green Dress"
row561,Q160236|Q1568434,Q160236,Metropolitan Museum of Art,Q1568434,Yale University Art Gallery,1,1,INCLUDE,0.95,1,INCLUDE,0.95,5,5,Q49246672,Mount of Sainte-Victoire,P127,owned by,Metropolitan Museum of Art --owner of--> Tilla Durieux --owned by--> Bignou Gallery --owned by--> Étienne Bignou --owner of--> Mount of Sainte-Victoire --owned by--> Yale University Art Gallery
row563,Q160236|Q1437754,Q160236,Metropolitan Museum of Art,Q1437754,xylographer,0,0,EXCLUDE,0.9,0,EXCLUDE,0.9,5,5,Q964608,Lucien Pissarro,P106,occupation,Metropolitan Museum of Art --owner of--> Tilla Durieux --owned by--> Paul Cassirer --owner of--> The Quai Malaquais and the Institute --owned by--> Lucien Pissarro --occupation--> xylographer
row578,Q160236|Q20080422,Q160236,Metropolitan Museum of Art,Q20080422,Woman with a glass of wine and a child in a garden,1,1,INCLUDE,0.95,1,INCLUDE,0.95,5,5,Q47906,Hermann Göring,P1830,owner of,Metropolitan Museum of Art --owner of--> Tilla Durieux --owned by--> Paul Cassirer --owner of--> Portrait of Dr. Gachet --owned by--> Hermann Göring --owner of--> Woman with a glass of wine and a child in a garden
row606,Q160236|Q54054,Q160236,Metropolitan Museum of Art,Q54054,Władysław IV Vasa,0,0,EXCLUDE,0.95,0,EXCLUDE,0.95,5,5,Q52940,Sigismund III Vasa,P40,child,"Metropolitan Museum of Art --owner of--> Portrait of a Man, Said to be Christopher Columbus (born about 1446, died 1506) --owned by--> Philip William, Elector Palatine --spouse--> Anna Catherine Constance Vasa --father--> Sigismund III Vasa --child--> Władysław IV Vasa"
row607,Q160236|Q8026087,Q160236,Metropolitan Museum of Art,Q8026087,Winston Frederick Churchill Guest,0,0,EXCLUDE,0.95,0,EXCLUDE,0.95,5,5,Q3425074,Frederick Guest,P40,child,"Metropolitan Museum of Art --owner of--> Old Age in Search of Youth --owned by--> John Spencer-Churchill, 7th Duke of Marlborough --child--> Cornelia Guest, Baroness Wimborne --child--> Frederick Guest --child--> Winston Frederick Churchill Guest"
row610,Q160236|Q20735394,Q160236,Metropolitan Museum of Art,Q20735394,Wineglass and a Bowl of Fruit,1,1,INCLUDE,0.95,1,INCLUDE,0.95,5,5,Q33315010,Frederick Mont,P1830,owner of,Metropolitan Museum of Art --owner of--> The Potato Peeler --owned by--> Galerie Charpentier --owner of--> The Young Harpist --owned by--> Frederick Mont --owner of--> Wineglass and a Bowl of Fruit
row612,Q160236|Q1274863,Q160236,Metropolitan Museum of Art,Q1274863,William Burrell,1,1,INCLUDE,0.95,1,INCLUDE,0.95,5,5,Q64211821,Le Château de Médan,P127,owned by,Metropolitan Museum of Art --owner of--> Tilla Durieux --owned by--> Bignou Gallery --owned by--> Étienne Bignou --owner of--> Le Château de Médan --owned by--> William Burrell
row623,Q160236|Q150652,Q160236,Metropolitan Museum of Art,Q150652,Wilhelm I of Germany,0,0,PRUNED_BY_ANCESTOR,,0,EXCLUDE,0.95,5,5,Q37134,Frederick William III of Prussia,P40,child,Metropolitan Museum of Art --owner of--> Crucifixion and Last Judgement diptych --owned by--> Nicholas I of Russia --spouse--> Alexandra Feodorovna --father--> Frederick William III of Prussia --child--> Wilhelm I of Germany
row643,Q160236|Q105936481,Q160236,Metropolitan Museum of Art,Q105936481,WikiProject PCC Wikidata Pilot/Harry Ransom Center,0,0,EXCLUDE,0.95,0,EXCLUDE,0.95,5,5,Q2918336,John Hay Whitney,P5008,on focus list of Wikimedia project,Metropolitan Museum of Art --owner of--> Tilla Durieux --owned by--> Walter Feilchenfeldt --owner of--> Garçon à la pipe --owned by--> John Hay Whitney --on focus list of Wikimedia project--> WikiProject PCC Wikidata Pilot/Harry Ransom Center
row659,Q160236|Q100137722,Q160236,Metropolitan Museum of Art,Q100137722,Wikiproject Nuremberg Trials,1,1,INCLUDE,0.85,1,INCLUDE,0.85,5,5,Q47906,Hermann Göring,P5008,on focus list of Wikimedia project,Metropolitan Museum of Art --owner of--> Tilla Durieux --owned by--> Paul Cassirer --owner of--> Portrait of Dr. Gachet --owned by--> Hermann Göring --on focus list of Wikimedia project--> Wikiproject Nuremberg Trials
row662,Q160236|Q15092984,Q160236,Metropolitan Museum of Art,Q15092984,WikiProject about LGBT-related content,0,0,EXCLUDE,0.95,0,EXCLUDE,0.95,5,5,Q6649,lesbianism,P5008,on focus list of Wikimedia project,Metropolitan Museum of Art --owner of--> Young man in Mayo costume --owned by--> Jean-Baptiste Faure --owner of--> The Sleepers --main subject--> lesbianism --on focus list of Wikimedia project--> WikiProject LGBT studies
row673,Q160236|Q97285685,Q160236,Metropolitan Museum of Art,Q97285685,Wiki99/LGBT+,0,0,EXCLUDE,0.95,0,EXCLUDE,0.95,5,5,Q6649,lesbianism,P5008,on focus list of Wikimedia project,Metropolitan Museum of Art --owner of--> Young man in Mayo costume --owned by--> Jean-Baptiste Faure --owner of--> The Sleepers --main subject--> lesbianism --on focus list of Wikimedia project--> Wiki99/LGBT+
row681,Q160236|Q66717484,Q160236,Metropolitan Museum of Art,Q66717484,Werner H. Kramarsky,1,1,INCLUDE,0.9,1,INCLUDE,0.9,5,5,Q15454385,Siegfried Kramarsky,P40,child,Metropolitan Museum of Art --owner of--> The Annunciation --owned by--> Oscar Huldschinsky --owner of--> Johann von Aich (1510–1549) --owned by--> Siegfried Kramarsky --child--> Werner H. Kramarsky
row682,Q160236|Q78749849,Q160236,Metropolitan Museum of Art,Q78749849,Weislingen Captured by Götz’s Men,1,1,INCLUDE,0.9,1,INCLUDE,0.9,5,5,Q47035126,Gottfried Tanner,P1830,owner of,Metropolitan Museum of Art --owner of--> Tilla Durieux --owned by--> Bignou Gallery --owned by--> Étienne Bignou --significant person--> Gottfried Tanner --owner of--> Weislingen Captured by Götz’s Men
row692,Q160236|Q11075015,Q160236,Metropolitan Museum of Art,Q11075015,war criminal,0,1,INCLUDE,0.85,1,INCLUDE,0.85,5,5,Q47906,Hermann Göring,P106,occupation,Metropolitan Museum of Art --owner of--> Tilla Durieux --owned by--> Paul Cassirer --owner of--> Portrait of Dr. Gachet --owned by--> Hermann Göring --occupation--> war criminal
row709,Q160236|Q7964251,Q160236,Metropolitan Museum of Art,Q7964251,Walter Bareiss,1,1,INCLUDE,0.95,1,INCLUDE,0.95,5,5,Q83874292,Artemis S.A.,P3342,significant person,"Metropolitan Museum of Art --owner of--> Portrait of a Man, Said to be Christopher Columbus (born about 1446, died 1506) --owned by--> Georges Petit --owner of--> Source of a Mountain Stream --owned by--> Artemis S.A. --significant person--> Walter Bareiss"
row716,Q160236|Q944225,Q160236,Metropolitan Museum of Art,Q944225,Waddesdon Manor,0,1,INCLUDE,0.95,1,INCLUDE,0.95,5,5,Q6128825,James Armand de Rothschild,P1830,owner of,Metropolitan Museum of Art --owner of--> The Daughters of Catulle Mendès --owned by--> Maurice de Rothschild --father--> Edmond James de Rothschild --child--> James Armand de Rothschild --owner of--> Waddesdon Manor
row718,Q160236|Q152564,Q160236,Metropolitan Museum of Art,Q152564,Völkischer Beobachter,0,0,EXCLUDE,0.85,0,EXCLUDE,0.85,5,5,Q7320,National Socialist German Workers' Party,P1830,owner of,Metropolitan Museum of Art --owner of--> Tilla Durieux --owned by--> Paul Cassirer --owner of--> The Quai Malaquais and the Institute --owned by--> National Socialist German Workers' Party --owner of--> Völkischer Beobachter
row720,Q160236|Q28854014,Q160236,Metropolitan Museum of Art,Q28854014,Vladimir Velho,0,0,EXCLUDE,0.95,0,EXCLUDE,0.95,5,5,Q75318522,Maria von Reutern,P40,child,Metropolitan Museum of Art --owner of--> Crucifixion and Last Judgement diptych --owned by--> Nicholas I of Russia --child--> Olga Karoline Albrecht --child--> Maria von Reutern --child--> Vladimir Velho
row722,Q160236|Q16977139,Q160236,Metropolitan Museum of Art,Q16977139,Vladimir Sheremetev,0,0,PRUNED_BY_ANCESTOR,,0,EXCLUDE,0.95,5,5,Q75329830,Yelena Stroganova,P26,spouse,Metropolitan Museum of Art --owner of--> Crucifixion and Last Judgement diptych --owned by--> Nicholas I of Russia --child--> Grand Duchess Maria Nikolaevna of Russia --child--> Yelena Stroganova --spouse--> Vladimir Sheremetev
row723,Q160236|Q700060,Q160236,Metropolitan Museum of Art,Q700060,Vladimir Paley,0,0,PRUNED_BY_ANCESTOR,,0,EXCLUDE,0.95,5,5,Q372964,Grand Duke Paul Alexandrovich of Russia,P40,child,Metropolitan Museum of Art --owner of--> Crucifixion and Last Judgement diptych --owned by--> Nicholas I of Russia --child--> Alexander II of Russia --child--> Grand Duke Paul Alexandrovich of Russia --child--> Vladimir Paley
row724,Q160236|Q76314389,Q160236,Metropolitan Museum of Art,Q76314389,Vivien Catherine Evelyn Ridley,0,0,EXCLUDE,0.95,0,EXCLUDE,0.95,5,5,Q64485438,"Rosamond Ridley, Viscountess Ridley",P40,child,"Metropolitan Museum of Art --owner of--> Old Age in Search of Youth --owned by--> John Spencer-Churchill, 7th Duke of Marlborough --child--> Cornelia Guest, Baroness Wimborne --child--> Rosamond Ridley, Viscountess Ridley --child--> Vivien Catherine Evelyn Ridley"
row726,Q160236|Q2528876,Q160236,Metropolitan Museum of Art,Q2528876,Vittorio Cini,0,1,INCLUDE,0.9,1,INCLUDE,0.9,5,5,Q3399442,Portrait of Giuliano de' Medici,P127,owned by,Metropolitan Museum of Art --owner of--> The Daughters of Catulle Mendès --owned by--> Wildenstein & Company --owned by--> Georges Wildenstein --owner of--> Portrait of Giuliano de' Medici --owned by--> Vittorio Cini
row730,Q160236|Q3391743,Q160236,Metropolitan Museum of Art,Q3391743,visual artist,0,0,EXCLUDE,0.99,0,EXCLUDE,0.99,5,5,Q289951,Étienne Moreau-Nélaton,P106,occupation,Metropolitan Museum of Art --owner of--> Young man in Mayo costume --owned by--> Édouard Manet --owner of--> La Blonde aux seins nus --owned by--> Étienne Moreau-Nélaton --occupation--> visual artist
row732,Q160236|Q27982855,Q160236,Metropolitan Museum of Art,Q27982855,Visitation,1,1,INCLUDE,0.9,1,INCLUDE,0.9,5,5,Q95569,Kunsthistorisches Museum,P1830,owner of,"Metropolitan Museum of Art --owner of--> Old Age in Search of Youth --owned by--> John Spencer-Churchill, 7th Duke of Marlborough --owner of--> Saint Sebastian --owned by--> Kunsthistorisches Museum --owner of--> Visitation"
row736,Q160236|Q75385956,Q160236,Metropolitan Museum of Art,Q75385956,Violet Spencer-Churchill,0,0,PRUNED_BY_ANCESTOR,,0,EXCLUDE,0.95,5,5,Q24288427,Lord Alfred Spencer-Churchill,P40,child,"Metropolitan Museum of Art --owner of--> Old Age in Search of Youth --owned by--> John Spencer-Churchill, 7th Duke of Marlborough --father--> George Spencer-Churchill, 6th Duke of Marlborough --child--> Lord Alfred Spencer-Churchill --child--> Violet Spencer-Churchill"
row740,Q160236|Q7933233,Q160236,Metropolitan Museum of Art,Q7933233,"Violet Cripps, Baroness Parmoor",0,0,EXCLUDE,0.8,0,EXCLUDE,0.8,5,5,Q1384654,"Hugh Grosvenor, 2nd Duke of Westminster",P26,spouse,"Metropolitan Museum of Art --owner of--> The Daughters of Catulle Mendès --owned by--> Wildenstein & Company --owner of--> Laban Searching for his Stolen Household Gods --owned by--> Hugh Grosvenor, 2nd Duke of Westminster --spouse--> Violet Cripps, Baroness Parmoor"
row745,Q160236|Q2185351,Q160236,Metropolitan Museum of Art,Q2185351,Vincent Willem van Gogh,0,1,INCLUDE,0.95,1,INCLUDE,0.95,5,5,Q2554450,Johanna van Gogh-Bonger,P40,child,Metropolitan Museum of Art --owner of--> Tilla Durieux --owned by--> Paul Cassirer --owner of--> Enclosed Field with Peasant --owned by--> Johanna van Gogh-Bonger --child--> Vincent Willem van Gogh
row749,Q160236|Q102413149,Q160236,Metropolitan Museum of Art,Q102413149,Vincent van Gogh (Uncle Cent),0,1,INCLUDE,0.9,1,INCLUDE,0.9,5,5,Q1960369,Vincent van Gogh,P40,child,Metropolitan Museum of Art --owner of--> The Potato Peeler --owned by--> Vincent van Gogh --father--> Theodorus van Gogh --father--> Vincent van Gogh --child--> Vincent van Gogh (Uncle Cent)
row764,Q160236|Q75534054,Q160236,Metropolitan Museum of Art,Q75534054,unnamed son Pratt,0,0,PRUNED_BY_ANCESTOR,,0,EXCLUDE,0.95,5,5,Q75385967,"Clementina Pratt, Marchioness Camden",P40,child,"Metropolitan Museum of Art --owner of--> Old Age in Search of Youth --owned by--> John Spencer-Churchill, 7th Duke of Marlborough --father--> George Spencer-Churchill, 6th Duke of Marlborough --child--> Clementina Pratt, Marchioness Camden --child--> unnamed son Pratt"
row770,Q160236|Q75883813,Q160236,Metropolitan Museum of Art,Q75883813,unknown son Petty-FitzMaurice,0,0,EXCLUDE,0.95,0,EXCLUDE,0.95,5,5,Q1337618,"Emily Petty-Fitzmaurice, Marchioness of Lansdowne",P40,child,"Metropolitan Museum of Art --owner of--> Portrait of a Man, Said to be Christopher Columbus (born about 1446, died 1506) --owned by--> Charles-Maurice de Talleyrand-Périgord --child--> Charles Joseph, comte de Flahaut --child--> Emily Petty-Fitzmaurice, Marchioness of Lansdowne --child--> unknown son Petty-FitzMaurice"
row771,Q160236|Q76099630,Q160236,Metropolitan Museum of Art,Q76099630,unknown son Grosvenor,0,0,EXCLUDE,0.95,0,EXCLUDE,0.95,5,5,Q333256,"Hugh Grosvenor, 1st Duke of Westminster",P40,child,"Metropolitan Museum of Art --owner of--> The Daughters of Catulle Mendès --owned by--> Wildenstein & Company --owner of--> Laban Searching for his Stolen Household Gods --owned by--> Hugh Grosvenor, 1st Duke of Westminster --child--> unknown son Grosvenor"
row772,Q160236|Q76099629,Q160236,Metropolitan Museum of Art,Q76099629,unknown son Grosvenor,0,0,EXCLUDE,0.95,0,EXCLUDE,0.95,5,5,Q333256,"Hugh Grosvenor, 1st Duke of Westminster",P40,child,"Metropolitan Museum of Art --owner of--> The Daughters of Catulle Mendès --owned by--> Wildenstein & Company --owner of--> Laban Searching for his Stolen Household Gods --owned by--> Hugh Grosvenor, 1st Duke of Westminster --child--> unknown son Grosvenor"
row773,Q160236|Q75953496,Q160236,Metropolitan Museum of Art,Q75953496,unknown daughter Grenfell,0,0,EXCLUDE,0.95,0,EXCLUDE,0.95,5,5,Q75386175,Lady Lillian Spencer-Churchill,P40,child,"Metropolitan Museum of Art --owner of--> Old Age in Search of Youth --owned by--> John Spencer-Churchill, 7th Duke of Marlborough --child--> George Spencer-Churchill, 8th Duke of Marlborough --child--> Lady Lillian Spencer-Churchill --child--> unknown daughter Grenfell"
row774,Q160236|Q75317885,Q160236,Metropolitan Museum of Art,Q75317885,unknown daughter d'Orléans,0,0,PRUNED_BY_ANCESTOR,,0,EXCLUDE,0.95,5,5,Q155596,"Philippe, Duke of Orléans, Regent of France",P40,child,"Metropolitan Museum of Art --owner of--> Portrait of a Man, Said to be Christopher Columbus (born about 1446, died 1506) --owned by--> Charles I Louis, Elector Palatine --child--> Elizabeth Charlotte, Princess Palatine --child--> Philippe, Duke of Orléans, Regent of France --child--> unknown daughter d'Orléans"
row775,Q160236|Q75474000,Q160236,Metropolitan Museum of Art,Q75474000,unknown daughter d'Orléans,0,0,EXCLUDE,0.95,0,EXCLUDE,0.95,5,5,Q311637,"Louis Philippe II, Duke of Orléans",P40,child,"Metropolitan Museum of Art --owner of--> The Harvesters --owned by--> Emperor Rudolf II --owner of--> Venus and Mars --owned by--> Louis Philippe II, Duke of Orléans --child--> unknown daughter d'Orléans"
row776,Q160236|Q75295047,Q160236,Metropolitan Museum of Art,Q75295047,unknown daughter d'Orléans,0,0,PRUNED_BY_ANCESTOR,,0,EXCLUDE,0.95,5,5,Q155596,"Philippe, Duke of Orléans, Regent of France",P40,child,"Metropolitan Museum of Art --owner of--> Portrait of a Man, Said to be Christopher Columbus (born about 1446, died 1506) --owned by--> Charles I Louis, Elector Palatine --child--> Elizabeth Charlotte, Princess Palatine --child--> Philippe, Duke of Orléans, Regent of France --child--> unknown daughter d'Orléans"
row787,Q160236|Q1145552,Q160236,Metropolitan Museum of Art,Q1145552,UbuWeb,0,0,EXCLUDE,0.95,0,EXCLUDE,0.95,5,5,Q767,Stéphane Mallarmé,P1343,described by source,Metropolitan Museum of Art --owner of--> Young man in Mayo costume --owned by--> Édouard Manet --owner of--> Portrait of Stéphane Mallarmé --owned by--> Stéphane Mallarmé --described by source--> UbuWeb
row788,Q160236|Q354034,Q160236,Metropolitan Museum of Art,Q354034,type designer,0,0,EXCLUDE,0.95,0,EXCLUDE,0.95,5,5,Q964608,Lucien Pissarro,P106,occupation,Metropolitan Museum of Art --owner of--> Tilla Durieux --owned by--> Paul Cassirer --owner of--> The Quai Malaquais and the Institute --owned by--> Lucien Pissarro --occupation--> Type Designer
row791,Q160236|Q20010400,Q160236,Metropolitan Museum of Art,Q20010400,"Two women and a child,  'A Mother's Care'",0,0,EXCLUDE,0.85,0,EXCLUDE,0.85,5,5,Q4872,Pushkin Museum of Fine Arts,P1830,owner of,"Metropolitan Museum of Art --owner of--> The Potato Peeler --owned by--> Vincent van Gogh --owner of--> The Night Café in Arles --owned by--> Pushkin Museum of Fine Arts --owner of--> Two women and a child,  'A Mother's Care'"
row792,Q160236|Q17265543,Q160236,Metropolitan Museum of Art,Q17265543,Two Riders on the Beach to the left,1,1,INCLUDE,0.9,1,INCLUDE,0.9,5,5,Q95541,Samuel Fischer,P1830,owner of,Metropolitan Museum of Art --owner of--> Tilla Durieux --owned by--> Paul Cassirer --owner of--> The Quai Malaquais and the Institute --owned by--> Samuel Fischer --owner of--> Two Riders on the Beach to the left
row803,Q160236|Q26221201,Q160236,Metropolitan Museum of Art,Q26221201,Two Diggers among Trees,1,1,INCLUDE,0.95,1,INCLUDE,0.95,5,5,Q104530765,Hugo Nathan,P1830,owner of,Metropolitan Museum of Art --owner of--> The Daughters of Catulle Mendès --owned by--> Wildenstein & Company --owner of--> Lormes:  Goat-Girl Sitting Beside a Stream in a Forest --owned by--> Hugo Nathan --owner of--> Two Diggers among Trees
row809,Q160236|Q27568006,Q160236,Metropolitan Museum of Art,Q27568006,Triptych: Holy Family with Saints Catherine and Barbara,1,0,EXCLUDE,0.85,0,EXCLUDE,0.85,5,5,Q169542,Hamburger Kunsthalle,P1830,owner of,Metropolitan Museum of Art --owner of--> Young man in Mayo costume --owned by--> Jean-Baptiste Faure --owner of--> Portrait of Henri Rochefort --owned by--> Hamburger Kunsthalle --owner of--> Triptych: Holy Family with Saints Catherine and Barbara
row816,Q160236|Q69997425,Q160236,Metropolitan Museum of Art,Q69997425,Tower of Babel,0,0,PRUNED_BY_ANCESTOR,,0,EXCLUDE,0.95,5,5,Q41213,Tower of Babel,P921,main subject,Metropolitan Museum of Art --owner of--> The Harvesters --owned by--> Emperor Rudolf II --owner of--> The Tower of Babel --main subject--> Tower of Babel --main subject--> Tower of Babel
row850,Q160236|Q19429021,Q160236,Metropolitan Museum of Art,Q19429021,Theodor Fischer,1,1,INCLUDE,0.95,1,INCLUDE,0.9,5,5,Q1418856,Fritz Nathan,P3342,significant person,"Metropolitan Museum of Art --owner of--> Portrait of a Man, Said to be Christopher Columbus (born about 1446, died 1506) --owned by--> Georges Petit --owner of--> Source of a Mountain Stream --owned by--> Fritz Nathan --significant person--> Theodor Fischer"
row892,Q160236|Q64212048,Q160236,Metropolitan Museum of Art,Q64212048,The Glade,1,0,EXCLUDE,0.8,0,EXCLUDE,0.8,5,5,Q110491663,Alma Staub-Terlinden,P1830,owner of,Metropolitan Museum of Art --owner of--> The Daughters of Catulle Mendès --owned by--> Wildenstein & Company --owner of--> Woman Sewing before a Garden Window --owned by--> Alma Staub-Terlinden --owner of--> The Glade
row910,Q160236|Q28035859,Q160236,Metropolitan Museum of Art,Q28035859,Still Life with Mangoes and a Hibiscus Flower,1,1,INCLUDE,0.95,1,INCLUDE,0.95,5,5,Q17421944,Justin K. Thannhauser,P1830,owner of,Metropolitan Museum of Art --owner of--> Peasant Woman Cooking by a Fireplace --owned by--> Amédée Schuffenecker --owner of--> Madame Augustine Roulin with Baby --owned by--> Justin K. Thannhauser --owner of--> Still Life with Mangoes and a Hibiscus Flower
row912,Q160236|Q109870350,Q160236,Metropolitan Museum of Art,Q109870350,Spoliation reports from UK museums,1,1,INCLUDE,0.95,1,INCLUDE,0.95,5,5,Q87842429,"Apple, Pear and Orange",P1343,described by source,"Metropolitan Museum of Art --owner of--> Tilla Durieux --owned by--> Bignou Gallery --owned by--> Étienne Bignou --owner of--> Apple, Pear and Orange --described by source--> Spoliation reports from UK museums"
row914,Q160236|Q7560690,Q160236,Metropolitan Museum of Art,Q7560690,Son of Man in Judaism,0,0,PRUNED_BY_ANCESTOR,,0,EXCLUDE,0.95,5,5,Q55185760,'Son of man' as a self-designation of Jesus,P921,main subject,Metropolitan Museum of Art --owner of--> Crucifixion and Last Judgement diptych --main subject--> Crucifixion of Jesus --significant person--> Jesus --described by source--> 'Son of man' as a self-designation of Jesus --main subject--> Son of Man in Judaism
row915,Q160236|Q7560691,Q160236,Metropolitan Museum of Art,Q7560691,Son of man in Christianity,0,0,PRUNED_BY_ANCESTOR,,0,EXCLUDE,0.95,5,5,Q55185760,'Son of man' as a self-designation of Jesus,P921,main subject,Metropolitan Museum of Art --owner of--> Crucifixion and Last Judgement diptych --main subject--> Crucifixion of Jesus --significant person--> Jesus --described by source--> 'Son of man' as a self-designation of Jesus --main subject--> Son of man in Christianity
row923,Q160236|Q62274663,Q160236,Metropolitan Museum of Art,Q62274663,Samuel H. Kress Collection of the National Gallery of Art,1,1,INCLUDE,0.9,1,INCLUDE,0.9,5,5,Q30272990,Samuel H. Kress Foundation,P1830,owner of,Metropolitan Museum of Art --owner of--> Tilla Durieux --owned by--> Walter Feilchenfeldt --owner of--> Landscape with a Ferry --owned by--> Samuel H. Kress Foundation --owner of--> Samuel H. Kress Collection of the National Gallery of Art
row929,Q160236|Q1760539,Q160236,Metropolitan Museum of Art,Q1760539,Saint Louis Art Museum,1,1,INCLUDE,0.85,1,INCLUDE,0.85,5,5,Q78676146,Interior at Nice,P127,owned by,Metropolitan Museum of Art --owner of--> The Daughters of Catulle Mendès --owned by--> M. Knoedler & Co. --significant person--> Theodore Schempp --owner of--> Interior at Nice --owned by--> Saint Louis Art Museum
row940,Q160236|Q104917373,Q160236,Metropolitan Museum of Art,Q104917373,Romantic Painting with Ruins,1,1,INCLUDE,0.95,1,INCLUDE,0.95,5,5,Q47001605,Galerie Fischer,P1830,owner of,"Metropolitan Museum of Art --owner of--> Portrait of a Man, Said to be Christopher Columbus (born about 1446, died 1506) --owned by--> Georges Petit --owner of--> Source of a Mountain Stream --owned by--> Galerie Fischer --owner of--> Romantic Painting with Ruins"
row967,Q160236|Q20074801,Q160236,Metropolitan Museum of Art,Q20074801,Raising the Young Man of Nain,0,0,EXCLUDE,0.9,0,EXCLUDE,0.9,5,5,Q95569,Kunsthistorisches Museum,P1830,owner of,"Metropolitan Museum of Art --owner of--> Old Age in Search of Youth --owned by--> John Spencer-Churchill, 7th Duke of Marlborough --owner of--> Saint Sebastian --owned by--> Kunsthistorisches Museum --owner of--> Raising the Young Man of Nain"
row968,Q160236|Q57666,Q160236,Metropolitan Museum of Art,Q57666,Queen Marie of Romania,0,0,PRUNED_BY_ANCESTOR,,0,EXCLUDE,0.95,5,5,Q158154,Grand Duchess Maria Alexandrovna of Russia,P40,child,Metropolitan Museum of Art --owner of--> Crucifixion and Last Judgement diptych --owned by--> Nicholas I of Russia --child--> Alexander II of Russia --child--> Grand Duchess Maria Alexandrovna of Russia --child--> Queen Marie of Romania
row1026,Q160236|Q1752882,Q160236,Metropolitan Museum of Art,Q1752882,Ploskovice,0,0,PRUNED_BY_ANCESTOR,,0,EXCLUDE,0.95,5,5,Q433395,Anna Maria Franziska of Saxe-Lauenburg,P1830,owner of,"Metropolitan Museum of Art --owner of--> Portrait of a Man, Said to be Christopher Columbus (born about 1446, died 1506) --owned by--> Philip William, Elector Palatine --child--> Philip William August, Count Palatine of Neuburg --spouse--> Anna Maria Franziska of Saxe-Lauenburg --owner of--> Ploskovice"
row1033,Q160236|Q253864,Q160236,Metropolitan Museum of Art,Q253864,Pietro Toesca,0,1,INCLUDE,0.8,1,INCLUDE,0.8,5,5,Q359047,Bernard Berenson,P3342,significant person,Metropolitan Museum of Art --owner of--> Yonker Ramp and his Sweetheart --owned by--> Duveen Galleries --described by source--> Duveen --main subject--> Bernard Berenson --significant person--> Pietro Toesca
row1034,Q160236|Q75581268,Q160236,Metropolitan Museum of Art,Q75581268,"Pietro Primoli di Foglia, Conte Primoli di Foglia",0,0,EXCLUDE,0.95,0,EXCLUDE,0.95,5,5,Q75581265,Charlotte Honorine Joséphine Pauline Bonaparte,P26,spouse,"Metropolitan Museum of Art --owner of--> Terracotta oinochoe: olpe (round-mouthed jug) --owned by--> Lucien Bonaparte --child--> Charles Lucien Bonaparte --child--> Charlotte Honorine Joséphine Pauline Bonaparte --spouse--> Pietro Primoli di Foglia, Conte Primoli di Foglia"
row1035,Q160236|Q57151860,Q160236,Metropolitan Museum of Art,Q57151860,Pieter Reael,0,0,EXCLUDE,0.95,0,EXCLUDE,0.95,5,5,Q111998491,Sara Hinlopen,P40,child,Metropolitan Museum of Art --owner of--> The Visit to the Nursery --owned by--> Jan Jacobszoon Hinlopen --father--> Jacob J. Hinlopen --child--> Sara Hinlopen --child--> Pieter Reael
row1036,Q160236|Q17651291,Q160236,Metropolitan Museum of Art,Q17651291,Pietà,0,1,INCLUDE,0.85,1,INCLUDE,0.85,5,5,Q95569,Kunsthistorisches Museum,P1830,owner of,"Metropolitan Museum of Art --owner of--> Old Age in Search of Youth --owned by--> John Spencer-Churchill, 7th Duke of Marlborough --owner of--> Saint Sebastian --owned by--> Kunsthistorisches Museum --owner of--> Pietà"
row1037,Q160236|Q2871551,Q160236,Metropolitan Museum of Art,Q2871551,Pierre-Suzanne-Augustin Cochin,0,0,EXCLUDE,0.9,0,EXCLUDE,0.9,5,5,Q3023401,Denys Cochin,P22,father,Metropolitan Museum of Art --owner of--> Young man in Mayo costume --owned by--> Paul Durand-Ruel --owner of--> The Card Players --owned by--> Denys Cochin --father--> Pierre-Suzanne-Augustin Cochin
row1045,Q160236|Q2092993,Q160236,Metropolitan Museum of Art,Q2092993,Pierre Ernest Prins,0,0,EXCLUDE,0.95,0,EXCLUDE,0.95,5,5,Q15225248,Fanny Claus,P26,spouse,Metropolitan Museum of Art --owner of--> Young man in Mayo costume --owned by--> Édouard Manet --owner of--> Portrait of Mademoiselle Claus --main subject--> Fanny Claus --spouse--> Pierre Ernest Prins
row1054,Q160236|Q45764132,Q160236,Metropolitan Museum of Art,Q45764132,photography collector,0,0,EXCLUDE,0.99,0,EXCLUDE,0.99,5,5,Q359047,Bernard Berenson,P106,occupation,Metropolitan Museum of Art --owner of--> Yonker Ramp and his Sweetheart --owned by--> Duveen Galleries --described by source--> Duveen --main subject--> Bernard Berenson --occupation--> photography collector
row1063,Q160236|Q2735601,Q160236,Metropolitan Museum of Art,Q2735601,Philippine Élisabeth d'Orléans,0,0,PRUNED_BY_ANCESTOR,,0,EXCLUDE,0.95,5,5,Q155596,"Philippe, Duke of Orléans, Regent of France",P40,child,"Metropolitan Museum of Art --owner of--> Portrait of a Man, Said to be Christopher Columbus (born about 1446, died 1506) --owned by--> Charles I Louis, Elector Palatine --child--> Elizabeth Charlotte, Princess Palatine --child--> Philippe, Duke of Orléans, Regent of France --child--> Philippine Élisabeth d'Orléans"
row1064,Q160236|Q2087497,Q160236,Metropolitan Museum of Art,Q2087497,Philippe-Paul de Ségur,0,0,EXCLUDE,0.9,0,EXCLUDE,0.9,5,5,Q3145775,Hôtel de Brunoy,P127,owned by,Metropolitan Museum of Art --owner of--> The Daughters of Catulle Mendès --owned by--> Maurice de Rothschild --father--> Edmond James de Rothschild --owner of--> Hôtel de Brunoy --owned by--> Philippe-Paul de Ségur
row1067,Q160236|Q76328871,Q160236,Metropolitan Museum of Art,Q76328871,Philipp Wilhelm Graf von Thurn und Taxis,0,0,PRUNED_BY_ANCESTOR,,0,EXCLUDE,0.95,5,5,Q76328870,Violente Theresia Gräfin von Thurn und Taxis,P22,father,"Metropolitan Museum of Art --owner of--> Portrait of a Man, Said to be Christopher Columbus (born about 1446, died 1506) --owned by--> Philip William, Elector Palatine --child--> Charles III Philip, Elector Palatine --spouse--> Violente Theresia Gräfin von Thurn und Taxis --father--> Philipp Wilhelm Graf von Thurn und Taxis"
row1068,Q160236|Q75286670,Q160236,Metropolitan Museum of Art,Q75286670,Philipp von Habsburg,0,0,EXCLUDE,0.95,0,EXCLUDE,0.95,5,5,Q311452,"Albert VII, Archduke of Austria",P40,child,"Metropolitan Museum of Art --owner of--> Armor of Emperor Ferdinand I --owned by--> Ferdinand I, Holy Roman Emperor --child--> Maximilian II, Holy Roman Emperor --child--> Albert VII, Archduke of Austria --child--> Philipp von Habsburg"
row1069,Q160236|Q91763,Q160236,Metropolitan Museum of Art,Q91763,Philipp of Bavaria,0,0,EXCLUDE,0.95,0,EXCLUDE,0.95,5,5,Q60568,"William V, Duke of Bavaria",P40,child,"Metropolitan Museum of Art --owner of--> Portrait of a Man, Said to be Christopher Columbus (born about 1446, died 1506) --owned by--> Wolfgang William, Count Palatine of Neuburg --spouse--> Magdalena De Baviera --father--> William V, Duke of Bavaria --child--> Philipp of Bavaria"
row1072,Q160236|Q170467,Q160236,Metropolitan Museum of Art,Q170467,Philip V of Spain,0,0,EXCLUDE,0.9,0,EXCLUDE,0.9,5,5,Q229867,Elisabeth Farnese,P26,spouse,"Metropolitan Museum of Art --owner of--> Portrait of a Man, Said to be Christopher Columbus (born about 1446, died 1506) --owned by--> Philip William, Elector Palatine --child--> Countess Palatine Dorothea Sophie of Neuburg --child--> Elisabeth Farnese --spouse--> Philip V of Spain"
row1074,Q160236|Q690276,Q160236,Metropolitan Museum of Art,Q690276,"Philip Prospero, Prince of Asturias",0,0,EXCLUDE,0.95,0,EXCLUDE,0.95,5,5,Q691402,Philip IV of Spain,P40,child,"Metropolitan Museum of Art --owner of--> The Harvesters --owned by--> Emperor Rudolf II --owner of--> Hieronymus Bosch tapestry series --owned by--> Philip IV of Spain --child--> Philip Prospero, Prince of Asturias"
row1077,Q160236|Q774992,Q160236,Metropolitan Museum of Art,Q774992,Philip Jeremiah Schuyler,0,0,PRUNED_BY_ANCESTOR,,0,EXCLUDE,0.95,5,5,Q1115886,Philip Schuyler,P40,child,Metropolitan Museum of Art --owner of--> Alexander Hamilton --main subject--> Alexander Hamilton --spouse--> Elizabeth Schuyler Hamilton --father--> Philip Schuyler --child--> Philip Jeremiah Schuyler
row1082,Q160236|Q169319,Q160236,Metropolitan Museum of Art,Q169319,Philip I,0,0,EXCLUDE,0.95,0,EXCLUDE,0.95,5,5,Q459159,Anna of Hesse,P22,father,"Metropolitan Museum of Art --owner of--> Portrait of a Man, Said to be Christopher Columbus (born about 1446, died 1506) --owned by--> Philip Louis, Count Palatine of Neuburg --father--> Wolfgang, Count Palatine of Zweibrücken --spouse--> Anna of Hesse --father--> Philip I"
row1085,Q160236|Q75385969,Q160236,Metropolitan Museum of Art,Q75385969,Philip Green,0,0,PRUNED_BY_ANCESTOR,,0,EXCLUDE,0.95,5,5,Q75385967,"Clementina Pratt, Marchioness Camden",P26,spouse,"Metropolitan Museum of Art --owner of--> Old Age in Search of Youth --owned by--> John Spencer-Churchill, 7th Duke of Marlborough --father--> George Spencer-Churchill, 6th Duke of Marlborough --child--> Clementina Pratt, Marchioness Camden --spouse--> Philip Green"
row1086,Q160236|Q39074069,Q160236,Metropolitan Museum of Art,Q39074069,Philip George Schuyler,0,0,PRUNED_BY_ANCESTOR,,0,EXCLUDE,0.95,5,5,Q97098888,Eliza Hamilton Schuyler,P40,child,Metropolitan Museum of Art --owner of--> Alexander Hamilton --main subject--> Alexander Hamilton --child--> James Alexander Hamilton --child--> Eliza Hamilton Schuyler --child--> Philip George Schuyler
row1088,Q160236|Q75286698,Q160236,Metropolitan Museum of Art,Q75286698,Philip August von Habsburg,0,0,PRUNED_BY_ANCESTOR,,0,EXCLUDE,0.95,5,5,Q150575,"Ferdinand III, Holy Roman Emperor",P40,child,"Metropolitan Museum of Art --owner of--> The Harvesters --owned by--> Archduke Leopold Wilhelm of Austria --father--> Ferdinand II, Holy Roman Emperor --child--> Ferdinand III, Holy Roman Emperor --child--> Philip August von Habsburg"
row1125,Q160236|Q328376,Q160236,Metropolitan Museum of Art,Q328376,Nazi plunder,1,1,INCLUDE,0.95,1,INCLUDE,0.95,5,5,Q42370205,NEPIP,P921,main subject,"Metropolitan Museum of Art --owner of--> Mandora (ca.1420) from Milan?, Italy. MET 64.101.1409 --owned by--> Oscar Bondy --owner of--> St. John the Baptist in the Wilderness --described by source--> NEPIP --main subject--> Nazi plunder"
row1130,Q160236|Q98280619,Q160236,Metropolitan Museum of Art,Q98280619,"Nazi Art Theft: Pissarro's “Le Quai Malaquais, Printemps”",1,1,INCLUDE,0.95,1,INCLUDE,0.95,5,5,Q95541,Samuel Fischer,P1343,described by source,"Metropolitan Museum of Art --owner of--> Tilla Durieux --owned by--> Paul Cassirer --owner of--> The Quai Malaquais and the Institute --owned by--> Samuel Fischer --described by source--> Nazi Art Theft: Pissarro's “Le Quai Malaquais, Printemps”"
row1162,Q160236|Q12713481,Q160236,Metropolitan Museum of Art,Q12713481,laborer,0,0,EXCLUDE,1.0,0,EXCLUDE,1.0,5,5,Q128267,Joseph,P106,occupation,Metropolitan Museum of Art --owner of--> Crucifixion and Last Judgement diptych --main subject--> Crucifixion of Jesus --significant person--> Jesus --father--> Joseph --occupation--> manual worker
row1172,Q160236|Q110356591,Q160236,Metropolitan Museum of Art,Q110356591,Lore Heinemann,1,1,INCLUDE,0.9,1,INCLUDE,0.9,5,5,Q35134777,Rudolf J. Heinemann,P26,spouse,Metropolitan Museum of Art --owner of--> Tilla Durieux --owned by--> Walter Feilchenfeldt --owner of--> Landscape with a Ferry --owned by--> Rudolf J. Heinemann --spouse--> Lore Heinemann
row1179,Q160236|Q18347243,Q160236,Metropolitan Museum of Art,Q18347243,Lefevre Gallery,1,1,INCLUDE,1.0,1,INCLUDE,1.0,5,5,Q64211821,Le Château de Médan,P127,owned by,Metropolitan Museum of Art --owner of--> Tilla Durieux --owned by--> Bignou Gallery --owned by--> Étienne Bignou --owner of--> Le Château de Médan --owned by--> Lefevre Gallery
row1198,Q160236|Q104820943,Q160236,Metropolitan Museum of Art,Q104820943,Jewish Collectors and Art Dealers (Victims of Nazi persecution and expropriation),1,1,INCLUDE,0.95,1,INCLUDE,0.95,5,5,Q1635718,Hugo Simon,P1343,described by source,"Metropolitan Museum of Art --owner of--> Tilla Durieux --owned by--> Bignou Gallery --owner of--> Landscape Near Aix, The Plain of the Arc River --owned by--> Hugo Simon --described by source--> Jewish Collectors and Art Dealers (Victims of Nazi persecution and expropriation)"
row1212,Q160236|Q28848149,Q160236,Metropolitan Museum of Art,Q28848149,J. K. Thannhauser Art Gallery,1,1,INCLUDE,1.0,1,INCLUDE,1.0,5,5,Q17421944,Justin K. Thannhauser,P1830,owner of,Metropolitan Museum of Art --owner of--> Peasant Woman Cooking by a Fireplace --owned by--> Amédée Schuffenecker --owner of--> Madame Augustine Roulin with Baby --owned by--> Justin K. Thannhauser --owner of--> J. K. Thannhauser Art Gallery
row1245,Q160236|Q3776769,Q160236,Metropolitan Museum of Art,Q3776769,Grigory Orlov,0,0,PRUNED_BY_ANCESTOR,,0,EXCLUDE,0.95,5,5,Q540752,Grigory Orlov,P22,father,Metropolitan Museum of Art --owner of--> Crucifixion and Last Judgement diptych --owned by--> Nicholas I of Russia --owner of--> Gatchina Palace --owned by--> Grigory Orlov --father--> Grigory Orlov
row1246,Q160236|Q75329998,Q160236,Metropolitan Museum of Art,Q75329998,Grigory Milashevich,0,0,PRUNED_BY_ANCESTOR,,0,EXCLUDE,0.95,5,5,Q75329830,Yelena Stroganova,P26,spouse,Metropolitan Museum of Art --owner of--> Crucifixion and Last Judgement diptych --owned by--> Nicholas I of Russia --child--> Grand Duchess Maria Nikolaevna of Russia --child--> Yelena Stroganova --spouse--> Grigory Milashevich
row1276,Q160236|Q1090291,Q160236,Metropolitan Museum of Art,Q1090291,"Granville Leveson-Gower, 1st Marquess of Stafford",0,0,EXCLUDE,0.9,0,EXCLUDE,0.9,5,5,Q332722,"George Leveson-Gower, 1st Duke of Sutherland",P22,father,"Metropolitan Museum of Art --owner of--> The Harvesters --owned by--> Emperor Rudolf II --owner of--> Venus and Mars --owned by--> George Leveson-Gower, 1st Duke of Sutherland --father--> Granville Leveson-Gower, 1st Marquess of Stafford"
row1291,Q160236|Q154444,Q160236,Metropolitan Museum of Art,Q154444,Grand Duke Michael Alexandrovich of Russia,0,0,PRUNED_BY_ANCESTOR,,0,EXCLUDE,0.95,5,5,Q120180,Alexander III of Russia,P40,child,Metropolitan Museum of Art --owner of--> Crucifixion and Last Judgement diptych --owned by--> Nicholas I of Russia --child--> Alexander II of Russia --child--> Alexander III of Russia --child--> Grand Duke Michael Alexandrovich of Russia
row1295,Q160236|Q160948,Q160236,Metropolitan Museum of Art,Q160948,Grand Duke Kirill Vladimirovich of Russia,0,0,PRUNED_BY_ANCESTOR,,0,EXCLUDE,0.95,5,5,Q312819,Grand Duke Vladimir Alexandrovich of Russia,P40,child,Metropolitan Museum of Art --owner of--> Crucifixion and Last Judgement diptych --owned by--> Nicholas I of Russia --child--> Alexander II of Russia --child--> Grand Duke Vladimir Alexandrovich of Russia --child--> Grand Duke Kirill Vladimirovich of Russia
row1297,Q160236|Q170293,Q160236,Metropolitan Museum of Art,Q170293,Grand Duke George Alexandrovich of Russia,0,0,PRUNED_BY_ANCESTOR,,0,EXCLUDE,0.95,5,5,Q120180,Alexander III of Russia,P40,child,Metropolitan Museum of Art --owner of--> Crucifixion and Last Judgement diptych --owned by--> Nicholas I of Russia --child--> Alexander II of Russia --child--> Alexander III of Russia --child--> Grand Duke George Alexandrovich of Russia
row1298,Q160236|Q57930,Q160236,Metropolitan Museum of Art,Q57930,"Grand Duke Friedrich Franz IV, Grand Duke of Mecklenburg-Schwerin",0,0,PRUNED_BY_ANCESTOR,,0,EXCLUDE,0.95,5,5,Q232159,Grand Duchess Anastasia Mikhailovna of Russia,P40,child,"Metropolitan Museum of Art --owner of--> Crucifixion and Last Judgement diptych --owned by--> Nicholas I of Russia --child--> Grand Duke Michael Nikolaevich of Russia --child--> Grand Duchess Anastasia Mikhailovna of Russia --child--> Grand Duke Friedrich Franz IV, Grand Duke of Mecklenburg-Schwerin"
row1299,Q160236|Q372954,Q160236,Metropolitan Museum of Art,Q372954,Grand Duke Dmitri Pavlovich of Russia,0,0,PRUNED_BY_ANCESTOR,,0,EXCLUDE,0.95,5,5,Q372964,Grand Duke Paul Alexandrovich of Russia,P40,child,Metropolitan Museum of Art --owner of--> Crucifixion and Last Judgement diptych --owned by--> Nicholas I of Russia --child--> Alexander II of Russia --child--> Grand Duke Paul Alexandrovich of Russia --child--> Grand Duke Dmitri Pavlovich of Russia
row1301,Q160236|Q373048,Q160236,Metropolitan Museum of Art,Q373048,Grand Duke Boris Vladimirovich of Russia,0,0,PRUNED_BY_ANCESTOR,,0,EXCLUDE,0.95,5,5,Q312819,Grand Duke Vladimir Alexandrovich of Russia,P40,child,Metropolitan Museum of Art --owner of--> Crucifixion and Last Judgement diptych --owned by--> Nicholas I of Russia --child--> Alexander II of Russia --child--> Grand Duke Vladimir Alexandrovich of Russia --child--> Grand Duke Boris Vladimirovich of Russia
row1302,Q160236|Q502763,Q160236,Metropolitan Museum of Art,Q502763,Grand Duke Andrei Vladimirovich of Russia,0,0,PRUNED_BY_ANCESTOR,,0,EXCLUDE,0.95,5,5,Q312819,Grand Duke Vladimir Alexandrovich of Russia,P40,child,Metropolitan Museum of Art --owner of--> Crucifixion and Last Judgement diptych --owned by--> Nicholas I of Russia --child--> Alexander II of Russia --child--> Grand Duke Vladimir Alexandrovich of Russia --child--> Grand Duke Andrei Vladimirovich of Russia
row1305,Q160236|Q2834124,Q160236,Metropolitan Museum of Art,Q2834124,Grand Duke Alexander Vladimirovich of Russia,0,0,PRUNED_BY_ANCESTOR,,0,EXCLUDE,0.95,5,5,Q312819,Grand Duke Vladimir Alexandrovich of Russia,P40,child,Metropolitan Museum of Art --owner of--> Crucifixion and Last Judgement diptych --owned by--> Nicholas I of Russia --child--> Alexander II of Russia --child--> Grand Duke Vladimir Alexandrovich of Russia --child--> Grand Duke Alexander Vladimirovich of Russia
row1307,Q160236|Q619068,Q160236,Metropolitan Museum of Art,Q619068,Grand Duke Alexander Alexandrovich of Russia,0,0,PRUNED_BY_ANCESTOR,,0,EXCLUDE,0.95,5,5,Q120180,Alexander III of Russia,P40,child,Metropolitan Museum of Art --owner of--> Crucifixion and Last Judgement diptych --owned by--> Nicholas I of Russia --child--> Alexander II of Russia --child--> Alexander III of Russia --child--> Grand Duke Alexander Alexandrovich of Russia
row1308,Q160236|Q165113,Q160236,Metropolitan Museum of Art,Q165113,Grand Duchess Xenia Alexandrovna of Russia,0,0,PRUNED_BY_ANCESTOR,,0,EXCLUDE,0.95,5,5,Q464626,Grand Duke Alexander Mikhailovich of Russia,P26,spouse,Metropolitan Museum of Art --owner of--> Crucifixion and Last Judgement diptych --owned by--> Nicholas I of Russia --child--> Grand Duke Michael Nikolaevich of Russia --child--> Grand Duke Alexander Mikhailovich of Russia --spouse--> Grand Duchess Xenia Alexandrovna of Russia
row1311,Q160236|Q235438,Q160236,Metropolitan Museum of Art,Q235438,Grand Duchess Maria Pavlovna of Russia,0,0,PRUNED_BY_ANCESTOR,,0,EXCLUDE,0.95,5,5,Q372964,Grand Duke Paul Alexandrovich of Russia,P40,child,Metropolitan Museum of Art --owner of--> Crucifixion and Last Judgement diptych --owned by--> Nicholas I of Russia --child--> Alexander II of Russia --child--> Grand Duke Paul Alexandrovich of Russia --child--> Grand Duchess Maria Pavlovna of Russia
row1313,Q160236|Q2464532,Q160236,Metropolitan Museum of Art,Q2464532,Grand Duchess Maria Mikhailovna of Russia,0,0,PRUNED_BY_ANCESTOR,,0,EXCLUDE,0.95,5,5,Q371731,Grand Duke Michael Pavlovich of Russia,P40,child,Metropolitan Museum of Art --owner of--> Crucifixion and Last Judgement diptych --owned by--> Nicholas I of Russia --father--> Paul I of Russia --child--> Grand Duke Michael Pavlovich of Russia --child--> Grand Duchess Maria Mikhailovna of Russia
row1315,Q160236|Q11768687,Q160236,Metropolitan Museum of Art,Q11768687,Grand Duchess Maria Alexandrovna of Russia,0,0,PRUNED_BY_ANCESTOR,,0,EXCLUDE,0.95,5,5,Q15193,Alexander I of Russia,P40,child,Metropolitan Museum of Art --owner of--> Crucifixion and Last Judgement diptych --owned by--> Nicholas I of Russia --father--> Paul I of Russia --child--> Alexander I of Russia --child--> Grand Duchess Maria Alexandrovna of Russia
row1317,Q160236|Q260550,Q160236,Metropolitan Museum of Art,Q260550,Grand Duchess Elizabeth Mikhailovna of Russia,0,0,PRUNED_BY_ANCESTOR,,0,EXCLUDE,0.95,5,5,Q371731,Grand Duke Michael Pavlovich of Russia,P40,child,Metropolitan Museum of Art --owner of--> Crucifixion and Last Judgement diptych --owned by--> Nicholas I of Russia --father--> Paul I of Russia --child--> Grand Duke Michael Pavlovich of Russia --child--> Grand Duchess Elizabeth Mikhailovna of Russia
row1318,Q160236|Q5594502,Q160236,Metropolitan Museum of Art,Q5594502,Grand Duchess Elizabeth Alexandrovna of Russia,0,0,PRUNED_BY_ANCESTOR,,0,EXCLUDE,0.95,5,5,Q15193,Alexander I of Russia,P40,child,Metropolitan Museum of Art --owner of--> Crucifixion and Last Judgement diptych --owned by--> Nicholas I of Russia --father--> Paul I of Russia --child--> Alexander I of Russia --child--> Grand Duchess Elizabeth Alexandrovna of Russia
row1319,Q160236|Q232483,Q160236,Metropolitan Museum of Art,Q232483,Grand Duchess Elena Vladimirovna of Russia,0,0,PRUNED_BY_ANCESTOR,,0,EXCLUDE,0.95,5,5,Q312819,Grand Duke Vladimir Alexandrovich of Russia,P40,child,Metropolitan Museum of Art --owner of--> Crucifixion and Last Judgement diptych --owned by--> Nicholas I of Russia --child--> Alexander II of Russia --child--> Grand Duke Vladimir Alexandrovich of Russia --child--> Grand Duchess Elena Vladimirovna of Russia
row1321,Q160236|Q166768,Q160236,Metropolitan Museum of Art,Q166768,Grand Duchess Catherine Mikhailovna of Russia,0,0,PRUNED_BY_ANCESTOR,,0,EXCLUDE,0.95,5,5,Q371731,Grand Duke Michael Pavlovich of Russia,P40,child,Metropolitan Museum of Art --owner of--> Crucifixion and Last Judgement diptych --owned by--> Nicholas I of Russia --father--> Paul I of Russia --child--> Grand Duke Michael Pavlovich of Russia --child--> Grand Duchess Catherine Mikhailovna of Russia
row1325,Q160236|Q41450421,Q160236,Metropolitan Museum of Art,Q41450421,Grand Duchess Alexandra Mikhailovna of Russia,0,0,PRUNED_BY_ANCESTOR,,0,EXCLUDE,0.95,5,5,Q371731,Grand Duke Michael Pavlovich of Russia,P40,child,Metropolitan Museum of Art --owner of--> Crucifixion and Last Judgement diptych --owned by--> Nicholas I of Russia --father--> Paul I of Russia --child--> Grand Duke Michael Pavlovich of Russia --child--> Grand Duchess Alexandra Mikhailovna of Russia
row1326,Q160236|Q232728,Q160236,Metropolitan Museum of Art,Q232728,Grand Duchess Alexandra Georgievna of Russia,0,0,PRUNED_BY_ANCESTOR,,0,EXCLUDE,0.95,5,5,Q155178,Olga Constantinovna of Russia,P40,child,Metropolitan Museum of Art --owner of--> Crucifixion and Last Judgement diptych --owned by--> Nicholas I of Russia --child--> Grand Duke Konstantin Nikolayevich of Russia --child--> Olga Constantinovna of Russia --child--> Grand Duchess Alexandra Georgievna of Russia
row1329,Q160236|Q28989,Q160236,Metropolitan Museum of Art,Q28989,graf,0,0,EXCLUDE,0.95,0,EXCLUDE,0.95,5,5,Q71086,"Frederick, Count Palatine of Zweibrücken-Vohenstrauss-Parkstein",P106,occupation,"Metropolitan Museum of Art --owner of--> Portrait of a Man, Said to be Christopher Columbus (born about 1446, died 1506) --owned by--> Philip Louis, Count Palatine of Neuburg --father--> Wolfgang, Count Palatine of Zweibrücken --child--> Frederick, Count Palatine of Zweibrücken-Vohenstrauss-Parkstein --occupation--> graf"
row1340,Q160236|Q298877,Q160236,Metropolitan Museum of Art,Q298877,Giuliano de' Medici,0,0,EXCLUDE,0.9,0,EXCLUDE,0.9,5,5,Q3399442,Portrait of Giuliano de' Medici,P921,main subject,Metropolitan Museum of Art --owner of--> The Daughters of Catulle Mendès --owned by--> Wildenstein & Company --owned by--> Georges Wildenstein --owner of--> Portrait of Giuliano de' Medici --main subject--> Giuliano de' Medici
row1351,Q160236|Q70189,Q160236,Metropolitan Museum of Art,Q70189,"George William, Count Palatine of Zweibrücken-Birkenfeld",0,0,EXCLUDE,0.95,0,EXCLUDE,0.95,5,5,Q66645,"Charles I, Count Palatine of Zweibrücken-Birkenfeld",P40,child,"Metropolitan Museum of Art --owner of--> Portrait of a Man, Said to be Christopher Columbus (born about 1446, died 1506) --owned by--> Philip Louis, Count Palatine of Neuburg --father--> Wolfgang, Count Palatine of Zweibrücken --child--> Charles I, Count Palatine of Zweibrücken-Birkenfeld --child--> George William, Count Palatine of Zweibrücken-Birkenfeld"
row1352,Q160236|Q4210134,Q160236,Metropolitan Museum of Art,Q4210134,George Washington Cullum,0,0,PRUNED_BY_ANCESTOR,,0,EXCLUDE,0.95,5,5,Q101007904,Elizabeth Hamilton Cullum,P26,spouse,Metropolitan Museum of Art --owner of--> Alexander Hamilton --main subject--> Alexander Hamilton --child--> John Church Hamilton --child--> Elizabeth Hamilton Cullum --spouse--> George Washington Cullum
row1353,Q160236|Q47414451,Q160236,Metropolitan Museum of Art,Q47414451,George Washington,0,1,INCLUDE,0.9,1,INCLUDE,0.9,5,5,Q328297,Robert Sterling Clark,P1830,owner of,Metropolitan Museum of Art --owner of--> Tilla Durieux --owned by--> Stephen Carlton Clark --father--> Alfred Corning Clark I --child--> Robert Sterling Clark --owner of--> George Washington
row1354,Q160236|Q334145,Q160236,Metropolitan Museum of Art,Q334145,"George Sutherland-Leveson-Gower, 2nd Duke of Sutherland",0,1,INCLUDE,0.9,1,INCLUDE,0.9,5,5,Q332722,"George Leveson-Gower, 1st Duke of Sutherland",P40,child,"Metropolitan Museum of Art --owner of--> The Harvesters --owned by--> Emperor Rudolf II --owner of--> Venus and Mars --owned by--> George Leveson-Gower, 1st Duke of Sutherland --child--> George Sutherland-Leveson-Gower, 2nd Duke of Sutherland"
row1355,Q160236|Q102421082,Q160236,Metropolitan Museum of Art,Q102421082,George Sullivan Bowdoin,0,0,PRUNED_BY_ANCESTOR,,0,EXCLUDE,0.95,5,5,Q102421085,Frances Bowdoin,P40,child,Metropolitan Museum of Art --owner of--> Alexander Hamilton --main subject--> Alexander Hamilton --child--> James Alexander Hamilton --child--> Frances Bowdoin --child--> George Sullivan Bowdoin
row1356,Q160236|Q5544847,Q160236,Metropolitan Museum of Art,Q5544847,"George Stewart, 8th Earl of Galloway",0,0,PRUNED_BY_ANCESTOR,,0,EXCLUDE,0.95,5,5,Q61750800,Jane Stewart,P22,father,"Metropolitan Museum of Art --owner of--> Old Age in Search of Youth --owned by--> John Spencer-Churchill, 7th Duke of Marlborough --father--> George Spencer-Churchill, 6th Duke of Marlborough --spouse--> Jane Stewart --father--> George Stewart, 8th Earl of Galloway"
row1360,Q160236|Q335825,Q160236,Metropolitan Museum of Art,Q335825,"George Spencer, 4th Duke of Marlborough",0,0,PRUNED_BY_ANCESTOR,,1,INCLUDE,0.9,5,5,Q333347,"George Spencer-Churchill, 5th Duke of Marlborough",P22,father,"Metropolitan Museum of Art --owner of--> Old Age in Search of Youth --owned by--> John Spencer-Churchill, 7th Duke of Marlborough --father--> George Spencer-Churchill, 6th Duke of Marlborough --father--> George Spencer-Churchill, 5th Duke of Marlborough --father--> George Spencer, 4th Duke of Marlborough"
row1363,Q160236|Q901402,Q160236,Metropolitan Museum of Art,Q901402,geographer,0,0,PRUNED_BY_ANCESTOR,,0,EXCLUDE,0.95,5,5,Q721000,Roland Bonaparte,P106,occupation,Metropolitan Museum of Art --owner of--> Terracotta oinochoe: olpe (round-mouthed jug) --owned by--> Lucien Bonaparte --child--> Pierre Napoleon Bonaparte --child--> Roland Bonaparte --occupation--> geographer
row1375,Q160236|Q47035109,Q160236,Metropolitan Museum of Art,Q47035109,Galerie Tanner,1,1,INCLUDE,0.9,1,INCLUDE,0.9,5,5,Q47035126,Gottfried Tanner,P1830,owner of,Metropolitan Museum of Art --owner of--> Tilla Durieux --owned by--> Bignou Gallery --owned by--> Étienne Bignou --significant person--> Gottfried Tanner --owner of--> Galerie Tanner
row1381,Q160236|Q64216457,Q160236,Metropolitan Museum of Art,Q64216457,Galerie Jacques Dubourg,1,1,INCLUDE,0.95,1,INCLUDE,0.95,5,5,Q17177416,Jacques Dubourg,P1830,owner of,Metropolitan Museum of Art --owner of--> The Daughters of Catulle Mendès --owned by--> M. Knoedler & Co. --significant person--> Theodore Schempp --significant person--> Jacques Dubourg --owner of--> Galerie Jacques Dubourg
row1415,Q160236|Q96090141,Q160236,Metropolitan Museum of Art,Q96090141,Franziska Figdor,1,0,PRUNED_BY_ANCESTOR,,0,EXCLUDE,0.9,5,5,Q96090143,Isak Figdor,P40,child,"Metropolitan Museum of Art --owner of--> Mandora (ca.1420) from Milan?, Italy. MET 64.101.1409 --owned by--> Albert Figdor --father--> Ferdinand Joachim Figdor --father--> Isak Figdor --child--> Franziska Figdor"
row1416,Q160236|Q56291714,Q160236,Metropolitan Museum of Art,Q56291714,Franz Kleinberger,1,1,INCLUDE,0.95,1,INCLUDE,0.95,5,5,Q24024925,Kleinberger Galleries,P127,owned by,"Metropolitan Museum of Art --owner of--> Mandora (ca.1420) from Milan?, Italy. MET 64.101.1409 --owned by--> Oscar Bondy --owner of--> The Crucifixion --owned by--> Kleinberger Galleries --owned by--> Franz Kleinberger"
row1448,Q160236|Q157103,Q160236,Metropolitan Museum of Art,Q157103,"Ferdinand IV, King of the Romans",0,0,PRUNED_BY_ANCESTOR,,0,EXCLUDE,0.9,5,5,Q150575,"Ferdinand III, Holy Roman Emperor",P40,child,"Metropolitan Museum of Art --owner of--> The Harvesters --owned by--> Archduke Leopold Wilhelm of Austria --father--> Ferdinand II, Holy Roman Emperor --child--> Ferdinand III, Holy Roman Emperor --child--> Ferdinand IV, King of the Romans"
row1453,Q160236|Q77823005,Q160236,Metropolitan Museum of Art,Q77823005,Federico Napoleone,0,0,EXCLUDE,0.95,0,EXCLUDE,0.95,5,5,Q151083,Elisa Bonaparte,P40,child,Metropolitan Museum of Art --owner of--> Terracotta oinochoe: olpe (round-mouthed jug) --owned by--> Lucien Bonaparte --father--> Carlo Bonaparte --child--> Elisa Bonaparte --child--> Federico Napoleone
row1454,Q160236|Q48525,Q160236,Metropolitan Museum of Art,Q48525,federal government of the United States,0,0,EXCLUDE,0.85,0,EXCLUDE,0.85,5,5,Q3145932,Hôtel de Pontalba,P127,owned by,Metropolitan Museum of Art --owner of--> The Daughters of Catulle Mendès --owned by--> Maurice de Rothschild --father--> Edmond James de Rothschild --owner of--> Hôtel de Pontalba --owned by--> federal government of the United States
row1466,Q160236|Q53563347,Q160236,Metropolitan Museum of Art,Q53563347,Eugene Thaw,1,1,INCLUDE,0.9,1,INCLUDE,0.9,5,5,Q16019235,Stephen Hahn,P3342,significant person,"Metropolitan Museum of Art --owner of--> Portrait of a Man, Said to be Christopher Columbus (born about 1446, died 1506) --owned by--> Georges Petit --owner of--> Source of a Mountain Stream --owned by--> Stephen Hahn --significant person--> Eugene Thaw"
row1488,Q160236|Q860918,Q160236,Metropolitan Museum of Art,Q860918,Esperantist,0,0,PRUNED_BY_ANCESTOR,,0,EXCLUDE,0.98,5,5,Q721000,Roland Bonaparte,P106,occupation,Metropolitan Museum of Art --owner of--> Terracotta oinochoe: olpe (round-mouthed jug) --owned by--> Lucien Bonaparte --child--> Pierre Napoleon Bonaparte --child--> Roland Bonaparte --occupation--> Esperantist
row1489,Q160236|Q1360879,Q160236,Metropolitan Museum of Art,Q1360879,Ernst von Mendelssohn-Bartholdy,1,1,INCLUDE,0.8,1,INCLUDE,0.8,5,5,Q2063433,Paul von Mendelssohn-Bartholdy,P22,father,Metropolitan Museum of Art --owner of--> Tilla Durieux --owned by--> Walter Feilchenfeldt --owner of--> Garçon à la pipe --owned by--> Paul von Mendelssohn-Bartholdy --father--> Ernst von Mendelssohn-Bartholdy
row1506,Q160236|Q3055126,Q160236,Metropolitan Museum of Art,Q3055126,entomologist,0,0,PRUNED_BY_ANCESTOR,,0,EXCLUDE,0.95,5,5,Q535400,Grand Duke Nicholas Mikhailovich of Russia,P106,occupation,Metropolitan Museum of Art --owner of--> Crucifixion and Last Judgement diptych --owned by--> Nicholas I of Russia --child--> Grand Duke Michael Nikolaevich of Russia --child--> Grand Duke Nicholas Mikhailovich of Russia --occupation--> entomologist
row1509,Q160236|Q329439,Q160236,Metropolitan Museum of Art,Q329439,engraver,0,0,EXCLUDE,0.95,0,EXCLUDE,0.95,5,5,Q264193,Émile Bernard,P106,occupation,Metropolitan Museum of Art --owner of--> Peasant Woman Cooking by a Fireplace --owned by--> Amédée Schuffenecker --owner of--> Madame Augustine Roulin with Baby --owned by--> Émile Bernard --occupation--> engraver
row1519,Q160236|Q48968006,Q160236,Metropolitan Museum of Art,Q48968006,encyclopedia.com,0,0,EXCLUDE,0.98,0,EXCLUDE,0.98,5,5,Q9268,Judaism,P1343,described by source,"Metropolitan Museum of Art --owner of--> Portrait of a Man, Said to be Christopher Columbus (born about 1446, died 1506) --main subject--> Christopher Columbus --described by source--> Jewish Encyclopedia of Brockhaus and Efron --main subject--> Judaism --described by source--> encyclopedia.com"
row1520,Q160236|Q753754,Q160236,Metropolitan Museum of Art,Q753754,Encyclopedia Americana,0,0,EXCLUDE,0.98,0,EXCLUDE,0.98,5,5,Q3292106,Laetitia Marie Wyse Bonaparte,P1343,described by source,Metropolitan Museum of Art --owner of--> Terracotta oinochoe: olpe (round-mouthed jug) --owned by--> Lucien Bonaparte --child--> Letitia Christine Bonaparte --child--> Laetitia Marie Wyse Bonaparte --described by source--> Encyclopedia Americana
row1523,Q160236|Q96297,Q160236,Metropolitan Museum of Art,Q96297,Emil Georg Bührle,1,1,INCLUDE,0.95,1,INCLUDE,0.98,5,5,Q1418856,Fritz Nathan,P3342,significant person,"Metropolitan Museum of Art --owner of--> Portrait of a Man, Said to be Christopher Columbus (born about 1446, died 1506) --owned by--> Georges Petit --owner of--> Source of a Mountain Stream --owned by--> Fritz Nathan --significant person--> Emil Georg Bührle"
row1534,Q160236|Q24255440,Q160236,Metropolitan Museum of Art,Q24255440,Eduard Cassirer,1,0,EXCLUDE,0.85,0,EXCLUDE,0.85,5,5,Q21173191,Marcus Cassirer,P40,child,Metropolitan Museum of Art --owner of--> Tilla Durieux --owned by--> Paul Cassirer --father--> Louis Cassirer --father--> Marcus Cassirer --child--> Eduard Cassirer
row1538,Q160236|Q2443913,Q160236,Metropolitan Museum of Art,Q2443913,Édouard Alphonse James de Rothschild,1,1,INCLUDE,0.95,1,INCLUDE,0.95,5,5,Q2494198,Alphonse James de Rothschild,P40,child,"Metropolitan Museum of Art --owner of--> Portrait of a Man, Said to be Christopher Columbus (born about 1446, died 1506) --owned by--> Charles-Maurice de Talleyrand-Périgord --owner of--> Hôtel de Saint-Florentin --owned by--> Alphonse James de Rothschild --child--> Édouard Alphonse James de Rothschild"
row1549,Q160236|Q84798010,Q160236,Metropolitan Museum of Art,Q84798010,Edited By – Women Film Editors,0,0,EXCLUDE,0.98,0,EXCLUDE,0.98,5,5,Q3290731,Marguerite Renoir,P1343,described by source,Metropolitan Museum of Art --owner of--> Tilla Durieux --owned by--> Pierre-Auguste Renoir --child--> Jean Renoir --spouse--> Marguerite Renoir --described by source--> Edited By – Women Film Editors
row1553,Q160236|Q27981616,Q160236,Metropolitan Museum of Art,Q27981616,Ecce Homo,1,1,INCLUDE,0.95,1,INCLUDE,0.95,5,5,Q95569,Kunsthistorisches Museum,P1830,owner of,"Metropolitan Museum of Art --owner of--> Old Age in Search of Youth --owned by--> John Spencer-Churchill, 7th Duke of Marlborough --owner of--> Saint Sebastian --owned by--> Kunsthistorisches Museum --owner of--> Ecce Homo"
row1557,Q160236|Q166886,Q160236,Metropolitan Museum of Art,Q166886,duke,0,0,EXCLUDE,0.98,0,EXCLUDE,0.98,5,5,Q65796,John II,P106,occupation,"Metropolitan Museum of Art --owner of--> Portrait of a Man, Said to be Christopher Columbus (born about 1446, died 1506) --owned by--> Wolfgang William, Count Palatine of Neuburg --spouse--> Catherine Elizabeth Charlotte of Palatinate-Zweibrücken --father--> John II --occupation--> duke"
row1558,Q160236|Q3040048,Q160236,Metropolitan Museum of Art,Q3040048,Drouot,1,1,INCLUDE,0.95,1,INCLUDE,0.95,5,5,Q3145483,Hôtel Drouot,P127,owned by,Metropolitan Museum of Art --owner of--> Young man in Mayo costume --owned by--> Jean-Baptiste Faure --owner of--> The Rose Bushes in the Garden at Montgeron --owned by--> Hôtel Drouot --owned by--> Drouot
row1584,Q160236|Q75328088,Q160236,Metropolitan Museum of Art,Q75328088,Dominique-Alexandre Roman-Fricero,0,0,EXCLUDE,0.98,0,EXCLUDE,0.98,5,5,Q75318498,Alexander Fricero,P40,child,Metropolitan Museum of Art --owner of--> Crucifixion and Last Judgement diptych --owned by--> Nicholas I of Russia --child--> Joséphine Koberwein --child--> Alexander Fricero --child--> Dominique-Alexandre Roman-Fricero
row1594,Q160236|Q1162163,Q160236,Metropolitan Museum of Art,Q1162163,director,0,0,EXCLUDE,0.85,0,EXCLUDE,0.85,5,5,Q18602666,Walter Hofer,P106,occupation,"Metropolitan Museum of Art --owner of--> Portrait of a Man, Said to be Christopher Columbus (born about 1446, died 1506) --owned by--> Georges Petit --owner of--> Source of a Mountain Stream --owned by--> Walter Hofer --occupation--> director"
row1601,Q160236|Q668424,Q160236,Metropolitan Museum of Art,Q668424,"Diego, Prince of Asturias",0,0,EXCLUDE,0.98,0,EXCLUDE,0.98,5,5,Q156657,"Anna of Austria, Queen of Spain",P40,child,"Metropolitan Museum of Art --owner of--> Armor of Emperor Ferdinand I --owned by--> Ferdinand I, Holy Roman Emperor --child--> Maximilian II, Holy Roman Emperor --child--> Anna of Austria, Queen of Spain --child--> Diego, Prince of Asturias"
row1604,Q160236|Q46002746,Q160236,Metropolitan Museum of Art,Q46002746,Dictionary of African Biography,0,0,EXCLUDE,0.98,0,EXCLUDE,0.98,5,5,Q151789,Peter III of Russia,P1343,described by source,Metropolitan Museum of Art --owner of--> Crucifixion and Last Judgement diptych --owned by--> Nicholas I of Russia --father--> Paul I of Russia --father--> Peter III of Russia --described by source--> Dictionary of African Biography
row1615,Q160236|Q110637123,Q160236,Metropolitan Museum of Art,Q110637123,David Katz,1,1,INCLUDE,0.95,1,INCLUDE,0.95,5,5,Q54957503,Kunsthandel D. Katz,P127,owned by,Metropolitan Museum of Art --owner of--> Tilla Durieux --owned by--> Walter Feilchenfeldt --owner of--> Landscape with a Ferry --owned by--> Kunsthandel D. Katz --owned by--> David Katz
row1629,Q160236|Q867510,Q160236,Metropolitan Museum of Art,Q867510,Cypresses,1,1,INCLUDE,0.98,1,INCLUDE,0.98,5,5,Q19502360,Fritz Meyer-Fierz,P1830,owner of,Metropolitan Museum of Art --owner of--> Peasant Woman Cooking by a Fireplace --owned by--> Amédée Schuffenecker --owner of--> Madame Augustine Roulin with Baby --owned by--> Fritz Meyer-Fierz --owner of--> Cypresses
row1641,Q160236|Q6430706,Q160236,Metropolitan Museum of Art,Q6430706,critic,0,0,EXCLUDE,0.98,0,EXCLUDE,0.98,5,5,Q183713,Théophile Gautier,P106,occupation,Metropolitan Museum of Art --owner of--> The Daughters of Catulle Mendès --owned by--> Catulle Mendès --spouse--> Judith Gautier --father--> Théophile Gautier --occupation--> critic
row1645,Q160236|Q60476309,Q160236,Metropolitan Museum of Art,Q60476309,Countess Széchenyi,1,1,INCLUDE,0.9,1,INCLUDE,0.9,5,5,Q1418856,Fritz Nathan,P1830,owner of,"Metropolitan Museum of Art --owner of--> Portrait of a Man, Said to be Christopher Columbus (born about 1446, died 1506) --owned by--> Georges Petit --owner of--> Source of a Mountain Stream --owned by--> Fritz Nathan --owner of--> Countess Széchenyi"
row1646,Q160236|Q22932,Q160236,Metropolitan Museum of Art,Q22932,count palatine,0,0,EXCLUDE,0.98,0,EXCLUDE,0.98,5,5,Q65796,John II,P106,occupation,"Metropolitan Museum of Art --owner of--> Portrait of a Man, Said to be Christopher Columbus (born about 1446, died 1506) --owned by--> Wolfgang William, Count Palatine of Neuburg --spouse--> Catherine Elizabeth Charlotte of Palatinate-Zweibrücken --father--> John II --occupation--> count palatine"
row1650,Q160236|Q94378647,Q160236,Metropolitan Museum of Art,Q94378647,Cornelis Marinus van Gogh,0,0,EXCLUDE,0.9,0,EXCLUDE,0.9,5,5,Q1960369,Vincent van Gogh,P40,child,Metropolitan Museum of Art --owner of--> The Potato Peeler --owned by--> Vincent van Gogh --father--> Theodorus van Gogh --father--> Vincent van Gogh --child--> Cornelis Marinus van Gogh
row1658,Q160236|Q21550489,Q160236,Metropolitan Museum of Art,Q21550489,conceptual artist,0,0,EXCLUDE,0.98,0,EXCLUDE,0.98,5,5,Q657647,Hans Haacke,P106,occupation,Metropolitan Museum of Art --owner of--> Tilla Durieux --owned by--> Paul Cassirer --owner of--> Bunch of Asparagus --main subject--> Hans Haacke --occupation--> conceptual artist
row1669,Q160236|Q1086863,Q160236,Metropolitan Museum of Art,Q1086863,columnist,0,0,EXCLUDE,0.98,0,EXCLUDE,0.98,5,5,Q1343083,Enid A. Haupt,P106,occupation,Metropolitan Museum of Art --owner of--> The Daughters of Catulle Mendès --owned by--> Walter Annenberg --father--> Moses Annenberg --child--> Enid A. Haupt --occupation--> columnist
row1689,Q160236|Q96242105,Q160236,Metropolitan Museum of Art,Q96242105,Clément Jean-Baptiste Manet,0,0,PRUNED_BY_ANCESTOR,,0,EXCLUDE,0.98,5,5,Q96242104,Clément Manet,P22,father,Metropolitan Museum of Art --owner of--> Young man in Mayo costume --owned by--> Édouard Manet --father--> Auguste Manet --father--> Clément Manet --father--> Clément Jean-Baptiste Manet
row1690,Q160236|Q2468727,Q160236,Metropolitan Museum of Art,Q2468727,classical scholar,0,0,EXCLUDE,0.9,0,EXCLUDE,0.9,5,5,Q1960518,Charles Othon Frédéric Jean-Baptiste de Clarac,P106,occupation,"Metropolitan Museum of Art --owner of--> Terracotta oinochoe: olpe (round-mouthed jug) --owned by--> Lucien Bonaparte --owner of--> Musée Saint-Raymond, 26084 --owned by--> Charles Othon Frédéric Jean-Baptiste de Clarac --occupation--> classical scholar"
row1694,Q160236|Q59916588,Q160236,Metropolitan Museum of Art,Q59916588,City of Toulouse,0,1,INCLUDE,0.9,1,INCLUDE,0.9,5,5,Q1376,Musée Saint-Raymond,P127,owned by,"Metropolitan Museum of Art --owner of--> Terracotta oinochoe: olpe (round-mouthed jug) --owned by--> Lucien Bonaparte --owner of--> Musée Saint-Raymond, 26084 --owned by--> Musée Saint-Raymond --owned by--> City of Toulouse"
row1702,Q160236|Q657550,Q160236,Metropolitan Museum of Art,Q657550,Christian I,0,0,EXCLUDE,0.98,0,EXCLUDE,0.98,5,5,Q66645,"Charles I, Count Palatine of Zweibrücken-Birkenfeld",P40,child,"Metropolitan Museum of Art --owner of--> Portrait of a Man, Said to be Christopher Columbus (born about 1446, died 1506) --owned by--> Philip Louis, Count Palatine of Neuburg --father--> Wolfgang, Count Palatine of Zweibrücken --child--> Charles I, Count Palatine of Zweibrücken-Birkenfeld --child--> Christian I"
row1703,Q160236|Q28020362,Q160236,Metropolitan Museum of Art,Q28020362,Christ and the Woman Taken in Adultery,0,1,INCLUDE,0.95,1,INCLUDE,0.95,5,5,Q95569,Kunsthistorisches Museum,P1830,owner of,"Metropolitan Museum of Art --owner of--> Old Age in Search of Youth --owned by--> John Spencer-Churchill, 7th Duke of Marlborough --owner of--> Saint Sebastian --owned by--> Kunsthistorisches Museum --owner of--> Christ and the Woman Taken in Adultery"
row1704,Q160236|Q26722705,Q160236,Metropolitan Museum of Art,Q26722705,Christ and the Woman of Samaria,0,1,INCLUDE,0.9,1,INCLUDE,0.9,5,5,Q95569,Kunsthistorisches Museum,P1830,owner of,"Metropolitan Museum of Art --owner of--> Old Age in Search of Youth --owned by--> John Spencer-Churchill, 7th Duke of Marlborough --owner of--> Saint Sebastian --owned by--> Kunsthistorisches Museum --owner of--> Christ and the Woman of Samaria"
row1705,Q160236|Q27979524,Q160236,Metropolitan Museum of Art,Q27979524,Christ and the Woman of Samaria,0,1,INCLUDE,0.9,1,INCLUDE,0.9,5,5,Q95569,Kunsthistorisches Museum,P1830,owner of,"Metropolitan Museum of Art --owner of--> Old Age in Search of Youth --owned by--> John Spencer-Churchill, 7th Duke of Marlborough --owner of--> Saint Sebastian --owned by--> Kunsthistorisches Museum --owner of--> Christ and the Woman of Samaria"
row1711,Q160236|Q1461848,Q160236,Metropolitan Museum of Art,Q1461848,Château de Ferrières,1,1,INCLUDE,0.85,1,INCLUDE,0.85,5,5,Q2494198,Alphonse James de Rothschild,P1830,owner of,"Metropolitan Museum of Art --owner of--> Portrait of a Man, Said to be Christopher Columbus (born about 1446, died 1506) --owned by--> Charles-Maurice de Talleyrand-Périgord --owner of--> Hôtel de Saint-Florentin --owned by--> Alphonse James de Rothschild --owner of--> Château de Ferrières"
row1713,Q160236|Q262788,Q160236,Metropolitan Museum of Art,Q262788,Charlotte Napoléone Bonaparte,0,0,EXCLUDE,0.95,0,EXCLUDE,0.95,5,5,Q7726,Joseph Bonaparte,P40,child,Metropolitan Museum of Art --owner of--> Terracotta oinochoe: olpe (round-mouthed jug) --owned by--> Lucien Bonaparte --father--> Carlo Bonaparte --child--> Joseph Bonaparte --child--> Charlotte Napoléone Bonaparte
row1716,Q160236|Q56297473,Q160236,Metropolitan Museum of Art,Q56297473,Charles R. Henschel,1,1,INCLUDE,0.95,1,INCLUDE,0.95,5,5,Q35134777,Rudolf J. Heinemann,P3342,significant person,Metropolitan Museum of Art --owner of--> Tilla Durieux --owned by--> Walter Feilchenfeldt --owner of--> Landscape with a Ferry --owned by--> Rudolf J. Heinemann --significant person--> Charles R. Henschel
row1717,Q160236|Q134309,Q160236,Metropolitan Museum of Art,Q134309,Charles IX of France,0,0,EXCLUDE,0.95,0,EXCLUDE,0.95,5,5,Q164512,Elisabeth of Austria,P26,spouse,"Metropolitan Museum of Art --owner of--> Armor of Emperor Ferdinand I --owned by--> Ferdinand I, Holy Roman Emperor --child--> Maximilian II, Holy Roman Emperor --child--> Elisabeth of Austria --spouse--> Charles IX of France"
row1719,Q160236|Q36234,Q160236,Metropolitan Museum of Art,Q36234,Charles III of Spain,0,0,EXCLUDE,0.95,0,EXCLUDE,0.95,5,5,Q229867,Elisabeth Farnese,P40,child,"Metropolitan Museum of Art --owner of--> Portrait of a Man, Said to be Christopher Columbus (born about 1446, died 1506) --owned by--> Philip William, Elector Palatine --child--> Countess Palatine Dorothea Sophie of Neuburg --child--> Elisabeth Farnese --child--> Charles III of Spain"
row1735,Q160236|Q140686,Q160236,Metropolitan Museum of Art,Q140686,chairperson,0,0,EXCLUDE,0.99,0,EXCLUDE,0.99,5,5,Q65059,Hermann Josef Abs,P106,occupation,Metropolitan Museum of Art --owner of--> Tilla Durieux --owned by--> Paul Cassirer --owner of--> Bunch of Asparagus --owned by--> Hermann Josef Abs --occupation--> chairperson
row1740,Q160236|Q235812,Q160236,Metropolitan Museum of Art,Q235812,"Cecilie, Crown Princess of Germany",0,0,PRUNED_BY_ANCESTOR,,0,EXCLUDE,0.95,5,5,Q232159,Grand Duchess Anastasia Mikhailovna of Russia,P40,child,"Metropolitan Museum of Art --owner of--> Crucifixion and Last Judgement diptych --owned by--> Nicholas I of Russia --child--> Grand Duke Michael Nikolaevich of Russia --child--> Grand Duchess Anastasia Mikhailovna of Russia --child--> Cecilie, Crown Princess of Germany"
row1744,Q160236|Q25393460,Q160236,Metropolitan Museum of Art,Q25393460,Catholic deacon,0,0,EXCLUDE,0.99,0,EXCLUDE,0.99,5,5,Q542800,Guillaume Dubois,P106,occupation,Metropolitan Museum of Art --owner of--> The Daughters of Catulle Mendès --owned by--> Wildenstein & Company --owner of--> Portrait of Cardinal Guillaume Dubois --main subject--> Guillaume Dubois --occupation--> Catholic deacon
row1749,Q160236|Q36450,Q160236,Metropolitan Museum of Art,Q36450,Catherine II of Russia,0,0,EXCLUDE,0.9,0,EXCLUDE,0.9,5,5,Q151789,Peter III of Russia,P26,spouse,Metropolitan Museum of Art --owner of--> Crucifixion and Last Judgement diptych --owned by--> Nicholas I of Russia --father--> Paul I of Russia --father--> Peter III of Russia --spouse--> Catherine II of Russia
row1762,Q160236|Q5750314,Q160236,Metropolitan Museum of Art,Q5750314,Carlos Fernando de Austria y Manrique,0,0,EXCLUDE,0.95,0,EXCLUDE,0.95,5,5,Q691402,Philip IV of Spain,P40,child,Metropolitan Museum of Art --owner of--> The Harvesters --owned by--> Emperor Rudolf II --owner of--> Hieronymus Bosch tapestry series --owned by--> Philip IV of Spain --child--> Carlos Fernando de Austria y Manrique
row1765,Q160236|Q222728,Q160236,Metropolitan Museum of Art,Q222728,Carinhall,1,1,INCLUDE,0.95,1,INCLUDE,0.95,5,5,Q47906,Hermann Göring,P1830,owner of,Metropolitan Museum of Art --owner of--> Tilla Durieux --owned by--> Paul Cassirer --owner of--> Portrait of Dr. Gachet --owned by--> Hermann Göring --owner of--> Carinhall
row1790,Q160236|Q66677,Q160236,Metropolitan Museum of Art,Q66677,Bruno Paul,1,0,EXCLUDE,0.8,0,EXCLUDE,0.8,5,5,Q2063433,Paul von Mendelssohn-Bartholdy,P3342,significant person,Metropolitan Museum of Art --owner of--> Tilla Durieux --owned by--> Walter Feilchenfeldt --owner of--> Garçon à la pipe --owned by--> Paul von Mendelssohn-Bartholdy --significant person--> Bruno Paul
row1795,Q160236|Q91618,Q160236,Metropolitan Museum of Art,Q91618,Bruno Cassirer,1,0,PRUNED_BY_ANCESTOR,,1,INCLUDE,0.95,5,5,Q21589753,Else Cassirer,P26,spouse,Metropolitan Museum of Art --owner of--> Tilla Durieux --owned by--> Paul Cassirer --father--> Louis Cassirer --child--> Else Cassirer --spouse--> Bruno Cassirer
row1797,Q160236|Q2374149,Q160236,Metropolitan Museum of Art,Q2374149,botanist,0,0,PRUNED_BY_ANCESTOR,,0,EXCLUDE,0.99,5,5,Q487488,"Anatoly Nikolaievich Demidov, 1st Prince of San Donato",P106,occupation,"Metropolitan Museum of Art --owner of--> Young man in Mayo costume --owned by--> Louisine Havemeyer --owner of--> Portrait of an Old Woman --owned by--> Anatoly Nikolaievich Demidov, 1st Prince of San Donato --occupation--> botanist"
row1801,Q160236|Q998550,Q160236,Metropolitan Museum of Art,Q998550,bookseller,0,0,EXCLUDE,0.99,0,EXCLUDE,0.99,5,5,Q2958183,Charles Louis Fleury Panckoucke,P106,occupation,Metropolitan Museum of Art --owner of--> Terracotta oinochoe: olpe (round-mouthed jug) --owned by--> Lucien Bonaparte --owner of--> Terracotta neck-amphora (jar) with Herakles and a bull --owned by--> Charles Louis Fleury Panckoucke --occupation--> bookseller
row1823,Q160236|Q51037488,Q160236,Metropolitan Museum of Art,Q51037488,Berta Fritsch,1,1,INCLUDE,0.85,1,INCLUDE,0.85,5,5,Q18602666,Walter Hofer,P26,spouse,"Metropolitan Museum of Art --owner of--> Portrait of a Man, Said to be Christopher Columbus (born about 1446, died 1506) --owned by--> Georges Petit --owner of--> Source of a Mountain Stream --owned by--> Walter Hofer --spouse--> Berta Fritsch"
row1827,Q160236|Q98605872,Q160236,Metropolitan Museum of Art,Q98605872,Bernhard Witke,1,1,INCLUDE,0.85,1,INCLUDE,0.85,5,5,Q33315010,Frederick Mont,P3342,significant person,Metropolitan Museum of Art --owner of--> The Potato Peeler --owned by--> Galerie Charpentier --owner of--> The Young Harpist --owned by--> Frederick Mont --significant person--> Bernhard Witke
row1832,Q160236|Q59628896,Q160236,Metropolitan Museum of Art,Q59628896,Bermann Fischer Brigitte,1,1,INCLUDE,0.85,1,INCLUDE,0.85,5,5,Q94763749,Hedwig Fischer,P40,child,Metropolitan Museum of Art --owner of--> Tilla Durieux --owned by--> Paul Cassirer --owner of--> The Quai Malaquais and the Institute --owned by--> Hedwig Fischer --child--> Bermann Fischer Brigitte
row1835,Q160236|Q318815,Q160236,Metropolitan Museum of Art,Q318815,Bergier commission,1,1,INCLUDE,0.99,1,INCLUDE,0.99,5,5,Q47001605,Galerie Fischer,P1840,investigation of,"Metropolitan Museum of Art --owner of--> Portrait of a Man, Said to be Christopher Columbus (born about 1446, died 1506) --owned by--> Georges Petit --owner of--> Source of a Mountain Stream --owned by--> Galerie Fischer --investigation of--> Bergier commission"
row1836,Q160236|Q54957312,Q160236,Metropolitan Museum of Art,Q54957312,Benjamin Katz,1,1,INCLUDE,0.95,1,INCLUDE,0.95,5,5,Q54957503,Kunsthandel D. Katz,P127,owned by,Metropolitan Museum of Art --owner of--> Tilla Durieux --owned by--> Walter Feilchenfeldt --owner of--> Landscape with a Ferry --owned by--> Kunsthandel D. Katz --owned by--> Benjamin Katz
row1841,Q160236|Q30557313,Q160236,Metropolitan Museum of Art,Q30557313,Belle Linsky,1,1,INCLUDE,0.98,1,INCLUDE,0.98,5,5,Q30557116,Jack Linsky,P26,spouse,"Metropolitan Museum of Art --owner of--> Mandora (ca.1420) from Milan?, Italy. MET 64.101.1409 --owned by--> Oscar Bondy --owner of--> The Crucifixion --owned by--> Jack Linsky --spouse--> Belle Linsky"
row1848,Q160236|Q275569,Q160236,Metropolitan Museum of Art,Q275569,Béatrice Ephrussi de Rothschild,1,1,INCLUDE,0.95,1,INCLUDE,0.95,5,5,Q2494198,Alphonse James de Rothschild,P40,child,"Metropolitan Museum of Art --owner of--> Portrait of a Man, Said to be Christopher Columbus (born about 1446, died 1506) --owned by--> Charles-Maurice de Talleyrand-Périgord --owner of--> Hôtel de Saint-Florentin --owned by--> Alphonse James de Rothschild --child--> Béatrice Ephrussi de Rothschild"
row1865,Q160236|Q27978238,Q160236,Metropolitan Museum of Art,Q27978238,Autumn with Moses receiving the Ten Commandments,0,1,INCLUDE,0.99,1,INCLUDE,0.99,5,5,Q95569,Kunsthistorisches Museum,P1830,owner of,"Metropolitan Museum of Art --owner of--> Old Age in Search of Youth --owned by--> John Spencer-Churchill, 7th Duke of Marlborough --owner of--> Saint Sebastian --owned by--> Kunsthistorisches Museum --owner of--> Autumn with Moses receiving the Ten Commandments"
row1872,Q160236|Q75382955,Q160236,Metropolitan Museum of Art,Q75382955,"Artemy Nikolaievich Iskander, Prince Romanovsky-Iskander",0,0,PRUNED_BY_ANCESTOR,,0,EXCLUDE,0.99,5,5,Q706075,Grand Duke Nicholas Constantinovich of Russia,P40,child,"Metropolitan Museum of Art --owner of--> Crucifixion and Last Judgement diptych --owned by--> Nicholas I of Russia --child--> Grand Duke Konstantin Nikolayevich of Russia --child--> Grand Duke Nicholas Constantinovich of Russia --child--> Artemy Nikolaievich Iskander, Prince Romanovsky-Iskander"
row1878,Q160236|Q16741013,Q160236,Metropolitan Museum of Art,Q16741013,art thief,1,1,INCLUDE,0.99,1,INCLUDE,0.99,5,5,Q89582,Bruno Lohse,P106,occupation,Metropolitan Museum of Art --owner of--> Tilla Durieux --owned by--> Paul Cassirer --owner of--> The Quai Malaquais and the Institute --owned by--> Bruno Lohse --occupation--> art thief
row1921,Q160236|Q4164507,Q160236,Metropolitan Museum of Art,Q4164507,art critic,1,1,INCLUDE,0.85,1,INCLUDE,0.85,5,5,Q720216,Théodore Duret,P106,occupation,Metropolitan Museum of Art --owner of--> Young man in Mayo costume --owned by--> Jean-Baptiste Faure --owner of--> A Matador --owned by--> Théodore Duret --occupation--> art critic
row1972,Q160236|Q647419,Q160236,Metropolitan Museum of Art,Q647419,Archduke Karl Joseph of Austria,0,0,PRUNED_BY_ANCESTOR,,0,EXCLUDE,0.99,5,5,Q150575,"Ferdinand III, Holy Roman Emperor",P40,child,"Metropolitan Museum of Art --owner of--> The Harvesters --owned by--> Archduke Leopold Wilhelm of Austria --father--> Ferdinand II, Holy Roman Emperor --child--> Ferdinand III, Holy Roman Emperor --child--> Archduke Karl Joseph of Austria"
row1973,Q160236|Q319764,Q160236,Metropolitan Museum of Art,Q319764,"Archduke Joseph, Palatine of Hungary",0,0,PRUNED_BY_ANCESTOR,,0,EXCLUDE,0.99,5,5,Q233471,Grand Duchess Alexandra Pavlovna of Russia,P26,spouse,"Metropolitan Museum of Art --owner of--> Crucifixion and Last Judgement diptych --owned by--> Nicholas I of Russia --father--> Paul I of Russia --child--> Grand Duchess Alexandra Pavlovna of Russia --spouse--> Archduke Joseph, Palatine of Hungary"
row1990,Q160236|Q187865,Q160236,Metropolitan Museum of Art,Q187865,antiquarian seller,1,1,INCLUDE,0.95,1,INCLUDE,0.95,5,5,Q3159990,Jacques Seligmann,P106,occupation,Metropolitan Museum of Art --owner of--> Terracotta plate --owned by--> William Williams-Hope --owner of--> Hôtel de Monaco --owned by--> Jacques Seligmann --occupation--> antiquarian seller
row1999,Q160236|Q69555013,Q160236,Metropolitan Museum of Art,Q69555013,Andre Schoeller,1,1,INCLUDE,0.95,1,INCLUDE,0.95,5,5,Q47309996,Adolf Wuester,P3342,significant person,Metropolitan Museum of Art --owner of--> Tilla Durieux --owned by--> Bignou Gallery --owned by--> Étienne Bignou --significant person--> Adolf Wuester --significant person--> Andre Schoeller
row2001,Q160236|Q21530090,Q160236,Metropolitan Museum of Art,Q21530090,An Elderly Man in Prayer,1,1,INCLUDE,0.99,1,INCLUDE,0.99,5,5,Q53950502,Pinakos Inc,P1830,owner of,Metropolitan Museum of Art --owner of--> Tilla Durieux --owned by--> Walter Feilchenfeldt --owner of--> Landscape with a Ferry --owned by--> Pinakos Inc --owner of--> An Elderly Man in Prayer
row2019,Q160236|Q18379827,Q160236,Metropolitan Museum of Art,Q18379827,Alexandre Rosenberg,0,1,INCLUDE,0.95,1,INCLUDE,0.95,5,5,Q560643,Paul Rosenberg,P22,father,Metropolitan Museum of Art --owner of--> Young man in Mayo costume --owned by--> Édouard Manet --owner of--> Q18413225 --owned by--> Paul Rosenberg --father--> Alexandre Rosenberg
row2021,Q160236|Q76513772,Q160236,Metropolitan Museum of Art,Q76513772,Alexandre P. Rosenberg,1,1,INCLUDE,0.95,1,INCLUDE,0.95,5,5,Q560643,Paul Rosenberg,P40,child,Metropolitan Museum of Art --owner of--> Young man in Mayo costume --owned by--> Édouard Manet --owner of--> Q18413225 --owned by--> Paul Rosenberg --child--> Alexandre P. Rosenberg
row2024,Q160236|Q507156,Q160236,Metropolitan Museum of Art,Q507156,Alexandre Angélique de Talleyrand-Périgord,0,0,EXCLUDE,0.99,0,EXCLUDE,0.99,5,5,Q19958322,Daniel-Marie Anne de Talleyrand-Périgord,P40,child,"Metropolitan Museum of Art --owner of--> Portrait of a Man, Said to be Christopher Columbus (born about 1446, died 1506) --owned by--> Charles-Maurice de Talleyrand-Périgord --father--> Charles-Daniel de Talleyrand-Périgord --father--> Daniel-Marie Anne de Talleyrand-Périgord --child--> Alexandre Angélique de Talleyrand-Périgord"
row2025,Q160236|Q515770,Q160236,Metropolitan Museum of Art,Q515770,Alexandra Zhukovskaya,0,0,PRUNED_BY_ANCESTOR,,0,EXCLUDE,0.99,5,5,Q315726,Grand Duke Alexei Alexandrovich of Russia,P26,spouse,Metropolitan Museum of Art --owner of--> Crucifixion and Last Judgement diptych --owned by--> Nicholas I of Russia --child--> Alexander II of Russia --child--> Grand Duke Alexei Alexandrovich of Russia --spouse--> Alexandra Zhukovskaya
row2029,Q160236|Q55845962,Q160236,Metropolitan Museum of Art,Q55845962,Alexandra Andreevna Dietrichstein,0,0,EXCLUDE,0.95,0,EXCLUDE,0.95,5,5,Q4527260,Andrey Shuvalov,P40,child,Metropolitan Museum of Art --owner of--> Crucifixion and Last Judgement diptych --owned by--> Nicholas I of Russia --owner of--> Znamenka --owned by--> Andrey Shuvalov --child--> Alexandra Andreevna Dietrichstein
row2030,Q160236|Q2833919,Q160236,Metropolitan Museum of Art,Q2833919,Alexandr Nikolajewitsch Iskander,0,0,PRUNED_BY_ANCESTOR,,0,EXCLUDE,0.95,5,5,Q706075,Grand Duke Nicholas Constantinovich of Russia,P40,child,Metropolitan Museum of Art --owner of--> Crucifixion and Last Judgement diptych --owned by--> Nicholas I of Russia --child--> Grand Duke Konstantin Nikolayevich of Russia --child--> Grand Duke Nicholas Constantinovich of Russia --child--> Alexandr N. Iskander
row2032,Q160236|Q15066958,Q160236,Metropolitan Museum of Art,Q15066958,Alexander Urusov,0,0,EXCLUDE,0.95,0,EXCLUDE,0.95,5,5,Q103843123,Yekaterina Tatishcheva,P26,spouse,Metropolitan Museum of Art --owner of--> Crucifixion and Last Judgement diptych --owned by--> Dmitry Tatishchev --father--> Pavel Tatishchev --child--> Yekaterina Tatishcheva --spouse--> Alexander Urusov
row2033,Q160236|Q2387340,Q160236,Metropolitan Museum of Art,Q2387340,Alexander Stroganov,0,0,PRUNED_BY_ANCESTOR,,0,EXCLUDE,0.95,5,5,Q3116663,Grigori Alexandrovitch Stroganov,P22,father,Metropolitan Museum of Art --owner of--> Crucifixion and Last Judgement diptych --owned by--> Nicholas I of Russia --child--> Grand Duchess Maria Nikolaevna of Russia --spouse--> Grigori Alexandrovitch Stroganov --father--> Alexander Stroganov
row2037,Q160236|Q1519034,Q160236,Metropolitan Museum of Art,Q1519034,Alexander Palace,0,0,PRUNED_BY_ANCESTOR,,0,EXCLUDE,0.9,5,5,Q15193,Alexander I of Russia,P1830,owner of,Metropolitan Museum of Art --owner of--> Crucifixion and Last Judgement diptych --owned by--> Nicholas I of Russia --father--> Paul I of Russia --child--> Alexander I of Russia --owner of--> Alexander Palace
row2039,Q160236|Q75381475,Q160236,Metropolitan Museum of Art,Q75381475,Alexander of Oldenburg,0,0,PRUNED_BY_ANCESTOR,,0,EXCLUDE,0.95,5,5,Q234257,Catherine Pavlovna of Russia,P40,child,Metropolitan Museum of Art --owner of--> Crucifixion and Last Judgement diptych --owned by--> Nicholas I of Russia --father--> Paul I of Russia --child--> Catherine Pavlovna of Russia --child--> Alexander of Oldenburg
row2049,Q160236|Q4719062,Q160236,Metropolitan Museum of Art,Q4719062,Alexander Hamilton,0,0,PRUNED_BY_ANCESTOR,,0,EXCLUDE,0.95,5,5,Q4719061,Alexander Hamilton,P40,child,Metropolitan Museum of Art --owner of--> Alexander Hamilton --main subject--> Alexander Hamilton --child--> John Church Hamilton --child--> Alexander Hamilton --child--> Alexander Hamilton
row2051,Q160236|Q2617314,Q160236,Metropolitan Museum of Art,Q2617314,Alexander Charles Vasa,0,0,EXCLUDE,0.95,0,EXCLUDE,0.95,5,5,Q52940,Sigismund III Vasa,P40,child,"Metropolitan Museum of Art --owner of--> Portrait of a Man, Said to be Christopher Columbus (born about 1446, died 1506) --owned by--> Philip William, Elector Palatine --spouse--> Anna Catherine Constance Vasa --father--> Sigismund III Vasa --child--> Alexander Charles Vasa"
row2052,Q160236|Q4098834,Q160236,Metropolitan Museum of Art,Q4098834,Alexander Bulgakov,0,0,EXCLUDE,0.95,0,EXCLUDE,0.95,5,5,Q101306599,Yekaterina Bulgakova,P22,father,Metropolitan Museum of Art --owner of--> Crucifixion and Last Judgement diptych --owned by--> Dmitry Tatishchev --child--> Pavel Solomirsky --spouse--> Yekaterina Bulgakova --father--> Alexander Bulgakov
row2053,Q160236|Q72922,Q160236,Metropolitan Museum of Art,Q72922,Alexander,0,0,EXCLUDE,0.9,0,EXCLUDE,0.9,5,5,Q65894,"Louis II, Count Palatine of Zweibrücken",P22,father,"Metropolitan Museum of Art --owner of--> Portrait of a Man, Said to be Christopher Columbus (born about 1446, died 1506) --owned by--> Philip Louis, Count Palatine of Neuburg --father--> Wolfgang, Count Palatine of Zweibrücken --father--> Louis II, Count Palatine of Zweibrücken --father--> Alexander"
row2060,Q160236|Q15954519,Q160236,Metropolitan Museum of Art,Q15954519,alchemist,0,0,EXCLUDE,0.95,0,EXCLUDE,0.95,5,5,Q101172,Countess Palatine Barbara of Zweibrücken-Neuburg,P106,occupation,"Metropolitan Museum of Art --owner of--> Portrait of a Man, Said to be Christopher Columbus (born about 1446, died 1506) --owned by--> Philip Louis, Count Palatine of Neuburg --father--> Wolfgang, Count Palatine of Zweibrücken --child--> Countess Palatine Barbara of Zweibrücken-Neuburg --occupation--> alchemist"
row2064,Q160236|Q1970945,Q160236,Metropolitan Museum of Art,Q1970945,Albright-Knox Art Gallery,1,1,INCLUDE,0.95,1,INCLUDE,0.95,5,5,Q78676146,Interior at Nice,P127,owned by,Metropolitan Museum of Art --owner of--> The Daughters of Catulle Mendès --owned by--> M. Knoedler & Co. --significant person--> Theodore Schempp --owner of--> Interior at Nice --owned by--> Albright-Knox Art Gallery
row2068,Q160236|Q75527284,Q160236,Metropolitan Museum of Art,Q75527284,Albert Maximilian von Goldschmidt-Rothschild,1,1,INCLUDE,0.85,1,INCLUDE,0.85,5,5,Q75527283,Miriam Caroline Alexandrine de Rothschild,P26,spouse,Metropolitan Museum of Art --owner of--> The Daughters of Catulle Mendès --owned by--> Maurice de Rothschild --father--> Edmond James de Rothschild --child--> Miriam Caroline Alexandrine de Rothschild --spouse--> Albert Maximilian von Goldschmidt-Rothschild
row2069,Q160236|Q69468,Q160236,Metropolitan Museum of Art,Q69468,"Albert IV, Duke of Saxe-Eisenach",0,0,EXCLUDE,0.95,0,EXCLUDE,0.95,5,5,Q1246330,Dorothea of Saxe-Altenburg,P26,spouse,"Metropolitan Museum of Art --owner of--> Portrait of a Man, Said to be Christopher Columbus (born about 1446, died 1506) --owned by--> Philip Louis, Count Palatine of Neuburg --child--> Countess Palatine Anna Maria of Neuburg --child--> Dorothea of Saxe-Altenburg --spouse--> Albert IV, Duke of Saxe-Eisenach"
row2076,Q160236|Q2095549,Q160236,Metropolitan Museum of Art,Q2095549,aircraft pilot,0,0,EXCLUDE,0.9,0,EXCLUDE,0.9,5,5,Q47906,Hermann Göring,P106,occupation,Metropolitan Museum of Art --owner of--> Tilla Durieux --owned by--> Paul Cassirer --owner of--> Portrait of Dr. Gachet --owned by--> Hermann Göring --occupation--> aircraft pilot
row2106,Q160236|Q13423107,Q160236,Metropolitan Museum of Art,Q13423107,1001 Vrouwen uit de Nederlandse geschiedenis,0,0,EXCLUDE,0.95,0,EXCLUDE,0.95,5,5,Q160800,Anna Pavlovna of Russia,P1343,described by source,Metropolitan Museum of Art --owner of--> Crucifixion and Last Judgement diptych --owned by--> Nicholas I of Russia --father--> Paul I of Russia --child--> Anna Pavlovna of Russia --described by source--> 1001 Vrouwen uit de Nederlandse geschiedenis
row1497,Q1634926|Q131524,Q1634926,Hugo Cassirer,Q131524,entrepreneur,0,0,EXCLUDE,0.9,0,EXCLUDE,0.9,1,1,Q1634926,Hugo Cassirer,P106,occupation,Hugo Cassirer --occupation--> entrepreneur
row1511,Q1634926|Q81096,Q1634926,Hugo Cassirer,Q81096,engineer,0,0,EXCLUDE,0.9,0,EXCLUDE,0.9,1,1,Q1634926,Hugo Cassirer,P106,occupation,Hugo Cassirer --occupation--> engineer
row618,Q1634926|Q40457263,Q1634926,Hugo Cassirer,Q40457263,William A. M. Burden,1,1,INCLUDE,0.98,1,INCLUDE,0.98,2,2,Q63869920,Avenue at Chantilly,P127,owned by,Hugo Cassirer --owner of--> Avenue at Chantilly --owned by--> William A. M. Burden
row1906,Q1634926|Q173950,Q1634926,Hugo Cassirer,Q173950,art dealer,1,1,INCLUDE,0.95,1,INCLUDE,0.95,2,2,Q1484514,Reinhold Cassirer,P106,occupation,Hugo Cassirer --child--> Reinhold Cassirer --occupation--> art dealer
row3,Q1634926|Q36180,Q1634926,Hugo Cassirer,Q36180,writer,0,0,EXCLUDE,0.95,0,EXCLUDE,0.95,3,3,Q47619,Nadine Gordimer,P106,occupation,Hugo Cassirer --child--> Reinhold Cassirer --spouse--> Nadine Gordimer --occupation--> writer
row110,Q1634926|Q5375476,Q1634926,Hugo Cassirer,Q5375476,Enclosed Field with Peasant,1,1,INCLUDE,0.99,1,INCLUDE,0.99,3,3,Q65351,Paul Cassirer,P1830,owner of,Hugo Cassirer --owner of--> Avenue at Chantilly --owned by--> Paul Cassirer --owner of--> Enclosed Field with Peasant
row132,Q1634926|Q49757,Q1634926,Hugo Cassirer,Q49757,poet,0,0,EXCLUDE,0.95,0,EXCLUDE,0.95,3,3,Q47619,Nadine Gordimer,P106,occupation,Hugo Cassirer --child--> Reinhold Cassirer --spouse--> Nadine Gordimer --occupation--> poet
row257,Q1634926|Q99413897,Q1634926,Hugo Cassirer,Q99413897,Medvik,0,0,EXCLUDE,0.9,0,EXCLUDE,0.9,3,3,Q86988,Richard Cassirer,P1343,described by source,Hugo Cassirer --father--> Louis Cassirer --child--> Richard Cassirer --described by source--> Medvik
row292,Q1634926|Q67311526,Q1634926,Hugo Cassirer,Q67311526,Obalky knih.cz,0,0,EXCLUDE,0.95,0,EXCLUDE,0.95,3,3,Q65351,Paul Cassirer,P1343,described by source,Hugo Cassirer --owner of--> Avenue at Chantilly --owned by--> Paul Cassirer --described by source--> Obalky knih.cz
row396,Q1634926|Q46002746,Q1634926,Hugo Cassirer,Q46002746,Dictionary of African Biography,0,0,EXCLUDE,0.95,0,EXCLUDE,0.95,3,3,Q47619,Nadine Gordimer,P1343,described by source,Hugo Cassirer --child--> Reinhold Cassirer --spouse--> Nadine Gordimer --described by source--> Dictionary of African Biography
row412,Q1634926|Q78662681,Q1634926,Hugo Cassirer,Q78662681,Composition of Red and White: Nom 1/Composition No....,1,1,INCLUDE,0.99,1,INCLUDE,0.99,3,3,Q40457263,William A. M. Burden,P1830,owner of,Hugo Cassirer --owner of--> Avenue at Chantilly --owned by--> William A. M. Burden --owner of--> Composition of Red and White: Nom 1/Composition No....
row645,Q1634926|Q104694359,Q1634926,Hugo Cassirer,Q104694359,WikiProject PCC Wikidata Pilot/Frick Art Reference Library,0,1,INCLUDE,0.85,1,INCLUDE,0.85,3,3,Q7710610,Thannhauser Galleries,P5008,on focus list of Wikimedia project,Hugo Cassirer --owner of--> Avenue at Chantilly --owned by--> Thannhauser Galleries --on focus list of Wikimedia project--> WikiProject PCC Wikidata Pilot/Frick Art Reference Library
row777,Q1634926|Q1622272,Q1634926,Hugo Cassirer,Q1622272,university teacher,0,0,EXCLUDE,0.95,0,EXCLUDE,0.95,3,3,Q86988,Richard Cassirer,P106,occupation,Hugo Cassirer --father--> Louis Cassirer --child--> Richard Cassirer --occupation--> university teacher
row819,Q1634926|Q1321055,Q1634926,Hugo Cassirer,Q1321055,Tilla Durieux,1,1,INCLUDE,0.99,1,INCLUDE,0.99,3,3,Q65351,Paul Cassirer,P1830,owner of,Hugo Cassirer --owner of--> Avenue at Chantilly --owned by--> Paul Cassirer --owner of--> Tilla Durieux
row820,Q1634926|Q78793,Q1634926,Hugo Cassirer,Q78793,Tilla Durieux,1,1,INCLUDE,0.9,1,INCLUDE,0.9,3,3,Q65351,Paul Cassirer,P26,spouse,Hugo Cassirer --owner of--> Avenue at Chantilly --owned by--> Paul Cassirer --spouse--> Tilla Durieux
row870,Q1634926|Q1810348,Q1634926,Hugo Cassirer,Q1810348,The Quai Malaquais and the Institute,1,1,INCLUDE,0.99,1,INCLUDE,0.99,3,3,Q65351,Paul Cassirer,P1830,owner of,Hugo Cassirer --owner of--> Avenue at Chantilly --owned by--> Paul Cassirer --owner of--> The Quai Malaquais and the Institute
row1027,Q1634926|Q214917,Q1634926,Hugo Cassirer,Q214917,playwright,0,0,EXCLUDE,0.95,0,EXCLUDE,0.95,3,3,Q47619,Nadine Gordimer,P106,occupation,Hugo Cassirer --child--> Reinhold Cassirer --spouse--> Nadine Gordimer --occupation--> playwright
row1106,Q1634926|Q78060740,Q1634926,Hugo Cassirer,Q78060740,Paul Cassirer Gallery,1,1,INCLUDE,0.98,1,INCLUDE,0.98,3,3,Q65351,Paul Cassirer,P1830,owner of,Hugo Cassirer --owner of--> Avenue at Chantilly --owned by--> Paul Cassirer --owner of--> Paul Cassirer Gallery
row1426,Q1634926|Q1414443,Q1634926,Hugo Cassirer,Q1414443,filmmaker,0,0,EXCLUDE,0.95,0,EXCLUDE,0.95,3,3,Q21175657,Hugo Cassirer,P106,occupation,Hugo Cassirer --child--> Reinhold Cassirer --child--> Hugo Cassirer --occupation--> filmmaker
row1533,Q1634926|Q24255440,Q1634926,Hugo Cassirer,Q24255440,Eduard Cassirer,1,0,EXCLUDE,0.9,0,EXCLUDE,0.9,3,3,Q21173191,Marcus Cassirer,P40,child,Hugo Cassirer --father--> Louis Cassirer --father--> Marcus Cassirer --child--> Eduard Cassirer
row1769,Q1634926|Q43845,Q1634926,Hugo Cassirer,Q43845,businessperson,0,0,EXCLUDE,0.85,0,EXCLUDE,0.85,3,3,Q40457263,William A. M. Burden,P106,occupation,Hugo Cassirer --owner of--> Avenue at Chantilly --owned by--> William A. M. Burden --occupation--> businessperson
row1783,Q1634926|Q18223037,Q1634926,Hugo Cassirer,Q18223037,Bunch of Asparagus,1,1,INCLUDE,0.99,1,INCLUDE,0.99,3,3,Q65351,Paul Cassirer,P1830,owner of,Hugo Cassirer --owner of--> Avenue at Chantilly --owned by--> Paul Cassirer --owner of--> Bunch of Asparagus
row1925,Q1634926|Q10732476,Q1634926,Hugo Cassirer,Q10732476,art collector,1,1,INCLUDE,0.95,1,INCLUDE,0.95,3,3,Q110486725,Charlotte (Lotte) Fürstenberg-Cassirer,P106,occupation,Hugo Cassirer --owner of--> Avenue at Chantilly --owned by--> Charlotte (Lotte) Fürstenberg-Cassirer --occupation--> art collector
row103,Q1634926|Q95541,Q1634926,Hugo Cassirer,Q95541,Samuel Fischer,1,1,INCLUDE,0.98,1,INCLUDE,0.98,4,4,Q1810348,The Quai Malaquais and the Institute,P127,owned by,Hugo Cassirer --owner of--> Avenue at Chantilly --owned by--> Paul Cassirer --owner of--> The Quai Malaquais and the Institute --owned by--> Samuel Fischer
row142,Q1634926|Q1768721,Q1634926,Hugo Cassirer,Q1768721,Gujin Tushu Jicheng,0,0,PRUNED_BY_ANCESTOR,,0,EXCLUDE,0.95,4,4,Q43845,businessperson,P1343,described by source,Hugo Cassirer --owner of--> Avenue at Chantilly --owned by--> William A. M. Burden --occupation--> businessperson --described by source--> Gujin Tushu Jicheng
row146,Q1634926|Q104601081,Q1634926,Hugo Cassirer,Q104601081,Österreichische Schriftstellerinnen 1880–1938,0,0,EXCLUDE,0.9,0,EXCLUDE,0.9,4,4,Q78793,Tilla Durieux,P1343,described by source,Hugo Cassirer --owner of--> Avenue at Chantilly --owned by--> Paul Cassirer --spouse--> Tilla Durieux --described by source--> Österreichische Schriftstellerinnen 1880–1938
row224,Q1634926|Q964608,Q1634926,Hugo Cassirer,Q964608,Lucien Pissarro,1,1,INCLUDE,0.95,1,INCLUDE,0.95,4,4,Q1810348,The Quai Malaquais and the Institute,P127,owned by,Hugo Cassirer --owner of--> Avenue at Chantilly --owned by--> Paul Cassirer --owner of--> The Quai Malaquais and the Institute --owned by--> Lucien Pissarro
row280,Q1634926|Q94763749,Q1634926,Hugo Cassirer,Q94763749,Hedwig Fischer,1,1,INCLUDE,0.95,1,INCLUDE,0.95,4,4,Q1810348,The Quai Malaquais and the Institute,P127,owned by,Hugo Cassirer --owner of--> Avenue at Chantilly --owned by--> Paul Cassirer --owner of--> The Quai Malaquais and the Institute --owned by--> Hedwig Fischer
row281,Q1634926|Q21171699,Q1634926,Hugo Cassirer,Q21171699,Hedwig Cassirer,1,0,EXCLUDE,0.95,0,EXCLUDE,0.95,4,4,Q1912361,Max Cassirer,P26,spouse,Hugo Cassirer --father--> Louis Cassirer --father--> Marcus Cassirer --child--> Max Cassirer --spouse--> Hedwig Cassirer
row359,Q1634926|Q3059832,Q1634926,Hugo Cassirer,Q3059832,Eugène Druet,1,1,INCLUDE,0.95,1,INCLUDE,0.95,4,4,Q17023940,Portrait of Dr. Gachet,P127,owned by,Hugo Cassirer --owner of--> Avenue at Chantilly --owned by--> Paul Cassirer --owner of--> Portrait of Dr. Gachet --owned by--> Eugène Druet
row448,Q1634926|Q91618,Q1634926,Hugo Cassirer,Q91618,Bruno Cassirer,1,0,PRUNED_BY_ANCESTOR,,1,INCLUDE,0.85,4,4,,,,,
row472,Q1634926|Q98281053,Q1634926,Hugo Cassirer,Q98281053,biografiA: Lexikon österreichischer Frauen,0,0,EXCLUDE,0.9,0,EXCLUDE,0.9,4,4,Q78793,Tilla Durieux,P1343,described by source,Hugo Cassirer --owner of--> Avenue at Chantilly --owned by--> Paul Cassirer --spouse--> Tilla Durieux --described by source--> biografiA: Lexikon österreichischer Frauen
row501,Q1634926|Q2657718,Q1634926,Hugo Cassirer,Q2657718,Armenian Soviet Encyclopedia,0,0,EXCLUDE,0.95,0,EXCLUDE,0.95,4,4,Q6625963,novelist,P1343,described by source,Hugo Cassirer --child--> Reinhold Cassirer --spouse--> Nadine Gordimer --occupation--> novelist --described by source--> Armenian Soviet Encyclopedia
row703,Q1634926|Q2544162,Q1634926,Hugo Cassirer,Q2544162,Walter Feilchenfeldt,1,1,INCLUDE,0.95,1,INCLUDE,0.95,4,4,Q1321055,Tilla Durieux,P127,owned by,Hugo Cassirer --owner of--> Avenue at Chantilly --owned by--> Paul Cassirer --owner of--> Tilla Durieux --owned by--> Walter Feilchenfeldt
row906,Q1634926|Q28035859,Q1634926,Hugo Cassirer,Q28035859,Still Life with Mangoes and a Hibiscus Flower,1,1,INCLUDE,0.95,1,INCLUDE,0.95,4,4,Q17421944,Justin K. Thannhauser,P1830,owner of,Hugo Cassirer --owner of--> Avenue at Chantilly --owned by--> Thannhauser Galleries --owned by--> Justin K. Thannhauser --owner of--> Still Life with Mangoes and a Hibiscus Flower
row1039,Q1634926|Q39931,Q1634926,Hugo Cassirer,Q39931,Pierre-Auguste Renoir,1,1,INCLUDE,0.95,1,INCLUDE,0.95,4,4,Q1321055,Tilla Durieux,P127,owned by,Hugo Cassirer --owner of--> Avenue at Chantilly --owned by--> Paul Cassirer --owner of--> Tilla Durieux --owned by--> Pierre-Auguste Renoir
row1089,Q1634926|Q12362622,Q1634926,Hugo Cassirer,Q12362622,philanthropist,0,0,EXCLUDE,0.9,0,EXCLUDE,0.9,4,4,Q105082717,Margaret L. P. Burden,P106,occupation,Hugo Cassirer --owner of--> Avenue at Chantilly --owned by--> William A. M. Burden --spouse--> Margaret L. P. Burden --occupation--> philanthropist
row1131,Q1634926|Q7320,Q1634926,Hugo Cassirer,Q7320,Nazi Party,1,1,INCLUDE,0.85,1,INCLUDE,0.85,4,4,Q1810348,The Quai Malaquais and the Institute,P127,owned by,Hugo Cassirer --owner of--> Avenue at Chantilly --owned by--> Paul Cassirer --owner of--> The Quai Malaquais and the Institute --owned by--> National Socialist German Workers' Party
row1143,Q1634926|Q125634,Q1634926,Hugo Cassirer,Q125634,Museum Folkwang,1,1,INCLUDE,0.95,1,INCLUDE,0.95,4,4,Q2783729,Lise with Umbrella,P127,owned by,Hugo Cassirer --owner of--> Avenue at Chantilly --owned by--> Paul Cassirer --owner of--> Lise with Umbrella --owned by--> Museum Folkwang
row1149,Q1634926|Q160236,Q1634926,Hugo Cassirer,Q160236,Metropolitan Museum of Art,1,1,INCLUDE,0.95,1,INCLUDE,0.95,4,4,Q1321055,Tilla Durieux,P127,owned by,Hugo Cassirer --owner of--> Avenue at Chantilly --owned by--> Paul Cassirer --owner of--> Tilla Durieux --owned by--> Metropolitan Museum of Art
row1208,Q1634926|Q28848149,Q1634926,Hugo Cassirer,Q28848149,J. K. Thannhauser Art Gallery,1,1,INCLUDE,0.95,1,INCLUDE,0.95,4,4,Q17421944,Justin K. Thannhauser,P1830,owner of,Hugo Cassirer --owner of--> Avenue at Chantilly --owned by--> Thannhauser Galleries --owned by--> Justin K. Thannhauser --owner of--> J. K. Thannhauser Art Gallery
row1224,Q1634926|Q65059,Q1634926,Hugo Cassirer,Q65059,Hermann Josef Abs,1,1,INCLUDE,0.95,1,INCLUDE,0.95,4,4,Q18223037,Bunch of Asparagus,P127,owned by,Hugo Cassirer --owner of--> Avenue at Chantilly --owned by--> Paul Cassirer --owner of--> Bunch of Asparagus --owned by--> Hermann Josef Abs
row1227,Q1634926|Q47906,Q1634926,Hugo Cassirer,Q47906,Hermann Göring,1,1,INCLUDE,0.95,1,INCLUDE,0.95,4,4,Q17023940,Portrait of Dr. Gachet,P127,owned by,Hugo Cassirer --owner of--> Avenue at Chantilly --owned by--> Paul Cassirer --owner of--> Portrait of Dr. Gachet --owned by--> Hermann Göring
row1336,Q1634926|Q97753,Q1634926,Hugo Cassirer,Q97753,Gottfried Bermann,1,1,INCLUDE,0.95,1,INCLUDE,0.95,4,4,Q1810348,The Quai Malaquais and the Institute,P127,owned by,Hugo Cassirer --owner of--> Avenue at Chantilly --owned by--> Paul Cassirer --owner of--> The Quai Malaquais and the Institute --owned by--> Gottfried Bermann
row1341,Q1634926|Q40023372,Q1634926,Hugo Cassirer,Q40023372,Gisela Fischer,1,1,INCLUDE,0.95,1,INCLUDE,0.95,4,4,Q1810348,The Quai Malaquais and the Institute,P127,owned by,Hugo Cassirer --owner of--> Avenue at Chantilly --owned by--> Paul Cassirer --owner of--> The Quai Malaquais and the Institute --owned by--> Gisela Fischer
row1436,Q1634926|Q10800557,Q1634926,Hugo Cassirer,Q10800557,film actor,0,0,EXCLUDE,0.9,0,EXCLUDE,0.9,4,4,Q78793,Tilla Durieux,P106,occupation,Hugo Cassirer --owner of--> Avenue at Chantilly --owned by--> Paul Cassirer --spouse--> Tilla Durieux --occupation--> film actor
row1490,Q1634926|Q57188,Q1634926,Hugo Cassirer,Q57188,Ernst Cassirer,1,0,PRUNED_BY_ANCESTOR,,0,EXCLUDE,0.95,4,4,Q24255440,Eduard Cassirer,P40,child,Hugo Cassirer --father--> Louis Cassirer --father--> Marcus Cassirer --child--> Eduard Cassirer --child--> Ernst Cassirer
row1493,Q1634926|Q2894644,Q1634926,Hugo Cassirer,Q2894644,Ephrussi family,1,1,INCLUDE,0.95,1,INCLUDE,0.95,4,4,Q18223037,Bunch of Asparagus,P127,owned by,Hugo Cassirer --owner of--> Avenue at Chantilly --owned by--> Paul Cassirer --owner of--> Bunch of Asparagus --owned by--> Ephrussi family
row1609,Q1634926|Q27349,Q1634926,Hugo Cassirer,Q27349,dentist,0,0,EXCLUDE,0.95,0,EXCLUDE,0.95,4,4,Q21590407,Gerald Gavron,P106,occupation,Hugo Cassirer --child--> Reinhold Cassirer --spouse--> Nadine Gordimer --spouse--> Gerald Gavron --occupation--> dentist
row1633,Q1634926|Q674426,Q1634926,Hugo Cassirer,Q674426,curator,1,0,EXCLUDE,0.9,0,EXCLUDE,0.9,4,4,Q21175705,Sarah Cassirer,P106,occupation,Hugo Cassirer --child--> Reinhold Cassirer --child--> Hugo Cassirer --spouse--> Sarah Cassirer --occupation--> curator
row1792,Q1634926|Q89582,Q1634926,Hugo Cassirer,Q89582,Bruno Lohse,1,1,INCLUDE,0.98,1,INCLUDE,0.98,4,4,Q1810348,The Quai Malaquais and the Institute,P127,owned by,Hugo Cassirer --owner of--> Avenue at Chantilly --owned by--> Paul Cassirer --owner of--> The Quai Malaquais and the Institute --owned by--> Bruno Lohse
row1811,Q1634926|Q15619234,Q1634926,Hugo Cassirer,Q15619234,Bignou Gallery,1,1,INCLUDE,0.98,1,INCLUDE,0.98,4,4,Q1321055,Tilla Durieux,P127,owned by,Hugo Cassirer --owner of--> Avenue at Chantilly --owned by--> Paul Cassirer --owner of--> Tilla Durieux --owned by--> Bignou Gallery
row2084,Q1634926|Q33999,Q1634926,Hugo Cassirer,Q33999,actor,0,0,EXCLUDE,0.9,0,EXCLUDE,0.9,4,4,Q78793,Tilla Durieux,P106,occupation,Hugo Cassirer --owner of--> Avenue at Chantilly --owned by--> Paul Cassirer --spouse--> Tilla Durieux --occupation--> actor
row1,Q1634926|Q17355822,Q1634926,Hugo Cassirer,Q17355822,Yonker Ramp and his Sweetheart,0,0,EXCLUDE,0.85,0,EXCLUDE,0.85,5,5,Q160236,Metropolitan Museum of Art,P1830,owner of,Hugo Cassirer --owner of--> Avenue at Chantilly --owned by--> Paul Cassirer --owner of--> Tilla Durieux --owned by--> Metropolitan Museum of Art --owner of--> Yonker Ramp and his Sweetheart
row29,Q1634926|Q68074438,Q1634926,Hugo Cassirer,Q68074438,WikiProject Livius,0,0,EXCLUDE,0.99,0,EXCLUDE,0.99,5,5,Q160236,Metropolitan Museum of Art,P5008,on focus list of Wikimedia project,Hugo Cassirer --owner of--> Avenue at Chantilly --owned by--> Paul Cassirer --owner of--> Tilla Durieux --owned by--> Metropolitan Museum of Art --on focus list of Wikimedia project--> WikiProject Livius
row45,Q1634926|Q19924921,Q1634926,Hugo Cassirer,Q19924921,Alexander Hamilton,0,0,EXCLUDE,0.85,0,EXCLUDE,0.85,5,5,Q160236,Metropolitan Museum of Art,P1830,owner of,Hugo Cassirer --owner of--> Avenue at Chantilly --owned by--> Paul Cassirer --owner of--> Tilla Durieux --owned by--> Metropolitan Museum of Art --owner of--> Alexander Hamilton
row64,Q1634926|Q20167246,Q1634926,Hugo Cassirer,Q20167246,The Potato Peeler,1,0,EXCLUDE,0.85,0,EXCLUDE,0.85,5,5,Q160236,Metropolitan Museum of Art,P1830,owner of,Hugo Cassirer --owner of--> Avenue at Chantilly --owned by--> Paul Cassirer --owner of--> Tilla Durieux --owned by--> Metropolitan Museum of Art --owner of--> The Potato Peeler
row66,Q1634926|Q3181656,Q1634926,Hugo Cassirer,Q3181656,The Nuttall Encyclopædia,0,0,EXCLUDE,0.98,0,EXCLUDE,0.98,5,5,Q642060,Henri Rochefort,P1343,described by source,Hugo Cassirer --owner of--> Avenue at Chantilly --owned by--> Paul Cassirer --owner of--> Portrait of Henri Rochefort --main subject--> Henri Rochefort --described by source--> The Nuttall Encyclopædia
row95,Q1634926|Q36834,Q1634926,Hugo Cassirer,Q36834,composer,0,0,EXCLUDE,0.9,0,EXCLUDE,0.9,5,5,Q320464,Jean-Baptiste Faure,P106,occupation,Hugo Cassirer --owner of--> Avenue at Chantilly --owned by--> Paul Cassirer --owner of--> Portrait of Henri Rochefort --owned by--> Jean-Baptiste Faure --occupation--> composer
row96,Q1634926|Q158852,Q1634926,Hugo Cassirer,Q158852,conductor,0,0,EXCLUDE,0.95,0,EXCLUDE,0.95,5,5,Q3374628,Fritz Cassirer,P106,occupation,Hugo Cassirer --father--> Louis Cassirer --father--> Marcus Cassirer --child--> Julius Cassirer --child--> Fritz Cassirer --occupation--> conductor
row114,Q1634926|Q17813915,Q1634926,Hugo Cassirer,Q17813915,Portrait of Petrus Scriverius,0,0,EXCLUDE,0.85,0,EXCLUDE,0.85,5,5,Q160236,Metropolitan Museum of Art,P1830,owner of,Hugo Cassirer --owner of--> Avenue at Chantilly --owned by--> Paul Cassirer --owner of--> Tilla Durieux --owned by--> Metropolitan Museum of Art --owner of--> Portrait of Petrus Scriverius
row119,Q1634926|Q17815340,Q1634926,Hugo Cassirer,Q17815340,Portrait of Anna van der Aar,0,0,EXCLUDE,0.85,0,EXCLUDE,0.85,5,5,Q160236,Metropolitan Museum of Art,P1830,owner of,Hugo Cassirer --owner of--> Avenue at Chantilly --owned by--> Paul Cassirer --owner of--> Tilla Durieux --owned by--> Metropolitan Museum of Art --owner of--> Portrait of Anna van der Aar
row125,Q1634926|Q3937681,Q1634926,Hugo Cassirer,Q3937681,Portrait of a Woman with a Man at a Casement,0,0,EXCLUDE,0.85,0,EXCLUDE,0.85,5,5,Q160236,Metropolitan Museum of Art,P1830,owner of,Hugo Cassirer --owner of--> Avenue at Chantilly --owned by--> Paul Cassirer --owner of--> Tilla Durieux --owned by--> Metropolitan Museum of Art --owner of--> Portrait of a Woman with a Man at a Casement
row128,Q1634926|Q19911671,Q1634926,Hugo Cassirer,Q19911671,"Portrait of a Man, Said to be Christopher Columbus (born about 1446, died 1506)",0,0,EXCLUDE,0.85,0,EXCLUDE,0.85,5,5,Q160236,Metropolitan Museum of Art,P1830,owner of,"Hugo Cassirer --owner of--> Avenue at Chantilly --owned by--> Paul Cassirer --owner of--> Tilla Durieux --owned by--> Metropolitan Museum of Art --owner of--> Portrait of a Man, Said to be Christopher Columbus (born about 1446, died 1506)"
row139,Q1634926|Q106906938,Q1634926,Hugo Cassirer,Q106906938,Georges Durand-Ruel,1,1,INCLUDE,0.9,1,INCLUDE,0.9,5,5,Q649052,Paul Durand-Ruel,P40,child,Hugo Cassirer --owner of--> Avenue at Chantilly --owned by--> Paul Cassirer --owner of--> Lise with Umbrella --owned by--> Paul Durand-Ruel --child--> Georges Durand-Ruel
row155,Q1634926|Q1573212,Q1634926,Hugo Cassirer,Q1573212,Hamburg Biographies,0,0,PRUNED_BY_ANCESTOR,,0,EXCLUDE,0.95,5,5,Q57188,Ernst Cassirer,P1343,described by source,Hugo Cassirer --father--> Louis Cassirer --father--> Marcus Cassirer --child--> Eduard Cassirer --child--> Ernst Cassirer --described by source--> Hamburg Biographies
row159,Q1634926|Q58433306,Q1634926,Hugo Cassirer,Q58433306,"Hans Haacke,Framing and Being Framed: 7 Works, 1970–75",1,1,INCLUDE,0.9,1,INCLUDE,0.9,5,5,Q1773840,provenance,P1343,described by source,"Hugo Cassirer --owner of--> Avenue at Chantilly --owned by--> Paul Cassirer --on focus list of Wikimedia project--> WikiProject Provenance --main subject--> provenance --described by source--> Hans Haacke,Framing and Being Framed: 7 Works, 1970–75"
row168,Q1634926|Q89929597,Q1634926,Hugo Cassirer,Q89929597,hedendaagsesieraden.nl,0,0,EXCLUDE,0.9,0,EXCLUDE,0.9,5,5,Q160236,Metropolitan Museum of Art,P1343,described by source,Hugo Cassirer --owner of--> Avenue at Chantilly --owned by--> Paul Cassirer --owner of--> Tilla Durieux --owned by--> Metropolitan Museum of Art --described by source--> hedendaagsesieraden.nl
row172,Q1634926|Q20089963,Q1634926,Hugo Cassirer,Q20089963,New International Encyclopedia (1902–05),0,0,EXCLUDE,0.95,0,EXCLUDE,0.95,5,5,Q39931,Pierre-Auguste Renoir,P1343,described by source,Hugo Cassirer --owner of--> Avenue at Chantilly --owned by--> Paul Cassirer --owner of--> Tilla Durieux --owned by--> Pierre-Auguste Renoir --described by source--> New International Encyclopedia (1902–05)
row191,Q1634926|Q106727050,Q1634926,Hugo Cassirer,Q106727050,Metropolitan Museum of Art Tagging Vocabulary,1,0,EXCLUDE,0.95,0,EXCLUDE,0.95,5,5,Q215536,merchant,P1343,described by source,Hugo Cassirer --father--> Louis Cassirer --father--> Marcus Cassirer --child--> Max Cassirer --occupation--> merchant --described by source--> Metropolitan Museum of Art Tagging Vocabulary
row200,Q1634926|Q1868065,Q1634926,Hugo Cassirer,Q1868065,merchant's house,0,0,EXCLUDE,0.95,0,EXCLUDE,0.95,5,5,Q215536,merchant,P1830,owner of,Hugo Cassirer --father--> Louis Cassirer --father--> Marcus Cassirer --child--> Max Cassirer --occupation--> merchant --owner of--> merchant's house
row238,Q1634926|Q48976445,Q1634926,Hugo Cassirer,Q48976445,Le Palais Ducal,1,1,INCLUDE,0.9,1,INCLUDE,0.9,5,5,Q18704516,Hans W. Lange,P1830,owner of,Hugo Cassirer --owner of--> Avenue at Chantilly --owned by--> Paul Cassirer --owner of--> The Quai Malaquais and the Institute --owned by--> Hans W. Lange --owner of--> Le Palais Ducal
row239,Q1634926|Q18347243,Q1634926,Hugo Cassirer,Q18347243,Lefevre Gallery,1,1,INCLUDE,0.95,1,INCLUDE,0.95,5,5,Q1799228,La Vie,P127,owned by,Hugo Cassirer --owner of--> Avenue at Chantilly --owned by--> Thannhauser Galleries --owned by--> Justin K. Thannhauser --owner of--> La Vie --owned by--> Lefevre Gallery
row242,Q1634926|Q19098835,Q1634926,Hugo Cassirer,Q19098835,Library of the World's Best Literature,0,0,EXCLUDE,0.95,0,EXCLUDE,0.95,5,5,Q8016365,William Ordway Partridge,P1343,described by source,Hugo Cassirer --owner of--> Avenue at Chantilly --owned by--> William A. M. Burden --spouse--> Margaret L. P. Burden --father--> William Ordway Partridge --described by source--> Library of the World's Best Literature
row246,Q1634926|Q53092134,Q1634926,Hugo Cassirer,Q53092134,Lilly Cassirer,1,1,INCLUDE,0.95,1,INCLUDE,0.95,5,5,Q3374628,Fritz Cassirer,P26,spouse,Hugo Cassirer --father--> Louis Cassirer --father--> Marcus Cassirer --child--> Julius Cassirer --child--> Fritz Cassirer --spouse--> Lilly Cassirer
row271,Q1634926|Q4610556,Q1634926,Hugo Cassirer,Q4610556,model,0,0,EXCLUDE,0.95,0,EXCLUDE,0.95,5,5,Q16499050,Lise Tréhot,P106,occupation,Hugo Cassirer --owner of--> Avenue at Chantilly --owned by--> Paul Cassirer --owner of--> Lise with Umbrella --main subject--> Lise Tréhot --occupation--> model
row309,Q1634926|Q17378135,Q1634926,Hugo Cassirer,Q17378135,Great Soviet Encyclopedia (1969–1978),0,0,EXCLUDE,0.95,0,EXCLUDE,0.95,5,5,Q47906,Hermann Göring,P1343,described by source,Hugo Cassirer --owner of--> Avenue at Chantilly --owned by--> Paul Cassirer --owner of--> Portrait of Dr. Gachet --owned by--> Hermann Göring --described by source--> Great Soviet Encyclopedia (1969–1978)
row321,Q1634926|Q4532138,Q1634926,Hugo Cassirer,Q4532138,Granat Encyclopedic Dictionary,0,0,PRUNED_BY_ANCESTOR,,0,EXCLUDE,0.95,5,5,Q12362622,philanthropist,P1343,described by source,Hugo Cassirer --owner of--> Avenue at Chantilly --owned by--> William A. M. Burden --spouse--> Margaret L. P. Burden --occupation--> philanthropist --described by source--> Granat Encyclopedic Dictionary
row329,Q1634926|Q104520680,Q1634926,Hugo Cassirer,Q104520680,Göring's man in Paris : the story of a Nazi art plunderer and his world,1,1,INCLUDE,0.95,1,INCLUDE,0.95,5,5,Q89582,Bruno Lohse,P1343,described by source,Hugo Cassirer --owner of--> Avenue at Chantilly --owned by--> Paul Cassirer --owner of--> The Quai Malaquais and the Institute --owned by--> Bruno Lohse --described by source--> Göring's man in Paris : the story of a Nazi art plunderer and his world
row340,Q1634926|Q1138524,Q1634926,Hugo Cassirer,Q1138524,Paulys Realenzyklopädie der klassischen Altertumswissenschaft,0,0,PRUNED_BY_ANCESTOR,,0,EXCLUDE,0.95,5,5,Q33999,actor,P1343,described by source,Hugo Cassirer --owner of--> Avenue at Chantilly --owned by--> Paul Cassirer --spouse--> Tilla Durieux --occupation--> actor --described by source--> Paulys Realenzyklopädie der klassischen Altertumswissenschaft
row344,Q1634926|Q19906011,Q1634926,Hugo Cassirer,Q19906011,Peasant Woman Cooking by a Fireplace,1,0,EXCLUDE,0.9,0,EXCLUDE,0.9,5,5,Q160236,Metropolitan Museum of Art,P1830,owner of,Hugo Cassirer --owner of--> Avenue at Chantilly --owned by--> Paul Cassirer --owner of--> Tilla Durieux --owned by--> Metropolitan Museum of Art --owner of--> Peasant Woman Cooking by a Fireplace
row353,Q1634926|Q1970746,Q1634926,Hugo Cassirer,Q1970746,Explanatory Dictionary of the Living Great Russian Language,0,0,EXCLUDE,0.95,0,EXCLUDE,0.95,5,5,Q215536,merchant,P1343,described by source,Hugo Cassirer --father--> Louis Cassirer --father--> Marcus Cassirer --child--> Max Cassirer --occupation--> merchant --described by source--> Explanatory Dictionary of the Living Great Russian Language
row365,Q1634926|Q867541,Q1634926,Hugo Cassirer,Q867541,Encyclopædia Britannica 11th edition,0,0,EXCLUDE,0.95,0,EXCLUDE,0.95,5,5,Q39931,Pierre-Auguste Renoir,P1343,described by source,Hugo Cassirer --owner of--> Avenue at Chantilly --owned by--> Paul Cassirer --owner of--> Tilla Durieux --owned by--> Pierre-Auguste Renoir --described by source--> Encyclopædia Britannica 11th edition
row382,Q1634926|Q177220,Q1634926,Hugo Cassirer,Q177220,singer,0,0,EXCLUDE,0.95,0,EXCLUDE,0.95,5,5,Q320464,Jean-Baptiste Faure,P106,occupation,Hugo Cassirer --owner of--> Avenue at Chantilly --owned by--> Paul Cassirer --owner of--> Portrait of Henri Rochefort --owned by--> Jean-Baptiste Faure --occupation--> singer
row400,Q1634926|Q19905413,Q1634926,Hugo Cassirer,Q19905413,Spring Flowers,0,0,EXCLUDE,0.9,0,EXCLUDE,0.9,5,5,Q160236,Metropolitan Museum of Art,P1830,owner of,Hugo Cassirer --owner of--> Avenue at Chantilly --owned by--> Paul Cassirer --owner of--> Tilla Durieux --owned by--> Metropolitan Museum of Art --owner of--> Spring Flowers
row415,Q1634926|Q73357989,Q1634926,Hugo Cassirer,Q73357989,Survey of GLAM open access policy and practice,0,0,EXCLUDE,0.95,0,EXCLUDE,0.95,5,5,Q160236,Metropolitan Museum of Art,P1343,described by source,Hugo Cassirer --owner of--> Avenue at Chantilly --owned by--> Paul Cassirer --owner of--> Tilla Durieux --owned by--> Metropolitan Museum of Art --described by source--> Survey of GLAM open access policy and practice
row450,Q1634926|Q602358,Q1634926,Hugo Cassirer,Q602358,Brockhaus and Efron Encyclopedic Dictionary,0,0,EXCLUDE,0.95,0,EXCLUDE,0.95,5,5,Q320464,Jean-Baptiste Faure,P1343,described by source,Hugo Cassirer --owner of--> Avenue at Chantilly --owned by--> Paul Cassirer --owner of--> Portrait of Henri Rochefort --owned by--> Jean-Baptiste Faure --described by source--> Brockhaus and Efron Encyclopedic Dictionary
row468,Q1634926|Q19820423,Q1634926,Hugo Cassirer,Q19820423,The Church in Moret after the Rain,0,1,INCLUDE,0.9,1,INCLUDE,0.9,5,5,Q649052,Paul Durand-Ruel,P1830,owner of,Hugo Cassirer --owner of--> Avenue at Chantilly --owned by--> Paul Cassirer --owner of--> Lise with Umbrella --owned by--> Paul Durand-Ruel --owner of--> The Church in Moret after the Rain
row477,Q1634926|Q4086271,Q1634926,Hugo Cassirer,Q4086271,Bible Encyclopedia of Archimandrite Nicephorus,0,0,EXCLUDE,0.98,0,EXCLUDE,0.98,5,5,Q215536,merchant,P1343,described by source,Hugo Cassirer --father--> Louis Cassirer --father--> Marcus Cassirer --child--> Max Cassirer --occupation--> merchant --described by source--> Bible Encyclopedia of Archimandrite Nicephorus
row493,Q1634926|Q1630100,Q1634926,Hugo Cassirer,Q1630100,art model,0,0,EXCLUDE,0.85,0,EXCLUDE,0.85,5,5,Q16499050,Lise Tréhot,P106,occupation,Hugo Cassirer --owner of--> Avenue at Chantilly --owned by--> Paul Cassirer --owner of--> Lise with Umbrella --main subject--> Lise Tréhot --occupation--> art model
row496,Q1634926|Q326503,Q1634926,Hugo Cassirer,Q326503,The Sleepers,1,1,INCLUDE,0.9,1,INCLUDE,0.9,5,5,Q320464,Jean-Baptiste Faure,P1830,owner of,Hugo Cassirer --owner of--> Avenue at Chantilly --owned by--> Paul Cassirer --owner of--> Portrait of Henri Rochefort --owned by--> Jean-Baptiste Faure --owner of--> The Sleepers
row498,Q1634926|Q28790437,Q1634926,Hugo Cassirer,Q28790437,Armor of Emperor Ferdinand I,0,0,EXCLUDE,0.95,0,EXCLUDE,0.95,5,5,Q160236,Metropolitan Museum of Art,P1830,owner of,Hugo Cassirer --owner of--> Avenue at Chantilly --owned by--> Paul Cassirer --owner of--> Tilla Durieux --owned by--> Metropolitan Museum of Art --owner of--> Armor of Emperor Ferdinand I
row507,Q1634926|Q39013,Q1634926,Hugo Cassirer,Q39013,The Woman in the Waves,0,0,EXCLUDE,0.9,0,EXCLUDE,0.9,5,5,Q160236,Metropolitan Museum of Art,P1830,owner of,Hugo Cassirer --owner of--> Avenue at Chantilly --owned by--> Paul Cassirer --owner of--> Tilla Durieux --owned by--> Metropolitan Museum of Art --owner of--> The Woman in the Waves
row522,Q1634926|Q42601013,Q1634926,Hugo Cassirer,Q42601013,ALIU Detailed Interrogation Report (DIR) No. 6 Bruno Lohse August 1945,1,1,INCLUDE,0.98,1,INCLUDE,0.98,5,5,Q89582,Bruno Lohse,P1343,described by source,Hugo Cassirer --owner of--> Avenue at Chantilly --owned by--> Paul Cassirer --owner of--> The Quai Malaquais and the Institute --owned by--> Bruno Lohse --described by source--> ALIU Detailed Interrogation Report (DIR) No. 6 Bruno Lohse August 1945
row524,Q1634926|Q107177051,Q1634926,Hugo Cassirer,Q107177051,Walter Feilchenfeldt Jr.,1,1,INCLUDE,0.99,1,INCLUDE,0.99,5,5,Q2544162,Walter Feilchenfeldt,P40,child,Hugo Cassirer --owner of--> Avenue at Chantilly --owned by--> Paul Cassirer --owner of--> Tilla Durieux --owned by--> Walter Feilchenfeldt --child--> Walter Feilchenfeldt Jr.
row528,Q1634926|Q105757729,Q1634926,Hugo Cassirer,Q105757729,WikiProject PCC Wikidata Pilot — Smithsonian Libraries — Artists Files,0,0,EXCLUDE,0.98,0,EXCLUDE,0.98,5,5,Q8016365,William Ordway Partridge,P5008,on focus list of Wikimedia project,Hugo Cassirer --owner of--> Avenue at Chantilly --owned by--> William A. M. Burden --spouse--> Margaret L. P. Burden --father--> William Ordway Partridge --on focus list of Wikimedia project--> WikiProject PCC Wikidata Pilot — Smithsonian Libraries — Artists Files
row539,Q1634926|Q113262,Q1634926,Hugo Cassirer,Q113262,Young man in Mayo costume,0,0,EXCLUDE,0.9,0,EXCLUDE,0.9,5,5,Q160236,Metropolitan Museum of Art,P1830,owner of,Hugo Cassirer --owner of--> Avenue at Chantilly --owned by--> Paul Cassirer --owner of--> Tilla Durieux --owned by--> Metropolitan Museum of Art --owner of--> Young man in Mayo costume
row547,Q1634926|Q56816048,Q1634926,Hugo Cassirer,Q56816048,Zur Übernahme des Auktionshauses Paul Graupe durch Hans W. Lange,1,1,INCLUDE,0.95,1,INCLUDE,0.95,5,5,Q18704516,Hans W. Lange,P1343,described by source,Hugo Cassirer --owner of--> Avenue at Chantilly --owned by--> Paul Cassirer --owner of--> The Quai Malaquais and the Institute --owned by--> Hans W. Lange --described by source--> Zur Übernahme des Auktionshauses Paul Graupe durch Hans W. Lange
row574,Q1634926|Q8030760,Q1634926,Hugo Cassirer,Q8030760,Woman with a Parrot,0,0,EXCLUDE,0.9,0,EXCLUDE,0.9,5,5,Q160236,Metropolitan Museum of Art,P1830,owner of,Hugo Cassirer --owner of--> Avenue at Chantilly --owned by--> Paul Cassirer --owner of--> Tilla Durieux --owned by--> Metropolitan Museum of Art --owner of--> Woman with a Parrot
row577,Q1634926|Q20080422,Q1634926,Hugo Cassirer,Q20080422,Woman with a glass of wine and a child in a garden,1,1,INCLUDE,0.9,1,INCLUDE,0.9,5,5,Q47906,Hermann Göring,P1830,owner of,Hugo Cassirer --owner of--> Avenue at Chantilly --owned by--> Paul Cassirer --owner of--> Portrait of Dr. Gachet --owned by--> Hermann Göring --owner of--> Woman with a glass of wine and a child in a garden
row590,Q1634926|Q22965268,Q1634926,Hugo Cassirer,Q22965268,Woman Playing a Guitar,1,1,INCLUDE,0.9,1,INCLUDE,0.9,5,5,Q649052,Paul Durand-Ruel,P1830,owner of,Hugo Cassirer --owner of--> Avenue at Chantilly --owned by--> Paul Cassirer --owner of--> Lise with Umbrella --owned by--> Paul Durand-Ruel --owner of--> Woman Playing a Guitar
row629,Q1634926|Q10288082,Q1634926,Hugo Cassirer,Q10288082,Wildenstein & Company,1,1,INCLUDE,0.95,1,INCLUDE,0.95,5,5,Q41516006,Lormes:  Goat-Girl Sitting Beside a Stream in a Forest,P127,owned by,Hugo Cassirer --owner of--> Avenue at Chantilly --owned by--> Thannhauser Galleries --owned by--> Justin K. Thannhauser --owner of--> Lormes:  Goat-Girl Sitting Beside a Stream in a Forest --owned by--> Wildenstein & Company
row657,Q1634926|Q100137722,Q1634926,Hugo Cassirer,Q100137722,Wikiproject Nuremberg Trials,1,0,EXCLUDE,0.75,0,EXCLUDE,0.75,5,5,Q47906,Hermann Göring,P5008,on focus list of Wikimedia project,Hugo Cassirer --owner of--> Avenue at Chantilly --owned by--> Paul Cassirer --owner of--> Portrait of Dr. Gachet --owned by--> Hermann Göring --on focus list of Wikimedia project--> Wikiproject Nuremberg Trials
row677,Q1634926|Q26221228,Q1634926,Hugo Cassirer,Q26221228,Wheat Fields after the Rain,1,1,INCLUDE,0.9,1,INCLUDE,0.9,5,5,Q15619234,Bignou Gallery,P1830,owner of,Hugo Cassirer --owner of--> Avenue at Chantilly --owned by--> Paul Cassirer --owner of--> Tilla Durieux --owned by--> Bignou Gallery --owner of--> Wheat Fields after the Rain
row690,Q1634926|Q11075015,Q1634926,Hugo Cassirer,Q11075015,war criminal,0,0,EXCLUDE,0.8,0,EXCLUDE,0.8,5,5,Q47906,Hermann Göring,P106,occupation,Hugo Cassirer --owner of--> Avenue at Chantilly --owned by--> Paul Cassirer --owner of--> Portrait of Dr. Gachet --owned by--> Hermann Göring --occupation--> war criminal
row717,Q1634926|Q152564,Q1634926,Hugo Cassirer,Q152564,Völkischer Beobachter,0,0,EXCLUDE,0.9,0,EXCLUDE,0.9,5,5,Q7320,National Socialist German Workers' Party,P1830,owner of,Hugo Cassirer --owner of--> Avenue at Chantilly --owned by--> Paul Cassirer --owner of--> The Quai Malaquais and the Institute --owned by--> National Socialist German Workers' Party --owner of--> Völkischer Beobachter
row800,Q1634926|Q26221201,Q1634926,Hugo Cassirer,Q26221201,Two Diggers among Trees,1,1,INCLUDE,0.95,1,INCLUDE,0.95,5,5,Q104530765,Hugo Nathan,P1830,owner of,Hugo Cassirer --owner of--> Avenue at Chantilly --owned by--> Thannhauser Galleries --owner of--> Street in Tahiti --owned by--> Hugo Nathan --owner of--> Two Diggers among Trees
row808,Q1634926|Q27568006,Q1634926,Hugo Cassirer,Q27568006,Triptych: Holy Family with Saints Catherine and Barbara,1,1,INCLUDE,0.9,1,INCLUDE,0.9,5,5,Q169542,Hamburger Kunsthalle,P1830,owner of,Hugo Cassirer --owner of--> Avenue at Chantilly --owned by--> Paul Cassirer --owner of--> Portrait of Henri Rochefort --owned by--> Hamburger Kunsthalle --owner of--> Triptych: Holy Family with Saints Catherine and Barbara
row840,Q1634926|Q56555894,Q1634926,Hugo Cassirer,Q56555894,Theodore Schempp,1,1,INCLUDE,0.95,1,INCLUDE,0.95,5,5,Q1799228,La Vie,P127,owned by,Hugo Cassirer --owner of--> Avenue at Chantilly --owned by--> Thannhauser Galleries --owned by--> Justin K. Thannhauser --owner of--> La Vie --owned by--> Theodore Schempp
row887,Q1634926|Q776175,Q1634926,Hugo Cassirer,Q776175,The Harvesters,0,1,INCLUDE,0.9,1,INCLUDE,0.9,5,5,Q160236,Metropolitan Museum of Art,P1830,owner of,Hugo Cassirer --owner of--> Avenue at Chantilly --owned by--> Paul Cassirer --owner of--> Tilla Durieux --owned by--> Metropolitan Museum of Art --owner of--> The Harvesters
row942,Q1634926|Q55656666,Q1634926,Hugo Cassirer,Q55656666,"Roman period shears from Trabzon, MET 39.2.2",1,0,EXCLUDE,0.85,0,EXCLUDE,0.85,5,5,Q160236,Metropolitan Museum of Art,P1830,owner of,"Hugo Cassirer --owner of--> Avenue at Chantilly --owned by--> Paul Cassirer --owner of--> Tilla Durieux --owned by--> Metropolitan Museum of Art --owner of--> Roman period shears from Trabzon, MET 39.2.2"
row950,Q1634926|Q27680201,Q1634926,Hugo Cassirer,Q27680201,Riemann's Music Dictionary (1901–1904),0,0,EXCLUDE,0.95,0,EXCLUDE,0.95,5,5,Q320464,Jean-Baptiste Faure,P1343,described by source,Hugo Cassirer --owner of--> Avenue at Chantilly --owned by--> Paul Cassirer --owner of--> Portrait of Henri Rochefort --owned by--> Jean-Baptiste Faure --described by source--> Riemann's Music Dictionary (1901–1904)
row952,Q1634926|Q2148186,Q1634926,Hugo Cassirer,Q2148186,Rhode Island School of Design Museum,1,1,INCLUDE,0.95,1,INCLUDE,0.95,5,5,Q1799228,La Vie,P127,owned by,Hugo Cassirer --owner of--> Avenue at Chantilly --owned by--> Thannhauser Galleries --owned by--> Justin K. Thannhauser --owner of--> La Vie --owned by--> Rhode Island School of Design Museum
row959,Q1634926|Q673751,Q1634926,Hugo Cassirer,Q673751,Reichsleiter Rosenberg Taskforce,1,1,INCLUDE,0.95,1,INCLUDE,0.95,5,5,Q89582,Bruno Lohse,P106,occupation,Hugo Cassirer --owner of--> Avenue at Chantilly --owned by--> Paul Cassirer --owner of--> The Quai Malaquais and the Institute --owned by--> Bruno Lohse --occupation--> Reichsleiter Rosenberg Taskforce
row1010,Q1634926|Q82955,Q1634926,Hugo Cassirer,Q82955,politician,0,0,EXCLUDE,0.95,0,EXCLUDE,0.95,5,5,Q7608859,Stephen Carlton Clark,P106,occupation,Hugo Cassirer --owner of--> Avenue at Chantilly --owned by--> Paul Cassirer --owner of--> Tilla Durieux --owned by--> Stephen Carlton Clark --occupation--> politician
row1042,Q1634926|Q518966,Q1634926,Hugo Cassirer,Q518966,Pierre Renoir,0,0,EXCLUDE,0.9,0,EXCLUDE,0.9,5,5,Q39931,Pierre-Auguste Renoir,P40,child,Hugo Cassirer --owner of--> Avenue at Chantilly --owned by--> Paul Cassirer --owner of--> Tilla Durieux --owned by--> Pierre-Auguste Renoir --child--> Pierre Renoir
row1050,Q1634926|Q39631,Q1634926,Hugo Cassirer,Q39631,physician,0,0,EXCLUDE,0.9,0,EXCLUDE,0.9,5,5,Q2544162,Walter Feilchenfeldt,P106,occupation,Hugo Cassirer --owner of--> Avenue at Chantilly --owned by--> Paul Cassirer --owner of--> Tilla Durieux --owned by--> Walter Feilchenfeldt --occupation--> physician
row1061,Q1634926|Q4964182,Q1634926,Hugo Cassirer,Q4964182,philosopher,0,0,PRUNED_BY_ANCESTOR,,0,EXCLUDE,0.95,5,5,Q57188,Ernst Cassirer,P106,occupation,Hugo Cassirer --father--> Louis Cassirer --father--> Marcus Cassirer --child--> Eduard Cassirer --child--> Ernst Cassirer --occupation--> philosopher
row1136,Q1634926|Q1565911,Q1634926,Hugo Cassirer,Q1565911,"Museum of Fine Arts, Houston",1,1,INCLUDE,0.95,1,INCLUDE,0.95,5,5,Q28035859,Still Life with Mangoes and a Hibiscus Flower,P127,owned by,"Hugo Cassirer --owner of--> Avenue at Chantilly --owned by--> Thannhauser Galleries --owned by--> Justin K. Thannhauser --owner of--> Still Life with Mangoes and a Hibiscus Flower --owned by--> Museum of Fine Arts, Houston"
row1201,Q1634926|Q3067376,Q1634926,Hugo Cassirer,Q3067376,Jacques Seligmann & Company,1,1,INCLUDE,0.95,1,INCLUDE,0.95,5,5,Q1799228,La Vie,P127,owned by,Hugo Cassirer --owner of--> Avenue at Chantilly --owned by--> Thannhauser Galleries --owned by--> Justin K. Thannhauser --owner of--> La Vie --owned by--> Jacques Seligmann & Company
row1264,Q1634926|Q627325,Q1634926,Hugo Cassirer,Q627325,graphic designer,0,0,EXCLUDE,0.9,0,EXCLUDE,0.9,5,5,Q214008,Eugene Spiro,P106,occupation,Hugo Cassirer --owner of--> Avenue at Chantilly --owned by--> Paul Cassirer --spouse--> Tilla Durieux --spouse--> Eugene Spiro --occupation--> graphic designer
row1268,Q1634926|Q1925963,Q1634926,Hugo Cassirer,Q1925963,graphic artist,0,0,EXCLUDE,0.85,0,EXCLUDE,0.85,5,5,Q39931,Pierre-Auguste Renoir,P106,occupation,Hugo Cassirer --owner of--> Avenue at Chantilly --owned by--> Paul Cassirer --owner of--> Tilla Durieux --owned by--> Pierre-Auguste Renoir --occupation--> graphic artist
row1364,Q1634926|Q80317,Q1634926,Hugo Cassirer,Q80317,Garçon à la pipe,1,1,INCLUDE,0.95,1,INCLUDE,0.95,5,5,Q2544162,Walter Feilchenfeldt,P1830,owner of,Hugo Cassirer --owner of--> Avenue at Chantilly --owned by--> Paul Cassirer --owner of--> Tilla Durieux --owned by--> Walter Feilchenfeldt --owner of--> Garçon à la pipe
row1367,Q1634926|Q20771242,Q1634926,Hugo Cassirer,Q20771242,gallerist,1,1,INCLUDE,0.95,1,INCLUDE,0.95,5,5,Q649052,Paul Durand-Ruel,P106,occupation,Hugo Cassirer --owner of--> Avenue at Chantilly --owned by--> Paul Cassirer --owner of--> Lise with Umbrella --owned by--> Paul Durand-Ruel --occupation--> gallerist
row1382,Q1634926|Q47001605,Q1634926,Hugo Cassirer,Q47001605,Galerie Fischer,1,1,INCLUDE,0.95,1,INCLUDE,0.95,5,5,Q28035859,Still Life with Mangoes and a Hibiscus Flower,P127,owned by,Hugo Cassirer --owner of--> Avenue at Chantilly --owned by--> Thannhauser Galleries --owned by--> Justin K. Thannhauser --owner of--> Still Life with Mangoes and a Hibiscus Flower --owned by--> Galerie Fischer
row1404,Q1634926|Q19502360,Q1634926,Hugo Cassirer,Q19502360,Fritz Meyer-Fierz,1,1,INCLUDE,0.95,1,INCLUDE,0.95,5,5,Q11771568,Madame Augustine Roulin with Baby,P127,owned by,Hugo Cassirer --owner of--> Avenue at Chantilly --owned by--> Thannhauser Galleries --owned by--> Justin K. Thannhauser --owner of--> Madame Augustine Roulin with Baby --owned by--> Fritz Meyer-Fierz
row1471,Q1634926|Q20730464,Q1634926,Hugo Cassirer,Q20730464,Étienne Bignou,0,1,INCLUDE,0.95,1,INCLUDE,0.95,5,5,Q15619234,Bignou Gallery,P127,owned by,Hugo Cassirer --owner of--> Avenue at Chantilly --owned by--> Paul Cassirer --owner of--> Tilla Durieux --owned by--> Bignou Gallery --owned by--> Étienne Bignou
row1472,Q1634926|Q20730464,Q1634926,Hugo Cassirer,Q20730464,Étienne Bignou,1,1,INCLUDE,0.95,1,INCLUDE,0.95,5,5,Q15619234,Bignou Gallery,P127,owned by,Hugo Cassirer --owner of--> Avenue at Chantilly --owned by--> Paul Cassirer --owner of--> Tilla Durieux --owned by--> Bignou Gallery --owned by--> Étienne Bignou
row1483,Q1634926|Q110491536,Q1634926,Hugo Cassirer,Q110491536,Estella Katzenellenbogen,1,0,EXCLUDE,0.8,0,EXCLUDE,0.8,5,5,Q1361426,Ludwig Katzenellenbogen,P26,spouse,Hugo Cassirer --owner of--> Avenue at Chantilly --owned by--> Paul Cassirer --spouse--> Tilla Durieux --spouse--> Ludwig Katzenellenbogen --spouse--> Estella Katzenellenbogen
row1562,Q1634926|Q15296811,Q1634926,Hugo Cassirer,Q15296811,drawer,0,0,EXCLUDE,0.99,0,EXCLUDE,0.99,5,5,Q39931,Pierre-Auguste Renoir,P106,occupation,Hugo Cassirer --owner of--> Avenue at Chantilly --owned by--> Paul Cassirer --owner of--> Tilla Durieux --owned by--> Pierre-Auguste Renoir --occupation--> drawer
row1570,Q1634926|Q14623005,Q1634926,Hugo Cassirer,Q14623005,draftsperson,0,0,EXCLUDE,0.99,0,EXCLUDE,0.99,5,5,Q39931,Pierre-Auguste Renoir,P106,occupation,Hugo Cassirer --owner of--> Avenue at Chantilly --owned by--> Paul Cassirer --owner of--> Tilla Durieux --owned by--> Pierre-Auguste Renoir --occupation--> draftsperson
row1579,Q1634926|Q107676574,Q1634926,Hugo Cassirer,Q107676574,Dr. Fritz Rosenfeld,1,1,INCLUDE,0.95,1,INCLUDE,0.95,5,5,Q28035859,Still Life with Mangoes and a Hibiscus Flower,P127,owned by,Hugo Cassirer --owner of--> Avenue at Chantilly --owned by--> Thannhauser Galleries --owned by--> Justin K. Thannhauser --owner of--> Still Life with Mangoes and a Hibiscus Flower --owned by--> Dr. Fritz Rosenfeld
row1585,Q1634926|Q25391673,Q1634926,Hugo Cassirer,Q25391673,Domenica Walter,1,1,INCLUDE,0.95,1,INCLUDE,0.95,5,5,Q11771568,Madame Augustine Roulin with Baby,P127,owned by,Hugo Cassirer --owner of--> Avenue at Chantilly --owned by--> Thannhauser Galleries --owned by--> Justin K. Thannhauser --owner of--> Madame Augustine Roulin with Baby --owned by--> Domenica Walter
row1610,Q1634926|Q1186818,Q1634926,Hugo Cassirer,Q1186818,Den Store Danske Encyklopædi,0,0,EXCLUDE,0.98,0,EXCLUDE,0.98,5,5,Q39931,Pierre-Auguste Renoir,P1343,described by source,Hugo Cassirer --owner of--> Avenue at Chantilly --owned by--> Paul Cassirer --owner of--> Tilla Durieux --owned by--> Pierre-Auguste Renoir --described by source--> Den Store Danske Encyklopædi
row1657,Q1634926|Q21550489,Q1634926,Hugo Cassirer,Q21550489,conceptual artist,0,0,EXCLUDE,0.99,0,EXCLUDE,0.99,5,5,Q657647,Hans Haacke,P106,occupation,Hugo Cassirer --owner of--> Avenue at Chantilly --owned by--> Paul Cassirer --owner of--> Bunch of Asparagus --main subject--> Hans Haacke --occupation--> conceptual artist
row1664,Q1634926|Q1780490,Q1634926,Hugo Cassirer,Q1780490,communard,0,0,EXCLUDE,0.99,0,EXCLUDE,0.99,5,5,Q642060,Henri Rochefort,P106,occupation,Hugo Cassirer --owner of--> Avenue at Chantilly --owned by--> Paul Cassirer --owner of--> Portrait of Henri Rochefort --main subject--> Henri Rochefort --occupation--> communard
row1677,Q1634926|Q60729883,Q1634926,Hugo Cassirer,Q60729883,Cleveland Museum of Art Open Access project,0,0,EXCLUDE,0.9,0,EXCLUDE,0.9,5,5,Q1799228,La Vie,P5008,on focus list of Wikimedia project,Hugo Cassirer --owner of--> Avenue at Chantilly --owned by--> Thannhauser Galleries --owned by--> Justin K. Thannhauser --owner of--> La Vie --on focus list of Wikimedia project--> Cleveland Museum of Art Open Access project
row1682,Q1634926|Q657415,Q1634926,Hugo Cassirer,Q657415,Cleveland Museum of Art,1,1,INCLUDE,0.98,1,INCLUDE,0.98,5,5,Q1799228,La Vie,P127,owned by,Hugo Cassirer --owner of--> Avenue at Chantilly --owned by--> Thannhauser Galleries --owned by--> Justin K. Thannhauser --owner of--> La Vie --owned by--> Cleveland Museum of Art
row1706,Q1634926|Q593644,Q1634926,Hugo Cassirer,Q593644,chemist,0,0,EXCLUDE,0.99,0,EXCLUDE,0.99,5,5,Q1375958,Richard Godeffroy,P106,occupation,Hugo Cassirer --owner of--> Avenue at Chantilly --owned by--> Paul Cassirer --spouse--> Tilla Durieux --father--> Richard Godeffroy --occupation--> chemist
row1721,Q1634926|Q104439776,Q1634926,Hugo Cassirer,Q104439776,Charles Durand-Ruel,1,1,INCLUDE,0.9,1,INCLUDE,0.9,5,5,Q649052,Paul Durand-Ruel,P40,child,Hugo Cassirer --owner of--> Avenue at Chantilly --owned by--> Paul Cassirer --owner of--> Lise with Umbrella --owned by--> Paul Durand-Ruel --child--> Charles Durand-Ruel
row1734,Q1634926|Q140686,Q1634926,Hugo Cassirer,Q140686,chairperson,0,0,EXCLUDE,0.99,0,EXCLUDE,0.99,5,5,Q65059,Hermann Josef Abs,P106,occupation,Hugo Cassirer --owner of--> Avenue at Chantilly --owned by--> Paul Cassirer --owner of--> Bunch of Asparagus --owned by--> Hermann Josef Abs --occupation--> chairperson
row1763,Q1634926|Q222728,Q1634926,Hugo Cassirer,Q222728,Carinhall,1,1,INCLUDE,0.9,1,INCLUDE,0.9,5,5,Q47906,Hermann Göring,P1830,owner of,Hugo Cassirer --owner of--> Avenue at Chantilly --owned by--> Paul Cassirer --owner of--> Portrait of Dr. Gachet --owned by--> Hermann Göring --owner of--> Carinhall
row1843,Q1634926|Q51955019,Q1634926,Hugo Cassirer,Q51955019,BEIC Digital Library,0,0,EXCLUDE,0.95,0,EXCLUDE,0.95,5,5,Q39931,Pierre-Auguste Renoir,P1343,described by source,Hugo Cassirer --owner of--> Avenue at Chantilly --owned by--> Paul Cassirer --owner of--> Tilla Durieux --owned by--> Pierre-Auguste Renoir --described by source--> BEIC Digital Library
row1852,Q1634926|Q806798,Q1634926,Hugo Cassirer,Q806798,banker,0,0,EXCLUDE,0.95,0,EXCLUDE,0.95,5,5,Q65059,Hermann Josef Abs,P106,occupation,Hugo Cassirer --owner of--> Avenue at Chantilly --owned by--> Paul Cassirer --owner of--> Bunch of Asparagus --owned by--> Hermann Josef Abs --occupation--> banker
row1879,Q1634926|Q30335959,Q1634926,Hugo Cassirer,Q30335959,Art Looting Investigation Unit,1,1,INCLUDE,0.95,1,INCLUDE,0.95,5,5,Q15619234,Bignou Gallery,P1840,investigation of,Hugo Cassirer --owner of--> Avenue at Chantilly --owned by--> Paul Cassirer --owner of--> Tilla Durieux --owned by--> Bignou Gallery --investigation of--> Art Looting Investigation Unit
row1894,Q1634926|Q1792450,Q1634926,Hugo Cassirer,Q1792450,art historian,1,1,INCLUDE,0.85,1,INCLUDE,0.85,5,5,Q89582,Bruno Lohse,P106,occupation,Hugo Cassirer --owner of--> Avenue at Chantilly --owned by--> Paul Cassirer --owner of--> The Quai Malaquais and the Institute --owned by--> Bruno Lohse --occupation--> art historian
row1918,Q1634926|Q4164507,Q1634926,Hugo Cassirer,Q4164507,art critic,1,1,INCLUDE,0.8,1,INCLUDE,0.8,5,5,Q720216,Théodore Duret,P106,occupation,Hugo Cassirer --owner of--> Avenue at Chantilly --owned by--> Paul Cassirer --owner of--> Lise with Umbrella --owned by--> Théodore Duret --occupation--> art critic
row1963,Q1634926|Q42973,Q1634926,Hugo Cassirer,Q42973,architect,0,0,EXCLUDE,0.95,0,EXCLUDE,0.95,5,5,Q21590246,Harold Buttrick,P106,occupation,Hugo Cassirer --child--> Reinhold Cassirer --child--> Hugo Cassirer --spouse--> Sarah Cassirer --father--> Harold Buttrick --occupation--> architect
row2002,Q1634926|Q28860082,Q1634926,Hugo Cassirer,Q28860082,Amédée Schuffenecker,1,1,INCLUDE,0.95,1,INCLUDE,0.95,5,5,Q11771568,Madame Augustine Roulin with Baby,P127,owned by,Hugo Cassirer --owner of--> Avenue at Chantilly --owned by--> Thannhauser Galleries --owned by--> Justin K. Thannhauser --owner of--> Madame Augustine Roulin with Baby --owned by--> Amédée Schuffenecker
row2074,Q1634926|Q2095549,Q1634926,Hugo Cassirer,Q2095549,aircraft pilot,0,0,EXCLUDE,0.9,0,EXCLUDE,0.9,5,5,Q47906,Hermann Göring,P106,occupation,Hugo Cassirer --owner of--> Avenue at Chantilly --owned by--> Paul Cassirer --owner of--> Portrait of Dr. Gachet --owned by--> Hermann Göring --occupation--> aircraft pilot
row2104,Q1634926|Q15987490,Q1634926,Hugo Cassirer,Q15987490,1922 Encyclopædia Britannica,0,0,EXCLUDE,0.95,0,EXCLUDE,0.95,5,5,Q39931,Pierre-Auguste Renoir,P1343,described by source,Hugo Cassirer --owner of--> Avenue at Chantilly --owned by--> Paul Cassirer --owner of--> Tilla Durieux --owned by--> Pierre-Auguste Renoir --described by source--> 1922 Encyclopædia Britannica
row697,Q17277888|Q18602666,Q17277888,Gottlieb Friedrich Reber,Q18602666,Walter Hofer,1,1,INCLUDE,0.95,1,INCLUDE,0.95,1,1,Q17277888,Gottlieb Friedrich Reber,P3342,significant person,Gottlieb Friedrich Reber --significant person--> Walter Hofer
row1167,Q17277888|Q20540932,Q17277888,Gottlieb Friedrich Reber,Q20540932,Mandolin and Fruit Dish,1,1,INCLUDE,0.98,1,INCLUDE,0.98,1,1,Q17277888,Gottlieb Friedrich Reber,P1830,owner of,Gottlieb Friedrich Reber --owner of--> Mandolin and Fruit Dish
row1228,Q17277888|Q47906,Q17277888,Gottlieb Friedrich Reber,Q47906,Hermann Göring,1,1,INCLUDE,0.98,1,INCLUDE,0.98,1,1,Q17277888,Gottlieb Friedrich Reber,P3342,significant person,Gottlieb Friedrich Reber --significant person--> Hermann Göring
row1881,Q17277888|Q30335959,Q17277888,Gottlieb Friedrich Reber,Q30335959,Art Looting Investigation Unit,1,1,INCLUDE,0.98,1,INCLUDE,0.98,1,1,Q17277888,Gottlieb Friedrich Reber,P1840,investigation of,Gottlieb Friedrich Reber --investigation of--> Art Looting Investigation Unit
row1911,Q17277888|Q173950,Q17277888,Gottlieb Friedrich Reber,Q173950,art dealer,1,1,INCLUDE,0.95,1,INCLUDE,0.95,1,1,Q17277888,Gottlieb Friedrich Reber,P106,occupation,Gottlieb Friedrich Reber --occupation--> art dealer
row1930,Q17277888|Q10732476,Q17277888,Gottlieb Friedrich Reber,Q10732476,art collector,1,1,INCLUDE,0.95,1,INCLUDE,0.95,1,1,Q17277888,Gottlieb Friedrich Reber,P106,occupation,Gottlieb Friedrich Reber --occupation--> art collector
row2056,Q17277888|Q3609940,Q17277888,Gottlieb Friedrich Reber,Q3609940,Alessandro Contini Bonacossi,1,1,INCLUDE,0.98,1,INCLUDE,0.98,1,1,Q17277888,Gottlieb Friedrich Reber,P3342,significant person,Gottlieb Friedrich Reber --significant person--> Alessandro Contini Bonacossi
row297,Q17277888|Q67311526,Q17277888,Gottlieb Friedrich Reber,Q67311526,Obalky knih.cz,0,0,EXCLUDE,0.95,0,EXCLUDE,0.95,2,2,Q47906,Hermann Göring,P1343,described by source,Gottlieb Friedrich Reber --significant person--> Hermann Göring --described by source--> Obalky knih.cz
row311,Q17277888|Q17378135,Q17277888,Gottlieb Friedrich Reber,Q17378135,Great Soviet Encyclopedia (1969–1978),0,0,EXCLUDE,0.95,0,EXCLUDE,0.95,2,2,Q47906,Hermann Göring,P1343,described by source,Gottlieb Friedrich Reber --significant person--> Hermann Göring --described by source--> Great Soviet Encyclopedia (1969–1978)
row482,Q17277888|Q45320214,Q17277888,Gottlieb Friedrich Reber,Q45320214,Beteiligte Privatpersonen und Körperschaften am NS-Kulturgutraub,1,1,INCLUDE,0.98,1,INCLUDE,0.98,2,2,Q3609940,Alessandro Contini Bonacossi,P1343,described by source,Gottlieb Friedrich Reber --significant person--> Alessandro Contini Bonacossi --described by source--> Beteiligte Privatpersonen und Körperschaften am NS-Kulturgutraub
row530,Q17277888|Q104694359,Q17277888,Gottlieb Friedrich Reber,Q104694359,WikiProject PCC Wikidata Pilot/Frick Art Reference Library,0,1,INCLUDE,0.85,1,INCLUDE,0.85,2,2,Q3609940,Alessandro Contini Bonacossi,P5008,on focus list of Wikimedia project,Gottlieb Friedrich Reber --significant person--> Alessandro Contini Bonacossi --on focus list of Wikimedia project--> WikiProject PCC Wikidata Pilot/Frick Art Reference Library
row538,Q17277888|Q20080422,Q17277888,Gottlieb Friedrich Reber,Q20080422,Woman with a glass of wine and a child in a garden,1,1,INCLUDE,0.95,1,INCLUDE,0.95,2,2,Q47906,Hermann Göring,P1830,owner of,Gottlieb Friedrich Reber --significant person--> Hermann Göring --owner of--> Woman with a glass of wine and a child in a garden
row658,Q17277888|Q100137722,Q17277888,Gottlieb Friedrich Reber,Q100137722,Wikiproject Nuremberg Trials,1,0,EXCLUDE,0.8,0,EXCLUDE,0.8,2,2,Q47906,Hermann Göring,P5008,on focus list of Wikimedia project,Gottlieb Friedrich Reber --significant person--> Hermann Göring --on focus list of Wikimedia project--> Wikiproject Nuremberg Trials
row691,Q17277888|Q11075015,Q17277888,Gottlieb Friedrich Reber,Q11075015,war criminal,0,1,INCLUDE,0.8,1,INCLUDE,0.8,2,2,Q47906,Hermann Göring,P106,occupation,Gottlieb Friedrich Reber --significant person--> Hermann Göring --occupation--> war criminal
row845,Q17277888|Q56555894,Q17277888,Gottlieb Friedrich Reber,Q56555894,Theodore Schempp,1,1,INCLUDE,1.0,1,INCLUDE,1.0,2,2,Q78731858,Still Life with Guitar,P127,owned by,Gottlieb Friedrich Reber --owner of--> Still Life with Guitar --owned by--> Theodore Schempp
row1013,Q17277888|Q82955,Q17277888,Gottlieb Friedrich Reber,Q82955,politician,0,0,EXCLUDE,1.0,0,EXCLUDE,1.0,2,2,Q3609940,Alessandro Contini Bonacossi,P106,occupation,Gottlieb Friedrich Reber --significant person--> Alessandro Contini Bonacossi --occupation--> politician
row1554,Q17277888|Q13575004,Q17277888,Gottlieb Friedrich Reber,Q13575004,E. & A. Silberman Galleries,1,1,INCLUDE,1.0,1,INCLUDE,1.0,2,2,Q20540932,Mandolin and Fruit Dish,P127,owned by,Gottlieb Friedrich Reber --owner of--> Mandolin and Fruit Dish --owned by--> E. & A. Silberman Galleries
row1592,Q17277888|Q1162163,Q17277888,Gottlieb Friedrich Reber,Q1162163,director,0,0,EXCLUDE,0.9,0,EXCLUDE,0.9,2,2,Q18602666,Walter Hofer,P106,occupation,Gottlieb Friedrich Reber --significant person--> Walter Hofer --occupation--> director
row1671,Q17277888|Q3243461,Q17277888,Gottlieb Friedrich Reber,Q3243461,collector,1,1,INCLUDE,0.95,1,INCLUDE,0.95,2,2,Q3609940,Alessandro Contini Bonacossi,P106,occupation,Gottlieb Friedrich Reber --significant person--> Alessandro Contini Bonacossi --occupation--> collector
row1764,Q17277888|Q222728,Q17277888,Gottlieb Friedrich Reber,Q222728,Carinhall,1,1,INCLUDE,0.95,1,INCLUDE,0.95,2,2,Q47906,Hermann Göring,P1830,owner of,Gottlieb Friedrich Reber --significant person--> Hermann Göring --owner of--> Carinhall
row1822,Q17277888|Q51037488,Q17277888,Gottlieb Friedrich Reber,Q51037488,Berta Fritsch,1,0,EXCLUDE,0.9,0,EXCLUDE,0.9,2,2,Q18602666,Walter Hofer,P26,spouse,Gottlieb Friedrich Reber --significant person--> Walter Hofer --spouse--> Berta Fritsch
row1952,Q17277888|Q2657718,Q17277888,Gottlieb Friedrich Reber,Q2657718,Armenian Soviet Encyclopedia,0,0,EXCLUDE,1.0,0,EXCLUDE,1.0,2,2,Q47906,Hermann Göring,P1343,described by source,Gottlieb Friedrich Reber --significant person--> Hermann Göring --described by source--> Armenian Soviet Encyclopedia
row2075,Q17277888|Q2095549,Q17277888,Gottlieb Friedrich Reber,Q2095549,aircraft pilot,0,0,EXCLUDE,1.0,0,EXCLUDE,1.0,2,2,Q47906,Hermann Göring,P106,occupation,Gottlieb Friedrich Reber --significant person--> Hermann Göring --occupation--> aircraft pilot
row49,Q17277888|Q7933396,Q17277888,Gottlieb Friedrich Reber,Q7933396,Violin and Grapes,1,1,INCLUDE,1.0,1,INCLUDE,1.0,3,3,Q13575004,E. & A. Silberman Galleries,P1830,owner of,Gottlieb Friedrich Reber --owner of--> Mandolin and Fruit Dish --owned by--> E. & A. Silberman Galleries --owner of--> Violin and Grapes
row62,Q17277888|Q19912997,Q17277888,Gottlieb Friedrich Reber,Q19912997,Barges at Pontoise,1,1,INCLUDE,1.0,1,INCLUDE,1.0,3,3,Q56555894,Theodore Schempp,P1830,owner of,Gottlieb Friedrich Reber --owner of--> Still Life with Guitar --owned by--> Theodore Schempp --owner of--> Barges at Pontoise
row88,Q17277888|Q48761314,Q17277888,Gottlieb Friedrich Reber,Q48761314,Swedish Census 1910,0,0,EXCLUDE,1.0,0,EXCLUDE,1.0,3,3,Q4953125,Alma Hedin,P1343,described by source,Gottlieb Friedrich Reber --significant person--> Hermann Göring --significant person--> Alma Hedin --described by source--> Swedish Census 1910
row92,Q17277888|Q49213654,Q17277888,Gottlieb Friedrich Reber,Q49213654,Swedish Census 1880,0,0,EXCLUDE,1.0,0,EXCLUDE,1.0,3,3,Q4953125,Alma Hedin,P1343,described by source,Gottlieb Friedrich Reber --significant person--> Hermann Göring --significant person--> Alma Hedin --described by source--> Swedish Census 1880
row164,Q17277888|Q58433306,Q17277888,Gottlieb Friedrich Reber,Q58433306,"Hans Haacke,Framing and Being Framed: 7 Works, 1970–75",1,1,INCLUDE,0.9,1,INCLUDE,0.9,3,3,Q1773840,provenance,P1343,described by source,"Gottlieb Friedrich Reber --on focus list of Wikimedia project--> WikiProject Provenance --main subject--> provenance --described by source--> Hans Haacke,Framing and Being Framed: 7 Works, 1970–75"
row389,Q17277888|Q379406,Q17277888,Gottlieb Friedrich Reber,Q379406,Dictionary of Swedish National Biography,0,0,EXCLUDE,1.0,0,EXCLUDE,1.0,3,3,Q4953125,Alma Hedin,P1343,described by source,Gottlieb Friedrich Reber --significant person--> Hermann Göring --significant person--> Alma Hedin --described by source--> Dictionary of Swedish National Biography
row405,Q17277888|Q2259451,Q17277888,Gottlieb Friedrich Reber,Q2259451,stage actor,0,0,EXCLUDE,1.0,0,EXCLUDE,1.0,3,3,Q60763,Emmy Göring,P106,occupation,Gottlieb Friedrich Reber --significant person--> Hermann Göring --spouse--> Emmy Göring --occupation--> stage actor
row435,Q17277888|Q50395049,Q17277888,Gottlieb Friedrich Reber,Q50395049,Svenskt kvinnobiografiskt lexikon,0,0,EXCLUDE,1.0,0,EXCLUDE,1.0,3,3,Q4953125,Alma Hedin,P1343,described by source,Gottlieb Friedrich Reber --significant person--> Hermann Göring --significant person--> Alma Hedin --described by source--> Svenskt kvinnobiografiskt lexikon
row758,Q17277888|Q19681547,Q17277888,Gottlieb Friedrich Reber,Q19681547,"View of Pirna, from Sonnestein Castle",1,1,INCLUDE,1.0,1,INCLUDE,1.0,3,3,Q13575004,E. & A. Silberman Galleries,P1830,owner of,"Gottlieb Friedrich Reber --owner of--> Mandolin and Fruit Dish --owned by--> E. & A. Silberman Galleries --owner of--> View of Pirna, from Sonnestein Castle"
row797,Q17277888|Q19883498,Q17277888,Gottlieb Friedrich Reber,Q19883498,Two Nudes,1,1,INCLUDE,1.0,1,INCLUDE,1.0,3,3,Q13575004,E. & A. Silberman Galleries,P1830,owner of,Gottlieb Friedrich Reber --owner of--> Mandolin and Fruit Dish --owned by--> E. & A. Silberman Galleries --owner of--> Two Nudes
row999,Q17277888|Q49277675,Q17277888,Gottlieb Friedrich Reber,Q49277675,"Polymnia, the Muse of Sacred Hymn",1,1,INCLUDE,0.95,1,INCLUDE,0.95,3,3,Q13575004,E. & A. Silberman Galleries,P1830,owner of,"Gottlieb Friedrich Reber --owner of--> Mandolin and Fruit Dish --owned by--> E. & A. Silberman Galleries --owner of--> Polymnia, the Muse of Sacred Hymn"
row1091,Q17277888|Q12362622,Q17277888,Gottlieb Friedrich Reber,Q12362622,philanthropist,0,0,EXCLUDE,0.95,0,EXCLUDE,0.95,3,3,Q4953125,Alma Hedin,P106,occupation,Gottlieb Friedrich Reber --significant person--> Hermann Göring --significant person--> Alma Hedin --occupation--> philanthropist
row1165,Q17277888|Q78684258,Q17277888,Gottlieb Friedrich Reber,Q78684258,Mandolin and Vase of Flowers,1,1,INCLUDE,0.95,1,INCLUDE,0.95,3,3,Q56555894,Theodore Schempp,P1830,owner of,Gottlieb Friedrich Reber --owner of--> Still Life with Guitar --owned by--> Theodore Schempp --owner of--> Mandolin and Vase of Flowers
row1439,Q17277888|Q10800557,Q17277888,Gottlieb Friedrich Reber,Q10800557,film actor,0,0,EXCLUDE,0.98,0,EXCLUDE,0.98,3,3,Q60763,Emmy Göring,P106,occupation,Gottlieb Friedrich Reber --significant person--> Hermann Göring --spouse--> Emmy Göring --occupation--> film actor
row1486,Q17277888|Q2186896,Q17277888,Gottlieb Friedrich Reber,Q2186896,estate,0,0,EXCLUDE,0.85,0,EXCLUDE,0.85,3,3,Q20751784,Jupiter and Antiope,P127,owned by,Gottlieb Friedrich Reber --significant person--> Hermann Göring --owner of--> Jupiter and Antiope --owned by--> estate
row1525,Q17277888|Q72958372,Q17277888,Gottlieb Friedrich Reber,Q72958372,Elkan Silberman,1,1,INCLUDE,0.95,1,INCLUDE,0.95,3,3,Q13575004,E. & A. Silberman Galleries,P127,owned by,Gottlieb Friedrich Reber --owner of--> Mandolin and Fruit Dish --owned by--> E. & A. Silberman Galleries --owned by--> Elkan Silberman
row1635,Q17277888|Q2805058,Q17277888,Gottlieb Friedrich Reber,Q2805058,Cupid Complaining to Venus,1,1,INCLUDE,0.95,1,INCLUDE,0.95,3,3,Q13575004,E. & A. Silberman Galleries,P1830,owner of,Gottlieb Friedrich Reber --owner of--> Mandolin and Fruit Dish --owned by--> E. & A. Silberman Galleries --owner of--> Cupid complaining to Venus
row1747,Q17277888|Q179718,Q17277888,Gottlieb Friedrich Reber,Q179718,Catherine of Alexandria,0,0,EXCLUDE,0.95,0,EXCLUDE,0.95,3,3,Q17276115,Saint Catherine,P921,main subject,Gottlieb Friedrich Reber --significant person--> Hermann Göring --owner of--> Saint Catherine --main subject--> Catherine of Alexandria
row2070,Q17277888|Q62537,Q17277888,Gottlieb Friedrich Reber,Q62537,Albert Göring,0,0,EXCLUDE,0.9,0,EXCLUDE,0.9,3,3,Q215908,Heinrich Ernst Göring,P40,child,Gottlieb Friedrich Reber --significant person--> Hermann Göring --father--> Heinrich Ernst Göring --child--> Albert Göring
row2092,Q17277888|Q77257348,Q17277888,Gottlieb Friedrich Reber,Q77257348,Abris Silberman,1,1,INCLUDE,0.95,1,INCLUDE,0.95,3,3,Q13575004,E. & A. Silberman Galleries,P127,owned by,Gottlieb Friedrich Reber --owner of--> Mandolin and Fruit Dish --owned by--> E. & A. Silberman Galleries --owned by--> Abris Silberman
row2095,Q17277888|Q18785024,Q17277888,Gottlieb Friedrich Reber,Q18785024,Abraham Adelsberger,1,1,INCLUDE,0.95,1,INCLUDE,0.95,3,3,Q20751784,Jupiter and Antiope,P127,owned by,Gottlieb Friedrich Reber --significant person--> Hermann Göring --owner of--> Jupiter and Antiope --owned by--> Abraham Adelsberger
row7,Q17277888|Q36180,Q17277888,Gottlieb Friedrich Reber,Q36180,writer,0,0,EXCLUDE,0.98,0,EXCLUDE,0.98,4,4,Q2546959,Walter von Pannwitz,P106,occupation,Gottlieb Friedrich Reber --significant person--> Hermann Göring --owner of--> Saint Catherine --owned by--> Walter von Pannwitz --occupation--> writer
row56,Q17277888|Q1234713,Q17277888,Gottlieb Friedrich Reber,Q1234713,theologian,0,0,EXCLUDE,0.98,0,EXCLUDE,0.98,4,4,Q159723,Nathan Söderblom,P106,occupation,Gottlieb Friedrich Reber --significant person--> Hermann Göring --significant person--> Alma Hedin --significant person--> Nathan Söderblom --occupation--> theologian
row68,Q17277888|Q3181656,Q17277888,Gottlieb Friedrich Reber,Q3181656,The Nuttall Encyclopædia,0,0,PRUNED_BY_ANCESTOR,,0,EXCLUDE,0.98,4,4,Q179718,Catherine of Alexandria,P1343,described by source,Gottlieb Friedrich Reber --significant person--> Hermann Göring --owner of--> Saint Catherine --main subject--> Catherine of Alexandria --described by source--> The Nuttall Encyclopædia
row86,Q17277888|Q19698487,Q17277888,Gottlieb Friedrich Reber,Q19698487,Swedish Publicist's Association Photo Directory 1936,0,0,EXCLUDE,0.98,0,EXCLUDE,0.98,4,4,Q434056,Anna Branting,P1343,described by source,Gottlieb Friedrich Reber --significant person--> Hermann Göring --significant person--> Alma Hedin --significant person--> Anna Branting --described by source--> Swedish Publicist's Association Photo Directory 1936
row90,Q17277888|Q50287368,Q17277888,Gottlieb Friedrich Reber,Q50287368,Swedish Census 1900,0,0,EXCLUDE,0.98,0,EXCLUDE,0.98,4,4,Q5734669,Carl Alexander Fock,P1343,described by source,Gottlieb Friedrich Reber --significant person--> Hermann Göring --spouse--> Carin Göring --father--> Carl Alexander Fock --described by source--> Swedish Census 1900
row91,Q17277888|Q50287327,Q17277888,Gottlieb Friedrich Reber,Q50287327,Swedish Census 1890,0,0,EXCLUDE,0.98,0,EXCLUDE,0.98,4,4,Q5734669,Carl Alexander Fock,P1343,described by source,Gottlieb Friedrich Reber --significant person--> Hermann Göring --spouse--> Carin Göring --father--> Carl Alexander Fock --described by source--> Swedish Census 1890
row97,Q17277888|Q19180675,Q17277888,Gottlieb Friedrich Reber,Q19180675,Small Brockhaus and Efron Encyclopedic Dictionary,0,0,PRUNED_BY_ANCESTOR,,0,EXCLUDE,0.98,4,4,Q217102,conservation,P1343,described by source,Gottlieb Friedrich Reber --significant person--> Walter Hofer --spouse--> Berta Fritsch --occupation--> conservation --described by source--> Small Brockhaus and Efron Encyclopedic Dictionary
row111,Q17277888|Q5375476,Q17277888,Gottlieb Friedrich Reber,Q5375476,Enclosed Field with Peasant,1,1,INCLUDE,0.95,1,INCLUDE,0.95,4,4,Q65351,Paul Cassirer,P1830,owner of,Gottlieb Friedrich Reber --significant person--> Hermann Göring --owner of--> Portrait of Dr. Gachet --owned by--> Paul Cassirer --owner of--> Enclosed Field with Peasant
row116,Q17277888|Q2105269,Q17277888,Gottlieb Friedrich Reber,Q2105269,Portrait of Henri Rochefort,0,1,INCLUDE,0.95,1,INCLUDE,0.95,4,4,Q65351,Paul Cassirer,P1830,owner of,Gottlieb Friedrich Reber --significant person--> Hermann Göring --owner of--> Portrait of Dr. Gachet --owned by--> Paul Cassirer --owner of--> Portrait of Henri Rochefort
row126,Q17277888|Q17275827,Q17277888,Gottlieb Friedrich Reber,Q17275827,Portrait of a man in a plumed hat,0,1,INCLUDE,0.9,1,INCLUDE,0.9,4,4,Q221092,Mauritshuis,P1830,owner of,Gottlieb Friedrich Reber --significant person--> Hermann Göring --owner of--> Saint Catherine --owned by--> Mauritshuis --owner of--> Portrait of a man in a plumed hat
row136,Q17277888|Q64216457,Q17277888,Gottlieb Friedrich Reber,Q64216457,Galerie Jacques Dubourg,1,1,INCLUDE,0.95,1,INCLUDE,0.95,4,4,Q17177416,Jacques Dubourg,P1830,owner of,Gottlieb Friedrich Reber --owner of--> Still Life with Guitar --owned by--> Theodore Schempp --significant person--> Jacques Dubourg --owner of--> Galerie Jacques Dubourg
row232,Q17277888|Q26689481,Q17277888,Gottlieb Friedrich Reber,Q26689481,La Ferté,1,1,INCLUDE,0.85,1,INCLUDE,0.85,4,4,Q17177416,Jacques Dubourg,P1830,owner of,Gottlieb Friedrich Reber --owner of--> Still Life with Guitar --owned by--> Theodore Schempp --significant person--> Jacques Dubourg --owner of--> La Ferté
row254,Q17277888|Q72961007,Q17277888,Gottlieb Friedrich Reber,Q72961007,Margaret Silberman,1,1,INCLUDE,0.85,1,INCLUDE,0.85,4,4,Q77257348,Abris Silberman,P26,spouse,Gottlieb Friedrich Reber --owner of--> Mandolin and Fruit Dish --owned by--> E. & A. Silberman Galleries --owned by--> Abris Silberman --spouse--> Margaret Silberman
row270,Q17277888|Q219477,Q17277888,Gottlieb Friedrich Reber,Q219477,missionary,0,0,PRUNED_BY_ANCESTOR,,0,EXCLUDE,0.95,4,4,Q179718,Catherine of Alexandria,P106,occupation,Gottlieb Friedrich Reber --significant person--> Hermann Göring --owner of--> Saint Catherine --main subject--> Catherine of Alexandria --occupation--> missionary
row282,Q17277888|Q22083543,Q17277888,Gottlieb Friedrich Reber,Q22083543,,0,0,EXCLUDE,0.9,0,EXCLUDE,0.9,4,4,Q53620,Hjalmar Branting,P1343,described by source,Gottlieb Friedrich Reber --significant person--> Hermann Göring --significant person--> Alma Hedin --significant person--> Hjalmar Branting --described by source--> Q22083543
row283,Q17277888|Q110952532,Q17277888,Gottlieb Friedrich Reber,Q110952532,,0,0,EXCLUDE,0.9,0,EXCLUDE,0.9,4,4,Q53620,Hjalmar Branting,P1343,described by source,Gottlieb Friedrich Reber --significant person--> Hermann Göring --significant person--> Alma Hedin --significant person--> Hjalmar Branting --described by source--> Q110952532
row305,Q17277888|Q19754058,Q17277888,Gottlieb Friedrich Reber,Q19754058,Otto Kallir,1,1,INCLUDE,0.95,1,INCLUDE,0.95,4,4,Q19883543,Doctor Emma Veronika Sanders,P127,owned by,Gottlieb Friedrich Reber --owner of--> Mandolin and Fruit Dish --owned by--> E. & A. Silberman Galleries --owner of--> Doctor Emma Veronika Sanders --owned by--> Otto Kallir
row320,Q17277888|Q2041543,Q17277888,Gottlieb Friedrich Reber,Q2041543,Ottův slovník naučný,0,0,PRUNED_BY_ANCESTOR,,0,EXCLUDE,0.9,4,4,Q2186896,estate,P1343,described by source,Gottlieb Friedrich Reber --significant person--> Hermann Göring --owner of--> Jupiter and Antiope --owned by--> estate --described by source--> Ottův slovník naučný
row322,Q17277888|Q4532138,Q17277888,Gottlieb Friedrich Reber,Q4532138,Granat Encyclopedic Dictionary,0,0,PRUNED_BY_ANCESTOR,,0,EXCLUDE,0.95,4,4,Q12362622,philanthropist,P1343,described by source,Gottlieb Friedrich Reber --significant person--> Hermann Göring --significant person--> Alma Hedin --occupation--> philanthropist --described by source--> Granat Encyclopedic Dictionary
row338,Q17277888|Q152002,Q17277888,Gottlieb Friedrich Reber,Q152002,pastor,0,0,EXCLUDE,0.95,0,EXCLUDE,0.95,4,4,Q159723,Nathan Söderblom,P106,occupation,Gottlieb Friedrich Reber --significant person--> Hermann Göring --significant person--> Alma Hedin --significant person--> Nathan Söderblom --occupation--> pastor
row376,Q17277888|Q1397808,Q17277888,Gottlieb Friedrich Reber,Q1397808,resistance fighter,0,0,PRUNED_BY_ANCESTOR,,0,EXCLUDE,0.8,4,4,Q62537,Albert Göring,P106,occupation,Gottlieb Friedrich Reber --significant person--> Hermann Göring --father--> Heinrich Ernst Göring --child--> Albert Göring --occupation--> resistance fighter
row421,Q17277888|Q73357989,Q17277888,Gottlieb Friedrich Reber,Q73357989,Survey of GLAM open access policy and practice,0,0,EXCLUDE,0.95,0,EXCLUDE,0.95,4,4,Q1766396,Rijksdienst voor het Cultureel Erfgoed,P1343,described by source,Gottlieb Friedrich Reber --significant person--> Hermann Göring --owner of--> Saint Catherine --owned by--> Rijksdienst voor het Cultureel Erfgoed --described by source--> Survey of GLAM open access policy and practice
row434,Q17277888|Q10685690,Q17277888,Gottlieb Friedrich Reber,Q10685690,Svenskt konstnärslexikon,0,0,EXCLUDE,0.95,0,EXCLUDE,0.95,4,4,Q5795821,Abraham Ludvig Hedin,P1343,described by source,Gottlieb Friedrich Reber --significant person--> Hermann Göring --significant person--> Alma Hedin --father--> Abraham Ludvig Hedin --described by source--> Svenskt konstnärslexikon
row454,Q17277888|Q602358,Q17277888,Gottlieb Friedrich Reber,Q602358,Brockhaus and Efron Encyclopedic Dictionary,0,0,PRUNED_BY_ANCESTOR,,0,EXCLUDE,0.95,4,4,Q217102,conservation,P1343,described by source,Gottlieb Friedrich Reber --significant person--> Walter Hofer --spouse--> Berta Fritsch --occupation--> conservation --described by source--> Brockhaus and Efron Encyclopedic Dictionary
row505,Q17277888|Q42973,Q17277888,Gottlieb Friedrich Reber,Q42973,architect,0,0,EXCLUDE,0.95,0,EXCLUDE,0.95,4,4,Q5795821,Abraham Ludvig Hedin,P106,occupation,Gottlieb Friedrich Reber --significant person--> Hermann Göring --significant person--> Alma Hedin --father--> Abraham Ludvig Hedin --occupation--> architect
row559,Q17277888|Q1568434,Q17277888,Gottlieb Friedrich Reber,Q1568434,Yale University Art Gallery,1,1,INCLUDE,0.95,1,INCLUDE,0.95,4,4,Q49277675,"Polymnia, the Muse of Sacred Hymn",P127,owned by,"Gottlieb Friedrich Reber --owner of--> Mandolin and Fruit Dish --owned by--> E. & A. Silberman Galleries --owner of--> Polymnia, the Muse of Sacred Hymn --owned by--> Yale University Art Gallery"
row664,Q17277888|Q13382529,Q17277888,Gottlieb Friedrich Reber,Q13382529,WikiProject about human rights,0,0,PRUNED_BY_ANCESTOR,,0,EXCLUDE,0.95,4,4,Q2070370,subsequent Nuremberg trials,P5008,on focus list of Wikimedia project,Gottlieb Friedrich Reber --significant person--> Hermann Göring --on focus list of Wikimedia project--> Wikiproject Nuremberg Trials --main subject--> subsequent Nuremberg trials --on focus list of Wikimedia project--> WikiProject Human rights
row674,Q17277888|Q96971115,Q17277888,Gottlieb Friedrich Reber,Q96971115,Whereabouts of paintings 1933,1,1,INCLUDE,0.95,1,INCLUDE,0.95,4,4,Q2805058,Cupid complaining to Venus,P1343,described by source,Gottlieb Friedrich Reber --owner of--> Mandolin and Fruit Dish --owned by--> E. & A. Silberman Galleries --owner of--> Cupid complaining to Venus --described by source--> Whereabouts of paintings 1933
row695,Q17277888|Q2546745,Q17277888,Gottlieb Friedrich Reber,Q2546745,Walter Westfeld,1,1,INCLUDE,0.95,1,INCLUDE,0.95,4,4,Q20539227,Portrait of a Man and Woman in an Interior,P127,owned by,Gottlieb Friedrich Reber --owner of--> Mandolin and Fruit Dish --owned by--> E. & A. Silberman Galleries --owner of--> Portrait of a Man and Woman in an Interior --owned by--> Walter Westfeld
row781,Q17277888|Q1622272,Q17277888,Gottlieb Friedrich Reber,Q1622272,university teacher,0,0,EXCLUDE,0.95,0,EXCLUDE,0.95,4,4,Q159723,Nathan Söderblom,P106,occupation,Gottlieb Friedrich Reber --significant person--> Hermann Göring --significant person--> Alma Hedin --significant person--> Nathan Söderblom --occupation--> university teacher
row825,Q17277888|Q1321055,Q17277888,Gottlieb Friedrich Reber,Q1321055,Tilla Durieux,1,1,INCLUDE,0.95,1,INCLUDE,0.95,4,4,Q65351,Paul Cassirer,P1830,owner of,Gottlieb Friedrich Reber --significant person--> Hermann Göring --owner of--> Portrait of Dr. Gachet --owned by--> Paul Cassirer --owner of--> Tilla Durieux
row826,Q17277888|Q78793,Q17277888,Gottlieb Friedrich Reber,Q78793,Tilla Durieux,1,1,INCLUDE,0.9,1,INCLUDE,0.9,4,4,Q65351,Paul Cassirer,P26,spouse,Gottlieb Friedrich Reber --significant person--> Hermann Göring --owner of--> Portrait of Dr. Gachet --owned by--> Paul Cassirer --spouse--> Tilla Durieux
row873,Q17277888|Q1810348,Q17277888,Gottlieb Friedrich Reber,Q1810348,The Quai Malaquais and the Institute,1,1,INCLUDE,0.95,1,INCLUDE,0.95,4,4,Q65351,Paul Cassirer,P1830,owner of,Gottlieb Friedrich Reber --significant person--> Hermann Göring --owner of--> Portrait of Dr. Gachet --owned by--> Paul Cassirer --owner of--> The Quai Malaquais and the Institute
row928,Q17277888|Q1760539,Q17277888,Gottlieb Friedrich Reber,Q1760539,Saint Louis Art Museum,1,1,INCLUDE,0.95,1,INCLUDE,0.95,4,4,Q78676146,Interior at Nice,P127,owned by,Gottlieb Friedrich Reber --owner of--> Still Life with Guitar --owned by--> Theodore Schempp --owner of--> Interior at Nice --owned by--> Saint Louis Art Museum
row956,Q17277888|Q83488454,Q17277888,Gottlieb Friedrich Reber,Q83488454,Revealed: National Gallery's Cranach is war loot,1,1,INCLUDE,0.95,1,INCLUDE,0.95,4,4,Q2805058,Cupid complaining to Venus,P1343,described by source,Gottlieb Friedrich Reber --owner of--> Mandolin and Fruit Dish --owned by--> E. & A. Silberman Galleries --owner of--> Cupid complaining to Venus --described by source--> Revealed: National Gallery's Cranach is war loot
row1057,Q17277888|Q33231,Q17277888,Gottlieb Friedrich Reber,Q33231,photographer,0,0,EXCLUDE,0.85,0,EXCLUDE,0.85,4,4,Q3059832,Eugène Druet,P106,occupation,Gottlieb Friedrich Reber --significant person--> Hermann Göring --owner of--> Portrait of Dr. Gachet --owned by--> Eugène Druet --occupation--> photographer
row1109,Q17277888|Q78060740,Q17277888,Gottlieb Friedrich Reber,Q78060740,Paul Cassirer Gallery,1,1,INCLUDE,0.95,1,INCLUDE,0.95,4,4,Q65351,Paul Cassirer,P1830,owner of,Gottlieb Friedrich Reber --significant person--> Hermann Göring --owner of--> Portrait of Dr. Gachet --owned by--> Paul Cassirer --owner of--> Paul Cassirer Gallery
row1196,Q17277888|Q104820943,Q17277888,Gottlieb Friedrich Reber,Q104820943,Jewish Collectors and Art Dealers (Victims of Nazi persecution and expropriation),1,1,INCLUDE,0.95,1,INCLUDE,0.95,4,4,Q72958372,Elkan Silberman,P1343,described by source,Gottlieb Friedrich Reber --owner of--> Mandolin and Fruit Dish --owned by--> E. & A. Silberman Galleries --owned by--> Elkan Silberman --described by source--> Jewish Collectors and Art Dealers (Victims of Nazi persecution and expropriation)
row1235,Q17277888|Q17421703,Q17277888,Gottlieb Friedrich Reber,Q17421703,Henry Pearlman,1,1,INCLUDE,0.95,1,INCLUDE,0.95,4,4,Q19883543,Doctor Emma Veronika Sanders,P127,owned by,Gottlieb Friedrich Reber --owner of--> Mandolin and Fruit Dish --owned by--> E. & A. Silberman Galleries --owner of--> Doctor Emma Veronika Sanders --owned by--> Henry Pearlman
row1376,Q17277888|Q27431468,Q17277888,Gottlieb Friedrich Reber,Q27431468,Galerie St. Etienne,1,1,INCLUDE,0.95,1,INCLUDE,0.95,4,4,Q19883543,Doctor Emma Veronika Sanders,P127,owned by,Gottlieb Friedrich Reber --owner of--> Mandolin and Fruit Dish --owned by--> E. & A. Silberman Galleries --owner of--> Doctor Emma Veronika Sanders --owned by--> Galerie St. Etienne
row1396,Q17277888|Q21078532,Q17277888,Gottlieb Friedrich Reber,Q21078532,G. David Thompson,1,1,INCLUDE,0.95,1,INCLUDE,0.95,4,4,Q19883498,Two Nudes,P127,owned by,Gottlieb Friedrich Reber --owner of--> Mandolin and Fruit Dish --owned by--> E. & A. Silberman Galleries --owner of--> Two Nudes --owned by--> G. David Thompson
row1544,Q17277888|Q1607826,Q17277888,Gottlieb Friedrich Reber,Q1607826,editor,0,0,EXCLUDE,0.95,0,EXCLUDE,0.95,4,4,Q61940549,Joseph Pulitzer,P106,occupation,"Gottlieb Friedrich Reber --owner of--> Mandolin and Fruit Dish --owned by--> Joseph Pulitzer, Jr. --father--> Joseph Pulitzer --occupation--> editor"
row1630,Q17277888|Q4904268,Q17277888,Gottlieb Friedrich Reber,Q4904268,Curt Valentin,1,1,INCLUDE,0.95,1,INCLUDE,0.95,4,4,Q19883543,Doctor Emma Veronika Sanders,P127,owned by,Gottlieb Friedrich Reber --owner of--> Mandolin and Fruit Dish --owned by--> E. & A. Silberman Galleries --owner of--> Doctor Emma Veronika Sanders --owned by--> Curt Valentin
row1655,Q17277888|Q876864,Q17277888,Gottlieb Friedrich Reber,Q876864,contributing editor,0,0,EXCLUDE,0.95,0,EXCLUDE,0.95,4,4,Q53620,Hjalmar Branting,P106,occupation,Gottlieb Friedrich Reber --significant person--> Hermann Göring --significant person--> Alma Hedin --significant person--> Hjalmar Branting --occupation--> contributing editor
row1693,Q17277888|Q212238,Q17277888,Gottlieb Friedrich Reber,Q212238,civil servant,0,0,EXCLUDE,0.95,0,EXCLUDE,0.95,4,4,Q5795712,Carl Hederstierna,P106,occupation,Gottlieb Friedrich Reber --significant person--> Hermann Göring --significant person--> Alma Hedin --significant person--> Carl Hederstierna --occupation--> civil servant
row1786,Q17277888|Q18223037,Q17277888,Gottlieb Friedrich Reber,Q18223037,Bunch of Asparagus,1,1,INCLUDE,0.95,1,INCLUDE,0.95,4,4,Q65351,Paul Cassirer,P1830,owner of,Gottlieb Friedrich Reber --significant person--> Hermann Göring --owner of--> Portrait of Dr. Gachet --owned by--> Paul Cassirer --owner of--> Bunch of Asparagus
row1887,Q17277888|Q239303,Q17277888,Gottlieb Friedrich Reber,Q239303,Art Institute of Chicago,1,1,INCLUDE,0.95,1,INCLUDE,0.95,4,4,Q19681547,"View of Pirna, from Sonnestein Castle",P127,owned by,"Gottlieb Friedrich Reber --owner of--> Mandolin and Fruit Dish --owned by--> E. & A. Silberman Galleries --owner of--> View of Pirna, from Sonnestein Castle --owned by--> Art Institute of Chicago"
row2063,Q17277888|Q1970945,Q17277888,Gottlieb Friedrich Reber,Q1970945,Albright-Knox Art Gallery,1,1,INCLUDE,0.95,1,INCLUDE,0.95,4,4,Q78676146,Interior at Nice,P127,owned by,Gottlieb Friedrich Reber --owner of--> Still Life with Guitar --owned by--> Theodore Schempp --owner of--> Interior at Nice --owned by--> Albright-Knox Art Gallery
row2080,Q17277888|Q352,Q17277888,Gottlieb Friedrich Reber,Q352,Adolf Hitler,1,1,INCLUDE,0.95,1,INCLUDE,0.95,4,4,Q2805058,Cupid complaining to Venus,P127,owned by,Gottlieb Friedrich Reber --owner of--> Mandolin and Fruit Dish --owned by--> E. & A. Silberman Galleries --owner of--> Cupid complaining to Venus --owned by--> Adolf Hitler
row11,Q17277888|Q20275618,Q17277888,Gottlieb Friedrich Reber,Q20275618,A Peasant Woman Digging in Front of Her Cottage,1,1,INCLUDE,0.9,1,INCLUDE,0.9,5,5,Q239303,Art Institute of Chicago,P1830,owner of,"Gottlieb Friedrich Reber --owner of--> Mandolin and Fruit Dish --owned by--> E. & A. Silberman Galleries --owner of--> View of Pirna, from Sonnestein Castle --owned by--> Art Institute of Chicago --owner of--> A Peasant Woman Digging in Front of Her Cottage"
row21,Q17277888|Q20267520,Q17277888,Gottlieb Friedrich Reber,Q20267520,Abraham's Sacrifice of Isaac,0,1,INCLUDE,0.9,1,INCLUDE,0.9,5,5,Q239303,Art Institute of Chicago,P1830,owner of,"Gottlieb Friedrich Reber --owner of--> Mandolin and Fruit Dish --owned by--> E. & A. Silberman Galleries --owner of--> View of Pirna, from Sonnestein Castle --owned by--> Art Institute of Chicago --owner of--> Abraham's Sacrifice of Isaac"
row39,Q17277888|Q109496377,Q17277888,Gottlieb Friedrich Reber,Q109496377,WikiProject Applied arts,0,0,EXCLUDE,0.95,0,EXCLUDE,0.95,5,5,Q89929597,hedendaagsesieraden.nl,P5008,on focus list of Wikimedia project,Gottlieb Friedrich Reber --significant person--> Hermann Göring --owner of--> Saint Catherine --owned by--> Rijksdienst voor het Cultureel Erfgoed --described by source--> hedendaagsesieraden.nl --on focus list of Wikimedia project--> WikiProject Applied arts
row87,Q17277888|Q10501038,Q17277888,Gottlieb Friedrich Reber,Q10501038,Swedish church birth records,0,0,EXCLUDE,0.95,0,EXCLUDE,0.95,5,5,Q4966391,Ida Matton,P1343,described by source,Gottlieb Friedrich Reber --significant person--> Hermann Göring --significant person--> Alma Hedin --significant person--> Nathan Söderblom --significant person--> Ida Matton --described by source--> Swedish church birth records
row138,Q17277888|Q20771242,Q17277888,Gottlieb Friedrich Reber,Q20771242,gallerist,1,1,INCLUDE,0.85,1,INCLUDE,0.85,5,5,Q4904268,Curt Valentin,P106,occupation,Gottlieb Friedrich Reber --owner of--> Mandolin and Fruit Dish --owned by--> E. & A. Silberman Galleries --owner of--> Doctor Emma Veronika Sanders --owned by--> Curt Valentin --occupation--> gallerist
row175,Q17277888|Q54149726,Q17277888,Gottlieb Friedrich Reber,Q54149726,Hitler and Genghis Khan,0,0,EXCLUDE,0.8,0,EXCLUDE,0.8,5,5,Q352,Adolf Hitler,P1343,described by source,Gottlieb Friedrich Reber --owner of--> Mandolin and Fruit Dish --owned by--> E. & A. Silberman Galleries --owner of--> Cupid complaining to Venus --owned by--> Adolf Hitler --described by source--> Hitler and Genghis Khan
row217,Q17277888|Q1706617,Q17277888,Gottlieb Friedrich Reber,Q1706617,Joseph Beuys,0,1,INCLUDE,0.8,1,INCLUDE,0.8,5,5,Q239303,Art Institute of Chicago,P1830,owner of,"Gottlieb Friedrich Reber --owner of--> Mandolin and Fruit Dish --owned by--> E. & A. Silberman Galleries --owner of--> View of Pirna, from Sonnestein Castle --owned by--> Art Institute of Chicago --owner of--> Joseph Beuys"
row220,Q17277888|Q47530987,Q17277888,Gottlieb Friedrich Reber,Q47530987,Julius Böhler Jr.,1,1,INCLUDE,0.9,1,INCLUDE,0.9,5,5,Q1731388,Karl Haberstock,P3342,significant person,"Gottlieb Friedrich Reber --owner of--> Mandolin and Fruit Dish --owned by--> E. & A. Silberman Galleries --owner of--> View of Pirna, from Sonnestein Castle --owned by--> Karl Haberstock --significant person--> Julius Böhler Jr."
row260,Q17277888|Q99413897,Q17277888,Gottlieb Friedrich Reber,Q99413897,Medvik,0,0,EXCLUDE,0.9,0,EXCLUDE,0.9,5,5,Q352,Adolf Hitler,P1343,described by source,Gottlieb Friedrich Reber --owner of--> Mandolin and Fruit Dish --owned by--> E. & A. Silberman Galleries --owner of--> Cupid complaining to Venus --owned by--> Adolf Hitler --described by source--> Medvik
row278,Q17277888|Q1066835,Q17277888,Gottlieb Friedrich Reber,Q1066835,New York World,0,0,EXCLUDE,0.95,0,EXCLUDE,0.95,5,5,Q173417,Joseph Pulitzer,P1830,owner of,"Gottlieb Friedrich Reber --owner of--> Mandolin and Fruit Dish --owned by--> Joseph Pulitzer, Jr. --father--> Joseph Pulitzer --father--> Joseph Pulitzer --owner of--> New York World"
row284,Q17277888|Q58366813,Q17277888,Gottlieb Friedrich Reber,Q58366813,1877 State Calendar of Sweden,0,0,EXCLUDE,0.99,0,EXCLUDE,0.99,5,5,Q5734641,Alfred Fock,P1343,described by source,Gottlieb Friedrich Reber --significant person--> Hermann Göring --spouse--> Carin Göring --father--> Carl Alexander Fock --father--> Alfred Fock --described by source--> 1877 State Calendar of Sweden
row285,Q17277888|Q21600495,Q17277888,Gottlieb Friedrich Reber,Q21600495,,0,0,EXCLUDE,0.99,0,EXCLUDE,0.99,5,5,Q5734641,Alfred Fock,P1343,described by source,Gottlieb Friedrich Reber --significant person--> Hermann Göring --spouse--> Carin Göring --father--> Carl Alexander Fock --father--> Alfred Fock --described by source--> Q21600495
row316,Q17277888|Q20078554,Q17277888,Gottlieb Friedrich Reber,Q20078554,Great Soviet Encyclopedia (1926–1947),0,0,EXCLUDE,0.95,0,EXCLUDE,0.95,5,5,Q352,Adolf Hitler,P1343,described by source,Gottlieb Friedrich Reber --owner of--> Mandolin and Fruit Dish --owned by--> E. & A. Silberman Galleries --owner of--> Cupid complaining to Venus --owned by--> Adolf Hitler --described by source--> Great Soviet Encyclopedia (1926–1947)
row473,Q17277888|Q98281053,Q17277888,Gottlieb Friedrich Reber,Q98281053,biografiA: Lexikon österreichischer Frauen,0,0,EXCLUDE,0.85,0,EXCLUDE,0.85,5,5,Q78793,Tilla Durieux,P1343,described by source,Gottlieb Friedrich Reber --significant person--> Hermann Göring --owner of--> Portrait of Dr. Gachet --owned by--> Paul Cassirer --spouse--> Tilla Durieux --described by source--> biografiA: Lexikon österreichischer Frauen
row488,Q17277888|Q20267585,Q17277888,Gottlieb Friedrich Reber,Q20267585,The Rape of Europa,0,1,INCLUDE,0.9,1,INCLUDE,0.9,5,5,Q239303,Art Institute of Chicago,P1830,owner of,"Gottlieb Friedrich Reber --owner of--> Mandolin and Fruit Dish --owned by--> E. & A. Silberman Galleries --owner of--> View of Pirna, from Sonnestein Castle --owned by--> Art Institute of Chicago --owner of--> The Rape of Europa"
row510,Q17277888|Q12912667,Q17277888,Gottlieb Friedrich Reber,Q12912667,Appletons' Cyclopædia of American Biography,0,0,EXCLUDE,0.95,0,EXCLUDE,0.95,5,5,Q173417,Joseph Pulitzer,P1343,described by source,"Gottlieb Friedrich Reber --owner of--> Mandolin and Fruit Dish --owned by--> Joseph Pulitzer, Jr. --father--> Joseph Pulitzer --father--> Joseph Pulitzer --described by source--> Appletons' Cyclopædia of American Biography"
row652,Q17277888|Q105757729,Q17277888,Gottlieb Friedrich Reber,Q105757729,WikiProject PCC Wikidata Pilot — Smithsonian Libraries — Artists Files,0,0,EXCLUDE,0.95,0,EXCLUDE,0.95,5,5,Q4904268,Curt Valentin,P5008,on focus list of Wikimedia project,Gottlieb Friedrich Reber --owner of--> Mandolin and Fruit Dish --owned by--> E. & A. Silberman Galleries --owner of--> Doctor Emma Veronika Sanders --owned by--> Curt Valentin --on focus list of Wikimedia project--> WikiProject PCC Wikidata Pilot — Smithsonian Libraries — Artists Files
row706,Q17277888|Q2544162,Q17277888,Gottlieb Friedrich Reber,Q2544162,Walter Feilchenfeldt,1,1,INCLUDE,0.95,1,INCLUDE,0.95,5,5,Q1321055,Tilla Durieux,P127,owned by,Gottlieb Friedrich Reber --significant person--> Hermann Göring --owner of--> Portrait of Dr. Gachet --owned by--> Paul Cassirer --owner of--> Tilla Durieux --owned by--> Walter Feilchenfeldt
row712,Q17277888|Q19885021,Q17277888,Gottlieb Friedrich Reber,Q19885021,Wall with Inscriptions,0,1,INCLUDE,0.9,1,INCLUDE,0.9,5,5,Q21078532,G. David Thompson,P1830,owner of,Gottlieb Friedrich Reber --owner of--> Mandolin and Fruit Dish --owned by--> E. & A. Silberman Galleries --owner of--> Two Nudes --owned by--> G. David Thompson --owner of--> Wall with Inscriptions
row794,Q17277888|Q20553562,Q17277888,Gottlieb Friedrich Reber,Q20553562,Two Nudes (Lovers),1,1,INCLUDE,0.9,1,INCLUDE,0.9,5,5,Q27431468,Galerie St. Etienne,P1830,owner of,Gottlieb Friedrich Reber --owner of--> Mandolin and Fruit Dish --owned by--> E. & A. Silberman Galleries --owner of--> Doctor Emma Veronika Sanders --owned by--> Galerie St. Etienne --owner of--> Two Nudes (Lovers)
row835,Q17277888|Q106874309,Q17277888,Gottlieb Friedrich Reber,Q106874309,Three Figures with Furniture-like Forms,1,1,INCLUDE,0.95,1,INCLUDE,0.95,5,5,Q21078532,G. David Thompson,P1830,owner of,Gottlieb Friedrich Reber --owner of--> Mandolin and Fruit Dish --owned by--> E. & A. Silberman Galleries --owner of--> Two Nudes --owned by--> G. David Thompson --owner of--> Three Figures with Furniture-like Forms
row860,Q17277888|Q3387717,Q17277888,Gottlieb Friedrich Reber,Q3387717,theatrical director,0,0,EXCLUDE,0.99,0,EXCLUDE,0.99,5,5,Q58755334,Elkhanah Pulitzer,P106,occupation,"Gottlieb Friedrich Reber --owner of--> Mandolin and Fruit Dish --owned by--> Joseph Pulitzer, Jr. --child--> Jay Pulitzer --child--> Elkhanah Pulitzer --occupation--> theatrical director"
row865,Q17277888|Q42877939,Q17277888,Gottlieb Friedrich Reber,Q42877939,The Swimmers,1,1,INCLUDE,0.95,1,INCLUDE,0.95,5,5,Q21078532,G. David Thompson,P1830,owner of,Gottlieb Friedrich Reber --owner of--> Mandolin and Fruit Dish --owned by--> E. & A. Silberman Galleries --owner of--> Two Nudes --owned by--> G. David Thompson --owner of--> The Swimmers
row934,Q17277888|Q75837445,Q17277888,Gottlieb Friedrich Reber,Q75837445,Rose Pearlman,1,1,INCLUDE,0.85,1,INCLUDE,0.85,5,5,Q17421703,Henry Pearlman,P26,spouse,Gottlieb Friedrich Reber --owner of--> Mandolin and Fruit Dish --owned by--> E. & A. Silberman Galleries --owner of--> Doctor Emma Veronika Sanders --owned by--> Henry Pearlman --spouse--> Rose Pearlman
row946,Q17277888|Q1998160,Q17277888,Gottlieb Friedrich Reber,Q1998160,Robert Noortman,1,1,INCLUDE,0.85,1,INCLUDE,0.85,5,5,Q17276281,Portrait of Johan Maurits van Nassau -Siegen (1604-1679),P127,owned by,Gottlieb Friedrich Reber --significant person--> Hermann Göring --owner of--> Saint Catherine --owned by--> Mauritshuis --owner of--> Portrait of Johan Maurits van Nassau -Siegen (1604-1679) --owned by--> Robert Noortman
row1018,Q17277888|Q15958642,Q17277888,Gottlieb Friedrich Reber,Q15958642,political writer,0,0,EXCLUDE,0.99,0,EXCLUDE,0.99,5,5,Q352,Adolf Hitler,P106,occupation,Gottlieb Friedrich Reber --owner of--> Mandolin and Fruit Dish --owned by--> E. & A. Silberman Galleries --owner of--> Cupid complaining to Venus --owned by--> Adolf Hitler --occupation--> political writer
row1021,Q17277888|Q1238570,Q17277888,Gottlieb Friedrich Reber,Q1238570,political scientist,0,0,EXCLUDE,0.99,0,EXCLUDE,0.99,5,5,Q154759,Sven Hedin,P106,occupation,Gottlieb Friedrich Reber --significant person--> Hermann Göring --significant person--> Alma Hedin --father--> Abraham Ludvig Hedin --child--> Sven Hedin --occupation--> political scientist
row1040,Q17277888|Q39931,Q17277888,Gottlieb Friedrich Reber,Q39931,Pierre-Auguste Renoir,1,1,INCLUDE,0.9,1,INCLUDE,0.9,5,5,Q1321055,Tilla Durieux,P127,owned by,Gottlieb Friedrich Reber --significant person--> Hermann Göring --owner of--> Portrait of Dr. Gachet --owned by--> Paul Cassirer --owner of--> Tilla Durieux --owned by--> Pierre-Auguste Renoir
row1052,Q17277888|Q39631,Q17277888,Gottlieb Friedrich Reber,Q39631,physician,0,0,EXCLUDE,0.99,0,EXCLUDE,0.99,5,5,Q53438298,Sven Anders Hedin,P106,occupation,Gottlieb Friedrich Reber --significant person--> Hermann Göring --significant person--> Alma Hedin --father--> Abraham Ludvig Hedin --father--> Sven Anders Hedin --occupation--> physician
row1123,Q17277888|Q328376,Q17277888,Gottlieb Friedrich Reber,Q328376,Nazi plunder,1,1,INCLUDE,0.9,1,INCLUDE,0.9,5,5,Q83488454,Revealed: National Gallery's Cranach is war loot,P921,main subject,Gottlieb Friedrich Reber --owner of--> Mandolin and Fruit Dish --owned by--> E. & A. Silberman Galleries --owner of--> Cupid complaining to Venus --described by source--> Revealed: National Gallery's Cranach is war loot --main subject--> Nazi plunder
row1127,Q17277888|Q7319,Q17277888,Gottlieb Friedrich Reber,Q7319,Nazi Era,1,1,INCLUDE,0.8,1,INCLUDE,0.8,5,5,Q96971115,Whereabouts of paintings 1933,P921,main subject,Gottlieb Friedrich Reber --owner of--> Mandolin and Fruit Dish --owned by--> E. & A. Silberman Galleries --owner of--> Cupid complaining to Venus --described by source--> Whereabouts of paintings 1933 --main subject--> Nazi Era
row1132,Q17277888|Q7320,Q17277888,Gottlieb Friedrich Reber,Q7320,Nazi Party,1,1,INCLUDE,0.95,1,INCLUDE,0.95,5,5,Q1810348,The Quai Malaquais and the Institute,P127,owned by,Gottlieb Friedrich Reber --significant person--> Hermann Göring --owner of--> Portrait of Dr. Gachet --owned by--> Paul Cassirer --owner of--> The Quai Malaquais and the Institute --owned by--> National Socialist German Workers' Party
row1144,Q17277888|Q125634,Q17277888,Gottlieb Friedrich Reber,Q125634,Museum Folkwang,1,1,INCLUDE,0.99,1,INCLUDE,0.99,5,5,Q2783729,Lise with Umbrella,P127,owned by,Gottlieb Friedrich Reber --significant person--> Hermann Göring --owner of--> Portrait of Dr. Gachet --owned by--> Paul Cassirer --owner of--> Lise with Umbrella --owned by--> Museum Folkwang
row1150,Q17277888|Q160236,Q17277888,Gottlieb Friedrich Reber,Q160236,Metropolitan Museum of Art,1,1,INCLUDE,0.99,1,INCLUDE,0.99,5,5,Q1321055,Tilla Durieux,P127,owned by,Gottlieb Friedrich Reber --significant person--> Hermann Göring --owner of--> Portrait of Dr. Gachet --owned by--> Paul Cassirer --owner of--> Tilla Durieux --owned by--> Metropolitan Museum of Art
row1219,Q17277888|Q8458,Q17277888,Gottlieb Friedrich Reber,Q8458,human rights,0,0,PRUNED_BY_ANCESTOR,,0,EXCLUDE,0.95,5,5,Q13382529,WikiProject Human rights,P921,main subject,Gottlieb Friedrich Reber --significant person--> Hermann Göring --on focus list of Wikimedia project--> Wikiproject Nuremberg Trials --main subject--> subsequent Nuremberg trials --on focus list of Wikimedia project--> WikiProject Human rights --main subject--> human rights
row1225,Q17277888|Q65059,Q17277888,Gottlieb Friedrich Reber,Q65059,Hermann Josef Abs,1,1,INCLUDE,0.95,1,INCLUDE,0.95,5,5,Q18223037,Bunch of Asparagus,P127,owned by,Gottlieb Friedrich Reber --significant person--> Hermann Göring --owner of--> Portrait of Dr. Gachet --owned by--> Paul Cassirer --owner of--> Bunch of Asparagus --owned by--> Hermann Josef Abs
row1337,Q17277888|Q97753,Q17277888,Gottlieb Friedrich Reber,Q97753,Gottfried Bermann,1,1,INCLUDE,0.95,1,INCLUDE,0.95,5,5,Q1810348,The Quai Malaquais and the Institute,P127,owned by,Gottlieb Friedrich Reber --significant person--> Hermann Göring --owner of--> Portrait of Dr. Gachet --owned by--> Paul Cassirer --owner of--> The Quai Malaquais and the Institute --owned by--> Gottfried Bermann
row1342,Q17277888|Q40023372,Q17277888,Gottlieb Friedrich Reber,Q40023372,Gisela Fischer,1,1,INCLUDE,0.95,1,INCLUDE,0.95,5,5,Q1810348,The Quai Malaquais and the Institute,P127,owned by,Gottlieb Friedrich Reber --significant person--> Hermann Göring --owner of--> Portrait of Dr. Gachet --owned by--> Paul Cassirer --owner of--> The Quai Malaquais and the Institute --owned by--> Gisela Fischer
row1361,Q17277888|Q16947320,Q17277888,Gottlieb Friedrich Reber,Q16947320,geopolitician,0,0,EXCLUDE,0.99,0,EXCLUDE,0.99,5,5,Q154759,Sven Hedin,P106,occupation,Gottlieb Friedrich Reber --significant person--> Hermann Göring --significant person--> Alma Hedin --father--> Abraham Ludvig Hedin --child--> Sven Hedin --occupation--> geopolitician
row1362,Q17277888|Q901402,Q17277888,Gottlieb Friedrich Reber,Q901402,geographer,0,0,EXCLUDE,0.99,0,EXCLUDE,0.99,5,5,Q154759,Sven Hedin,P106,occupation,Gottlieb Friedrich Reber --significant person--> Hermann Göring --significant person--> Alma Hedin --father--> Abraham Ludvig Hedin --child--> Sven Hedin --occupation--> geographer
row1421,Q17277888|Q1979607,Q17277888,Gottlieb Friedrich Reber,Q1979607,financier,0,0,EXCLUDE,0.85,0,EXCLUDE,0.85,5,5,Q965335,"Charles de Morny, Duke of Morny",P106,occupation,"Gottlieb Friedrich Reber --owner of--> Mandolin and Fruit Dish --owned by--> E. & A. Silberman Galleries --owner of--> Portrait of a Man and Woman in an Interior --owned by--> Charles de Morny, Duke of Morny --occupation--> financier"
row1442,Q17277888|Q106866308,Q17277888,Gottlieb Friedrich Reber,Q106866308,Figures in a Landscape,1,1,INCLUDE,0.95,1,INCLUDE,0.95,5,5,Q21078532,G. David Thompson,P1830,owner of,Gottlieb Friedrich Reber --owner of--> Mandolin and Fruit Dish --owned by--> E. & A. Silberman Galleries --owner of--> Two Nudes --owned by--> G. David Thompson --owner of--> Figures in a Landscape
row1458,Q17277888|Q11900058,Q17277888,Gottlieb Friedrich Reber,Q11900058,explorer,0,0,EXCLUDE,0.95,0,EXCLUDE,0.95,5,5,Q154759,Sven Hedin,P106,occupation,Gottlieb Friedrich Reber --significant person--> Hermann Göring --significant person--> Alma Hedin --father--> Abraham Ludvig Hedin --child--> Sven Hedin --occupation--> explorer
row1462,Q17277888|Q76433,Q17277888,Gottlieb Friedrich Reber,Q76433,Eva Braun,0,0,EXCLUDE,0.8,0,EXCLUDE,0.8,5,5,Q352,Adolf Hitler,P26,spouse,Gottlieb Friedrich Reber --owner of--> Mandolin and Fruit Dish --owned by--> E. & A. Silberman Galleries --owner of--> Cupid complaining to Venus --owned by--> Adolf Hitler --spouse--> Eva Braun
row1494,Q17277888|Q2894644,Q17277888,Gottlieb Friedrich Reber,Q2894644,Ephrussi family,1,1,INCLUDE,0.95,1,INCLUDE,0.95,5,5,Q18223037,Bunch of Asparagus,P127,owned by,Gottlieb Friedrich Reber --significant person--> Hermann Göring --owner of--> Portrait of Dr. Gachet --owned by--> Paul Cassirer --owner of--> Bunch of Asparagus --owned by--> Ephrussi family
row1613,Q17277888|Q10478639,Q17277888,Gottlieb Friedrich Reber,Q10478639,church death record,0,0,EXCLUDE,0.95,0,EXCLUDE,0.95,5,5,Q4966391,Ida Matton,P1343,described by source,Gottlieb Friedrich Reber --significant person--> Hermann Göring --significant person--> Alma Hedin --significant person--> Nathan Söderblom --significant person--> Ida Matton --described by source--> death record
row1659,Q17277888|Q19883783,Q17277888,Gottlieb Friedrich Reber,Q19883783,Composition with Color Planes 5,1,1,INCLUDE,0.95,1,INCLUDE,0.95,5,5,Q21078532,G. David Thompson,P1830,owner of,Gottlieb Friedrich Reber --owner of--> Mandolin and Fruit Dish --owned by--> E. & A. Silberman Galleries --owner of--> Two Nudes --owned by--> G. David Thompson --owner of--> Composition with Color Planes 5
row1692,Q17277888|Q53438402,Q17277888,Gottlieb Friedrich Reber,Q53438402,Clara Westman,0,0,EXCLUDE,0.95,0,EXCLUDE,0.95,5,5,Q53438298,Sven Anders Hedin,P26,spouse,Gottlieb Friedrich Reber --significant person--> Hermann Göring --significant person--> Alma Hedin --father--> Abraham Ludvig Hedin --father--> Sven Anders Hedin --spouse--> Clara Westman
row1729,Q17277888|Q21069797,Q17277888,Gottlieb Friedrich Reber,Q21069797,Charles Carstairs,1,1,INCLUDE,0.9,1,INCLUDE,0.9,5,5,Q10288073,M. Knoedler & Co.,P127,owned by,Gottlieb Friedrich Reber --owner of--> Still Life with Guitar --owned by--> Theodore Schempp --owner of--> Barges at Pontoise --owned by--> M. Knoedler & Co. --owned by--> Charles Carstairs
row1751,Q17277888|Q106849354,Q17277888,Gottlieb Friedrich Reber,Q106849354,Cataract of Figures,1,1,INCLUDE,0.95,1,INCLUDE,0.95,5,5,Q21078532,G. David Thompson,P1830,owner of,Gottlieb Friedrich Reber --owner of--> Mandolin and Fruit Dish --owned by--> E. & A. Silberman Galleries --owner of--> Two Nudes --owned by--> G. David Thompson --owner of--> Cataract of Figures
row1754,Q17277888|Q16986324,Q17277888,Gottlieb Friedrich Reber,Q16986324,Catalog of the paintings on show at the Rijksmuseum in 1956,1,1,INCLUDE,0.9,1,INCLUDE,0.9,5,5,Q20177276,River Landscape with Ferry,P1343,described by source,Gottlieb Friedrich Reber --significant person--> Hermann Göring --owner of--> The Resurrection of Christ --owned by--> Jacques Goudstikker --owner of--> River Landscape with Ferry --described by source--> Catalog of the paintings on show at the Rijksmuseum in 1956
row1774,Q17277888|Q43845,Q17277888,Gottlieb Friedrich Reber,Q43845,businessperson,0,0,EXCLUDE,0.9,0,EXCLUDE,0.9,5,5,Q1871838,Louis M. Rabinowitz,P106,occupation,"Gottlieb Friedrich Reber --owner of--> Mandolin and Fruit Dish --owned by--> E. & A. Silberman Galleries --owner of--> Polymnia, the Muse of Sacred Hymn --owned by--> Louis M. Rabinowitz --occupation--> businessperson"
row1793,Q17277888|Q89582,Q17277888,Gottlieb Friedrich Reber,Q89582,Bruno Lohse,1,1,INCLUDE,0.95,1,INCLUDE,0.95,5,5,Q1810348,The Quai Malaquais and the Institute,P127,owned by,Gottlieb Friedrich Reber --significant person--> Hermann Göring --owner of--> Portrait of Dr. Gachet --owned by--> Paul Cassirer --owner of--> The Quai Malaquais and the Institute --owned by--> Bruno Lohse
row1814,Q17277888|Q15619234,Q17277888,Gottlieb Friedrich Reber,Q15619234,Bignou Gallery,1,1,INCLUDE,0.95,1,INCLUDE,0.95,5,5,Q1321055,Tilla Durieux,P127,owned by,Gottlieb Friedrich Reber --significant person--> Hermann Göring --owner of--> Portrait of Dr. Gachet --owned by--> Paul Cassirer --owner of--> Tilla Durieux --owned by--> Bignou Gallery
row1849,Q17277888|Q20276076,Q17277888,Gottlieb Friedrich Reber,Q20276076,Bathers by a River,1,1,INCLUDE,0.95,1,INCLUDE,0.95,5,5,Q17421703,Henry Pearlman,P1830,owner of,Gottlieb Friedrich Reber --owner of--> Mandolin and Fruit Dish --owned by--> E. & A. Silberman Galleries --owner of--> Doctor Emma Veronika Sanders --owned by--> Henry Pearlman --owner of--> Bathers by a River
row1854,Q17277888|Q806798,Q17277888,Gottlieb Friedrich Reber,Q806798,banker,0,0,EXCLUDE,0.9,0,EXCLUDE,0.9,5,5,Q21078532,G. David Thompson,P106,occupation,Gottlieb Friedrich Reber --owner of--> Mandolin and Fruit Dish --owned by--> E. & A. Silberman Galleries --owner of--> Two Nudes --owned by--> G. David Thompson --occupation--> banker
row1960,Q17277888|Q363383,Q17277888,Gottlieb Friedrich Reber,Q363383,Armand Hammer,1,1,INCLUDE,0.9,1,INCLUDE,0.9,5,5,Q10288073,M. Knoedler & Co.,P127,owned by,Gottlieb Friedrich Reber --owner of--> Still Life with Guitar --owned by--> Theodore Schempp --owner of--> Barges at Pontoise --owned by--> M. Knoedler & Co. --owned by--> Armand Hammer
row2065,Q17277888|Q60045,Q17277888,Gottlieb Friedrich Reber,Q60045,Albert Speer,0,0,EXCLUDE,0.8,0,EXCLUDE,0.8,5,5,Q352,Adolf Hitler,P3342,significant person,Gottlieb Friedrich Reber --owner of--> Mandolin and Fruit Dish --owned by--> E. & A. Silberman Galleries --owner of--> Cupid complaining to Venus --owned by--> Adolf Hitler --significant person--> Albert Speer
row2087,Q17277888|Q33999,Q17277888,Gottlieb Friedrich Reber,Q33999,actor,0,0,EXCLUDE,0.9,0,EXCLUDE,0.9,5,5,Q78793,Tilla Durieux,P106,occupation,Gottlieb Friedrich Reber --significant person--> Hermann Göring --owner of--> Portrait of Dr. Gachet --owned by--> Paul Cassirer --spouse--> Tilla Durieux --occupation--> actor
row1446,Q20178788|Q324935,Q20178788,Still Life with Apples,Q324935,Ferenc Hatvany,1,1,INCLUDE,0.98,1,INCLUDE,0.98,1,1,Q20178788,Still Life with Apples,P127,owned by,Still Life with Apples --owned by--> Ferenc Hatvany
row350,Q20178788|Q4808368,Q20178788,Still Life with Apples,Q4808368,Femme nue couchée,1,1,INCLUDE,0.95,1,INCLUDE,0.95,2,2,Q324935,Ferenc Hatvany,P1830,owner of,Still Life with Apples --owned by--> Ferenc Hatvany --owner of--> Femme nue couchée
row1942,Q20178788|Q10732476,Q20178788,Still Life with Apples,Q10732476,art collector,1,1,INCLUDE,0.8,1,INCLUDE,0.8,2,2,Q324935,Ferenc Hatvany,P106,occupation,Still Life with Apples --owned by--> Ferenc Hatvany --occupation--> art collector
row1781,Q20178788|Q43845,Q20178788,Still Life with Apples,Q43845,businessperson,0,0,EXCLUDE,0.95,0,EXCLUDE,0.95,3,3,Q1034379,Sándor Hatvany-Deutsch,P106,occupation,Still Life with Apples --owned by--> Ferenc Hatvany --father--> Sándor Hatvany-Deutsch --occupation--> businessperson
row1861,Q20178788|Q806798,Q20178788,Still Life with Apples,Q806798,banker,0,0,EXCLUDE,0.95,0,EXCLUDE,0.95,3,3,Q1034379,Sándor Hatvany-Deutsch,P106,occupation,Still Life with Apples --owned by--> Ferenc Hatvany --father--> Sándor Hatvany-Deutsch --occupation--> banker
row153,Q20178788|Q1768721,Q20178788,Still Life with Apples,Q1768721,Gujin Tushu Jicheng,0,0,PRUNED_BY_ANCESTOR,,0,EXCLUDE,0.99,4,4,Q43845,businessperson,P1343,described by source,Still Life with Apples --owned by--> Ferenc Hatvany --father--> Sándor Hatvany-Deutsch --occupation--> businessperson --described by source--> Gujin Tushu Jicheng
row423,Q214867|Q73357989,Q214867,National Gallery of Art,Q73357989,Survey of GLAM open access policy and practice,0,0,EXCLUDE,0.9,0,EXCLUDE,0.9,1,1,Q214867,National Gallery of Art,P1343,described by source,National Gallery of Art --described by source--> Survey of GLAM open access policy and practice
row1992,Q214867|Q46596638,Q214867,National Gallery of Art,Q46596638,Andrew W. Mellon collection,1,1,INCLUDE,0.95,1,INCLUDE,0.95,1,1,Q214867,National Gallery of Art,P1830,owner of,National Gallery of Art --owner of--> Andrew W. Mellon collection
row1867,Q214867|Q766863,Q214867,National Gallery of Art,Q766863,Auguste Pellerin,1,1,INCLUDE,0.99,1,INCLUDE,0.99,2,2,Q9159850,Harlequin (Arlequin),P127,owned by,National Gallery of Art --owner of--> Harlequin (Arlequin) --owned by--> Auguste Pellerin
row1970,Q214867|Q437295,Q214867,National Gallery of Art,Q437295,Archduke Leopold Wilhelm of Austria,0,1,INCLUDE,0.99,1,INCLUDE,0.99,2,2,Q20177080,Lady with a Fan,P127,owned by,National Gallery of Art --owner of--> Lady with a Fan --owned by--> Archduke Leopold Wilhelm of Austria
row1996,Q214867|Q446858,Q214867,National Gallery of Art,Q446858,Andrew W. Mellon,1,1,INCLUDE,0.99,1,INCLUDE,0.99,2,2,Q20174444,Portrait of a Youth,P127,owned by,National Gallery of Art --owner of--> Portrait of a Youth --owned by--> Andrew W. Mellon
row2010,Q214867|Q459041,Q214867,National Gallery of Art,Q459041,Ambroise Vollard,1,1,INCLUDE,0.99,1,INCLUDE,0.99,2,2,Q9159850,Harlequin (Arlequin),P127,owned by,National Gallery of Art --owner of--> Harlequin (Arlequin) --owned by--> Ambroise Vollard
row2057,Q214867|Q3609940,Q214867,National Gallery of Art,Q3609940,Alessandro Contini Bonacossi,1,1,INCLUDE,0.99,1,INCLUDE,0.99,2,2,Q20177080,Lady with a Fan,P127,owned by,National Gallery of Art --owner of--> Lady with a Fan --owned by--> Alessandro Contini Bonacossi
row19,Q214867|Q98801351,Q214867,National Gallery of Art,Q98801351,WikiProject Provenance,1,1,INCLUDE,0.99,1,INCLUDE,0.99,3,3,Q3609940,Alessandro Contini Bonacossi,P5008,on focus list of Wikimedia project,National Gallery of Art --owner of--> Lady with a Fan --owned by--> Alessandro Contini Bonacossi --on focus list of Wikimedia project--> WikiProject Provenance
row101,Q214867|Q19180675,Q214867,National Gallery of Art,Q19180675,Small Brockhaus and Efron Encyclopedic Dictionary,0,0,EXCLUDE,0.95,0,EXCLUDE,0.95,3,3,Q2520950,"Pavel Pavlovich Demidov, 2nd Prince of San Donato",P1343,described by source,"National Gallery of Art --owner of--> Lucretia --owned by--> Pavel Pavlovich Demidov, 2nd Prince of San Donato --described by source--> Small Brockhaus and Efron Encyclopedic Dictionary"
row122,Q214867|Q2842423,Q214867,National Gallery of Art,Q2842423,Portrait of Ambroise Vollard in a Red Headscarf,0,1,INCLUDE,0.95,1,INCLUDE,0.95,3,3,Q459041,Ambroise Vollard,P1830,owner of,National Gallery of Art --owner of--> Harlequin (Arlequin) --owned by--> Ambroise Vollard --owner of--> Portrait of Ambroise Vollard in a Red Headscarf
row185,Q214867|Q3145951,Q214867,National Gallery of Art,Q3145951,Hôtel de Rohan-Montbazon,0,0,EXCLUDE,0.85,0,EXCLUDE,0.85,3,3,Q2871603,Augustin de Lapeyrière,P1830,owner of,National Gallery of Art --owner of--> Lucretia --owned by--> Augustin de Lapeyrière --owner of--> Hôtel de Rohan-Montbazon
row197,Q214867|Q106727050,Q214867,National Gallery of Art,Q106727050,Metropolitan Museum of Art Tagging Vocabulary,1,0,EXCLUDE,0.98,0,EXCLUDE,0.98,3,3,Q131596,farm,P1343,described by source,National Gallery of Art --owner of--> Bulb Fields --main subject--> farm --described by source--> Metropolitan Museum of Art Tagging Vocabulary
row228,Q214867|Q17519173,Q214867,National Gallery of Art,Q17519173,L'Arlésienne,0,1,INCLUDE,0.95,1,INCLUDE,0.95,3,3,Q459041,Ambroise Vollard,P1830,owner of,National Gallery of Art --owner of--> Harlequin (Arlequin) --owned by--> Ambroise Vollard --owner of--> L'Arlésienne
row230,Q214867|Q4896868,Q214867,National Gallery of Art,Q4896868,La belle Angèle,0,1,INCLUDE,0.95,1,INCLUDE,0.95,3,3,Q459041,Ambroise Vollard,P1830,owner of,National Gallery of Art --owner of--> Harlequin (Arlequin) --owned by--> Ambroise Vollard --owner of--> La belle Angèle
row302,Q214867|Q67311526,Q214867,National Gallery of Art,Q67311526,Obalky knih.cz,0,0,EXCLUDE,0.98,0,EXCLUDE,0.98,3,3,Q437295,Archduke Leopold Wilhelm of Austria,P1343,described by source,National Gallery of Art --owner of--> Lady with a Fan --owned by--> Archduke Leopold Wilhelm of Austria --described by source--> Obalky knih.cz
row358,Q214867|Q49757,Q214867,National Gallery of Art,Q49757,poet,0,0,EXCLUDE,0.9,0,EXCLUDE,0.9,3,3,Q17277800,Jean-Victor Pellerin,P106,occupation,National Gallery of Art --owner of--> Harlequin (Arlequin) --owned by--> Jean-Victor Pellerin --occupation--> poet
row461,Q214867|Q602358,Q214867,National Gallery of Art,Q602358,Brockhaus and Efron Encyclopedic Dictionary,0,0,PRUNED_BY_ANCESTOR,,0,EXCLUDE,0.95,3,3,Q1297822,copyright,P1343,described by source,National Gallery of Art --described by source--> Survey of GLAM open access policy and practice --main subject--> copyright --described by source--> Brockhaus and Efron Encyclopedic Dictionary
row470,Q214867|Q665807,Q214867,National Gallery of Art,Q665807,Biographisches Lexikon des Kaiserthums Oesterreich,0,0,EXCLUDE,0.85,0,EXCLUDE,0.85,3,3,Q437295,Archduke Leopold Wilhelm of Austria,P1343,described by source,National Gallery of Art --owner of--> Lady with a Fan --owned by--> Archduke Leopold Wilhelm of Austria --described by source--> Biographisches Lexikon des Kaiserthums Oesterreich
row535,Q214867|Q104694359,Q214867,National Gallery of Art,Q104694359,WikiProject PCC Wikidata Pilot/Frick Art Reference Library,0,0,EXCLUDE,0.9,0,EXCLUDE,0.9,3,3,Q446858,Andrew W. Mellon,P5008,on focus list of Wikimedia project,National Gallery of Art --owner of--> Portrait of a Youth --owned by--> Andrew W. Mellon --on focus list of Wikimedia project--> WikiProject PCC Wikidata Pilot/Frick Art Reference Library
row727,Q214867|Q4015210,Q214867,National Gallery of Art,Q4015210,Vittoria Contini Bonacossi,1,1,INCLUDE,0.85,1,INCLUDE,0.85,3,3,Q3609940,Alessandro Contini Bonacossi,P26,spouse,National Gallery of Art --owner of--> Lady with a Fan --owned by--> Alessandro Contini Bonacossi --spouse--> Vittoria Contini Bonacossi
row807,Q214867|Q3108260,Q214867,National Gallery of Art,Q3108260,Trois Baigneuses,1,1,INCLUDE,0.95,1,INCLUDE,0.95,3,3,Q459041,Ambroise Vollard,P1830,owner of,National Gallery of Art --owner of--> Harlequin (Arlequin) --owned by--> Ambroise Vollard --owner of--> Trois Baigneuses
row895,Q214867|Q79896273,Q214867,National Gallery of Art,Q79896273,The Fall of Man,1,1,INCLUDE,0.95,1,INCLUDE,0.95,3,3,Q437295,Archduke Leopold Wilhelm of Austria,P1830,owner of,National Gallery of Art --owner of--> Lady with a Fan --owned by--> Archduke Leopold Wilhelm of Austria --owner of--> The Fall of Man
row924,Q214867|Q62274663,Q214867,National Gallery of Art,Q62274663,Samuel H. Kress Collection of the National Gallery of Art,1,1,INCLUDE,0.95,1,INCLUDE,0.95,3,3,Q30272990,Samuel H. Kress Foundation,P1830,owner of,National Gallery of Art --owner of--> Lady with a Fan --owned by--> Samuel H. Kress Foundation --owner of--> Samuel H. Kress Collection of the National Gallery of Art
row1016,Q214867|Q82955,Q214867,National Gallery of Art,Q82955,politician,0,0,EXCLUDE,0.95,0,EXCLUDE,0.95,3,3,Q446858,Andrew W. Mellon,P106,occupation,National Gallery of Art --owner of--> Portrait of a Youth --owned by--> Andrew W. Mellon --occupation--> politician
row1030,Q214867|Q214917,Q214867,National Gallery of Art,Q214917,playwright,0,0,EXCLUDE,0.9,0,EXCLUDE,0.9,3,3,Q17277800,Jean-Victor Pellerin,P106,occupation,National Gallery of Art --owner of--> Harlequin (Arlequin) --owned by--> Jean-Victor Pellerin --occupation--> playwright
row1094,Q214867|Q12362622,Q214867,National Gallery of Art,Q12362622,philanthropist,0,0,EXCLUDE,0.85,0,EXCLUDE,0.85,3,3,Q1542805,Paul Mellon,P106,occupation,National Gallery of Art --owner of--> Bulb Fields --owned by--> Paul Mellon --occupation--> philanthropist
row1100,Q214867|Q19906011,Q214867,National Gallery of Art,Q19906011,Peasant Woman Cooking by a Fireplace,0,1,INCLUDE,0.95,1,INCLUDE,0.95,3,3,Q766863,Auguste Pellerin,P1830,owner of,National Gallery of Art --owner of--> Harlequin (Arlequin) --owned by--> Auguste Pellerin --owner of--> Peasant Woman Cooking by a Fireplace
row1222,Q214867|Q99542700,Q214867,National Gallery of Art,Q99542700,Hôtel Valentinois,0,0,EXCLUDE,0.8,0,EXCLUDE,0.8,3,3,Q2871603,Augustin de Lapeyrière,P1830,owner of,National Gallery of Art --owner of--> Lucretia --owned by--> Augustin de Lapeyrière --owner of--> Hôtel Valentinois
row1230,Q214867|Q47906,Q214867,National Gallery of Art,Q47906,Hermann Göring,1,1,INCLUDE,0.95,1,INCLUDE,0.95,3,3,Q3609940,Alessandro Contini Bonacossi,P3342,significant person,National Gallery of Art --owner of--> Lady with a Fan --owned by--> Alessandro Contini Bonacossi --significant person--> Hermann Göring
row1259,Q214867|Q20078554,Q214867,National Gallery of Art,Q20078554,Great Soviet Encyclopedia (1926–1947),0,0,EXCLUDE,0.95,0,EXCLUDE,0.95,3,3,Q446858,Andrew W. Mellon,P1343,described by source,National Gallery of Art --owner of--> Portrait of a Youth --owned by--> Andrew W. Mellon --described by source--> Great Soviet Encyclopedia (1926–1947)
row1424,Q214867|Q1979607,Q214867,National Gallery of Art,Q1979607,financier,0,0,EXCLUDE,0.85,0,EXCLUDE,0.85,3,3,Q2871603,Augustin de Lapeyrière,P106,occupation,National Gallery of Art --owner of--> Lucretia --owned by--> Augustin de Lapeyrière --occupation--> financier
row1470,Q214867|Q98806862,Q214867,National Gallery of Art,Q98806862,Ettore Sestieri,1,1,INCLUDE,0.95,1,INCLUDE,0.95,3,3,Q3609940,Alessandro Contini Bonacossi,P3342,significant person,National Gallery of Art --owner of--> Lady with a Fan --owned by--> Alessandro Contini Bonacossi --significant person--> Ettore Sestieri
row1492,Q214867|Q777344,Q214867,National Gallery of Art,Q777344,Erich Šlomović,1,1,INCLUDE,0.95,1,INCLUDE,0.95,3,3,Q459041,Ambroise Vollard,P3342,significant person,National Gallery of Art --owner of--> Harlequin (Arlequin) --owned by--> Ambroise Vollard --significant person--> Erich Šlomović
row1504,Q214867|Q131524,Q214867,National Gallery of Art,Q131524,entrepreneur,0,0,EXCLUDE,0.9,0,EXCLUDE,0.9,3,3,Q2520950,"Pavel Pavlovich Demidov, 2nd Prince of San Donato",P106,occupation,"National Gallery of Art --owner of--> Lucretia --owned by--> Pavel Pavlovich Demidov, 2nd Prince of San Donato --occupation--> entrepreneur"
row1596,Q214867|Q193391,Q214867,National Gallery of Art,Q193391,diplomat,0,0,EXCLUDE,0.9,0,EXCLUDE,0.9,3,3,Q446858,Andrew W. Mellon,P106,occupation,National Gallery of Art --owner of--> Portrait of a Youth --owned by--> Andrew W. Mellon --occupation--> diplomat
row1674,Q214867|Q3243461,Q214867,National Gallery of Art,Q3243461,collector,1,0,EXCLUDE,0.85,0,EXCLUDE,0.85,3,3,Q3609940,Alessandro Contini Bonacossi,P106,occupation,National Gallery of Art --owner of--> Lady with a Fan --owned by--> Alessandro Contini Bonacossi --occupation--> collector
row1742,Q214867|Q250867,Q214867,National Gallery of Art,Q250867,Catholic priest,0,0,EXCLUDE,0.95,0,EXCLUDE,0.95,3,3,Q437295,Archduke Leopold Wilhelm of Austria,P106,occupation,National Gallery of Art --owner of--> Lady with a Fan --owned by--> Archduke Leopold Wilhelm of Austria --occupation--> Catholic priest
row1780,Q214867|Q43845,Q214867,National Gallery of Art,Q43845,businessperson,0,0,EXCLUDE,0.9,0,EXCLUDE,0.9,3,3,Q13431003,August Janssen,P106,occupation,National Gallery of Art --owner of--> Lucretia --owned by--> August Janssen --occupation--> businessperson
row1808,Q214867|Q864380,Q214867,National Gallery of Art,Q864380,biographer,0,0,EXCLUDE,0.9,0,EXCLUDE,0.9,3,3,Q459041,Ambroise Vollard,P106,occupation,National Gallery of Art --owner of--> Harlequin (Arlequin) --owned by--> Ambroise Vollard --occupation--> biographer
row1818,Q214867|Q45320214,Q214867,National Gallery of Art,Q45320214,Beteiligte Privatpersonen und Körperschaften am NS-Kulturgutraub,1,1,INCLUDE,0.99,1,INCLUDE,0.99,3,3,Q3609940,Alessandro Contini Bonacossi,P1343,described by source,National Gallery of Art --owner of--> Lady with a Fan --owned by--> Alessandro Contini Bonacossi --described by source--> Beteiligte Privatpersonen und Körperschaften am NS-Kulturgutraub
row1860,Q214867|Q806798,Q214867,National Gallery of Art,Q806798,banker,0,0,EXCLUDE,0.9,0,EXCLUDE,0.9,3,3,Q446858,Andrew W. Mellon,P106,occupation,National Gallery of Art --owner of--> Portrait of a Youth --owned by--> Andrew W. Mellon --occupation--> banker
row1885,Q214867|Q30335959,Q214867,National Gallery of Art,Q30335959,Art Looting Investigation Unit,1,1,INCLUDE,0.99,1,INCLUDE,0.99,3,3,Q3609940,Alessandro Contini Bonacossi,P1840,investigation of,National Gallery of Art --owner of--> Lady with a Fan --owned by--> Alessandro Contini Bonacossi --investigation of--> Art Looting Investigation Unit
row1916,Q214867|Q173950,Q214867,National Gallery of Art,Q173950,art dealer,1,1,INCLUDE,0.98,1,INCLUDE,0.98,3,3,Q3609940,Alessandro Contini Bonacossi,P106,occupation,National Gallery of Art --owner of--> Lady with a Fan --owned by--> Alessandro Contini Bonacossi --occupation--> art dealer
row1941,Q214867|Q10732476,Q214867,National Gallery of Art,Q10732476,art collector,1,1,INCLUDE,0.98,1,INCLUDE,0.98,3,3,Q446858,Andrew W. Mellon,P106,occupation,National Gallery of Art --owner of--> Portrait of a Youth --owned by--> Andrew W. Mellon --occupation--> art collector
row2078,Q214867|Q405352,Q214867,National Gallery of Art,Q405352,Ailsa Mellon Bruce,1,1,INCLUDE,0.95,1,INCLUDE,0.95,3,3,Q446858,Andrew W. Mellon,P40,child,National Gallery of Art --owner of--> Portrait of a Youth --owned by--> Andrew W. Mellon --child--> Ailsa Mellon Bruce
row152,Q214867|Q1768721,Q214867,National Gallery of Art,Q1768721,Gujin Tushu Jicheng,0,0,PRUNED_BY_ANCESTOR,,0,EXCLUDE,0.99,4,4,Q43845,businessperson,P1343,described by source,National Gallery of Art --owner of--> Lucretia --owned by--> August Janssen --occupation--> businessperson --described by source--> Gujin Tushu Jicheng
row219,Q214867|Q9268,Q214867,National Gallery of Art,Q9268,Judaism,1,0,EXCLUDE,0.99,0,EXCLUDE,0.99,4,4,Q4173137,Jewish Encyclopedia of Brockhaus and Efron,P921,main subject,"National Gallery of Art --owner of--> Lucretia --owned by--> Pavel Pavlovich Demidov, 2nd Prince of San Donato --described by source--> Jewish Encyclopedia of Brockhaus and Efron --main subject--> Judaism"
row234,Q214867|Q2815948,Q214867,National Gallery of Art,Q2815948,landscape architect,0,0,EXCLUDE,0.95,0,EXCLUDE,0.95,4,4,Q7279302,Rachel Lambert Mellon,P106,occupation,National Gallery of Art --owner of--> Bulb Fields --owned by--> Paul Mellon --spouse--> Rachel Lambert Mellon --occupation--> landscape architect
row267,Q214867|Q19219752,Q214867,National Gallery of Art,Q19219752,"Meyers Konversations-Lexikon, 4th edition (1885–1890)",0,0,EXCLUDE,0.99,0,EXCLUDE,0.99,4,4,Q1971193,Pavel Nikolaievich Demidov,P1343,described by source,"National Gallery of Art --owner of--> Lucretia --owned by--> Pavel Pavlovich Demidov, 2nd Prince of San Donato --father--> Pavel Nikolaievich Demidov --described by source--> Meyers Konversations-Lexikon, 4th edition (1885–1890)"
row326,Q214867|Q4532138,Q214867,National Gallery of Art,Q4532138,Granat Encyclopedic Dictionary,0,0,PRUNED_BY_ANCESTOR,,0,EXCLUDE,0.99,4,4,Q12362622,philanthropist,P1343,described by source,National Gallery of Art --owner of--> Bulb Fields --owned by--> Paul Mellon --occupation--> philanthropist --described by source--> Granat Encyclopedic Dictionary
row567,Q214867|Q36180,Q214867,National Gallery of Art,Q36180,writer,0,0,EXCLUDE,0.9,0,EXCLUDE,0.9,4,4,Q6262713,John Walker,P106,occupation,National Gallery of Art --owner of--> Bulb Fields --owned by--> Paul Mellon --significant person--> John Walker --occupation--> writer
row579,Q214867|Q20080422,Q214867,National Gallery of Art,Q20080422,Woman with a glass of wine and a child in a garden,1,1,INCLUDE,0.95,1,INCLUDE,0.95,4,4,Q47906,Hermann Göring,P1830,owner of,National Gallery of Art --owner of--> Lady with a Fan --owned by--> Alessandro Contini Bonacossi --significant person--> Hermann Göring --owner of--> Woman with a glass of wine and a child in a garden
row660,Q214867|Q100137722,Q214867,National Gallery of Art,Q100137722,Wikiproject Nuremberg Trials,1,0,EXCLUDE,0.85,0,EXCLUDE,0.85,4,4,Q47906,Hermann Göring,P5008,on focus list of Wikimedia project,National Gallery of Art --owner of--> Lady with a Fan --owned by--> Alessandro Contini Bonacossi --significant person--> Hermann Göring --on focus list of Wikimedia project--> Wikiproject Nuremberg Trials
row693,Q214867|Q11075015,Q214867,National Gallery of Art,Q11075015,war criminal,0,0,EXCLUDE,0.85,0,EXCLUDE,0.85,4,4,Q47906,Hermann Göring,P106,occupation,National Gallery of Art --owner of--> Lady with a Fan --owned by--> Alessandro Contini Bonacossi --significant person--> Hermann Göring --occupation--> war criminal
row902,Q214867|Q524534,Q214867,National Gallery of Art,Q524534,Suzanne Manet,0,1,INCLUDE,0.8,1,INCLUDE,0.8,4,4,Q3206709,La Blonde aux seins nus,P127,owned by,National Gallery of Art --owner of--> Harlequin (Arlequin) --owned by--> Ambroise Vollard --owner of--> La Blonde aux seins nus --owned by--> Suzanne Manet
row1103,Q214867|Q560643,Q214867,National Gallery of Art,Q560643,Paul Rosenberg,1,1,INCLUDE,0.99,1,INCLUDE,0.99,4,4,Q3632882,Les Baigneurs,P127,owned by,National Gallery of Art --owner of--> Harlequin (Arlequin) --owned by--> Ambroise Vollard --owner of--> Les Baigneurs --owned by--> Paul Rosenberg
row1151,Q214867|Q160236,Q214867,National Gallery of Art,Q160236,Metropolitan Museum of Art,1,1,INCLUDE,0.99,1,INCLUDE,0.99,4,4,Q19906011,Peasant Woman Cooking by a Fireplace,P127,owned by,National Gallery of Art --owner of--> Harlequin (Arlequin) --owned by--> Auguste Pellerin --owner of--> Peasant Woman Cooking by a Fireplace --owned by--> Metropolitan Museum of Art
row1175,Q214867|Q28860117,Q214867,National Gallery of Art,Q28860117,Levy-Hermanos,0,1,INCLUDE,0.95,1,INCLUDE,0.95,4,4,Q19906011,Peasant Woman Cooking by a Fireplace,P127,owned by,National Gallery of Art --owner of--> Harlequin (Arlequin) --owned by--> Auguste Pellerin --owner of--> Peasant Woman Cooking by a Fireplace --owned by--> Levy-Hermanos
row1253,Q214867|Q17378135,Q214867,National Gallery of Art,Q17378135,Great Soviet Encyclopedia (1969–1978),0,0,EXCLUDE,0.98,0,EXCLUDE,0.98,4,4,Q47906,Hermann Göring,P1343,described by source,National Gallery of Art --owner of--> Lady with a Fan --owned by--> Alessandro Contini Bonacossi --significant person--> Hermann Göring --described by source--> Great Soviet Encyclopedia (1969–1978)
row1332,Q214867|Q17277888,Q214867,National Gallery of Art,Q17277888,Gottlieb Friedrich Reber,1,1,INCLUDE,0.99,1,INCLUDE,0.99,4,4,Q3632882,Les Baigneurs,P127,owned by,National Gallery of Art --owner of--> Harlequin (Arlequin) --owned by--> Ambroise Vollard --owner of--> Les Baigneurs --owned by--> Gottlieb Friedrich Reber
row1418,Q214867|Q142,Q214867,National Gallery of Art,Q142,France,0,1,INCLUDE,0.85,1,INCLUDE,0.85,4,4,Q1165042,The Card Players,P127,owned by,National Gallery of Art --owner of--> Harlequin (Arlequin) --owned by--> Ambroise Vollard --owner of--> The Card Players --owned by--> France
row1537,Q214867|Q40599,Q214867,National Gallery of Art,Q40599,Édouard Manet,1,1,INCLUDE,0.95,1,INCLUDE,0.95,4,4,Q3206709,La Blonde aux seins nus,P127,owned by,National Gallery of Art --owner of--> Harlequin (Arlequin) --owned by--> Ambroise Vollard --owner of--> La Blonde aux seins nus --owned by--> Édouard Manet
row1583,Q214867|Q1968442,Q214867,National Gallery of Art,Q1968442,donor,1,0,EXCLUDE,0.95,0,EXCLUDE,0.95,4,4,Q7807399,Timothy Mellon,P106,occupation,National Gallery of Art --owner of--> Bulb Fields --owned by--> Paul Mellon --child--> Timothy Mellon --occupation--> donor
row1616,Q214867|Q325810,Q214867,National Gallery of Art,Q325810,David K. E. Bruce,1,0,EXCLUDE,0.85,0,EXCLUDE,0.85,4,4,Q405352,Ailsa Mellon Bruce,P26,spouse,National Gallery of Art --owner of--> Portrait of a Youth --owned by--> Andrew W. Mellon --child--> Ailsa Mellon Bruce --spouse--> David K. E. Bruce
row1634,Q214867|Q674426,Q214867,National Gallery of Art,Q674426,curator,1,0,EXCLUDE,0.9,0,EXCLUDE,0.9,4,4,Q6262713,John Walker,P106,occupation,National Gallery of Art --owner of--> Bulb Fields --owned by--> Paul Mellon --significant person--> John Walker --occupation--> curator
row1654,Q214867|Q38695,Q214867,National Gallery of Art,Q38695,cooking,0,0,EXCLUDE,0.99,0,EXCLUDE,0.99,4,4,Q19906011,Peasant Woman Cooking by a Fireplace,P921,main subject,National Gallery of Art --owner of--> Harlequin (Arlequin) --owned by--> Auguste Pellerin --owner of--> Peasant Woman Cooking by a Fireplace --main subject--> cooking
row1766,Q214867|Q222728,Q214867,National Gallery of Art,Q222728,Carinhall,1,1,INCLUDE,0.95,1,INCLUDE,0.95,4,4,Q47906,Hermann Göring,P1830,owner of,National Gallery of Art --owner of--> Lady with a Fan --owned by--> Alessandro Contini Bonacossi --significant person--> Hermann Göring --owner of--> Carinhall
row1825,Q214867|Q826482,Q214867,National Gallery of Art,Q826482,Bernheim-Jeune,1,1,INCLUDE,0.99,1,INCLUDE,0.99,4,4,Q3108260,Trois Baigneuses,P127,owned by,National Gallery of Art --owner of--> Harlequin (Arlequin) --owned by--> Ambroise Vollard --owner of--> Trois Baigneuses --owned by--> Bernheim-Jeune
row1902,Q214867|Q1792450,Q214867,National Gallery of Art,Q1792450,art historian,1,0,EXCLUDE,0.9,0,EXCLUDE,0.9,4,4,Q6262713,John Walker,P106,occupation,National Gallery of Art --owner of--> Bulb Fields --owned by--> Paul Mellon --significant person--> John Walker --occupation--> art historian
row1905,Q214867|Q705551,Q214867,National Gallery of Art,Q705551,Art Gallery of New South Wales,1,1,INCLUDE,0.99,1,INCLUDE,0.99,4,4,Q600379,Banks of the Marne,P127,owned by,National Gallery of Art --owner of--> Harlequin (Arlequin) --owned by--> Ambroise Vollard --owner of--> Banks of the Marne --owned by--> Art Gallery of New South Wales
row1946,Q214867|Q24909800,Q214867,National Gallery of Art,Q24909800,Art+Feminism,1,0,EXCLUDE,0.98,0,EXCLUDE,0.98,4,4,Q405352,Ailsa Mellon Bruce,P5008,on focus list of Wikimedia project,National Gallery of Art --owner of--> Portrait of a Youth --owned by--> Andrew W. Mellon --child--> Ailsa Mellon Bruce --on focus list of Wikimedia project--> Art
row1955,Q214867|Q2657718,Q214867,National Gallery of Art,Q2657718,Armenian Soviet Encyclopedia,0,0,PRUNED_BY_ANCESTOR,,0,EXCLUDE,0.99,4,4,Q193391,diplomat,P1343,described by source,National Gallery of Art --owner of--> Portrait of a Youth --owned by--> Andrew W. Mellon --occupation--> diplomat --described by source--> Armenian Soviet Encyclopedia
row1998,Q214867|Q75788804,Q214867,National Gallery of Art,Q75788804,Andrew Mellon,1,0,EXCLUDE,0.9,0,EXCLUDE,0.9,4,4,Q7792376,Thomas Mellon,P22,father,National Gallery of Art --owner of--> Portrait of a Youth --owned by--> Andrew W. Mellon --father--> Thomas Mellon --father--> Andrew Mellon
row2008,Q214867|Q28860082,Q214867,National Gallery of Art,Q28860082,Amédée Schuffenecker,1,1,INCLUDE,0.99,1,INCLUDE,0.99,4,4,Q19906011,Peasant Woman Cooking by a Fireplace,P127,owned by,National Gallery of Art --owner of--> Harlequin (Arlequin) --owned by--> Auguste Pellerin --owner of--> Peasant Woman Cooking by a Fireplace --owned by--> Amédée Schuffenecker
row2038,Q214867|Q75788792,Q214867,National Gallery of Art,Q75788792,Alexander P. McMullen,0,0,EXCLUDE,0.95,0,EXCLUDE,0.95,4,4,Q75788787,Nora Mary McMullen,P22,father,National Gallery of Art --owner of--> Portrait of a Youth --owned by--> Andrew W. Mellon --spouse--> Nora Mary McMullen --father--> Alexander P. McMullen
row2077,Q214867|Q2095549,Q214867,National Gallery of Art,Q2095549,aircraft pilot,0,0,EXCLUDE,0.9,0,EXCLUDE,0.9,4,4,Q47906,Hermann Göring,P106,occupation,National Gallery of Art --owner of--> Lady with a Fan --owned by--> Alessandro Contini Bonacossi --significant person--> Hermann Göring --occupation--> aircraft pilot
row2,Q214867|Q17355822,Q214867,National Gallery of Art,Q17355822,Yonker Ramp and his Sweetheart,0,0,EXCLUDE,0.9,0,EXCLUDE,0.9,5,5,Q160236,Metropolitan Museum of Art,P1830,owner of,National Gallery of Art --owner of--> Harlequin (Arlequin) --owned by--> Auguste Pellerin --owner of--> Peasant Woman Cooking by a Fireplace --owned by--> Metropolitan Museum of Art --owner of--> Yonker Ramp and his Sweetheart
row34,Q214867|Q68074438,Q214867,National Gallery of Art,Q68074438,WikiProject Livius,0,0,EXCLUDE,0.95,0,EXCLUDE,0.95,5,5,Q160236,Metropolitan Museum of Art,P5008,on focus list of Wikimedia project,National Gallery of Art --owner of--> Harlequin (Arlequin) --owned by--> Auguste Pellerin --owner of--> Peasant Woman Cooking by a Fireplace --owned by--> Metropolitan Museum of Art --on focus list of Wikimedia project--> WikiProject Livius
row47,Q214867|Q317578,Q214867,National Gallery of Art,Q317578,"Alexander Karađorđević, Prince of Serbia",0,0,EXCLUDE,0.95,0,EXCLUDE,0.95,5,5,Q2330762,Prince Arsen of Yugoslavia,P22,father,"National Gallery of Art --owner of--> Lucretia --owned by--> Pavel Pavlovich Demidov, 2nd Prince of San Donato --child--> Aurora Pavlovna Demidova --spouse--> Prince Arsen of Yugoslavia --father--> Alexander Karađorđević, Prince of Serbia"
row55,Q214867|Q333634,Q214867,National Gallery of Art,Q333634,translator,0,0,EXCLUDE,0.95,0,EXCLUDE,0.95,5,5,Q3587790,Elim Meshchersky,P106,occupation,"National Gallery of Art --owner of--> Lucretia --owned by--> Pavel Pavlovich Demidov, 2nd Prince of San Donato --spouse--> Maria Elimovna Meshcherskaya --father--> Elim Meshchersky --occupation--> translator"
row72,Q214867|Q3181656,Q214867,National Gallery of Art,Q3181656,The Nuttall Encyclopædia,0,0,PRUNED_BY_ANCESTOR,,0,EXCLUDE,0.95,5,5,,,,,
row89,Q214867|Q48761314,Q214867,National Gallery of Art,Q48761314,Swedish Census 1910,0,0,EXCLUDE,0.95,0,EXCLUDE,0.95,5,5,Q4953125,Alma Hedin,P1343,described by source,National Gallery of Art --owner of--> Lady with a Fan --owned by--> Alessandro Contini Bonacossi --significant person--> Hermann Göring --significant person--> Alma Hedin --described by source--> Swedish Census 1910
row93,Q214867|Q49213654,Q214867,National Gallery of Art,Q49213654,Swedish Census 1880,0,0,EXCLUDE,0.95,0,EXCLUDE,0.95,5,5,Q4953125,Alma Hedin,P1343,described by source,National Gallery of Art --owner of--> Lady with a Fan --owned by--> Alessandro Contini Bonacossi --significant person--> Hermann Göring --significant person--> Alma Hedin --described by source--> Swedish Census 1880
row113,Q214867|Q1551926,Q214867,National Gallery of Art,Q1551926,Portrait of Stéphane Mallarmé,0,0,EXCLUDE,0.85,0,EXCLUDE,0.85,5,5,Q40599,Édouard Manet,P1830,owner of,National Gallery of Art --owner of--> Harlequin (Arlequin) --owned by--> Ambroise Vollard --owner of--> La Blonde aux seins nus --owned by--> Édouard Manet --owner of--> Portrait of Stéphane Mallarmé
row115,Q214867|Q2105271,Q214867,National Gallery of Art,Q2105271,Portrait of Mademoiselle Claus,0,0,EXCLUDE,0.85,0,EXCLUDE,0.85,5,5,Q40599,Édouard Manet,P1830,owner of,National Gallery of Art --owner of--> Harlequin (Arlequin) --owned by--> Ambroise Vollard --owner of--> La Blonde aux seins nus --owned by--> Édouard Manet --owner of--> Portrait of Mademoiselle Claus
row120,Q214867|Q17815340,Q214867,National Gallery of Art,Q17815340,Portrait of Anna van der Aar,0,0,EXCLUDE,0.9,0,EXCLUDE,0.9,5,5,Q160236,Metropolitan Museum of Art,P1830,owner of,National Gallery of Art --owner of--> Harlequin (Arlequin) --owned by--> Auguste Pellerin --owner of--> Peasant Woman Cooking by a Fireplace --owned by--> Metropolitan Museum of Art --owner of--> Portrait of Anna van der Aar
row129,Q214867|Q19911671,Q214867,National Gallery of Art,Q19911671,"Portrait of a Man, Said to be Christopher Columbus (born about 1446, died 1506)",0,0,EXCLUDE,0.9,0,EXCLUDE,0.9,5,5,Q160236,Metropolitan Museum of Art,P1830,owner of,"National Gallery of Art --owner of--> Harlequin (Arlequin) --owned by--> Auguste Pellerin --owner of--> Peasant Woman Cooking by a Fireplace --owned by--> Metropolitan Museum of Art --owner of--> Portrait of a Man, Said to be Christopher Columbus (born about 1446, died 1506)"
row151,Q214867|Q19222701,Q214867,National Gallery of Art,Q19222701,Oesterreichische National-Encyklopädie,0,0,EXCLUDE,0.95,0,EXCLUDE,0.95,5,5,Q310528,"Johann I Joseph, Prince of Liechtenstein",P1343,described by source,"National Gallery of Art --owner of--> Portrait of a Youth --owned by--> Johann II, Prince of Liechtenstein --father--> Aloys II, Prince of Liechtenstein --father--> Johann I Joseph, Prince of Liechtenstein --described by source--> Oesterreichische National-Encyklopädie"
row167,Q214867|Q20442391,Q214867,National Gallery of Art,Q20442391,Head of a peasant,1,0,EXCLUDE,0.9,0,EXCLUDE,0.9,5,5,Q705551,Art Gallery of New South Wales,P1830,owner of,National Gallery of Art --owner of--> Harlequin (Arlequin) --owned by--> Ambroise Vollard --owner of--> Banks of the Marne --owned by--> Art Gallery of New South Wales --owner of--> Head of a peasant
row203,Q214867|Q644687,Q214867,National Gallery of Art,Q644687,illustrator,0,0,EXCLUDE,0.95,0,EXCLUDE,0.95,5,5,Q40599,Édouard Manet,P106,occupation,National Gallery of Art --owner of--> Harlequin (Arlequin) --owned by--> Ambroise Vollard --owner of--> La Blonde aux seins nus --owned by--> Édouard Manet --occupation--> illustrator
row212,Q214867|Q62576151,Q214867,National Gallery of Art,Q62576151,Marthe Meurier,0,0,EXCLUDE,0.9,0,EXCLUDE,0.9,5,5,Q440369,Maurice Denis,P26,spouse,National Gallery of Art --owner of--> Harlequin (Arlequin) --owned by--> Ambroise Vollard --owner of--> Baigneurs --owned by--> Maurice Denis --spouse--> Marthe Meurier
row236,Q214867|Q3220784,Q214867,National Gallery of Art,Q3220784,Le Canal Saint-Martin,0,0,EXCLUDE,0.9,0,EXCLUDE,0.9,5,5,Q289951,Étienne Moreau-Nélaton,P1830,owner of,National Gallery of Art --owner of--> Harlequin (Arlequin) --owned by--> Ambroise Vollard --owner of--> La Blonde aux seins nus --owned by--> Étienne Moreau-Nélaton --owner of--> Le Canal Saint-Martin
row251,Q214867|Q22954841,Q214867,National Gallery of Art,Q22954841,,0,0,EXCLUDE,0.9,0,EXCLUDE,0.9,5,5,Q3335942,Napoléon Gourgaud,P1830,owner of,National Gallery of Art --owner of--> Harlequin (Arlequin) --owned by--> Ambroise Vollard --owner of--> Les Baigneurs --owned by--> Napoléon Gourgaud --owner of--> Q22954841
row253,Q214867|Q22954842,Q214867,National Gallery of Art,Q22954842,,0,0,EXCLUDE,0.9,0,EXCLUDE,0.9,5,5,Q3335942,Napoléon Gourgaud,P1830,owner of,National Gallery of Art --owner of--> Harlequin (Arlequin) --owned by--> Ambroise Vollard --owner of--> Les Baigneurs --owned by--> Napoléon Gourgaud --owner of--> Q22954842
row266,Q214867|Q95948198,Q214867,National Gallery of Art,Q95948198,Meyers Conversations-Lexicon,0,0,EXCLUDE,0.95,0,EXCLUDE,0.95,5,5,Q310528,"Johann I Joseph, Prince of Liechtenstein",P1343,described by source,"National Gallery of Art --owner of--> Portrait of a Youth --owned by--> Johann II, Prince of Liechtenstein --father--> Aloys II, Prince of Liechtenstein --father--> Johann I Joseph, Prince of Liechtenstein --described by source--> Meyers Conversations-Lexicon"
row272,Q214867|Q116,Q214867,National Gallery of Art,Q116,monarch,0,0,EXCLUDE,0.9,0,EXCLUDE,0.9,5,5,Q313128,Prince Paul of Yugoslavia,P106,occupation,"National Gallery of Art --owner of--> Lucretia --owned by--> Pavel Pavlovich Demidov, 2nd Prince of San Donato --child--> Aurora Pavlovna Demidova --child--> Prince Paul of Yugoslavia --occupation--> monarch"
row286,Q214867|Q5460604,Q214867,National Gallery of Art,Q5460604,Wikipedia:List of articles all languages should have,0,0,PRUNED_BY_ANCESTOR,,0,EXCLUDE,0.95,5,5,Q9268,Judaism,P5008,on focus list of Wikimedia project,"National Gallery of Art --owner of--> Lucretia --owned by--> Pavel Pavlovich Demidov, 2nd Prince of San Donato --described by source--> Jewish Encyclopedia of Brockhaus and Efron --main subject--> Judaism --on focus list of Wikimedia project--> Wikipedia:List of articles all languages should have"
row288,Q214867|Q3345156,Q214867,National Gallery of Art,Q3345156,Nouvelle Biographie Générale,0,0,EXCLUDE,0.9,0,EXCLUDE,0.9,5,5,Q310528,"Johann I Joseph, Prince of Liechtenstein",P1343,described by source,"National Gallery of Art --owner of--> Portrait of a Youth --owned by--> Johann II, Prince of Liechtenstein --father--> Aloys II, Prince of Liechtenstein --father--> Johann I Joseph, Prince of Liechtenstein --described by source--> Nouvelle Biographie Générale"
row335,Q214867|Q2041543,Q214867,National Gallery of Art,Q2041543,Ottův slovník naučný,0,0,PRUNED_BY_ANCESTOR,,0,EXCLUDE,0.95,5,5,Q9268,Judaism,P1343,described by source,"National Gallery of Art --owner of--> Lucretia --owned by--> Pavel Pavlovich Demidov, 2nd Prince of San Donato --described by source--> Jewish Encyclopedia of Brockhaus and Efron --main subject--> Judaism --described by source--> Ottův slovník naučný"
row349,Q214867|Q33231,Q214867,National Gallery of Art,Q33231,photographer,0,0,EXCLUDE,0.8,0,EXCLUDE,0.8,5,5,Q289951,Étienne Moreau-Nélaton,P106,occupation,National Gallery of Art --owner of--> Harlequin (Arlequin) --owned by--> Ambroise Vollard --owner of--> La Blonde aux seins nus --owned by--> Étienne Moreau-Nélaton --occupation--> photographer
row366,Q214867|Q867541,Q214867,National Gallery of Art,Q867541,Encyclopædia Britannica 11th edition,0,0,EXCLUDE,0.95,0,EXCLUDE,0.95,5,5,Q142,France,P1343,described by source,National Gallery of Art --owner of--> Harlequin (Arlequin) --owned by--> Ambroise Vollard --owner of--> The Card Players --owned by--> France --described by source--> Encyclopædia Britannica 11th edition
row391,Q214867|Q379406,Q214867,National Gallery of Art,Q379406,Dictionary of Swedish National Biography,0,0,EXCLUDE,0.9,0,EXCLUDE,0.9,5,5,Q4953125,Alma Hedin,P1343,described by source,National Gallery of Art --owner of--> Lady with a Fan --owned by--> Alessandro Contini Bonacossi --significant person--> Hermann Göring --significant person--> Alma Hedin --described by source--> Dictionary of Swedish National Biography
row402,Q214867|Q19905413,Q214867,National Gallery of Art,Q19905413,Spring Flowers,0,0,EXCLUDE,0.85,0,EXCLUDE,0.85,5,5,Q160236,Metropolitan Museum of Art,P1830,owner of,National Gallery of Art --owner of--> Harlequin (Arlequin) --owned by--> Auguste Pellerin --owner of--> Peasant Woman Cooking by a Fireplace --owned by--> Metropolitan Museum of Art --owner of--> Spring Flowers
row404,Q214867|Q3451370,Q214867,National Gallery of Art,Q3451370,Square in Argenteuil,0,0,EXCLUDE,0.85,0,EXCLUDE,0.85,5,5,Q289951,Étienne Moreau-Nélaton,P1830,owner of,National Gallery of Art --owner of--> Harlequin (Arlequin) --owned by--> Ambroise Vollard --owner of--> La Blonde aux seins nus --owned by--> Étienne Moreau-Nélaton --owner of--> Square in Argenteuil
row409,Q214867|Q3873319,Q214867,National Gallery of Art,Q3873319,Still life,0,0,EXCLUDE,0.85,0,EXCLUDE,0.85,5,5,Q289951,Étienne Moreau-Nélaton,P1830,owner of,National Gallery of Art --owner of--> Harlequin (Arlequin) --owned by--> Ambroise Vollard --owner of--> La Blonde aux seins nus --owned by--> Étienne Moreau-Nélaton --owner of--> Still life
row429,Q214867|Q302556,Q214867,National Gallery of Art,Q302556,Catholic Encyclopedia,0,0,EXCLUDE,0.95,0,EXCLUDE,0.95,5,5,Q142,France,P1343,described by source,National Gallery of Art --owner of--> Harlequin (Arlequin) --owned by--> Ambroise Vollard --owner of--> The Card Players --owned by--> France --described by source--> Catholic Encyclopedia
row433,Q214867|Q1766280,Q214867,National Gallery of Art,Q1766280,Svensk uppslagsbok,0,0,EXCLUDE,0.95,0,EXCLUDE,0.95,5,5,Q3023401,Denys Cochin,P1343,described by source,National Gallery of Art --owner of--> Harlequin (Arlequin) --owned by--> Ambroise Vollard --owner of--> The Card Players --owned by--> Denys Cochin --described by source--> Svensk uppslagsbok
row437,Q214867|Q50395049,Q214867,National Gallery of Art,Q50395049,Svenskt kvinnobiografiskt lexikon,0,0,EXCLUDE,0.9,0,EXCLUDE,0.9,5,5,Q4953125,Alma Hedin,P1343,described by source,National Gallery of Art --owner of--> Lady with a Fan --owned by--> Alessandro Contini Bonacossi --significant person--> Hermann Göring --significant person--> Alma Hedin --described by source--> Svenskt kvinnobiografiskt lexikon
row471,Q214867|Q19135478,Q214867,National Gallery of Art,Q19135478,,0,0,EXCLUDE,0.9,0,EXCLUDE,0.9,5,5,Q310528,"Johann I Joseph, Prince of Liechtenstein",P1343,described by source,"National Gallery of Art --owner of--> Portrait of a Youth --owned by--> Johann II, Prince of Liechtenstein --father--> Aloys II, Prince of Liechtenstein --father--> Johann I Joseph, Prince of Liechtenstein --described by source--> Q19135478"
row492,Q214867|Q17391638,Q214867,National Gallery of Art,Q17391638,art theorist,0,0,EXCLUDE,0.8,0,EXCLUDE,0.8,5,5,Q440369,Maurice Denis,P106,occupation,National Gallery of Art --owner of--> Harlequin (Arlequin) --owned by--> Ambroise Vollard --owner of--> Baigneurs --owned by--> Maurice Denis --occupation--> art theorist
row500,Q214867|Q28790437,Q214867,National Gallery of Art,Q28790437,Armor of Emperor Ferdinand I,0,0,EXCLUDE,0.85,0,EXCLUDE,0.85,5,5,Q160236,Metropolitan Museum of Art,P1830,owner of,National Gallery of Art --owner of--> Harlequin (Arlequin) --owned by--> Auguste Pellerin --owner of--> Peasant Woman Cooking by a Fireplace --owned by--> Metropolitan Museum of Art --owner of--> Armor of Emperor Ferdinand I
row512,Q214867|Q39013,Q214867,National Gallery of Art,Q39013,The Woman in the Waves,0,0,EXCLUDE,0.85,0,EXCLUDE,0.85,5,5,Q160236,Metropolitan Museum of Art,P1830,owner of,National Gallery of Art --owner of--> Harlequin (Arlequin) --owned by--> Auguste Pellerin --owner of--> Peasant Woman Cooking by a Fireplace --owned by--> Metropolitan Museum of Art --owner of--> The Woman in the Waves
row517,Q214867|Q15709188,Q214867,National Gallery of Art,Q15709188,View of Volterra,0,0,EXCLUDE,0.85,0,EXCLUDE,0.85,5,5,Q289951,Étienne Moreau-Nélaton,P1830,owner of,National Gallery of Art --owner of--> Harlequin (Arlequin) --owned by--> Ambroise Vollard --owner of--> La Blonde aux seins nus --owned by--> Étienne Moreau-Nélaton --owner of--> View of Volterra
row518,Q214867|Q15709185,Q214867,National Gallery of Art,Q15709185,View of Volterra,0,0,EXCLUDE,0.85,0,EXCLUDE,0.85,5,5,Q289951,Étienne Moreau-Nélaton,P1830,owner of,National Gallery of Art --owner of--> Harlequin (Arlequin) --owned by--> Ambroise Vollard --owner of--> La Blonde aux seins nus --owned by--> Étienne Moreau-Nélaton --owner of--> View of Volterra
row540,Q214867|Q113262,Q214867,National Gallery of Art,Q113262,Young man in Mayo costume,0,0,EXCLUDE,0.85,0,EXCLUDE,0.85,5,5,Q160236,Metropolitan Museum of Art,P1830,owner of,National Gallery of Art --owner of--> Harlequin (Arlequin) --owned by--> Auguste Pellerin --owner of--> Peasant Woman Cooking by a Fireplace --owned by--> Metropolitan Museum of Art --owner of--> Young man in Mayo costume
row576,Q214867|Q8030760,Q214867,National Gallery of Art,Q8030760,Woman with a Parrot,0,1,INCLUDE,0.95,1,INCLUDE,0.95,5,5,Q160236,Metropolitan Museum of Art,P1830,owner of,National Gallery of Art --owner of--> Harlequin (Arlequin) --owned by--> Auguste Pellerin --owner of--> Peasant Woman Cooking by a Fireplace --owned by--> Metropolitan Museum of Art --owner of--> Woman with a Parrot
row592,Q214867|Q22965268,Q214867,National Gallery of Art,Q22965268,Woman Playing a Guitar,1,1,INCLUDE,0.95,1,INCLUDE,0.95,5,5,Q649052,Paul Durand-Ruel,P1830,owner of,National Gallery of Art --owner of--> Harlequin (Arlequin) --owned by--> Ambroise Vollard --owner of--> The Card Players --owned by--> Paul Durand-Ruel --owner of--> Woman Playing a Guitar
row638,Q214867|Q98970039,Q214867,National Gallery of Art,Q98970039,WikiProject PCC Wikidata Pilot/University of Washington,0,0,PRUNED_BY_ANCESTOR,,0,EXCLUDE,0.99,5,5,Q36180,writer,P5008,on focus list of Wikimedia project,National Gallery of Art --owner of--> Bulb Fields --owned by--> Paul Mellon --significant person--> John Walker --occupation--> writer --on focus list of Wikimedia project--> WikiProject PCC Wikidata Pilot/University of Washington
row655,Q214867|Q105757729,Q214867,National Gallery of Art,Q105757729,WikiProject PCC Wikidata Pilot — Smithsonian Libraries — Artists Files,0,0,EXCLUDE,0.95,0,EXCLUDE,0.95,5,5,Q40599,Édouard Manet,P5008,on focus list of Wikimedia project,National Gallery of Art --owner of--> Harlequin (Arlequin) --owned by--> Ambroise Vollard --owner of--> La Blonde aux seins nus --owned by--> Édouard Manet --on focus list of Wikimedia project--> WikiProject PCC Wikidata Pilot — Smithsonian Libraries — Artists Files
row699,Q214867|Q18602666,Q214867,National Gallery of Art,Q18602666,Walter Hofer,1,1,INCLUDE,0.95,1,INCLUDE,0.95,5,5,Q17277888,Gottlieb Friedrich Reber,P3342,significant person,National Gallery of Art --owner of--> Harlequin (Arlequin) --owned by--> Ambroise Vollard --owner of--> Les Baigneurs --owned by--> Gottlieb Friedrich Reber --significant person--> Walter Hofer
row731,Q214867|Q3391743,Q214867,National Gallery of Art,Q3391743,visual artist,0,0,EXCLUDE,0.95,0,EXCLUDE,0.95,5,5,Q289951,Étienne Moreau-Nélaton,P106,occupation,National Gallery of Art --owner of--> Harlequin (Arlequin) --owned by--> Ambroise Vollard --owner of--> La Blonde aux seins nus --owned by--> Étienne Moreau-Nélaton --occupation--> visual artist
row831,Q214867|Q1321055,Q214867,National Gallery of Art,Q1321055,Tilla Durieux,1,1,INCLUDE,0.9,1,INCLUDE,0.9,5,5,Q160236,Metropolitan Museum of Art,P1830,owner of,National Gallery of Art --owner of--> Harlequin (Arlequin) --owned by--> Auguste Pellerin --owner of--> Peasant Woman Cooking by a Fireplace --owned by--> Metropolitan Museum of Art --owner of--> Tilla Durieux
row889,Q214867|Q776175,Q214867,National Gallery of Art,Q776175,The Harvesters,0,1,INCLUDE,0.9,1,INCLUDE,0.9,5,5,Q160236,Metropolitan Museum of Art,P1830,owner of,National Gallery of Art --owner of--> Harlequin (Arlequin) --owned by--> Auguste Pellerin --owner of--> Peasant Woman Cooking by a Fireplace --owned by--> Metropolitan Museum of Art --owner of--> The Harvesters
row944,Q214867|Q55656666,Q214867,National Gallery of Art,Q55656666,"Roman period shears from Trabzon, MET 39.2.2",1,0,EXCLUDE,0.85,0,EXCLUDE,0.85,5,5,Q160236,Metropolitan Museum of Art,P1830,owner of,"National Gallery of Art --owner of--> Harlequin (Arlequin) --owned by--> Auguste Pellerin --owner of--> Peasant Woman Cooking by a Fireplace --owned by--> Metropolitan Museum of Art --owner of--> Roman period shears from Trabzon, MET 39.2.2"
row948,Q214867|Q190804,Q214867,National Gallery of Art,Q190804,Rijksmuseum,1,1,INCLUDE,0.95,1,INCLUDE,0.95,5,5,Q20631541,The Resurrection of Christ,P127,owned by,National Gallery of Art --owner of--> Lady with a Fan --owned by--> Alessandro Contini Bonacossi --significant person--> Hermann Göring --owner of--> The Resurrection of Christ --owned by--> Rijksmuseum
row987,Q214867|Q3937681,Q214867,National Gallery of Art,Q3937681,Portrait of a Woman with a Man at a Casement,0,1,INCLUDE,0.9,1,INCLUDE,0.9,5,5,Q160236,Metropolitan Museum of Art,P1830,owner of,National Gallery of Art --owner of--> Harlequin (Arlequin) --owned by--> Auguste Pellerin --owner of--> Peasant Woman Cooking by a Fireplace --owned by--> Metropolitan Museum of Art --owner of--> Portrait of a Woman with a Man at a Casement
row1038,Q214867|Q2871551,Q214867,National Gallery of Art,Q2871551,Pierre-Suzanne-Augustin Cochin,0,0,EXCLUDE,0.9,0,EXCLUDE,0.9,5,5,Q3023401,Denys Cochin,P22,father,National Gallery of Art --owner of--> Harlequin (Arlequin) --owned by--> Ambroise Vollard --owner of--> The Card Players --owned by--> Denys Cochin --father--> Pierre-Suzanne-Augustin Cochin
row1049,Q214867|Q486748,Q214867,National Gallery of Art,Q486748,pianist,0,0,EXCLUDE,0.98,0,EXCLUDE,0.98,5,5,Q524534,Suzanne Manet,P106,occupation,National Gallery of Art --owner of--> Harlequin (Arlequin) --owned by--> Ambroise Vollard --owner of--> La Blonde aux seins nus --owned by--> Suzanne Manet --occupation--> pianist
row1168,Q214867|Q20540932,Q214867,National Gallery of Art,Q20540932,Mandolin and Fruit Dish,1,1,INCLUDE,0.95,1,INCLUDE,0.95,5,5,Q17277888,Gottlieb Friedrich Reber,P1830,owner of,National Gallery of Art --owner of--> Harlequin (Arlequin) --owned by--> Ambroise Vollard --owner of--> Les Baigneurs --owned by--> Gottlieb Friedrich Reber --owner of--> Mandolin and Fruit Dish
row1373,Q214867|Q20771242,Q214867,National Gallery of Art,Q20771242,gallerist,1,1,INCLUDE,0.9,1,INCLUDE,0.9,5,5,Q649052,Paul Durand-Ruel,P106,occupation,National Gallery of Art --owner of--> Harlequin (Arlequin) --owned by--> Ambroise Vollard --owner of--> The Card Players --owned by--> Paul Durand-Ruel --occupation--> gallerist
row1441,Q214867|Q10800557,Q214867,National Gallery of Art,Q10800557,film actor,0,0,EXCLUDE,0.95,0,EXCLUDE,0.95,5,5,Q60763,Emmy Göring,P106,occupation,National Gallery of Art --owner of--> Lady with a Fan --owned by--> Alessandro Contini Bonacossi --significant person--> Hermann Göring --spouse--> Emmy Göring --occupation--> film actor
row1487,Q214867|Q2186896,Q214867,National Gallery of Art,Q2186896,estate,0,0,EXCLUDE,0.85,0,EXCLUDE,0.85,5,5,Q20751784,Jupiter and Antiope,P127,owned by,National Gallery of Art --owner of--> Lady with a Fan --owned by--> Alessandro Contini Bonacossi --significant person--> Hermann Göring --owner of--> Jupiter and Antiope --owned by--> estate
row1540,Q214867|Q467167,Q214867,National Gallery of Art,Q467167,Edmond James de Rothschild,1,1,INCLUDE,0.95,1,INCLUDE,0.95,5,5,Q20080422,Woman with a glass of wine and a child in a garden,P127,owned by,National Gallery of Art --owner of--> Lady with a Fan --owned by--> Alessandro Contini Bonacossi --significant person--> Hermann Göring --owner of--> Woman with a glass of wine and a child in a garden --owned by--> Edmond James de Rothschild
row1568,Q214867|Q15296811,Q214867,National Gallery of Art,Q15296811,drawer,0,0,EXCLUDE,0.95,0,EXCLUDE,0.95,5,5,Q40599,Édouard Manet,P106,occupation,National Gallery of Art --owner of--> Harlequin (Arlequin) --owned by--> Ambroise Vollard --owner of--> La Blonde aux seins nus --owned by--> Édouard Manet --occupation--> drawer
row1576,Q214867|Q14623005,Q214867,National Gallery of Art,Q14623005,draftsperson,0,0,EXCLUDE,0.95,0,EXCLUDE,0.95,5,5,Q40599,Édouard Manet,P106,occupation,National Gallery of Art --owner of--> Harlequin (Arlequin) --owned by--> Ambroise Vollard --owner of--> La Blonde aux seins nus --owned by--> Édouard Manet --occupation--> draftsperson
row1612,Q214867|Q1186818,Q214867,National Gallery of Art,Q1186818,Den Store Danske Encyklopædi,0,0,EXCLUDE,0.9,0,EXCLUDE,0.9,5,5,Q40599,Édouard Manet,P1343,described by source,National Gallery of Art --owner of--> Harlequin (Arlequin) --owned by--> Ambroise Vollard --owner of--> La Blonde aux seins nus --owned by--> Édouard Manet --described by source--> Den Store Danske Encyklopædi
row1666,Q214867|Q1780490,Q214867,National Gallery of Art,Q1780490,communard,0,0,EXCLUDE,0.9,0,EXCLUDE,0.9,5,5,Q2512019,Julien Tanguy,P106,occupation,National Gallery of Art --owner of--> Harlequin (Arlequin) --owned by--> Ambroise Vollard --owner of--> Trois Baigneuses --owned by--> Julien Tanguy --occupation--> communard
row1709,Q214867|Q593644,Q214867,National Gallery of Art,Q593644,chemist,0,0,EXCLUDE,0.95,0,EXCLUDE,0.95,5,5,Q3023401,Denys Cochin,P106,occupation,National Gallery of Art --owner of--> Harlequin (Arlequin) --owned by--> Ambroise Vollard --owner of--> The Card Players --owned by--> Denys Cochin --occupation--> chemist
row1724,Q214867|Q104439776,Q214867,National Gallery of Art,Q104439776,Charles Durand-Ruel,1,1,INCLUDE,0.85,1,INCLUDE,0.85,5,5,Q649052,Paul Durand-Ruel,P40,child,National Gallery of Art --owner of--> Harlequin (Arlequin) --owned by--> Ambroise Vollard --owner of--> The Card Players --owned by--> Paul Durand-Ruel --child--> Charles Durand-Ruel
row1738,Q214867|Q7541856,Q214867,National Gallery of Art,Q7541856,ceramicist,0,0,EXCLUDE,0.9,0,EXCLUDE,0.9,5,5,Q289951,Étienne Moreau-Nélaton,P106,occupation,National Gallery of Art --owner of--> Harlequin (Arlequin) --owned by--> Ambroise Vollard --owner of--> La Blonde aux seins nus --owned by--> Étienne Moreau-Nélaton --occupation--> ceramicist
row1748,Q214867|Q179718,Q214867,National Gallery of Art,Q179718,Catherine of Alexandria,0,0,EXCLUDE,0.95,0,EXCLUDE,0.95,5,5,Q17276115,Saint Catherine,P921,main subject,National Gallery of Art --owner of--> Lady with a Fan --owned by--> Alessandro Contini Bonacossi --significant person--> Hermann Göring --owner of--> Saint Catherine --main subject--> Catherine of Alexandria
row1755,Q214867|Q16986324,Q214867,National Gallery of Art,Q16986324,Catalog of the paintings on show at the Rijksmuseum in 1956,1,1,INCLUDE,0.8,1,INCLUDE,0.8,5,5,Q20631541,The Resurrection of Christ,P1343,described by source,National Gallery of Art --owner of--> Lady with a Fan --owned by--> Alessandro Contini Bonacossi --significant person--> Hermann Göring --owner of--> The Resurrection of Christ --described by source--> Catalog of the paintings on show at the Rijksmuseum in 1956
row1847,Q214867|Q51955019,Q214867,National Gallery of Art,Q51955019,BEIC Digital Library,0,0,EXCLUDE,0.9,0,EXCLUDE,0.9,5,5,Q40599,Édouard Manet,P1343,described by source,National Gallery of Art --owner of--> Harlequin (Arlequin) --owned by--> Ambroise Vollard --owner of--> La Blonde aux seins nus --owned by--> Édouard Manet --described by source--> BEIC Digital Library
row1869,Q214867|Q766737,Q214867,National Gallery of Art,Q766737,Auguste Manet,0,0,EXCLUDE,0.9,0,EXCLUDE,0.9,5,5,Q40599,Édouard Manet,P22,father,National Gallery of Art --owner of--> Harlequin (Arlequin) --owned by--> Ambroise Vollard --owner of--> La Blonde aux seins nus --owned by--> Édouard Manet --father--> Auguste Manet
row1893,Q214867|Q50637,Q214867,National Gallery of Art,Q50637,art history,1,1,INCLUDE,0.95,1,INCLUDE,0.95,5,5,Q28837176,Heilbrunn Timeline of Art History,P921,main subject,National Gallery of Art --owner of--> Harlequin (Arlequin) --owned by--> Ambroise Vollard --owner of--> L'Arlésienne --described by source--> Heilbrunn Timeline of Art History --main subject--> art history
row2020,Q214867|Q18379827,Q214867,National Gallery of Art,Q18379827,Alexandre Rosenberg,0,1,INCLUDE,0.9,1,INCLUDE,0.9,5,5,Q560643,Paul Rosenberg,P22,father,National Gallery of Art --owner of--> Harlequin (Arlequin) --owned by--> Ambroise Vollard --owner of--> Les Baigneurs --owned by--> Paul Rosenberg --father--> Alexandre Rosenberg
row2022,Q214867|Q76513772,Q214867,National Gallery of Art,Q76513772,Alexandre P. Rosenberg,1,1,INCLUDE,0.9,1,INCLUDE,0.9,5,5,Q560643,Paul Rosenberg,P40,child,National Gallery of Art --owner of--> Harlequin (Arlequin) --owned by--> Ambroise Vollard --owner of--> Les Baigneurs --owned by--> Paul Rosenberg --child--> Alexandre P. Rosenberg
row2035,Q214867|Q28054722,Q214867,National Gallery of Art,Q28054722,Alexander Schouvaloff,0,0,EXCLUDE,0.9,0,EXCLUDE,0.9,5,5,Q2062426,Paul Sheriff,P40,child,"National Gallery of Art --owner of--> Lucretia --owned by--> Pavel Pavlovich Demidov, 2nd Prince of San Donato --child--> Helene Pavlovna Demidoff, Principessa di San Donato --child--> Paul Sheriff --child--> Alexander Schouvaloff"
row2050,Q214867|Q19924921,Q214867,National Gallery of Art,Q19924921,Alexander Hamilton,0,0,EXCLUDE,0.8,0,EXCLUDE,0.8,5,5,Q160236,Metropolitan Museum of Art,P1830,owner of,National Gallery of Art --owner of--> Harlequin (Arlequin) --owned by--> Auguste Pellerin --owner of--> Peasant Woman Cooking by a Fireplace --owned by--> Metropolitan Museum of Art --owner of--> Alexander Hamilton
row2071,Q214867|Q62537,Q214867,National Gallery of Art,Q62537,Albert Göring,0,0,EXCLUDE,0.9,0,EXCLUDE,0.9,5,5,Q215908,Heinrich Ernst Göring,P40,child,National Gallery of Art --owner of--> Lady with a Fan --owned by--> Alessandro Contini Bonacossi --significant person--> Hermann Göring --father--> Heinrich Ernst Göring --child--> Albert Göring
row2096,Q214867|Q18785024,Q214867,National Gallery of Art,Q18785024,Abraham Adelsberger,1,1,INCLUDE,0.95,1,INCLUDE,0.95,5,5,Q20751784,Jupiter and Antiope,P127,owned by,National Gallery of Art --owner of--> Lady with a Fan --owned by--> Alessandro Contini Bonacossi --significant person--> Hermann Göring --owner of--> Jupiter and Antiope --owned by--> Abraham Adelsberger
row543,Q21948567|Q66362718,Q21948567,Sunflowers,Q66362718,1001 Paintings You Must See Before You Die,0,0,EXCLUDE,0.85,0,EXCLUDE,0.85,1,1,Q21948567,Sunflowers,P1343,described by source,Sunflowers --described by source--> 1001 Paintings You Must See Before You Die
row6,Q21948567|Q36180,Q21948567,Sunflowers,Q36180,writer,0,0,EXCLUDE,0.95,0,EXCLUDE,0.95,2,2,Q2554450,Johanna van Gogh-Bonger,P106,occupation,Sunflowers --owned by--> Johanna van Gogh-Bonger --occupation--> writer
row54,Q21948567|Q333634,Q21948567,Sunflowers,Q333634,translator,0,0,EXCLUDE,0.95,0,EXCLUDE,0.95,2,2,Q2554450,Johanna van Gogh-Bonger,P106,occupation,Sunflowers --owned by--> Johanna van Gogh-Bonger --occupation--> translator
row743,Q21948567|Q2185351,Q21948567,Sunflowers,Q2185351,Vincent Willem van Gogh,0,1,INCLUDE,0.9,1,INCLUDE,0.9,2,2,Q2554450,Johanna van Gogh-Bonger,P40,child,Sunflowers --owned by--> Johanna van Gogh-Bonger --child--> Vincent Willem van Gogh
row779,Q21948567|Q1622272,Q21948567,Sunflowers,Q1622272,university teacher,0,0,EXCLUDE,0.95,0,EXCLUDE,0.95,2,2,Q2554450,Johanna van Gogh-Bonger,P106,occupation,Sunflowers --owned by--> Johanna van Gogh-Bonger --occupation--> university teacher
row851,Q21948567|Q317188,Q21948567,Sunflowers,Q317188,Theo Van Gogh,0,1,INCLUDE,0.95,1,INCLUDE,0.95,2,2,Q2554450,Johanna van Gogh-Bonger,P26,spouse,Sunflowers --owned by--> Johanna van Gogh-Bonger --spouse--> Theo van Gogh
row1928,Q21948567|Q10732476,Q21948567,Sunflowers,Q10732476,art collector,1,1,INCLUDE,0.95,1,INCLUDE,0.95,2,2,Q2554450,Johanna van Gogh-Bonger,P106,occupation,Sunflowers --owned by--> Johanna van Gogh-Bonger --occupation--> art collector
row852,Q21948567|Q2659670,Q21948567,Sunflowers,Q2659670,Theo van Gogh,0,0,EXCLUDE,0.95,0,EXCLUDE,0.95,3,3,Q2185351,Vincent Willem van Gogh,P40,child,Sunflowers --owned by--> Johanna van Gogh-Bonger --child--> Vincent Willem van Gogh --child--> Theo van Gogh
row1513,Q21948567|Q81096,Q21948567,Sunflowers,Q81096,engineer,0,0,EXCLUDE,0.95,0,EXCLUDE,0.95,3,3,Q2185351,Vincent Willem van Gogh,P106,occupation,Sunflowers --owned by--> Johanna van Gogh-Bonger --child--> Vincent Willem van Gogh --occupation--> engineer
row853,Q21948567|Q205456,Q21948567,Sunflowers,Q205456,Theo van Gogh,0,0,EXCLUDE,0.95,0,EXCLUDE,0.95,4,4,Q18016363,Johan van Gogh,P40,child,Sunflowers --owned by--> Johanna van Gogh-Bonger --child--> Vincent Willem van Gogh --child--> Johan van Gogh --child--> Theo van Gogh
row1699,Q21948567|Q1423891,Q21948567,Sunflowers,Q1423891,Christian minister,0,0,EXCLUDE,0.95,0,EXCLUDE,0.95,4,4,Q2233061,Theodorus van Gogh,P106,occupation,Sunflowers --owned by--> Johanna van Gogh-Bonger --spouse--> Theo van Gogh --father--> Theodorus van Gogh --occupation--> Christian minister
row162,Q21948567|Q58433306,Q21948567,Sunflowers,Q58433306,"Hans Haacke,Framing and Being Framed: 7 Works, 1970–75",1,1,INCLUDE,0.85,1,INCLUDE,0.85,5,5,Q1773840,provenance,P1343,described by source,"Sunflowers --owned by--> Johanna van Gogh-Bonger --spouse--> Theo van Gogh --on focus list of Wikimedia project--> WikiProject Provenance --main subject--> provenance --described by source--> Hans Haacke,Framing and Being Framed: 7 Works, 1970–75"
row259,Q21948567|Q99413897,Q21948567,Sunflowers,Q99413897,Medvik,0,0,EXCLUDE,0.95,0,EXCLUDE,0.95,5,5,Q5582,Vincent van Gogh,P1343,described by source,Sunflowers --owned by--> Johanna van Gogh-Bonger --spouse--> Theo van Gogh --owner of--> The Night Café in Arles --owned by--> Vincent van Gogh --described by source--> Medvik
row263,Q21948567|Q11774156,Q21948567,Sunflowers,Q11774156,memoirist,0,0,EXCLUDE,0.95,0,EXCLUDE,0.95,5,5,Q24283953,Elisabeth van Gogh,P106,occupation,Sunflowers --owned by--> Johanna van Gogh-Bonger --spouse--> Theo van Gogh --father--> Theodorus van Gogh --child--> Elisabeth van Gogh --occupation--> memoirist
row295,Q21948567|Q67311526,Q21948567,Sunflowers,Q67311526,Obalky knih.cz,0,0,EXCLUDE,0.95,0,EXCLUDE,0.95,5,5,Q65351,Paul Cassirer,P1343,described by source,Sunflowers --owned by--> Johanna van Gogh-Bonger --spouse--> Theo van Gogh --owner of--> Enclosed Field with Peasant --owned by--> Paul Cassirer --described by source--> Obalky knih.cz
row308,Q21948567|Q2041543,Q21948567,Sunflowers,Q2041543,Ottův slovník naučný,0,0,EXCLUDE,0.95,0,EXCLUDE,0.95,5,5,Q877729,handicraft,P1343,described by source,Sunflowers --owned by--> Johanna van Gogh-Bonger --spouse--> Theo van Gogh --owner of--> Weaver --main subject--> handicraft --described by source--> Ottův slovník naučný
row310,Q21948567|Q17378135,Q21948567,Sunflowers,Q17378135,Great Soviet Encyclopedia (1969–1978),0,0,EXCLUDE,0.95,0,EXCLUDE,0.95,5,5,Q5582,Vincent van Gogh,P1343,described by source,Sunflowers --owned by--> Johanna van Gogh-Bonger --spouse--> Theo van Gogh --owner of--> The Night Café in Arles --owned by--> Vincent van Gogh --described by source--> Great Soviet Encyclopedia (1969–1978)
row444,Q21948567|Q907660,Q21948567,Sunflowers,Q907660,Canon of Dutch History,0,0,EXCLUDE,0.9,0,EXCLUDE,0.9,5,5,Q5582,Vincent van Gogh,P1343,described by source,Sunflowers --owned by--> Johanna van Gogh-Bonger --spouse--> Theo van Gogh --owner of--> The Night Café in Arles --owned by--> Vincent van Gogh --described by source--> Canon of Dutch History
row529,Q21948567|Q104694359,Q21948567,Sunflowers,Q104694359,WikiProject PCC Wikidata Pilot/Frick Art Reference Library,0,0,EXCLUDE,0.8,0,EXCLUDE,0.8,5,5,Q10288073,M. Knoedler & Co.,P5008,on focus list of Wikimedia project,Sunflowers --owned by--> Johanna van Gogh-Bonger --spouse--> Theo van Gogh --owner of--> Enclosed Field with Ploughman --owned by--> M. Knoedler & Co. --on focus list of Wikimedia project--> WikiProject PCC Wikidata Pilot/Frick Art Reference Library
row570,Q21948567|Q28692502,Q21948567,Sunflowers,Q28692502,women's rights activist,0,0,EXCLUDE,0.98,0,EXCLUDE,0.98,5,5,Q4140958,Wil van Gogh,P106,occupation,Sunflowers --owned by--> Johanna van Gogh-Bonger --spouse--> Theo van Gogh --owner of--> Enclosed Field with Ploughman --owned by--> Wil van Gogh --occupation--> women's rights activist
row665,Q21948567|Q110249806,Q21948567,Sunflowers,Q110249806,WikiProject Craft,0,0,EXCLUDE,0.99,0,EXCLUDE,0.99,5,5,Q877729,handicraft,P5008,on focus list of Wikimedia project,Sunflowers --owned by--> Johanna van Gogh-Bonger --spouse--> Theo van Gogh --owner of--> Weaver --main subject--> handicraft --on focus list of Wikimedia project--> WikiProject Craft
row747,Q21948567|Q102413149,Q21948567,Sunflowers,Q102413149,Vincent van Gogh (Uncle Cent),0,0,EXCLUDE,0.75,0,EXCLUDE,0.75,5,5,Q1960369,Vincent van Gogh,P40,child,Sunflowers --owned by--> Johanna van Gogh-Bonger --spouse--> Theo van Gogh --father--> Theodorus van Gogh --father--> Vincent van Gogh --child--> Vincent van Gogh (Uncle Cent)
row752,Q21948567|Q102441871,Q21948567,Sunflowers,Q102441871,Vincent van Gogh,1,1,INCLUDE,0.95,1,INCLUDE,0.95,5,5,Q28874033,C.M. van Gogh Gallery,P127,owned by,Sunflowers --owned by--> Johanna van Gogh-Bonger --spouse--> Theo van Gogh --owner of--> Enclosed Field with Ploughman --owned by--> C.M. van Gogh Gallery --owned by--> Vincent van Gogh
row789,Q21948567|Q20010400,Q21948567,Sunflowers,Q20010400,"Two women and a child,  'A Mother's Care'",0,1,INCLUDE,0.9,1,INCLUDE,0.9,5,5,Q4872,Pushkin Museum of Fine Arts,P1830,owner of,"Sunflowers --owned by--> Johanna van Gogh-Bonger --spouse--> Theo van Gogh --owner of--> The Night Café in Arles --owned by--> Pushkin Museum of Fine Arts --owner of--> Two women and a child,  'A Mother's Care'"
row977,Q21948567|Q18120969,Q21948567,Sunflowers,Q18120969,Portrait of an old woman,0,1,INCLUDE,0.9,1,INCLUDE,0.9,5,5,Q49133,Museum of Fine Arts,P1830,owner of,Sunflowers --owned by--> Johanna van Gogh-Bonger --spouse--> Theo van Gogh --owner of--> Weaver --owned by--> Museum of Fine Arts --owner of--> Portrait of an old woman
row1002,Q21948567|Q11822840,Q21948567,Sunflowers,Q11822840,,0,0,EXCLUDE,0.95,0,EXCLUDE,0.95,5,5,Q4872,Pushkin Museum of Fine Arts,P1343,described by source,Sunflowers --owned by--> Johanna van Gogh-Bonger --spouse--> Theo van Gogh --owner of--> The Night Café in Arles --owned by--> Pushkin Museum of Fine Arts --described by source--> Polskie encyklopedie
row1023,Q21948567|Q49757,Q21948567,Sunflowers,Q49757,poet,0,0,EXCLUDE,0.98,0,EXCLUDE,0.98,5,5,Q24283953,Elisabeth van Gogh,P106,occupation,Sunflowers --owned by--> Johanna van Gogh-Bonger --spouse--> Theo van Gogh --father--> Theodorus van Gogh --child--> Elisabeth van Gogh --occupation--> poet
row1107,Q21948567|Q78060740,Q21948567,Sunflowers,Q78060740,Paul Cassirer Gallery,1,1,INCLUDE,0.95,1,INCLUDE,0.95,5,5,Q65351,Paul Cassirer,P1830,owner of,Sunflowers --owned by--> Johanna van Gogh-Bonger --spouse--> Theo van Gogh --owner of--> Enclosed Field with Peasant --owned by--> Paul Cassirer --owner of--> Paul Cassirer Gallery
row1261,Q21948567|Q4091875,Q21948567,Sunflowers,Q4091875,,0,0,PRUNED_BY_ANCESTOR,,0,EXCLUDE,0.99,5,5,,,,,
row1271,Q21948567|Q1925963,Q21948567,Sunflowers,Q1925963,graphic artist,0,0,EXCLUDE,0.98,0,EXCLUDE,0.98,5,5,Q5582,Vincent van Gogh,P106,occupation,Sunflowers --owned by--> Johanna van Gogh-Bonger --spouse--> Theo van Gogh --owner of--> The Night Café in Arles --owned by--> Vincent van Gogh --occupation--> graphic artist
row1427,Q21948567|Q3282637,Q21948567,Sunflowers,Q3282637,film producer,0,0,PRUNED_BY_ANCESTOR,,0,EXCLUDE,0.98,5,5,Q205456,Theo van Gogh,P106,occupation,Sunflowers --owned by--> Johanna van Gogh-Bonger --child--> Vincent Willem van Gogh --child--> Johan van Gogh --child--> Theo van Gogh --occupation--> film producer
row1430,Q21948567|Q7042855,Q21948567,Sunflowers,Q7042855,film editor,0,0,PRUNED_BY_ANCESTOR,,0,EXCLUDE,0.98,5,5,Q205456,Theo van Gogh,P106,occupation,Sunflowers --owned by--> Johanna van Gogh-Bonger --child--> Vincent Willem van Gogh --child--> Johan van Gogh --child--> Theo van Gogh --occupation--> film editor
row1433,Q21948567|Q2526255,Q21948567,Sunflowers,Q2526255,film director,0,0,PRUNED_BY_ANCESTOR,,0,EXCLUDE,0.95,5,5,Q205456,Theo van Gogh,P106,occupation,Sunflowers --owned by--> Johanna van Gogh-Bonger --child--> Vincent Willem van Gogh --child--> Johan van Gogh --child--> Theo van Gogh --occupation--> film director
row1437,Q21948567|Q10800557,Q21948567,Sunflowers,Q10800557,film actor,0,0,PRUNED_BY_ANCESTOR,,0,EXCLUDE,0.95,5,5,Q205456,Theo van Gogh,P106,occupation,Sunflowers --owned by--> Johanna van Gogh-Bonger --child--> Vincent Willem van Gogh --child--> Johan van Gogh --child--> Theo van Gogh --occupation--> film actor
row1479,Q21948567|Q10862983,Q21948567,Sunflowers,Q10862983,etcher,0,0,EXCLUDE,0.85,0,EXCLUDE,0.85,5,5,Q5582,Vincent van Gogh,P106,occupation,Sunflowers --owned by--> Johanna van Gogh-Bonger --spouse--> Theo van Gogh --owner of--> The Night Café in Arles --owned by--> Vincent van Gogh --occupation--> etcher
row1500,Q21948567|Q131524,Q21948567,Sunflowers,Q131524,entrepreneur,0,0,EXCLUDE,0.9,0,EXCLUDE,0.9,5,5,Q19502360,Fritz Meyer-Fierz,P106,occupation,Sunflowers --owned by--> Johanna van Gogh-Bonger --spouse--> Theo van Gogh --owner of--> Enclosed Field with Ploughman --owned by--> Fritz Meyer-Fierz --occupation--> entrepreneur
row1550,Q21948567|Q5334534,Q21948567,Sunflowers,Q5334534,Ed Bass,0,1,INCLUDE,0.85,1,INCLUDE,0.85,5,5,Q18631396,Perry Richardson Bass,P40,child,Sunflowers --owned by--> Johanna van Gogh-Bonger --spouse--> Theo van Gogh --owner of--> Enclosed Field with Ploughman --owned by--> Perry Richardson Bass --child--> Ed Bass
row1564,Q21948567|Q15296811,Q21948567,Sunflowers,Q15296811,drawer,0,0,EXCLUDE,0.9,0,EXCLUDE,0.9,5,5,Q5582,Vincent van Gogh,P106,occupation,Sunflowers --owned by--> Johanna van Gogh-Bonger --spouse--> Theo van Gogh --owner of--> The Night Café in Arles --owned by--> Vincent van Gogh --occupation--> drawer
row1573,Q21948567|Q14623005,Q21948567,Sunflowers,Q14623005,draftsperson,0,0,EXCLUDE,0.9,0,EXCLUDE,0.9,5,5,Q5582,Vincent van Gogh,P106,occupation,Sunflowers --owned by--> Johanna van Gogh-Bonger --spouse--> Theo van Gogh --owner of--> The Night Café in Arles --owned by--> Vincent van Gogh --occupation--> draftsperson
row1648,Q21948567|Q94378647,Q21948567,Sunflowers,Q94378647,Cornelis Marinus van Gogh,0,1,INCLUDE,0.95,1,INCLUDE,0.95,5,5,Q28874033,C.M. van Gogh Gallery,P127,owned by,Sunflowers --owned by--> Johanna van Gogh-Bonger --spouse--> Theo van Gogh --owner of--> Enclosed Field with Ploughman --owned by--> C.M. van Gogh Gallery --owned by--> Cornelis Marinus van Gogh
row1667,Q21948567|Q1086863,Q21948567,Sunflowers,Q1086863,columnist,0,0,PRUNED_BY_ANCESTOR,,0,EXCLUDE,0.95,5,5,Q205456,Theo van Gogh,P106,occupation,Sunflowers --owned by--> Johanna van Gogh-Bonger --child--> Vincent Willem van Gogh --child--> Johan van Gogh --child--> Theo van Gogh --occupation--> columnist
row1772,Q21948567|Q43845,Q21948567,Sunflowers,Q43845,businessperson,0,0,EXCLUDE,0.9,0,EXCLUDE,0.9,5,5,Q1675888,Ivan Morozov,P106,occupation,Sunflowers --owned by--> Johanna van Gogh-Bonger --spouse--> Theo van Gogh --owner of--> The Night Café in Arles --owned by--> Ivan Morozov --occupation--> businessperson
row1798,Q21948567|Q3148760,Q21948567,Sunflowers,Q3148760,botanical illustrator,0,0,EXCLUDE,0.9,0,EXCLUDE,0.9,5,5,Q5582,Vincent van Gogh,P106,occupation,Sunflowers --owned by--> Johanna van Gogh-Bonger --spouse--> Theo van Gogh --owner of--> The Night Café in Arles --owned by--> Vincent van Gogh --occupation--> botanical illustrator
row1802,Q21948567|Q8246794,Q21948567,Sunflowers,Q8246794,blogger,0,0,PRUNED_BY_ANCESTOR,,0,EXCLUDE,0.95,5,5,Q205456,Theo van Gogh,P106,occupation,Sunflowers --owned by--> Johanna van Gogh-Bonger --child--> Vincent Willem van Gogh --child--> Johan van Gogh --child--> Theo van Gogh --occupation--> blogger
row1844,Q21948567|Q51955019,Q21948567,Sunflowers,Q51955019,BEIC Digital Library,0,0,EXCLUDE,0.85,0,EXCLUDE,0.85,5,5,Q5582,Vincent van Gogh,P1343,described by source,Sunflowers --owned by--> Johanna van Gogh-Bonger --spouse--> Theo van Gogh --owner of--> The Night Café in Arles --owned by--> Vincent van Gogh --described by source--> BEIC Digital Library
row1951,Q21948567|Q2657718,Q21948567,Sunflowers,Q2657718,Armenian Soviet Encyclopedia,0,0,EXCLUDE,0.95,0,EXCLUDE,0.95,5,5,Q4872,Pushkin Museum of Fine Arts,P1343,described by source,Sunflowers --owned by--> Johanna van Gogh-Bonger --spouse--> Theo van Gogh --owner of--> The Night Café in Arles --owned by--> Pushkin Museum of Fine Arts --described by source--> Armenian Soviet Encyclopedia
row2085,Q21948567|Q33999,Q21948567,Sunflowers,Q33999,actor,0,0,PRUNED_BY_ANCESTOR,,0,EXCLUDE,0.95,5,5,Q205456,Theo van Gogh,P106,occupation,Sunflowers --owned by--> Johanna van Gogh-Bonger --child--> Vincent Willem van Gogh --child--> Johan van Gogh --child--> Theo van Gogh --occupation--> actor
row2090,Q21948567|Q15253558,Q21948567,Sunflowers,Q15253558,activist,0,0,PRUNED_BY_ANCESTOR,,0,EXCLUDE,0.95,5,5,Q205456,Theo van Gogh,P106,occupation,Sunflowers --owned by--> Johanna van Gogh-Bonger --child--> Vincent Willem van Gogh --child--> Johan van Gogh --child--> Theo van Gogh --occupation--> activist
row1685,Q26221176|Q657415,Q26221176,Two Poplars in the Alpilles near Saint-Rémy,Q657415,Cleveland Museum of Art,1,1,INCLUDE,0.99,1,INCLUDE,0.99,1,1,Q26221176,Two Poplars in the Alpilles near Saint-Rémy,P127,owned by,Two Poplars in the Alpilles near Saint-Rémy --owned by--> Cleveland Museum of Art
row2013,Q26221176|Q74128,Q26221176,Two Poplars in the Alpilles near Saint-Rémy,Q74128,Alfred Flechtheim,1,1,INCLUDE,0.99,1,INCLUDE,0.99,1,1,Q26221176,Two Poplars in the Alpilles near Saint-Rémy,P127,owned by,Two Poplars in the Alpilles near Saint-Rémy --owned by--> Alfred Flechtheim
row32,Q26221176|Q68074438,Q26221176,Two Poplars in the Alpilles near Saint-Rémy,Q68074438,WikiProject Livius,0,0,EXCLUDE,0.95,0,EXCLUDE,0.95,2,2,Q657415,Cleveland Museum of Art,P5008,on focus list of Wikimedia project,Two Poplars in the Alpilles near Saint-Rémy --owned by--> Cleveland Museum of Art --on focus list of Wikimedia project--> WikiProject Livius
row48,Q26221176|Q7933396,Q26221176,Two Poplars in the Alpilles near Saint-Rémy,Q7933396,Violin and Grapes,1,1,INCLUDE,0.95,1,INCLUDE,0.95,2,2,Q74128,Alfred Flechtheim,P1830,owner of,Two Poplars in the Alpilles near Saint-Rémy --owned by--> Alfred Flechtheim --owner of--> Violin and Grapes
row78,Q26221176|Q109354198,Q26221176,Two Poplars in the Alpilles near Saint-Rémy,Q109354198,Boy Holding a Blue Vase,1,1,INCLUDE,0.95,1,INCLUDE,0.95,2,2,Q74128,Alfred Flechtheim,P1830,owner of,Two Poplars in the Alpilles near Saint-Rémy --owned by--> Alfred Flechtheim --owner of--> Boy Holding a Blue Vase
row247,Q26221176|Q49870534,Q26221176,Two Poplars in the Alpilles near Saint-Rémy,Q49870534,Madame Cézanne in a Red Dress,1,1,INCLUDE,0.95,1,INCLUDE,0.95,2,2,Q74128,Alfred Flechtheim,P1830,owner of,Two Poplars in the Alpilles near Saint-Rémy --owned by--> Alfred Flechtheim --owner of--> Madame Cézanne in a Red Dress
row379,Q26221176|Q27096203,Q26221176,Two Poplars in the Alpilles near Saint-Rémy,Q27096203,Saint John the Baptist,1,1,INCLUDE,0.9,1,INCLUDE,0.9,2,2,Q657415,Cleveland Museum of Art,P1830,owner of,Two Poplars in the Alpilles near Saint-Rémy --owned by--> Cleveland Museum of Art --owner of--> Saint John the Baptist
row420,Q26221176|Q73357989,Q26221176,Two Poplars in the Alpilles near Saint-Rémy,Q73357989,Survey of GLAM open access policy and practice,0,0,EXCLUDE,0.95,0,EXCLUDE,0.95,2,2,Q657415,Cleveland Museum of Art,P1343,described by source,Two Poplars in the Alpilles near Saint-Rémy --owned by--> Cleveland Museum of Art --described by source--> Survey of GLAM open access policy and practice
row467,Q26221176|Q7720110,Q26221176,Two Poplars in the Alpilles near Saint-Rémy,Q7720110,The Brierwood Pipe,0,1,INCLUDE,0.9,1,INCLUDE,0.9,2,2,Q657415,Cleveland Museum of Art,P1830,owner of,Two Poplars in the Alpilles near Saint-Rémy --owned by--> Cleveland Museum of Art --owner of--> The Brierwood Pipe
row483,Q26221176|Q94764626,Q26221176,Two Poplars in the Alpilles near Saint-Rémy,Q94764626,Bertha Flechtheim,1,1,INCLUDE,0.9,1,INCLUDE,0.9,2,2,Q74128,Alfred Flechtheim,P26,spouse,Two Poplars in the Alpilles near Saint-Rémy --owned by--> Alfred Flechtheim --spouse--> Bertha Flechtheim
row565,Q26221176|Q36180,Q26221176,Two Poplars in the Alpilles near Saint-Rémy,Q36180,writer,0,0,EXCLUDE,0.99,0,EXCLUDE,0.99,2,2,Q2554450,Johanna van Gogh-Bonger,P106,occupation,Two Poplars in the Alpilles near Saint-Rémy --owned by--> Johanna van Gogh-Bonger --occupation--> writer
row648,Q26221176|Q104694359,Q26221176,Two Poplars in the Alpilles near Saint-Rémy,Q104694359,WikiProject PCC Wikidata Pilot/Frick Art Reference Library,0,0,EXCLUDE,0.95,0,EXCLUDE,0.95,2,2,Q19308411,Sam Salz,P5008,on focus list of Wikimedia project,Two Poplars in the Alpilles near Saint-Rémy --owned by--> Sam Salz --on focus list of Wikimedia project--> WikiProject PCC Wikidata Pilot/Frick Art Reference Library
row687,Q26221176|Q42882613,Q26221176,Two Poplars in the Alpilles near Saint-Rémy,Q42882613,"Waterloo Bridge, London",1,1,INCLUDE,0.9,1,INCLUDE,0.9,2,2,Q19308411,Sam Salz,P1830,owner of,"Two Poplars in the Alpilles near Saint-Rémy --owned by--> Sam Salz --owner of--> Waterloo Bridge, London"
row744,Q26221176|Q2185351,Q26221176,Two Poplars in the Alpilles near Saint-Rémy,Q2185351,Vincent Willem van Gogh,0,1,INCLUDE,0.85,1,INCLUDE,0.85,2,2,Q2554450,Johanna van Gogh-Bonger,P40,child,Two Poplars in the Alpilles near Saint-Rémy --owned by--> Johanna van Gogh-Bonger --child--> Vincent Willem van Gogh
row780,Q26221176|Q1622272,Q26221176,Two Poplars in the Alpilles near Saint-Rémy,Q1622272,university teacher,0,0,EXCLUDE,0.99,0,EXCLUDE,0.99,2,2,Q2554450,Johanna van Gogh-Bonger,P106,occupation,Two Poplars in the Alpilles near Saint-Rémy --owned by--> Johanna van Gogh-Bonger --occupation--> university teacher
row810,Q26221176|Q333634,Q26221176,Two Poplars in the Alpilles near Saint-Rémy,Q333634,translator,0,0,EXCLUDE,0.99,0,EXCLUDE,0.99,2,2,Q2554450,Johanna van Gogh-Bonger,P106,occupation,Two Poplars in the Alpilles near Saint-Rémy --owned by--> Johanna van Gogh-Bonger --occupation--> translator
row854,Q26221176|Q317188,Q26221176,Two Poplars in the Alpilles near Saint-Rémy,Q317188,Theo Van Gogh,0,1,INCLUDE,0.9,1,INCLUDE,0.9,2,2,Q2554450,Johanna van Gogh-Bonger,P26,spouse,Two Poplars in the Alpilles near Saint-Rémy --owned by--> Johanna van Gogh-Bonger --spouse--> Theo van Gogh
row1090,Q26221176|Q12362622,Q26221176,Two Poplars in the Alpilles near Saint-Rémy,Q12362622,philanthropist,0,0,EXCLUDE,0.99,0,EXCLUDE,0.99,2,2,Q47153187,Leonard C. Hanna Jr.,P106,occupation,Two Poplars in the Alpilles near Saint-Rémy --owned by--> Leonard C. Hanna Jr. --occupation--> philanthropist
row1480,Q26221176|Q10862983,Q26221176,Two Poplars in the Alpilles near Saint-Rémy,Q10862983,etcher,0,0,EXCLUDE,0.99,0,EXCLUDE,0.99,2,2,Q19754135,Willem Steenhoff,P106,occupation,Two Poplars in the Alpilles near Saint-Rémy --owned by--> Willem Steenhoff --occupation--> etcher
row1565,Q26221176|Q15296811,Q26221176,Two Poplars in the Alpilles near Saint-Rémy,Q15296811,drawer,0,0,EXCLUDE,0.99,0,EXCLUDE,0.99,2,2,Q19754135,Willem Steenhoff,P106,occupation,Two Poplars in the Alpilles near Saint-Rémy --owned by--> Willem Steenhoff --occupation--> drawer
row1773,Q26221176|Q43845,Q26221176,Two Poplars in the Alpilles near Saint-Rémy,Q43845,businessperson,0,0,EXCLUDE,0.95,0,EXCLUDE,0.95,2,2,Q47153187,Leonard C. Hanna Jr.,P106,occupation,Two Poplars in the Alpilles near Saint-Rémy --owned by--> Leonard C. Hanna Jr. --occupation--> businessperson
row1897,Q26221176|Q1792450,Q26221176,Two Poplars in the Alpilles near Saint-Rémy,Q1792450,art historian,1,1,INCLUDE,0.85,1,INCLUDE,0.85,2,2,Q19754135,Willem Steenhoff,P106,occupation,Two Poplars in the Alpilles near Saint-Rémy --owned by--> Willem Steenhoff --occupation--> art historian
row1910,Q26221176|Q173950,Q26221176,Two Poplars in the Alpilles near Saint-Rémy,Q173950,art dealer,1,1,INCLUDE,0.99,1,INCLUDE,0.99,2,2,Q19308411,Sam Salz,P106,occupation,Two Poplars in the Alpilles near Saint-Rémy --owned by--> Sam Salz --occupation--> art dealer
row1929,Q26221176|Q10732476,Q26221176,Two Poplars in the Alpilles near Saint-Rémy,Q10732476,art collector,1,1,INCLUDE,0.99,1,INCLUDE,0.99,2,2,Q19308411,Sam Salz,P106,occupation,Two Poplars in the Alpilles near Saint-Rémy --owned by--> Sam Salz --occupation--> art collector
row2101,Q26221176|Q12842489,Q26221176,Two Poplars in the Alpilles near Saint-Rémy,Q12842489,A Centennial of Independence,1,1,INCLUDE,0.98,1,INCLUDE,0.98,2,2,Q74128,Alfred Flechtheim,P1830,owner of,Two Poplars in the Alpilles near Saint-Rémy --owned by--> Alfred Flechtheim --owner of--> A Centennial of Independence
row145,Q26221176|Q1768721,Q26221176,Two Poplars in the Alpilles near Saint-Rémy,Q1768721,Gujin Tushu Jicheng,0,0,PRUNED_BY_ANCESTOR,,0,EXCLUDE,0.95,3,3,Q43845,businessperson,P1343,described by source,Two Poplars in the Alpilles near Saint-Rémy --owned by--> Leonard C. Hanna Jr. --occupation--> businessperson --described by source--> Gujin Tushu Jicheng
row502,Q26221176|Q2657718,Q26221176,Two Poplars in the Alpilles near Saint-Rémy,Q2657718,Armenian Soviet Encyclopedia,0,0,EXCLUDE,0.95,0,EXCLUDE,0.95,3,3,Q131572,refugee,P1343,described by source,Two Poplars in the Alpilles near Saint-Rémy --owned by--> Alfred Flechtheim --occupation--> refugee --described by source--> Armenian Soviet Encyclopedia
row621,Q26221176|Q69574,Q26221176,Two Poplars in the Alpilles near Saint-Rémy,Q69574,Wilhelm Uhde,1,1,INCLUDE,0.95,1,INCLUDE,0.95,3,3,Q12842489,A Centennial of Independence,P127,owned by,Two Poplars in the Alpilles near Saint-Rémy --owned by--> Alfred Flechtheim --owner of--> A Centennial of Independence --owned by--> Wilhelm Uhde
row637,Q26221176|Q98970039,Q26221176,Two Poplars in the Alpilles near Saint-Rémy,Q98970039,WikiProject PCC Wikidata Pilot/University of Washington,0,0,PRUNED_BY_ANCESTOR,,0,EXCLUDE,0.99,3,3,Q36180,writer,P5008,on focus list of Wikimedia project,Two Poplars in the Alpilles near Saint-Rémy --owned by--> Johanna van Gogh-Bonger --occupation--> writer --on focus list of Wikimedia project--> WikiProject PCC Wikidata Pilot/University of Washington
row663,Q26221176|Q13382529,Q26221176,Two Poplars in the Alpilles near Saint-Rémy,Q13382529,WikiProject about human rights,0,0,EXCLUDE,0.99,0,EXCLUDE,0.99,3,3,Q131572,refugee,P5008,on focus list of Wikimedia project,Two Poplars in the Alpilles near Saint-Rémy --owned by--> Alfred Flechtheim --occupation--> refugee --on focus list of Wikimedia project--> WikiProject Human rights
row855,Q26221176|Q2659670,Q26221176,Two Poplars in the Alpilles near Saint-Rémy,Q2659670,Theo van Gogh,0,0,EXCLUDE,0.95,0,EXCLUDE,0.95,3,3,Q2185351,Vincent Willem van Gogh,P40,child,Two Poplars in the Alpilles near Saint-Rémy --owned by--> Johanna van Gogh-Bonger --child--> Vincent Willem van Gogh --child--> Theo van Gogh
row1183,Q26221176|Q6419949,Q26221176,Two Poplars in the Alpilles near Saint-Rémy,Q6419949,Klaus Perls,1,1,INCLUDE,0.95,1,INCLUDE,0.95,3,3,Q60474736,The Aviator,P127,owned by,Two Poplars in the Alpilles near Saint-Rémy --owned by--> Alfred Flechtheim --owner of--> The Aviator --owned by--> Klaus Perls
row1206,Q26221176|Q731126,Q26221176,Two Poplars in the Alpilles near Saint-Rémy,Q731126,J. Paul Getty Museum,1,1,INCLUDE,0.95,1,INCLUDE,0.95,3,3,Q12842489,A Centennial of Independence,P127,owned by,Two Poplars in the Alpilles near Saint-Rémy --owned by--> Alfred Flechtheim --owner of--> A Centennial of Independence --owned by--> J. Paul Getty Museum
row1328,Q26221176|Q4532138,Q26221176,Two Poplars in the Alpilles near Saint-Rémy,Q4532138,Granat Encyclopedic Dictionary,0,0,PRUNED_BY_ANCESTOR,,0,EXCLUDE,0.95,3,3,Q12362622,philanthropist,P1343,described by source,Two Poplars in the Alpilles near Saint-Rémy --owned by--> Leonard C. Hanna Jr. --occupation--> philanthropist --described by source--> Granat Encyclopedic Dictionary
row1387,Q26221176|Q15305978,Q26221176,Two Poplars in the Alpilles near Saint-Rémy,Q15305978,galerie Durand-Ruel,1,1,INCLUDE,0.95,1,INCLUDE,0.95,3,3,Q42882613,"Waterloo Bridge, London",P127,owned by,"Two Poplars in the Alpilles near Saint-Rémy --owned by--> Sam Salz --owner of--> Waterloo Bridge, London --owned by--> galerie Durand-Ruel"
row1514,Q26221176|Q81096,Q26221176,Two Poplars in the Alpilles near Saint-Rémy,Q81096,engineer,0,0,EXCLUDE,0.95,0,EXCLUDE,0.95,3,3,Q2185351,Vincent Willem van Gogh,P106,occupation,Two Poplars in the Alpilles near Saint-Rémy --owned by--> Johanna van Gogh-Bonger --child--> Vincent Willem van Gogh --occupation--> engineer
row1529,Q26221176|Q33011974,Q26221176,Two Poplars in the Alpilles near Saint-Rémy,Q33011974,Edwin Suermondt,1,1,INCLUDE,0.95,1,INCLUDE,0.95,3,3,Q12842489,A Centennial of Independence,P127,owned by,Two Poplars in the Alpilles near Saint-Rémy --owned by--> Alfred Flechtheim --owner of--> A Centennial of Independence --owned by--> Edwin Suermondt
row1759,Q26221176|Q1043967,Q26221176,Two Poplars in the Alpilles near Saint-Rémy,Q1043967,Carnegie Museum of Art,1,1,INCLUDE,0.95,1,INCLUDE,0.95,3,3,Q42882613,"Waterloo Bridge, London",P127,owned by,"Two Poplars in the Alpilles near Saint-Rémy --owned by--> Sam Salz --owner of--> Waterloo Bridge, London --owned by--> Carnegie Museum of Art"
row2054,Q26221176|Q23062739,Q26221176,Two Poplars in the Alpilles near Saint-Rémy,Q23062739,Alex Vömel,1,1,INCLUDE,0.95,1,INCLUDE,0.95,3,3,Q12842489,A Centennial of Independence,P127,owned by,Two Poplars in the Alpilles near Saint-Rémy --owned by--> Alfred Flechtheim --owner of--> A Centennial of Independence --owned by--> Alex Vömel
row2108,Q26221176|Q66362718,Q26221176,Two Poplars in the Alpilles near Saint-Rémy,Q66362718,1001 Paintings You Must See Before You Die,0,0,EXCLUDE,0.9,0,EXCLUDE,0.9,3,3,Q21948567,Sunflowers,P1343,described by source,Two Poplars in the Alpilles near Saint-Rémy --owned by--> Johanna van Gogh-Bonger --owner of--> Sunflowers --described by source--> 1001 Paintings You Must See Before You Die
row156,Q26221176|Q1573212,Q26221176,Two Poplars in the Alpilles near Saint-Rémy,Q1573212,Hamburg Biographies,0,0,EXCLUDE,0.9,0,EXCLUDE,0.9,4,4,Q69574,Wilhelm Uhde,P1343,described by source,Two Poplars in the Alpilles near Saint-Rémy --owned by--> Alfred Flechtheim --owner of--> A Centennial of Independence --owned by--> Wilhelm Uhde --described by source--> Hamburg Biographies
row163,Q26221176|Q58433306,Q26221176,Two Poplars in the Alpilles near Saint-Rémy,Q58433306,"Hans Haacke,Framing and Being Framed: 7 Works, 1970–75",1,1,INCLUDE,0.8,1,INCLUDE,0.8,4,4,Q1773840,provenance,P1343,described by source,"Two Poplars in the Alpilles near Saint-Rémy --owned by--> Alfred Flechtheim --on focus list of Wikimedia project--> WikiProject Provenance --main subject--> provenance --described by source--> Hans Haacke,Framing and Being Framed: 7 Works, 1970–75"
row296,Q26221176|Q67311526,Q26221176,Two Poplars in the Alpilles near Saint-Rémy,Q67311526,Obalky knih.cz,0,0,EXCLUDE,0.95,0,EXCLUDE,0.95,4,4,Q69574,Wilhelm Uhde,P1343,described by source,Two Poplars in the Alpilles near Saint-Rémy --owned by--> Alfred Flechtheim --owner of--> A Centennial of Independence --owned by--> Wilhelm Uhde --described by source--> Obalky knih.cz
row385,Q26221176|Q67138112,Q26221176,Two Poplars in the Alpilles near Saint-Rémy,Q67138112,Dolly Perls,1,1,INCLUDE,0.9,1,INCLUDE,0.9,4,4,Q6419949,Klaus Perls,P26,spouse,Two Poplars in the Alpilles near Saint-Rémy --owned by--> Alfred Flechtheim --owner of--> The Aviator --owned by--> Klaus Perls --spouse--> Dolly Perls
row753,Q26221176|Q5582,Q26221176,Two Poplars in the Alpilles near Saint-Rémy,Q5582,Vincent van Gogh,1,1,INCLUDE,0.95,1,INCLUDE,0.95,4,4,Q780986,The Night Café in Arles,P127,owned by,Two Poplars in the Alpilles near Saint-Rémy --owned by--> Johanna van Gogh-Bonger --spouse--> Theo van Gogh --owner of--> The Night Café in Arles --owned by--> Vincent van Gogh
row754,Q26221176|Q1960369,Q26221176,Two Poplars in the Alpilles near Saint-Rémy,Q1960369,Vincent van Gogh,1,0,EXCLUDE,0.85,0,EXCLUDE,0.85,4,4,Q2233061,Theodorus van Gogh,P22,father,Two Poplars in the Alpilles near Saint-Rémy --owned by--> Johanna van Gogh-Bonger --spouse--> Theo van Gogh --father--> Theodorus van Gogh --father--> Vincent van Gogh
row856,Q26221176|Q205456,Q26221176,Two Poplars in the Alpilles near Saint-Rémy,Q205456,Theo van Gogh,0,0,EXCLUDE,0.95,0,EXCLUDE,0.95,4,4,Q18016363,Johan van Gogh,P40,child,Two Poplars in the Alpilles near Saint-Rémy --owned by--> Johanna van Gogh-Bonger --child--> Vincent Willem van Gogh --child--> Johan van Gogh --child--> Theo van Gogh
row1141,Q26221176|Q49133,Q26221176,Two Poplars in the Alpilles near Saint-Rémy,Q49133,Museum of Fine Arts Boston,1,1,INCLUDE,0.95,1,INCLUDE,0.95,4,4,Q20630408,Weaver,P127,owned by,Two Poplars in the Alpilles near Saint-Rémy --owned by--> Johanna van Gogh-Bonger --spouse--> Theo van Gogh --owner of--> Weaver --owned by--> Museum of Fine Arts
row1218,Q26221176|Q8458,Q26221176,Two Poplars in the Alpilles near Saint-Rémy,Q8458,human rights,0,0,PRUNED_BY_ANCESTOR,,0,EXCLUDE,0.95,4,4,Q13382529,WikiProject Human rights,P921,main subject,Two Poplars in the Alpilles near Saint-Rémy --owned by--> Alfred Flechtheim --occupation--> refugee --on focus list of Wikimedia project--> WikiProject Human rights --main subject--> human rights
row1220,Q26221176|Q5934356,Q26221176,Two Poplars in the Alpilles near Saint-Rémy,Q5934356,Hugo Perls,1,1,INCLUDE,0.9,1,INCLUDE,0.9,4,4,Q6419949,Klaus Perls,P22,father,Two Poplars in the Alpilles near Saint-Rémy --owned by--> Alfred Flechtheim --owner of--> The Aviator --owned by--> Klaus Perls --father--> Hugo Perls
row1369,Q26221176|Q20771242,Q26221176,Two Poplars in the Alpilles near Saint-Rémy,Q20771242,gallerist,1,1,INCLUDE,0.9,1,INCLUDE,0.9,4,4,Q69574,Wilhelm Uhde,P106,occupation,Two Poplars in the Alpilles near Saint-Rémy --owned by--> Alfred Flechtheim --owner of--> A Centennial of Independence --owned by--> Wilhelm Uhde --occupation--> gallerist
row1408,Q26221176|Q19502360,Q26221176,Two Poplars in the Alpilles near Saint-Rémy,Q19502360,Fritz Meyer-Fierz,1,1,INCLUDE,0.95,1,INCLUDE,0.95,4,4,Q26221172,Enclosed Field with Ploughman,P127,owned by,Two Poplars in the Alpilles near Saint-Rémy --owned by--> Johanna van Gogh-Bonger --spouse--> Theo van Gogh --owner of--> Enclosed Field with Ploughman --owned by--> Fritz Meyer-Fierz
row1477,Q26221176|Q1371378,Q26221176,Two Poplars in the Alpilles near Saint-Rémy,Q1371378,ethnologist,0,0,EXCLUDE,0.8,0,EXCLUDE,0.8,4,4,Q74432,Karl Ernst Osthaus,P106,occupation,Two Poplars in the Alpilles near Saint-Rémy --owned by--> Alfred Flechtheim --owner of--> A Centennial of Independence --owned by--> Karl Ernst Osthaus --occupation--> ethnologist
row1670,Q26221176|Q3243461,Q26221176,Two Poplars in the Alpilles near Saint-Rémy,Q3243461,collector,1,1,INCLUDE,0.95,1,INCLUDE,0.95,4,4,Q69574,Wilhelm Uhde,P106,occupation,Two Poplars in the Alpilles near Saint-Rémy --owned by--> Alfred Flechtheim --owner of--> A Centennial of Independence --owned by--> Wilhelm Uhde --occupation--> collector
row1700,Q26221176|Q1423891,Q26221176,Two Poplars in the Alpilles near Saint-Rémy,Q1423891,Christian minister,0,0,EXCLUDE,0.95,0,EXCLUDE,0.95,4,4,Q2233061,Theodorus van Gogh,P106,occupation,Two Poplars in the Alpilles near Saint-Rémy --owned by--> Johanna van Gogh-Bonger --spouse--> Theo van Gogh --father--> Theodorus van Gogh --occupation--> Christian minister
row1707,Q26221176|Q593644,Q26221176,Two Poplars in the Alpilles near Saint-Rémy,Q593644,chemist,0,0,EXCLUDE,0.95,0,EXCLUDE,0.95,4,4,Q108580850,Max Kofler,P106,occupation,Two Poplars in the Alpilles near Saint-Rémy --owned by--> Alfred Flechtheim --owner of--> The Aviator --owned by--> Max Kofler --occupation--> chemist
row1819,Q26221176|Q85095826,Q26221176,Two Poplars in the Alpilles near Saint-Rémy,Q85095826,Berthe Erni,1,0,EXCLUDE,0.85,0,EXCLUDE,0.85,4,4,Q108580850,Max Kofler,P26,spouse,Two Poplars in the Alpilles near Saint-Rémy --owned by--> Alfred Flechtheim --owner of--> The Aviator --owned by--> Max Kofler --spouse--> Berthe Erni
row1919,Q26221176|Q4164507,Q26221176,Two Poplars in the Alpilles near Saint-Rémy,Q4164507,art critic,1,1,INCLUDE,0.8,1,INCLUDE,0.8,4,4,Q69574,Wilhelm Uhde,P106,occupation,Two Poplars in the Alpilles near Saint-Rémy --owned by--> Alfred Flechtheim --owner of--> A Centennial of Independence --owned by--> Wilhelm Uhde --occupation--> art critic
row2098,Q26221176|Q19989799,Q26221176,Two Poplars in the Alpilles near Saint-Rémy,Q19989799,A Woman Preparing Bread and Butter for a Boy,1,1,INCLUDE,0.95,1,INCLUDE,0.95,4,4,Q731126,J. Paul Getty Museum,P1830,owner of,Two Poplars in the Alpilles near Saint-Rémy --owned by--> Alfred Flechtheim --owner of--> A Centennial of Independence --owned by--> J. Paul Getty Museum --owner of--> A Woman Preparing Bread and Butter for a Boy
row25,Q26221176|Q14942930,Q26221176,Two Poplars in the Alpilles near Saint-Rémy,Q14942930,WikiProject Painting,1,0,PRUNED_BY_ANCESTOR,,0,EXCLUDE,0.95,5,5,Q3305213,painting,P5008,on focus list of Wikimedia project,Two Poplars in the Alpilles near Saint-Rémy --owned by--> Johanna van Gogh-Bonger --owner of--> Sunflowers --described by source--> 1001 Paintings You Must See Before You Die --main subject--> painting --on focus list of Wikimedia project--> WikiProject Painting
row222,Q26221176|Q66503800,Q26221176,Two Poplars in the Alpilles near Saint-Rémy,Q66503800,Käte Perls,1,1,INCLUDE,0.9,1,INCLUDE,0.9,5,5,Q5934356,Hugo Perls,P26,spouse,Two Poplars in the Alpilles near Saint-Rémy --owned by--> Alfred Flechtheim --owner of--> The Aviator --owned by--> Klaus Perls --father--> Hugo Perls --spouse--> Käte Perls
row319,Q26221176|Q2041543,Q26221176,Two Poplars in the Alpilles near Saint-Rémy,Q2041543,Ottův slovník naučný,0,0,EXCLUDE,0.95,0,EXCLUDE,0.95,5,5,Q877729,handicraft,P1343,described by source,Two Poplars in the Alpilles near Saint-Rémy --owned by--> Johanna van Gogh-Bonger --spouse--> Theo van Gogh --owner of--> Weaver --main subject--> handicraft --described by source--> Ottův slovník naučný
row342,Q26221176|Q5488972,Q26221176,Two Poplars in the Alpilles near Saint-Rémy,Q5488972,Frank Perls,1,1,INCLUDE,0.9,1,INCLUDE,0.9,5,5,Q5934356,Hugo Perls,P40,child,Two Poplars in the Alpilles near Saint-Rémy --owned by--> Alfred Flechtheim --owner of--> The Aviator --owned by--> Klaus Perls --father--> Hugo Perls --child--> Frank Perls
row347,Q26221176|Q4964182,Q26221176,Two Poplars in the Alpilles near Saint-Rémy,Q4964182,philosopher,0,0,EXCLUDE,0.95,0,EXCLUDE,0.95,5,5,Q5934356,Hugo Perls,P106,occupation,Two Poplars in the Alpilles near Saint-Rémy --owned by--> Alfred Flechtheim --owner of--> The Aviator --owned by--> Klaus Perls --father--> Hugo Perls --occupation--> philosopher
row445,Q26221176|Q907660,Q26221176,Two Poplars in the Alpilles near Saint-Rémy,Q907660,Canon of Dutch History,0,0,EXCLUDE,0.95,0,EXCLUDE,0.95,5,5,Q5582,Vincent van Gogh,P1343,described by source,Two Poplars in the Alpilles near Saint-Rémy --owned by--> Johanna van Gogh-Bonger --spouse--> Theo van Gogh --owner of--> The Night Café in Arles --owned by--> Vincent van Gogh --described by source--> Canon of Dutch History
row453,Q26221176|Q602358,Q26221176,Two Poplars in the Alpilles near Saint-Rémy,Q602358,Brockhaus and Efron Encyclopedic Dictionary,0,0,EXCLUDE,0.95,0,EXCLUDE,0.95,5,5,Q215536,merchant,P1343,described by source,Two Poplars in the Alpilles near Saint-Rémy --owned by--> Alfred Flechtheim --owner of--> Violin and Grapes --owned by--> Christian Tetzen-Lund --occupation--> merchant --described by source--> Brockhaus and Efron Encyclopedic Dictionary
row571,Q26221176|Q28692502,Q26221176,Two Poplars in the Alpilles near Saint-Rémy,Q28692502,women's rights activist,0,0,EXCLUDE,0.95,0,EXCLUDE,0.95,5,5,Q4140958,Wil van Gogh,P106,occupation,Two Poplars in the Alpilles near Saint-Rémy --owned by--> Johanna van Gogh-Bonger --spouse--> Theo van Gogh --owner of--> Enclosed Field with Ploughman --owned by--> Wil van Gogh --occupation--> women's rights activist
row641,Q26221176|Q102024112,Q26221176,Two Poplars in the Alpilles near Saint-Rémy,Q102024112,WikiProject PCC Wikidata Pilot/New Mexico State Library,0,0,EXCLUDE,0.95,0,EXCLUDE,0.95,5,5,Q232972,Sonia Delaunay,P5008,on focus list of Wikimedia project,Two Poplars in the Alpilles near Saint-Rémy --owned by--> Alfred Flechtheim --owner of--> A Centennial of Independence --owned by--> Wilhelm Uhde --spouse--> Sonia Delaunay --on focus list of Wikimedia project--> WikiProject PCC Wikidata Pilot/New Mexico State Library
row666,Q26221176|Q110249806,Q26221176,Two Poplars in the Alpilles near Saint-Rémy,Q110249806,WikiProject Craft,0,0,EXCLUDE,0.95,0,EXCLUDE,0.95,5,5,Q232972,Sonia Delaunay,P5008,on focus list of Wikimedia project,Two Poplars in the Alpilles near Saint-Rémy --owned by--> Alfred Flechtheim --owner of--> A Centennial of Independence --owned by--> Wilhelm Uhde --spouse--> Sonia Delaunay --on focus list of Wikimedia project--> WikiProject Craft
row748,Q26221176|Q102413149,Q26221176,Two Poplars in the Alpilles near Saint-Rémy,Q102413149,Vincent van Gogh (Uncle Cent),0,0,PRUNED_BY_ANCESTOR,,1,INCLUDE,0.85,5,5,Q1960369,Vincent van Gogh,P40,child,Two Poplars in the Alpilles near Saint-Rémy --owned by--> Johanna van Gogh-Bonger --spouse--> Theo van Gogh --father--> Theodorus van Gogh --father--> Vincent van Gogh --child--> Vincent van Gogh (Uncle Cent)
row755,Q26221176|Q102441871,Q26221176,Two Poplars in the Alpilles near Saint-Rémy,Q102441871,Vincent van Gogh,1,1,INCLUDE,0.95,1,INCLUDE,0.95,5,5,Q28874033,C.M. van Gogh Gallery,P127,owned by,Two Poplars in the Alpilles near Saint-Rémy --owned by--> Johanna van Gogh-Bonger --spouse--> Theo van Gogh --owner of--> Enclosed Field with Ploughman --owned by--> C.M. van Gogh Gallery --owned by--> Vincent van Gogh
row790,Q26221176|Q20010400,Q26221176,Two Poplars in the Alpilles near Saint-Rémy,Q20010400,"Two women and a child,  'A Mother's Care'",0,1,INCLUDE,0.95,1,INCLUDE,0.95,5,5,Q4872,Pushkin Museum of Fine Arts,P1830,owner of,"Two Poplars in the Alpilles near Saint-Rémy --owned by--> Johanna van Gogh-Bonger --spouse--> Theo van Gogh --owner of--> The Night Café in Arles --owned by--> Pushkin Museum of Fine Arts --owner of--> Two women and a child,  'A Mother's Care'"
row823,Q26221176|Q1321055,Q26221176,Two Poplars in the Alpilles near Saint-Rémy,Q1321055,Tilla Durieux,1,1,INCLUDE,0.95,1,INCLUDE,0.95,5,5,Q65351,Paul Cassirer,P1830,owner of,Two Poplars in the Alpilles near Saint-Rémy --owned by--> Johanna van Gogh-Bonger --spouse--> Theo van Gogh --owner of--> Enclosed Field with Peasant --owned by--> Paul Cassirer --owner of--> Tilla Durieux
row824,Q26221176|Q78793,Q26221176,Two Poplars in the Alpilles near Saint-Rémy,Q78793,Tilla Durieux,1,1,INCLUDE,0.9,1,INCLUDE,0.9,5,5,Q65351,Paul Cassirer,P26,spouse,Two Poplars in the Alpilles near Saint-Rémy --owned by--> Johanna van Gogh-Bonger --spouse--> Theo van Gogh --owner of--> Enclosed Field with Peasant --owned by--> Paul Cassirer --spouse--> Tilla Durieux
row844,Q26221176|Q56555894,Q26221176,Two Poplars in the Alpilles near Saint-Rémy,Q56555894,Theodore Schempp,1,1,INCLUDE,0.9,1,INCLUDE,0.9,5,5,Q10288073,M. Knoedler & Co.,P3342,significant person,Two Poplars in the Alpilles near Saint-Rémy --owned by--> Johanna van Gogh-Bonger --spouse--> Theo van Gogh --owner of--> Enclosed Field with Ploughman --owned by--> M. Knoedler & Co. --significant person--> Theodore Schempp
row872,Q26221176|Q1810348,Q26221176,Two Poplars in the Alpilles near Saint-Rémy,Q1810348,The Quai Malaquais and the Institute,1,1,INCLUDE,0.95,1,INCLUDE,0.95,5,5,Q65351,Paul Cassirer,P1830,owner of,Two Poplars in the Alpilles near Saint-Rémy --owned by--> Johanna van Gogh-Bonger --spouse--> Theo van Gogh --owner of--> Enclosed Field with Peasant --owned by--> Paul Cassirer --owner of--> The Quai Malaquais and the Institute
row978,Q26221176|Q18120969,Q26221176,Two Poplars in the Alpilles near Saint-Rémy,Q18120969,Portrait of an old woman,0,1,INCLUDE,0.95,1,INCLUDE,0.95,5,5,Q49133,Museum of Fine Arts,P1830,owner of,Two Poplars in the Alpilles near Saint-Rémy --owned by--> Johanna van Gogh-Bonger --spouse--> Theo van Gogh --owner of--> Weaver --owned by--> Museum of Fine Arts --owner of--> Portrait of an old woman
row1003,Q26221176|Q11822840,Q26221176,Two Poplars in the Alpilles near Saint-Rémy,Q11822840,,0,0,EXCLUDE,0.95,0,EXCLUDE,0.95,5,5,Q4872,Pushkin Museum of Fine Arts,P1343,described by source,Two Poplars in the Alpilles near Saint-Rémy --owned by--> Johanna van Gogh-Bonger --spouse--> Theo van Gogh --owner of--> The Night Café in Arles --owned by--> Pushkin Museum of Fine Arts --described by source--> Polskie encyklopedie
row1024,Q26221176|Q49757,Q26221176,Two Poplars in the Alpilles near Saint-Rémy,Q49757,poet,0,0,EXCLUDE,0.95,0,EXCLUDE,0.95,5,5,Q24283953,Elisabeth van Gogh,P106,occupation,Two Poplars in the Alpilles near Saint-Rémy --owned by--> Johanna van Gogh-Bonger --spouse--> Theo van Gogh --father--> Theodorus van Gogh --child--> Elisabeth van Gogh --occupation--> poet
row1108,Q26221176|Q78060740,Q26221176,Two Poplars in the Alpilles near Saint-Rémy,Q78060740,Paul Cassirer Gallery,1,1,INCLUDE,0.95,1,INCLUDE,0.95,5,5,Q65351,Paul Cassirer,P1830,owner of,Two Poplars in the Alpilles near Saint-Rémy --owned by--> Johanna van Gogh-Bonger --spouse--> Theo van Gogh --owner of--> Enclosed Field with Peasant --owned by--> Paul Cassirer --owner of--> Paul Cassirer Gallery
row1117,Q26221176|Q1752085,Q26221176,Two Poplars in the Alpilles near Saint-Rémy,Q1752085,Norton Simon Museum,1,1,INCLUDE,0.95,1,INCLUDE,0.95,5,5,Q7960534,Waiting,P127,owned by,Two Poplars in the Alpilles near Saint-Rémy --owned by--> Alfred Flechtheim --owner of--> A Centennial of Independence --owned by--> J. Paul Getty Museum --owner of--> Waiting --owned by--> Norton Simon Museum
row1249,Q26221176|Q28927781,Q26221176,Two Poplars in the Alpilles near Saint-Rémy,Q28927781,Great Women Masters of Art,0,0,EXCLUDE,0.8,0,EXCLUDE,0.8,5,5,Q232972,Sonia Delaunay,P1343,described by source,Two Poplars in the Alpilles near Saint-Rémy --owned by--> Alfred Flechtheim --owner of--> A Centennial of Independence --owned by--> Wilhelm Uhde --spouse--> Sonia Delaunay --described by source--> Great Women Masters of Art
row1251,Q26221176|Q17378135,Q26221176,Two Poplars in the Alpilles near Saint-Rémy,Q17378135,Great Soviet Encyclopedia (1969–1978),0,0,EXCLUDE,0.95,0,EXCLUDE,0.95,5,5,Q5582,Vincent van Gogh,P1343,described by source,Two Poplars in the Alpilles near Saint-Rémy --owned by--> Johanna van Gogh-Bonger --spouse--> Theo van Gogh --owner of--> The Night Café in Arles --owned by--> Vincent van Gogh --described by source--> Great Soviet Encyclopedia (1969–1978)
row1262,Q26221176|Q4091875,Q26221176,Two Poplars in the Alpilles near Saint-Rémy,Q4091875,,0,0,PRUNED_BY_ANCESTOR,,0,EXCLUDE,0.99,5,5,,,,,
row1272,Q26221176|Q1925963,Q26221176,Two Poplars in the Alpilles near Saint-Rémy,Q1925963,graphic artist,0,0,EXCLUDE,0.95,0,EXCLUDE,0.95,5,5,Q232972,Sonia Delaunay,P106,occupation,Two Poplars in the Alpilles near Saint-Rémy --owned by--> Alfred Flechtheim --owner of--> A Centennial of Independence --owned by--> Wilhelm Uhde --spouse--> Sonia Delaunay --occupation--> graphic artist
row1394,Q26221176|Q61446519,Q26221176,Two Poplars in the Alpilles near Saint-Rémy,Q61446519,Gabrielle Bentinck-Thyssen,1,1,INCLUDE,0.9,1,INCLUDE,0.9,5,5,Q19989799,A Woman Preparing Bread and Butter for a Boy,P127,owned by,Two Poplars in the Alpilles near Saint-Rémy --owned by--> Alfred Flechtheim --owner of--> A Centennial of Independence --owned by--> J. Paul Getty Museum --owner of--> A Woman Preparing Bread and Butter for a Boy --owned by--> Gabrielle Bentinck-Thyssen
row1428,Q26221176|Q3282637,Q26221176,Two Poplars in the Alpilles near Saint-Rémy,Q3282637,film producer,0,0,PRUNED_BY_ANCESTOR,,0,EXCLUDE,0.95,5,5,Q205456,Theo van Gogh,P106,occupation,Two Poplars in the Alpilles near Saint-Rémy --owned by--> Johanna van Gogh-Bonger --child--> Vincent Willem van Gogh --child--> Johan van Gogh --child--> Theo van Gogh --occupation--> film producer
row1431,Q26221176|Q7042855,Q26221176,Two Poplars in the Alpilles near Saint-Rémy,Q7042855,film editor,0,0,PRUNED_BY_ANCESTOR,,0,EXCLUDE,0.95,5,5,Q205456,Theo van Gogh,P106,occupation,Two Poplars in the Alpilles near Saint-Rémy --owned by--> Johanna van Gogh-Bonger --child--> Vincent Willem van Gogh --child--> Johan van Gogh --child--> Theo van Gogh --occupation--> film editor
row1434,Q26221176|Q2526255,Q26221176,Two Poplars in the Alpilles near Saint-Rémy,Q2526255,film director,0,0,PRUNED_BY_ANCESTOR,,0,EXCLUDE,0.95,5,5,Q205456,Theo van Gogh,P106,occupation,Two Poplars in the Alpilles near Saint-Rémy --owned by--> Johanna van Gogh-Bonger --child--> Vincent Willem van Gogh --child--> Johan van Gogh --child--> Theo van Gogh --occupation--> film director
row1438,Q26221176|Q10800557,Q26221176,Two Poplars in the Alpilles near Saint-Rémy,Q10800557,film actor,0,0,PRUNED_BY_ANCESTOR,,0,EXCLUDE,0.95,5,5,Q205456,Theo van Gogh,P106,occupation,Two Poplars in the Alpilles near Saint-Rémy --owned by--> Johanna van Gogh-Bonger --child--> Vincent Willem van Gogh --child--> Johan van Gogh --child--> Theo van Gogh --occupation--> film actor
row1456,Q26221176|Q3501317,Q26221176,Two Poplars in the Alpilles near Saint-Rémy,Q3501317,fashion designer,0,0,EXCLUDE,0.95,0,EXCLUDE,0.95,5,5,Q232972,Sonia Delaunay,P106,occupation,Two Poplars in the Alpilles near Saint-Rémy --owned by--> Alfred Flechtheim --owner of--> A Centennial of Independence --owned by--> Wilhelm Uhde --spouse--> Sonia Delaunay --occupation--> fashion designer
row1501,Q26221176|Q131524,Q26221176,Two Poplars in the Alpilles near Saint-Rémy,Q131524,entrepreneur,0,0,EXCLUDE,0.9,0,EXCLUDE,0.9,5,5,Q19502360,Fritz Meyer-Fierz,P106,occupation,Two Poplars in the Alpilles near Saint-Rémy --owned by--> Johanna van Gogh-Bonger --spouse--> Theo van Gogh --owner of--> Enclosed Field with Ploughman --owned by--> Fritz Meyer-Fierz --occupation--> entrepreneur
row1531,Q26221176|Q43301751,Q26221176,Two Poplars in the Alpilles near Saint-Rémy,Q43301751,Edward Speelman,1,1,INCLUDE,0.95,1,INCLUDE,0.95,5,5,Q19989799,A Woman Preparing Bread and Butter for a Boy,P127,owned by,Two Poplars in the Alpilles near Saint-Rémy --owned by--> Alfred Flechtheim --owner of--> A Centennial of Independence --owned by--> J. Paul Getty Museum --owner of--> A Woman Preparing Bread and Butter for a Boy --owned by--> Edward Speelman
row1551,Q26221176|Q5334534,Q26221176,Two Poplars in the Alpilles near Saint-Rémy,Q5334534,Ed Bass,0,1,INCLUDE,0.85,1,INCLUDE,0.85,5,5,Q18631396,Perry Richardson Bass,P40,child,Two Poplars in the Alpilles near Saint-Rémy --owned by--> Johanna van Gogh-Bonger --spouse--> Theo van Gogh --owner of--> Enclosed Field with Ploughman --owned by--> Perry Richardson Bass --child--> Ed Bass
row1574,Q26221176|Q14623005,Q26221176,Two Poplars in the Alpilles near Saint-Rémy,Q14623005,draftsperson,0,0,EXCLUDE,0.95,0,EXCLUDE,0.95,5,5,Q232972,Sonia Delaunay,P106,occupation,Two Poplars in the Alpilles near Saint-Rémy --owned by--> Alfred Flechtheim --owner of--> A Centennial of Independence --owned by--> Wilhelm Uhde --spouse--> Sonia Delaunay --occupation--> draftsperson
row1628,Q26221176|Q867510,Q26221176,Two Poplars in the Alpilles near Saint-Rémy,Q867510,Cypresses,1,1,INCLUDE,0.98,1,INCLUDE,0.98,5,5,Q19502360,Fritz Meyer-Fierz,P1830,owner of,Two Poplars in the Alpilles near Saint-Rémy --owned by--> Johanna van Gogh-Bonger --spouse--> Theo van Gogh --owner of--> Enclosed Field with Ploughman --owned by--> Fritz Meyer-Fierz --owner of--> Cypresses
row1649,Q26221176|Q94378647,Q26221176,Two Poplars in the Alpilles near Saint-Rémy,Q94378647,Cornelis Marinus van Gogh,0,1,INCLUDE,0.95,1,INCLUDE,0.95,5,5,Q28874033,C.M. van Gogh Gallery,P127,owned by,Two Poplars in the Alpilles near Saint-Rémy --owned by--> Johanna van Gogh-Bonger --spouse--> Theo van Gogh --owner of--> Enclosed Field with Ploughman --owned by--> C.M. van Gogh Gallery --owned by--> Cornelis Marinus van Gogh
row1668,Q26221176|Q1086863,Q26221176,Two Poplars in the Alpilles near Saint-Rémy,Q1086863,columnist,0,0,PRUNED_BY_ANCESTOR,,0,EXCLUDE,0.95,5,5,Q205456,Theo van Gogh,P106,occupation,Two Poplars in the Alpilles near Saint-Rémy --owned by--> Johanna van Gogh-Bonger --child--> Vincent Willem van Gogh --child--> Johan van Gogh --child--> Theo van Gogh --occupation--> columnist
row1728,Q26221176|Q21069797,Q26221176,Two Poplars in the Alpilles near Saint-Rémy,Q21069797,Charles Carstairs,1,1,INCLUDE,0.9,1,INCLUDE,0.9,5,5,Q10288073,M. Knoedler & Co.,P127,owned by,Two Poplars in the Alpilles near Saint-Rémy --owned by--> Johanna van Gogh-Bonger --spouse--> Theo van Gogh --owner of--> Enclosed Field with Ploughman --owned by--> M. Knoedler & Co. --owned by--> Charles Carstairs
row1785,Q26221176|Q18223037,Q26221176,Two Poplars in the Alpilles near Saint-Rémy,Q18223037,Bunch of Asparagus,1,1,INCLUDE,0.95,1,INCLUDE,0.95,5,5,Q65351,Paul Cassirer,P1830,owner of,Two Poplars in the Alpilles near Saint-Rémy --owned by--> Johanna van Gogh-Bonger --spouse--> Theo van Gogh --owner of--> Enclosed Field with Peasant --owned by--> Paul Cassirer --owner of--> Bunch of Asparagus
row1799,Q26221176|Q3148760,Q26221176,Two Poplars in the Alpilles near Saint-Rémy,Q3148760,botanical illustrator,0,0,EXCLUDE,0.9,0,EXCLUDE,0.9,5,5,Q5582,Vincent van Gogh,P106,occupation,Two Poplars in the Alpilles near Saint-Rémy --owned by--> Johanna van Gogh-Bonger --spouse--> Theo van Gogh --owner of--> The Night Café in Arles --owned by--> Vincent van Gogh --occupation--> botanical illustrator
row1803,Q26221176|Q8246794,Q26221176,Two Poplars in the Alpilles near Saint-Rémy,Q8246794,blogger,0,0,PRUNED_BY_ANCESTOR,,0,EXCLUDE,0.95,5,5,Q205456,Theo van Gogh,P106,occupation,Two Poplars in the Alpilles near Saint-Rémy --owned by--> Johanna van Gogh-Bonger --child--> Vincent Willem van Gogh --child--> Johan van Gogh --child--> Theo van Gogh --occupation--> blogger
row1845,Q26221176|Q51955019,Q26221176,Two Poplars in the Alpilles near Saint-Rémy,Q51955019,BEIC Digital Library,0,0,EXCLUDE,0.9,0,EXCLUDE,0.9,5,5,Q5582,Vincent van Gogh,P1343,described by source,Two Poplars in the Alpilles near Saint-Rémy --owned by--> Johanna van Gogh-Bonger --spouse--> Theo van Gogh --owner of--> The Night Café in Arles --owned by--> Vincent van Gogh --described by source--> BEIC Digital Library
row1959,Q26221176|Q363383,Q26221176,Two Poplars in the Alpilles near Saint-Rémy,Q363383,Armand Hammer,1,1,INCLUDE,0.95,1,INCLUDE,0.95,5,5,Q10288073,M. Knoedler & Co.,P127,owned by,Two Poplars in the Alpilles near Saint-Rémy --owned by--> Johanna van Gogh-Bonger --spouse--> Theo van Gogh --owner of--> Enclosed Field with Ploughman --owned by--> M. Knoedler & Co. --owned by--> Armand Hammer
row1994,Q26221176|Q446858,Q26221176,Two Poplars in the Alpilles near Saint-Rémy,Q446858,Andrew W. Mellon,1,1,INCLUDE,0.95,1,INCLUDE,0.95,5,5,Q19989799,A Woman Preparing Bread and Butter for a Boy,P127,owned by,Two Poplars in the Alpilles near Saint-Rémy --owned by--> Alfred Flechtheim --owner of--> A Centennial of Independence --owned by--> J. Paul Getty Museum --owner of--> A Woman Preparing Bread and Butter for a Boy --owned by--> Andrew W. Mellon
row2086,Q26221176|Q33999,Q26221176,Two Poplars in the Alpilles near Saint-Rémy,Q33999,actor,0,0,PRUNED_BY_ANCESTOR,,0,EXCLUDE,0.95,5,5,Q205456,Theo van Gogh,P106,occupation,Two Poplars in the Alpilles near Saint-Rémy --owned by--> Johanna van Gogh-Bonger --child--> Vincent Willem van Gogh --child--> Johan van Gogh --child--> Theo van Gogh --occupation--> actor
row2091,Q26221176|Q15253558,Q26221176,Two Poplars in the Alpilles near Saint-Rémy,Q15253558,activist,0,0,PRUNED_BY_ANCESTOR,,0,EXCLUDE,0.95,5,5,Q205456,Theo van Gogh,P106,occupation,Two Poplars in the Alpilles near Saint-Rémy --owned by--> Johanna van Gogh-Bonger --child--> Vincent Willem van Gogh --child--> Johan van Gogh --child--> Theo van Gogh --occupation--> activist
row1859,Q26221184|Q806798,Q26221184,Olive Picking,Q806798,banker,0,0,EXCLUDE,0.85,0,EXCLUDE,0.85,2,2,Q94942059,Alfred Wolff,P106,occupation,Olive Picking --owned by--> Alfred Wolff --occupation--> banker
row1939,Q26221184|Q10732476,Q26221184,Olive Picking,Q10732476,art collector,1,1,INCLUDE,0.95,1,INCLUDE,0.95,2,2,Q94942059,Alfred Wolff,P106,occupation,Olive Picking --owned by--> Alfred Wolff --occupation--> art collector
row532,Q26221184|Q104694359,Q26221184,Olive Picking,Q104694359,WikiProject PCC Wikidata Pilot/Frick Art Reference Library,0,1,INCLUDE,0.8,1,INCLUDE,0.8,3,3,Q154083,Henry Van de Velde,P5008,on focus list of Wikimedia project,Olive Picking --owned by--> Alfred Wolff --significant person--> Henry Van de Velde --on focus list of Wikimedia project--> WikiProject PCC Wikidata Pilot/Frick Art Reference Library
row784,Q26221184|Q1622272,Q26221184,Olive Picking,Q1622272,university teacher,0,0,EXCLUDE,0.9,0,EXCLUDE,0.9,3,3,Q154083,Henry Van de Velde,P106,occupation,Olive Picking --owned by--> Alfred Wolff --significant person--> Henry Van de Velde --occupation--> university teacher
row1516,Q26221184|Q81096,Q26221184,Olive Picking,Q81096,engineer,0,0,EXCLUDE,0.95,0,EXCLUDE,0.95,3,3,Q154083,Henry Van de Velde,P106,occupation,Olive Picking --owned by--> Alfred Wolff --significant person--> Henry Van de Velde --occupation--> engineer
row1966,Q26221184|Q42973,Q26221184,Olive Picking,Q42973,architect,0,0,EXCLUDE,0.9,0,EXCLUDE,0.9,3,3,Q154083,Henry Van de Velde,P106,occupation,Olive Picking --owned by--> Alfred Wolff --significant person--> Henry Van de Velde --occupation--> architect
row94,Q26221184|Q10873124,Q26221184,Olive Picking,Q10873124,chess player,0,0,EXCLUDE,0.95,0,EXCLUDE,0.95,4,4,Q1496426,Maurice Wertheim,P106,occupation,Olive Picking --owned by--> Alfred Wolff --owner of--> Barbarian Poems --owned by--> Maurice Wertheim --occupation--> chess player
row100,Q26221184|Q19180675,Q26221184,Olive Picking,Q19180675,Small Brockhaus and Efron Encyclopedic Dictionary,0,0,EXCLUDE,0.95,0,EXCLUDE,0.95,4,4,Q37226,teacher,P1343,described by source,Olive Picking --owned by--> Alfred Wolff --significant person--> Henry Van de Velde --occupation--> teacher --described by source--> Small Brockhaus and Efron Encyclopedic Dictionary
row171,Q26221184|Q89929597,Q26221184,Olive Picking,Q89929597,hedendaagsesieraden.nl,0,0,EXCLUDE,0.9,0,EXCLUDE,0.9,4,4,Q2519376,jewelry designer,P1343,described by source,Olive Picking --owned by--> Alfred Wolff --significant person--> Henry Van de Velde --occupation--> jewelry designer --described by source--> hedendaagsesieraden.nl
row196,Q26221184|Q106727050,Q26221184,Olive Picking,Q106727050,Metropolitan Museum of Art Tagging Vocabulary,1,0,EXCLUDE,0.95,0,EXCLUDE,0.95,4,4,Q37226,teacher,P1343,described by source,Olive Picking --owned by--> Alfred Wolff --significant person--> Henry Van de Velde --occupation--> teacher --described by source--> Metropolitan Museum of Art Tagging Vocabulary
row334,Q26221184|Q2041543,Q26221184,Olive Picking,Q2041543,Ottův slovník naučný,0,0,EXCLUDE,0.95,0,EXCLUDE,0.95,4,4,Q37226,teacher,P1343,described by source,Olive Picking --owned by--> Alfred Wolff --significant person--> Henry Van de Velde --occupation--> teacher --described by source--> Ottův slovník naučný
row346,Q26221184|Q12362622,Q26221184,Olive Picking,Q12362622,philanthropist,0,0,EXCLUDE,0.85,0,EXCLUDE,0.85,4,4,Q1496426,Maurice Wertheim,P106,occupation,Olive Picking --owned by--> Alfred Wolff --owner of--> Barbarian Poems --owned by--> Maurice Wertheim --occupation--> philanthropist
row460,Q26221184|Q602358,Q26221184,Olive Picking,Q602358,Brockhaus and Efron Encyclopedic Dictionary,0,0,EXCLUDE,0.95,0,EXCLUDE,0.95,4,4,Q37226,teacher,P1343,described by source,Olive Picking --owned by--> Alfred Wolff --significant person--> Henry Van de Velde --occupation--> teacher --described by source--> Brockhaus and Efron Encyclopedic Dictionary
row1048,Q26221184|Q486748,Q26221184,Olive Picking,Q486748,pianist,0,0,EXCLUDE,0.95,0,EXCLUDE,0.95,4,4,Q25929865,Maria Van de Velde,P106,occupation,Olive Picking --owned by--> Alfred Wolff --significant person--> Henry Van de Velde --spouse--> Maria Van de Velde --occupation--> pianist
row1496,Q26221184|Q3578589,Q26221184,Olive Picking,Q3578589,environmentalist,0,0,EXCLUDE,0.9,0,EXCLUDE,0.9,4,4,Q1496426,Maurice Wertheim,P106,occupation,Olive Picking --owned by--> Alfred Wolff --owner of--> Barbarian Poems --owned by--> Maurice Wertheim --occupation--> environmentalist
row485,Q26221197|Q94839745,Q26221197,Two Peasant Women Digging in Field with Snow,Q94839745,Bernhard Koehler,1,1,INCLUDE,0.99,1,INCLUDE,0.99,1,1,Q26221197,Two Peasant Women Digging in Field with Snow,P127,owned by,Two Peasant Women Digging in Field with Snow --owned by--> Bernhard Koehler
row1828,Q26221197|Q825450,Q26221197,Two Peasant Women Digging in Field with Snow,Q825450,Bernhard Koehler,1,1,INCLUDE,0.99,1,INCLUDE,0.99,1,1,Q26221197,Two Peasant Women Digging in Field with Snow,P127,owned by,Two Peasant Women Digging in Field with Snow --owned by--> Bernhard Koehler
row487,Q26221197|Q52086999,Q26221197,Two Peasant Women Digging in Field with Snow,Q52086999,The Little Yellow Horses (Die kleinen gelben Pferde),1,1,INCLUDE,0.95,1,INCLUDE,0.95,2,2,Q825450,Bernhard Koehler,P1830,owner of,Two Peasant Women Digging in Field with Snow --owned by--> Bernhard Koehler --owner of--> The Little Yellow Horses (Die kleinen gelben Pferde)
row1933,Q26221197|Q10732476,Q26221197,Two Peasant Women Digging in Field with Snow,Q10732476,art collector,1,1,INCLUDE,0.85,1,INCLUDE,0.85,2,2,Q825450,Bernhard Koehler,P106,occupation,Two Peasant Women Digging in Field with Snow --owned by--> Bernhard Koehler --occupation--> art collector
row1940,Q26221201|Q10732476,Q26221201,Two Diggers among Trees,Q10732476,art collector,1,1,INCLUDE,0.85,1,INCLUDE,0.85,2,2,Q104530765,Hugo Nathan,P106,occupation,Two Diggers among Trees --owned by--> Hugo Nathan --occupation--> art collector
row634,Q26221201|Q10288082,Q26221201,Two Diggers among Trees,Q10288082,Wildenstein & Company,1,1,INCLUDE,0.98,1,INCLUDE,0.98,3,3,Q41516006,Lormes:  Goat-Girl Sitting Beside a Stream in a Forest,P127,owned by,Two Diggers among Trees --owned by--> Hugo Nathan --owner of--> Lormes:  Goat-Girl Sitting Beside a Stream in a Forest --owned by--> Wildenstein & Company
row44,Q26221201|Q18745022,Q26221201,Two Diggers among Trees,Q18745022,Alec N. Wildenstein,1,1,INCLUDE,0.95,1,INCLUDE,0.95,4,4,Q10288082,Wildenstein & Company,P127,owned by,Two Diggers among Trees --owned by--> Hugo Nathan --owner of--> Lormes:  Goat-Girl Sitting Beside a Stream in a Forest --owned by--> Wildenstein & Company --owned by--> Alec N. Wildenstein
row106,Q26221201|Q21785872,Q26221201,Two Diggers among Trees,Q21785872,"Edge of the Woods Near L'Hermitage, Pontoise",1,1,INCLUDE,0.95,1,INCLUDE,0.95,4,4,Q10288082,Wildenstein & Company,P1830,owner of,"Two Diggers among Trees --owned by--> Hugo Nathan --owner of--> Lormes:  Goat-Girl Sitting Beside a Stream in a Forest --owned by--> Wildenstein & Company --owner of--> Edge of the Woods Near L'Hermitage, Pontoise"
row277,Q26221201|Q12954454,Q26221201,Two Diggers among Trees,Q12954454,Nathan Wildenstein,1,1,INCLUDE,0.95,1,INCLUDE,0.95,4,4,Q10288082,Wildenstein & Company,P127,owned by,Two Diggers among Trees --owned by--> Hugo Nathan --owner of--> Lormes:  Goat-Girl Sitting Beside a Stream in a Forest --owned by--> Wildenstein & Company --owned by--> Nathan Wildenstein
row401,Q26221201|Q50807788,Q26221201,Two Diggers among Trees,Q50807788,Spring Flowers,0,1,INCLUDE,0.95,1,INCLUDE,0.95,4,4,Q10288082,Wildenstein & Company,P1830,owner of,Two Diggers among Trees --owned by--> Hugo Nathan --owner of--> Lormes:  Goat-Girl Sitting Beside a Stream in a Forest --owned by--> Wildenstein & Company --owner of--> Spring Flowers
row534,Q26221201|Q104694359,Q26221201,Two Diggers among Trees,Q104694359,WikiProject PCC Wikidata Pilot/Frick Art Reference Library,0,0,EXCLUDE,0.85,0,EXCLUDE,0.85,4,4,Q10288082,Wildenstein & Company,P5008,on focus list of Wikimedia project,Two Diggers among Trees --owned by--> Hugo Nathan --owner of--> Lormes:  Goat-Girl Sitting Beside a Stream in a Forest --owned by--> Wildenstein & Company --on focus list of Wikimedia project--> WikiProject PCC Wikidata Pilot/Frick Art Reference Library
row584,Q26221201|Q20539215,Q26221201,Two Diggers among Trees,Q20539215,Woman Sewing before a Garden Window,1,1,INCLUDE,0.95,1,INCLUDE,0.95,4,4,Q10288082,Wildenstein & Company,P1830,owner of,Two Diggers among Trees --owned by--> Hugo Nathan --owner of--> Lormes:  Goat-Girl Sitting Beside a Stream in a Forest --owned by--> Wildenstein & Company --owner of--> Woman Sewing before a Garden Window
row589,Q26221201|Q60469188,Q26221201,Two Diggers among Trees,Q60469188,Woman Reading,1,1,INCLUDE,0.95,1,INCLUDE,0.95,4,4,Q10288082,Wildenstein & Company,P1830,owner of,Two Diggers among Trees --owned by--> Hugo Nathan --owner of--> Lormes:  Goat-Girl Sitting Beside a Stream in a Forest --owned by--> Wildenstein & Company --owner of--> Woman Reading
row886,Q26221201|Q21479251,Q26221201,Two Diggers among Trees,Q21479251,The Lock at Pontoise,1,1,INCLUDE,0.95,1,INCLUDE,0.95,4,4,Q10288082,Wildenstein & Company,P1830,owner of,Two Diggers among Trees --owned by--> Hugo Nathan --owner of--> Lormes:  Goat-Girl Sitting Beside a Stream in a Forest --owned by--> Wildenstein & Company --owner of--> The Lock at Pontoise
row911,Q26221201|Q28035859,Q26221201,Two Diggers among Trees,Q28035859,Still Life with Mangoes and a Hibiscus Flower,1,1,INCLUDE,0.98,1,INCLUDE,0.98,4,4,Q17421944,Justin K. Thannhauser,P1830,owner of,Two Diggers among Trees --owned by--> Hugo Nathan --owner of--> Lormes:  Goat-Girl Sitting Beside a Stream in a Forest --owned by--> Justin K. Thannhauser --owner of--> Still Life with Mangoes and a Hibiscus Flower
row992,Q26221201|Q60514834,Q26221201,Two Diggers among Trees,Q60514834,Portrait of a Woman as Diana,1,1,INCLUDE,0.9,1,INCLUDE,0.9,4,4,Q10288082,Wildenstein & Company,P1830,owner of,Two Diggers among Trees --owned by--> Hugo Nathan --owner of--> Lormes:  Goat-Girl Sitting Beside a Stream in a Forest --owned by--> Wildenstein & Company --owner of--> Portrait of a Woman as Diana
row1213,Q26221201|Q28848149,Q26221201,Two Diggers among Trees,Q28848149,J. K. Thannhauser Art Gallery,1,1,INCLUDE,0.95,1,INCLUDE,0.95,4,4,Q17421944,Justin K. Thannhauser,P1830,owner of,Two Diggers among Trees --owned by--> Hugo Nathan --owner of--> Lormes:  Goat-Girl Sitting Beside a Stream in a Forest --owned by--> Justin K. Thannhauser --owner of--> J. K. Thannhauser Art Gallery
row1625,Q26221201|Q723358,Q26221201,Two Diggers among Trees,Q723358,Daniel Wildenstein,1,1,INCLUDE,0.95,1,INCLUDE,0.95,4,4,Q10288082,Wildenstein & Company,P127,owned by,Two Diggers among Trees --owned by--> Hugo Nathan --owner of--> Lormes:  Goat-Girl Sitting Beside a Stream in a Forest --owned by--> Wildenstein & Company --owned by--> Daniel Wildenstein
row1884,Q26221201|Q30335959,Q26221201,Two Diggers among Trees,Q30335959,Art Looting Investigation Unit,1,1,INCLUDE,0.95,1,INCLUDE,0.95,4,4,Q10288082,Wildenstein & Company,P1840,investigation of,Two Diggers among Trees --owned by--> Hugo Nathan --owner of--> Lormes:  Goat-Girl Sitting Beside a Stream in a Forest --owned by--> Wildenstein & Company --investigation of--> Art Looting Investigation Unit
row1915,Q26221201|Q173950,Q26221201,Two Diggers among Trees,Q173950,art dealer,1,1,INCLUDE,0.9,1,INCLUDE,0.9,4,4,Q17421944,Justin K. Thannhauser,P106,occupation,Two Diggers among Trees --owned by--> Hugo Nathan --owner of--> Lormes:  Goat-Girl Sitting Beside a Stream in a Forest --owned by--> Justin K. Thannhauser --occupation--> art dealer
row189,Q26221201|Q333256,Q26221201,Two Diggers among Trees,Q333256,"Hugh Grosvenor, 1st Duke of Westminster",0,1,INCLUDE,0.85,1,INCLUDE,0.85,5,5,Q60469507,Laban Searching for his Stolen Household Gods,P127,owned by,"Two Diggers among Trees --owned by--> Hugo Nathan --owner of--> Lormes:  Goat-Girl Sitting Beside a Stream in a Forest --owned by--> Wildenstein & Company --owner of--> Laban Searching for his Stolen Household Gods --owned by--> Hugh Grosvenor, 1st Duke of Westminster"
row190,Q26221201|Q1384654,Q26221201,Two Diggers among Trees,Q1384654,"Hugh Grosvenor, 2nd Duke of Westminster",0,1,INCLUDE,0.85,1,INCLUDE,0.85,5,5,Q60469507,Laban Searching for his Stolen Household Gods,P127,owned by,"Two Diggers among Trees --owned by--> Hugo Nathan --owner of--> Lormes:  Goat-Girl Sitting Beside a Stream in a Forest --owned by--> Wildenstein & Company --owner of--> Laban Searching for his Stolen Household Gods --owned by--> Hugh Grosvenor, 2nd Duke of Westminster"
row241,Q26221201|Q18347243,Q26221201,Two Diggers among Trees,Q18347243,Lefevre Gallery,1,1,INCLUDE,0.9,1,INCLUDE,0.9,5,5,Q1799228,La Vie,P127,owned by,Two Diggers among Trees --owned by--> Hugo Nathan --owner of--> Lormes:  Goat-Girl Sitting Beside a Stream in a Forest --owned by--> Justin K. Thannhauser --owner of--> La Vie --owned by--> Lefevre Gallery
row521,Q26221201|Q2837972,Q26221201,Two Diggers among Trees,Q2837972,Allez France,0,0,EXCLUDE,0.9,0,EXCLUDE,0.9,5,5,Q723358,Daniel Wildenstein,P1830,owner of,Two Diggers among Trees --owned by--> Hugo Nathan --owner of--> Lormes:  Goat-Girl Sitting Beside a Stream in a Forest --owned by--> Wildenstein & Company --owned by--> Daniel Wildenstein --owner of--> Allez France
row544,Q26221201|Q66362718,Q26221201,Two Diggers among Trees,Q66362718,1001 Paintings You Must See Before You Die,0,0,EXCLUDE,0.8,0,EXCLUDE,0.8,5,5,Q20539215,Woman Sewing before a Garden Window,P1343,described by source,Two Diggers among Trees --owned by--> Hugo Nathan --owner of--> Lormes:  Goat-Girl Sitting Beside a Stream in a Forest --owned by--> Wildenstein & Company --owner of--> Woman Sewing before a Garden Window --described by source--> 1001 Paintings You Must See Before You Die
row616,Q26221201|Q61294807,Q26221201,Two Diggers among Trees,Q61294807,William Buchanan,0,1,INCLUDE,0.9,1,INCLUDE,0.9,5,5,Q60469507,Laban Searching for his Stolen Household Gods,P127,owned by,Two Diggers among Trees --owned by--> Hugo Nathan --owner of--> Lormes:  Goat-Girl Sitting Beside a Stream in a Forest --owned by--> Wildenstein & Company --owner of--> Laban Searching for his Stolen Household Gods --owned by--> William Buchanan
row628,Q26221201|Q3568152,Q26221201,Two Diggers among Trees,Q3568152,Wildenstein Institute,1,1,INCLUDE,0.95,1,INCLUDE,0.95,5,5,Q723358,Daniel Wildenstein,P1830,owner of,Two Diggers among Trees --owned by--> Hugo Nathan --owner of--> Lormes:  Goat-Girl Sitting Beside a Stream in a Forest --owned by--> Wildenstein & Company --owned by--> Daniel Wildenstein --owner of--> Wildenstein Institute
row847,Q26221201|Q56555894,Q26221201,Two Diggers among Trees,Q56555894,Theodore Schempp,1,1,INCLUDE,0.9,1,INCLUDE,0.9,5,5,Q1799228,La Vie,P127,owned by,Two Diggers among Trees --owned by--> Hugo Nathan --owner of--> Lormes:  Goat-Girl Sitting Beside a Stream in a Forest --owned by--> Justin K. Thannhauser --owner of--> La Vie --owned by--> Theodore Schempp
row881,Q26221201|Q55647114,Q26221201,Two Diggers among Trees,Q55647114,The Lute Player,0,1,INCLUDE,0.9,1,INCLUDE,0.9,5,5,Q723358,Daniel Wildenstein,P1830,owner of,Two Diggers among Trees --owned by--> Hugo Nathan --owner of--> Lormes:  Goat-Girl Sitting Beside a Stream in a Forest --owned by--> Wildenstein & Company --owned by--> Daniel Wildenstein --owner of--> The Lute Player
row955,Q26221201|Q2148186,Q26221201,Two Diggers among Trees,Q2148186,Rhode Island School of Design Museum,1,1,INCLUDE,0.95,1,INCLUDE,0.95,5,5,Q1799228,La Vie,P127,owned by,Two Diggers among Trees --owned by--> Hugo Nathan --owner of--> Lormes:  Goat-Girl Sitting Beside a Stream in a Forest --owned by--> Justin K. Thannhauser --owner of--> La Vie --owned by--> Rhode Island School of Design Museum
row963,Q26221201|Q673751,Q26221201,Two Diggers among Trees,Q673751,Reichsleiter Rosenberg Taskforce,1,1,INCLUDE,0.95,1,INCLUDE,0.95,5,5,Q60469188,Woman Reading,P127,owned by,Two Diggers among Trees --owned by--> Hugo Nathan --owner of--> Lormes:  Goat-Girl Sitting Beside a Stream in a Forest --owned by--> Wildenstein & Company --owner of--> Woman Reading --owned by--> Reichsleiter Rosenberg Taskforce
row1139,Q26221201|Q1565911,Q26221201,Two Diggers among Trees,Q1565911,"Museum of Fine Arts, Houston",1,1,INCLUDE,0.95,1,INCLUDE,0.95,5,5,Q28035859,Still Life with Mangoes and a Hibiscus Flower,P127,owned by,"Two Diggers among Trees --owned by--> Hugo Nathan --owner of--> Lormes:  Goat-Girl Sitting Beside a Stream in a Forest --owned by--> Justin K. Thannhauser --owner of--> Still Life with Mangoes and a Hibiscus Flower --owned by--> Museum of Fine Arts, Houston"
row1203,Q26221201|Q3067376,Q26221201,Two Diggers among Trees,Q3067376,Jacques Seligmann & Company,1,1,INCLUDE,0.95,1,INCLUDE,0.95,5,5,Q1799228,La Vie,P127,owned by,Two Diggers among Trees --owned by--> Hugo Nathan --owner of--> Lormes:  Goat-Girl Sitting Beside a Stream in a Forest --owned by--> Justin K. Thannhauser --owner of--> La Vie --owned by--> Jacques Seligmann & Company
row1386,Q26221201|Q47001605,Q26221201,Two Diggers among Trees,Q47001605,Galerie Fischer,1,1,INCLUDE,0.95,1,INCLUDE,0.95,5,5,Q28035859,Still Life with Mangoes and a Hibiscus Flower,P127,owned by,Two Diggers among Trees --owned by--> Hugo Nathan --owner of--> Lormes:  Goat-Girl Sitting Beside a Stream in a Forest --owned by--> Justin K. Thannhauser --owner of--> Still Life with Mangoes and a Hibiscus Flower --owned by--> Galerie Fischer
row1393,Q26221201|Q50990573,Q26221201,Two Diggers among Trees,Q50990573,Galerie Cailleux,1,1,INCLUDE,0.95,1,INCLUDE,0.95,5,5,Q60469188,Woman Reading,P127,owned by,Two Diggers among Trees --owned by--> Hugo Nathan --owner of--> Lormes:  Goat-Girl Sitting Beside a Stream in a Forest --owned by--> Wildenstein & Company --owner of--> Woman Reading --owned by--> Galerie Cailleux
row1410,Q26221201|Q19502360,Q26221201,Two Diggers among Trees,Q19502360,Fritz Meyer-Fierz,1,1,INCLUDE,0.95,1,INCLUDE,0.95,5,5,Q11771568,Madame Augustine Roulin with Baby,P127,owned by,Two Diggers among Trees --owned by--> Hugo Nathan --owner of--> Lormes:  Goat-Girl Sitting Beside a Stream in a Forest --owned by--> Justin K. Thannhauser --owner of--> Madame Augustine Roulin with Baby --owned by--> Fritz Meyer-Fierz
row1414,Q26221201|Q33315010,Q26221201,Two Diggers among Trees,Q33315010,Frederick Mont,1,1,INCLUDE,0.95,1,INCLUDE,0.95,5,5,Q60472554,Still Life with Herrings,P127,owned by,Two Diggers among Trees --owned by--> Hugo Nathan --owner of--> Lormes:  Goat-Girl Sitting Beside a Stream in a Forest --owned by--> Wildenstein & Company --owner of--> Still Life with Herrings --owned by--> Frederick Mont
row1476,Q26221201|Q20730464,Q26221201,Two Diggers among Trees,Q20730464,Étienne Bignou,1,1,INCLUDE,0.98,1,INCLUDE,0.98,5,5,Q1799228,La Vie,P127,owned by,Two Diggers among Trees --owned by--> Hugo Nathan --owner of--> Lormes:  Goat-Girl Sitting Beside a Stream in a Forest --owned by--> Justin K. Thannhauser --owner of--> La Vie --owned by--> Étienne Bignou
row1547,Q26221201|Q1607826,Q26221201,Two Diggers among Trees,Q1607826,editor,0,0,EXCLUDE,0.95,0,EXCLUDE,0.95,5,5,Q215626,Georges Wildenstein,P106,occupation,Two Diggers among Trees --owned by--> Hugo Nathan --owner of--> Lormes:  Goat-Girl Sitting Beside a Stream in a Forest --owned by--> Wildenstein & Company --owned by--> Georges Wildenstein --occupation--> editor
row1582,Q26221201|Q107676574,Q26221201,Two Diggers among Trees,Q107676574,Dr. Fritz Rosenfeld,1,1,INCLUDE,0.95,1,INCLUDE,0.95,5,5,Q28035859,Still Life with Mangoes and a Hibiscus Flower,P127,owned by,Two Diggers among Trees --owned by--> Hugo Nathan --owner of--> Lormes:  Goat-Girl Sitting Beside a Stream in a Forest --owned by--> Justin K. Thannhauser --owner of--> Still Life with Mangoes and a Hibiscus Flower --owned by--> Dr. Fritz Rosenfeld
row1589,Q26221201|Q25391673,Q26221201,Two Diggers among Trees,Q25391673,Domenica Walter,1,1,INCLUDE,0.95,1,INCLUDE,0.95,5,5,Q11771568,Madame Augustine Roulin with Baby,P127,owned by,Two Diggers among Trees --owned by--> Hugo Nathan --owner of--> Lormes:  Goat-Girl Sitting Beside a Stream in a Forest --owned by--> Justin K. Thannhauser --owner of--> Madame Augustine Roulin with Baby --owned by--> Domenica Walter
row1620,Q26221201|Q17254907,Q26221201,Two Diggers among Trees,Q17254907,David Graham Carritt,1,1,INCLUDE,0.95,1,INCLUDE,0.95,5,5,Q21479251,The Lock at Pontoise,P127,owned by,Two Diggers among Trees --owned by--> Hugo Nathan --owner of--> Lormes:  Goat-Girl Sitting Beside a Stream in a Forest --owned by--> Wildenstein & Company --owner of--> The Lock at Pontoise --owned by--> David Graham Carritt
row1681,Q26221201|Q60729883,Q26221201,Two Diggers among Trees,Q60729883,Cleveland Museum of Art Open Access project,0,0,EXCLUDE,0.9,0,EXCLUDE,0.9,5,5,Q60515791,Reading,P5008,on focus list of Wikimedia project,Two Diggers among Trees --owned by--> Hugo Nathan --owner of--> Lormes:  Goat-Girl Sitting Beside a Stream in a Forest --owned by--> Wildenstein & Company --owner of--> Reading --on focus list of Wikimedia project--> Cleveland Museum of Art Open Access project
row1686,Q26221201|Q657415,Q26221201,Two Diggers among Trees,Q657415,Cleveland Museum of Art,1,1,INCLUDE,0.98,1,INCLUDE,0.98,5,5,Q1799228,La Vie,P127,owned by,Two Diggers among Trees --owned by--> Hugo Nathan --owner of--> Lormes:  Goat-Girl Sitting Beside a Stream in a Forest --owned by--> Justin K. Thannhauser --owner of--> La Vie --owned by--> Cleveland Museum of Art
row1779,Q26221201|Q43845,Q26221201,Two Diggers among Trees,Q43845,businessperson,0,0,EXCLUDE,0.95,0,EXCLUDE,0.95,5,5,Q3122208,Guy Wildenstein,P106,occupation,Two Diggers among Trees --owned by--> Hugo Nathan --owner of--> Lormes:  Goat-Girl Sitting Beside a Stream in a Forest --owned by--> Wildenstein & Company --owned by--> Guy Wildenstein --occupation--> businessperson
row1876,Q26221201|Q83874292,Q26221201,Two Diggers among Trees,Q83874292,Artemis S.A.,1,1,INCLUDE,0.9,1,INCLUDE,0.9,5,5,Q21479251,The Lock at Pontoise,P127,owned by,Two Diggers among Trees --owned by--> Hugo Nathan --owner of--> Lormes:  Goat-Girl Sitting Beside a Stream in a Forest --owned by--> Wildenstein & Company --owner of--> The Lock at Pontoise --owned by--> Artemis S.A.
row1901,Q26221201|Q1792450,Q26221201,Two Diggers among Trees,Q1792450,art historian,1,1,INCLUDE,0.8,1,INCLUDE,0.8,5,5,Q12954454,Nathan Wildenstein,P106,occupation,Two Diggers among Trees --owned by--> Hugo Nathan --owner of--> Lormes:  Goat-Girl Sitting Beside a Stream in a Forest --owned by--> Wildenstein & Company --owned by--> Nathan Wildenstein --occupation--> art historian
row2007,Q26221201|Q28860082,Q26221201,Two Diggers among Trees,Q28860082,Amédée Schuffenecker,1,1,INCLUDE,0.95,1,INCLUDE,0.95,5,5,Q11771568,Madame Augustine Roulin with Baby,P127,owned by,Two Diggers among Trees --owned by--> Hugo Nathan --owner of--> Lormes:  Goat-Girl Sitting Beside a Stream in a Forest --owned by--> Justin K. Thannhauser --owner of--> Madame Augustine Roulin with Baby --owned by--> Amédée Schuffenecker
row419,Q262234|Q73357989,Q262234,Lenbachhaus,Q73357989,Survey of GLAM open access policy and practice,0,0,EXCLUDE,0.95,0,EXCLUDE,0.95,1,1,Q262234,Lenbachhaus,P1343,described by source,Lenbachhaus --described by source--> Survey of GLAM open access policy and practice
row525,Q29441758|Q26221149,Q29441758,Margarete Mauthner,Q26221149,Wheat Field with Sheaves,1,1,INCLUDE,0.98,1,INCLUDE,0.98,1,1,Q29441758,Margarete Mauthner,P1830,owner of,Margarete Mauthner --owner of--> Wheat Field with Sheaves
row811,Q29441758|Q333634,Q29441758,Margarete Mauthner,Q333634,translator,0,0,EXCLUDE,0.95,0,EXCLUDE,0.95,1,1,Q29441758,Margarete Mauthner,P106,occupation,Margarete Mauthner --occupation--> translator
row1662,Q29441758|Q36834,Q29441758,Margarete Mauthner,Q36834,composer,0,0,EXCLUDE,0.95,0,EXCLUDE,0.95,1,1,Q29441758,Margarete Mauthner,P106,occupation,Margarete Mauthner --occupation--> composer
row1672,Q29441758|Q3243461,Q29441758,Margarete Mauthner,Q3243461,collector,1,1,INCLUDE,0.95,1,INCLUDE,0.95,1,1,Q29441758,Margarete Mauthner,P106,occupation,Margarete Mauthner --occupation--> collector
row1932,Q29441758|Q10732476,Q29441758,Margarete Mauthner,Q10732476,art collector,1,1,INCLUDE,0.95,1,INCLUDE,0.95,1,1,Q29441758,Margarete Mauthner,P106,occupation,Margarete Mauthner --occupation--> art collector
row107,Q29441758|Q27680201,Q29441758,Margarete Mauthner,Q27680201,Riemann's Music Dictionary (1901–1904),0,0,PRUNED_BY_ANCESTOR,,0,EXCLUDE,0.98,2,2,Q36834,composer,P1343,described by source,Margarete Mauthner --occupation--> composer --described by source--> Riemann's Music Dictionary (1901–1904)
row298,Q29441758|Q67311526,Q29441758,Margarete Mauthner,Q67311526,Obalky knih.cz,0,0,EXCLUDE,0.9,0,EXCLUDE,0.9,3,3,Q2347963,Josef Stránský,P1343,described by source,Margarete Mauthner --owner of--> Rocks --owned by--> Josef Stránský --described by source--> Obalky knih.cz
row1656,Q29441758|Q158852,Q29441758,Margarete Mauthner,Q158852,conductor,0,0,EXCLUDE,0.85,0,EXCLUDE,0.85,3,3,Q2347963,Josef Stránský,P106,occupation,Margarete Mauthner --owner of--> Rocks --owned by--> Josef Stránský --occupation--> conductor
row1863,Q29441758|Q806349,Q29441758,Margarete Mauthner,Q806349,bandleader,0,0,EXCLUDE,0.85,0,EXCLUDE,0.85,3,3,Q2347963,Josef Stránský,P106,occupation,Margarete Mauthner --owner of--> Rocks --owned by--> Josef Stránský --occupation--> bandleader
row98,Q29441758|Q19180675,Q29441758,Margarete Mauthner,Q19180675,Small Brockhaus and Efron Encyclopedic Dictionary,0,0,PRUNED_BY_ANCESTOR,,0,EXCLUDE,0.95,4,4,Q158852,conductor,P1343,described by source,Margarete Mauthner --owner of--> Rocks --owned by--> Josef Stránský --occupation--> conductor --described by source--> Small Brockhaus and Efron Encyclopedic Dictionary
row455,Q29441758|Q602358,Q29441758,Margarete Mauthner,Q602358,Brockhaus and Efron Encyclopedic Dictionary,0,0,PRUNED_BY_ANCESTOR,,0,EXCLUDE,0.95,4,4,Q158852,conductor,P1343,described by source,Margarete Mauthner --owner of--> Rocks --owned by--> Josef Stránský --occupation--> conductor --described by source--> Brockhaus and Efron Encyclopedic Dictionary
row632,Q29441758|Q10288082,Q29441758,Margarete Mauthner,Q10288082,Wildenstein & Company,1,1,INCLUDE,0.95,1,INCLUDE,0.95,4,4,Q20809056,Portrait of Camille Roulin,P127,owned by,Margarete Mauthner --owner of--> Rocks --owned by--> Josef Stránský --owner of--> Portrait of Camille Roulin --owned by--> Wildenstein & Company
row1097,Q29441758|Q510324,Q29441758,Margarete Mauthner,Q510324,Philadelphia Museum of Art,1,1,INCLUDE,0.95,1,INCLUDE,0.95,4,4,Q20809056,Portrait of Camille Roulin,P127,owned by,Margarete Mauthner --owner of--> Rocks --owned by--> Josef Stránský --owner of--> Portrait of Camille Roulin --owned by--> Philadelphia Museum of Art
row2005,Q29441758|Q28860082,Q29441758,Margarete Mauthner,Q28860082,Amédée Schuffenecker,1,1,INCLUDE,0.95,1,INCLUDE,0.95,4,4,Q20809056,Portrait of Camille Roulin,P127,owned by,Margarete Mauthner --owner of--> Rocks --owned by--> Josef Stránský --owner of--> Portrait of Camille Roulin --owned by--> Amédée Schuffenecker
row8,Q29441758|Q36180,Q29441758,Margarete Mauthner,Q36180,writer,0,0,EXCLUDE,0.8,0,EXCLUDE,0.8,5,5,Q78108,Julius Meier-Graefe,P106,occupation,Margarete Mauthner --owner of--> Rocks --owned by--> Josef Stránský --owner of--> Portrait of Camille Roulin --owned by--> Julius Meier-Graefe --occupation--> writer
row442,Q29441758|Q3658608,Q29441758,Margarete Mauthner,Q3658608,caricaturist,0,0,EXCLUDE,0.8,0,EXCLUDE,0.8,5,5,Q946250,Marius de Zayas,P106,occupation,Margarete Mauthner --owner of--> Rocks --owned by--> Josef Stránský --owner of--> Portrait of Camille Roulin --owned by--> Marius de Zayas --occupation--> caricaturist
row475,Q29441758|Q58488719,Q29441758,Margarete Mauthner,Q58488719,Billy Ireland Cartoon Library & Museum biographical files,1,0,EXCLUDE,0.9,0,EXCLUDE,0.9,5,5,Q946250,Marius de Zayas,P1343,described by source,Margarete Mauthner --owner of--> Rocks --owned by--> Josef Stránský --owner of--> Portrait of Camille Roulin --owned by--> Marius de Zayas --described by source--> Billy Ireland Cartoon Library & Museum biographical files
row531,Q29441758|Q104694359,Q29441758,Margarete Mauthner,Q104694359,WikiProject PCC Wikidata Pilot/Frick Art Reference Library,0,1,INCLUDE,0.85,1,INCLUDE,0.85,5,5,Q10288082,Wildenstein & Company,P5008,on focus list of Wikimedia project,Margarete Mauthner --owner of--> Rocks --owned by--> Josef Stránský --owner of--> Portrait of Camille Roulin --owned by--> Wildenstein & Company --on focus list of Wikimedia project--> WikiProject PCC Wikidata Pilot/Frick Art Reference Library
row582,Q29441758|Q20539215,Q29441758,Margarete Mauthner,Q20539215,Woman Sewing before a Garden Window,1,1,INCLUDE,0.95,1,INCLUDE,0.95,5,5,Q10288082,Wildenstein & Company,P1830,owner of,Margarete Mauthner --owner of--> Rocks --owned by--> Josef Stránský --owner of--> Portrait of Camille Roulin --owned by--> Wildenstein & Company --owner of--> Woman Sewing before a Garden Window
row587,Q29441758|Q60469188,Q29441758,Margarete Mauthner,Q60469188,Woman Reading,1,1,INCLUDE,0.95,1,INCLUDE,0.95,5,5,Q10288082,Wildenstein & Company,P1830,owner of,Margarete Mauthner --owner of--> Rocks --owned by--> Josef Stránský --owner of--> Portrait of Camille Roulin --owned by--> Wildenstein & Company --owner of--> Woman Reading
row649,Q29441758|Q104694359,Q29441758,Margarete Mauthner,Q104694359,WikiProject PCC Wikidata Pilot/Frick Art Reference Library,0,1,INCLUDE,0.85,1,INCLUDE,0.85,5,5,Q10288082,Wildenstein & Company,P5008,on focus list of Wikimedia project,Margarete Mauthner --owner of--> Rocks --owned by--> Josef Stránský --owner of--> Portrait of Camille Roulin --owned by--> Wildenstein & Company --on focus list of Wikimedia project--> WikiProject PCC Wikidata Pilot/Frick Art Reference Library
row762,Q29441758|Q4110598,Q29441758,Margarete Mauthner,Q4110598,video blogger,0,0,EXCLUDE,0.95,0,EXCLUDE,0.95,5,5,Q107331264,Rodolphe Meyer,P106,occupation,Margarete Mauthner --owner of--> Rocks --owned by--> Josef Stránský --owner of--> Portrait of Camille Roulin --owned by--> Rodolphe Meyer --occupation--> video blogger
row827,Q29441758|Q78793,Q29441758,Margarete Mauthner,Q78793,Tilla Durieux,1,1,INCLUDE,0.95,1,INCLUDE,0.95,5,5,Q65351,Paul Cassirer,P26,spouse,Margarete Mauthner --owner of--> Rocks --owned by--> Josef Stránský --owner of--> Portrait of Camille Roulin --owned by--> Paul Cassirer --spouse--> Tilla Durieux
row828,Q29441758|Q1321055,Q29441758,Margarete Mauthner,Q1321055,Tilla Durieux,1,1,INCLUDE,0.95,1,INCLUDE,0.95,5,5,Q65351,Paul Cassirer,P1830,owner of,Margarete Mauthner --owner of--> Rocks --owned by--> Josef Stránský --owner of--> Portrait of Camille Roulin --owned by--> Paul Cassirer --owner of--> Tilla Durieux
row874,Q29441758|Q1810348,Q29441758,Margarete Mauthner,Q1810348,The Quai Malaquais and the Institute,1,1,INCLUDE,0.95,1,INCLUDE,0.95,5,5,Q65351,Paul Cassirer,P1830,owner of,Margarete Mauthner --owner of--> Rocks --owned by--> Josef Stránský --owner of--> Portrait of Camille Roulin --owned by--> Paul Cassirer --owner of--> The Quai Malaquais and the Institute
row884,Q29441758|Q21479251,Q29441758,Margarete Mauthner,Q21479251,The Lock at Pontoise,1,1,INCLUDE,0.95,1,INCLUDE,0.95,5,5,Q10288082,Wildenstein & Company,P1830,owner of,Margarete Mauthner --owner of--> Rocks --owned by--> Josef Stránský --owner of--> Portrait of Camille Roulin --owned by--> Wildenstein & Company --owner of--> The Lock at Pontoise
row909,Q29441758|Q28035859,Q29441758,Margarete Mauthner,Q28035859,Still Life with Mangoes and a Hibiscus Flower,1,1,INCLUDE,0.9,1,INCLUDE,0.9,5,5,Q17421944,Justin K. Thannhauser,P1830,owner of,Margarete Mauthner --owner of--> Rocks --owned by--> Josef Stránský --owner of--> Portrait of Camille Roulin --owned by--> Justin K. Thannhauser --owner of--> Still Life with Mangoes and a Hibiscus Flower
row990,Q29441758|Q60514834,Q29441758,Margarete Mauthner,Q60514834,Portrait of a Woman as Diana,1,1,INCLUDE,0.9,1,INCLUDE,0.9,5,5,Q10288082,Wildenstein & Company,P1830,owner of,Margarete Mauthner --owner of--> Rocks --owned by--> Josef Stránský --owner of--> Portrait of Camille Roulin --owned by--> Wildenstein & Company --owner of--> Portrait of a Woman as Diana
row1110,Q29441758|Q78060740,Q29441758,Margarete Mauthner,Q78060740,Paul Cassirer Gallery,1,1,INCLUDE,0.95,1,INCLUDE,0.95,5,5,Q65351,Paul Cassirer,P1830,owner of,Margarete Mauthner --owner of--> Rocks --owned by--> Josef Stránský --owner of--> Portrait of Camille Roulin --owned by--> Paul Cassirer --owner of--> Paul Cassirer Gallery
row1211,Q29441758|Q28848149,Q29441758,Margarete Mauthner,Q28848149,J. K. Thannhauser Art Gallery,1,1,INCLUDE,0.95,1,INCLUDE,0.95,5,5,Q17421944,Justin K. Thannhauser,P1830,owner of,Margarete Mauthner --owner of--> Rocks --owned by--> Josef Stránský --owner of--> Portrait of Camille Roulin --owned by--> Justin K. Thannhauser --owner of--> J. K. Thannhauser Art Gallery
row1273,Q29441758|Q1925963,Q29441758,Margarete Mauthner,Q1925963,graphic artist,0,0,EXCLUDE,0.85,0,EXCLUDE,0.85,5,5,Q946250,Marius de Zayas,P106,occupation,Margarete Mauthner --owner of--> Rocks --owned by--> Josef Stránský --owner of--> Portrait of Camille Roulin --owned by--> Marius de Zayas --occupation--> graphic artist
row1347,Q29441758|Q215626,Q29441758,Margarete Mauthner,Q215626,Georges Wildenstein,1,1,INCLUDE,0.9,1,INCLUDE,0.9,5,5,Q10288082,Wildenstein & Company,P127,owned by,Margarete Mauthner --owner of--> Rocks --owned by--> Josef Stránský --owner of--> Portrait of Camille Roulin --owned by--> Wildenstein & Company --owned by--> Georges Wildenstein
row1370,Q29441758|Q20771242,Q29441758,Margarete Mauthner,Q20771242,gallerist,1,1,INCLUDE,0.85,1,INCLUDE,0.85,5,5,Q946250,Marius de Zayas,P106,occupation,Margarete Mauthner --owner of--> Rocks --owned by--> Josef Stránský --owner of--> Portrait of Camille Roulin --owned by--> Marius de Zayas --occupation--> gallerist
row1623,Q29441758|Q723358,Q29441758,Margarete Mauthner,Q723358,Daniel Wildenstein,1,1,INCLUDE,0.9,1,INCLUDE,0.9,5,5,Q10288082,Wildenstein & Company,P127,owned by,Margarete Mauthner --owner of--> Rocks --owned by--> Josef Stránský --owner of--> Portrait of Camille Roulin --owned by--> Wildenstein & Company --owned by--> Daniel Wildenstein
row1787,Q29441758|Q18223037,Q29441758,Margarete Mauthner,Q18223037,Bunch of Asparagus,1,1,INCLUDE,0.9,1,INCLUDE,0.9,5,5,Q65351,Paul Cassirer,P1830,owner of,Margarete Mauthner --owner of--> Rocks --owned by--> Josef Stránský --owner of--> Portrait of Camille Roulin --owned by--> Paul Cassirer --owner of--> Bunch of Asparagus
row1882,Q29441758|Q30335959,Q29441758,Margarete Mauthner,Q30335959,Art Looting Investigation Unit,1,1,INCLUDE,0.95,1,INCLUDE,0.95,5,5,Q10288082,Wildenstein & Company,P1840,investigation of,Margarete Mauthner --owner of--> Rocks --owned by--> Josef Stránský --owner of--> Portrait of Camille Roulin --owned by--> Wildenstein & Company --investigation of--> Art Looting Investigation Unit
row1898,Q29441758|Q1792450,Q29441758,Margarete Mauthner,Q1792450,art historian,1,1,INCLUDE,0.8,1,INCLUDE,0.8,5,5,Q78108,Julius Meier-Graefe,P106,occupation,Margarete Mauthner --owner of--> Rocks --owned by--> Josef Stránský --owner of--> Portrait of Camille Roulin --owned by--> Julius Meier-Graefe --occupation--> art historian
row1991,Q29441758|Q95698792,Q29441758,Margarete Mauthner,Q95698792,Anna Meier-Graefe,1,0,EXCLUDE,0.8,0,EXCLUDE,0.8,5,5,Q78108,Julius Meier-Graefe,P26,spouse,Margarete Mauthner --owner of--> Rocks --owned by--> Josef Stránský --owner of--> Portrait of Camille Roulin --owned by--> Julius Meier-Graefe --spouse--> Anna Meier-Graefe
row2058,Q29441758|Q18745022,Q29441758,Margarete Mauthner,Q18745022,Alec N. Wildenstein,1,1,INCLUDE,0.9,1,INCLUDE,0.9,5,5,Q10288082,Wildenstein & Company,P127,owned by,Margarete Mauthner --owner of--> Rocks --owned by--> Josef Stránský --owner of--> Portrait of Camille Roulin --owned by--> Wildenstein & Company --owned by--> Alec N. Wildenstein
row2083,Q29441758|Q41751676,Q29441758,Margarete Mauthner,Q41751676,Adele Lewisohn Lehman,0,1,INCLUDE,0.85,1,INCLUDE,0.85,5,5,Q4684368,Adolph Lewisohn,P40,child,Margarete Mauthner --owner of--> Rocks --owned by--> Josef Stránský --owner of--> Portrait of Camille Roulin --owned by--> Adolph Lewisohn --child--> Adele Lewisohn Lehman
row417,Q303139|Q73357989,Q303139,Belvedere,Q73357989,Survey of GLAM open access policy and practice,0,0,EXCLUDE,0.95,0,EXCLUDE,0.95,1,1,Q303139,Belvedere,P1343,described by source,Belvedere --described by source--> Survey of GLAM open access policy and practice
row410,Q324935|Q20178788,Q324935,Ferenc Hatvany,Q20178788,Still Life with Apples,1,1,INCLUDE,0.99,1,INCLUDE,0.99,1,1,Q324935,Ferenc Hatvany,P1830,owner of,Ferenc Hatvany --owner of--> Still Life with Apples
row922,Q324935|Q1034379,Q324935,Ferenc Hatvany,Q1034379,Sándor Hatvany-Deutsch,1,1,INCLUDE,0.8,1,INCLUDE,0.8,1,1,Q324935,Ferenc Hatvany,P22,father,Ferenc Hatvany --father--> Sándor Hatvany-Deutsch
row1113,Q324935|Q1028181,Q324935,Ferenc Hatvany,Q1028181,painter,0,0,EXCLUDE,0.9,0,EXCLUDE,0.9,1,1,Q324935,Ferenc Hatvany,P106,occupation,Ferenc Hatvany --occupation--> painter
row1451,Q324935|Q4808368,Q324935,Ferenc Hatvany,Q4808368,Femme nue couchée,1,1,INCLUDE,0.99,1,INCLUDE,0.99,1,1,Q324935,Ferenc Hatvany,P1830,owner of,Ferenc Hatvany --owner of--> Femme nue couchée
row1934,Q324935|Q10732476,Q324935,Ferenc Hatvany,Q10732476,art collector,1,1,INCLUDE,0.95,1,INCLUDE,0.95,1,1,Q324935,Ferenc Hatvany,P106,occupation,Ferenc Hatvany --occupation--> art collector
row1146,Q324935|Q69860245,Q324935,Ferenc Hatvany,Q69860245,Mór Lipót Herzog,1,1,INCLUDE,0.95,1,INCLUDE,0.95,2,2,Q4808368,Femme nue couchée,P127,owned by,Ferenc Hatvany --owner of--> Femme nue couchée --owned by--> Mór Lipót Herzog
row1161,Q324935|Q587955,Q324935,Ferenc Hatvany,Q587955,Marcell Nemes,1,1,INCLUDE,0.95,1,INCLUDE,0.95,2,2,Q4808368,Femme nue couchée,P127,owned by,Ferenc Hatvany --owner of--> Femme nue couchée --owned by--> Marcell Nemes
row1776,Q324935|Q43845,Q324935,Ferenc Hatvany,Q43845,businessperson,0,0,EXCLUDE,0.9,0,EXCLUDE,0.9,2,2,Q1034379,Sándor Hatvany-Deutsch,P106,occupation,Ferenc Hatvany --father--> Sándor Hatvany-Deutsch --occupation--> businessperson
row1856,Q324935|Q806798,Q324935,Ferenc Hatvany,Q806798,banker,0,0,EXCLUDE,0.9,0,EXCLUDE,0.9,2,2,Q1034379,Sándor Hatvany-Deutsch,P106,occupation,Ferenc Hatvany --father--> Sándor Hatvany-Deutsch --occupation--> banker
row2023,Q324935|Q2833448,Q324935,Ferenc Hatvany,Q2833448,Alexandre Berthier,1,1,INCLUDE,0.95,1,INCLUDE,0.95,2,2,Q4808368,Femme nue couchée,P127,owned by,Ferenc Hatvany --owner of--> Femme nue couchée --owned by--> Alexandre Berthier
row17,Q324935|Q98801351,Q324935,Ferenc Hatvany,Q98801351,WikiProject Provenance,1,1,INCLUDE,0.95,1,INCLUDE,0.95,3,3,Q587955,Marcell Nemes,P5008,on focus list of Wikimedia project,Ferenc Hatvany --owner of--> Femme nue couchée --owned by--> Marcell Nemes --on focus list of Wikimedia project--> WikiProject Provenance
row148,Q324935|Q1768721,Q324935,Ferenc Hatvany,Q1768721,Gujin Tushu Jicheng,0,0,PRUNED_BY_ANCESTOR,,0,EXCLUDE,0.95,3,3,Q43845,businessperson,P1343,described by source,Ferenc Hatvany --father--> Sándor Hatvany-Deutsch --occupation--> businessperson --described by source--> Gujin Tushu Jicheng
row237,Q324935|Q1549283,Q324935,Ferenc Hatvany,Q1549283,large estate owner,0,0,EXCLUDE,0.85,0,EXCLUDE,0.85,3,3,Q69860245,Mór Lipót Herzog,P106,occupation,Ferenc Hatvany --owner of--> Femme nue couchée --owned by--> Mór Lipót Herzog --occupation--> large estate owner
row299,Q324935|Q67311526,Q324935,Ferenc Hatvany,Q67311526,Obalky knih.cz,0,0,EXCLUDE,0.9,0,EXCLUDE,0.9,3,3,Q587955,Marcell Nemes,P1343,described by source,Ferenc Hatvany --owner of--> Femme nue couchée --owned by--> Marcell Nemes --described by source--> Obalky knih.cz
row1147,Q324935|Q189290,Q324935,Ferenc Hatvany,Q189290,military officer,1,0,EXCLUDE,0.9,0,EXCLUDE,0.9,3,3,Q2833448,Alexandre Berthier,P106,occupation,Ferenc Hatvany --owner of--> Femme nue couchée --owned by--> Alexandre Berthier --occupation--> military officer
row1422,Q324935|Q1979607,Q324935,Ferenc Hatvany,Q1979607,financier,0,0,EXCLUDE,0.85,0,EXCLUDE,0.85,3,3,Q587955,Marcell Nemes,P106,occupation,Ferenc Hatvany --owner of--> Femme nue couchée --owned by--> Marcell Nemes --occupation--> financier
row1912,Q324935|Q173950,Q324935,Ferenc Hatvany,Q173950,art dealer,1,1,INCLUDE,0.95,1,INCLUDE,0.95,3,3,Q587955,Marcell Nemes,P106,occupation,Ferenc Hatvany --owner of--> Femme nue couchée --owned by--> Marcell Nemes --occupation--> art dealer
row85,Q324935|Q4114391,Q324935,Ferenc Hatvany,Q4114391,Sytin Military Encyclopedia,0,0,PRUNED_BY_ANCESTOR,,0,EXCLUDE,0.98,4,4,Q189290,military officer,P1343,described by source,Ferenc Hatvany --owner of--> Femme nue couchée --owned by--> Alexandre Berthier --occupation--> military officer --described by source--> Sytin Military Encyclopedia
row355,Q324935|Q1970746,Q324935,Ferenc Hatvany,Q1970746,Explanatory Dictionary of the Living Great Russian Language,0,0,PRUNED_BY_ANCESTOR,,0,EXCLUDE,0.98,4,4,Q189290,military officer,P1343,described by source,Ferenc Hatvany --owner of--> Femme nue couchée --owned by--> Alexandre Berthier --occupation--> military officer --described by source--> Explanatory Dictionary of the Living Great Russian Language
row456,Q324935|Q602358,Q324935,Ferenc Hatvany,Q602358,Brockhaus and Efron Encyclopedic Dictionary,0,0,PRUNED_BY_ANCESTOR,,0,EXCLUDE,0.98,4,4,Q189290,military officer,P1343,described by source,Ferenc Hatvany --owner of--> Femme nue couchée --owned by--> Alexandre Berthier --occupation--> military officer --described by source--> Brockhaus and Efron Encyclopedic Dictionary
row554,Q324935|Q4091878,Q324935,Ferenc Hatvany,Q4091878,Yuzhakov Big Encyclopedia,0,0,PRUNED_BY_ANCESTOR,,0,EXCLUDE,0.98,4,4,Q189290,military officer,P1343,described by source,Ferenc Hatvany --owner of--> Femme nue couchée --owned by--> Alexandre Berthier --occupation--> military officer --described by source--> Yuzhakov Big Encyclopedia
row916,Q324935|Q19180675,Q324935,Ferenc Hatvany,Q19180675,Small Brockhaus and Efron Encyclopedic Dictionary,0,0,PRUNED_BY_ANCESTOR,,0,EXCLUDE,0.98,4,4,Q189290,military officer,P1343,described by source,Ferenc Hatvany --owner of--> Femme nue couchée --owned by--> Alexandre Berthier --occupation--> military officer --described by source--> Small Brockhaus and Efron Encyclopedic Dictionary
row1257,Q324935|Q20078554,Q324935,Ferenc Hatvany,Q20078554,Great Soviet Encyclopedia (1926–1947),0,0,PRUNED_BY_ANCESTOR,,0,EXCLUDE,0.98,4,4,Q189290,military officer,P1343,described by source,Ferenc Hatvany --owner of--> Femme nue couchée --owned by--> Alexandre Berthier --occupation--> military officer --described by source--> Great Soviet Encyclopedia (1926–1947)
row1953,Q324935|Q2657718,Q324935,Ferenc Hatvany,Q2657718,Armenian Soviet Encyclopedia,0,0,PRUNED_BY_ANCESTOR,,0,EXCLUDE,0.98,4,4,Q189290,military officer,P1343,described by source,Ferenc Hatvany --owner of--> Femme nue couchée --owned by--> Alexandre Berthier --occupation--> military officer --described by source--> Armenian Soviet Encyclopedia
row70,Q3783572|Q3181656,Q3783572,Harvard Art Museums,Q3181656,The Nuttall Encyclopædia,0,0,EXCLUDE,0.98,0,EXCLUDE,0.98,2,2,Q13371,Harvard University,P1343,described by source,Harvard Art Museums --owned by--> Harvard University --described by source--> The Nuttall Encyclopædia
row206,Q3783572|Q17576108,Q3783572,Harvard Art Museums,Q17576108,Islamopedia Online,0,0,EXCLUDE,0.95,0,EXCLUDE,0.95,2,2,Q13371,Harvard University,P1830,owner of,Harvard Art Museums --owned by--> Harvard University --owner of--> Islamopedia Online
row333,Q3783572|Q2041543,Q3783572,Harvard Art Museums,Q2041543,Ottův slovník naučný,0,0,EXCLUDE,0.95,0,EXCLUDE,0.95,2,2,Q13371,Harvard University,P1343,described by source,Harvard Art Museums --owned by--> Harvard University --described by source--> Ottův slovník naučný
row399,Q3783572|Q7557389,Q3783572,Harvard Art Museums,Q7557389,Soldiers Field Soccer Stadium,0,0,EXCLUDE,0.98,0,EXCLUDE,0.98,2,2,Q13371,Harvard University,P1830,owner of,Harvard Art Museums --owned by--> Harvard University --owner of--> Soldiers Field Soccer Stadium
row918,Q3783572|Q2918448,Q3783572,Harvard Art Museums,Q2918448,Harvard Museum of the Ancient Near East,0,1,INCLUDE,0.85,1,INCLUDE,0.85,2,2,Q13371,Harvard University,P1830,owner of,Harvard Art Museums --owned by--> Harvard University --owner of--> Semitic Museum
row1142,Q3783572|Q1420782,Q3783572,Harvard Art Museums,Q1420782,Museum of Comparative Zoology,0,0,EXCLUDE,0.85,0,EXCLUDE,0.85,2,2,Q13371,Harvard University,P1830,owner of,Harvard Art Museums --owned by--> Harvard University --owner of--> Museum of Comparative Zoology
row99,Q3783572|Q19180675,Q3783572,Harvard Art Museums,Q19180675,Small Brockhaus and Efron Encyclopedic Dictionary,0,0,EXCLUDE,0.99,0,EXCLUDE,0.99,5,5,Q9268,Judaism,P1343,described by source,Harvard Art Museums --owned by--> Harvard University --owner of--> Semitic Museum --described by source--> Jewish Encyclopedia of Brockhaus and Efron --main subject--> Judaism --described by source--> Small Brockhaus and Efron Encyclopedic Dictionary
row195,Q3783572|Q106727050,Q3783572,Harvard Art Museums,Q106727050,Metropolitan Museum of Art Tagging Vocabulary,1,0,EXCLUDE,0.95,0,EXCLUDE,0.95,5,5,Q9268,Judaism,P1343,described by source,Harvard Art Museums --owned by--> Harvard University --owner of--> Semitic Museum --described by source--> Jewish Encyclopedia of Brockhaus and Efron --main subject--> Judaism --described by source--> Metropolitan Museum of Art Tagging Vocabulary
row363,Q3783572|Q48968006,Q3783572,Harvard Art Museums,Q48968006,encyclopedia.com,0,0,EXCLUDE,0.99,0,EXCLUDE,0.99,5,5,Q9268,Judaism,P1343,described by source,Harvard Art Museums --owned by--> Harvard University --owner of--> Semitic Museum --described by source--> Jewish Encyclopedia of Brockhaus and Efron --main subject--> Judaism --described by source--> encyclopedia.com
row458,Q3783572|Q602358,Q3783572,Harvard Art Museums,Q602358,Brockhaus and Efron Encyclopedic Dictionary,0,0,EXCLUDE,0.99,0,EXCLUDE,0.99,5,5,Q9268,Judaism,P1343,described by source,Harvard Art Museums --owned by--> Harvard University --owner of--> Semitic Museum --described by source--> Jewish Encyclopedia of Brockhaus and Efron --main subject--> Judaism --described by source--> Brockhaus and Efron Encyclopedic Dictionary
row216,Q4008950|Q2554450,Q4008950,Irises,Q2554450,Johanna van Gogh-Bonger,1,1,INCLUDE,0.99,1,INCLUDE,0.99,1,1,Q4008950,Irises,P127,owned by,Irises --owned by--> Johanna van Gogh-Bonger
row1452,Q5147536|Q108841920,Q5147536,Josef Feinhals,Q108841920,Feinhals Haus,1,1,INCLUDE,0.85,1,INCLUDE,0.85,1,1,Q5147536,Josef Feinhals,P1830,owner of,Josef Feinhals --owner of--> Feinhals Haus
row1503,Q5147536|Q131524,Q5147536,Josef Feinhals,Q131524,entrepreneur,0,0,EXCLUDE,0.95,0,EXCLUDE,0.95,1,1,Q5147536,Josef Feinhals,P106,occupation,Josef Feinhals --occupation--> entrepreneur
row1791,Q5147536|Q66677,Q5147536,Josef Feinhals,Q66677,Bruno Paul,1,1,INCLUDE,0.9,1,INCLUDE,0.9,1,1,Q5147536,Josef Feinhals,P3342,significant person,Josef Feinhals --significant person--> Bruno Paul
row1938,Q5147536|Q10732476,Q5147536,Josef Feinhals,Q10732476,art collector,1,1,INCLUDE,0.95,1,INCLUDE,0.95,1,1,Q5147536,Josef Feinhals,P106,occupation,Josef Feinhals --occupation--> art collector
row202,Q5147536|Q644687,Q5147536,Josef Feinhals,Q644687,illustrator,0,0,EXCLUDE,0.95,0,EXCLUDE,0.95,2,2,Q66677,Bruno Paul,P106,occupation,Josef Feinhals --significant person--> Bruno Paul --occupation--> illustrator
row443,Q5147536|Q3658608,Q5147536,Josef Feinhals,Q3658608,caricaturist,0,0,EXCLUDE,0.95,0,EXCLUDE,0.95,2,2,Q66677,Bruno Paul,P106,occupation,Josef Feinhals --significant person--> Bruno Paul --occupation--> caricaturist
row447,Q5147536|Q108829905,Q5147536,Josef Feinhals,Q108829905,Bruno Paul : the life and work of a pragmatic modernist,1,0,EXCLUDE,0.9,0,EXCLUDE,0.9,2,2,Q66677,Bruno Paul,P1343,described by source,Josef Feinhals --significant person--> Bruno Paul --described by source--> Bruno Paul : the life and work of a pragmatic modernist
row506,Q5147536|Q42973,Q5147536,Josef Feinhals,Q42973,architect,0,0,EXCLUDE,0.95,0,EXCLUDE,0.95,2,2,Q66677,Bruno Paul,P106,occupation,Josef Feinhals --significant person--> Bruno Paul --occupation--> architect
row783,Q5147536|Q1622272,Q5147536,Josef Feinhals,Q1622272,university teacher,0,0,EXCLUDE,0.95,0,EXCLUDE,0.95,2,2,Q66677,Bruno Paul,P106,occupation,Josef Feinhals --significant person--> Bruno Paul --occupation--> university teacher
row1059,Q5147536|Q33231,Q5147536,Josef Feinhals,Q33231,photographer,0,0,EXCLUDE,0.95,0,EXCLUDE,0.95,2,2,Q66677,Bruno Paul,P106,occupation,Josef Feinhals --significant person--> Bruno Paul --occupation--> photographer
row1105,Q5147536|Q108837588,Q5147536,Josef Feinhals,Q108837588,Paul Lindemann,1,0,EXCLUDE,0.95,0,EXCLUDE,0.95,2,2,Q66677,Bruno Paul,P3342,significant person,Josef Feinhals --significant person--> Bruno Paul --significant person--> Paul Lindemann
row1267,Q5147536|Q627325,Q5147536,Josef Feinhals,Q627325,graphic designer,0,0,EXCLUDE,0.95,0,EXCLUDE,0.95,2,2,Q66677,Bruno Paul,P106,occupation,Josef Feinhals --significant person--> Bruno Paul --occupation--> graphic designer
row1400,Q5147536|Q11455387,Q5147536,Josef Feinhals,Q11455387,furniture designer,0,0,EXCLUDE,0.95,0,EXCLUDE,0.95,2,2,Q66677,Bruno Paul,P106,occupation,Josef Feinhals --significant person--> Bruno Paul --occupation--> furniture designer
row1567,Q5147536|Q15296811,Q5147536,Josef Feinhals,Q15296811,drawer,0,0,EXCLUDE,0.95,0,EXCLUDE,0.95,2,2,Q66677,Bruno Paul,P106,occupation,Josef Feinhals --significant person--> Bruno Paul --occupation--> drawer
row1173,Q5147536|Q108841562,Q5147536,Josef Feinhals,Q108841562,Lindemann House,1,0,PRUNED_BY_ANCESTOR,,0,EXCLUDE,0.95,3,3,Q108837588,Paul Lindemann,P1830,owner of,Josef Feinhals --significant person--> Bruno Paul --significant person--> Paul Lindemann --owner of--> Lindemann House
row818,Q5147536|Q2446761,Q5147536,Josef Feinhals,Q2446761,Touro College Berlin,0,0,PRUNED_BY_ANCESTOR,,0,EXCLUDE,0.95,4,4,Q108841562,Lindemann House,P127,owned by,Josef Feinhals --significant person--> Bruno Paul --significant person--> Paul Lindemann --owner of--> Lindemann House --owned by--> Touro College Berlin
row362,Q5147536|Q82955,Q5147536,Josef Feinhals,Q82955,politician,0,0,PRUNED_BY_ANCESTOR,,0,EXCLUDE,0.98,5,5,Q68721,Hanns Kerrl,P106,occupation,Josef Feinhals --significant person--> Bruno Paul --significant person--> Paul Lindemann --owner of--> Lindemann House --owned by--> Hanns Kerrl --occupation--> politician
row635,Q55680361|Q28002707,Q55680361,Oskar Reichel,Q28002707,Wildbad Gastein in the evening (with Bengal lights),1,1,INCLUDE,0.99,1,INCLUDE,0.99,1,1,Q55680361,Oskar Reichel,P1830,owner of,Oskar Reichel --owner of--> Wildbad Gastein in the evening (with Bengal lights)
row795,Q55680361|Q20553562,Q55680361,Oskar Reichel,Q20553562,Two Nudes (Lovers),1,1,INCLUDE,0.99,1,INCLUDE,0.99,1,1,Q55680361,Oskar Reichel,P1830,owner of,Oskar Reichel --owner of--> Two Nudes (Lovers)
row905,Q55680361|Q28008262,Q55680361,Oskar Reichel,Q28008262,Still Life with Mutton and Hyacinth,0,1,INCLUDE,0.99,1,INCLUDE,0.99,1,1,Q55680361,Oskar Reichel,P1830,owner of,Oskar Reichel --owner of--> Still Life with Mutton and Hyacinth
row1215,Q55680361|Q15924224,Q55680361,Oskar Reichel,Q15924224,internist,0,0,EXCLUDE,0.95,0,EXCLUDE,0.95,1,1,Q55680361,Oskar Reichel,P106,occupation,Oskar Reichel --occupation--> internist
row1935,Q55680361|Q10732476,Q55680361,Oskar Reichel,Q10732476,art collector,1,1,INCLUDE,0.95,1,INCLUDE,0.95,1,1,Q55680361,Oskar Reichel,P106,occupation,Oskar Reichel --occupation--> art collector
row137,Q55680361|Q27431468,Q55680361,Oskar Reichel,Q27431468,Galerie St. Etienne,1,1,INCLUDE,0.99,1,INCLUDE,0.99,2,2,Q20553562,Two Nudes (Lovers),P127,owned by,Oskar Reichel --owner of--> Two Nudes (Lovers) --owned by--> Galerie St. Etienne
row176,Q55680361|Q49133,Q55680361,Oskar Reichel,Q49133,Museum of Fine Arts Boston,0,1,INCLUDE,0.99,1,INCLUDE,0.99,2,2,Q20553562,Two Nudes (Lovers),P127,owned by,Oskar Reichel --owner of--> Two Nudes (Lovers) --owned by--> Museum of Fine Arts
row306,Q55680361|Q19754058,Q55680361,Oskar Reichel,Q19754058,Otto Kallir,1,1,INCLUDE,0.99,1,INCLUDE,0.99,2,2,Q20553562,Two Nudes (Lovers),P127,owned by,Oskar Reichel --owner of--> Two Nudes (Lovers) --owned by--> Otto Kallir
row1120,Q55680361|Q76513716,Q55680361,Oskar Reichel,Q76513716,Nierendorf Gallery,1,1,INCLUDE,0.99,1,INCLUDE,0.99,2,2,Q20553562,Two Nudes (Lovers),P127,owned by,Oskar Reichel --owner of--> Two Nudes (Lovers) --owned by--> Nierendorf Gallery
row1555,Q55680361|Q13575004,Q55680361,Oskar Reichel,Q13575004,E. & A. Silberman Galleries,1,1,INCLUDE,0.99,1,INCLUDE,0.99,2,2,Q20553562,Two Nudes (Lovers),P127,owned by,Oskar Reichel --owner of--> Two Nudes (Lovers) --owned by--> E. & A. Silberman Galleries
row50,Q55680361|Q19681547,Q55680361,Oskar Reichel,Q19681547,"View of Pirna, from Sonnestein Castle",1,1,INCLUDE,0.95,1,INCLUDE,0.95,3,3,Q13575004,E. & A. Silberman Galleries,P1830,owner of,"Oskar Reichel --owner of--> Two Nudes (Lovers) --owned by--> E. & A. Silberman Galleries --owner of--> View of Pirna, from Sonnestein Castle"
row127,Q55680361|Q20539227,Q55680361,Oskar Reichel,Q20539227,Portrait of a Man and Woman in an Interior,1,1,INCLUDE,0.95,1,INCLUDE,0.95,3,3,Q13575004,E. & A. Silberman Galleries,P1830,owner of,Oskar Reichel --owner of--> Two Nudes (Lovers) --owned by--> E. & A. Silberman Galleries --owner of--> Portrait of a Man and Woman in an Interior
row650,Q55680361|Q104694359,Q55680361,Oskar Reichel,Q104694359,WikiProject PCC Wikidata Pilot/Frick Art Reference Library,0,0,EXCLUDE,0.95,0,EXCLUDE,0.95,3,3,Q13575004,E. & A. Silberman Galleries,P5008,on focus list of Wikimedia project,Oskar Reichel --owner of--> Two Nudes (Lovers) --owned by--> E. & A. Silberman Galleries --on focus list of Wikimedia project--> WikiProject PCC Wikidata Pilot/Frick Art Reference Library
row734,Q55680361|Q7933396,Q55680361,Oskar Reichel,Q7933396,Violin and Grapes,1,1,INCLUDE,0.95,1,INCLUDE,0.95,3,3,Q13575004,E. & A. Silberman Galleries,P1830,owner of,Oskar Reichel --owner of--> Two Nudes (Lovers) --owned by--> E. & A. Silberman Galleries --owner of--> Violin and Grapes
row798,Q55680361|Q19883498,Q55680361,Oskar Reichel,Q19883498,Two Nudes,1,1,INCLUDE,0.95,1,INCLUDE,0.95,3,3,Q13575004,E. & A. Silberman Galleries,P1830,owner of,Oskar Reichel --owner of--> Two Nudes (Lovers) --owned by--> E. & A. Silberman Galleries --owner of--> Two Nudes
row984,Q55680361|Q20276008,Q55680361,Oskar Reichel,Q20276008,Portrait of a Young Artist,1,1,INCLUDE,0.95,1,INCLUDE,0.95,3,3,Q13575004,E. & A. Silberman Galleries,P1830,owner of,Oskar Reichel --owner of--> Two Nudes (Lovers) --owned by--> E. & A. Silberman Galleries --owner of--> Portrait of a Young Artist
row1000,Q55680361|Q49277675,Q55680361,Oskar Reichel,Q49277675,"Polymnia, the Muse of Sacred Hymn",1,1,INCLUDE,0.95,1,INCLUDE,0.95,3,3,Q13575004,E. & A. Silberman Galleries,P1830,owner of,"Oskar Reichel --owner of--> Two Nudes (Lovers) --owned by--> E. & A. Silberman Galleries --owner of--> Polymnia, the Muse of Sacred Hymn"
row1185,Q55680361|Q55845255,Q55680361,Oskar Reichel,Q55845255,Karl Nierendorf,1,1,INCLUDE,0.95,1,INCLUDE,0.95,3,3,Q76513716,Nierendorf Gallery,P127,owned by,Oskar Reichel --owner of--> Two Nudes (Lovers) --owned by--> Nierendorf Gallery --owned by--> Karl Nierendorf
row1526,Q55680361|Q72958372,Q55680361,Oskar Reichel,Q72958372,Elkan Silberman,1,1,INCLUDE,0.95,1,INCLUDE,0.95,3,3,Q13575004,E. & A. Silberman Galleries,P127,owned by,Oskar Reichel --owner of--> Two Nudes (Lovers) --owned by--> E. & A. Silberman Galleries --owned by--> Elkan Silberman
row1590,Q55680361|Q19883543,Q55680361,Oskar Reichel,Q19883543,Doctor Emma Veronika Sanders,1,1,INCLUDE,0.9,1,INCLUDE,0.9,3,3,Q13575004,E. & A. Silberman Galleries,P1830,owner of,Oskar Reichel --owner of--> Two Nudes (Lovers) --owned by--> E. & A. Silberman Galleries --owner of--> Doctor Emma Veronika Sanders
row1636,Q55680361|Q2805058,Q55680361,Oskar Reichel,Q2805058,Cupid Complaining to Venus,1,1,INCLUDE,0.95,1,INCLUDE,0.95,3,3,Q13575004,E. & A. Silberman Galleries,P1830,owner of,Oskar Reichel --owner of--> Two Nudes (Lovers) --owned by--> E. & A. Silberman Galleries --owner of--> Cupid complaining to Venus
row1639,Q55680361|Q64513741,Q55680361,Oskar Reichel,Q64513741,Crucifixion,1,1,INCLUDE,0.95,1,INCLUDE,0.95,3,3,Q13575004,E. & A. Silberman Galleries,P1830,owner of,Oskar Reichel --owner of--> Two Nudes (Lovers) --owned by--> E. & A. Silberman Galleries --owner of--> Crucifixion
row1899,Q55680361|Q1792450,Q55680361,Oskar Reichel,Q1792450,art historian,1,1,INCLUDE,0.8,1,INCLUDE,0.8,5,3,Q19754058,Otto Kallir,P106,occupation,Oskar Reichel --owner of--> Two Nudes (Lovers) --owned by--> Otto Kallir --occupation--> art historian
row2093,Q55680361|Q77257348,Q55680361,Oskar Reichel,Q77257348,Abris Silberman,1,1,INCLUDE,0.95,1,INCLUDE,0.95,3,3,Q13575004,E. & A. Silberman Galleries,P127,owned by,Oskar Reichel --owner of--> Two Nudes (Lovers) --owned by--> E. & A. Silberman Galleries --owned by--> Abris Silberman
row255,Q55680361|Q72961007,Q55680361,Oskar Reichel,Q72961007,Margaret Silberman,1,1,INCLUDE,0.85,1,INCLUDE,0.85,4,4,Q77257348,Abris Silberman,P26,spouse,Oskar Reichel --owner of--> Two Nudes (Lovers) --owned by--> E. & A. Silberman Galleries --owned by--> Abris Silberman --spouse--> Margaret Silberman
row560,Q55680361|Q1568434,Q55680361,Oskar Reichel,Q1568434,Yale University Art Gallery,1,1,INCLUDE,0.95,1,INCLUDE,0.95,4,4,Q49277675,"Polymnia, the Muse of Sacred Hymn",P127,owned by,"Oskar Reichel --owner of--> Two Nudes (Lovers) --owned by--> E. & A. Silberman Galleries --owner of--> Polymnia, the Muse of Sacred Hymn --owned by--> Yale University Art Gallery"
row675,Q55680361|Q96971115,Q55680361,Oskar Reichel,Q96971115,Whereabouts of paintings 1933,1,1,INCLUDE,0.95,1,INCLUDE,0.95,4,4,Q2805058,Cupid complaining to Venus,P1343,described by source,Oskar Reichel --owner of--> Two Nudes (Lovers) --owned by--> E. & A. Silberman Galleries --owner of--> Cupid complaining to Venus --described by source--> Whereabouts of paintings 1933
row957,Q55680361|Q83488454,Q55680361,Oskar Reichel,Q83488454,Revealed: National Gallery's Cranach is war loot,1,1,INCLUDE,0.95,1,INCLUDE,0.95,4,4,Q2805058,Cupid complaining to Venus,P1343,described by source,Oskar Reichel --owner of--> Two Nudes (Lovers) --owned by--> E. & A. Silberman Galleries --owner of--> Cupid complaining to Venus --described by source--> Revealed: National Gallery's Cranach is war loot
row972,Q55680361|Q768717,Q55680361,Oskar Reichel,Q768717,private collection,1,0,EXCLUDE,0.9,0,EXCLUDE,0.9,4,4,Q64513741,Crucifixion,P127,owned by,Oskar Reichel --owner of--> Two Nudes (Lovers) --owned by--> E. & A. Silberman Galleries --owner of--> Crucifixion --owned by--> private collection
row1171,Q55680361|Q1871838,Q55680361,Oskar Reichel,Q1871838,Louis M. Rabinowitz,1,1,INCLUDE,0.95,1,INCLUDE,0.95,4,4,Q49277675,"Polymnia, the Muse of Sacred Hymn",P127,owned by,"Oskar Reichel --owner of--> Two Nudes (Lovers) --owned by--> E. & A. Silberman Galleries --owner of--> Polymnia, the Muse of Sacred Hymn --owned by--> Louis M. Rabinowitz"
row1187,Q55680361|Q60010460,Q55680361,Oskar Reichel,Q60010460,Kahnweiler gallery,1,1,INCLUDE,0.95,1,INCLUDE,0.95,4,4,Q7933396,Violin and Grapes,P127,owned by,Oskar Reichel --owner of--> Two Nudes (Lovers) --owned by--> E. & A. Silberman Galleries --owner of--> Violin and Grapes --owned by--> Kahnweiler gallery
row1197,Q55680361|Q104820943,Q55680361,Oskar Reichel,Q104820943,Jewish Collectors and Art Dealers (Victims of Nazi persecution and expropriation),1,1,INCLUDE,0.95,1,INCLUDE,0.95,4,4,Q72958372,Elkan Silberman,P1343,described by source,Oskar Reichel --owner of--> Two Nudes (Lovers) --owned by--> E. & A. Silberman Galleries --owned by--> Elkan Silberman --described by source--> Jewish Collectors and Art Dealers (Victims of Nazi persecution and expropriation)
row1217,Q55680361|Q72853350,Q55680361,Oskar Reichel,Q72853350,International Art,1,1,INCLUDE,0.85,1,INCLUDE,0.85,4,4,Q55845255,Karl Nierendorf,P1830,owner of,Oskar Reichel --owner of--> Two Nudes (Lovers) --owned by--> Nierendorf Gallery --owned by--> Karl Nierendorf --owner of--> International Art
row1236,Q55680361|Q17421703,Q55680361,Oskar Reichel,Q17421703,Henry Pearlman,1,1,INCLUDE,0.95,1,INCLUDE,0.95,4,4,Q19883543,Doctor Emma Veronika Sanders,P127,owned by,Oskar Reichel --owner of--> Two Nudes (Lovers) --owned by--> E. & A. Silberman Galleries --owner of--> Doctor Emma Veronika Sanders --owned by--> Henry Pearlman
row1371,Q55680361|Q20771242,Q55680361,Oskar Reichel,Q20771242,gallerist,1,1,INCLUDE,0.9,1,INCLUDE,0.9,4,4,Q55845255,Karl Nierendorf,P106,occupation,Oskar Reichel --owner of--> Two Nudes (Lovers) --owned by--> Nierendorf Gallery --owned by--> Karl Nierendorf --occupation--> gallerist
row1378,Q55680361|Q1491880,Q55680361,Oskar Reichel,Q1491880,Galerie Nierendorf,1,1,INCLUDE,0.95,1,INCLUDE,0.95,4,4,Q55845255,Karl Nierendorf,P1830,owner of,Oskar Reichel --owner of--> Two Nudes (Lovers) --owned by--> Nierendorf Gallery --owned by--> Karl Nierendorf --owner of--> Galerie Nierendorf
row1397,Q55680361|Q21078532,Q55680361,Oskar Reichel,Q21078532,G. David Thompson,1,1,INCLUDE,0.95,1,INCLUDE,0.95,4,4,Q19883498,Two Nudes,P127,owned by,Oskar Reichel --owner of--> Two Nudes (Lovers) --owned by--> E. & A. Silberman Galleries --owner of--> Two Nudes --owned by--> G. David Thompson
row1631,Q55680361|Q4904268,Q55680361,Oskar Reichel,Q4904268,Curt Valentin,1,1,INCLUDE,0.95,1,INCLUDE,0.95,4,4,Q19883543,Doctor Emma Veronika Sanders,P127,owned by,Oskar Reichel --owner of--> Two Nudes (Lovers) --owned by--> E. & A. Silberman Galleries --owner of--> Doctor Emma Veronika Sanders --owned by--> Curt Valentin
row1697,Q55680361|Q12306176,Q55680361,Oskar Reichel,Q12306176,Christian Tetzen-Lund,1,1,INCLUDE,0.95,1,INCLUDE,0.95,4,4,Q7933396,Violin and Grapes,P127,owned by,Oskar Reichel --owner of--> Two Nudes (Lovers) --owned by--> E. & A. Silberman Galleries --owner of--> Violin and Grapes --owned by--> Christian Tetzen-Lund
row1913,Q55680361|Q173950,Q55680361,Oskar Reichel,Q173950,art dealer,1,0,PRUNED_BY_ANCESTOR,,1,INCLUDE,0.85,4,4,,,,,
row2014,Q55680361|Q74128,Q55680361,Oskar Reichel,Q74128,Alfred Flechtheim,1,1,INCLUDE,0.98,1,INCLUDE,0.98,4,4,Q7933396,Violin and Grapes,P127,owned by,Oskar Reichel --owner of--> Two Nudes (Lovers) --owned by--> E. & A. Silberman Galleries --owner of--> Violin and Grapes --owned by--> Alfred Flechtheim
row2081,Q55680361|Q352,Q55680361,Oskar Reichel,Q352,Adolf Hitler,1,1,INCLUDE,0.95,1,INCLUDE,0.95,4,4,Q2805058,Cupid complaining to Venus,P127,owned by,Oskar Reichel --owner of--> Two Nudes (Lovers) --owned by--> E. & A. Silberman Galleries --owner of--> Cupid complaining to Venus --owned by--> Adolf Hitler
row18,Q55680361|Q98801351,Q55680361,Oskar Reichel,Q98801351,WikiProject Provenance,1,1,INCLUDE,0.99,1,INCLUDE,0.99,5,5,Q74128,Alfred Flechtheim,P5008,on focus list of Wikimedia project,Oskar Reichel --owner of--> Two Nudes (Lovers) --owned by--> E. & A. Silberman Galleries --owner of--> Violin and Grapes --owned by--> Alfred Flechtheim --on focus list of Wikimedia project--> WikiProject Provenance
row53,Q55680361|Q26221176,Q55680361,Oskar Reichel,Q26221176,Two Poplars in the Alpilles near Saint-Rémy,1,1,INCLUDE,0.95,1,INCLUDE,0.95,5,5,Q74128,Alfred Flechtheim,P1830,owner of,Oskar Reichel --owner of--> Two Nudes (Lovers) --owned by--> E. & A. Silberman Galleries --owner of--> Violin and Grapes --owned by--> Alfred Flechtheim --owner of--> Two Poplars in the Alpilles near Saint-Rémy
row77,Q55680361|Q60474736,Q55680361,Oskar Reichel,Q60474736,The Aviator,1,1,INCLUDE,0.95,1,INCLUDE,0.95,5,5,Q74128,Alfred Flechtheim,P1830,owner of,Oskar Reichel --owner of--> Two Nudes (Lovers) --owned by--> E. & A. Silberman Galleries --owner of--> Violin and Grapes --owned by--> Alfred Flechtheim --owner of--> The Aviator
row79,Q55680361|Q109354198,Q55680361,Oskar Reichel,Q109354198,Boy Holding a Blue Vase,1,1,INCLUDE,0.95,1,INCLUDE,0.95,5,5,Q74128,Alfred Flechtheim,P1830,owner of,Oskar Reichel --owner of--> Two Nudes (Lovers) --owned by--> E. & A. Silberman Galleries --owner of--> Violin and Grapes --owned by--> Alfred Flechtheim --owner of--> Boy Holding a Blue Vase
row177,Q55680361|Q54149726,Q55680361,Oskar Reichel,Q54149726,Hitler and Genghis Khan,0,0,EXCLUDE,0.9,0,EXCLUDE,0.9,5,5,Q352,Adolf Hitler,P1343,described by source,Oskar Reichel --owner of--> Two Nudes (Lovers) --owned by--> E. & A. Silberman Galleries --owner of--> Cupid complaining to Venus --owned by--> Adolf Hitler --described by source--> Hitler and Genghis Khan
row248,Q55680361|Q49870534,Q55680361,Oskar Reichel,Q49870534,Madame Cézanne in a Red Dress,1,1,INCLUDE,0.95,1,INCLUDE,0.95,5,5,Q74128,Alfred Flechtheim,P1830,owner of,Oskar Reichel --owner of--> Two Nudes (Lovers) --owned by--> E. & A. Silberman Galleries --owner of--> Violin and Grapes --owned by--> Alfred Flechtheim --owner of--> Madame Cézanne in a Red Dress
row261,Q55680361|Q99413897,Q55680361,Oskar Reichel,Q99413897,Medvik,0,0,EXCLUDE,0.9,0,EXCLUDE,0.9,5,5,Q352,Adolf Hitler,P1343,described by source,Oskar Reichel --owner of--> Two Nudes (Lovers) --owned by--> E. & A. Silberman Galleries --owner of--> Cupid complaining to Venus --owned by--> Adolf Hitler --described by source--> Medvik
row300,Q55680361|Q67311526,Q55680361,Oskar Reichel,Q67311526,Obalky knih.cz,0,0,EXCLUDE,0.95,0,EXCLUDE,0.95,5,5,Q352,Adolf Hitler,P1343,described by source,Oskar Reichel --owner of--> Two Nudes (Lovers) --owned by--> E. & A. Silberman Galleries --owner of--> Cupid complaining to Venus --owned by--> Adolf Hitler --described by source--> Obalky knih.cz
row312,Q55680361|Q17378135,Q55680361,Oskar Reichel,Q17378135,Great Soviet Encyclopedia (1969–1978),0,0,EXCLUDE,0.98,0,EXCLUDE,0.98,5,5,Q352,Adolf Hitler,P1343,described by source,Oskar Reichel --owner of--> Two Nudes (Lovers) --owned by--> E. & A. Silberman Galleries --owner of--> Cupid complaining to Venus --owned by--> Adolf Hitler --described by source--> Great Soviet Encyclopedia (1969–1978)
row317,Q55680361|Q20078554,Q55680361,Oskar Reichel,Q20078554,Great Soviet Encyclopedia (1926–1947),0,0,EXCLUDE,0.98,0,EXCLUDE,0.98,5,5,Q352,Adolf Hitler,P1343,described by source,Oskar Reichel --owner of--> Two Nudes (Lovers) --owned by--> E. & A. Silberman Galleries --owner of--> Cupid complaining to Venus --owned by--> Adolf Hitler --described by source--> Great Soviet Encyclopedia (1926–1947)
row398,Q55680361|Q4991371,Q55680361,Oskar Reichel,Q4991371,soldier,0,0,EXCLUDE,0.95,0,EXCLUDE,0.95,5,5,Q352,Adolf Hitler,P106,occupation,Oskar Reichel --owner of--> Two Nudes (Lovers) --owned by--> E. & A. Silberman Galleries --owner of--> Cupid complaining to Venus --owned by--> Adolf Hitler --occupation--> soldier
row413,Q55680361|Q24022779,Q55680361,Oskar Reichel,Q24022779,Still Life: Potatoes in a Yellow Dish,1,1,INCLUDE,0.95,1,INCLUDE,0.95,5,5,Q74128,Alfred Flechtheim,P1830,owner of,Oskar Reichel --owner of--> Two Nudes (Lovers) --owned by--> E. & A. Silberman Galleries --owner of--> Violin and Grapes --owned by--> Alfred Flechtheim --owner of--> Still Life: Potatoes in a Yellow Dish
row422,Q55680361|Q73357989,Q55680361,Oskar Reichel,Q73357989,Survey of GLAM open access policy and practice,0,0,EXCLUDE,0.95,0,EXCLUDE,0.95,5,5,Q1568434,Yale University Art Gallery,P1343,described by source,"Oskar Reichel --owner of--> Two Nudes (Lovers) --owned by--> E. & A. Silberman Galleries --owner of--> Polymnia, the Muse of Sacred Hymn --owned by--> Yale University Art Gallery --described by source--> Survey of GLAM open access policy and practice"
row484,Q55680361|Q94764626,Q55680361,Oskar Reichel,Q94764626,Bertha Flechtheim,1,1,INCLUDE,0.9,1,INCLUDE,0.9,5,5,Q74128,Alfred Flechtheim,P26,spouse,Oskar Reichel --owner of--> Two Nudes (Lovers) --owned by--> E. & A. Silberman Galleries --owner of--> Violin and Grapes --owned by--> Alfred Flechtheim --spouse--> Bertha Flechtheim
row653,Q55680361|Q105757729,Q55680361,Oskar Reichel,Q105757729,WikiProject PCC Wikidata Pilot — Smithsonian Libraries — Artists Files,0,0,EXCLUDE,0.95,0,EXCLUDE,0.95,5,5,Q4904268,Curt Valentin,P5008,on focus list of Wikimedia project,Oskar Reichel --owner of--> Two Nudes (Lovers) --owned by--> E. & A. Silberman Galleries --owner of--> Doctor Emma Veronika Sanders --owned by--> Curt Valentin --on focus list of Wikimedia project--> WikiProject PCC Wikidata Pilot — Smithsonian Libraries — Artists Files
row713,Q55680361|Q19885021,Q55680361,Oskar Reichel,Q19885021,Wall with Inscriptions,0,1,INCLUDE,0.95,1,INCLUDE,0.95,5,5,Q21078532,G. David Thompson,P1830,owner of,Oskar Reichel --owner of--> Two Nudes (Lovers) --owned by--> E. & A. Silberman Galleries --owner of--> Two Nudes --owned by--> G. David Thompson --owner of--> Wall with Inscriptions
row763,Q55680361|Q3557533,Q55680361,Oskar Reichel,Q3557533,Victor Rabinowitz,0,0,EXCLUDE,0.85,0,EXCLUDE,0.85,5,5,Q1871838,Louis M. Rabinowitz,P40,child,"Oskar Reichel --owner of--> Two Nudes (Lovers) --owned by--> E. & A. Silberman Galleries --owner of--> Polymnia, the Muse of Sacred Hymn --owned by--> Louis M. Rabinowitz --child--> Victor Rabinowitz"
row836,Q55680361|Q106874309,Q55680361,Oskar Reichel,Q106874309,Three Figures with Furniture-like Forms,1,1,INCLUDE,0.95,1,INCLUDE,0.95,5,5,Q21078532,G. David Thompson,P1830,owner of,Oskar Reichel --owner of--> Two Nudes (Lovers) --owned by--> E. & A. Silberman Galleries --owner of--> Two Nudes --owned by--> G. David Thompson --owner of--> Three Figures with Furniture-like Forms
row866,Q55680361|Q42877939,Q55680361,Oskar Reichel,Q42877939,The Swimmers,1,1,INCLUDE,0.95,1,INCLUDE,0.95,5,5,Q21078532,G. David Thompson,P1830,owner of,Oskar Reichel --owner of--> Two Nudes (Lovers) --owned by--> E. & A. Silberman Galleries --owner of--> Two Nudes --owned by--> G. David Thompson --owner of--> The Swimmers
row919,Q55680361|Q105582344,Q55680361,Oskar Reichel,Q105582344,Self-portrait as a clown,1,1,INCLUDE,0.95,1,INCLUDE,0.95,5,5,Q74128,Alfred Flechtheim,P1830,owner of,Oskar Reichel --owner of--> Two Nudes (Lovers) --owned by--> E. & A. Silberman Galleries --owner of--> Violin and Grapes --owned by--> Alfred Flechtheim --owner of--> Self-portrait as a clown
row935,Q55680361|Q75837445,Q55680361,Oskar Reichel,Q75837445,Rose Pearlman,1,1,INCLUDE,0.9,1,INCLUDE,0.9,5,5,Q17421703,Henry Pearlman,P26,spouse,Oskar Reichel --owner of--> Two Nudes (Lovers) --owned by--> E. & A. Silberman Galleries --owner of--> Doctor Emma Veronika Sanders --owned by--> Henry Pearlman --spouse--> Rose Pearlman
row964,Q55680361|Q131572,Q55680361,Oskar Reichel,Q131572,refugee,1,0,EXCLUDE,0.8,0,EXCLUDE,0.8,5,5,Q74128,Alfred Flechtheim,P106,occupation,Oskar Reichel --owner of--> Two Nudes (Lovers) --owned by--> E. & A. Silberman Galleries --owner of--> Violin and Grapes --owned by--> Alfred Flechtheim --occupation--> refugee
row969,Q55680361|Q2516866,Q55680361,Oskar Reichel,Q2516866,publisher,0,0,EXCLUDE,0.9,0,EXCLUDE,0.9,5,5,Q74128,Alfred Flechtheim,P106,occupation,Oskar Reichel --owner of--> Two Nudes (Lovers) --owned by--> E. & A. Silberman Galleries --owner of--> Violin and Grapes --owned by--> Alfred Flechtheim --occupation--> publisher
row970,Q55680361|Q1773840,Q55680361,Oskar Reichel,Q1773840,provenance,1,0,PRUNED_BY_ANCESTOR,,0,EXCLUDE,0.9,5,5,,,,,
row980,Q55680361|Q19883952,Q55680361,Oskar Reichel,Q19883952,Portrait of an Equilibrist,1,1,INCLUDE,0.95,1,INCLUDE,0.95,5,5,Q21078532,G. David Thompson,P1830,owner of,Oskar Reichel --owner of--> Two Nudes (Lovers) --owned by--> E. & A. Silberman Galleries --owner of--> Two Nudes --owned by--> G. David Thompson --owner of--> Portrait of an Equilibrist
row1014,Q55680361|Q82955,Q55680361,Oskar Reichel,Q82955,politician,0,0,EXCLUDE,0.99,0,EXCLUDE,0.99,5,5,Q352,Adolf Hitler,P106,occupation,Oskar Reichel --owner of--> Two Nudes (Lovers) --owned by--> E. & A. Silberman Galleries --owner of--> Cupid complaining to Venus --owned by--> Adolf Hitler --occupation--> politician
row1019,Q55680361|Q15958642,Q55680361,Oskar Reichel,Q15958642,political writer,0,0,EXCLUDE,0.95,0,EXCLUDE,0.95,5,5,Q352,Adolf Hitler,P106,occupation,Oskar Reichel --owner of--> Two Nudes (Lovers) --owned by--> E. & A. Silberman Galleries --owner of--> Cupid complaining to Venus --owned by--> Adolf Hitler --occupation--> political writer
row1092,Q55680361|Q12362622,Q55680361,Oskar Reichel,Q12362622,philanthropist,0,0,EXCLUDE,0.9,0,EXCLUDE,0.9,5,5,Q1871838,Louis M. Rabinowitz,P106,occupation,"Oskar Reichel --owner of--> Two Nudes (Lovers) --owned by--> E. & A. Silberman Galleries --owner of--> Polymnia, the Muse of Sacred Hymn --owned by--> Louis M. Rabinowitz --occupation--> philanthropist"
row1114,Q55680361|Q2498180,Q55680361,Oskar Reichel,Q2498180,Orthodox Encyclopedia,0,0,EXCLUDE,0.95,0,EXCLUDE,0.95,5,5,Q352,Adolf Hitler,P1343,described by source,Oskar Reichel --owner of--> Two Nudes (Lovers) --owned by--> E. & A. Silberman Galleries --owner of--> Cupid complaining to Venus --owned by--> Adolf Hitler --described by source--> Orthodox Encyclopedia
row1119,Q55680361|Q5460604,Q55680361,Oskar Reichel,Q5460604,Wikipedia:List of articles all languages should have,0,0,EXCLUDE,0.95,0,EXCLUDE,0.95,5,5,Q352,Adolf Hitler,P5008,on focus list of Wikimedia project,Oskar Reichel --owner of--> Two Nudes (Lovers) --owned by--> E. & A. Silberman Galleries --owner of--> Cupid complaining to Venus --owned by--> Adolf Hitler --on focus list of Wikimedia project--> Wikipedia:List of articles all languages should have
row1124,Q55680361|Q328376,Q55680361,Oskar Reichel,Q328376,Nazi plunder,1,1,INCLUDE,0.9,1,INCLUDE,0.9,5,5,Q83488454,Revealed: National Gallery's Cranach is war loot,P921,main subject,Oskar Reichel --owner of--> Two Nudes (Lovers) --owned by--> E. & A. Silberman Galleries --owner of--> Cupid complaining to Venus --described by source--> Revealed: National Gallery's Cranach is war loot --main subject--> Nazi plunder
row1128,Q55680361|Q7319,Q55680361,Oskar Reichel,Q7319,Nazi Era,1,1,INCLUDE,0.8,1,INCLUDE,0.8,5,5,Q96971115,Whereabouts of paintings 1933,P921,main subject,Oskar Reichel --owner of--> Two Nudes (Lovers) --owned by--> E. & A. Silberman Galleries --owner of--> Cupid complaining to Venus --described by source--> Whereabouts of paintings 1933 --main subject--> Nazi Era
row1154,Q55680361|Q215536,Q55680361,Oskar Reichel,Q215536,merchant,0,0,EXCLUDE,0.95,0,EXCLUDE,0.95,5,5,Q12306176,Christian Tetzen-Lund,P106,occupation,Oskar Reichel --owner of--> Two Nudes (Lovers) --owned by--> E. & A. Silberman Galleries --owner of--> Violin and Grapes --owned by--> Christian Tetzen-Lund --occupation--> merchant
row1180,Q55680361|Q20087533,Q55680361,Oskar Reichel,Q20087533,Le Fumeur,1,1,INCLUDE,0.95,1,INCLUDE,0.95,5,5,Q21078532,G. David Thompson,P1830,owner of,Oskar Reichel --owner of--> Two Nudes (Lovers) --owned by--> E. & A. Silberman Galleries --owner of--> Two Nudes --owned by--> G. David Thompson --owner of--> Le Fumeur
row1191,Q55680361|Q1930187,Q55680361,Oskar Reichel,Q1930187,journalist,0,0,EXCLUDE,0.95,0,EXCLUDE,0.95,5,5,Q74128,Alfred Flechtheim,P106,occupation,Oskar Reichel --owner of--> Two Nudes (Lovers) --owned by--> E. & A. Silberman Galleries --owner of--> Violin and Grapes --owned by--> Alfred Flechtheim --occupation--> journalist
row1192,Q55680361|Q855,Q55680361,Oskar Reichel,Q855,Joseph Stalin,0,0,EXCLUDE,0.95,0,EXCLUDE,0.95,5,5,Q352,Adolf Hitler,P3342,significant person,Oskar Reichel --owner of--> Two Nudes (Lovers) --owned by--> E. & A. Silberman Galleries --owner of--> Cupid complaining to Venus --owned by--> Adolf Hitler --significant person--> Joseph Stalin
row1200,Q55680361|Q689638,Q55680361,Oskar Reichel,Q689638,Jean-Marie Loret,0,0,EXCLUDE,0.95,0,EXCLUDE,0.95,5,5,Q352,Adolf Hitler,P40,child,Oskar Reichel --owner of--> Two Nudes (Lovers) --owned by--> E. & A. Silberman Galleries --owner of--> Cupid complaining to Venus --owned by--> Adolf Hitler --child--> Jean-Marie Loret
row1216,Q55680361|Q461,Q55680361,Oskar Reichel,Q461,Internet Archive,0,0,EXCLUDE,0.95,0,EXCLUDE,0.95,5,5,Q352,Adolf Hitler,P1343,described by source,Oskar Reichel --owner of--> Two Nudes (Lovers) --owned by--> E. & A. Silberman Galleries --owner of--> Cupid complaining to Venus --owned by--> Adolf Hitler --described by source--> Internet Archive
row1443,Q55680361|Q106866308,Q55680361,Oskar Reichel,Q106866308,Figures in a Landscape,1,1,INCLUDE,0.95,1,INCLUDE,0.95,5,5,Q21078532,G. David Thompson,P1830,owner of,Oskar Reichel --owner of--> Two Nudes (Lovers) --owned by--> E. & A. Silberman Galleries --owner of--> Two Nudes --owned by--> G. David Thompson --owner of--> Figures in a Landscape
row1463,Q55680361|Q76433,Q55680361,Oskar Reichel,Q76433,Eva Braun,0,0,EXCLUDE,0.95,0,EXCLUDE,0.95,5,5,Q352,Adolf Hitler,P26,spouse,Oskar Reichel --owner of--> Two Nudes (Lovers) --owned by--> E. & A. Silberman Galleries --owner of--> Cupid complaining to Venus --owned by--> Adolf Hitler --spouse--> Eva Braun
row1545,Q55680361|Q1607826,Q55680361,Oskar Reichel,Q1607826,editor,0,0,EXCLUDE,0.95,0,EXCLUDE,0.95,5,5,Q4904268,Curt Valentin,P106,occupation,Oskar Reichel --owner of--> Two Nudes (Lovers) --owned by--> E. & A. Silberman Galleries --owner of--> Doctor Emma Veronika Sanders --owned by--> Curt Valentin --occupation--> editor
row1660,Q55680361|Q19883783,Q55680361,Oskar Reichel,Q19883783,Composition with Color Planes 5,1,1,INCLUDE,0.95,1,INCLUDE,0.95,5,5,Q21078532,G. David Thompson,P1830,owner of,Oskar Reichel --owner of--> Two Nudes (Lovers) --owned by--> E. & A. Silberman Galleries --owner of--> Two Nudes --owned by--> G. David Thompson --owner of--> Composition with Color Planes 5
row1752,Q55680361|Q106849354,Q55680361,Oskar Reichel,Q106849354,Cataract of Figures,1,1,INCLUDE,0.95,1,INCLUDE,0.95,5,5,Q21078532,G. David Thompson,P1830,owner of,Oskar Reichel --owner of--> Two Nudes (Lovers) --owned by--> E. & A. Silberman Galleries --owner of--> Two Nudes --owned by--> G. David Thompson --owner of--> Cataract of Figures
row1777,Q55680361|Q43845,Q55680361,Oskar Reichel,Q43845,businessperson,0,0,EXCLUDE,0.95,0,EXCLUDE,0.95,5,5,Q1871838,Louis M. Rabinowitz,P106,occupation,"Oskar Reichel --owner of--> Two Nudes (Lovers) --owned by--> E. & A. Silberman Galleries --owner of--> Polymnia, the Muse of Sacred Hymn --owned by--> Louis M. Rabinowitz --occupation--> businessperson"
row1850,Q55680361|Q20276076,Q55680361,Oskar Reichel,Q20276076,Bathers by a River,1,1,INCLUDE,0.95,1,INCLUDE,0.95,5,5,Q17421703,Henry Pearlman,P1830,owner of,Oskar Reichel --owner of--> Two Nudes (Lovers) --owned by--> E. & A. Silberman Galleries --owner of--> Doctor Emma Veronika Sanders --owned by--> Henry Pearlman --owner of--> Bathers by a River
row1857,Q55680361|Q806798,Q55680361,Oskar Reichel,Q806798,banker,0,0,EXCLUDE,0.95,0,EXCLUDE,0.95,5,5,Q21078532,G. David Thompson,P106,occupation,Oskar Reichel --owner of--> Two Nudes (Lovers) --owned by--> E. & A. Silberman Galleries --owner of--> Two Nudes --owned by--> G. David Thompson --occupation--> banker
row2066,Q55680361|Q60045,Q55680361,Oskar Reichel,Q60045,Albert Speer,0,0,EXCLUDE,0.9,0,EXCLUDE,0.9,5,5,Q352,Adolf Hitler,P3342,significant person,Oskar Reichel --owner of--> Two Nudes (Lovers) --owned by--> E. & A. Silberman Galleries --owner of--> Cupid complaining to Venus --owned by--> Adolf Hitler --significant person--> Albert Speer
row2102,Q55680361|Q12842489,Q55680361,Oskar Reichel,Q12842489,A Centennial of Independence,1,1,INCLUDE,0.95,1,INCLUDE,0.95,5,5,Q74128,Alfred Flechtheim,P1830,owner of,Oskar Reichel --owner of--> Two Nudes (Lovers) --owned by--> E. & A. Silberman Galleries --owner of--> Violin and Grapes --owned by--> Alfred Flechtheim --owner of--> A Centennial of Independence
row36,Q657415|Q68074438,Q657415,Cleveland Museum of Art,Q68074438,WikiProject Livius,0,0,EXCLUDE,0.95,0,EXCLUDE,0.95,1,1,Q657415,Cleveland Museum of Art,P5008,on focus list of Wikimedia project,Cleveland Museum of Art --on focus list of Wikimedia project--> WikiProject Livius
row425,Q657415|Q73357989,Q657415,Cleveland Museum of Art,Q73357989,Survey of GLAM open access policy and practice,0,0,EXCLUDE,0.95,0,EXCLUDE,0.95,1,1,Q657415,Cleveland Museum of Art,P1343,described by source,Cleveland Museum of Art --described by source--> Survey of GLAM open access policy and practice
row832,Q657415|Q176251,Q657415,Cleveland Museum of Art,Q176251,Thyssen-Bornemisza Museum,1,1,INCLUDE,0.98,1,INCLUDE,0.98,2,2,Q27096203,Saint John the Baptist,P127,owned by,Cleveland Museum of Art --owner of--> Saint John the Baptist --owned by--> Thyssen-Bornemisza Museum
row74,Q657415|Q3181656,Q657415,Cleveland Museum of Art,Q3181656,The Nuttall Encyclopædia,0,0,PRUNED_BY_ANCESTOR,,0,EXCLUDE,0.95,3,3,Q1297822,copyright,P1343,described by source,Cleveland Museum of Art --described by source--> Survey of GLAM open access policy and practice --main subject--> copyright --described by source--> The Nuttall Encyclopædia
row102,Q657415|Q19180675,Q657415,Cleveland Museum of Art,Q19180675,Small Brockhaus and Efron Encyclopedic Dictionary,0,0,EXCLUDE,0.95,0,EXCLUDE,0.95,3,3,Q40662,John the Baptist,P1343,described by source,Cleveland Museum of Art --owner of--> Saint John the Baptist --main subject--> John the Baptist --described by source--> Small Brockhaus and Efron Encyclopedic Dictionary
row199,Q657415|Q106727050,Q657415,Cleveland Museum of Art,Q106727050,Metropolitan Museum of Art Tagging Vocabulary,1,0,EXCLUDE,0.9,0,EXCLUDE,0.9,3,3,Q40662,John the Baptist,P1343,described by source,Cleveland Museum of Art --owner of--> Saint John the Baptist --main subject--> John the Baptist --described by source--> Metropolitan Museum of Art Tagging Vocabulary
row204,Q657415|Q20026460,Q657415,Cleveland Museum of Art,Q20026460,Interior with a Woman sewing and a Child,1,1,INCLUDE,0.95,1,INCLUDE,0.95,3,3,Q176251,Thyssen-Bornemisza Museum,P1830,owner of,Cleveland Museum of Art --owner of--> Saint John the Baptist --owned by--> Thyssen-Bornemisza Museum --owner of--> Interior with a Woman sewing and a Child
row245,Q657415|Q19098835,Q657415,Cleveland Museum of Art,Q19098835,Library of the World's Best Literature,0,0,EXCLUDE,0.95,0,EXCLUDE,0.95,3,3,Q4483821,James Thomas Fields,P1343,described by source,Cleveland Museum of Art --owner of--> The Brierwood Pipe --owned by--> James Thomas Fields --described by source--> Library of the World's Best Literature
row318,Q657415|Q20078554,Q657415,Cleveland Museum of Art,Q20078554,Great Soviet Encyclopedia (1926–1947),0,0,EXCLUDE,0.95,0,EXCLUDE,0.95,3,3,Q40662,John the Baptist,P1343,described by source,Cleveland Museum of Art --owner of--> Saint John the Baptist --main subject--> John the Baptist --described by source--> Great Soviet Encyclopedia (1926–1947)
row361,Q657415|Q49757,Q657415,Cleveland Museum of Art,Q49757,poet,0,0,EXCLUDE,0.95,0,EXCLUDE,0.95,3,3,Q4483821,James Thomas Fields,P106,occupation,Cleveland Museum of Art --owner of--> The Brierwood Pipe --owned by--> James Thomas Fields --occupation--> poet
row368,Q657415|Q867541,Q657415,Cleveland Museum of Art,Q867541,Encyclopædia Britannica 11th edition,0,0,EXCLUDE,0.95,0,EXCLUDE,0.95,3,3,Q40662,John the Baptist,P1343,described by source,Cleveland Museum of Art --owner of--> Saint John the Baptist --main subject--> John the Baptist --described by source--> Encyclopædia Britannica 11th edition
row431,Q657415|Q302556,Q657415,Cleveland Museum of Art,Q302556,Catholic Encyclopedia,0,0,EXCLUDE,0.95,0,EXCLUDE,0.95,3,3,Q40662,John the Baptist,P1343,described by source,Cleveland Museum of Art --owner of--> Saint John the Baptist --main subject--> John the Baptist --described by source--> Catholic Encyclopedia
row463,Q657415|Q602358,Q657415,Cleveland Museum of Art,Q602358,Brockhaus and Efron Encyclopedic Dictionary,0,0,PRUNED_BY_ANCESTOR,,0,EXCLUDE,0.95,3,3,Q1297822,copyright,P1343,described by source,Cleveland Museum of Art --described by source--> Survey of GLAM open access policy and practice --main subject--> copyright --described by source--> Brockhaus and Efron Encyclopedic Dictionary
row514,Q657415|Q106787730,Q657415,Cleveland Museum of Art,Q106787730,American Women Writers,0,0,EXCLUDE,0.95,0,EXCLUDE,0.95,3,3,Q566895,Annie Adams Fields,P1343,described by source,Cleveland Museum of Art --owner of--> The Brierwood Pipe --owned by--> Annie Adams Fields --described by source--> American Women Writers
row546,Q657415|Q139464,Q657415,Cleveland Museum of Art,Q139464,Zachary,0,0,EXCLUDE,0.95,0,EXCLUDE,0.95,3,3,Q40662,John the Baptist,P22,father,Cleveland Museum of Art --owner of--> Saint John the Baptist --main subject--> John the Baptist --father--> Zachary
row569,Q657415|Q36180,Q657415,Cleveland Museum of Art,Q36180,writer,0,0,EXCLUDE,0.95,0,EXCLUDE,0.95,3,3,Q4483821,James Thomas Fields,P106,occupation,Cleveland Museum of Art --owner of--> The Brierwood Pipe --owned by--> James Thomas Fields --occupation--> writer
row1608,Q657415|Q18939491,Q657415,Cleveland Museum of Art,Q18939491,diarist,0,0,EXCLUDE,0.95,0,EXCLUDE,0.95,3,3,Q566895,Annie Adams Fields,P106,occupation,Cleveland Museum of Art --owner of--> The Brierwood Pipe --owned by--> Annie Adams Fields --occupation--> diarist
row1810,Q657415|Q864380,Q657415,Cleveland Museum of Art,Q864380,biographer,0,0,EXCLUDE,0.95,0,EXCLUDE,0.95,3,3,Q566895,Annie Adams Fields,P106,occupation,Cleveland Museum of Art --owner of--> The Brierwood Pipe --owned by--> Annie Adams Fields --occupation--> biographer
row1816,Q657415|Q4086271,Q657415,Cleveland Museum of Art,Q4086271,Bible Encyclopedia of Archimandrite Nicephorus,0,0,EXCLUDE,0.95,0,EXCLUDE,0.95,3,3,Q40662,John the Baptist,P1343,described by source,Cleveland Museum of Art --owner of--> Saint John the Baptist --main subject--> John the Baptist --described by source--> Bible Encyclopedia of Archimandrite Nicephorus
row1944,Q657415|Q10732476,Q657415,Cleveland Museum of Art,Q10732476,art collector,1,1,INCLUDE,0.85,1,INCLUDE,0.85,3,3,Q28311710,Helen Foster,P106,occupation,Cleveland Museum of Art --owner of--> The Brierwood Pipe --owned by--> Helen Foster --occupation--> art collector
row205,Q657415|Q432,Q657415,Cleveland Museum of Art,Q432,Islam,0,0,EXCLUDE,0.95,0,EXCLUDE,0.95,4,4,Q18517268,Islamskij èncikloprdičeskij slovar',P921,main subject,Cleveland Museum of Art --owner of--> Saint John the Baptist --main subject--> John the Baptist --described by source--> Islamskij èncikloprdičeskij slovar' --main subject--> Islam
row640,Q657415|Q98970039,Q657415,Cleveland Museum of Art,Q98970039,WikiProject PCC Wikidata Pilot/University of Washington,0,0,PRUNED_BY_ANCESTOR,,0,EXCLUDE,0.95,4,4,Q36180,writer,P5008,on focus list of Wikimedia project,Cleveland Museum of Art --owner of--> The Brierwood Pipe --owned by--> James Thomas Fields --occupation--> writer --on focus list of Wikimedia project--> WikiProject PCC Wikidata Pilot/University of Washington
row760,Q657415|Q2567431,Q657415,Cleveland Museum of Art,Q2567431,View of Dordrecht,1,1,INCLUDE,0.95,1,INCLUDE,0.95,4,4,Q127564,Jacques Goudstikker,P1830,owner of,Cleveland Museum of Art --owner of--> Saint John the Baptist --owned by--> Jacques Goudstikker collection --owned by--> Jacques Goudstikker --owner of--> View of Dordrecht
row1535,Q657415|Q28065291,Q657415,Cleveland Museum of Art,Q28065291,Edouard von Saher,1,1,INCLUDE,0.9,1,INCLUDE,0.9,4,4,Q127564,Jacques Goudstikker,P40,child,Cleveland Museum of Art --owner of--> Saint John the Baptist --owned by--> Jacques Goudstikker collection --owned by--> Jacques Goudstikker --child--> Edouard von Saher
row384,Q657415|Q512314,Q657415,Cleveland Museum of Art,Q512314,socialite,0,0,EXCLUDE,0.95,0,EXCLUDE,0.95,5,5,Q433144,Carmen Cervera,P106,occupation,Cleveland Museum of Art --owner of--> Saint John the Baptist --owned by--> Thyssen-Bornemisza Museum --owner of--> Company in an interior eating oysters --owned by--> Carmen Cervera --occupation--> socialite
row474,Q657415|Q98281053,Q657415,Cleveland Museum of Art,Q98281053,biografiA: Lexikon österreichischer Frauen,0,0,EXCLUDE,0.9,0,EXCLUDE,0.9,5,5,Q1960833,Désirée Louise Anna Ernestine von Halban,P1343,described by source,Cleveland Museum of Art --owner of--> Saint John the Baptist --owned by--> Jacques Goudstikker collection --owned by--> Jacques Goudstikker --spouse--> Désirée Louise Anna Ernestine von Halban --described by source--> biografiA: Lexikon österreichischer Frauen
row624,Q657415|Q76371779,Q657415,Cleveland Museum of Art,Q76371779,Wilfred Alexander von Thyssen-Bornemisza,1,1,INCLUDE,0.8,1,INCLUDE,0.8,5,5,Q670075,Hans Heinrich Thyssen-Bornemisza,P40,child,Cleveland Museum of Art --owner of--> Saint John the Baptist --owned by--> Thyssen-Bornemisza Museum --owner of--> Company in an interior eating oysters --owned by--> Hans Heinrich Thyssen-Bornemisza --child--> Wilfred Alexander von Thyssen-Bornemisza
row834,Q657415|Q21753940,Q657415,Cleveland Museum of Art,Q21753940,Thyssen-Bornemisza family Collection,1,1,INCLUDE,0.95,1,INCLUDE,0.95,5,5,Q670075,Hans Heinrich Thyssen-Bornemisza,P1830,owner of,Cleveland Museum of Art --owner of--> Saint John the Baptist --owned by--> Thyssen-Bornemisza Museum --owner of--> Company in an interior eating oysters --owned by--> Hans Heinrich Thyssen-Bornemisza --owner of--> Thyssen-Bornemisza family Collection
row949,Q657415|Q190804,Q657415,Cleveland Museum of Art,Q190804,Rijksmuseum,1,1,INCLUDE,0.95,1,INCLUDE,0.95,5,5,Q20631541,The Resurrection of Christ,P127,owned by,Cleveland Museum of Art --owner of--> Saint John the Baptist --owned by--> Jacques Goudstikker collection --owned by--> Jacques Goudstikker --owner of--> The Resurrection of Christ --owned by--> Rijksmuseum
row1096,Q657415|Q12362622,Q657415,Cleveland Museum of Art,Q12362622,philanthropist,0,0,EXCLUDE,0.95,0,EXCLUDE,0.95,5,5,Q433144,Carmen Cervera,P106,occupation,Cleveland Museum of Art --owner of--> Saint John the Baptist --owned by--> Thyssen-Bornemisza Museum --owner of--> Company in an interior eating oysters --owned by--> Carmen Cervera --occupation--> philanthropist
row1231,Q657415|Q47906,Q657415,Cleveland Museum of Art,Q47906,Hermann Göring,1,1,INCLUDE,0.99,1,INCLUDE,0.99,5,5,Q20631541,The Resurrection of Christ,P127,owned by,Cleveland Museum of Art --owner of--> Saint John the Baptist --owned by--> Jacques Goudstikker collection --owned by--> Jacques Goudstikker --owner of--> The Resurrection of Christ --owned by--> Hermann Göring
row1732,Q657415|Q5074681,Q657415,Cleveland Museum of Art,Q5074681,Charlene von Saher,1,1,INCLUDE,0.9,1,INCLUDE,0.9,5,5,Q28065291,Edouard von Saher,P40,child,Cleveland Museum of Art --owner of--> Saint John the Baptist --owned by--> Jacques Goudstikker collection --owned by--> Jacques Goudstikker --child--> Edouard von Saher --child--> Charlene von Saher
row1750,Q657415|Q36450,Q657415,Cleveland Museum of Art,Q36450,Catherine II of Russia,0,1,INCLUDE,0.85,1,INCLUDE,0.85,5,5,Q20651048,View of Nyenrode Castle,P127,owned by,Cleveland Museum of Art --owner of--> Saint John the Baptist --owned by--> Jacques Goudstikker collection --owned by--> Jacques Goudstikker --owner of--> View of Nyenrode Castle --owned by--> Catherine II of Russia
row1756,Q657415|Q16986324,Q657415,Cleveland Museum of Art,Q16986324,Catalog of the paintings on show at the Rijksmuseum in 1956,1,1,INCLUDE,0.85,1,INCLUDE,0.85,5,5,Q20177276,River Landscape with Ferry,P1343,described by source,Cleveland Museum of Art --owner of--> Saint John the Baptist --owned by--> Jacques Goudstikker collection --owned by--> Jacques Goudstikker --owner of--> River Landscape with Ferry --described by source--> Catalog of the paintings on show at the Rijksmuseum in 1956
row2089,Q657415|Q33999,Q657415,Cleveland Museum of Art,Q33999,actor,0,0,EXCLUDE,0.95,0,EXCLUDE,0.95,5,5,Q433144,Carmen Cervera,P106,occupation,Cleveland Museum of Art --owner of--> Saint John the Baptist --owned by--> Thyssen-Bornemisza Museum --owner of--> Company in an interior eating oysters --owned by--> Carmen Cervera --occupation--> actor
row1009,Q666331|Q82955,Q666331,Foundation E.G. Bührle Collection,Q82955,politician,0,0,EXCLUDE,0.95,0,EXCLUDE,0.95,3,3,Q3022585,Marquis de Lacaze,P106,occupation,Foundation E.G. Bührle Collection --owner of--> Portrait of a man --owned by--> Marquis de Lacaze --occupation--> politician
row1924,Q666331|Q10732476,Q666331,Foundation E.G. Bührle Collection,Q10732476,art collector,1,1,INCLUDE,0.95,1,INCLUDE,0.95,3,3,Q3022585,Marquis de Lacaze,P106,occupation,Foundation E.G. Bührle Collection --owner of--> Portrait of a man --owned by--> Marquis de Lacaze --occupation--> art collector
row16,Q69860245|Q98801351,Q69860245,Mór Lipót Herzog,Q98801351,WikiProject Provenance,1,1,INCLUDE,0.98,1,INCLUDE,0.98,1,1,Q69860245,Mór Lipót Herzog,P5008,on focus list of Wikimedia project,Mór Lipót Herzog --on focus list of Wikimedia project--> WikiProject Provenance
row1775,Q69860245|Q43845,Q69860245,Mór Lipót Herzog,Q43845,businessperson,0,0,EXCLUDE,0.9,0,EXCLUDE,0.9,1,1,Q69860245,Mór Lipót Herzog,P106,occupation,Mór Lipót Herzog --occupation--> businessperson
row1855,Q69860245|Q806798,Q69860245,Mór Lipót Herzog,Q806798,banker,0,0,EXCLUDE,0.85,0,EXCLUDE,0.85,1,1,Q69860245,Mór Lipót Herzog,P106,occupation,Mór Lipót Herzog --occupation--> banker
row1931,Q69860245|Q10732476,Q69860245,Mór Lipót Herzog,Q10732476,art collector,1,1,INCLUDE,0.95,1,INCLUDE,0.95,1,1,Q69860245,Mór Lipót Herzog,P106,occupation,Mór Lipót Herzog --occupation--> art collector
row147,Q69860245|Q1768721,Q69860245,Mór Lipót Herzog,Q1768721,Gujin Tushu Jicheng,0,0,PRUNED_BY_ANCESTOR,,0,EXCLUDE,0.95,2,2,Q43845,businessperson,P1343,described by source,Mór Lipót Herzog --occupation--> businessperson --described by source--> Gujin Tushu Jicheng
row464,Q69860245|Q3518553,Q69860245,Mór Lipót Herzog,Q3518553,a parcel of property land,0,0,EXCLUDE,0.95,0,EXCLUDE,0.95,2,2,Q1549283,large estate owner,P1830,owner of,Mór Lipót Herzog --occupation--> large estate owner --owner of--> a parcel of property land
row249,Q74128|Q49870534,Q74128,Alfred Flechtheim,Q49870534,Madame Cézanne in a Red Dress,1,1,INCLUDE,1.0,1,INCLUDE,1.0,1,1,Q74128,Alfred Flechtheim,P1830,owner of,Alfred Flechtheim --owner of--> Madame Cézanne in a Red Dress
row636,Q74128|Q98801351,Q74128,Alfred Flechtheim,Q98801351,WikiProject Provenance,1,1,INCLUDE,0.95,1,INCLUDE,0.95,1,1,Q74128,Alfred Flechtheim,P5008,on focus list of Wikimedia project,Alfred Flechtheim --on focus list of Wikimedia project--> WikiProject Provenance
row735,Q74128|Q7933396,Q74128,Alfred Flechtheim,Q7933396,Violin and Grapes,1,1,INCLUDE,1.0,1,INCLUDE,1.0,1,1,Q74128,Alfred Flechtheim,P1830,owner of,Alfred Flechtheim --owner of--> Violin and Grapes
row793,Q74128|Q26221176,Q74128,Alfred Flechtheim,Q26221176,Two Poplars in the Alpilles near Saint-Rémy,1,1,INCLUDE,1.0,1,INCLUDE,1.0,1,1,Q74128,Alfred Flechtheim,P1830,owner of,Alfred Flechtheim --owner of--> Two Poplars in the Alpilles near Saint-Rémy
row864,Q74128|Q104585989,Q74128,Alfred Flechtheim,Q104585989,The Two Brothers,1,1,INCLUDE,1.0,1,INCLUDE,1.0,1,1,Q74128,Alfred Flechtheim,P1830,owner of,Alfred Flechtheim --owner of--> The Two Brothers
row897,Q74128|Q60474736,Q74128,Alfred Flechtheim,Q60474736,The Aviator,1,1,INCLUDE,1.0,1,INCLUDE,1.0,1,1,Q74128,Alfred Flechtheim,P1830,owner of,Alfred Flechtheim --owner of--> The Aviator
row904,Q74128|Q24022779,Q74128,Alfred Flechtheim,Q24022779,Still Life: Potatoes in a Yellow Dish,1,1,INCLUDE,1.0,1,INCLUDE,1.0,1,1,Q74128,Alfred Flechtheim,P1830,owner of,Alfred Flechtheim --owner of--> Still Life: Potatoes in a Yellow Dish
row920,Q74128|Q105582344,Q74128,Alfred Flechtheim,Q105582344,Self-portrait as a clown,1,1,INCLUDE,1.0,1,INCLUDE,1.0,1,1,Q74128,Alfred Flechtheim,P1830,owner of,Alfred Flechtheim --owner of--> Self-portrait as a clown
row965,Q74128|Q131572,Q74128,Alfred Flechtheim,Q131572,refugee,1,0,EXCLUDE,0.8,0,EXCLUDE,0.8,1,1,Q74128,Alfred Flechtheim,P106,occupation,Alfred Flechtheim --occupation--> refugee
row966,Q74128|Q131572,Q74128,Alfred Flechtheim,Q131572,refugee,1,0,EXCLUDE,0.8,0,EXCLUDE,0.8,1,1,Q74128,Alfred Flechtheim,P106,occupation,Alfred Flechtheim --occupation--> refugee
row1796,Q74128|Q109354198,Q74128,Alfred Flechtheim,Q109354198,Boy Holding a Blue Vase,1,1,INCLUDE,1.0,1,INCLUDE,1.0,1,1,Q74128,Alfred Flechtheim,P1830,owner of,Alfred Flechtheim --owner of--> Boy Holding a Blue Vase
row1821,Q74128|Q94764626,Q74128,Alfred Flechtheim,Q94764626,Bertha Flechtheim,1,1,INCLUDE,0.9,1,INCLUDE,0.9,1,1,Q74128,Alfred Flechtheim,P26,spouse,Alfred Flechtheim --spouse--> Bertha Flechtheim
row1903,Q74128|Q1792450,Q74128,Alfred Flechtheim,Q1792450,art historian,1,1,INCLUDE,0.85,1,INCLUDE,0.85,1,1,Q74128,Alfred Flechtheim,P106,occupation,Alfred Flechtheim --occupation--> art historian
row1917,Q74128|Q173950,Q74128,Alfred Flechtheim,Q173950,art dealer,1,1,INCLUDE,0.95,1,INCLUDE,0.95,1,1,Q74128,Alfred Flechtheim,P106,occupation,Alfred Flechtheim --occupation--> art dealer
row1943,Q74128|Q10732476,Q74128,Alfred Flechtheim,Q10732476,art collector,1,1,INCLUDE,0.95,1,INCLUDE,0.95,1,1,Q74128,Alfred Flechtheim,P106,occupation,Alfred Flechtheim --occupation--> art collector
row2103,Q74128|Q12842489,Q74128,Alfred Flechtheim,Q12842489,A Centennial of Independence,1,1,INCLUDE,1.0,1,INCLUDE,1.0,1,1,Q74128,Alfred Flechtheim,P1830,owner of,Alfred Flechtheim --owner of--> A Centennial of Independence
row37,Q74128|Q13382529,Q74128,Alfred Flechtheim,Q13382529,WikiProject about human rights,0,0,PRUNED_BY_ANCESTOR,,0,EXCLUDE,0.95,2,2,Q131572,refugee,P5008,on focus list of Wikimedia project,Alfred Flechtheim --occupation--> refugee --on focus list of Wikimedia project--> WikiProject Human rights
row503,Q74128|Q2657718,Q74128,Alfred Flechtheim,Q2657718,Armenian Soviet Encyclopedia,0,0,PRUNED_BY_ANCESTOR,,0,EXCLUDE,0.95,2,2,Q131572,refugee,P1343,described by source,Alfred Flechtheim --occupation--> refugee --described by source--> Armenian Soviet Encyclopedia
row619,Q74128|Q19754135,Q74128,Alfred Flechtheim,Q19754135,Willem Steenhoff,1,1,INCLUDE,0.95,1,INCLUDE,0.95,2,2,Q26221176,Two Poplars in the Alpilles near Saint-Rémy,P127,owned by,Alfred Flechtheim --owner of--> Two Poplars in the Alpilles near Saint-Rémy --owned by--> Willem Steenhoff
row622,Q74128|Q69574,Q74128,Alfred Flechtheim,Q69574,Wilhelm Uhde,1,1,INCLUDE,0.95,1,INCLUDE,0.95,2,2,Q12842489,A Centennial of Independence,P127,owned by,Alfred Flechtheim --owner of--> A Centennial of Independence --owned by--> Wilhelm Uhde
row925,Q74128|Q19308411,Q74128,Alfred Flechtheim,Q19308411,Sam Salz,1,1,INCLUDE,1.0,1,INCLUDE,1.0,2,2,Q26221176,Two Poplars in the Alpilles near Saint-Rémy,P127,owned by,Alfred Flechtheim --owner of--> Two Poplars in the Alpilles near Saint-Rémy --owned by--> Sam Salz
row931,Q74128|Q19006298,Q74128,Alfred Flechtheim,Q19006298,Rudolf Staechelin,1,1,INCLUDE,1.0,1,INCLUDE,1.0,2,2,Q104585989,The Two Brothers,P127,owned by,Alfred Flechtheim --owner of--> The Two Brothers --owned by--> Rudolf Staechelin
row971,Q74128|Q1773840,Q74128,Alfred Flechtheim,Q1773840,provenance,1,1,INCLUDE,0.9,1,INCLUDE,0.9,2,2,Q98801351,WikiProject Provenance,P921,main subject,Alfred Flechtheim --on focus list of Wikimedia project--> WikiProject Provenance --main subject--> provenance
row973,Q74128|Q768717,Q74128,Alfred Flechtheim,Q768717,private collection,1,1,INCLUDE,0.8,1,INCLUDE,0.8,2,2,Q12842489,A Centennial of Independence,P127,owned by,Alfred Flechtheim --owner of--> A Centennial of Independence --owned by--> private collection
row1156,Q74128|Q108580850,Q74128,Alfred Flechtheim,Q108580850,Max Kofler,1,1,INCLUDE,1.0,1,INCLUDE,1.0,2,2,Q60474736,The Aviator,P127,owned by,Alfred Flechtheim --owner of--> The Aviator --owned by--> Max Kofler
row1157,Q74128|Q109227939,Q74128,Alfred Flechtheim,Q109227939,Martha Suermondt,1,1,INCLUDE,1.0,1,INCLUDE,1.0,2,2,Q12842489,A Centennial of Independence,P127,owned by,Alfred Flechtheim --owner of--> A Centennial of Independence --owned by--> Martha Suermondt
row1177,Q74128|Q47153187,Q74128,Alfred Flechtheim,Q47153187,Leonard C. Hanna Jr.,1,1,INCLUDE,1.0,1,INCLUDE,1.0,2,2,Q26221176,Two Poplars in the Alpilles near Saint-Rémy,P127,owned by,Alfred Flechtheim --owner of--> Two Poplars in the Alpilles near Saint-Rémy --owned by--> Leonard C. Hanna Jr.
row1184,Q74128|Q6419949,Q74128,Alfred Flechtheim,Q6419949,Klaus Perls,1,1,INCLUDE,1.0,1,INCLUDE,1.0,2,2,Q60474736,The Aviator,P127,owned by,Alfred Flechtheim --owner of--> The Aviator --owned by--> Klaus Perls
row1186,Q74128|Q74432,Q74128,Alfred Flechtheim,Q74432,Karl Ernst Osthaus,1,1,INCLUDE,1.0,1,INCLUDE,1.0,2,2,Q12842489,A Centennial of Independence,P127,owned by,Alfred Flechtheim --owner of--> A Centennial of Independence --owned by--> Karl Ernst Osthaus
row1188,Q74128|Q60010460,Q74128,Alfred Flechtheim,Q60010460,Kahnweiler gallery,1,1,INCLUDE,1.0,1,INCLUDE,1.0,2,2,Q7933396,Violin and Grapes,P127,owned by,Alfred Flechtheim --owner of--> Violin and Grapes --owned by--> Kahnweiler gallery
row1194,Q74128|Q2554450,Q74128,Alfred Flechtheim,Q2554450,Johanna van Gogh-Bonger,1,1,INCLUDE,1.0,1,INCLUDE,1.0,2,2,Q26221176,Two Poplars in the Alpilles near Saint-Rémy,P127,owned by,Alfred Flechtheim --owner of--> Two Poplars in the Alpilles near Saint-Rémy --owned by--> Johanna van Gogh-Bonger
row1207,Q74128|Q731126,Q74128,Alfred Flechtheim,Q731126,J. Paul Getty Museum,1,1,INCLUDE,1.0,1,INCLUDE,1.0,2,2,Q12842489,A Centennial of Independence,P127,owned by,Alfred Flechtheim --owner of--> A Centennial of Independence --owned by--> J. Paul Getty Museum
row1241,Q74128|Q58328672,Q74128,Alfred Flechtheim,Q58328672,Harry G. Sperling,1,1,INCLUDE,1.0,1,INCLUDE,1.0,2,2,Q26221176,Two Poplars in the Alpilles near Saint-Rémy,P127,owned by,Alfred Flechtheim --owner of--> Two Poplars in the Alpilles near Saint-Rémy --owned by--> Harry G. Sperling
row1530,Q74128|Q33011974,Q74128,Alfred Flechtheim,Q33011974,Edwin Suermondt,1,1,INCLUDE,1.0,1,INCLUDE,1.0,2,2,Q12842489,A Centennial of Independence,P127,owned by,Alfred Flechtheim --owner of--> A Centennial of Independence --owned by--> Edwin Suermondt
row1556,Q74128|Q13575004,Q74128,Alfred Flechtheim,Q13575004,E. & A. Silberman Galleries,1,1,INCLUDE,1.0,1,INCLUDE,1.0,2,2,Q7933396,Violin and Grapes,P127,owned by,Alfred Flechtheim --owner of--> Violin and Grapes --owned by--> E. & A. Silberman Galleries
row1687,Q74128|Q657415,Q74128,Alfred Flechtheim,Q657415,Cleveland Museum of Art,1,1,INCLUDE,1.0,1,INCLUDE,1.0,2,2,Q26221176,Two Poplars in the Alpilles near Saint-Rémy,P127,owned by,Alfred Flechtheim --owner of--> Two Poplars in the Alpilles near Saint-Rémy --owned by--> Cleveland Museum of Art
row1698,Q74128|Q12306176,Q74128,Alfred Flechtheim,Q12306176,Christian Tetzen-Lund,1,1,INCLUDE,1.0,1,INCLUDE,1.0,2,2,Q7933396,Violin and Grapes,P127,owned by,Alfred Flechtheim --owner of--> Violin and Grapes --owned by--> Christian Tetzen-Lund
row2055,Q74128|Q23062739,Q74128,Alfred Flechtheim,Q23062739,Alex Vömel,1,1,INCLUDE,1.0,1,INCLUDE,1.0,2,2,Q12842489,A Centennial of Independence,P127,owned by,Alfred Flechtheim --owner of--> A Centennial of Independence --owned by--> Alex Vömel
row10,Q74128|Q36180,Q74128,Alfred Flechtheim,Q36180,writer,0,0,EXCLUDE,0.9,0,EXCLUDE,0.9,3,3,Q69574,Wilhelm Uhde,P106,occupation,Alfred Flechtheim --owner of--> A Centennial of Independence --owned by--> Wilhelm Uhde --occupation--> writer
row35,Q74128|Q68074438,Q74128,Alfred Flechtheim,Q68074438,WikiProject Livius,0,0,EXCLUDE,1.0,0,EXCLUDE,1.0,3,3,Q657415,Cleveland Museum of Art,P5008,on focus list of Wikimedia project,Alfred Flechtheim --owner of--> Two Poplars in the Alpilles near Saint-Rémy --owned by--> Cleveland Museum of Art --on focus list of Wikimedia project--> WikiProject Livius
row158,Q74128|Q1573212,Q74128,Alfred Flechtheim,Q1573212,Hamburg Biographies,0,0,EXCLUDE,0.9,0,EXCLUDE,0.9,3,3,Q69574,Wilhelm Uhde,P1343,described by source,Alfred Flechtheim --owner of--> A Centennial of Independence --owned by--> Wilhelm Uhde --described by source--> Hamburg Biographies
row165,Q74128|Q58433306,Q74128,Alfred Flechtheim,Q58433306,"Hans Haacke,Framing and Being Framed: 7 Works, 1970–75",1,1,INCLUDE,0.7,1,INCLUDE,0.7,3,3,Q1773840,provenance,P1343,described by source,"Alfred Flechtheim --on focus list of Wikimedia project--> WikiProject Provenance --main subject--> provenance --described by source--> Hans Haacke,Framing and Being Framed: 7 Works, 1970–75"
row303,Q74128|Q67311526,Q74128,Alfred Flechtheim,Q67311526,Obalky knih.cz,0,0,EXCLUDE,0.95,0,EXCLUDE,0.95,3,3,Q69574,Wilhelm Uhde,P1343,described by source,Alfred Flechtheim --owner of--> A Centennial of Independence --owned by--> Wilhelm Uhde --described by source--> Obalky knih.cz
row380,Q74128|Q27096203,Q74128,Alfred Flechtheim,Q27096203,Saint John the Baptist,1,1,INCLUDE,0.8,1,INCLUDE,0.8,3,3,Q657415,Cleveland Museum of Art,P1830,owner of,Alfred Flechtheim --owner of--> Two Poplars in the Alpilles near Saint-Rémy --owned by--> Cleveland Museum of Art --owner of--> Saint John the Baptist
row386,Q74128|Q67138112,Q74128,Alfred Flechtheim,Q67138112,Dolly Perls,1,1,INCLUDE,0.85,1,INCLUDE,0.85,3,3,Q6419949,Klaus Perls,P26,spouse,Alfred Flechtheim --owner of--> The Aviator --owned by--> Klaus Perls --spouse--> Dolly Perls
row424,Q74128|Q73357989,Q74128,Alfred Flechtheim,Q73357989,Survey of GLAM open access policy and practice,0,0,EXCLUDE,0.95,0,EXCLUDE,0.95,3,3,Q657415,Cleveland Museum of Art,P1343,described by source,Alfred Flechtheim --owner of--> Two Poplars in the Alpilles near Saint-Rémy --owned by--> Cleveland Museum of Art --described by source--> Survey of GLAM open access policy and practice
row536,Q74128|Q104694359,Q74128,Alfred Flechtheim,Q104694359,WikiProject PCC Wikidata Pilot/Frick Art Reference Library,0,0,EXCLUDE,0.8,0,EXCLUDE,0.8,3,3,Q19308411,Sam Salz,P5008,on focus list of Wikimedia project,Alfred Flechtheim --owner of--> Two Poplars in the Alpilles near Saint-Rémy --owned by--> Sam Salz --on focus list of Wikimedia project--> WikiProject PCC Wikidata Pilot/Frick Art Reference Library
row568,Q74128|Q36180,Q74128,Alfred Flechtheim,Q36180,writer,0,0,EXCLUDE,0.9,0,EXCLUDE,0.95,3,3,Q69574,Wilhelm Uhde,P106,occupation,Alfred Flechtheim --owner of--> A Centennial of Independence --owned by--> Wilhelm Uhde --occupation--> writer
row688,Q74128|Q42882613,Q74128,Alfred Flechtheim,Q42882613,"Waterloo Bridge, London",1,1,INCLUDE,0.85,1,INCLUDE,0.85,3,3,Q19308411,Sam Salz,P1830,owner of,"Alfred Flechtheim --owner of--> Two Poplars in the Alpilles near Saint-Rémy --owned by--> Sam Salz --owner of--> Waterloo Bridge, London"
row715,Q74128|Q7960534,Q74128,Alfred Flechtheim,Q7960534,Waiting,1,1,INCLUDE,0.8,1,INCLUDE,0.8,3,3,Q731126,J. Paul Getty Museum,P1830,owner of,Alfred Flechtheim --owner of--> A Centennial of Independence --owned by--> J. Paul Getty Museum --owner of--> Waiting
row746,Q74128|Q2185351,Q74128,Alfred Flechtheim,Q2185351,Vincent Willem van Gogh,0,1,INCLUDE,0.85,1,INCLUDE,0.85,3,3,Q2554450,Johanna van Gogh-Bonger,P40,child,Alfred Flechtheim --owner of--> Two Poplars in the Alpilles near Saint-Rémy --owned by--> Johanna van Gogh-Bonger --child--> Vincent Willem van Gogh
row759,Q74128|Q19681547,Q74128,Alfred Flechtheim,Q19681547,"View of Pirna, from Sonnestein Castle",1,1,INCLUDE,0.85,1,INCLUDE,0.85,3,3,Q13575004,E. & A. Silberman Galleries,P1830,owner of,"Alfred Flechtheim --owner of--> Violin and Grapes --owned by--> E. & A. Silberman Galleries --owner of--> View of Pirna, from Sonnestein Castle"
row785,Q74128|Q1622272,Q74128,Alfred Flechtheim,Q1622272,university teacher,0,0,EXCLUDE,0.95,0,EXCLUDE,0.95,3,3,Q2554450,Johanna van Gogh-Bonger,P106,occupation,Alfred Flechtheim --owner of--> Two Poplars in the Alpilles near Saint-Rémy --owned by--> Johanna van Gogh-Bonger --occupation--> university teacher
row799,Q74128|Q19883498,Q74128,Alfred Flechtheim,Q19883498,Two Nudes,1,1,INCLUDE,0.85,1,INCLUDE,0.85,3,3,Q13575004,E. & A. Silberman Galleries,P1830,owner of,Alfred Flechtheim --owner of--> Violin and Grapes --owned by--> E. & A. Silberman Galleries --owner of--> Two Nudes
row813,Q74128|Q333634,Q74128,Alfred Flechtheim,Q333634,translator,0,0,EXCLUDE,0.95,0,EXCLUDE,0.95,3,3,Q2554450,Johanna van Gogh-Bonger,P106,occupation,Alfred Flechtheim --owner of--> Two Poplars in the Alpilles near Saint-Rémy --owned by--> Johanna van Gogh-Bonger --occupation--> translator
row896,Q74128|Q7720110,Q74128,Alfred Flechtheim,Q7720110,The Brierwood Pipe,1,1,INCLUDE,0.8,1,INCLUDE,0.8,3,3,Q657415,Cleveland Museum of Art,P1830,owner of,Alfred Flechtheim --owner of--> Two Poplars in the Alpilles near Saint-Rémy --owned by--> Cleveland Museum of Art --owner of--> The Brierwood Pipe
row899,Q74128|Q49277733,Q74128,Alfred Flechtheim,Q49277733,"Thalia and Melpomene, the Muses of Comedy and Tragedy",1,1,INCLUDE,0.85,1,INCLUDE,0.85,3,3,Q13575004,E. & A. Silberman Galleries,P1830,owner of,"Alfred Flechtheim --owner of--> Violin and Grapes --owned by--> E. & A. Silberman Galleries --owner of--> Thalia and Melpomene, the Muses of Comedy and Tragedy"
row903,Q74128|Q21948567,Q74128,Alfred Flechtheim,Q21948567,Sunflowers,1,1,INCLUDE,0.85,1,INCLUDE,0.85,3,3,Q2554450,Johanna van Gogh-Bonger,P1830,owner of,Alfred Flechtheim --owner of--> Two Poplars in the Alpilles near Saint-Rémy --owned by--> Johanna van Gogh-Bonger --owner of--> Sunflowers
row913,Q74128|Q232972,Q74128,Alfred Flechtheim,Q232972,Sonia Delaunay,1,0,EXCLUDE,0.8,0,EXCLUDE,0.8,3,3,Q69574,Wilhelm Uhde,P26,spouse,Alfred Flechtheim --owner of--> A Centennial of Independence --owned by--> Wilhelm Uhde --spouse--> Sonia Delaunay
row974,Q74128|Q20183867,Q74128,Alfred Flechtheim,Q20183867,Portrait of Madame Brunet,1,1,INCLUDE,0.8,1,INCLUDE,0.8,3,3,Q731126,J. Paul Getty Museum,P1830,owner of,Alfred Flechtheim --owner of--> A Centennial of Independence --owned by--> J. Paul Getty Museum --owner of--> Portrait of Madame Brunet
row985,Q74128|Q20276008,Q74128,Alfred Flechtheim,Q20276008,Portrait of a Young Artist,1,1,INCLUDE,0.95,1,INCLUDE,0.95,3,3,Q13575004,E. & A. Silberman Galleries,P1830,owner of,Alfred Flechtheim --owner of--> Violin and Grapes --owned by--> E. & A. Silberman Galleries --owner of--> Portrait of a Young Artist
row996,Q74128|Q20539227,Q74128,Alfred Flechtheim,Q20539227,Portrait of a Man and Woman in an Interior,1,1,INCLUDE,0.95,1,INCLUDE,0.95,3,3,Q13575004,E. & A. Silberman Galleries,P1830,owner of,Alfred Flechtheim --owner of--> Violin and Grapes --owned by--> E. & A. Silberman Galleries --owner of--> Portrait of a Man and Woman in an Interior
row998,Q74128|Q19913398,Q74128,Alfred Flechtheim,Q19913398,Portrait of a Man,1,1,INCLUDE,0.95,1,INCLUDE,0.95,3,3,Q58328672,Harry G. Sperling,P1830,owner of,Alfred Flechtheim --owner of--> Two Poplars in the Alpilles near Saint-Rémy --owned by--> Harry G. Sperling --owner of--> Portrait of a Man
row1001,Q74128|Q49277675,Q74128,Alfred Flechtheim,Q49277675,"Polymnia, the Muse of Sacred Hymn",1,1,INCLUDE,0.95,1,INCLUDE,0.95,3,3,Q13575004,E. & A. Silberman Galleries,P1830,owner of,"Alfred Flechtheim --owner of--> Violin and Grapes --owned by--> E. & A. Silberman Galleries --owner of--> Polymnia, the Muse of Sacred Hymn"
row1095,Q74128|Q12362622,Q74128,Alfred Flechtheim,Q12362622,philanthropist,0,0,EXCLUDE,0.85,0,EXCLUDE,0.85,3,3,Q47153187,Leonard C. Hanna Jr.,P106,occupation,Alfred Flechtheim --owner of--> Two Poplars in the Alpilles near Saint-Rémy --owned by--> Leonard C. Hanna Jr. --occupation--> philanthropist
row1195,Q74128|Q2208214,Q74128,Alfred Flechtheim,Q2208214,Johan Cohen Gosschalk,1,1,INCLUDE,0.9,1,INCLUDE,0.9,3,3,Q2554450,Johanna van Gogh-Bonger,P26,spouse,Alfred Flechtheim --owner of--> Two Poplars in the Alpilles near Saint-Rémy --owned by--> Johanna van Gogh-Bonger --spouse--> Johan Cohen Gosschalk
row1214,Q74128|Q4008950,Q74128,Alfred Flechtheim,Q4008950,Vase with Irises,1,1,INCLUDE,0.95,1,INCLUDE,0.95,3,3,Q2554450,Johanna van Gogh-Bonger,P1830,owner of,Alfred Flechtheim --owner of--> Two Poplars in the Alpilles near Saint-Rémy --owned by--> Johanna van Gogh-Bonger --owner of--> Irises
row1221,Q74128|Q5934356,Q74128,Alfred Flechtheim,Q5934356,Hugo Perls,1,1,INCLUDE,0.95,1,INCLUDE,0.95,3,3,Q6419949,Klaus Perls,P22,father,Alfred Flechtheim --owner of--> The Aviator --owned by--> Klaus Perls --father--> Hugo Perls
row1239,Q74128|Q21526824,Q74128,Alfred Flechtheim,Q21526824,Head of Christ,1,1,INCLUDE,0.95,1,INCLUDE,0.95,3,3,Q13575004,E. & A. Silberman Galleries,P1830,owner of,Alfred Flechtheim --owner of--> Violin and Grapes --owned by--> E. & A. Silberman Galleries --owner of--> Head of Christ
row1374,Q74128|Q20771242,Q74128,Alfred Flechtheim,Q20771242,gallerist,1,1,INCLUDE,0.9,1,INCLUDE,0.9,3,3,Q69574,Wilhelm Uhde,P106,occupation,Alfred Flechtheim --owner of--> A Centennial of Independence --owned by--> Wilhelm Uhde --occupation--> gallerist
row1478,Q74128|Q1371378,Q74128,Alfred Flechtheim,Q1371378,ethnologist,0,0,EXCLUDE,0.9,0,EXCLUDE,0.9,3,3,Q74432,Karl Ernst Osthaus,P106,occupation,Alfred Flechtheim --owner of--> A Centennial of Independence --owned by--> Karl Ernst Osthaus --occupation--> ethnologist
row1482,Q74128|Q10862983,Q74128,Alfred Flechtheim,Q10862983,etcher,0,0,EXCLUDE,0.9,0,EXCLUDE,0.9,3,3,Q19754135,Willem Steenhoff,P106,occupation,Alfred Flechtheim --owner of--> Two Poplars in the Alpilles near Saint-Rémy --owned by--> Willem Steenhoff --occupation--> etcher
row1505,Q74128|Q131524,Q74128,Alfred Flechtheim,Q131524,entrepreneur,0,0,EXCLUDE,0.9,0,EXCLUDE,0.9,3,3,Q19006298,Rudolf Staechelin,P106,occupation,Alfred Flechtheim --owner of--> The Two Brothers --owned by--> Rudolf Staechelin --occupation--> entrepreneur
row1527,Q74128|Q72958372,Q74128,Alfred Flechtheim,Q72958372,Elkan Silberman,1,1,INCLUDE,0.95,1,INCLUDE,0.95,3,3,Q13575004,E. & A. Silberman Galleries,P127,owned by,Alfred Flechtheim --owner of--> Violin and Grapes --owned by--> E. & A. Silberman Galleries --owned by--> Elkan Silberman
row1569,Q74128|Q15296811,Q74128,Alfred Flechtheim,Q15296811,drawer,0,0,EXCLUDE,0.9,0,EXCLUDE,0.9,3,3,Q19754135,Willem Steenhoff,P106,occupation,Alfred Flechtheim --owner of--> Two Poplars in the Alpilles near Saint-Rémy --owned by--> Willem Steenhoff --occupation--> drawer
row1591,Q74128|Q19883543,Q74128,Alfred Flechtheim,Q19883543,Doctor Emma Veronika Sanders,1,1,INCLUDE,0.95,1,INCLUDE,0.95,3,3,Q13575004,E. & A. Silberman Galleries,P1830,owner of,Alfred Flechtheim --owner of--> Violin and Grapes --owned by--> E. & A. Silberman Galleries --owner of--> Doctor Emma Veronika Sanders
row1637,Q74128|Q2805058,Q74128,Alfred Flechtheim,Q2805058,Cupid Complaining to Venus,1,1,INCLUDE,0.95,1,INCLUDE,0.95,3,3,Q13575004,E. & A. Silberman Galleries,P1830,owner of,Alfred Flechtheim --owner of--> Violin and Grapes --owned by--> E. & A. Silberman Galleries --owner of--> Cupid complaining to Venus
row1640,Q74128|Q64513741,Q74128,Alfred Flechtheim,Q64513741,Crucifixion,1,1,INCLUDE,0.95,1,INCLUDE,0.95,3,3,Q13575004,E. & A. Silberman Galleries,P1830,owner of,Alfred Flechtheim --owner of--> Violin and Grapes --owned by--> E. & A. Silberman Galleries --owner of--> Crucifixion
row1675,Q74128|Q3243461,Q74128,Alfred Flechtheim,Q3243461,collector,1,1,INCLUDE,0.9,1,INCLUDE,0.9,3,3,Q69574,Wilhelm Uhde,P106,occupation,Alfred Flechtheim --owner of--> A Centennial of Independence --owned by--> Wilhelm Uhde --occupation--> collector
row1710,Q74128|Q593644,Q74128,Alfred Flechtheim,Q593644,chemist,0,0,EXCLUDE,0.9,0,EXCLUDE,0.9,3,3,Q108580850,Max Kofler,P106,occupation,Alfred Flechtheim --owner of--> The Aviator --owned by--> Max Kofler --occupation--> chemist
row1782,Q74128|Q43845,Q74128,Alfred Flechtheim,Q43845,businessperson,0,0,EXCLUDE,0.95,0,EXCLUDE,0.95,3,3,Q47153187,Leonard C. Hanna Jr.,P106,occupation,Alfred Flechtheim --owner of--> Two Poplars in the Alpilles near Saint-Rémy --owned by--> Leonard C. Hanna Jr. --occupation--> businessperson
row1820,Q74128|Q85095826,Q74128,Alfred Flechtheim,Q85095826,Berthe Erni,1,1,INCLUDE,0.85,1,INCLUDE,0.85,3,3,Q108580850,Max Kofler,P26,spouse,Alfred Flechtheim --owner of--> The Aviator --owned by--> Max Kofler --spouse--> Berthe Erni
row1922,Q74128|Q4164507,Q74128,Alfred Flechtheim,Q4164507,art critic,1,0,EXCLUDE,0.85,0,EXCLUDE,0.85,3,3,Q69574,Wilhelm Uhde,P106,occupation,Alfred Flechtheim --owner of--> A Centennial of Independence --owned by--> Wilhelm Uhde --occupation--> art critic
row2094,Q74128|Q77257348,Q74128,Alfred Flechtheim,Q77257348,Abris Silberman,1,1,INCLUDE,0.98,1,INCLUDE,0.98,3,3,Q13575004,E. & A. Silberman Galleries,P127,owned by,Alfred Flechtheim --owner of--> Violin and Grapes --owned by--> E. & A. Silberman Galleries --owned by--> Abris Silberman
row2099,Q74128|Q19989799,Q74128,Alfred Flechtheim,Q19989799,A Woman Preparing Bread and Butter for a Boy,1,1,INCLUDE,0.99,1,INCLUDE,0.99,3,3,Q731126,J. Paul Getty Museum,P1830,owner of,Alfred Flechtheim --owner of--> A Centennial of Independence --owned by--> J. Paul Getty Museum --owner of--> A Woman Preparing Bread and Butter for a Boy
row81,Q74128|Q37226,Q74128,Alfred Flechtheim,Q37226,teacher,0,0,EXCLUDE,0.95,0,EXCLUDE,0.95,5,4,Q67138112,Dolly Perls,P106,occupation,Alfred Flechtheim --owner of--> The Aviator --owned by--> Klaus Perls --spouse--> Dolly Perls --occupation--> teacher
row154,Q74128|Q1768721,Q74128,Alfred Flechtheim,Q1768721,Gujin Tushu Jicheng,0,0,PRUNED_BY_ANCESTOR,,0,EXCLUDE,0.99,4,4,Q43845,businessperson,P1343,described by source,Alfred Flechtheim --owner of--> Two Poplars in the Alpilles near Saint-Rémy --owned by--> Leonard C. Hanna Jr. --occupation--> businessperson --described by source--> Gujin Tushu Jicheng
row198,Q74128|Q106727050,Q74128,Alfred Flechtheim,Q106727050,Metropolitan Museum of Art Tagging Vocabulary,1,0,EXCLUDE,0.99,0,EXCLUDE,0.99,4,4,Q215536,merchant,P1343,described by source,Alfred Flechtheim --owner of--> Violin and Grapes --owned by--> Christian Tetzen-Lund --occupation--> merchant --described by source--> Metropolitan Museum of Art Tagging Vocabulary
row201,Q74128|Q1868065,Q74128,Alfred Flechtheim,Q1868065,merchant's house,0,0,EXCLUDE,0.95,0,EXCLUDE,0.95,4,4,Q215536,merchant,P1830,owner of,Alfred Flechtheim --owner of--> Violin and Grapes --owned by--> Christian Tetzen-Lund --occupation--> merchant --owner of--> merchant's house
row223,Q74128|Q66503800,Q74128,Alfred Flechtheim,Q66503800,Käte Perls,1,1,INCLUDE,0.95,1,INCLUDE,0.95,4,4,Q5934356,Hugo Perls,P26,spouse,Alfred Flechtheim --owner of--> The Aviator --owned by--> Klaus Perls --father--> Hugo Perls --spouse--> Käte Perls
row307,Q74128|Q19754058,Q74128,Alfred Flechtheim,Q19754058,Otto Kallir,1,1,INCLUDE,0.99,1,INCLUDE,0.99,4,4,Q19883543,Doctor Emma Veronika Sanders,P127,owned by,Alfred Flechtheim --owner of--> Violin and Grapes --owned by--> E. & A. Silberman Galleries --owner of--> Doctor Emma Veronika Sanders --owned by--> Otto Kallir
row327,Q74128|Q4532138,Q74128,Alfred Flechtheim,Q4532138,Granat Encyclopedic Dictionary,0,0,PRUNED_BY_ANCESTOR,,0,EXCLUDE,0.99,4,4,Q12362622,philanthropist,P1343,described by source,Alfred Flechtheim --owner of--> Two Poplars in the Alpilles near Saint-Rémy --owned by--> Leonard C. Hanna Jr. --occupation--> philanthropist --described by source--> Granat Encyclopedic Dictionary
row343,Q74128|Q5488972,Q74128,Alfred Flechtheim,Q5488972,Frank Perls,1,1,INCLUDE,0.95,1,INCLUDE,0.95,4,4,Q5934356,Hugo Perls,P40,child,Alfred Flechtheim --owner of--> The Aviator --owned by--> Klaus Perls --father--> Hugo Perls --child--> Frank Perls
row348,Q74128|Q4964182,Q74128,Alfred Flechtheim,Q4964182,philosopher,0,0,EXCLUDE,0.95,0,EXCLUDE,0.95,4,4,Q5934356,Hugo Perls,P106,occupation,Alfred Flechtheim --owner of--> The Aviator --owned by--> Klaus Perls --father--> Hugo Perls --occupation--> philosopher
row356,Q74128|Q1970746,Q74128,Alfred Flechtheim,Q1970746,Explanatory Dictionary of the Living Great Russian Language,0,0,EXCLUDE,0.99,0,EXCLUDE,0.99,4,4,Q215536,merchant,P1343,described by source,Alfred Flechtheim --owner of--> Violin and Grapes --owned by--> Christian Tetzen-Lund --occupation--> merchant --described by source--> Explanatory Dictionary of the Living Great Russian Language
row462,Q74128|Q602358,Q74128,Alfred Flechtheim,Q602358,Brockhaus and Efron Encyclopedic Dictionary,0,0,EXCLUDE,0.99,0,EXCLUDE,0.99,4,4,Q215536,merchant,P1343,described by source,Alfred Flechtheim --owner of--> Violin and Grapes --owned by--> Christian Tetzen-Lund --occupation--> merchant --described by source--> Brockhaus and Efron Encyclopedic Dictionary
row479,Q74128|Q4086271,Q74128,Alfred Flechtheim,Q4086271,Bible Encyclopedia of Archimandrite Nicephorus,0,0,EXCLUDE,0.99,0,EXCLUDE,0.99,4,4,Q215536,merchant,P1343,described by source,Alfred Flechtheim --owner of--> Violin and Grapes --owned by--> Christian Tetzen-Lund --occupation--> merchant --described by source--> Bible Encyclopedia of Archimandrite Nicephorus
row545,Q74128|Q66362718,Q74128,Alfred Flechtheim,Q66362718,1001 Paintings You Must See Before You Die,0,0,EXCLUDE,0.9,0,EXCLUDE,0.9,4,4,Q21948567,Sunflowers,P1343,described by source,Alfred Flechtheim --owner of--> Two Poplars in the Alpilles near Saint-Rémy --owned by--> Johanna van Gogh-Bonger --owner of--> Sunflowers --described by source--> 1001 Paintings You Must See Before You Die
row562,Q74128|Q1568434,Q74128,Alfred Flechtheim,Q1568434,Yale University Art Gallery,1,1,INCLUDE,0.99,1,INCLUDE,0.99,4,4,Q49277675,"Polymnia, the Muse of Sacred Hymn",P127,owned by,"Alfred Flechtheim --owner of--> Violin and Grapes --owned by--> E. & A. Silberman Galleries --owner of--> Polymnia, the Muse of Sacred Hymn --owned by--> Yale University Art Gallery"
row639,Q74128|Q98970039,Q74128,Alfred Flechtheim,Q98970039,WikiProject PCC Wikidata Pilot/University of Washington,0,0,PRUNED_BY_ANCESTOR,,0,EXCLUDE,0.99,4,4,Q36180,writer,P5008,on focus list of Wikimedia project,Alfred Flechtheim --owner of--> A Centennial of Independence --owned by--> Wilhelm Uhde --occupation--> writer --on focus list of Wikimedia project--> WikiProject PCC Wikidata Pilot/University of Washington
row642,Q74128|Q102024112,Q74128,Alfred Flechtheim,Q102024112,WikiProject PCC Wikidata Pilot/New Mexico State Library,0,0,PRUNED_BY_ANCESTOR,,0,EXCLUDE,0.95,4,4,Q232972,Sonia Delaunay,P5008,on focus list of Wikimedia project,Alfred Flechtheim --owner of--> A Centennial of Independence --owned by--> Wilhelm Uhde --spouse--> Sonia Delaunay --on focus list of Wikimedia project--> WikiProject PCC Wikidata Pilot/New Mexico State Library
row668,Q74128|Q110249806,Q74128,Alfred Flechtheim,Q110249806,WikiProject Craft,0,0,PRUNED_BY_ANCESTOR,,0,EXCLUDE,0.95,4,4,Q232972,Sonia Delaunay,P5008,on focus list of Wikimedia project,Alfred Flechtheim --owner of--> A Centennial of Independence --owned by--> Wilhelm Uhde --spouse--> Sonia Delaunay --on focus list of Wikimedia project--> WikiProject Craft
row676,Q74128|Q96971115,Q74128,Alfred Flechtheim,Q96971115,Whereabouts of paintings 1933,1,1,INCLUDE,0.9,1,INCLUDE,0.9,4,4,Q2805058,Cupid complaining to Venus,P1343,described by source,Alfred Flechtheim --owner of--> Violin and Grapes --owned by--> E. & A. Silberman Galleries --owner of--> Cupid complaining to Venus --described by source--> Whereabouts of paintings 1933
row696,Q74128|Q2546745,Q74128,Alfred Flechtheim,Q2546745,Walter Westfeld,1,1,INCLUDE,0.95,1,INCLUDE,0.95,4,4,Q20539227,Portrait of a Man and Woman in an Interior,P127,owned by,Alfred Flechtheim --owner of--> Violin and Grapes --owned by--> E. & A. Silberman Galleries --owner of--> Portrait of a Man and Woman in an Interior --owned by--> Walter Westfeld
row958,Q74128|Q83488454,Q74128,Alfred Flechtheim,Q83488454,Revealed: National Gallery's Cranach is war loot,1,1,INCLUDE,0.95,1,INCLUDE,0.95,4,4,Q2805058,Cupid complaining to Venus,P1343,described by source,Alfred Flechtheim --owner of--> Violin and Grapes --owned by--> E. & A. Silberman Galleries --owner of--> Cupid complaining to Venus --described by source--> Revealed: National Gallery's Cranach is war loot
row1118,Q74128|Q1752085,Q74128,Alfred Flechtheim,Q1752085,Norton Simon Museum,1,1,INCLUDE,0.95,1,INCLUDE,0.95,4,4,Q7960534,Waiting,P127,owned by,Alfred Flechtheim --owner of--> A Centennial of Independence --owned by--> J. Paul Getty Museum --owner of--> Waiting --owned by--> Norton Simon Museum
row1152,Q74128|Q105758538,Q74128,Alfred Flechtheim,Q105758538,Met x Wikipedia Virtual Edit Meet-up: Women's History Month,0,0,PRUNED_BY_ANCESTOR,,0,EXCLUDE,0.95,4,4,Q232972,Sonia Delaunay,P5008,on focus list of Wikimedia project,Alfred Flechtheim --owner of--> A Centennial of Independence --owned by--> Wilhelm Uhde --spouse--> Sonia Delaunay --on focus list of Wikimedia project--> Met x Wikipedia Virtual Edit Meet-up: Women's History Month
row1170,Q74128|Q10288073,Q74128,Alfred Flechtheim,Q10288073,M. Knoedler & Co.,1,1,INCLUDE,0.95,1,INCLUDE,0.95,4,4,Q19989799,A Woman Preparing Bread and Butter for a Boy,P127,owned by,Alfred Flechtheim --owner of--> A Centennial of Independence --owned by--> J. Paul Getty Museum --owner of--> A Woman Preparing Bread and Butter for a Boy --owned by--> M. Knoedler & Co.
row1190,Q74128|Q47531053,Q74128,Alfred Flechtheim,Q47531053,Julius Böhler AG,1,1,INCLUDE,0.95,1,INCLUDE,0.95,4,4,Q19989799,A Woman Preparing Bread and Butter for a Boy,P127,owned by,Alfred Flechtheim --owner of--> A Centennial of Independence --owned by--> J. Paul Getty Museum --owner of--> A Woman Preparing Bread and Butter for a Boy --owned by--> Julius Böhler
row1199,Q74128|Q104820943,Q74128,Alfred Flechtheim,Q104820943,Jewish Collectors and Art Dealers (Victims of Nazi persecution and expropriation),1,1,INCLUDE,0.95,1,INCLUDE,0.95,4,4,Q72958372,Elkan Silberman,P1343,described by source,Alfred Flechtheim --owner of--> Violin and Grapes --owned by--> E. & A. Silberman Galleries --owned by--> Elkan Silberman --described by source--> Jewish Collectors and Art Dealers (Victims of Nazi persecution and expropriation)
row1237,Q74128|Q17421703,Q74128,Alfred Flechtheim,Q17421703,Henry Pearlman,1,1,INCLUDE,0.95,1,INCLUDE,0.95,4,4,Q19883543,Doctor Emma Veronika Sanders,P127,owned by,Alfred Flechtheim --owner of--> Violin and Grapes --owned by--> E. & A. Silberman Galleries --owner of--> Doctor Emma Veronika Sanders --owned by--> Henry Pearlman
row1250,Q74128|Q28927781,Q74128,Alfred Flechtheim,Q28927781,Great Women Masters of Art,0,0,PRUNED_BY_ANCESTOR,,0,EXCLUDE,0.85,4,4,Q232972,Sonia Delaunay,P1343,described by source,Alfred Flechtheim --owner of--> A Centennial of Independence --owned by--> Wilhelm Uhde --spouse--> Sonia Delaunay --described by source--> Great Women Masters of Art
row1275,Q74128|Q1925963,Q74128,Alfred Flechtheim,Q1925963,graphic artist,0,0,PRUNED_BY_ANCESTOR,,0,EXCLUDE,0.95,4,4,Q232972,Sonia Delaunay,P106,occupation,Alfred Flechtheim --owner of--> A Centennial of Independence --owned by--> Wilhelm Uhde --spouse--> Sonia Delaunay --occupation--> graphic artist
row1377,Q74128|Q27431468,Q74128,Alfred Flechtheim,Q27431468,Galerie St. Etienne,1,1,INCLUDE,0.95,1,INCLUDE,0.95,4,4,Q19883543,Doctor Emma Veronika Sanders,P127,owned by,Alfred Flechtheim --owner of--> Violin and Grapes --owned by--> E. & A. Silberman Galleries --owner of--> Doctor Emma Veronika Sanders --owned by--> Galerie St. Etienne
row1388,Q74128|Q15305978,Q74128,Alfred Flechtheim,Q15305978,galerie Durand-Ruel,1,1,INCLUDE,0.95,1,INCLUDE,0.95,4,4,Q42882613,"Waterloo Bridge, London",P127,owned by,"Alfred Flechtheim --owner of--> Two Poplars in the Alpilles near Saint-Rémy --owned by--> Sam Salz --owner of--> Waterloo Bridge, London --owned by--> galerie Durand-Ruel"
row1395,Q74128|Q61446519,Q74128,Alfred Flechtheim,Q61446519,Gabrielle Bentinck-Thyssen,1,1,INCLUDE,0.9,1,INCLUDE,0.9,4,4,Q19989799,A Woman Preparing Bread and Butter for a Boy,P127,owned by,Alfred Flechtheim --owner of--> A Centennial of Independence --owned by--> J. Paul Getty Museum --owner of--> A Woman Preparing Bread and Butter for a Boy --owned by--> Gabrielle Bentinck-Thyssen
row1398,Q74128|Q21078532,Q74128,Alfred Flechtheim,Q21078532,G. David Thompson,1,1,INCLUDE,0.95,1,INCLUDE,0.95,4,4,Q19883498,Two Nudes,P127,owned by,Alfred Flechtheim --owner of--> Violin and Grapes --owned by--> E. & A. Silberman Galleries --owner of--> Two Nudes --owned by--> G. David Thompson
row1457,Q74128|Q3501317,Q74128,Alfred Flechtheim,Q3501317,fashion designer,0,0,PRUNED_BY_ANCESTOR,,0,EXCLUDE,0.95,4,4,Q232972,Sonia Delaunay,P106,occupation,Alfred Flechtheim --owner of--> A Centennial of Independence --owned by--> Wilhelm Uhde --spouse--> Sonia Delaunay --occupation--> fashion designer
row1517,Q74128|Q81096,Q74128,Alfred Flechtheim,Q81096,engineer,0,0,EXCLUDE,0.95,0,EXCLUDE,0.95,4,4,Q2185351,Vincent Willem van Gogh,P106,occupation,Alfred Flechtheim --owner of--> Two Poplars in the Alpilles near Saint-Rémy --owned by--> Johanna van Gogh-Bonger --child--> Vincent Willem van Gogh --occupation--> engineer
row1532,Q74128|Q43301751,Q74128,Alfred Flechtheim,Q43301751,Edward Speelman,1,1,INCLUDE,0.95,1,INCLUDE,0.95,4,4,Q19989799,A Woman Preparing Bread and Butter for a Boy,P127,owned by,Alfred Flechtheim --owner of--> A Centennial of Independence --owned by--> J. Paul Getty Museum --owner of--> A Woman Preparing Bread and Butter for a Boy --owned by--> Edward Speelman
row1577,Q74128|Q14623005,Q74128,Alfred Flechtheim,Q14623005,draftsperson,0,0,PRUNED_BY_ANCESTOR,,0,EXCLUDE,0.95,4,4,Q232972,Sonia Delaunay,P106,occupation,Alfred Flechtheim --owner of--> A Centennial of Independence --owned by--> Wilhelm Uhde --spouse--> Sonia Delaunay --occupation--> draftsperson
row1632,Q74128|Q4904268,Q74128,Alfred Flechtheim,Q4904268,Curt Valentin,1,1,INCLUDE,0.95,1,INCLUDE,0.95,4,4,Q19883543,Doctor Emma Veronika Sanders,P127,owned by,Alfred Flechtheim --owner of--> Violin and Grapes --owned by--> E. & A. Silberman Galleries --owner of--> Doctor Emma Veronika Sanders --owned by--> Curt Valentin
row1761,Q74128|Q1043967,Q74128,Alfred Flechtheim,Q1043967,Carnegie Museum of Art,1,1,INCLUDE,0.95,1,INCLUDE,0.95,4,4,Q42882613,"Waterloo Bridge, London",P127,owned by,"Alfred Flechtheim --owner of--> Two Poplars in the Alpilles near Saint-Rémy --owned by--> Sam Salz --owner of--> Waterloo Bridge, London --owned by--> Carnegie Museum of Art"
row1889,Q74128|Q239303,Q74128,Alfred Flechtheim,Q239303,Art Institute of Chicago,1,1,INCLUDE,0.95,1,INCLUDE,0.95,4,4,Q19681547,"View of Pirna, from Sonnestein Castle",P127,owned by,"Alfred Flechtheim --owner of--> Violin and Grapes --owned by--> E. & A. Silberman Galleries --owner of--> View of Pirna, from Sonnestein Castle --owned by--> Art Institute of Chicago"
row1997,Q74128|Q446858,Q74128,Alfred Flechtheim,Q446858,Andrew W. Mellon,1,1,INCLUDE,0.95,1,INCLUDE,0.95,4,4,Q19989799,A Woman Preparing Bread and Butter for a Boy,P127,owned by,Alfred Flechtheim --owner of--> A Centennial of Independence --owned by--> J. Paul Getty Museum --owner of--> A Woman Preparing Bread and Butter for a Boy --owned by--> Andrew W. Mellon
row2000,Q74128|Q57687611,Q74128,Alfred Flechtheim,Q57687611,An Unpublished Head of Christ by Rembrandt,1,1,INCLUDE,0.85,1,INCLUDE,0.85,4,4,Q21526824,Head of Christ,P1343,described by source,Alfred Flechtheim --owner of--> Violin and Grapes --owned by--> E. & A. Silberman Galleries --owner of--> Head of Christ --described by source--> An Unpublished Head of Christ by Rembrandt
row2082,Q74128|Q352,Q74128,Alfred Flechtheim,Q352,Adolf Hitler,1,1,INCLUDE,0.95,1,INCLUDE,0.95,4,4,Q2805058,Cupid complaining to Venus,P127,owned by,Alfred Flechtheim --owner of--> Violin and Grapes --owned by--> E. & A. Silberman Galleries --owner of--> Cupid complaining to Venus --owned by--> Adolf Hitler
row14,Q74128|Q20275618,Q74128,Alfred Flechtheim,Q20275618,A Peasant Woman Digging in Front of Her Cottage,1,1,INCLUDE,0.9,1,INCLUDE,0.9,5,5,Q239303,Art Institute of Chicago,P1830,owner of,"Alfred Flechtheim --owner of--> Violin and Grapes --owned by--> E. & A. Silberman Galleries --owner of--> View of Pirna, from Sonnestein Castle --owned by--> Art Institute of Chicago --owner of--> A Peasant Woman Digging in Front of Her Cottage"
row22,Q74128|Q20267520,Q74128,Alfred Flechtheim,Q20267520,Abraham's Sacrifice of Isaac,0,1,INCLUDE,0.9,1,INCLUDE,0.9,5,5,Q239303,Art Institute of Chicago,P1830,owner of,"Alfred Flechtheim --owner of--> Violin and Grapes --owned by--> E. & A. Silberman Galleries --owner of--> View of Pirna, from Sonnestein Castle --owned by--> Art Institute of Chicago --owner of--> Abraham's Sacrifice of Isaac"
row63,Q74128|Q20267585,Q74128,Alfred Flechtheim,Q20267585,The Rape of Europa,1,1,INCLUDE,0.9,1,INCLUDE,0.9,5,5,Q239303,Art Institute of Chicago,P1830,owner of,"Alfred Flechtheim --owner of--> Violin and Grapes --owned by--> E. & A. Silberman Galleries --owner of--> View of Pirna, from Sonnestein Castle --owned by--> Art Institute of Chicago --owner of--> The Rape of Europa"
row73,Q74128|Q3181656,Q74128,Alfred Flechtheim,Q3181656,The Nuttall Encyclopædia,0,0,PRUNED_BY_ANCESTOR,,0,EXCLUDE,0.99,5,5,Q1297822,copyright,P1343,described by source,Alfred Flechtheim --owner of--> Two Poplars in the Alpilles near Saint-Rémy --owned by--> Cleveland Museum of Art --described by source--> Survey of GLAM open access policy and practice --main subject--> copyright --described by source--> The Nuttall Encyclopædia
row178,Q74128|Q54149726,Q74128,Alfred Flechtheim,Q54149726,Hitler and Genghis Khan,0,0,EXCLUDE,0.9,0,EXCLUDE,0.9,5,5,Q352,Adolf Hitler,P1343,described by source,Alfred Flechtheim --owner of--> Violin and Grapes --owned by--> E. & A. Silberman Galleries --owner of--> Cupid complaining to Venus --owned by--> Adolf Hitler --described by source--> Hitler and Genghis Khan
row218,Q74128|Q1706617,Q74128,Alfred Flechtheim,Q1706617,Joseph Beuys,0,1,INCLUDE,0.85,1,INCLUDE,0.85,5,5,Q239303,Art Institute of Chicago,P1830,owner of,"Alfred Flechtheim --owner of--> Violin and Grapes --owned by--> E. & A. Silberman Galleries --owner of--> View of Pirna, from Sonnestein Castle --owned by--> Art Institute of Chicago --owner of--> Joseph Beuys"
row221,Q74128|Q63342871,Q74128,Alfred Flechtheim,Q63342871,Julius Wilhelm Böhler,1,1,INCLUDE,0.9,1,INCLUDE,0.9,5,5,Q47531053,Julius Böhler,P127,owned by,Alfred Flechtheim --owner of--> A Centennial of Independence --owned by--> J. Paul Getty Museum --owner of--> A Woman Preparing Bread and Butter for a Boy --owned by--> Julius Böhler --owned by--> Julius Wilhelm Böhler
row244,Q74128|Q19098835,Q74128,Alfred Flechtheim,Q19098835,Library of the World's Best Literature,0,0,EXCLUDE,0.95,0,EXCLUDE,0.95,5,5,Q4483821,James Thomas Fields,P1343,described by source,Alfred Flechtheim --owner of--> Two Poplars in the Alpilles near Saint-Rémy --owned by--> Cleveland Museum of Art --owner of--> The Brierwood Pipe --owned by--> James Thomas Fields --described by source--> Library of the World's Best Literature
row256,Q74128|Q90554,Q74128,Alfred Flechtheim,Q90554,"Margit Thyssen-Bornemisza, Countess of Batthyány",1,1,INCLUDE,0.9,1,INCLUDE,0.9,5,5,Q65299,"Heinrich, Baron Thyssen-Bornemisza de Kászon",P40,child,"Alfred Flechtheim --owner of--> A Centennial of Independence --owned by--> J. Paul Getty Museum --owner of--> A Woman Preparing Bread and Butter for a Boy --owned by--> Heinrich, Baron Thyssen-Bornemisza de Kászon --child--> Margit Thyssen-Bornemisza, Countess of Batthyány"
row262,Q74128|Q99413897,Q74128,Alfred Flechtheim,Q99413897,Medvik,0,0,EXCLUDE,0.99,0,EXCLUDE,0.99,5,5,Q352,Adolf Hitler,P1343,described by source,Alfred Flechtheim --owner of--> Violin and Grapes --owned by--> E. & A. Silberman Galleries --owner of--> Cupid complaining to Venus --owned by--> Adolf Hitler --described by source--> Medvik
row314,Q74128|Q17378135,Q74128,Alfred Flechtheim,Q17378135,Great Soviet Encyclopedia (1969–1978),0,0,EXCLUDE,0.99,0,EXCLUDE,0.99,5,5,Q352,Adolf Hitler,P1343,described by source,Alfred Flechtheim --owner of--> Violin and Grapes --owned by--> E. & A. Silberman Galleries --owner of--> Cupid complaining to Venus --owned by--> Adolf Hitler --described by source--> Great Soviet Encyclopedia (1969–1978)
row336,Q74128|Q2041543,Q74128,Alfred Flechtheim,Q2041543,Ottův slovník naučný,0,0,PRUNED_BY_ANCESTOR,,0,EXCLUDE,0.99,5,5,Q37226,teacher,P1343,described by source,Alfred Flechtheim --owner of--> The Aviator --owned by--> Klaus Perls --spouse--> Dolly Perls --occupation--> teacher --described by source--> Ottův slovník naučný
row360,Q74128|Q49757,Q74128,Alfred Flechtheim,Q49757,poet,0,0,EXCLUDE,0.99,0,EXCLUDE,0.99,5,5,Q4483821,James Thomas Fields,P106,occupation,Alfred Flechtheim --owner of--> Two Poplars in the Alpilles near Saint-Rémy --owned by--> Cleveland Museum of Art --owner of--> The Brierwood Pipe --owned by--> James Thomas Fields --occupation--> poet
row367,Q74128|Q867541,Q74128,Alfred Flechtheim,Q867541,Encyclopædia Britannica 11th edition,0,0,EXCLUDE,0.95,0,EXCLUDE,0.95,5,5,Q40662,John the Baptist,P1343,described by source,Alfred Flechtheim --owner of--> Two Poplars in the Alpilles near Saint-Rémy --owned by--> Cleveland Museum of Art --owner of--> Saint John the Baptist --main subject--> John the Baptist --described by source--> Encyclopædia Britannica 11th edition
row370,Q74128|Q455,Q74128,Alfred Flechtheim,Q455,Encyclopædia Britannica,0,0,EXCLUDE,0.95,0,EXCLUDE,0.95,5,5,Q302,Jesus,P1343,described by source,Alfred Flechtheim --owner of--> Violin and Grapes --owned by--> E. & A. Silberman Galleries --owner of--> Head of Christ --main subject--> Jesus --described by source--> Encyclopædia Britannica
row373,Q74128|Q42857,Q74128,Alfred Flechtheim,Q42857,prophet,0,0,EXCLUDE,0.95,0,EXCLUDE,0.95,5,5,Q302,Jesus,P106,occupation,Alfred Flechtheim --owner of--> Violin and Grapes --owned by--> E. & A. Silberman Galleries --owner of--> Head of Christ --main subject--> Jesus --occupation--> prophet
row393,Q74128|Q16014697,Q74128,Alfred Flechtheim,Q16014697,"Dictionary of National Biography, second supplement",0,0,EXCLUDE,0.9,0,EXCLUDE,0.9,5,5,Q3101383,George Alexander Drummond,P1343,described by source,"Alfred Flechtheim --owner of--> A Centennial of Independence --owned by--> J. Paul Getty Museum --owner of--> A Woman Preparing Bread and Butter for a Boy --owned by--> George Alexander Drummond --described by source--> Dictionary of National Biography, second supplement"
row430,Q74128|Q302556,Q74128,Alfred Flechtheim,Q302556,Catholic Encyclopedia,0,0,EXCLUDE,0.95,0,EXCLUDE,0.95,5,5,Q40662,John the Baptist,P1343,described by source,Alfred Flechtheim --owner of--> Two Poplars in the Alpilles near Saint-Rémy --owned by--> Cleveland Museum of Art --owner of--> Saint John the Baptist --main subject--> John the Baptist --described by source--> Catholic Encyclopedia
row513,Q74128|Q106787730,Q74128,Alfred Flechtheim,Q106787730,American Women Writers,0,0,EXCLUDE,0.9,0,EXCLUDE,0.9,5,5,Q566895,Annie Adams Fields,P1343,described by source,Alfred Flechtheim --owner of--> Two Poplars in the Alpilles near Saint-Rémy --owned by--> Cleveland Museum of Art --owner of--> The Brierwood Pipe --owned by--> Annie Adams Fields --described by source--> American Women Writers
row556,Q74128|Q21711845,Q74128,Alfred Flechtheim,Q21711845,Young Woman with a lighted Candle at a Window,1,1,INCLUDE,0.9,1,INCLUDE,0.9,5,5,Q65299,"Heinrich, Baron Thyssen-Bornemisza de Kászon",P1830,owner of,"Alfred Flechtheim --owner of--> A Centennial of Independence --owned by--> J. Paul Getty Museum --owner of--> A Woman Preparing Bread and Butter for a Boy --owned by--> Heinrich, Baron Thyssen-Bornemisza de Kászon --owner of--> Young Woman with a lighted Candle at a Window"
row656,Q74128|Q105757729,Q74128,Alfred Flechtheim,Q105757729,WikiProject PCC Wikidata Pilot — Smithsonian Libraries — Artists Files,0,0,EXCLUDE,0.9,0,EXCLUDE,0.9,5,5,Q4904268,Curt Valentin,P5008,on focus list of Wikimedia project,Alfred Flechtheim --owner of--> Violin and Grapes --owned by--> E. & A. Silberman Galleries --owner of--> Doctor Emma Veronika Sanders --owned by--> Curt Valentin --on focus list of Wikimedia project--> WikiProject PCC Wikidata Pilot — Smithsonian Libraries — Artists Files
row661,Q74128|Q100137722,Q74128,Alfred Flechtheim,Q100137722,Wikiproject Nuremberg Trials,1,0,EXCLUDE,0.8,0,EXCLUDE,0.8,5,5,Q352,Adolf Hitler,P5008,on focus list of Wikimedia project,Alfred Flechtheim --owner of--> Violin and Grapes --owned by--> E. & A. Silberman Galleries --owner of--> Cupid complaining to Venus --owned by--> Adolf Hitler --on focus list of Wikimedia project--> Wikiproject Nuremberg Trials
row714,Q74128|Q19885021,Q74128,Alfred Flechtheim,Q19885021,Wall with Inscriptions,0,1,INCLUDE,0.9,1,INCLUDE,0.9,5,5,Q21078532,G. David Thompson,P1830,owner of,Alfred Flechtheim --owner of--> Violin and Grapes --owned by--> E. & A. Silberman Galleries --owner of--> Two Nudes --owned by--> G. David Thompson --owner of--> Wall with Inscriptions
row761,Q74128|Q20560074,Q74128,Alfred Flechtheim,Q20560074,View of Beverwijk,1,1,INCLUDE,0.9,1,INCLUDE,0.9,5,5,Q43301751,Edward Speelman,P1830,owner of,Alfred Flechtheim --owner of--> A Centennial of Independence --owned by--> J. Paul Getty Museum --owner of--> A Woman Preparing Bread and Butter for a Boy --owned by--> Edward Speelman --owner of--> View of Beverwijk
row796,Q74128|Q20553562,Q74128,Alfred Flechtheim,Q20553562,Two Nudes (Lovers),1,1,INCLUDE,0.9,1,INCLUDE,0.9,5,5,Q27431468,Galerie St. Etienne,P1830,owner of,Alfred Flechtheim --owner of--> Violin and Grapes --owned by--> E. & A. Silberman Galleries --owner of--> Doctor Emma Veronika Sanders --owned by--> Galerie St. Etienne --owner of--> Two Nudes (Lovers)
row833,Q74128|Q21753940,Q74128,Alfred Flechtheim,Q21753940,Thyssen-Bornemisza family Collection,1,1,INCLUDE,0.95,1,INCLUDE,0.95,5,5,Q65299,"Heinrich, Baron Thyssen-Bornemisza de Kászon",P1830,owner of,"Alfred Flechtheim --owner of--> A Centennial of Independence --owned by--> J. Paul Getty Museum --owner of--> A Woman Preparing Bread and Butter for a Boy --owned by--> Heinrich, Baron Thyssen-Bornemisza de Kászon --owner of--> Thyssen-Bornemisza family Collection"
row837,Q74128|Q106874309,Q74128,Alfred Flechtheim,Q106874309,Three Figures with Furniture-like Forms,1,1,INCLUDE,0.9,1,INCLUDE,0.9,5,5,Q21078532,G. David Thompson,P1830,owner of,Alfred Flechtheim --owner of--> Violin and Grapes --owned by--> E. & A. Silberman Galleries --owner of--> Two Nudes --owned by--> G. David Thompson --owner of--> Three Figures with Furniture-like Forms
row848,Q74128|Q56555894,Q74128,Alfred Flechtheim,Q56555894,Theodore Schempp,1,1,INCLUDE,0.9,1,INCLUDE,0.9,5,5,Q10288073,M. Knoedler & Co.,P3342,significant person,Alfred Flechtheim --owner of--> A Centennial of Independence --owned by--> J. Paul Getty Museum --owner of--> A Woman Preparing Bread and Butter for a Boy --owned by--> M. Knoedler & Co. --significant person--> Theodore Schempp
row859,Q74128|Q205456,Q74128,Alfred Flechtheim,Q205456,Theo van Gogh,0,0,EXCLUDE,0.99,0,EXCLUDE,0.99,5,5,Q18016363,Johan van Gogh,P40,child,Alfred Flechtheim --owner of--> Two Poplars in the Alpilles near Saint-Rémy --owned by--> Johanna van Gogh-Bonger --child--> Vincent Willem van Gogh --child--> Johan van Gogh --child--> Theo van Gogh
row861,Q74128|Q11613590,Q74128,Alfred Flechtheim,Q11613590,theatre designer,0,0,PRUNED_BY_ANCESTOR,,0,EXCLUDE,0.9,5,5,Q33978,Robert Delaunay,P106,occupation,Alfred Flechtheim --owner of--> A Centennial of Independence --owned by--> Wilhelm Uhde --spouse--> Sonia Delaunay --spouse--> Robert Delaunay --occupation--> theatre designer
row867,Q74128|Q42877939,Q74128,Alfred Flechtheim,Q42877939,The Swimmers,1,1,INCLUDE,0.9,1,INCLUDE,0.9,5,5,Q21078532,G. David Thompson,P1830,owner of,Alfred Flechtheim --owner of--> Violin and Grapes --owned by--> E. & A. Silberman Galleries --owner of--> Two Nudes --owned by--> G. David Thompson --owner of--> The Swimmers
row898,Q74128|Q19077875,Q74128,Alfred Flechtheim,Q19077875,The American Cyclopædia,0,0,EXCLUDE,0.95,0,EXCLUDE,0.95,5,5,Q40662,John the Baptist,P1343,described by source,Alfred Flechtheim --owner of--> Two Poplars in the Alpilles near Saint-Rémy --owned by--> Cleveland Museum of Art --owner of--> Saint John the Baptist --main subject--> John the Baptist --described by source--> The American Cyclopædia
row900,Q74128|Q1320883,Q74128,Alfred Flechtheim,Q1320883,talent manager,0,0,PRUNED_BY_ANCESTOR,,0,EXCLUDE,0.95,5,5,Q1064090,Charles Delaunay,P106,occupation,Alfred Flechtheim --owner of--> A Centennial of Independence --owned by--> Wilhelm Uhde --spouse--> Sonia Delaunay --child--> Charles Delaunay --occupation--> talent manager
row917,Q74128|Q19180675,Q74128,Alfred Flechtheim,Q19180675,Small Brockhaus and Efron Encyclopedic Dictionary,0,0,PRUNED_BY_ANCESTOR,,0,EXCLUDE,0.95,5,5,Q37226,teacher,P1343,described by source,Alfred Flechtheim --owner of--> The Aviator --owned by--> Klaus Perls --spouse--> Dolly Perls --occupation--> teacher --described by source--> Small Brockhaus and Efron Encyclopedic Dictionary
row936,Q74128|Q75837445,Q74128,Alfred Flechtheim,Q75837445,Rose Pearlman,1,1,INCLUDE,0.9,1,INCLUDE,0.9,5,5,Q17421703,Henry Pearlman,P26,spouse,Alfred Flechtheim --owner of--> Violin and Grapes --owned by--> E. & A. Silberman Galleries --owner of--> Doctor Emma Veronika Sanders --owned by--> Henry Pearlman --spouse--> Rose Pearlman
row976,Q74128|Q18056753,Q74128,Alfred Flechtheim,Q18056753,Portrait of an unknown man,1,1,INCLUDE,0.95,1,INCLUDE,0.95,5,5,Q65299,"Heinrich, Baron Thyssen-Bornemisza de Kászon",P1830,owner of,"Alfred Flechtheim --owner of--> A Centennial of Independence --owned by--> J. Paul Getty Museum --owner of--> A Woman Preparing Bread and Butter for a Boy --owned by--> Heinrich, Baron Thyssen-Bornemisza de Kászon --owner of--> Portrait of an unknown man"
row997,Q74128|Q18030849,Q74128,Alfred Flechtheim,Q18030849,"Portrait of a man, possibly Adriaen van Ostade",1,1,INCLUDE,0.95,1,INCLUDE,0.95,5,5,Q446858,Andrew W. Mellon,P1830,owner of,"Alfred Flechtheim --owner of--> A Centennial of Independence --owned by--> J. Paul Getty Museum --owner of--> A Woman Preparing Bread and Butter for a Boy --owned by--> Andrew W. Mellon --owner of--> Portrait of a man, possibly Adriaen van Ostade"
row1017,Q74128|Q82955,Q74128,Alfred Flechtheim,Q82955,politician,0,0,EXCLUDE,0.98,0,EXCLUDE,0.98,5,5,Q446858,Andrew W. Mellon,P106,occupation,Alfred Flechtheim --owner of--> A Centennial of Independence --owned by--> J. Paul Getty Museum --owner of--> A Woman Preparing Bread and Butter for a Boy --owned by--> Andrew W. Mellon --occupation--> politician
row1020,Q74128|Q15958642,Q74128,Alfred Flechtheim,Q15958642,political writer,0,0,EXCLUDE,0.98,0,EXCLUDE,0.98,5,5,Q352,Adolf Hitler,P106,occupation,Alfred Flechtheim --owner of--> Violin and Grapes --owned by--> E. & A. Silberman Galleries --owner of--> Cupid complaining to Venus --owned by--> Adolf Hitler --occupation--> political writer
row1060,Q74128|Q33231,Q74128,Alfred Flechtheim,Q33231,photographer,0,0,EXCLUDE,0.95,0,EXCLUDE,0.95,5,5,Q936710,Jacques-Émile Blanche,P106,occupation,Alfred Flechtheim --owner of--> A Centennial of Independence --owned by--> J. Paul Getty Museum --owner of--> Portrait of Madame Brunet --owned by--> Jacques-Émile Blanche --occupation--> photographer
row1101,Q74128|Q16917809,Q74128,Alfred Flechtheim,Q16917809,Pear Tree,1,1,INCLUDE,0.95,1,INCLUDE,0.95,5,5,Q27431468,Galerie St. Etienne,P1830,owner of,Alfred Flechtheim --owner of--> Violin and Grapes --owned by--> E. & A. Silberman Galleries --owner of--> Doctor Emma Veronika Sanders --owned by--> Galerie St. Etienne --owner of--> Pear Tree
row1112,Q74128|Q15472169,Q74128,Alfred Flechtheim,Q15472169,patron of the arts,1,0,EXCLUDE,0.85,0,EXCLUDE,0.85,5,5,Q2663888,Jan Gildemeester,P106,occupation,Alfred Flechtheim --owner of--> A Centennial of Independence --owned by--> J. Paul Getty Museum --owner of--> A Woman Preparing Bread and Butter for a Boy --owned by--> Jan Gildemeester --occupation--> patron of the arts
row1116,Q74128|Q21888081,Q74128,Alfred Flechtheim,Q21888081,Old man with a beard and beret,1,1,INCLUDE,0.95,1,INCLUDE,0.95,5,5,Q65299,"Heinrich, Baron Thyssen-Bornemisza de Kászon",P1830,owner of,"Alfred Flechtheim --owner of--> A Centennial of Independence --owned by--> J. Paul Getty Museum --owner of--> A Woman Preparing Bread and Butter for a Boy --owned by--> Heinrich, Baron Thyssen-Bornemisza de Kászon --owner of--> Old man with a beard and beret"
row1121,Q74128|Q1029706,Q74128,Alfred Flechtheim,Q1029706,New International Encyclopedia,0,0,EXCLUDE,0.98,0,EXCLUDE,0.98,5,5,Q302,Jesus,P1343,described by source,Alfred Flechtheim --owner of--> Violin and Grapes --owned by--> E. & A. Silberman Galleries --owner of--> Head of Christ --main subject--> Jesus --described by source--> New International Encyclopedia
row1122,Q74128|Q19190511,Q74128,Alfred Flechtheim,Q19190511,New Encyclopedic Dictionary,0,0,EXCLUDE,0.98,0,EXCLUDE,0.98,5,5,Q965335,"Charles de Morny, Duke of Morny",P1343,described by source,"Alfred Flechtheim --owner of--> Violin and Grapes --owned by--> E. & A. Silberman Galleries --owner of--> Portrait of a Man and Woman in an Interior --owned by--> Charles de Morny, Duke of Morny --described by source--> New Encyclopedic Dictionary"
row1126,Q74128|Q328376,Q74128,Alfred Flechtheim,Q328376,Nazi plunder,1,1,INCLUDE,0.95,1,INCLUDE,0.95,5,5,Q83488454,Revealed: National Gallery's Cranach is war loot,P921,main subject,Alfred Flechtheim --owner of--> Violin and Grapes --owned by--> E. & A. Silberman Galleries --owner of--> Cupid complaining to Venus --described by source--> Revealed: National Gallery's Cranach is war loot --main subject--> Nazi plunder
row1129,Q74128|Q7319,Q74128,Alfred Flechtheim,Q7319,Nazi Era,1,1,INCLUDE,0.9,1,INCLUDE,0.9,5,5,Q96971115,Whereabouts of paintings 1933,P921,main subject,Alfred Flechtheim --owner of--> Violin and Grapes --owned by--> E. & A. Silberman Galleries --owner of--> Cupid complaining to Venus --described by source--> Whereabouts of paintings 1933 --main subject--> Nazi Era
row1153,Q74128|Q51626,Q74128,Alfred Flechtheim,Q51626,Messiah,1,0,EXCLUDE,0.98,0,EXCLUDE,0.98,5,5,Q302,Jesus,P106,occupation,Alfred Flechtheim --owner of--> Violin and Grapes --owned by--> E. & A. Silberman Galleries --owner of--> Head of Christ --main subject--> Jesus --occupation--> Messiah
row1155,Q74128|Q99413897,Q74128,Alfred Flechtheim,Q99413897,Medvik,0,0,EXCLUDE,0.99,0,EXCLUDE,0.9,5,5,Q352,Adolf Hitler,P1343,described by source,Alfred Flechtheim --owner of--> Violin and Grapes --owned by--> E. & A. Silberman Galleries --owner of--> Cupid complaining to Venus --owned by--> Adolf Hitler --described by source--> Medvik
row1169,Q74128|Q51722332,Q74128,Alfred Flechtheim,Q51722332,Magdalena Haberstock,1,1,INCLUDE,0.9,1,INCLUDE,0.9,5,5,Q1731388,Karl Haberstock,P26,spouse,"Alfred Flechtheim --owner of--> Violin and Grapes --owned by--> E. & A. Silberman Galleries --owner of--> View of Pirna, from Sonnestein Castle --owned by--> Karl Haberstock --spouse--> Magdalena Haberstock"
row1181,Q74128|Q20087533,Q74128,Alfred Flechtheim,Q20087533,Le Fumeur,1,1,INCLUDE,0.95,1,INCLUDE,0.95,5,5,Q21078532,G. David Thompson,P1830,owner of,Alfred Flechtheim --owner of--> Violin and Grapes --owned by--> E. & A. Silberman Galleries --owner of--> Two Nudes --owned by--> G. David Thompson --owner of--> Le Fumeur
row1189,Q74128|Q47530987,Q74128,Alfred Flechtheim,Q47530987,Julius Böhler Jr.,1,1,INCLUDE,0.95,1,INCLUDE,0.95,5,5,Q47531053,Julius Böhler,P127,owned by,Alfred Flechtheim --owner of--> A Centennial of Independence --owned by--> J. Paul Getty Museum --owner of--> A Woman Preparing Bread and Butter for a Boy --owned by--> Julius Böhler --owned by--> Julius Böhler Jr.
row1193,Q74128|Q855,Q74128,Alfred Flechtheim,Q855,Joseph Stalin,0,0,EXCLUDE,0.95,0,EXCLUDE,0.95,5,5,Q352,Adolf Hitler,P3342,significant person,Alfred Flechtheim --owner of--> Violin and Grapes --owned by--> E. & A. Silberman Galleries --owner of--> Cupid complaining to Venus --owned by--> Adolf Hitler --significant person--> Joseph Stalin
row1238,Q74128|Q76157871,Q74128,Alfred Flechtheim,Q76157871,Helen Georgiana St. John-Mildmay,0,0,EXCLUDE,0.9,0,EXCLUDE,0.9,5,5,Q75603545,Henry Bingham Mildmay,P40,child,Alfred Flechtheim --owner of--> A Centennial of Independence --owned by--> J. Paul Getty Museum --owner of--> A Woman Preparing Bread and Butter for a Boy --owned by--> Henry Bingham Mildmay --child--> Helen Georgiana St. John-Mildmay
row1242,Q74128|Q670075,Q74128,Alfred Flechtheim,Q670075,Hans Heinrich Thyssen-Bornemisza,1,1,INCLUDE,0.95,1,INCLUDE,0.95,5,5,Q65299,"Heinrich, Baron Thyssen-Bornemisza de Kászon",P40,child,"Alfred Flechtheim --owner of--> A Centennial of Independence --owned by--> J. Paul Getty Museum --owner of--> A Woman Preparing Bread and Butter for a Boy --owned by--> Heinrich, Baron Thyssen-Bornemisza de Kászon --child--> Hans Heinrich Thyssen-Bornemisza"
row1260,Q74128|Q20078554,Q74128,Alfred Flechtheim,Q20078554,Great Soviet Encyclopedia (1926–1947),0,0,EXCLUDE,0.95,0,EXCLUDE,0.95,5,5,Q446858,Andrew W. Mellon,P1343,described by source,Alfred Flechtheim --owner of--> A Centennial of Independence --owned by--> J. Paul Getty Museum --owner of--> A Woman Preparing Bread and Butter for a Boy --owned by--> Andrew W. Mellon --described by source--> Great Soviet Encyclopedia (1926–1947)
row1420,Q74128|Q2142783,Q74128,Alfred Flechtheim,Q2142783,father of faith,0,0,EXCLUDE,0.99,0,EXCLUDE,0.99,5,5,Q302,Jesus,P106,occupation,Alfred Flechtheim --owner of--> Violin and Grapes --owned by--> E. & A. Silberman Galleries --owner of--> Head of Christ --main subject--> Jesus --occupation--> founder of a religion
row1425,Q74128|Q1979607,Q74128,Alfred Flechtheim,Q1979607,financier,0,0,EXCLUDE,0.95,0,EXCLUDE,0.95,5,5,Q965335,"Charles de Morny, Duke of Morny",P106,occupation,"Alfred Flechtheim --owner of--> Violin and Grapes --owned by--> E. & A. Silberman Galleries --owner of--> Portrait of a Man and Woman in an Interior --owned by--> Charles de Morny, Duke of Morny --occupation--> financier"
row1444,Q74128|Q106866308,Q74128,Alfred Flechtheim,Q106866308,Figures in a Landscape,1,1,INCLUDE,0.95,1,INCLUDE,0.95,5,5,Q21078532,G. David Thompson,P1830,owner of,Alfred Flechtheim --owner of--> Violin and Grapes --owned by--> E. & A. Silberman Galleries --owner of--> Two Nudes --owned by--> G. David Thompson --owner of--> Figures in a Landscape
row1464,Q74128|Q76433,Q74128,Alfred Flechtheim,Q76433,Eva Braun,0,0,EXCLUDE,0.9,0,EXCLUDE,0.9,5,5,Q352,Adolf Hitler,P26,spouse,Alfred Flechtheim --owner of--> Violin and Grapes --owned by--> E. & A. Silberman Galleries --owner of--> Cupid complaining to Venus --owned by--> Adolf Hitler --spouse--> Eva Braun
row1468,Q74128|Q105873816,Q74128,Alfred Flechtheim,Q105873816,Eugen Gutmann art collection,1,1,INCLUDE,0.95,1,INCLUDE,0.95,5,5,Q47531053,Julius Böhler,P1830,owner of,Alfred Flechtheim --owner of--> A Centennial of Independence --owned by--> J. Paul Getty Museum --owner of--> A Woman Preparing Bread and Butter for a Boy --owned by--> Julius Böhler --owner of--> Eugen Gutmann art collection
row1510,Q74128|Q329439,Q74128,Alfred Flechtheim,Q329439,engraver,0,0,EXCLUDE,0.95,0,EXCLUDE,0.95,5,5,Q936710,Jacques-Émile Blanche,P106,occupation,Alfred Flechtheim --owner of--> A Centennial of Independence --owned by--> J. Paul Getty Museum --owner of--> Portrait of Madame Brunet --owned by--> Jacques-Émile Blanche --occupation--> engraver
row1548,Q74128|Q1607826,Q74128,Alfred Flechtheim,Q1607826,editor,0,0,EXCLUDE,0.95,0,EXCLUDE,0.95,5,5,Q4904268,Curt Valentin,P106,occupation,Alfred Flechtheim --owner of--> Violin and Grapes --owned by--> E. & A. Silberman Galleries --owner of--> Doctor Emma Veronika Sanders --owned by--> Curt Valentin --occupation--> editor
row1597,Q74128|Q193391,Q74128,Alfred Flechtheim,Q193391,diplomat,0,0,EXCLUDE,0.95,0,EXCLUDE,0.95,5,5,Q446858,Andrew W. Mellon,P106,occupation,Alfred Flechtheim --owner of--> A Centennial of Independence --owned by--> J. Paul Getty Museum --owner of--> A Woman Preparing Bread and Butter for a Boy --owned by--> Andrew W. Mellon --occupation--> diplomat
row1602,Q74128|Q93734702,Q74128,Alfred Flechtheim,Q93734702,Die Zusammenarbeit der Kunsthandlungen Julius Böhler München und Karl Haberstock Berlin: Eine Analyse gemeinsam gehandelter Gemälde zwischen 1936 und 1945,1,1,INCLUDE,0.95,1,INCLUDE,0.95,5,5,Q47531053,Julius Böhler,P1343,described by source,Alfred Flechtheim --owner of--> A Centennial of Independence --owned by--> J. Paul Getty Museum --owner of--> A Woman Preparing Bread and Butter for a Boy --owned by--> Julius Böhler --described by source--> Die Zusammenarbeit der Kunsthandlungen Julius Böhler München und Karl Haberstock Berlin: Eine Analyse gemeinsam gehandelter Gemälde zwischen 1936 und 1945
row1607,Q74128|Q18939491,Q74128,Alfred Flechtheim,Q18939491,diarist,0,0,EXCLUDE,0.95,0,EXCLUDE,0.95,5,5,Q566895,Annie Adams Fields,P106,occupation,Alfred Flechtheim --owner of--> Two Poplars in the Alpilles near Saint-Rémy --owned by--> Cleveland Museum of Art --owner of--> The Brierwood Pipe --owned by--> Annie Adams Fields --occupation--> diarist
row1661,Q74128|Q19883783,Q74128,Alfred Flechtheim,Q19883783,Composition with Color Planes 5,1,1,INCLUDE,0.95,1,INCLUDE,0.95,5,5,Q21078532,G. David Thompson,P1830,owner of,Alfred Flechtheim --owner of--> Violin and Grapes --owned by--> E. & A. Silberman Galleries --owner of--> Two Nudes --owned by--> G. David Thompson --owner of--> Composition with Color Planes 5
row1731,Q74128|Q21069797,Q74128,Alfred Flechtheim,Q21069797,Charles Carstairs,1,1,INCLUDE,0.9,1,INCLUDE,0.9,5,5,Q10288073,M. Knoedler & Co.,P127,owned by,Alfred Flechtheim --owner of--> A Centennial of Independence --owned by--> J. Paul Getty Museum --owner of--> A Woman Preparing Bread and Butter for a Boy --owned by--> M. Knoedler & Co. --owned by--> Charles Carstairs
row1753,Q74128|Q106849354,Q74128,Alfred Flechtheim,Q106849354,Cataract of Figures,1,1,INCLUDE,0.95,1,INCLUDE,0.95,5,5,Q21078532,G. David Thompson,P1830,owner of,Alfred Flechtheim --owner of--> Violin and Grapes --owned by--> E. & A. Silberman Galleries --owner of--> Two Nudes --owned by--> G. David Thompson --owner of--> Cataract of Figures
row1809,Q74128|Q864380,Q74128,Alfred Flechtheim,Q864380,biographer,0,0,EXCLUDE,0.95,0,EXCLUDE,0.95,5,5,Q566895,Annie Adams Fields,P106,occupation,Alfred Flechtheim --owner of--> Two Poplars in the Alpilles near Saint-Rémy --owned by--> Cleveland Museum of Art --owner of--> The Brierwood Pipe --owned by--> Annie Adams Fields --occupation--> biographer
row1839,Q74128|Q23559,Q74128,Alfred Flechtheim,Q23559,Benito Mussolini,1,0,EXCLUDE,0.9,0,EXCLUDE,0.9,5,5,Q352,Adolf Hitler,P3342,significant person,Alfred Flechtheim --owner of--> Violin and Grapes --owned by--> E. & A. Silberman Galleries --owner of--> Cupid complaining to Venus --owned by--> Adolf Hitler --significant person--> Benito Mussolini
row1851,Q74128|Q20276076,Q74128,Alfred Flechtheim,Q20276076,Bathers by a River,1,1,INCLUDE,0.95,1,INCLUDE,0.95,5,5,Q17421703,Henry Pearlman,P1830,owner of,Alfred Flechtheim --owner of--> Violin and Grapes --owned by--> E. & A. Silberman Galleries --owner of--> Doctor Emma Veronika Sanders --owned by--> Henry Pearlman --owner of--> Bathers by a River
row1862,Q74128|Q806798,Q74128,Alfred Flechtheim,Q806798,banker,0,0,EXCLUDE,0.95,0,EXCLUDE,0.95,5,5,Q446858,Andrew W. Mellon,P106,occupation,Alfred Flechtheim --owner of--> A Centennial of Independence --owned by--> J. Paul Getty Museum --owner of--> A Woman Preparing Bread and Butter for a Boy --owned by--> Andrew W. Mellon --occupation--> banker
row1870,Q74128|Q64349,Q74128,Alfred Flechtheim,Q64349,August Thyssen,1,0,EXCLUDE,0.85,0,EXCLUDE,0.85,5,5,Q65299,"Heinrich, Baron Thyssen-Bornemisza de Kászon",P22,father,"Alfred Flechtheim --owner of--> A Centennial of Independence --owned by--> J. Paul Getty Museum --owner of--> A Woman Preparing Bread and Butter for a Boy --owned by--> Heinrich, Baron Thyssen-Bornemisza de Kászon --father--> August Thyssen"
row1886,Q74128|Q30335959,Q74128,Alfred Flechtheim,Q30335959,Art Looting Investigation Unit,1,1,INCLUDE,0.95,1,INCLUDE,0.95,5,5,Q1731388,Karl Haberstock,P1840,investigation of,"Alfred Flechtheim --owner of--> Violin and Grapes --owned by--> E. & A. Silberman Galleries --owner of--> View of Pirna, from Sonnestein Castle --owned by--> Karl Haberstock --investigation of--> Art Looting Investigation Unit"
row1962,Q74128|Q363383,Q74128,Alfred Flechtheim,Q363383,Armand Hammer,1,1,INCLUDE,0.9,1,INCLUDE,0.9,5,5,Q10288073,M. Knoedler & Co.,P127,owned by,Alfred Flechtheim --owner of--> A Centennial of Independence --owned by--> J. Paul Getty Museum --owner of--> A Woman Preparing Bread and Butter for a Boy --owned by--> M. Knoedler & Co. --owned by--> Armand Hammer
row1993,Q74128|Q46596638,Q74128,Alfred Flechtheim,Q46596638,Andrew W. Mellon collection,1,1,INCLUDE,0.95,1,INCLUDE,0.95,5,5,Q446858,Andrew W. Mellon,P1830,owner of,Alfred Flechtheim --owner of--> A Centennial of Independence --owned by--> J. Paul Getty Museum --owner of--> A Woman Preparing Bread and Butter for a Boy --owned by--> Andrew W. Mellon --owner of--> Andrew W. Mellon collection
row2036,Q74128|Q76157869,Q74128,Alfred Flechtheim,Q76157869,Alexander Richard St. John-Mildmay,0,0,EXCLUDE,0.95,0,EXCLUDE,0.95,5,5,Q75603545,Henry Bingham Mildmay,P40,child,Alfred Flechtheim --owner of--> A Centennial of Independence --owned by--> J. Paul Getty Museum --owner of--> A Woman Preparing Bread and Butter for a Boy --owned by--> Henry Bingham Mildmay --child--> Alexander Richard St. John-Mildmay
row2067,Q74128|Q60045,Q74128,Alfred Flechtheim,Q60045,Albert Speer,0,0,EXCLUDE,0.9,0,EXCLUDE,0.9,5,5,Q352,Adolf Hitler,P3342,significant person,Alfred Flechtheim --owner of--> Violin and Grapes --owned by--> E. & A. Silberman Galleries --owner of--> Cupid complaining to Venus --owned by--> Adolf Hitler --significant person--> Albert Speer
row2079,Q74128|Q405352,Q74128,Alfred Flechtheim,Q405352,Ailsa Mellon Bruce,1,1,INCLUDE,0.9,1,INCLUDE,0.9,5,5,Q446858,Andrew W. Mellon,P40,child,Alfred Flechtheim --owner of--> A Centennial of Independence --owned by--> J. Paul Getty Museum --owner of--> A Woman Preparing Bread and Butter for a Boy --owned by--> Andrew W. Mellon --child--> Ailsa Mellon Bruce
row279,Q867510|Q28837176,Q867510,Cypresses,Q28837176,Heilbrunn Timeline of Art History,0,1,INCLUDE,0.95,1,INCLUDE,0.95,1,1,Q867510,Cypresses,P1343,described by source,Cypresses --described by source--> Heilbrunn Timeline of Art History
row926,Q867510|Q96522,Q867510,Cypresses,Q96522,Salman Schocken,1,1,INCLUDE,0.99,1,INCLUDE,0.99,1,1,Q867510,Cypresses,P127,owned by,Cypresses --owned by--> Salman Schocken
row1405,Q867510|Q19502360,Q867510,Cypresses,Q19502360,Fritz Meyer-Fierz,1,1,INCLUDE,0.99,1,INCLUDE,0.99,1,1,Q867510,Cypresses,P127,owned by,Cypresses --owned by--> Fritz Meyer-Fierz
row646,Q867510|Q104694359,Q867510,Cypresses,Q104694359,WikiProject PCC Wikidata Pilot/Frick Art Reference Library,0,0,EXCLUDE,0.85,0,EXCLUDE,0.85,2,2,Q17421944,Justin K. Thannhauser,P5008,on focus list of Wikimedia project,Cypresses --owned by--> Justin K. Thannhauser --on focus list of Wikimedia project--> WikiProject PCC Wikidata Pilot/Frick Art Reference Library
row907,Q867510|Q28035859,Q867510,Cypresses,Q28035859,Still Life with Mangoes and a Hibiscus Flower,1,1,INCLUDE,0.95,1,INCLUDE,0.95,2,2,Q17421944,Justin K. Thannhauser,P1830,owner of,Cypresses --owned by--> Justin K. Thannhauser --owner of--> Still Life with Mangoes and a Hibiscus Flower
row1209,Q867510|Q28848149,Q867510,Cypresses,Q28848149,J. K. Thannhauser Art Gallery,1,1,INCLUDE,0.95,1,INCLUDE,0.95,2,2,Q17421944,Justin K. Thannhauser,P1830,owner of,Cypresses --owned by--> Justin K. Thannhauser --owner of--> J. K. Thannhauser Art Gallery
row1498,Q867510|Q131524,Q867510,Cypresses,Q131524,entrepreneur,0,0,EXCLUDE,0.99,0,EXCLUDE,0.99,2,2,Q19502360,Fritz Meyer-Fierz,P106,occupation,Cypresses --owned by--> Fritz Meyer-Fierz --occupation--> entrepreneur
row1770,Q867510|Q43845,Q867510,Cypresses,Q43845,businessperson,0,0,EXCLUDE,0.99,0,EXCLUDE,0.99,2,2,Q96522,Salman Schocken,P106,occupation,Cypresses --owned by--> Salman Schocken --occupation--> businessperson
row1907,Q867510|Q173950,Q867510,Cypresses,Q173950,art dealer,1,1,INCLUDE,0.95,1,INCLUDE,0.95,2,2,Q17421944,Justin K. Thannhauser,P106,occupation,Cypresses --owned by--> Justin K. Thannhauser --occupation--> art dealer
row1926,Q867510|Q10732476,Q867510,Cypresses,Q10732476,art collector,1,1,INCLUDE,0.95,1,INCLUDE,0.95,2,2,Q19502360,Fritz Meyer-Fierz,P106,occupation,Cypresses --owned by--> Fritz Meyer-Fierz --occupation--> art collector
row143,Q867510|Q1768721,Q867510,Cypresses,Q1768721,Gujin Tushu Jicheng,0,0,PRUNED_BY_ANCESTOR,,0,EXCLUDE,0.99,3,3,Q43845,businessperson,P1343,described by source,Cypresses --owned by--> Salman Schocken --occupation--> businessperson --described by source--> Gujin Tushu Jicheng
row208,Q867510|Q3067376,Q867510,Cypresses,Q3067376,Jacques Seligmann & Company,1,1,INCLUDE,0.95,1,INCLUDE,0.95,3,3,Q1799228,La Vie,P127,owned by,Cypresses --owned by--> Justin K. Thannhauser --owner of--> La Vie --owned by--> Jacques Seligmann & Company
row240,Q867510|Q18347243,Q867510,Cypresses,Q18347243,Lefevre Gallery,1,1,INCLUDE,0.95,1,INCLUDE,0.95,3,3,Q1799228,La Vie,P127,owned by,Cypresses --owned by--> Justin K. Thannhauser --owner of--> La Vie --owned by--> Lefevre Gallery
row351,Q867510|Q49757,Q867510,Cypresses,Q49757,poet,0,0,EXCLUDE,0.95,0,EXCLUDE,0.95,3,3,Q2909083,Gershom Schocken,P106,occupation,Cypresses --owned by--> Salman Schocken --child--> Gershom Schocken --occupation--> poet
row630,Q867510|Q10288082,Q867510,Cypresses,Q10288082,Wildenstein & Company,1,1,INCLUDE,0.99,1,INCLUDE,0.99,3,3,Q41516006,Lormes:  Goat-Girl Sitting Beside a Stream in a Forest,P127,owned by,Cypresses --owned by--> Justin K. Thannhauser --owner of--> Lormes:  Goat-Girl Sitting Beside a Stream in a Forest --owned by--> Wildenstein & Company
row841,Q867510|Q56555894,Q867510,Cypresses,Q56555894,Theodore Schempp,1,1,INCLUDE,0.99,1,INCLUDE,0.99,3,3,Q1799228,La Vie,P127,owned by,Cypresses --owned by--> Justin K. Thannhauser --owner of--> La Vie --owned by--> Theodore Schempp
row953,Q867510|Q2148186,Q867510,Cypresses,Q2148186,Rhode Island School of Design Museum,1,1,INCLUDE,0.99,1,INCLUDE,0.99,3,3,Q1799228,La Vie,P127,owned by,Cypresses --owned by--> Justin K. Thannhauser --owner of--> La Vie --owned by--> Rhode Island School of Design Museum
row1011,Q867510|Q82955,Q867510,Cypresses,Q82955,politician,0,0,EXCLUDE,0.99,0,EXCLUDE,0.99,3,3,Q2909083,Gershom Schocken,P106,occupation,Cypresses --owned by--> Salman Schocken --child--> Gershom Schocken --occupation--> politician
row1137,Q867510|Q1565911,Q867510,Cypresses,Q1565911,"Museum of Fine Arts, Houston",1,1,INCLUDE,0.99,1,INCLUDE,0.99,3,3,Q28035859,Still Life with Mangoes and a Hibiscus Flower,P127,owned by,"Cypresses --owned by--> Justin K. Thannhauser --owner of--> Still Life with Mangoes and a Hibiscus Flower --owned by--> Museum of Fine Arts, Houston"
row1383,Q867510|Q47001605,Q867510,Cypresses,Q47001605,Galerie Fischer,1,1,INCLUDE,0.99,1,INCLUDE,0.99,3,3,Q28035859,Still Life with Mangoes and a Hibiscus Flower,P127,owned by,Cypresses --owned by--> Justin K. Thannhauser --owner of--> Still Life with Mangoes and a Hibiscus Flower --owned by--> Galerie Fischer
row1473,Q867510|Q20730464,Q867510,Cypresses,Q20730464,Étienne Bignou,1,1,INCLUDE,0.99,1,INCLUDE,0.99,3,3,Q1799228,La Vie,P127,owned by,Cypresses --owned by--> Justin K. Thannhauser --owner of--> La Vie --owned by--> Étienne Bignou
row1580,Q867510|Q107676574,Q867510,Cypresses,Q107676574,Dr. Fritz Rosenfeld,1,1,INCLUDE,0.95,1,INCLUDE,0.95,3,3,Q28035859,Still Life with Mangoes and a Hibiscus Flower,P127,owned by,Cypresses --owned by--> Justin K. Thannhauser --owner of--> Still Life with Mangoes and a Hibiscus Flower --owned by--> Dr. Fritz Rosenfeld
row1586,Q867510|Q25391673,Q867510,Cypresses,Q25391673,Domenica Walter,1,1,INCLUDE,0.95,1,INCLUDE,0.95,3,3,Q11771568,Madame Augustine Roulin with Baby,P127,owned by,Cypresses --owned by--> Justin K. Thannhauser --owner of--> Madame Augustine Roulin with Baby --owned by--> Domenica Walter
row1678,Q867510|Q60729883,Q867510,Cypresses,Q60729883,Cleveland Museum of Art Open Access project,0,0,EXCLUDE,0.9,0,EXCLUDE,0.9,3,3,Q1799228,La Vie,P5008,on focus list of Wikimedia project,Cypresses --owned by--> Justin K. Thannhauser --owner of--> La Vie --on focus list of Wikimedia project--> Cleveland Museum of Art Open Access project
row1683,Q867510|Q657415,Q867510,Cypresses,Q657415,Cleveland Museum of Art,1,1,INCLUDE,0.99,1,INCLUDE,0.99,3,3,Q1799228,La Vie,P127,owned by,Cypresses --owned by--> Justin K. Thannhauser --owner of--> La Vie --owned by--> Cleveland Museum of Art
row1853,Q867510|Q806798,Q867510,Cypresses,Q806798,banker,0,0,EXCLUDE,0.95,0,EXCLUDE,0.95,3,3,Q2909083,Gershom Schocken,P106,occupation,Cypresses --owned by--> Salman Schocken --child--> Gershom Schocken --occupation--> banker
row2003,Q867510|Q28860082,Q867510,Cypresses,Q28860082,Amédée Schuffenecker,1,1,INCLUDE,0.95,1,INCLUDE,0.95,3,3,Q11771568,Madame Augustine Roulin with Baby,P127,owned by,Cypresses --owned by--> Justin K. Thannhauser --owner of--> Madame Augustine Roulin with Baby --owned by--> Amédée Schuffenecker
row4,Q867510|Q36180,Q867510,Cypresses,Q36180,writer,0,0,EXCLUDE,0.9,0,EXCLUDE,0.9,4,4,Q264193,Émile Bernard,P106,occupation,Cypresses --owned by--> Justin K. Thannhauser --owner of--> Madame Augustine Roulin with Baby --owned by--> Émile Bernard --occupation--> writer
row23,Q867510|Q47309996,Q867510,Cypresses,Q47309996,Adolf Wuester,1,1,INCLUDE,0.9,1,INCLUDE,0.9,4,4,Q20730464,Étienne Bignou,P3342,significant person,Cypresses --owned by--> Justin K. Thannhauser --owner of--> La Vie --owned by--> Étienne Bignou --significant person--> Adolf Wuester
row30,Q867510|Q68074438,Q867510,Cypresses,Q68074438,WikiProject Livius,0,0,EXCLUDE,0.95,0,EXCLUDE,0.95,4,4,Q657415,Cleveland Museum of Art,P5008,on focus list of Wikimedia project,Cypresses --owned by--> Justin K. Thannhauser --owner of--> La Vie --owned by--> Cleveland Museum of Art --on focus list of Wikimedia project--> WikiProject Livius
row42,Q867510|Q18745022,Q867510,Cypresses,Q18745022,Alec N. Wildenstein,1,1,INCLUDE,0.95,1,INCLUDE,0.95,4,4,Q10288082,Wildenstein & Company,P127,owned by,Cypresses --owned by--> Justin K. Thannhauser --owner of--> Lormes:  Goat-Girl Sitting Beside a Stream in a Forest --owned by--> Wildenstein & Company --owned by--> Alec N. Wildenstein
row61,Q867510|Q19912997,Q867510,Cypresses,Q19912997,Barges at Pontoise,1,1,INCLUDE,0.95,1,INCLUDE,0.95,4,4,Q56555894,Theodore Schempp,P1830,owner of,Cypresses --owned by--> Justin K. Thannhauser --owner of--> La Vie --owned by--> Theodore Schempp --owner of--> Barges at Pontoise
row84,Q867510|Q4114391,Q867510,Cypresses,Q4114391,Sytin Military Encyclopedia,0,0,EXCLUDE,0.99,0,EXCLUDE,0.99,4,4,Q189290,military officer,P1343,described by source,Cypresses --owned by--> Salman Schocken --child--> Gideon Schocken --occupation--> military officer --described by source--> Sytin Military Encyclopedia
row104,Q867510|Q21785872,Q867510,Cypresses,Q21785872,"Edge of the Woods Near L'Hermitage, Pontoise",1,1,INCLUDE,0.95,1,INCLUDE,0.95,4,4,Q10288082,Wildenstein & Company,P1830,owner of,"Cypresses --owned by--> Justin K. Thannhauser --owner of--> Lormes:  Goat-Girl Sitting Beside a Stream in a Forest --owned by--> Wildenstein & Company --owner of--> Edge of the Woods Near L'Hermitage, Pontoise"
row140,Q867510|Q47035126,Q867510,Cypresses,Q47035126,Gottfried Tanner,1,1,INCLUDE,0.9,1,INCLUDE,0.9,4,4,Q20730464,Étienne Bignou,P3342,significant person,Cypresses --owned by--> Justin K. Thannhauser --owner of--> La Vie --owned by--> Étienne Bignou --significant person--> Gottfried Tanner
row160,Q867510|Q58433306,Q867510,Cypresses,Q58433306,"Hans Haacke,Framing and Being Framed: 7 Works, 1970–75",1,1,INCLUDE,0.85,1,INCLUDE,0.85,4,4,Q1773840,provenance,P1343,described by source,"Cypresses --owned by--> Justin K. Thannhauser --on focus list of Wikimedia project--> WikiProject Provenance --main subject--> provenance --described by source--> Hans Haacke,Framing and Being Framed: 7 Works, 1970–75"
row169,Q867510|Q89929597,Q867510,Cypresses,Q89929597,hedendaagsesieraden.nl,0,0,EXCLUDE,0.95,0,EXCLUDE,0.95,4,4,Q1565911,"Museum of Fine Arts, Houston",P1343,described by source,"Cypresses --owned by--> Justin K. Thannhauser --owner of--> Still Life with Mangoes and a Hibiscus Flower --owned by--> Museum of Fine Arts, Houston --described by source--> hedendaagsesieraden.nl"
row192,Q867510|Q106727050,Q867510,Cypresses,Q106727050,Metropolitan Museum of Art Tagging Vocabulary,1,0,PRUNED_BY_ANCESTOR,,0,EXCLUDE,0.98,5,4,Q49757,poet,P1343,described by source,Cypresses --owned by--> Salman Schocken --child--> Gershom Schocken --occupation--> poet --described by source--> Metropolitan Museum of Art Tagging Vocabulary
row209,Q867510|Q100708933,Q867510,Cypresses,Q100708933,Martin Fabiani,1,1,INCLUDE,0.95,1,INCLUDE,0.95,4,4,Q20730464,Étienne Bignou,P3342,significant person,Cypresses --owned by--> Justin K. Thannhauser --owner of--> La Vie --owned by--> Étienne Bignou --significant person--> Martin Fabiani
row214,Q867510|Q3175096,Q867510,Cypresses,Q3175096,Jean Walter,1,1,INCLUDE,0.9,1,INCLUDE,0.9,4,4,Q25391673,Domenica Walter,P26,spouse,Cypresses --owned by--> Justin K. Thannhauser --owner of--> Madame Augustine Roulin with Baby --owned by--> Domenica Walter --spouse--> Jean Walter
row273,Q867510|Q49246672,Q867510,Cypresses,Q49246672,Mount of Sainte-Victoire,1,1,INCLUDE,0.95,1,INCLUDE,0.95,4,4,Q20730464,Étienne Bignou,P1830,owner of,Cypresses --owned by--> Justin K. Thannhauser --owner of--> La Vie --owned by--> Étienne Bignou --owner of--> Mount of Sainte-Victoire
row275,Q867510|Q12954454,Q867510,Cypresses,Q12954454,Nathan Wildenstein,1,1,INCLUDE,0.98,1,INCLUDE,0.98,4,4,Q10288082,Wildenstein & Company,P127,owned by,Cypresses --owned by--> Justin K. Thannhauser --owner of--> Lormes:  Goat-Girl Sitting Beside a Stream in a Forest --owned by--> Wildenstein & Company --owned by--> Nathan Wildenstein
row293,Q867510|Q67311526,Q867510,Cypresses,Q67311526,Obalky knih.cz,0,0,EXCLUDE,0.98,0,EXCLUDE,0.98,4,4,Q264193,Émile Bernard,P1343,described by source,Cypresses --owned by--> Justin K. Thannhauser --owner of--> Madame Augustine Roulin with Baby --owned by--> Émile Bernard --described by source--> Obalky knih.cz
row315,Q867510|Q20078554,Q867510,Cypresses,Q20078554,Great Soviet Encyclopedia (1926–1947),0,0,EXCLUDE,0.95,0,EXCLUDE,0.95,4,4,Q264193,Émile Bernard,P1343,described by source,Cypresses --owned by--> Justin K. Thannhauser --owner of--> Madame Augustine Roulin with Baby --owned by--> Émile Bernard --described by source--> Great Soviet Encyclopedia (1926–1947)
row354,Q867510|Q1970746,Q867510,Cypresses,Q1970746,Explanatory Dictionary of the Living Great Russian Language,0,0,EXCLUDE,0.99,0,EXCLUDE,0.99,4,4,Q189290,military officer,P1343,described by source,Cypresses --owned by--> Salman Schocken --child--> Gideon Schocken --occupation--> military officer --described by source--> Explanatory Dictionary of the Living Great Russian Language
row377,Q867510|Q27096203,Q867510,Cypresses,Q27096203,Saint John the Baptist,1,1,INCLUDE,0.9,1,INCLUDE,0.9,4,4,Q657415,Cleveland Museum of Art,P1830,owner of,Cypresses --owned by--> Justin K. Thannhauser --owner of--> La Vie --owned by--> Cleveland Museum of Art --owner of--> Saint John the Baptist
row416,Q867510|Q73357989,Q867510,Cypresses,Q73357989,Survey of GLAM open access policy and practice,0,0,EXCLUDE,0.95,0,EXCLUDE,0.95,4,4,Q2148186,Rhode Island School of Design Museum,P1343,described by source,Cypresses --owned by--> Justin K. Thannhauser --owner of--> La Vie --owned by--> Rhode Island School of Design Museum --described by source--> Survey of GLAM open access policy and practice
row451,Q867510|Q602358,Q867510,Cypresses,Q602358,Brockhaus and Efron Encyclopedic Dictionary,0,0,EXCLUDE,0.99,0,EXCLUDE,0.99,4,4,Q189290,military officer,P1343,described by source,Cypresses --owned by--> Salman Schocken --child--> Gideon Schocken --occupation--> military officer --described by source--> Brockhaus and Efron Encyclopedic Dictionary
row465,Q867510|Q7720110,Q867510,Cypresses,Q7720110,The Brierwood Pipe,0,1,INCLUDE,0.9,1,INCLUDE,0.9,4,4,Q657415,Cleveland Museum of Art,P1830,owner of,Cypresses --owned by--> Justin K. Thannhauser --owner of--> La Vie --owned by--> Cleveland Museum of Art --owner of--> The Brierwood Pipe
row495,Q867510|Q30335959,Q867510,Cypresses,Q30335959,Art Looting Investigation Unit,1,1,INCLUDE,0.98,1,INCLUDE,0.98,4,4,Q20730464,Étienne Bignou,P1840,investigation of,Cypresses --owned by--> Justin K. Thannhauser --owner of--> La Vie --owned by--> Étienne Bignou --investigation of--> Art Looting Investigation Unit
row553,Q867510|Q4091878,Q867510,Cypresses,Q4091878,Yuzhakov Big Encyclopedia,0,0,EXCLUDE,0.99,0,EXCLUDE,0.99,4,4,Q189290,military officer,P1343,described by source,Cypresses --owned by--> Salman Schocken --child--> Gideon Schocken --occupation--> military officer --described by source--> Yuzhakov Big Encyclopedia
row580,Q867510|Q20539215,Q867510,Cypresses,Q20539215,Woman Sewing before a Garden Window,1,1,INCLUDE,0.95,1,INCLUDE,0.95,4,4,Q10288082,Wildenstein & Company,P1830,owner of,Cypresses --owned by--> Justin K. Thannhauser --owner of--> Lormes:  Goat-Girl Sitting Beside a Stream in a Forest --owned by--> Wildenstein & Company --owner of--> Woman Sewing before a Garden Window
row585,Q867510|Q60469188,Q867510,Cypresses,Q60469188,Woman Reading,1,1,INCLUDE,0.95,1,INCLUDE,0.95,4,4,Q10288082,Wildenstein & Company,P1830,owner of,Cypresses --owned by--> Justin K. Thannhauser --owner of--> Lormes:  Goat-Girl Sitting Beside a Stream in a Forest --owned by--> Wildenstein & Company --owner of--> Woman Reading
row700,Q867510|Q107177051,Q867510,Cypresses,Q107177051,Walter Feilchenfeldt Jr.,1,1,INCLUDE,0.95,1,INCLUDE,0.95,4,4,Q90927,Marianne Breslauer (Feilchenfeldt),P40,child,Cypresses --owned by--> Justin K. Thannhauser --owner of--> Still Life with Mangoes and a Hibiscus Flower --owned by--> Marianne Breslauer (Feilchenfeldt) --child--> Walter Feilchenfeldt Jr.
row704,Q867510|Q2544162,Q867510,Cypresses,Q2544162,Walter Feilchenfeldt,1,1,INCLUDE,0.95,1,INCLUDE,0.95,4,4,Q90927,Marianne Breslauer (Feilchenfeldt),P26,spouse,Cypresses --owned by--> Justin K. Thannhauser --owner of--> Still Life with Mangoes and a Hibiscus Flower --owned by--> Marianne Breslauer (Feilchenfeldt) --spouse--> Walter Feilchenfeldt
row728,Q867510|Q3391743,Q867510,Cypresses,Q3391743,visual artist,0,0,EXCLUDE,0.95,0,EXCLUDE,0.95,4,4,Q264193,Émile Bernard,P106,occupation,Cypresses --owned by--> Justin K. Thannhauser --owner of--> Madame Augustine Roulin with Baby --owned by--> Émile Bernard --occupation--> visual artist
row778,Q867510|Q1622272,Q867510,Cypresses,Q1622272,university teacher,0,0,EXCLUDE,0.95,0,EXCLUDE,0.95,4,4,Q6813593,Shimon Schocken,P106,occupation,Cypresses --owned by--> Salman Schocken --child--> Gideon Schocken --child--> Shimon Schocken --occupation--> university teacher
row882,Q867510|Q21479251,Q867510,Cypresses,Q21479251,The Lock at Pontoise,1,1,INCLUDE,0.9,1,INCLUDE,0.9,4,4,Q10288082,Wildenstein & Company,P1830,owner of,Cypresses --owned by--> Justin K. Thannhauser --owner of--> Lormes:  Goat-Girl Sitting Beside a Stream in a Forest --owned by--> Wildenstein & Company --owner of--> The Lock at Pontoise
row938,Q867510|Q104917373,Q867510,Cypresses,Q104917373,Romantic Painting with Ruins,1,1,INCLUDE,0.95,1,INCLUDE,0.95,4,4,Q47001605,Galerie Fischer,P1830,owner of,Cypresses --owned by--> Justin K. Thannhauser --owner of--> Still Life with Mangoes and a Hibiscus Flower --owned by--> Galerie Fischer --owner of--> Romantic Painting with Ruins
row988,Q867510|Q60514834,Q867510,Cypresses,Q60514834,Portrait of a Woman as Diana,1,1,INCLUDE,0.95,1,INCLUDE,0.95,4,4,Q10288082,Wildenstein & Company,P1830,owner of,Cypresses --owned by--> Justin K. Thannhauser --owner of--> Lormes:  Goat-Girl Sitting Beside a Stream in a Forest --owned by--> Wildenstein & Company --owner of--> Portrait of a Woman as Diana
row1055,Q867510|Q33231,Q867510,Cypresses,Q33231,photographer,0,0,EXCLUDE,0.95,0,EXCLUDE,0.95,4,4,Q264193,Émile Bernard,P106,occupation,Cypresses --owned by--> Justin K. Thannhauser --owner of--> Madame Augustine Roulin with Baby --owned by--> Émile Bernard --occupation--> photographer
row1163,Q867510|Q78684258,Q867510,Cypresses,Q78684258,Mandolin and Vase of Flowers,1,1,INCLUDE,0.95,1,INCLUDE,0.95,4,4,Q56555894,Theodore Schempp,P1830,owner of,Cypresses --owned by--> Justin K. Thannhauser --owner of--> La Vie --owned by--> Theodore Schempp --owner of--> Mandolin and Vase of Flowers
row1232,Q867510|Q15432931,Q867510,Cypresses,Q15432931,Hermann Bunjes,1,1,INCLUDE,0.9,1,INCLUDE,0.9,4,4,Q20730464,Étienne Bignou,P3342,significant person,Cypresses --owned by--> Justin K. Thannhauser --owner of--> La Vie --owned by--> Étienne Bignou --significant person--> Hermann Bunjes
row1255,Q867510|Q20078554,Q867510,Cypresses,Q20078554,Great Soviet Encyclopedia (1926–1947),0,0,EXCLUDE,0.95,0,EXCLUDE,0.95,4,4,Q264193,Émile Bernard,P1343,described by source,Cypresses --owned by--> Justin K. Thannhauser --owner of--> Madame Augustine Roulin with Baby --owned by--> Émile Bernard --described by source--> Great Soviet Encyclopedia (1926–1947)
row1269,Q867510|Q1925963,Q867510,Cypresses,Q1925963,graphic artist,0,0,EXCLUDE,0.95,0,EXCLUDE,0.95,4,4,Q264193,Émile Bernard,P106,occupation,Cypresses --owned by--> Justin K. Thannhauser --owner of--> Madame Augustine Roulin with Baby --owned by--> Émile Bernard --occupation--> graphic artist
row1345,Q867510|Q215626,Q867510,Cypresses,Q215626,Georges Wildenstein,1,1,INCLUDE,0.95,1,INCLUDE,0.95,4,4,Q10288082,Wildenstein & Company,P127,owned by,Cypresses --owned by--> Justin K. Thannhauser --owner of--> Lormes:  Goat-Girl Sitting Beside a Stream in a Forest --owned by--> Wildenstein & Company --owned by--> Georges Wildenstein
row1507,Q867510|Q329439,Q867510,Cypresses,Q329439,engraver,0,0,EXCLUDE,0.95,0,EXCLUDE,0.95,4,4,Q264193,Émile Bernard,P106,occupation,Cypresses --owned by--> Justin K. Thannhauser --owner of--> Madame Augustine Roulin with Baby --owned by--> Émile Bernard --occupation--> engraver
row1512,Q867510|Q81096,Q867510,Cypresses,Q81096,engineer,0,0,EXCLUDE,0.95,0,EXCLUDE,0.95,4,4,Q1973544,Leonid Nevzlin,P106,occupation,Cypresses --owned by--> Salman Schocken --owner of--> Haaretz --owned by--> Leonid Nevzlin --occupation--> engineer
row1522,Q867510|Q96297,Q867510,Cypresses,Q96297,Emil Georg Bührle,1,1,INCLUDE,0.95,1,INCLUDE,0.95,4,4,Q47001605,Galerie Fischer,P3342,significant person,Cypresses --owned by--> Justin K. Thannhauser --owner of--> Still Life with Mangoes and a Hibiscus Flower --owned by--> Galerie Fischer --significant person--> Emil Georg Bührle
row1571,Q867510|Q14623005,Q867510,Cypresses,Q14623005,draftsperson,0,0,EXCLUDE,0.95,0,EXCLUDE,0.95,4,4,Q264193,Émile Bernard,P106,occupation,Cypresses --owned by--> Justin K. Thannhauser --owner of--> Madame Augustine Roulin with Baby --owned by--> Émile Bernard --occupation--> draftsperson
row1621,Q867510|Q723358,Q867510,Cypresses,Q723358,Daniel Wildenstein,1,1,INCLUDE,0.95,1,INCLUDE,0.95,4,4,Q10288082,Wildenstein & Company,P127,owned by,Cypresses --owned by--> Justin K. Thannhauser --owner of--> Lormes:  Goat-Girl Sitting Beside a Stream in a Forest --owned by--> Wildenstein & Company --owned by--> Daniel Wildenstein
row1643,Q867510|Q60476309,Q867510,Cypresses,Q60476309,Countess Széchenyi,1,1,INCLUDE,0.9,1,INCLUDE,0.9,4,4,Q47001605,Galerie Fischer,P1830,owner of,Cypresses --owned by--> Justin K. Thannhauser --owner of--> Still Life with Mangoes and a Hibiscus Flower --owned by--> Galerie Fischer --owner of--> Countess Széchenyi
row1725,Q867510|Q21069797,Q867510,Cypresses,Q21069797,Charles Carstairs,1,1,INCLUDE,0.95,1,INCLUDE,0.95,4,4,Q10288073,M. Knoedler & Co.,P127,owned by,Cypresses --owned by--> Justin K. Thannhauser --owner of--> Madame Augustine Roulin with Baby --owned by--> M. Knoedler & Co. --owned by--> Charles Carstairs
row1789,Q867510|Q66677,Q867510,Cypresses,Q66677,Bruno Paul,1,0,EXCLUDE,0.9,0,EXCLUDE,0.9,4,4,Q877099,M. DuMont Schauberg,P3342,significant person,Cypresses --owned by--> Salman Schocken --owner of--> Haaretz --owned by--> M. DuMont Schauberg --significant person--> Bruno Paul
row1812,Q867510|Q15619234,Q867510,Cypresses,Q15619234,Bignou Gallery,1,1,INCLUDE,0.95,1,INCLUDE,0.95,4,4,Q20730464,Étienne Bignou,P1830,owner of,Cypresses --owned by--> Justin K. Thannhauser --owner of--> La Vie --owned by--> Étienne Bignou --owner of--> Bignou Gallery
row1833,Q867510|Q318815,Q867510,Cypresses,Q318815,Bergier commission,1,1,INCLUDE,0.99,1,INCLUDE,0.99,4,4,Q47001605,Galerie Fischer,P1840,investigation of,Cypresses --owned by--> Justin K. Thannhauser --owner of--> Still Life with Mangoes and a Hibiscus Flower --owned by--> Galerie Fischer --investigation of--> Bergier commission
row1950,Q867510|Q2657718,Q867510,Cypresses,Q2657718,Armenian Soviet Encyclopedia,0,0,EXCLUDE,0.95,0,EXCLUDE,0.95,4,4,Q189290,military officer,P1343,described by source,Cypresses --owned by--> Salman Schocken --child--> Gideon Schocken --occupation--> military officer --described by source--> Armenian Soviet Encyclopedia
row1956,Q867510|Q363383,Q867510,Cypresses,Q363383,Armand Hammer,1,1,INCLUDE,0.95,1,INCLUDE,0.95,4,4,Q10288073,M. Knoedler & Co.,P127,owned by,Cypresses --owned by--> Justin K. Thannhauser --owner of--> Madame Augustine Roulin with Baby --owned by--> M. Knoedler & Co. --owned by--> Armand Hammer
row1964,Q867510|Q42973,Q867510,Cypresses,Q42973,architect,0,0,EXCLUDE,0.95,0,EXCLUDE,0.95,4,4,Q6837474,Hillel Schocken,P106,occupation,Cypresses --owned by--> Salman Schocken --child--> Gershom Schocken --child--> Hillel Schocken --occupation--> architect
row2016,Q867510|Q2644753,Q867510,Cypresses,Q2644753,Alfred Breslauer,1,0,EXCLUDE,0.8,0,EXCLUDE,0.8,4,4,Q90927,Marianne Breslauer (Feilchenfeldt),P22,father,Cypresses --owned by--> Justin K. Thannhauser --owner of--> Still Life with Mangoes and a Hibiscus Flower --owned by--> Marianne Breslauer (Feilchenfeldt) --father--> Alfred Breslauer
row52,Q867510|Q120993,Q867510,Cypresses,Q120993,Amedeo Modigliani,1,1,INCLUDE,0.85,1,INCLUDE,0.85,5,5,Q726881,Paul Guillaume,P3342,significant person,Cypresses --owned by--> Justin K. Thannhauser --owner of--> Madame Augustine Roulin with Baby --owned by--> Domenica Walter --spouse--> Paul Guillaume --significant person--> Amedeo Modigliani
row181,Q867510|Q16000367,Q867510,Cypresses,Q16000367,horse breeder,0,0,EXCLUDE,0.9,0,EXCLUDE,0.9,5,5,Q100708933,Martin Fabiani,P106,occupation,Cypresses --owned by--> Justin K. Thannhauser --owner of--> La Vie --owned by--> Étienne Bignou --significant person--> Martin Fabiani --occupation--> horse breeder
row187,Q867510|Q333256,Q867510,Cypresses,Q333256,"Hugh Grosvenor, 1st Duke of Westminster",0,1,INCLUDE,0.95,1,INCLUDE,0.95,5,5,Q60469507,Laban Searching for his Stolen Household Gods,P127,owned by,"Cypresses --owned by--> Justin K. Thannhauser --owner of--> Lormes:  Goat-Girl Sitting Beside a Stream in a Forest --owned by--> Wildenstein & Company --owner of--> Laban Searching for his Stolen Household Gods --owned by--> Hugh Grosvenor, 1st Duke of Westminster"
row231,Q867510|Q26689481,Q867510,Cypresses,Q26689481,La Ferté,1,1,INCLUDE,0.85,1,INCLUDE,0.85,5,5,Q17177416,Jacques Dubourg,P1830,owner of,Cypresses --owned by--> Justin K. Thannhauser --owner of--> La Vie --owned by--> Theodore Schempp --significant person--> Jacques Dubourg --owner of--> La Ferté
row258,Q867510|Q99413897,Q867510,Cypresses,Q99413897,Medvik,0,0,EXCLUDE,0.95,0,EXCLUDE,0.95,5,5,Q363383,Armand Hammer,P1343,described by source,Cypresses --owned by--> Justin K. Thannhauser --owner of--> Madame Augustine Roulin with Baby --owned by--> M. Knoedler & Co. --owned by--> Armand Hammer --described by source--> Medvik
row438,Q867510|Q1039808,Q867510,Cypresses,Q1039808,Carl Montag,1,1,INCLUDE,0.85,1,INCLUDE,0.85,5,5,Q47035126,Gottfried Tanner,P3342,significant person,Cypresses --owned by--> Justin K. Thannhauser --owner of--> La Vie --owned by--> Étienne Bignou --significant person--> Gottfried Tanner --significant person--> Carl Montag
row441,Q867510|Q3658608,Q867510,Cypresses,Q3658608,caricaturist,0,0,PRUNED_BY_ANCESTOR,,0,EXCLUDE,0.95,5,5,Q66677,Bruno Paul,P106,occupation,Cypresses --owned by--> Salman Schocken --owner of--> Haaretz --owned by--> M. DuMont Schauberg --significant person--> Bruno Paul --occupation--> caricaturist
row446,Q867510|Q108829905,Q867510,Cypresses,Q108829905,Bruno Paul : the life and work of a pragmatic modernist,1,0,PRUNED_BY_ANCESTOR,,0,EXCLUDE,0.95,5,5,Q66677,Bruno Paul,P1343,described by source,Cypresses --owned by--> Salman Schocken --owner of--> Haaretz --owned by--> M. DuMont Schauberg --significant person--> Bruno Paul --described by source--> Bruno Paul : the life and work of a pragmatic modernist
row481,Q867510|Q45320214,Q867510,Cypresses,Q45320214,Beteiligte Privatpersonen und Körperschaften am NS-Kulturgutraub,1,1,INCLUDE,0.99,1,INCLUDE,0.99,5,5,Q100708933,Martin Fabiani,P1343,described by source,Cypresses --owned by--> Justin K. Thannhauser --owner of--> La Vie --owned by--> Étienne Bignou --significant person--> Martin Fabiani --described by source--> Beteiligte Privatpersonen und Körperschaften am NS-Kulturgutraub
row519,Q867510|Q2837972,Q867510,Cypresses,Q2837972,Allez France,0,0,EXCLUDE,0.95,0,EXCLUDE,0.95,5,5,Q723358,Daniel Wildenstein,P1830,owner of,Cypresses --owned by--> Justin K. Thannhauser --owner of--> Lormes:  Goat-Girl Sitting Beside a Stream in a Forest --owned by--> Wildenstein & Company --owned by--> Daniel Wildenstein --owner of--> Allez France
row613,Q867510|Q61294807,Q867510,Cypresses,Q61294807,William Buchanan,0,1,INCLUDE,0.95,1,INCLUDE,0.95,5,5,Q60469507,Laban Searching for his Stolen Household Gods,P127,owned by,Cypresses --owned by--> Justin K. Thannhauser --owner of--> Lormes:  Goat-Girl Sitting Beside a Stream in a Forest --owned by--> Wildenstein & Company --owner of--> Laban Searching for his Stolen Household Gods --owned by--> William Buchanan
row625,Q867510|Q3568152,Q867510,Cypresses,Q3568152,Wildenstein Institute,1,1,INCLUDE,0.95,1,INCLUDE,0.95,5,5,Q723358,Daniel Wildenstein,P1830,owner of,Cypresses --owned by--> Justin K. Thannhauser --owner of--> Lormes:  Goat-Girl Sitting Beside a Stream in a Forest --owned by--> Wildenstein & Company --owned by--> Daniel Wildenstein --owner of--> Wildenstein Institute
row678,Q867510|Q26221228,Q867510,Cypresses,Q26221228,Wheat Fields after the Rain,1,1,INCLUDE,0.95,1,INCLUDE,0.95,5,5,Q15619234,Bignou Gallery,P1830,owner of,Cypresses --owned by--> Justin K. Thannhauser --owner of--> La Vie --owned by--> Étienne Bignou --owner of--> Bignou Gallery --owner of--> Wheat Fields after the Rain
row878,Q867510|Q55647114,Q867510,Cypresses,Q55647114,The Lute Player,0,1,INCLUDE,0.9,1,INCLUDE,0.9,5,5,Q723358,Daniel Wildenstein,P1830,owner of,Cypresses --owned by--> Justin K. Thannhauser --owner of--> Lormes:  Goat-Girl Sitting Beside a Stream in a Forest --owned by--> Wildenstein & Company --owned by--> Daniel Wildenstein --owner of--> The Lute Player
row927,Q867510|Q1760539,Q867510,Cypresses,Q1760539,Saint Louis Art Museum,1,1,INCLUDE,0.9,1,INCLUDE,0.9,5,5,Q78676146,Interior at Nice,P127,owned by,Cypresses --owned by--> Justin K. Thannhauser --owner of--> La Vie --owned by--> Theodore Schempp --owner of--> Interior at Nice --owned by--> Saint Louis Art Museum
row960,Q867510|Q673751,Q867510,Cypresses,Q673751,Reichsleiter Rosenberg Taskforce,1,1,INCLUDE,0.95,1,INCLUDE,0.95,5,5,Q60469188,Woman Reading,P127,owned by,Cypresses --owned by--> Justin K. Thannhauser --owner of--> Lormes:  Goat-Girl Sitting Beside a Stream in a Forest --owned by--> Wildenstein & Company --owner of--> Woman Reading --owned by--> Reichsleiter Rosenberg Taskforce
row1005,Q867510|Q13218361,Q867510,Cypresses,Q13218361,polo player,0,0,EXCLUDE,0.95,0,EXCLUDE,0.95,5,5,Q3122208,Guy Wildenstein,P106,occupation,Cypresses --owned by--> Justin K. Thannhauser --owner of--> Lormes:  Goat-Girl Sitting Beside a Stream in a Forest --owned by--> Wildenstein & Company --owned by--> Guy Wildenstein --occupation--> polo player
row1051,Q867510|Q39631,Q867510,Cypresses,Q39631,physician,0,0,EXCLUDE,0.95,0,EXCLUDE,0.95,5,5,Q2544162,Walter Feilchenfeldt,P106,occupation,Cypresses --owned by--> Justin K. Thannhauser --owner of--> Still Life with Mangoes and a Hibiscus Flower --owned by--> Marianne Breslauer (Feilchenfeldt) --spouse--> Walter Feilchenfeldt --occupation--> physician
row1104,Q867510|Q108837588,Q867510,Cypresses,Q108837588,Paul Lindemann,1,0,PRUNED_BY_ANCESTOR,,0,EXCLUDE,0.9,5,5,Q66677,Bruno Paul,P3342,significant person,Cypresses --owned by--> Salman Schocken --owner of--> Haaretz --owned by--> M. DuMont Schauberg --significant person--> Bruno Paul --significant person--> Paul Lindemann
row1158,Q867510|Q6762972,Q867510,Cypresses,Q6762972,Marie Norton Harriman,1,1,INCLUDE,0.85,1,INCLUDE,0.85,5,5,Q726881,Paul Guillaume,P3342,significant person,Cypresses --owned by--> Justin K. Thannhauser --owner of--> Madame Augustine Roulin with Baby --owned by--> Domenica Walter --spouse--> Paul Guillaume --significant person--> Marie Norton Harriman
row1265,Q867510|Q627325,Q867510,Cypresses,Q627325,graphic designer,0,0,PRUNED_BY_ANCESTOR,,0,EXCLUDE,0.95,5,5,Q66677,Bruno Paul,P106,occupation,Cypresses --owned by--> Salman Schocken --owner of--> Haaretz --owned by--> M. DuMont Schauberg --significant person--> Bruno Paul --occupation--> graphic designer
row1330,Q867510|Q17277888,Q867510,Cypresses,Q17277888,Gottlieb Friedrich Reber,1,1,INCLUDE,0.95,1,INCLUDE,0.95,5,5,Q78731858,Still Life with Guitar,P127,owned by,Cypresses --owned by--> Justin K. Thannhauser --owner of--> La Vie --owned by--> Theodore Schempp --owner of--> Still Life with Guitar --owned by--> Gottlieb Friedrich Reber
row1365,Q867510|Q80317,Q867510,Cypresses,Q80317,Garçon à la pipe,1,1,INCLUDE,0.9,1,INCLUDE,0.9,5,5,Q2544162,Walter Feilchenfeldt,P1830,owner of,Cypresses --owned by--> Justin K. Thannhauser --owner of--> Still Life with Mangoes and a Hibiscus Flower --owned by--> Marianne Breslauer (Feilchenfeldt) --spouse--> Walter Feilchenfeldt --owner of--> Garçon à la pipe
row1379,Q867510|Q78161758,Q867510,Cypresses,Q78161758,Galerie Nathan,1,1,INCLUDE,0.95,1,INCLUDE,0.95,5,5,Q60476309,Countess Széchenyi,P127,owned by,Cypresses --owned by--> Justin K. Thannhauser --owner of--> Still Life with Mangoes and a Hibiscus Flower --owned by--> Galerie Fischer --owner of--> Countess Széchenyi --owned by--> Galerie Nathan
row1380,Q867510|Q64216457,Q867510,Cypresses,Q64216457,Galerie Jacques Dubourg,1,1,INCLUDE,0.95,1,INCLUDE,0.95,5,5,Q17177416,Jacques Dubourg,P1830,owner of,Cypresses --owned by--> Justin K. Thannhauser --owner of--> La Vie --owned by--> Theodore Schempp --significant person--> Jacques Dubourg --owner of--> Galerie Jacques Dubourg
row1390,Q867510|Q50990573,Q867510,Cypresses,Q50990573,Galerie Cailleux,1,1,INCLUDE,0.95,1,INCLUDE,0.95,5,5,Q60469188,Woman Reading,P127,owned by,Cypresses --owned by--> Justin K. Thannhauser --owner of--> Lormes:  Goat-Girl Sitting Beside a Stream in a Forest --owned by--> Wildenstein & Company --owner of--> Woman Reading --owned by--> Galerie Cailleux
row1399,Q867510|Q11455387,Q867510,Cypresses,Q11455387,furniture designer,0,0,PRUNED_BY_ANCESTOR,,0,EXCLUDE,0.95,5,5,Q66677,Bruno Paul,P106,occupation,Cypresses --owned by--> Salman Schocken --owner of--> Haaretz --owned by--> M. DuMont Schauberg --significant person--> Bruno Paul --occupation--> furniture designer
row1401,Q867510|Q475667,Q867510,Cypresses,Q475667,Führermuseum,1,1,INCLUDE,0.95,1,INCLUDE,0.95,5,5,Q104917373,Romantic Painting with Ruins,P127,owned by,Cypresses --owned by--> Justin K. Thannhauser --owner of--> Still Life with Mangoes and a Hibiscus Flower --owned by--> Galerie Fischer --owner of--> Romantic Painting with Ruins --owned by--> Führermuseum
row1402,Q867510|Q1418856,Q867510,Cypresses,Q1418856,Fritz Nathan,1,1,INCLUDE,0.95,1,INCLUDE,0.95,5,5,Q60476309,Countess Széchenyi,P127,owned by,Cypresses --owned by--> Justin K. Thannhauser --owner of--> Still Life with Mangoes and a Hibiscus Flower --owned by--> Galerie Fischer --owner of--> Countess Széchenyi --owned by--> Fritz Nathan
row1411,Q867510|Q33315010,Q867510,Cypresses,Q33315010,Frederick Mont,1,1,INCLUDE,0.9,1,INCLUDE,0.9,5,5,Q60472554,Still Life with Herrings,P127,owned by,Cypresses --owned by--> Justin K. Thannhauser --owner of--> Lormes:  Goat-Girl Sitting Beside a Stream in a Forest --owned by--> Wildenstein & Company --owner of--> Still Life with Herrings --owned by--> Frederick Mont
row1542,Q867510|Q1607826,Q867510,Cypresses,Q1607826,editor,0,0,EXCLUDE,0.9,0,EXCLUDE,0.9,5,5,Q215626,Georges Wildenstein,P106,occupation,Cypresses --owned by--> Justin K. Thannhauser --owner of--> Lormes:  Goat-Girl Sitting Beside a Stream in a Forest --owned by--> Wildenstein & Company --owned by--> Georges Wildenstein --occupation--> editor
row1563,Q867510|Q15296811,Q867510,Cypresses,Q15296811,drawer,0,0,PRUNED_BY_ANCESTOR,,0,EXCLUDE,0.95,5,5,Q66677,Bruno Paul,P106,occupation,Cypresses --owned by--> Salman Schocken --owner of--> Haaretz --owned by--> M. DuMont Schauberg --significant person--> Bruno Paul --occupation--> drawer
row1598,Q867510|Q1221807,Q867510,Cypresses,Q1221807,Dieter Bührle,1,1,INCLUDE,0.85,1,INCLUDE,0.85,5,5,Q96297,Emil Georg Bührle,P40,child,Cypresses --owned by--> Justin K. Thannhauser --owner of--> Still Life with Mangoes and a Hibiscus Flower --owned by--> Galerie Fischer --significant person--> Emil Georg Bührle --child--> Dieter Bührle
row1617,Q867510|Q17254907,Q867510,Cypresses,Q17254907,David Graham Carritt,1,1,INCLUDE,0.9,1,INCLUDE,0.9,5,5,Q60476309,Countess Széchenyi,P127,owned by,Cypresses --owned by--> Justin K. Thannhauser --owner of--> Still Life with Mangoes and a Hibiscus Flower --owned by--> Galerie Fischer --owner of--> Countess Széchenyi --owned by--> David Graham Carritt
row1757,Q867510|Q5046521,Q867510,Cypresses,Q5046521,Carroll Carstairs,1,1,INCLUDE,0.9,1,INCLUDE,0.9,5,5,Q21069797,Charles Carstairs,P40,child,Cypresses --owned by--> Justin K. Thannhauser --owner of--> Madame Augustine Roulin with Baby --owned by--> M. Knoedler & Co. --owned by--> Charles Carstairs --child--> Carroll Carstairs
row1873,Q867510|Q83874292,Q867510,Cypresses,Q83874292,Artemis S.A.,1,1,INCLUDE,0.9,1,INCLUDE,0.9,5,5,Q60476309,Countess Széchenyi,P127,owned by,Cypresses --owned by--> Justin K. Thannhauser --owner of--> Still Life with Mangoes and a Hibiscus Flower --owned by--> Galerie Fischer --owner of--> Countess Széchenyi --owned by--> Artemis S.A.
row1895,Q867510|Q1792450,Q867510,Cypresses,Q1792450,art historian,1,1,INCLUDE,0.8,1,INCLUDE,0.8,5,5,Q15432931,Hermann Bunjes,P106,occupation,Cypresses --owned by--> Justin K. Thannhauser --owner of--> La Vie --owned by--> Étienne Bignou --significant person--> Hermann Bunjes --occupation--> art historian
row2011,Q867510|Q106213,Q867510,Cypresses,Q106213,Alfred Neven DuMont,1,0,EXCLUDE,0.95,0,EXCLUDE,0.95,5,5,Q1248251,Kurt Neven du Mont,P40,child,Cypresses --owned by--> Salman Schocken --owner of--> Haaretz --owned by--> M. DuMont Schauberg --owned by--> Kurt Neven du Mont --child--> Alfred Neven DuMont
row2062,Q867510|Q1970945,Q867510,Cypresses,Q1970945,Albright-Knox Art Gallery,1,1,INCLUDE,0.95,1,INCLUDE,0.95,5,5,Q78676146,Interior at Nice,P127,owned by,Cypresses --owned by--> Justin K. Thannhauser --owner of--> La Vie --owned by--> Theodore Schempp --owner of--> Interior at Nice --owned by--> Albright-Knox Art Gallery
row2107,Q867510|Q66362718,Q867510,Cypresses,Q66362718,1001 Paintings You Must See Before You Die,0,0,EXCLUDE,0.9,0,EXCLUDE,0.9,5,5,Q20539215,Woman Sewing before a Garden Window,P1343,described by source,Cypresses --owned by--> Justin K. Thannhauser --owner of--> Lormes:  Goat-Girl Sitting Beside a Stream in a Forest --owned by--> Wildenstein & Company --owner of--> Woman Sewing before a Garden Window --described by source--> 1001 Paintings You Must See Before You Die
