prefLabel,altLabels,displayName,uri,confidence,in_hierarchy_gold,relations,classification
pest control,,pest control,https://lod.nal.usda.gov/nalt/291,1.0,True,,INCLUDE
pesticides,,pesticides,https://lod.nal.usda.gov/nalt/287,1.0,True,,INCLUDE
acaricides,miticides,acaricides (miticides),https://lod.nal.usda.gov/nalt/817,,True,skos:broader; skos:narrower,
adulticides,,adulticides,https://lod.nal.usda.gov/nalt/818,,True,skos:broader; skos:narrower,
agrochemicals,agri-chemicals; agrichemicals; agricultural chemicals; farm chemicals,"agrochemicals (agri-chemicals, agrichemicals, agricultural chemicals, farm chemicals)",https://lod.nal.usda.gov/nalt/203,,False,skos:related,
algicides,algaecides,algicides (algaecides),https://lod.nal.usda.gov/nalt/819,,True,skos:broader; skos:narrower,
animal control services,,animal control services,https://lod.nal.usda.gov/nalt/127349,,False,skos:related,
aphidophagous predators,aphidophagy,aphidophagous predators (aphidophagy),https://lod.nal.usda.gov/nalt/284420,,False,skos:related,
avicides,,avicides,https://lod.nal.usda.gov/nalt/820,,True,skos:broader; skos:narrower,
biocides,biocidal agents; biocidal compounds; biocidal products; biocidal substances,"biocides (biocidal agents, biocidal compounds, biocidal products, biocidal substances)",https://lod.nal.usda.gov/nalt/148552,,False,skos:related,
biological pest control,biological control of pests,biological pest control (biological control of pests),https://lod.nal.usda.gov/nalt/136198,,True,skos:broader; skos:narrower,
biopesticides,bio-based pesticides; biobased pesticides; biofungicides; bioherbicides; bioinsecticides; biological insecticides; biological pesticides; biorational pesticides; environmentally friendly pesticides; environmentally-friendly pesticides,"biopesticides (bio-based pesticides, biobased pesticides, biofungicides, bioherbicides, bioinsecticides, biological insecticides, biological pesticides, biorational pesticides, environmentally friendly pesticides, environmentally-friendly pesticides)",https://lod.nal.usda.gov/nalt/17220,,True,skos:broader; skos:narrower,
bird control,,bird control,https://lod.nal.usda.gov/nalt/17592,,True,skos:broader; skos:narrower,
carbamate pesticides,,carbamate pesticides,https://lod.nal.usda.gov/nalt/812,,True,skos:broader; skos:narrower,
chemical control,chemical treatment (disease); chemical treatment (pest),"chemical control (chemical treatment (disease), chemical treatment (pest))",https://lod.nal.usda.gov/nalt/24625,,False,skos:related,
chemosterilants,,chemosterilants,https://lod.nal.usda.gov/nalt/216949,,True,skos:broader; skos:narrower,
disinfestation,,disinfestation,https://lod.nal.usda.gov/nalt/28786,,True,skos:broader; skos:narrower,
endocrine-disrupting chemicals,endocrine active chemicals; endocrine disrupters; endocrine disrupting chemicals; endocrine disruptors; endocrine-disrupting agents; endocrine-disrupting compounds,"endocrine-disrupting chemicals (endocrine active chemicals, endocrine disrupters, endocrine disrupting chemicals, endocrine disruptors, endocrine-disrupting agents, endocrine-disrupting compounds)",https://lod.nal.usda.gov/nalt/226,,False,skos:related,
foggers,cold foggers; fogging machines; thermal foggers,"foggers (cold foggers, fogging machines, thermal foggers)",https://lod.nal.usda.gov/nalt/284633,,False,skos:related,
fungicides,antifungal agents (pesticides); fungicidal agents (pesticides),"fungicides (antifungal agents (pesticides), fungicidal agents (pesticides))",https://lod.nal.usda.gov/nalt/821,,True,skos:broader; skos:narrower,
herbicides,weed killers,herbicides (weed killers),https://lod.nal.usda.gov/nalt/822,,True,skos:broader; skos:narrower,
impregnated fabrics,,impregnated fabrics,https://lod.nal.usda.gov/nalt/39308,,False,skos:related,
insect control,insect pest management,insect control (insect pest management),https://lod.nal.usda.gov/nalt/45983,,True,skos:broader; skos:narrower,
insecticides,,insecticides,https://lod.nal.usda.gov/nalt/823,,True,skos:broader; skos:narrower,
Interregional Research Project 4 (IR-4),IR-4 Project; IR-4 program,"Interregional Research Project 4 (IR-4) (IR-4 Project, IR-4 program)",https://lod.nal.usda.gov/nalt/223614,,False,skos:related,
larvicides,,larvicides,https://lod.nal.usda.gov/nalt/824,,True,skos:broader; skos:narrower,
metam-potassium,metham-potassium; potassium N-methyldithiocarbamate; potassium methyldithiocarbamate,"metam-potassium (metham-potassium, potassium N-methyldithiocarbamate, potassium methyldithiocarbamate)",https://lod.nal.usda.gov/nalt/98255,,True,skos:broader; skos:narrower,
mite control,,mite control,https://lod.nal.usda.gov/nalt/53148,,True,skos:broader; skos:narrower,
mollusc control,control of slugs; control of snails,"mollusc control (control of slugs, control of snails)",https://lod.nal.usda.gov/nalt/53264,,True,skos:broader; skos:narrower,
molluscicides,,molluscicides,https://lod.nal.usda.gov/nalt/825,,True,skos:broader; skos:narrower,
nematicides,anti-nematodal agents; antinematodal agents; antinematodals; filaricides,"nematicides (anti-nematodal agents, antinematodal agents, antinematodals, filaricides)",https://lod.nal.usda.gov/nalt/826,,True,skos:broader; skos:narrower,
nontarget organisms,nontarget species,nontarget organisms (nontarget species),https://lod.nal.usda.gov/nalt/34022,,False,skos:related,
organochlorine pesticides,organic chlorine pesticides,organochlorine pesticides (organic chlorine pesticides),https://lod.nal.usda.gov/nalt/813,,True,skos:broader; skos:narrower,
organophosphorus pesticides,organophosphate pesticides,organophosphorus pesticides (organophosphate pesticides),https://lod.nal.usda.gov/nalt/814,,True,skos:broader; skos:narrower,
organotin pesticides,,organotin pesticides,https://lod.nal.usda.gov/nalt/815,,True,skos:broader; skos:narrower,
ovicides,,ovicides,https://lod.nal.usda.gov/nalt/827,,True,skos:broader; skos:narrower,
pest control equipment,,pest control equipment,https://lod.nal.usda.gov/nalt/386,,False,skos:related,
pest control operators,pesticide applicators (human); pesticide workers,"pest control operators (pesticide applicators (human), pesticide workers)",https://lod.nal.usda.gov/nalt/55540,,False,skos:related,
pesticide adjuvants,,pesticide adjuvants,https://lod.nal.usda.gov/nalt/4235,,False,skos:related,
pesticide application equipment,,pesticide application equipment,https://lod.nal.usda.gov/nalt/142739,,False,skos:related,
pesticide formulations,insecticide formulations,pesticide formulations (insecticide formulations),https://lod.nal.usda.gov/nalt/4715,,True,skos:broader; skos:narrower,
pesticide industry,,pesticide industry,https://lod.nal.usda.gov/nalt/5351,,False,skos:related,
pesticide law,"Federal Insectide, Fungicide, and Rodenticide Act; Pesticide Registration Improvement Act of 2003; pesticide legislation","pesticide law (Federal Insectide, Fungicide, and Rodenticide Act, Pesticide Registration Improvement Act of 2003, pesticide legislation)",https://lod.nal.usda.gov/nalt/68867,,False,skos:related,
pesticide metabolites,,pesticide metabolites,https://lod.nal.usda.gov/nalt/324538,,False,skos:related,
pesticide safety and handling,,pesticide safety and handling,https://lod.nal.usda.gov/nalt/5593,,False,skos:related,
plant protection,crop protection; plant health protection,"plant protection (crop protection, plant health protection)",https://lod.nal.usda.gov/nalt/30154,,False,skos:related,
plant-incorporated protectants,PIPs (plant incorporated protectants); plant incorporated protectants,"plant-incorporated protectants (PIPs (plant incorporated protectants), plant incorporated protectants)",https://lod.nal.usda.gov/nalt/68395,,False,skos:related,
poisoning of animal pests,,poisoning of animal pests,https://lod.nal.usda.gov/nalt/15548,,True,skos:broader; skos:narrower,
predator control,,predator control,https://lod.nal.usda.gov/nalt/57548,,True,skos:broader; skos:narrower,
rodent control,,rodent control,https://lod.nal.usda.gov/nalt/57549,,True,skos:broader; skos:narrower,
rodenticides,rat poisons,rodenticides (rat poisons),https://lod.nal.usda.gov/nalt/828,,True,skos:broader; skos:narrower,
silvicides,,silvicides,https://lod.nal.usda.gov/nalt/306575,,True,skos:broader; skos:narrower,
slow-release pesticides,slow-release insecticides,slow-release pesticides (slow-release insecticides),https://lod.nal.usda.gov/nalt/270491,,True,skos:broader; skos:narrower,
soil drenching,soil drench; soil drenches,"soil drenching (soil drench, soil drenches)",https://lod.nal.usda.gov/nalt/24628,,False,skos:related,
soil treatment,application to soil; soil application,"soil treatment (application to soil, soil application)",https://lod.nal.usda.gov/nalt/11343,,False,skos:related,
stored product protection,stored products pest control,stored product protection (stored products pest control),https://lod.nal.usda.gov/nalt/57550,,True,skos:broader; skos:narrower,
thidiazuron,TDZ (thidiazuron),thidiazuron (TDZ (thidiazuron)),https://lod.nal.usda.gov/nalt/213696,,True,skos:broader; skos:narrower,
tick control,,tick control,https://lod.nal.usda.gov/nalt/57551,,True,skos:broader; skos:narrower,
toxic substances,hazardous chemicals; hazardous compounds; hazardous substances; poisonous substances; toxic chemicals; toxic compounds; toxic exudates; toxicants,"toxic substances (hazardous chemicals, hazardous compounds, hazardous substances, poisonous substances, toxic chemicals, toxic compounds, toxic exudates, toxicants)",https://lod.nal.usda.gov/nalt/1780,,False,skos:broader; skos:narrower,
trap crops,,trap crops,https://lod.nal.usda.gov/nalt/30194,,False,skos:related,
vermin control,,vermin control,https://lod.nal.usda.gov/nalt/305662,,True,skos:broader; skos:narrower,
"1,3-dichloropropene",,"1,3-dichloropropene",https://lod.nal.usda.gov/nalt/1182,,True,skos:broader; skos:narrower,
"2,4,5-trichlorophenol",,"2,4,5-trichlorophenol",https://lod.nal.usda.gov/nalt/1349,,True,skos:broader; skos:narrower,
4-aminopyridine,,4-aminopyridine,https://lod.nal.usda.gov/nalt/1475,,True,skos:broader; skos:narrower,
acaricidal properties,,acaricidal properties,https://lod.nal.usda.gov/nalt/2070,,False,skos:related,
acaricide resistance,acaricide tolerance,acaricide resistance (acaricide tolerance),https://lod.nal.usda.gov/nalt/2077,,False,skos:related,
acibenzolar-S-methyl,,acibenzolar-S-methyl,https://lod.nal.usda.gov/nalt/213714,,True,skos:broader; skos:narrower,
acrolein,acraldehyde; acrylaldehyde; acrylic aldehyde; aqualin,"acrolein (acraldehyde, acrylaldehyde, acrylic aldehyde, aqualin)",https://lod.nal.usda.gov/nalt/3103,,True,skos:broader; skos:narrower,
adjuvants,,adjuvants,https://lod.nal.usda.gov/nalt/199,,False,skos:broader; skos:narrower,
adults,adult (human); adult animals,"adults (adult (human), adult animals)",https://lod.nal.usda.gov/nalt/790,,False,skos:related,
aerosols,,aerosols,https://lod.nal.usda.gov/nalt/579,,False,skos:related,
agricultural law,agricultural law and legislation; agricultural legislation; agricultural regulations,"agricultural law (agricultural law and legislation, agricultural legislation, agricultural regulations)",https://lod.nal.usda.gov/nalt/5382,,False,skos:broader; skos:narrower,
agricultural programs and projects,,agricultural programs and projects,https://lod.nal.usda.gov/nalt/5452,,False,skos:broader; skos:narrower,
agromedicine,agricultural medicine,agromedicine (agricultural medicine),https://lod.nal.usda.gov/nalt/5425,,False,skos:related,
aldicarb,,aldicarb,https://lod.nal.usda.gov/nalt/6194,,True,skos:broader; skos:narrower,
aldicarb sulfoxide,,aldicarb sulfoxide,https://lod.nal.usda.gov/nalt/213661,,True,skos:broader; skos:narrower,
aldoxycarb,aldicarb sulfone,aldoxycarb (aldicarb sulfone),https://lod.nal.usda.gov/nalt/6225,,True,skos:broader; skos:narrower,
algae control,,algae control,https://lod.nal.usda.gov/nalt/289,,False,skos:related,
alpha-chlorohydrin,"3-MCPD; 3-monochloropropane-1,2-diol; a-chlorohydrin","alpha-chlorohydrin (3-MCPD, 3-monochloropropane-1,2-diol, a-chlorohydrin)",https://lod.nal.usda.gov/nalt/261000,,False,skos:related,
amide fungicides,,amide fungicides,https://lod.nal.usda.gov/nalt/327885,,True,skos:broader; skos:narrower,
amide herbicides,,amide herbicides,https://lod.nal.usda.gov/nalt/7661,,True,skos:broader; skos:narrower,
aminocarb,,aminocarb,https://lod.nal.usda.gov/nalt/7860,,True,skos:broader; skos:narrower,
aminocyclopyrachlor,,aminocyclopyrachlor,https://lod.nal.usda.gov/nalt/231129,,False,skos:related,
amitraz,,amitraz,https://lod.nal.usda.gov/nalt/2079,,True,skos:broader; skos:narrower,
animal care,grooming (animal care),animal care (grooming (animal care)),https://lod.nal.usda.gov/nalt/9052,,False,skos:related,
animal law,animal legislation; animal regulations; equine law; fence law; livestock trespass,"animal law (animal legislation, animal regulations, equine law, fence law, livestock trespass)",https://lod.nal.usda.gov/nalt/9288,,False,skos:related,
animal rescue shelters,animal shelters (rescue),animal rescue shelters (animal shelters (rescue)),https://lod.nal.usda.gov/nalt/9496,,False,skos:related,
animal welfare,animal abuse; animal cruelty; animal rights; anti-cruelty law (animals); anticruelty law (animals); cruelty to animals; humane treatment of animals,"animal welfare (animal abuse, animal cruelty, animal rights, anti-cruelty law (animals), anticruelty law (animals), cruelty to animals, humane treatment of animals)",https://lod.nal.usda.gov/nalt/9084,,False,skos:broader; skos:narrower,
ant control,,ant control,https://lod.nal.usda.gov/nalt/105332,,True,skos:broader; skos:narrower,
anthelmintics,antihelmintics; vermifuges,"anthelmintics (antihelmintics, vermifuges)",https://lod.nal.usda.gov/nalt/1577,,False,skos:broader; skos:narrower,
anti-infective properties,antiinfective activity; antiinfective properties,"anti-infective properties (antiinfective activity, antiinfective properties)",https://lod.nal.usda.gov/nalt/10142,,False,skos:related,
anticoagulant rodenticides,,anticoagulant rodenticides,https://lod.nal.usda.gov/nalt/340625,,True,skos:broader; skos:narrower,
antifungal agents,antifungal agents (drugs); antifungal drugs; antimycotics; fungicidal agents (drugs); fungistats,"antifungal agents (antifungal agents (drugs), antifungal drugs, antimycotics, fungicidal agents (drugs), fungistats)",https://lod.nal.usda.gov/nalt/8119,,False,skos:related,
antimicrobial proteins,,antimicrobial proteins,https://lod.nal.usda.gov/nalt/877,,False,skos:related,
antiparasitic agents,antiparasitic drugs; endectocides; parasiticides,"antiparasitic agents (antiparasitic drugs, endectocides, parasiticides)",https://lod.nal.usda.gov/nalt/4410,,False,skos:related,
application equipment,,application equipment,https://lod.nal.usda.gov/nalt/368,,False,skos:broader; skos:narrower,
arboricides,,arboricides,https://lod.nal.usda.gov/nalt/300751,,True,skos:broader; skos:narrower,
aromatic acid herbicides,,aromatic acid herbicides,https://lod.nal.usda.gov/nalt/12289,,True,skos:broader; skos:narrower,
arsenical herbicides,,arsenical herbicides,https://lod.nal.usda.gov/nalt/12374,,True,skos:broader; skos:narrower,
arsenicals,arsenic compounds,arsenicals (arsenic compounds),https://lod.nal.usda.gov/nalt/261,,False,skos:related,
azafenidin,,azafenidin,https://lod.nal.usda.gov/nalt/14292,,True,skos:broader; skos:narrower,
azocyclotin,,azocyclotin,https://lod.nal.usda.gov/nalt/14327,,True,skos:broader; skos:narrower,
baiting,,baiting,https://lod.nal.usda.gov/nalt/15547,,False,skos:related,
baits,,baits,https://lod.nal.usda.gov/nalt/285,,False,skos:related,
bed nets,,bed nets,https://lod.nal.usda.gov/nalt/16256,,False,skos:broader; skos:narrower,
benazolin,,benazolin,https://lod.nal.usda.gov/nalt/16567,,True,skos:broader; skos:narrower,
bendiocarb,,bendiocarb,https://lod.nal.usda.gov/nalt/16570,,True,skos:broader; skos:narrower,
benfuracarb,,benfuracarb,https://lod.nal.usda.gov/nalt/16602,,True,skos:broader; skos:narrower,
benodanil,,benodanil,https://lod.nal.usda.gov/nalt/16622,,True,skos:broader; skos:narrower,
benomyl,,benomyl,https://lod.nal.usda.gov/nalt/16623,,True,skos:broader; skos:narrower,
bentazon,bentazone,bentazon (bentazone),https://lod.nal.usda.gov/nalt/16629,,True,skos:broader; skos:narrower,
benzimidazole fungicides,,benzimidazole fungicides,https://lod.nal.usda.gov/nalt/16650,,True,skos:broader; skos:narrower,
benzofuranyl alkylsulfonate herbicides,,benzofuranyl alkylsulfonate herbicides,https://lod.nal.usda.gov/nalt/125100,,True,skos:broader; skos:narrower,
benzoylcyclohexanedione herbicides,,benzoylcyclohexanedione herbicides,https://lod.nal.usda.gov/nalt/125096,,True,skos:broader; skos:narrower,
benzyl benzoate,,benzyl benzoate,https://lod.nal.usda.gov/nalt/2080,,True,skos:broader; skos:narrower,
bifenazate,,bifenazate,https://lod.nal.usda.gov/nalt/213720,,True,skos:broader; skos:narrower,
biological control,bio-based control; biobased control; biocontrol; parasitoid augmentation; predator augmentation,"biological control (bio-based control, biobased control, biocontrol, parasitoid augmentation, predator augmentation)",https://lod.nal.usda.gov/nalt/13836,,False,skos:related,
biological control agents,biocontrol agents,biological control agents (biocontrol agents),https://lod.nal.usda.gov/nalt/14974,,True,skos:related,
biological insect control,biological control of insects,biological insect control (biological control of insects),https://lod.nal.usda.gov/nalt/276208,,True,skos:broader; skos:narrower,
biological weed control,biological control of weeds,biological weed control (biological control of weeds),https://lod.nal.usda.gov/nalt/142695,,True,skos:broader; skos:narrower,
biphenyl,diphenyl; phenylbenzene,"biphenyl (diphenyl, phenylbenzene)",https://lod.nal.usda.gov/nalt/12306,,True,skos:broader; skos:narrower,
birds,,birds,https://lod.nal.usda.gov/nalt/106,,False,skos:related,
bispyribac-sodium,"sodium 2,6-bis((4,6-dimethoxy-2-pyrimidinyl)oxy)benzoate; sodium 2,6-bis(4,6-dimethoxypyrimidin-2-yloxy)benzoate","bispyribac-sodium (sodium 2,6-bis((4,6-dimethoxy-2-pyrimidinyl)oxy)benzoate, sodium 2,6-bis(4,6-dimethoxypyrimidin-2-yloxy)benzoate)",https://lod.nal.usda.gov/nalt/265258,,True,skos:broader; skos:narrower,
blasticidin S,blasticidin S hydrochloride; blasticidin-S,"blasticidin S (blasticidin S hydrochloride, blasticidin-S)",https://lod.nal.usda.gov/nalt/10192,,True,skos:broader; skos:narrower,
boscalid,,boscalid,https://lod.nal.usda.gov/nalt/189906,,True,skos:broader; skos:narrower,
botanical insecticides,plant-based insecticides,botanical insecticides (plant-based insecticides),https://lod.nal.usda.gov/nalt/18787,,True,skos:broader; skos:narrower,
botanical pesticides,,botanical pesticides,https://lod.nal.usda.gov/nalt/17496,,True,skos:broader; skos:narrower,
briquettes,,briquettes,https://lod.nal.usda.gov/nalt/582,,False,skos:related,
bromopropylate,,bromopropylate,https://lod.nal.usda.gov/nalt/2081,,True,skos:broader; skos:narrower,
buthidazole,,buthidazole,https://lod.nal.usda.gov/nalt/20614,,True,skos:broader; skos:narrower,
butylamine,2-aminobutane,butylamine (2-aminobutane),https://lod.nal.usda.gov/nalt/1368,,True,skos:broader; skos:narrower,
butylate,,butylate,https://lod.nal.usda.gov/nalt/20656,,True,skos:broader; skos:narrower,
calcium polysulfide,calcium polysulphide,calcium polysulfide (calcium polysulphide),https://lod.nal.usda.gov/nalt/21129,,True,skos:broader; skos:narrower,
cambendichlor,,cambendichlor,https://lod.nal.usda.gov/nalt/21505,,True,skos:broader; skos:narrower,
carbamate fungicides,,carbamate fungicides,https://lod.nal.usda.gov/nalt/190787,,True,skos:broader; skos:narrower,
carbamate herbicides,,carbamate herbicides,https://lod.nal.usda.gov/nalt/125102,,True,skos:broader; skos:narrower,
carbamates,,carbamates,https://lod.nal.usda.gov/nalt/16624,,False,skos:broader; skos:narrower,
carbaryl,,carbaryl,https://lod.nal.usda.gov/nalt/10497,,True,skos:broader; skos:narrower,
carbofuran,,carbofuran,https://lod.nal.usda.gov/nalt/22154,,True,skos:broader; skos:narrower,
carbosulfan,,carbosulfan,https://lod.nal.usda.gov/nalt/22155,,True,skos:broader; skos:narrower,
carboxin,,carboxin,https://lod.nal.usda.gov/nalt/22269,,True,skos:broader; skos:narrower,
chemical weed control,chemical weed management,chemical weed control (chemical weed management),https://lod.nal.usda.gov/nalt/255907,,False,skos:related,
chitin synthesis inhibitors,,chitin synthesis inhibitors,https://lod.nal.usda.gov/nalt/16672,,False,skos:related,
chlopropham,,chlopropham,https://lod.nal.usda.gov/nalt/22156,,True,skos:broader; skos:narrower,
chloralose,,chloralose,https://lod.nal.usda.gov/nalt/14208,,True,skos:broader; skos:narrower,
chlordimeform,,chlordimeform,https://lod.nal.usda.gov/nalt/2082,,True,skos:broader; skos:narrower,
chlorfenapyr,,chlorfenapyr,https://lod.nal.usda.gov/nalt/25315,,True,skos:broader; skos:narrower,
chlorflurenol,,chlorflurenol,https://lod.nal.usda.gov/nalt/25317,,True,skos:broader; skos:narrower,
chlorinated hydrocarbons,organochlorines,chlorinated hydrocarbons (organochlorines),https://lod.nal.usda.gov/nalt/22231,,False,skos:related,
chlorobenzilate,,chlorobenzilate,https://lod.nal.usda.gov/nalt/2083,,True,skos:broader; skos:narrower,
chloroneb,,chloroneb,https://lod.nal.usda.gov/nalt/25429,,True,skos:broader; skos:narrower,
chloropicrin,trichloronitromethane,chloropicrin (trichloronitromethane),https://lod.nal.usda.gov/nalt/25464,,True,skos:broader; skos:narrower,
chlorothalonil,,chlorothalonil,https://lod.nal.usda.gov/nalt/25490,,True,skos:broader; skos:narrower,
cinmethylin,,cinmethylin,https://lod.nal.usda.gov/nalt/26325,,True,skos:broader; skos:narrower,
cloethocarb,,cloethocarb,https://lod.nal.usda.gov/nalt/22157,,True,skos:broader; skos:narrower,
clofentezine,,clofentezine,https://lod.nal.usda.gov/nalt/2084,,True,skos:broader; skos:narrower,
clomazone,,clomazone,https://lod.nal.usda.gov/nalt/26942,,True,skos:broader; skos:narrower,
closantel,,closantel,https://lod.nal.usda.gov/nalt/2085,,True,skos:broader; skos:narrower,
conazole fungicides,,conazole fungicides,https://lod.nal.usda.gov/nalt/14330,,True,skos:broader; skos:narrower,
control methods,control measures; control methodology; control practices; disease control methods; pest control methods,"control methods (control measures, control methodology, control practices, disease control methods, pest control methods)",https://lod.nal.usda.gov/nalt/10302,,False,skos:broader; skos:narrower,
CPMF (herbicide),"1-chloro-N-(3,4-dichlorophenyl)-N,N-dimethylformamidine; 1-chloro-N-(3,4-dichlorophenyl)-N,N-dimethylmethanimidamide","CPMF (herbicide) (1-chloro-N-(3,4-dichlorophenyl)-N,N-dimethylformamidine, 1-chloro-N-(3,4-dichlorophenyl)-N,N-dimethylmethanimidamide)",https://lod.nal.usda.gov/nalt/1200,,True,skos:broader; skos:narrower,
crops,agricultural crops; agricultural plants; crop plants,"crops (agricultural crops, agricultural plants, crop plants)",https://lod.nal.usda.gov/nalt/7140,,False,skos:broader; skos:narrower,
cryolite,,cryolite,https://lod.nal.usda.gov/nalt/30333,,True,skos:broader; skos:narrower,
cyantraniliprole,,cyantraniliprole,https://lod.nal.usda.gov/nalt/284486,,True,skos:broader; skos:narrower,
cycloate,,cycloate,https://lod.nal.usda.gov/nalt/22158,,True,skos:broader; skos:narrower,
cyclohexene oxime herbicides,,cyclohexene oxime herbicides,https://lod.nal.usda.gov/nalt/31058,,True,skos:broader; skos:narrower,
cyclopropylisoxazole herbicides,,cyclopropylisoxazole herbicides,https://lod.nal.usda.gov/nalt/125104,,True,skos:broader; skos:narrower,
cyhexatin,,cyhexatin,https://lod.nal.usda.gov/nalt/2086,,True,skos:broader; skos:narrower,
cymoxanil,,cymoxanil,https://lod.nal.usda.gov/nalt/31185,,True,skos:broader; skos:narrower,
cyprodinil,,cyprodinil,https://lod.nal.usda.gov/nalt/31285,,True,skos:broader; skos:narrower,
dazomet,,dazomet,https://lod.nal.usda.gov/nalt/31843,,True,skos:broader; skos:narrower,
DBCP (pesticide),"1,2-dibromo-3-chloropropane; dibromochloropropane","DBCP (pesticide) (1,2-dibromo-3-chloropropane, dibromochloropropane)",https://lod.nal.usda.gov/nalt/1161,,True,skos:broader; skos:narrower,
DCB (herbicide),"1,2-dichlorobenzene; o-dichlorobenzene","DCB (herbicide) (1,2-dichlorobenzene, o-dichlorobenzene)",https://lod.nal.usda.gov/nalt/1163,,True,skos:broader; skos:narrower,
DDT (pesticide),"1,1,1-trichloro-2,2-bis(4-chlorophenyl)ethane; 2,4'-DDT; benzochloryl; dichlorodiphenyltrichloroethane; o,p'-DDT; p,p'-DDT","DDT (pesticide) (1,1,1-trichloro-2,2-bis(4-chlorophenyl)ethane, 2,4'-DDT, benzochloryl, dichlorodiphenyltrichloroethane, o,p'-DDT, p,p'-DDT)",https://lod.nal.usda.gov/nalt/1154,,True,skos:broader; skos:narrower,
dead animals,carcasses (nonfood); carrion,"dead animals (carcasses (nonfood), carrion)",https://lod.nal.usda.gov/nalt/45,,False,skos:related,
defoliants,chemical defoliation,defoliants (chemical defoliation),https://lod.nal.usda.gov/nalt/218,,False,skos:related,
defoliating insects,defoliator insects; forest defoliators; forest insect defoliators; insect defoliators,"defoliating insects (defoliator insects, forest defoliators, forest insect defoliators, insect defoliators)",https://lod.nal.usda.gov/nalt/314192,,False,skos:related,
desiccant herbicides,,desiccant herbicides,https://lod.nal.usda.gov/nalt/302060,,True,skos:broader; skos:narrower,
dicarboximide fungicides,,dicarboximide fungicides,https://lod.nal.usda.gov/nalt/22087,,True,skos:broader; skos:narrower,
dicarboximide herbicides,,dicarboximide herbicides,https://lod.nal.usda.gov/nalt/125106,,True,skos:broader; skos:narrower,
dichlofluanid,,dichlofluanid,https://lod.nal.usda.gov/nalt/33213,,True,skos:broader; skos:narrower,
dichlone,,dichlone,https://lod.nal.usda.gov/nalt/33214,,True,skos:broader; skos:narrower,
dicloran,,dicloran,https://lod.nal.usda.gov/nalt/33228,,True,skos:broader; skos:narrower,
dicofol,kelthane (trademark),dicofol (kelthane (trademark)),https://lod.nal.usda.gov/nalt/2087,,True,skos:broader; skos:narrower,
dinitroaniline herbicides,,dinitroaniline herbicides,https://lod.nal.usda.gov/nalt/33696,,True,skos:broader; skos:narrower,
dinitrophenol herbicides,,dinitrophenol herbicides,https://lod.nal.usda.gov/nalt/125109,,True,skos:broader; skos:narrower,
dinocap,,dinocap,https://lod.nal.usda.gov/nalt/2088,,True,skos:broader; skos:narrower,
diphenyl ether herbicides,,diphenyl ether herbicides,https://lod.nal.usda.gov/nalt/125114,,True,skos:broader; skos:narrower,
diphenylamine,,diphenylamine,https://lod.nal.usda.gov/nalt/33801,,True,skos:broader; skos:narrower,
disease resistance,disease tolerance,disease resistance (disease tolerance),https://lod.nal.usda.gov/nalt/151,,False,skos:related,
disodium octaborate,disodium octaborate tetrahydrate,disodium octaborate (disodium octaborate tetrahydrate),https://lod.nal.usda.gov/nalt/18624,,False,skos:related,
disulfiram,,disulfiram,https://lod.nal.usda.gov/nalt/22160,,True,skos:broader; skos:narrower,
disulfoton sulfoxide,,disulfoton sulfoxide,https://lod.nal.usda.gov/nalt/213683,,True,skos:broader; skos:narrower,
dithianon,,dithianon,https://lod.nal.usda.gov/nalt/34130,,True,skos:broader; skos:narrower,
dithiocarbamate fungicides,,dithiocarbamate fungicides,https://lod.nal.usda.gov/nalt/34131,,True,skos:broader; skos:narrower,
dithiocarbamate herbicides,,dithiocarbamate herbicides,https://lod.nal.usda.gov/nalt/125118,,True,skos:broader; skos:narrower,
DNOC (pesticide),"2-methyl-4,6-dinitrophenol; 4,6-dinitro-o-cresol","DNOC (pesticide) (2-methyl-4,6-dinitrophenol, 4,6-dinitro-o-cresol)",https://lod.nal.usda.gov/nalt/1394,,True,skos:broader; skos:narrower,
dodine,,dodine,https://lod.nal.usda.gov/nalt/34281,,True,skos:broader; skos:narrower,
dust formulations,,dust formulations,https://lod.nal.usda.gov/nalt/587,,False,skos:related,
edifenphos,,edifenphos,https://lod.nal.usda.gov/nalt/35867,,True,skos:broader; skos:narrower,
emulsifiable concentrates,,emulsifiable concentrates,https://lod.nal.usda.gov/nalt/28462,,False,skos:related,
endothal,,endothal,https://lod.nal.usda.gov/nalt/37083,,True,skos:broader; skos:narrower,
endothal-sodium,,endothal-sodium,https://lod.nal.usda.gov/nalt/37084,,True,skos:broader; skos:narrower,
endrin,,endrin,https://lod.nal.usda.gov/nalt/14209,,True,skos:broader; skos:narrower,
epoxiconazole,epoxiconazol; epoxyconazole,"epoxiconazole (epoxiconazol, epoxyconazole)",https://lod.nal.usda.gov/nalt/213715,,True,skos:broader; skos:narrower,
EPTC (herbicide),S-ethyl dipropylcarbamothioate; S-ethyl dipropylthiocarbamate,"EPTC (herbicide) (S-ethyl dipropylcarbamothioate, S-ethyl dipropylthiocarbamate)",https://lod.nal.usda.gov/nalt/22161,,True,skos:broader; skos:narrower,
equipment,machinery (general); machines; mechanical devices; tools (general),"equipment (machinery (general), machines, mechanical devices, tools (general))",https://lod.nal.usda.gov/nalt/365,,False,skos:broader; skos:narrower,
ethiofencarb,,ethiofencarb,https://lod.nal.usda.gov/nalt/22162,,True,skos:broader; skos:narrower,
ethoxyquin,,ethoxyquin,https://lod.nal.usda.gov/nalt/38263,,True,skos:broader; skos:narrower,
etoxazole,,etoxazole,https://lod.nal.usda.gov/nalt/213721,,True,skos:broader; skos:narrower,
famoxadone,,famoxadone,https://lod.nal.usda.gov/nalt/39453,,True,skos:broader; skos:narrower,
"Federal Food, Drug and Cosmetics Act",,"Federal Food, Drug and Cosmetics Act",https://lod.nal.usda.gov/nalt/29544,,False,skos:related,
fenac,,fenac,https://lod.nal.usda.gov/nalt/39811,,True,skos:broader; skos:narrower,
fenamidone,,fenamidone,https://lod.nal.usda.gov/nalt/213716,,True,skos:broader; skos:narrower,
fenamiphos sulfone,,fenamiphos sulfone,https://lod.nal.usda.gov/nalt/213691,,True,skos:broader; skos:narrower,
fenamiphos sulfoxide,,fenamiphos sulfoxide,https://lod.nal.usda.gov/nalt/213692,,True,skos:broader; skos:narrower,
fenbuconazole,,fenbuconazole,https://lod.nal.usda.gov/nalt/213722,,True,skos:broader; skos:narrower,
fenbutatin,,fenbutatin,https://lod.nal.usda.gov/nalt/2089,,True,skos:broader; skos:narrower,
fenbutatin oxide,,fenbutatin oxide,https://lod.nal.usda.gov/nalt/2090,,True,skos:broader; skos:narrower,
fenhexamid,,fenhexamid,https://lod.nal.usda.gov/nalt/189907,,True,skos:broader; skos:narrower,
fenpiclonil,,fenpiclonil,https://lod.nal.usda.gov/nalt/39832,,True,skos:broader; skos:narrower,
fenpyroximate,,fenpyroximate,https://lod.nal.usda.gov/nalt/2091,,True,skos:broader; skos:narrower,
fenthion,,fenthion,https://lod.nal.usda.gov/nalt/14210,,True,skos:broader; skos:narrower,
fenthion sulfone,,fenthion sulfone,https://lod.nal.usda.gov/nalt/213682,,True,skos:broader; skos:narrower,
fentin acetate,,fentin acetate,https://lod.nal.usda.gov/nalt/39838,,True,skos:broader; skos:narrower,
fentin hydroxide,triphenyltin hydroxide; triphenyltin oxide,"fentin hydroxide (triphenyltin hydroxide, triphenyltin oxide)",https://lod.nal.usda.gov/nalt/39839,,True,skos:broader; skos:narrower,
ferbam,,ferbam,https://lod.nal.usda.gov/nalt/22163,,True,skos:broader; skos:narrower,
fipronil,,fipronil,https://lod.nal.usda.gov/nalt/2092,,True,skos:broader; skos:narrower,
flea collars,,flea collars,https://lod.nal.usda.gov/nalt/27903,,False,skos:broader; skos:narrower,
flea control,,flea control,https://lod.nal.usda.gov/nalt/67834,,True,skos:broader; skos:narrower,
fludioxonil,,fludioxonil,https://lod.nal.usda.gov/nalt/190789,,True,skos:broader; skos:narrower,
flufenoxuron,,flufenoxuron,https://lod.nal.usda.gov/nalt/2093,,True,skos:broader; skos:narrower,
flumiclorac-pentyl,,flumiclorac-pentyl,https://lod.nal.usda.gov/nalt/213727,,True,skos:broader; skos:narrower,
fluoroacetic acid,monofluoroacetate; monofluoroacetic acid,"fluoroacetic acid (monofluoroacetate, monofluoroacetic acid)",https://lod.nal.usda.gov/nalt/40727,,False,skos:related,
fluorochloridone,,fluorochloridone,https://lod.nal.usda.gov/nalt/40728,,True,skos:broader; skos:narrower,
fluridone,,fluridone,https://lod.nal.usda.gov/nalt/40734,,True,skos:broader; skos:narrower,
fluroxypyr 1-methylheptyl ester,,fluroxypyr 1-methylheptyl ester,https://lod.nal.usda.gov/nalt/213731,,True,skos:broader; skos:narrower,
flurtamone,,flurtamone,https://lod.nal.usda.gov/nalt/40736,,True,skos:broader; skos:narrower,
fluthiacet methyl,,fluthiacet methyl,https://lod.nal.usda.gov/nalt/213704,,True,skos:broader; skos:narrower,
flutolanil,,flutolanil,https://lod.nal.usda.gov/nalt/40737,,True,skos:broader; skos:narrower,
fogs (materials),,fogs (materials),https://lod.nal.usda.gov/nalt/591,,False,skos:related,
formetanate,,formetanate,https://lod.nal.usda.gov/nalt/2094,,True,skos:broader; skos:narrower,
formetanate hydrochloride,,formetanate hydrochloride,https://lod.nal.usda.gov/nalt/213690,,True,skos:broader; skos:narrower,
fosetyl,,fosetyl,https://lod.nal.usda.gov/nalt/41303,,True,skos:broader; skos:narrower,
fumigant insecticides,,fumigant insecticides,https://lod.nal.usda.gov/nalt/41749,,True,skos:broader; skos:narrower,
fumigants,fumigation agents,fumigants (fumigation agents),https://lod.nal.usda.gov/nalt/593,,False,skos:related,
fumigation equipment,,fumigation equipment,https://lod.nal.usda.gov/nalt/37724,,False,skos:broader; skos:narrower,
fungi,fungal organisms; macrofungi; microfungi,"fungi (fungal organisms, macrofungi, microfungi)",https://lod.nal.usda.gov/nalt/495,,False,skos:related,
fungicide application,,fungicide application,https://lod.nal.usda.gov/nalt/81153,,True,skos:related,
fungicide resistance,fungicide susceptibility; fungicide tolerance; resistance to fungicides; susceptibility to fungicides,"fungicide resistance (fungicide susceptibility, fungicide tolerance, resistance to fungicides, susceptibility to fungicides)",https://lod.nal.usda.gov/nalt/41847,,False,skos:related,
fungicide use reduction,fungicide reduction; fungicide usage reduction,"fungicide use reduction (fungicide reduction, fungicide usage reduction)",https://lod.nal.usda.gov/nalt/298654,,False,skos:related,
furathiocarb,,furathiocarb,https://lod.nal.usda.gov/nalt/22164,,True,skos:broader; skos:narrower,
furilazole,,furilazole,https://lod.nal.usda.gov/nalt/213723,,True,skos:broader; skos:narrower,
granules,,granules,https://lod.nal.usda.gov/nalt/594,,False,skos:related,
growth regulators,,growth regulators,https://lod.nal.usda.gov/nalt/5565,,False,skos:related,
guazatine,,guazatine,https://lod.nal.usda.gov/nalt/41849,,True,skos:broader; skos:narrower,
halogenated aliphatic herbicides,,halogenated aliphatic herbicides,https://lod.nal.usda.gov/nalt/125119,,True,skos:broader; skos:narrower,
halosulfuron methyl,,halosulfuron methyl,https://lod.nal.usda.gov/nalt/213737,,True,skos:broader; skos:narrower,
HCH (pesticide),alpha-BHC; alpha-HCH; alpha-hexachlorocyclohexane; beta-BHC; beta-hexachlorocyclohexane; delta-hexachlorocyclohexane; hexachlorocyclohexane,"HCH (pesticide) (alpha-BHC, alpha-HCH, alpha-hexachlorocyclohexane, beta-BHC, beta-hexachlorocyclohexane, delta-hexachlorocyclohexane, hexachlorocyclohexane)",https://lod.nal.usda.gov/nalt/44715,,True,skos:broader; skos:narrower,
heptachlor epoxide,,heptachlor epoxide,https://lod.nal.usda.gov/nalt/213677,,True,skos:broader; skos:narrower,
herbicidal properties,herbicide activity; herbicide properties; herbicide property,"herbicidal properties (herbicide activity, herbicide properties, herbicide property)",https://lod.nal.usda.gov/nalt/45181,,False,skos:related,
herbicide impurities,,herbicide impurities,https://lod.nal.usda.gov/nalt/33793,,True,skos:broader; skos:narrower,
herbicide metabolites,,herbicide metabolites,https://lod.nal.usda.gov/nalt/324607,,False,skos:related,
herbicide mixtures,,herbicide mixtures,https://lod.nal.usda.gov/nalt/302453,,True,skos:broader; skos:narrower,
herbicide safeners,herbicide antagonists; herbicide antidotes,"herbicide safeners (herbicide antagonists, herbicide antidotes)",https://lod.nal.usda.gov/nalt/123142,,False,skos:related,
herbicide use reduction,herbicide reduction; herbicide usage reduction,"herbicide use reduction (herbicide reduction, herbicide usage reduction)",https://lod.nal.usda.gov/nalt/322534,,False,skos:related,
hexachlorobenzene,HCB (hexachlorobenzene),hexachlorobenzene (HCB (hexachlorobenzene)),https://lod.nal.usda.gov/nalt/41850,,True,skos:broader; skos:narrower,
hexythiazox,,hexythiazox,https://lod.nal.usda.gov/nalt/2095,,True,skos:broader; skos:narrower,
horticultural oils,horticultural mineral oils; horticultural oil,"horticultural oils (horticultural mineral oils, horticultural oil)",https://lod.nal.usda.gov/nalt/17497,,True,skos:related,
human health and safety,,human health and safety,https://lod.nal.usda.gov/nalt/2144,,False,skos:broader; skos:narrower,
human-animal relations,animal human bond; animal human relations; animal human relationships; animal-human bond; animal-human relations; animal-human relationships; human animal bond; human animal relations; human animal relationships; human-animal bond; human-animal interactions; human-animal relationships,"human-animal relations (animal human bond, animal human relations, animal human relationships, animal-human bond, animal-human relations, animal-human relationships, human animal bond, human animal relations, human animal relationships, human-animal bond, human-animal interactions, human-animal relationships)",https://lod.nal.usda.gov/nalt/9260,,False,skos:related,
hydramethylnon,,hydramethylnon,https://lod.nal.usda.gov/nalt/46253,,True,skos:broader; skos:narrower,
hymexazol,,hymexazol,https://lod.nal.usda.gov/nalt/41851,,True,skos:broader; skos:narrower,
imidazole fungicides,,imidazole fungicides,https://lod.nal.usda.gov/nalt/28456,,True,skos:broader; skos:narrower,
imidazolinone herbicides,,imidazolinone herbicides,https://lod.nal.usda.gov/nalt/45203,,True,skos:broader; skos:narrower,
indoxacarb,indoxycarb,indoxacarb (indoxycarb),https://lod.nal.usda.gov/nalt/47195,,True,skos:broader; skos:narrower,
inorganic herbicides,,inorganic herbicides,https://lod.nal.usda.gov/nalt/125125,,True,skos:broader; skos:narrower,
insect attractants,,insect attractants,https://lod.nal.usda.gov/nalt/13781,,False,skos:related,
insect growth regulators,,insect growth regulators,https://lod.nal.usda.gov/nalt/17498,,False,skos:related,
insect outbreaks,,insect outbreaks,https://lod.nal.usda.gov/nalt/314183,,False,skos:related,
insect pests,,insect pests,https://lod.nal.usda.gov/nalt/9355,,False,skos:related,
insectary plants,,insectary plants,https://lod.nal.usda.gov/nalt/335329,,False,skos:related,
insecticidal properties,insecticidal action; insecticide action; insecticide activity; insecticide properties; insecticide property,"insecticidal properties (insecticidal action, insecticide action, insecticide activity, insecticide properties, insecticide property)",https://lod.nal.usda.gov/nalt/47422,,False,skos:related,
insecticidal proteins,,insecticidal proteins,https://lod.nal.usda.gov/nalt/880,,False,skos:related,
insecticidal soaps,insecticidal soap,insecticidal soaps (insecticidal soap),https://lod.nal.usda.gov/nalt/17499,,True,skos:broader; skos:narrower,
insecticide residues,,insecticide residues,https://lod.nal.usda.gov/nalt/47425,,False,skos:related,
insecticide resistance,insecticide susceptibility; susceptibility to insecticides,"insecticide resistance (insecticide susceptibility, susceptibility to insecticides)",https://lod.nal.usda.gov/nalt/47427,,False,skos:related,
insects,,insects,https://lod.nal.usda.gov/nalt/4395,,False,skos:related,
integrated pest management,'push-pull' strategy; IPM (integrated pest management),"integrated pest management ('push-pull' strategy, IPM (integrated pest management))",https://lod.nal.usda.gov/nalt/17501,,True,skos:related,
isoprothiolane,,isoprothiolane,https://lod.nal.usda.gov/nalt/41852,,True,skos:broader; skos:narrower,
kresoxim-methyl,,kresoxim-methyl,https://lod.nal.usda.gov/nalt/213711,,True,skos:broader; skos:narrower,
larvae,,larvae,https://lod.nal.usda.gov/nalt/23027,,False,skos:related,
lice infestations,louse infestations,lice infestations (louse infestations),https://lod.nal.usda.gov/nalt/50002,,False,skos:related,
lindane,"1,2,3,4,5,6-hexachlorocyclohexane; gamma BHC (lindane); gamma-HCH; gamma-benzene hexachloride; gamma-hexachlorocyclohexane","lindane (1,2,3,4,5,6-hexachlorocyclohexane, gamma BHC (lindane), gamma-HCH, gamma-benzene hexachloride, gamma-hexachlorocyclohexane)",https://lod.nal.usda.gov/nalt/2096,,True,skos:broader; skos:narrower,
liquids,,liquids,https://lod.nal.usda.gov/nalt/191,,False,skos:related,
louse control,lice control,louse control (lice control),https://lod.nal.usda.gov/nalt/69323,,True,skos:broader; skos:narrower,
mancozeb,,mancozeb,https://lod.nal.usda.gov/nalt/22165,,True,skos:broader; skos:narrower,
maneb,manganese ethylenebisdithiocarbamate,maneb (manganese ethylenebisdithiocarbamate),https://lod.nal.usda.gov/nalt/22166,,True,skos:broader; skos:narrower,
mathematics and statistics,,mathematics and statistics,https://lod.nal.usda.gov/nalt/6369,,False,skos:broader; skos:narrower,
mating disruption,,mating disruption,https://lod.nal.usda.gov/nalt/34069,,True,skos:broader; skos:narrower,
maximum permissible intake,,maximum permissible intake,https://lod.nal.usda.gov/nalt/51692,,False,skos:related,
maximum residue limits,MRL (maximum residue limits); maximum residue level,"maximum residue limits (MRL (maximum residue limits), maximum residue level)",https://lod.nal.usda.gov/nalt/51693,,False,skos:related,
mepanipyrim,,mepanipyrim,https://lod.nal.usda.gov/nalt/213741,,True,skos:broader; skos:narrower,
mercury fungicides,,mercury fungicides,https://lod.nal.usda.gov/nalt/41853,,True,skos:broader; skos:narrower,
metaflumizone,,metaflumizone,https://lod.nal.usda.gov/nalt/123096,,True,skos:broader; skos:narrower,
metam,carbathione; iron methyldithiocarbamate; metam-sodium; metham; metham-sodium; methylcarbamodithioic acid; methyldithiocarbamate; methyldithiocarbamic acid; sodium methyldithiocarbamate; vapam,"metam (carbathione, iron methyldithiocarbamate, metam-sodium, metham, metham-sodium, methylcarbamodithioic acid, methyldithiocarbamate, methyldithiocarbamic acid, sodium methyldithiocarbamate, vapam)",https://lod.nal.usda.gov/nalt/52246,,True,skos:broader; skos:narrower,
methomyl,,methomyl,https://lod.nal.usda.gov/nalt/22167,,True,skos:broader; skos:narrower,
methyl bromide,,methyl bromide,https://lod.nal.usda.gov/nalt/41855,,True,skos:broader; skos:narrower,
methyl isothiocyanate,,methyl isothiocyanate,https://lod.nal.usda.gov/nalt/41856,,True,skos:broader; skos:narrower,
metiram,,metiram,https://lod.nal.usda.gov/nalt/22168,,True,skos:broader; skos:narrower,
mexacarbate,,mexacarbate,https://lod.nal.usda.gov/nalt/22169,,True,skos:broader; skos:narrower,
microbial insecticides,,microbial insecticides,https://lod.nal.usda.gov/nalt/15184,,True,skos:broader; skos:narrower,
microbial pesticides,,microbial pesticides,https://lod.nal.usda.gov/nalt/17500,,True,skos:broader; skos:narrower,
milbemycins,,milbemycins,https://lod.nal.usda.gov/nalt/2097,,True,skos:broader; skos:narrower,
mite infestations,,mite infestations,https://lod.nal.usda.gov/nalt/136225,,False,skos:related,
molinate,,molinate,https://lod.nal.usda.gov/nalt/22170,,True,skos:broader; skos:narrower,
morpholine fungicides,,morpholine fungicides,https://lod.nal.usda.gov/nalt/34280,,True,skos:broader; skos:narrower,
mosquito control,,mosquito control,https://lod.nal.usda.gov/nalt/47371,,True,skos:broader; skos:narrower,
mosquito nets,mosquito netting,mosquito nets (mosquito netting),https://lod.nal.usda.gov/nalt/53511,,False,skos:broader; skos:narrower,
mycoherbicides,,mycoherbicides,https://lod.nal.usda.gov/nalt/45182,,True,skos:broader; skos:narrower,
nematode control,,nematode control,https://lod.nal.usda.gov/nalt/9380,,False,skos:related,
neonicotinoid insecticides,neonicotinoids; nicotinoid insecticides; nicotinoids,"neonicotinoid insecticides (neonicotinoids, nicotinoid insecticides, nicotinoids)",https://lod.nal.usda.gov/nalt/132372,,True,skos:broader; skos:narrower,
nitrile herbicides,,nitrile herbicides,https://lod.nal.usda.gov/nalt/45231,,True,skos:broader; skos:narrower,
o-phenylphenol,ortho-phenylphenol,o-phenylphenol (ortho-phenylphenol),https://lod.nal.usda.gov/nalt/213675,,True,skos:broader; skos:narrower,
OCH (pesticide),octachloro-2-cyclohexen-1-one; octachlorocyclohexenone; perchlorocyclohex-2-en-1-one,"OCH (pesticide) (octachloro-2-cyclohexen-1-one, octachlorocyclohexenone, perchlorocyclohex-2-en-1-one)",https://lod.nal.usda.gov/nalt/41857,,True,skos:broader; skos:narrower,
organochlorine compounds,chloroorganic compounds; organic chlorine compounds,"organochlorine compounds (chloroorganic compounds, organic chlorine compounds)",https://lod.nal.usda.gov/nalt/1167,,False,skos:broader; skos:narrower,
organochlorine insecticides,,organochlorine insecticides,https://lod.nal.usda.gov/nalt/31048,,True,skos:broader; skos:narrower,
organophosphorus acaricides,,organophosphorus acaricides,https://lod.nal.usda.gov/nalt/2098,,True,skos:broader; skos:narrower,
organophosphorus compounds,organic phosphorus compounds; organophosphates,"organophosphorus compounds (organic phosphorus compounds, organophosphates)",https://lod.nal.usda.gov/nalt/31069,,False,skos:broader; skos:narrower,
organophosphorus fungicides,,organophosphorus fungicides,https://lod.nal.usda.gov/nalt/327889,,True,skos:broader; skos:narrower,
organophosphorus herbicides,,organophosphorus herbicides,https://lod.nal.usda.gov/nalt/7895,,True,skos:broader; skos:narrower,
organophosphorus insecticides,organophosphate insecticides; phosphonate insecticides; phosphoramidate insecticides,"organophosphorus insecticides (organophosphate insecticides, phosphonate insecticides, phosphoramidate insecticides)",https://lod.nal.usda.gov/nalt/2184,,True,skos:broader; skos:narrower,
organophosphorus nematicides,,organophosphorus nematicides,https://lod.nal.usda.gov/nalt/25517,,True,skos:broader; skos:narrower,
organotin compounds,,organotin compounds,https://lod.nal.usda.gov/nalt/14328,,False,skos:broader; skos:narrower,
ova,egg cells; oospheres; ovum,"ova (egg cells, oospheres, ovum)",https://lod.nal.usda.gov/nalt/25673,,False,skos:related,
oviposition,egg laying,oviposition (egg laying),https://lod.nal.usda.gov/nalt/9481,,False,skos:related,
oxadiazolone herbicides,,oxadiazolone herbicides,https://lod.nal.usda.gov/nalt/125131,,True,skos:broader; skos:narrower,
oxadixyl,,oxadixyl,https://lod.nal.usda.gov/nalt/41858,,True,skos:broader; skos:narrower,
oxamyl,,oxamyl,https://lod.nal.usda.gov/nalt/22171,,True,skos:broader; skos:narrower,
oxazole herbicides,,oxazole herbicides,https://lod.nal.usda.gov/nalt/125133,,True,skos:broader; skos:narrower,
oxycarboxin,,oxycarboxin,https://lod.nal.usda.gov/nalt/41859,,True,skos:broader; skos:narrower,
pediculicides,,pediculicides,https://lod.nal.usda.gov/nalt/323890,,True,skos:broader; skos:narrower,
pelargonic acid,nonanoic acid,pelargonic acid (nonanoic acid),https://lod.nal.usda.gov/nalt/45241,,True,skos:broader; skos:narrower,
pentachlorophenol,PCP (pentachlorophenol); sodium pentachlorophenate; sodium pentachlorophenoxide,"pentachlorophenol (PCP (pentachlorophenol), sodium pentachlorophenate, sodium pentachlorophenoxide)",https://lod.nal.usda.gov/nalt/41861,,True,skos:broader; skos:narrower,
penthiopyrad,,penthiopyrad,https://lod.nal.usda.gov/nalt/327895,,True,skos:broader; skos:narrower,
pest monitoring,,pest monitoring,https://lod.nal.usda.gov/nalt/47465,,True,skos:related,
pesticide application,,pesticide application,https://lod.nal.usda.gov/nalt/2073,,True,skos:related,
pesticide mixtures,,pesticide mixtures,https://lod.nal.usda.gov/nalt/53178,,True,skos:broader; skos:narrower,
pesticide registration,,pesticide registration,https://lod.nal.usda.gov/nalt/57566,,False,skos:broader; skos:narrower,
pests,vermin,pests (vermin),https://lod.nal.usda.gov/nalt/839,,False,skos:related,
phenoxy herbicides,,phenoxy herbicides,https://lod.nal.usda.gov/nalt/125138,,True,skos:broader; skos:narrower,
phenylenediamine herbicides,,phenylenediamine herbicides,https://lod.nal.usda.gov/nalt/125145,,True,skos:broader; skos:narrower,
phenylmercury acetate,PMA (phenylmercury acetate),phenylmercury acetate (PMA (phenylmercury acetate)),https://lod.nal.usda.gov/nalt/41862,,True,skos:broader; skos:narrower,
phoxim,,phoxim,https://lod.nal.usda.gov/nalt/68282,,True,skos:broader; skos:narrower,
pirimicarb,,pirimicarb,https://lod.nal.usda.gov/nalt/22173,,True,skos:broader; skos:narrower,
plant breeding,crop breeding,plant breeding (crop breeding),https://lod.nal.usda.gov/nalt/5631,,False,skos:related,
plant growth substances,PGRs (growth regulators); exogenous plant growth regulators; plant growth factors; plant growth regulating chemicals; plant growth regulating compounds; plant growth regulating substances; plant growth regulators,"plant growth substances (PGRs (growth regulators), exogenous plant growth regulators, plant growth factors, plant growth regulating chemicals, plant growth regulating compounds, plant growth regulating substances, plant growth regulators)",https://lod.nal.usda.gov/nalt/14070,,False,skos:broader; skos:narrower,
plant pests,crop pests; pests of plants; phytophagous pests; tree pests,"plant pests (crop pests, pests of plants, phytophagous pests, tree pests)",https://lod.nal.usda.gov/nalt/17605,,False,skos:related,
polychlorobenzoic acid,,polychlorobenzoic acid,https://lod.nal.usda.gov/nalt/41863,,True,skos:broader; skos:narrower,
potassium phosphite,,potassium phosphite,https://lod.nal.usda.gov/nalt/210462,,True,skos:broader; skos:narrower,
pour-on formulations,,pour-on formulations,https://lod.nal.usda.gov/nalt/605,,False,skos:related,
powders,,powders,https://lod.nal.usda.gov/nalt/606,,False,skos:related,
predator-prey relationships,predator prey relationships; predator-prey interactions; prey predator relationships; prey-predator relationships,"predator-prey relationships (predator prey relationships, predator-prey interactions, prey predator relationships, prey-predator relationships)",https://lod.nal.usda.gov/nalt/41769,,False,skos:related,
predators,,predators,https://lod.nal.usda.gov/nalt/17610,,False,skos:related,
predatory fish,,predatory fish,https://lod.nal.usda.gov/nalt/258339,,False,skos:related,
prohexadione calcium,calcium 3-oxido-5-oxo-4-propanoylcyclohex-3-ene-1-carboxylate; calcium 3-oxido-5-oxo-4-propionylcyclohex-3-enecarboxylate; prohexadion calcium; prohexadione,"prohexadione calcium (calcium 3-oxido-5-oxo-4-propanoylcyclohex-3-ene-1-carboxylate, calcium 3-oxido-5-oxo-4-propionylcyclohex-3-enecarboxylate, prohexadion calcium, prohexadione)",https://lod.nal.usda.gov/nalt/228717,,False,skos:related,
propamocarb hydrochloride,,propamocarb hydrochloride,https://lod.nal.usda.gov/nalt/213738,,True,skos:broader; skos:narrower,
propargite,,propargite,https://lod.nal.usda.gov/nalt/2099,,True,skos:broader; skos:narrower,
propoxur,,propoxur,https://lod.nal.usda.gov/nalt/22175,,True,skos:broader; skos:narrower,
prosulfalin,,prosulfalin,https://lod.nal.usda.gov/nalt/45252,,True,skos:broader; skos:narrower,
pymetrozine,,pymetrozine,https://lod.nal.usda.gov/nalt/47428,,True,skos:broader; skos:narrower,
pyrazole herbicides,,pyrazole herbicides,https://lod.nal.usda.gov/nalt/125117,,True,skos:broader; skos:narrower,
pyrazophos,,pyrazophos,https://lod.nal.usda.gov/nalt/41866,,True,skos:broader; skos:narrower,
pyrethroid acaricides,,pyrethroid acaricides,https://lod.nal.usda.gov/nalt/2100,,True,skos:broader; skos:narrower,
pyrethroid insecticides,pyrethroid ester insecticides,pyrethroid insecticides (pyrethroid ester insecticides),https://lod.nal.usda.gov/nalt/6568,,True,skos:broader; skos:narrower,
pyridaben,,pyridaben,https://lod.nal.usda.gov/nalt/69204,,True,skos:broader; skos:narrower,
pyridazine herbicides,,pyridazine herbicides,https://lod.nal.usda.gov/nalt/125146,,True,skos:broader; skos:narrower,
pyridazinone herbicides,,pyridazinone herbicides,https://lod.nal.usda.gov/nalt/25319,,True,skos:broader; skos:narrower,
pyridine herbicides,,pyridine herbicides,https://lod.nal.usda.gov/nalt/34133,,True,skos:broader; skos:narrower,
pyrimidine fungicides,,pyrimidine fungicides,https://lod.nal.usda.gov/nalt/39814,,True,skos:broader; skos:narrower,
quaternary ammonium herbicides,,quaternary ammonium herbicides,https://lod.nal.usda.gov/nalt/125147,,True,skos:broader; skos:narrower,
quinoxyfen,,quinoxyfen,https://lod.nal.usda.gov/nalt/41867,,True,skos:broader; skos:narrower,
quintozene,pentachloronitrobenzene,quintozene (pentachloronitrobenzene),https://lod.nal.usda.gov/nalt/41868,,True,skos:broader; skos:narrower,
rafoxanide,,rafoxanide,https://lod.nal.usda.gov/nalt/8957,,True,skos:broader; skos:narrower,
recombinant fusion proteins,chimera proteins; chimeric mutant proteins; chimeric proteins; recombinant chimeric proteins; recombinant hybrid proteins,"recombinant fusion proteins (chimera proteins, chimeric mutant proteins, chimeric proteins, recombinant chimeric proteins, recombinant hybrid proteins)",https://lod.nal.usda.gov/nalt/42041,,False,skos:broader; skos:narrower,
reproduction,,reproduction,https://lod.nal.usda.gov/nalt/12898,,False,skos:related,
reproductive toxicology,reproductive toxicity,reproductive toxicology (reproductive toxicity),https://lod.nal.usda.gov/nalt/1767,,False,skos:related,
rodent repellents,mice repellents; rat repellents,"rodent repellents (mice repellents, rat repellents)",https://lod.nal.usda.gov/nalt/302645,,False,skos:related,
scarers,scare devices; scaring devices,"scarers (scare devices, scaring devices)",https://lod.nal.usda.gov/nalt/57552,,False,skos:broader; skos:narrower,
secondary metabolites,,secondary metabolites,https://lod.nal.usda.gov/nalt/17502,,False,skos:related,
silviculture,,silviculture,https://lod.nal.usda.gov/nalt/41174,,False,skos:related,
site preparation,land preparation; planting site preparation; site preparation for planting; soil preparation,"site preparation (land preparation, planting site preparation, site preparation for planting, soil preparation)",https://lod.nal.usda.gov/nalt/4791,,False,skos:related,
slow-release fertilizers,controlled release fertilisers; controlled release fertilizers; controlled-release fertilisers; controlled-release fertilizers; slow release fertilisers; slow release fertilizers; slow-release fertilisers,"slow-release fertilizers (controlled release fertilisers, controlled release fertilizers, controlled-release fertilisers, controlled-release fertilizers, slow release fertilisers, slow release fertilizers, slow-release fertilisers)",https://lod.nal.usda.gov/nalt/28796,,False,skos:related,
slugs,,slugs,https://lod.nal.usda.gov/nalt/53265,,False,skos:related,
smoke formulations,smokes (formulations),smoke formulations (smokes (formulations)),https://lod.nal.usda.gov/nalt/609,,False,skos:related,
snails,,snails,https://lod.nal.usda.gov/nalt/53266,,False,skos:related,
sodium fluoroacetate,,sodium fluoroacetate,https://lod.nal.usda.gov/nalt/56113,,False,skos:related,
solutions,,solutions,https://lod.nal.usda.gov/nalt/611,,False,skos:related,
specialty crops,minor crops,specialty crops (minor crops),https://lod.nal.usda.gov/nalt/30193,,False,skos:related,
spinosad,,spinosad,https://lod.nal.usda.gov/nalt/47429,,True,skos:broader; skos:narrower,
spirodiclofen,,spirodiclofen,https://lod.nal.usda.gov/nalt/2101,,True,skos:broader; skos:narrower,
spiromesifen,,spiromesifen,https://lod.nal.usda.gov/nalt/213739,,True,skos:broader; skos:narrower,
sterile insect technique,SIT (sterile insect technique); sterile insect release; sterile male release; sterile release,"sterile insect technique (SIT (sterile insect technique), sterile insect release, sterile male release, sterile release)",https://lod.nal.usda.gov/nalt/47372,,True,skos:broader; skos:narrower,
storage pests,food storage pests; stored product pests; stored products pests,"storage pests (food storage pests, stored product pests, stored products pests)",https://lod.nal.usda.gov/nalt/41056,,False,skos:related,
storage technology,,storage technology,https://lod.nal.usda.gov/nalt/27787,,False,skos:related,
stored products,,stored products,https://lod.nal.usda.gov/nalt/41053,,False,skos:related,
stray animals,,stray animals,https://lod.nal.usda.gov/nalt/9586,,False,skos:related,
strobilurin fungicides,,strobilurin fungicides,https://lod.nal.usda.gov/nalt/331494,,True,skos:broader; skos:narrower,
sulfuramid,,sulfuramid,https://lod.nal.usda.gov/nalt/47430,,True,skos:broader; skos:narrower,
sulfuryl fluoride,,sulfuryl fluoride,https://lod.nal.usda.gov/nalt/40725,,True,skos:broader; skos:narrower,
sweep nets,sweep traps,sweep nets (sweep traps),https://lod.nal.usda.gov/nalt/214122,,False,skos:related,
tebufenozide,RH-5992,tebufenozide (RH-5992),https://lod.nal.usda.gov/nalt/35594,,True,skos:broader; skos:narrower,
tecnazene,,tecnazene,https://lod.nal.usda.gov/nalt/41869,,True,skos:broader; skos:narrower,
terbucarb,,terbucarb,https://lod.nal.usda.gov/nalt/22176,,True,skos:broader; skos:narrower,
termite control,,termite control,https://lod.nal.usda.gov/nalt/47373,,True,skos:broader; skos:narrower,
termiticides,,termiticides,https://lod.nal.usda.gov/nalt/829,,True,skos:broader; skos:narrower,
tetraconazole,,tetraconazole,https://lod.nal.usda.gov/nalt/213717,,True,skos:broader; skos:narrower,
tetradifon,,tetradifon,https://lod.nal.usda.gov/nalt/2102,,True,skos:broader; skos:narrower,
tetrahydrophthalimide,THPI; tetrahydrophthalimide (THPI),"tetrahydrophthalimide (THPI, tetrahydrophthalimide (THPI))",https://lod.nal.usda.gov/nalt/213678,,True,skos:broader; skos:narrower,
thiobencarb,,thiobencarb,https://lod.nal.usda.gov/nalt/22177,,True,skos:broader; skos:narrower,
thiocarbamate herbicides,,thiocarbamate herbicides,https://lod.nal.usda.gov/nalt/125148,,True,skos:broader; skos:narrower,
thiocarbonate herbicides,,thiocarbonate herbicides,https://lod.nal.usda.gov/nalt/125149,,True,skos:broader; skos:narrower,
thiodicarb,,thiodicarb,https://lod.nal.usda.gov/nalt/22178,,True,skos:broader; skos:narrower,
thiofanox,,thiofanox,https://lod.nal.usda.gov/nalt/22179,,True,skos:broader; skos:narrower,
thiram,,thiram,https://lod.nal.usda.gov/nalt/41870,,True,skos:broader; skos:narrower,
tick infestations,,tick infestations,https://lod.nal.usda.gov/nalt/56859,,False,skos:related,
tolclofos-methyl,,tolclofos-methyl,https://lod.nal.usda.gov/nalt/41871,,True,skos:broader; skos:narrower,
tolylfluanid,tolyfluanid,tolylfluanid (tolyfluanid),https://lod.nal.usda.gov/nalt/213681,,True,skos:broader; skos:narrower,
transgenes,,transgenes,https://lod.nal.usda.gov/nalt/42607,,False,skos:related,
transgenic plants,,transgenic plants,https://lod.nal.usda.gov/nalt/35864,,False,skos:related,
triallate,tri-allate,triallate (tri-allate),https://lod.nal.usda.gov/nalt/22180,,True,skos:broader; skos:narrower,
triazamate,,triazamate,https://lod.nal.usda.gov/nalt/47432,,True,skos:broader; skos:narrower,
triazine fungicides,,triazine fungicides,https://lod.nal.usda.gov/nalt/331486,,True,skos:broader; skos:narrower,
triazine herbicides,,triazine herbicides,https://lod.nal.usda.gov/nalt/7657,,True,skos:broader; skos:narrower,
triazinone herbicides,,triazinone herbicides,https://lod.nal.usda.gov/nalt/45277,,True,skos:broader; skos:narrower,
triazole fungicides,,triazole fungicides,https://lod.nal.usda.gov/nalt/17650,,True,skos:broader; skos:narrower,
triazole herbicides,,triazole herbicides,https://lod.nal.usda.gov/nalt/7899,,True,skos:broader; skos:narrower,
triazolone herbicides,,triazolone herbicides,https://lod.nal.usda.gov/nalt/125150,,True,skos:broader; skos:narrower,
triazolopyrimidine fungicides,,triazolopyrimidine fungicides,https://lod.nal.usda.gov/nalt/331478,,True,skos:broader; skos:narrower,
triazolopyrimidine herbicides,,triazolopyrimidine herbicides,https://lod.nal.usda.gov/nalt/125151,,True,skos:broader; skos:narrower,
tributyltin oxide,,tributyltin oxide,https://lod.nal.usda.gov/nalt/56142,,True,skos:broader; skos:narrower,
tricyclazole,,tricyclazole,https://lod.nal.usda.gov/nalt/41872,,True,skos:broader; skos:narrower,
tridiphane,,tridiphane,https://lod.nal.usda.gov/nalt/45280,,True,skos:broader; skos:narrower,
trifloxystrobin,,trifloxystrobin,https://lod.nal.usda.gov/nalt/213719,,True,skos:broader; skos:narrower,
triflumizole,,triflumizole,https://lod.nal.usda.gov/nalt/213726,,True,skos:broader; skos:narrower,
trimeturon,,trimeturon,https://lod.nal.usda.gov/nalt/45284,,True,skos:broader; skos:narrower,
tritac,,tritac,https://lod.nal.usda.gov/nalt/45285,,True,skos:broader; skos:narrower,
triticonazole,,triticonazole,https://lod.nal.usda.gov/nalt/213735,,True,skos:broader; skos:narrower,
uracil herbicides,,uracil herbicides,https://lod.nal.usda.gov/nalt/125152,,True,skos:broader; skos:narrower,
urea fungicides,,urea fungicides,https://lod.nal.usda.gov/nalt/331484,,True,skos:broader; skos:narrower,
urea herbicides,,urea herbicides,https://lod.nal.usda.gov/nalt/25299,,True,skos:broader; skos:narrower,
validamycins,,validamycins,https://lod.nal.usda.gov/nalt/10213,,False,skos:related,
vamidothion,,vamidothion,https://lod.nal.usda.gov/nalt/47433,,True,skos:broader; skos:narrower,
vertebrate pests,animals as pests; pest animals,"vertebrate pests (animals as pests, pest animals)",https://lod.nal.usda.gov/nalt/9591,,False,skos:related,
veterinary parasitology,,veterinary parasitology,https://lod.nal.usda.gov/nalt/9504,,False,skos:related,
weed control,weed management; weed prevention; weed suppression; weeding,"weed control (weed management, weed prevention, weed suppression, weeding)",https://lod.nal.usda.gov/nalt/293,,False,skos:related,
weed science,,weed science,https://lod.nal.usda.gov/nalt/30178,,False,skos:related,
weeds,,weeds,https://lod.nal.usda.gov/nalt/9724,,False,skos:related,
wettable powders,,wettable powders,https://lod.nal.usda.gov/nalt/57564,,False,skos:related,
wildlife damage management,game damage; wildlife control; wildlife damage; wildlife damage control; wildlife damage prevention; wildlife depredation; wildlife pest control; wildlife pest management,"wildlife damage management (game damage, wildlife control, wildlife damage, wildlife damage control, wildlife damage prevention, wildlife depredation, wildlife pest control, wildlife pest management)",https://lod.nal.usda.gov/nalt/68149,,False,skos:related,
wildlife management,wild animal conservation; wild bird conservation; wildlife conservation,"wildlife management (wild animal conservation, wild bird conservation, wildlife conservation)",https://lod.nal.usda.gov/nalt/36988,,False,skos:related,
zineb,,zineb,https://lod.nal.usda.gov/nalt/22182,,True,skos:broader; skos:narrower,
ziram,,ziram,https://lod.nal.usda.gov/nalt/22183,,True,skos:broader; skos:narrower,
zoxamide,,zoxamide,https://lod.nal.usda.gov/nalt/213712,,True,skos:broader; skos:narrower,
"2,2,3-TPA","2,2,3-trichloropanoic acid; 2,2,3-trichloropropionic acid; chloropon","2,2,3-TPA (2,2,3-trichloropanoic acid, 2,2,3-trichloropropionic acid, chloropon)",https://lod.nal.usda.gov/nalt/1335,,True,skos:broader; skos:narrower,
"2,3,6-TBA","2,3,6-trichlorobenzoic acid","2,3,6-TBA (2,3,6-trichlorobenzoic acid)",https://lod.nal.usda.gov/nalt/1341,,True,skos:broader; skos:narrower,
"2,4-DEB","2,4-dichlorophenoxyethyl benzoate","2,4-DEB (2,4-dichlorophenoxyethyl benzoate)",https://lod.nal.usda.gov/nalt/1359,,True,skos:broader; skos:narrower,
"2,4-DEP","tris(2-(2,4-dichlorophenoxy)ethyl)phosphite","2,4-DEP (tris(2-(2,4-dichlorophenoxy)ethyl)phosphite)",https://lod.nal.usda.gov/nalt/1361,,True,skos:broader; skos:narrower,
acaricide application,,acaricide application,https://lod.nal.usda.gov/nalt/70320,,True,skos:broader; skos:narrower,
acephate,,acephate,https://lod.nal.usda.gov/nalt/2183,,True,skos:broader; skos:narrower,
acetamiprid,,acetamiprid,https://lod.nal.usda.gov/nalt/2321,,True,skos:broader; skos:narrower,
acrinathrin,,acrinathrin,https://lod.nal.usda.gov/nalt/131672,,True,skos:broader; skos:narrower,
acylamino acid fungicides,,acylamino acid fungicides,https://lod.nal.usda.gov/nalt/331498,,True,skos:broader; skos:narrower,
albendazole,,albendazole,https://lod.nal.usda.gov/nalt/5997,,False,skos:related,
aldehydes,,aldehydes,https://lod.nal.usda.gov/nalt/2307,,False,skos:broader; skos:narrower,
algal blooms,algae blooms; brown tides; diatom blooms; harmful algal blooms; phytoplankton blooms; red tides,"algal blooms (algae blooms, brown tides, diatom blooms, harmful algal blooms, phytoplankton blooms, red tides)",https://lod.nal.usda.gov/nalt/6351,,False,skos:related,
allethrin,,allethrin,https://lod.nal.usda.gov/nalt/6567,,True,skos:broader; skos:narrower,
allidochlor,CDAA (herbicide),allidochlor (CDAA (herbicide)),https://lod.nal.usda.gov/nalt/6589,,True,skos:broader; skos:narrower,
alorac,,alorac,https://lod.nal.usda.gov/nalt/125120,,True,skos:broader; skos:narrower,
ametoctradin,,ametoctradin,https://lod.nal.usda.gov/nalt/331483,,True,skos:broader; skos:narrower,
ametryn,ametryne,ametryn (ametryne),https://lod.nal.usda.gov/nalt/7656,,True,skos:broader; skos:narrower,
amicarbazone,,amicarbazone,https://lod.nal.usda.gov/nalt/125010,,True,skos:broader; skos:narrower,
amides,alkamides; diamides,"amides (alkamides, diamides)",https://lod.nal.usda.gov/nalt/2309,,False,skos:broader; skos:narrower,
aminobenzoates,,aminobenzoates,https://lod.nal.usda.gov/nalt/224213,,False,skos:related,
amiprofos-methyl,,amiprofos-methyl,https://lod.nal.usda.gov/nalt/7894,,True,skos:broader; skos:narrower,
amitrole,,amitrole,https://lod.nal.usda.gov/nalt/7898,,True,skos:broader; skos:narrower,
ammonium sulfamate,ammonium sulphamate,ammonium sulfamate (ammonium sulphamate),https://lod.nal.usda.gov/nalt/300561,,True,skos:broader; skos:narrower,
ammonium sulfamidate,AMS (herbicide); monoammonium sulfamate,"ammonium sulfamidate (AMS (herbicide), monoammonium sulfamate)",https://lod.nal.usda.gov/nalt/7983,,True,skos:broader; skos:narrower,
ampropylfos,,ampropylfos,https://lod.nal.usda.gov/nalt/327893,,True,skos:broader; skos:narrower,
anilazine,,anilazine,https://lod.nal.usda.gov/nalt/8951,,True,skos:broader; skos:narrower,
anilide herbicides,,anilide herbicides,https://lod.nal.usda.gov/nalt/7662,,True,skos:broader; skos:narrower,
anilinopyrimidine fungicides,,anilinopyrimidine fungicides,https://lod.nal.usda.gov/nalt/331476,,True,skos:broader; skos:narrower,
anilofos,,anilofos,https://lod.nal.usda.gov/nalt/125130,,True,skos:broader; skos:narrower,
antibiotics,anti-bacterial agents; anti-mycobacterial agents; antibacterial agents; antimycobacterial agents; antitubercular agents; antitubercular drugs; bactericides; bacteriocidal agents; bacteriocides,"antibiotics (anti-bacterial agents, anti-mycobacterial agents, antibacterial agents, antimycobacterial agents, antitubercular agents, antitubercular drugs, bactericides, bacteriocidal agents, bacteriocides)",https://lod.nal.usda.gov/nalt/10186,,False,skos:broader; skos:narrower,
application technology,sprayer technology,application technology (sprayer technology),https://lod.nal.usda.gov/nalt/11323,,False,skos:related,
aquatic weed control,,aquatic weed control,https://lod.nal.usda.gov/nalt/142745,,False,skos:broader; skos:narrower,
aromatic acids,,aromatic acids,https://lod.nal.usda.gov/nalt/1503,,False,skos:broader; skos:narrower,
asulam,,asulam,https://lod.nal.usda.gov/nalt/13543,,True,skos:broader; skos:narrower,
atraton,,atraton,https://lod.nal.usda.gov/nalt/13716,,True,skos:broader; skos:narrower,
atrazine,,atrazine,https://lod.nal.usda.gov/nalt/13718,,True,skos:broader; skos:narrower,
azimsulfuron,,azimsulfuron,https://lod.nal.usda.gov/nalt/14307,,True,skos:broader; skos:narrower,
azinphos-ethyl,,azinphos-ethyl,https://lod.nal.usda.gov/nalt/14312,,True,skos:broader; skos:narrower,
azinphos-methyl,,azinphos-methyl,https://lod.nal.usda.gov/nalt/14313,,True,skos:broader; skos:narrower,
azoles,,azoles,https://lod.nal.usda.gov/nalt/14329,,False,skos:broader; skos:narrower,
bacterial insecticides,,bacterial insecticides,https://lod.nal.usda.gov/nalt/14973,,True,skos:broader; skos:narrower,
barban,,barban,https://lod.nal.usda.gov/nalt/15805,,True,skos:broader; skos:narrower,
BCPC (herbicide),(RS)-sec-butyl 3-chlorocarbanilate; 1-methylpropyl (3-chlorophenyl)carbamate; 1-methylpropyl 3-chlorophenylcarbamate; sec-butyl N-(3-chlorophenyl)carbamate,"BCPC (herbicide) ((RS)-sec-butyl 3-chlorocarbanilate, 1-methylpropyl (3-chlorophenyl)carbamate, 1-methylpropyl 3-chlorophenylcarbamate, sec-butyl N-(3-chlorophenyl)carbamate)",https://lod.nal.usda.gov/nalt/1203,,True,skos:broader; skos:narrower,
benefin,benfluralin,benefin (benfluralin),https://lod.nal.usda.gov/nalt/16601,,True,skos:broader; skos:narrower,
benfuresate,,benfuresate,https://lod.nal.usda.gov/nalt/125101,,True,skos:broader; skos:narrower,
benoxacor,,benoxacor,https://lod.nal.usda.gov/nalt/213703,,False,skos:broader; skos:narrower,
bensulide,,bensulide,https://lod.nal.usda.gov/nalt/16628,,True,skos:broader; skos:narrower,
benzadox,,benzadox,https://lod.nal.usda.gov/nalt/16639,,True,skos:broader; skos:narrower,
benzamide fungicides,,benzamide fungicides,https://lod.nal.usda.gov/nalt/331489,,True,skos:broader; skos:narrower,
benzfendizone,,benzfendizone,https://lod.nal.usda.gov/nalt/125153,,True,skos:broader; skos:narrower,
benzimidazoles,,benzimidazoles,https://lod.nal.usda.gov/nalt/5998,,False,skos:broader; skos:narrower,
benzipram,,benzipram,https://lod.nal.usda.gov/nalt/16654,,True,skos:broader; skos:narrower,
benzthiazuron,,benzthiazuron,https://lod.nal.usda.gov/nalt/16674,,True,skos:broader; skos:narrower,
bialaphos,antibiotic SF-1293,bialaphos (antibiotic SF-1293),https://lod.nal.usda.gov/nalt/323365,,True,skos:broader; skos:narrower,
bifenthrin,,bifenthrin,https://lod.nal.usda.gov/nalt/17037,,True,skos:broader; skos:narrower,
bifonazole,mycospor,bifonazole (mycospor),https://lod.nal.usda.gov/nalt/235795,,False,skos:related,
bilanafos,,bilanafos,https://lod.nal.usda.gov/nalt/17148,,True,skos:broader; skos:narrower,
bioallethrin,,bioallethrin,https://lod.nal.usda.gov/nalt/17235,,True,skos:broader; skos:narrower,
bioethanomethrin,,bioethanomethrin,https://lod.nal.usda.gov/nalt/300814,,True,skos:broader; skos:narrower,
bioresmethrin,,bioresmethrin,https://lod.nal.usda.gov/nalt/17513,,True,skos:broader; skos:narrower,
bitertanol,,bitertanol,https://lod.nal.usda.gov/nalt/17649,,True,skos:broader; skos:narrower,
borates,,borates,https://lod.nal.usda.gov/nalt/18623,,False,skos:broader; skos:narrower,
borax,sodium borate decahydrate; tincal,"borax (sodium borate decahydrate, tincal)",https://lod.nal.usda.gov/nalt/18622,,True,skos:broader; skos:narrower,
bromacil,,bromacil,https://lod.nal.usda.gov/nalt/19933,,True,skos:broader; skos:narrower,
bromobonil,,bromobonil,https://lod.nal.usda.gov/nalt/125126,,True,skos:broader; skos:narrower,
bromofenoxim,,bromofenoxim,https://lod.nal.usda.gov/nalt/19968,,True,skos:broader; skos:narrower,
bromoxynil,,bromoxynil,https://lod.nal.usda.gov/nalt/19981,,True,skos:broader; skos:narrower,
bromuconazole,,bromuconazole,https://lod.nal.usda.gov/nalt/213708,,True,skos:broader; skos:narrower,
brush control,brush management,brush control (brush management),https://lod.nal.usda.gov/nalt/20192,,False,skos:broader; skos:narrower,
butam,,butam,https://lod.nal.usda.gov/nalt/20599,,True,skos:broader; skos:narrower,
butamifos,,butamifos,https://lod.nal.usda.gov/nalt/20600,,True,skos:broader; skos:narrower,
butralin,,butralin,https://lod.nal.usda.gov/nalt/20619,,True,skos:broader; skos:narrower,
cacodylic acid,dimethylarsinic acid,cacodylic acid (dimethylarsinic acid),https://lod.nal.usda.gov/nalt/12375,,True,skos:broader; skos:narrower,
cadusafos,,cadusafos,https://lod.nal.usda.gov/nalt/213698,,True,skos:broader; skos:narrower,
cafenstrole,,cafenstrole,https://lod.nal.usda.gov/nalt/20995,,True,skos:broader; skos:narrower,
calcium methanearsonate,CMA (herbicide); calcium hydrogen methylarsonate,"calcium methanearsonate (CMA (herbicide), calcium hydrogen methylarsonate)",https://lod.nal.usda.gov/nalt/21114,,True,skos:broader; skos:narrower,
captafol,,captafol,https://lod.nal.usda.gov/nalt/22086,,True,skos:broader; skos:narrower,
captan,,captan,https://lod.nal.usda.gov/nalt/22088,,True,skos:broader; skos:narrower,
carbendazim,bavistin,carbendazim (bavistin),https://lod.nal.usda.gov/nalt/9915,,False,skos:related,
carbetamide,,carbetamide,https://lod.nal.usda.gov/nalt/22153,,True,skos:broader; skos:narrower,
carbon tetrachloride,tetrachloromethane,carbon tetrachloride (tetrachloromethane),https://lod.nal.usda.gov/nalt/22230,,False,skos:broader; skos:narrower,
carbophenothion,,carbophenothion,https://lod.nal.usda.gov/nalt/213669,,True,skos:broader; skos:narrower,
carboxazole,,carboxazole,https://lod.nal.usda.gov/nalt/125134,,True,skos:broader; skos:narrower,
carfentrazone,,carfentrazone,https://lod.nal.usda.gov/nalt/22484,,True,skos:broader; skos:narrower,
carpropamid,,carpropamid,https://lod.nal.usda.gov/nalt/22666,,True,skos:broader; skos:narrower,
CDEA (herbicide),"2-chloro-N,N-diethylacetamide","CDEA (herbicide) (2-chloro-N,N-diethylacetamide)",https://lod.nal.usda.gov/nalt/1376,,True,skos:broader; skos:narrower,
CEPC (herbicide),2-chloroethyl (3-chlorophenyl)carbamate; 2-chloroethyl 3-chlorocarbanilate,"CEPC (herbicide) (2-chloroethyl (3-chlorophenyl)carbamate, 2-chloroethyl 3-chlorocarbanilate)",https://lod.nal.usda.gov/nalt/1380,,True,skos:broader; skos:narrower,
chemigation,chemi-irrigation; chemirrigation,"chemigation (chemi-irrigation, chemirrigation)",https://lod.nal.usda.gov/nalt/11335,,False,skos:related,
chloramben,,chloramben,https://lod.nal.usda.gov/nalt/12290,,True,skos:broader; skos:narrower,
chlorazine,,chlorazine,https://lod.nal.usda.gov/nalt/25297,,True,skos:broader; skos:narrower,
chlorbufam,1-methyl-2-propynyl (3-chlorophenyl)carbamate; 1-methylprop-2-ynyl 3-chlorocarbanilate; BIPC (chlorbufam),"chlorbufam (1-methyl-2-propynyl (3-chlorophenyl)carbamate, 1-methylprop-2-ynyl 3-chlorocarbanilate, BIPC (chlorbufam))",https://lod.nal.usda.gov/nalt/25300,,True,skos:broader; skos:narrower,
chlorfenvinphos,,chlorfenvinphos,https://lod.nal.usda.gov/nalt/25316,,True,skos:broader; skos:narrower,
chloridazon,pyrazon,chloridazon (pyrazon),https://lod.nal.usda.gov/nalt/25318,,True,skos:broader; skos:narrower,
chloroform,,chloroform,https://lod.nal.usda.gov/nalt/25338,,False,skos:broader; skos:narrower,
chlorophacinone,,chlorophacinone,https://lod.nal.usda.gov/nalt/301102,,True,skos:broader; skos:narrower,
chloroxynil,,chloroxynil,https://lod.nal.usda.gov/nalt/125127,,True,skos:broader; skos:narrower,
chlorpropham,CIPC (chlorpropham); chlorophenyl isopropyl carbamate; isopropyl N-(3-Chlorophenol) carbamate,"chlorpropham (CIPC (chlorpropham), chlorophenyl isopropyl carbamate, isopropyl N-(3-Chlorophenol) carbamate)",https://lod.nal.usda.gov/nalt/25515,,True,skos:broader; skos:narrower,
chlorpyrifos,,chlorpyrifos,https://lod.nal.usda.gov/nalt/25516,,True,skos:broader; skos:narrower,
chlorpyrifos oxygen analog,,chlorpyrifos oxygen analog,https://lod.nal.usda.gov/nalt/213695,,True,skos:broader; skos:narrower,
chlorthal-dimethyl,"DCPA (chlorthal-dimethyl); dacthal; dimethyl 2,3,5,6-tetrachloroterephthalate; dimethyl tetrachloroterephthalate","chlorthal-dimethyl (DCPA (chlorthal-dimethyl), dacthal, dimethyl 2,3,5,6-tetrachloroterephthalate, dimethyl tetrachloroterephthalate)",https://lod.nal.usda.gov/nalt/25520,,True,skos:broader; skos:narrower,
chlorthiamid,,chlorthiamid,https://lod.nal.usda.gov/nalt/25522,,True,skos:broader; skos:narrower,
cholinesterase inhibitors,acetylcholinesterase inhibitors; anti-cholinesterases; anticholinesterase agents; anticholinesterase drugs,"cholinesterase inhibitors (acetylcholinesterase inhibitors, anti-cholinesterases, anticholinesterase agents, anticholinesterase drugs)",https://lod.nal.usda.gov/nalt/22191,,False,skos:related,
cinidon-ethyl,,cinidon-ethyl,https://lod.nal.usda.gov/nalt/26324,,True,skos:broader; skos:narrower,
clethodim,,clethodim,https://lod.nal.usda.gov/nalt/26843,,True,skos:broader; skos:narrower,
clomeprop,,clomeprop,https://lod.nal.usda.gov/nalt/125139,,True,skos:broader; skos:narrower,
cloproxydim,,cloproxydim,https://lod.nal.usda.gov/nalt/26961,,True,skos:broader; skos:narrower,
clopyralid,"3,6-dichloro-2-pyridinecarboxylic acid; 3,6-dichloropicolinic acid; 3,6-dichloropyridine-2-carboxylic acid","clopyralid (3,6-dichloro-2-pyridinecarboxylic acid, 3,6-dichloropicolinic acid, 3,6-dichloropyridine-2-carboxylic acid)",https://lod.nal.usda.gov/nalt/1440,,True,skos:broader; skos:narrower,
clothianidin,,clothianidin,https://lod.nal.usda.gov/nalt/132371,,True,skos:broader; skos:narrower,
concentrates,,concentrates,https://lod.nal.usda.gov/nalt/585,,False,skos:broader; skos:narrower,
copper sulfate,CuSO4; copper sulphate; copper(II) sulfate; cupric sulfate; cupric sulphate,"copper sulfate (CuSO4, copper sulphate, copper(II) sulfate, cupric sulfate, cupric sulphate)",https://lod.nal.usda.gov/nalt/28956,,True,skos:broader; skos:narrower,
coumaphos,coumafos,coumaphos (coumafos),https://lod.nal.usda.gov/nalt/29682,,True,skos:broader; skos:narrower,
coumarin rodenticides,,coumarin rodenticides,https://lod.nal.usda.gov/nalt/19920,,True,skos:broader; skos:narrower,
CPPC (herbicide),2-chloro-1-methylethyl (3-chlorophenyl)carbamate,CPPC (herbicide) (2-chloro-1-methylethyl (3-chlorophenyl)carbamate),https://lod.nal.usda.gov/nalt/1374,,True,skos:broader; skos:narrower,
Culicidae,mosquitoes; mosquitos,"Culicidae (mosquitoes, mosquitos)",https://lod.nal.usda.gov/nalt/4448,,False,skos:related,
cyanazine,,cyanazine,https://lod.nal.usda.gov/nalt/30950,,True,skos:broader; skos:narrower,
cyazofamid,,cyazofamid,https://lod.nal.usda.gov/nalt/30995,,True,skos:broader; skos:narrower,
cyclodiene insecticides,,cyclodiene insecticides,https://lod.nal.usda.gov/nalt/6231,,True,skos:broader; skos:narrower,
cyclohexanes,,cyclohexanes,https://lod.nal.usda.gov/nalt/6469,,False,skos:related,
cycluron,,cycluron,https://lod.nal.usda.gov/nalt/31082,,True,skos:broader; skos:narrower,
cyfluthrin,,cyfluthrin,https://lod.nal.usda.gov/nalt/31116,,True,skos:broader; skos:narrower,
cyhalothrin,,cyhalothrin,https://lod.nal.usda.gov/nalt/31123,,True,skos:broader; skos:narrower,
cypermethrin,alpha-cypermethrin,cypermethrin (alpha-cypermethrin),https://lod.nal.usda.gov/nalt/31222,,True,skos:broader; skos:narrower,
cyperquat,,cyperquat,https://lod.nal.usda.gov/nalt/31223,,True,skos:broader; skos:narrower,
cyphenothrin,,cyphenothrin,https://lod.nal.usda.gov/nalt/213730,,True,skos:broader; skos:narrower,
cyprazine,,cyprazine,https://lod.nal.usda.gov/nalt/31260,,True,skos:broader; skos:narrower,
cyprazole,,cyprazole,https://lod.nal.usda.gov/nalt/31261,,True,skos:broader; skos:narrower,
cyproconazole,,cyproconazole,https://lod.nal.usda.gov/nalt/28444,,True,skos:broader; skos:narrower,
dalapon,,dalapon,https://lod.nal.usda.gov/nalt/25334,,True,skos:broader; skos:narrower,
DDD (pesticide),"2,4'-DDD; TDE (herbicide); dichlorodiphenyldichloroethane; o,p'-DDD","DDD (pesticide) (2,4'-DDD, TDE (herbicide), dichlorodiphenyldichloroethane, o,p'-DDD)",https://lod.nal.usda.gov/nalt/25339,,True,skos:broader; skos:narrower,
DDE (pesticide),"2, 4'-DDE; 4,4'-DDE; dichlorodiphenyl dichloroethylene; o,p'-DDE; p,p'-DDE","DDE (pesticide) (2, 4'-DDE, 4,4'-DDE, dichlorodiphenyl dichloroethylene, o,p'-DDE, p,p'-DDE)",https://lod.nal.usda.gov/nalt/25340,,True,skos:broader; skos:narrower,
defoliation,artificial defoliation; simulated defoliation,"defoliation (artificial defoliation, simulated defoliation)",https://lod.nal.usda.gov/nalt/12578,,False,skos:related,
deltamethrin,,deltamethrin,https://lod.nal.usda.gov/nalt/32233,,True,skos:broader; skos:narrower,
demeton-s-methyl,,demeton-s-methyl,https://lod.nal.usda.gov/nalt/32246,,True,skos:broader; skos:narrower,
desmedipham,,desmedipham,https://lod.nal.usda.gov/nalt/22159,,True,skos:broader; skos:narrower,
desmetryn,desmetryne,desmetryn (desmetryne),https://lod.nal.usda.gov/nalt/32553,,True,skos:broader; skos:narrower,
deworming,,deworming,https://lod.nal.usda.gov/nalt/68659,,False,skos:related,
diallate,di-allate,diallate (di-allate),https://lod.nal.usda.gov/nalt/32960,,True,skos:broader; skos:narrower,
diazinon,,diazinon,https://lod.nal.usda.gov/nalt/33166,,True,skos:broader; skos:narrower,
dicamba,"3,6-dichloro-2-methoxybenzoic acid; 3,6-dichloro-o-anisic acid","dicamba (3,6-dichloro-2-methoxybenzoic acid, 3,6-dichloro-o-anisic acid)",https://lod.nal.usda.gov/nalt/12291,,True,skos:broader; skos:narrower,
dichlobenil,,dichlobenil,https://lod.nal.usda.gov/nalt/33212,,True,skos:broader; skos:narrower,
dichloralurea,"2,2,2-trichloro-1-hydroxyethyl urea; DCU (herbicide)","dichloralurea (2,2,2-trichloro-1-hydroxyethyl urea, DCU (herbicide))",https://lod.nal.usda.gov/nalt/1334,,True,skos:broader; skos:narrower,
dichlormate,,dichlormate,https://lod.nal.usda.gov/nalt/33215,,True,skos:broader; skos:narrower,
dichlorvos,,dichlorvos,https://lod.nal.usda.gov/nalt/9917,,True,skos:broader; skos:narrower,
diclosulam,,diclosulam,https://lod.nal.usda.gov/nalt/33229,,True,skos:broader; skos:narrower,
dicrotophos,,dicrotophos,https://lod.nal.usda.gov/nalt/33249,,True,skos:broader; skos:narrower,
diethofencarb,,diethofencarb,https://lod.nal.usda.gov/nalt/33483,,True,skos:broader; skos:narrower,
difenoconazole,,difenoconazole,https://lod.nal.usda.gov/nalt/208905,,True,skos:broader; skos:narrower,
difenopenten,,difenopenten,https://lod.nal.usda.gov/nalt/33491,,True,skos:broader; skos:narrower,
difenzoquat,,difenzoquat,https://lod.nal.usda.gov/nalt/33493,,True,skos:broader; skos:narrower,
diflufenican,,diflufenican,https://lod.nal.usda.gov/nalt/8952,,True,skos:broader; skos:narrower,
diflufenzopyr,,diflufenzopyr,https://lod.nal.usda.gov/nalt/33507,,True,skos:broader; skos:narrower,
dimefuron,,dimefuron,https://lod.nal.usda.gov/nalt/125132,,True,skos:broader; skos:narrower,
dimethametryn,,dimethametryn,https://lod.nal.usda.gov/nalt/33653,,True,skos:broader; skos:narrower,
dimethenamid,dimethenamid-P,dimethenamid (dimethenamid-P),https://lod.nal.usda.gov/nalt/125011,,True,skos:broader; skos:narrower,
dimethoate,,dimethoate,https://lod.nal.usda.gov/nalt/33654,,True,skos:broader; skos:narrower,
dimethomorph,,dimethomorph,https://lod.nal.usda.gov/nalt/213718,,True,skos:broader; skos:narrower,
dimexano,"O,O-dimethyl dithiobis(thioformate); di(methoxythiocarbonyl)disulfide; di(methoxythiocarbonyl)disulfphide; dimethyl dixanthogen; dimexan","dimexano (O,O-dimethyl dithiobis(thioformate), di(methoxythiocarbonyl)disulfide, di(methoxythiocarbonyl)disulfphide, dimethyl dixanthogen, dimexan)",https://lod.nal.usda.gov/nalt/124369,,True,skos:broader; skos:narrower,
diniconazole,,diniconazole,https://lod.nal.usda.gov/nalt/28445,,True,skos:broader; skos:narrower,
dinitramine,,dinitramine,https://lod.nal.usda.gov/nalt/33695,,True,skos:broader; skos:narrower,
dinofenate,,dinofenate,https://lod.nal.usda.gov/nalt/125110,,True,skos:broader; skos:narrower,
dinoprop,,dinoprop,https://lod.nal.usda.gov/nalt/125111,,True,skos:broader; skos:narrower,
dinosam,,dinosam,https://lod.nal.usda.gov/nalt/33724,,True,skos:broader; skos:narrower,
dinoseb,,dinoseb,https://lod.nal.usda.gov/nalt/33725,,True,skos:broader; skos:narrower,
dinotefuran,,dinotefuran,https://lod.nal.usda.gov/nalt/132374,,True,skos:broader; skos:narrower,
dinoterb,,dinoterb,https://lod.nal.usda.gov/nalt/33726,,True,skos:broader; skos:narrower,
diphacinone,difenadion; diphacine; diphenacin; diphenadione,"diphacinone (difenadion, diphacine, diphenacin, diphenadione)",https://lod.nal.usda.gov/nalt/135573,,True,skos:broader; skos:narrower,
diphenamid,,diphenamid,https://lod.nal.usda.gov/nalt/7663,,True,skos:broader; skos:narrower,
dipropetryn,,dipropetryn,https://lod.nal.usda.gov/nalt/33900,,True,skos:broader; skos:narrower,
diquat,,diquat,https://lod.nal.usda.gov/nalt/33945,,True,skos:broader; skos:narrower,
disease and pest management,,disease and pest management,https://lod.nal.usda.gov/nalt/284,,False,skos:broader; skos:narrower,
disease control,disease management; disease suppression; infection control; pathogen suppression,"disease control (disease management, disease suppression, infection control, pathogen suppression)",https://lod.nal.usda.gov/nalt/290,,False,skos:broader; skos:narrower,
disparlure,"(7RS,8SR)-7,8-epoxy-2-methyloctadecane; rel-(2R,3S)-2-decyl-3-(5-methylhexyl)oxirane","disparlure ((7RS,8SR)-7,8-epoxy-2-methyloctadecane, rel-(2R,3S)-2-decyl-3-(5-methylhexyl)oxirane)",https://lod.nal.usda.gov/nalt/6,,False,skos:related,
disulfoton sulfone,,disulfoton sulfone,https://lod.nal.usda.gov/nalt/213672,,True,skos:broader; skos:narrower,
dithiopyr,,dithiopyr,https://lod.nal.usda.gov/nalt/34132,,True,skos:broader; skos:narrower,
dodemorph,,dodemorph,https://lod.nal.usda.gov/nalt/34279,,True,skos:broader; skos:narrower,
drywood termites,,drywood termites,https://lod.nal.usda.gov/nalt/34790,,False,skos:related,
DSMA (herbicide),disodium methylarsonate,DSMA (herbicide) (disodium methylarsonate),https://lod.nal.usda.gov/nalt/12376,,True,skos:broader; skos:narrower,
dust,dusts; house dust; housedust,"dust (dusts, house dust, housedust)",https://lod.nal.usda.gov/nalt/194986,,False,skos:related,
dusting,,dusting,https://lod.nal.usda.gov/nalt/11338,,False,skos:related,
EBEP (herbicide),ethyl bis(2-ethylhexyl)phosphinate,EBEP (herbicide) (ethyl bis(2-ethylhexyl)phosphinate),https://lod.nal.usda.gov/nalt/35212,,True,skos:broader; skos:narrower,
ecdysone agonists,,ecdysone agonists,https://lod.nal.usda.gov/nalt/5221,,False,skos:broader; skos:narrower,
eglinazine,,eglinazine,https://lod.nal.usda.gov/nalt/36000,,True,skos:broader; skos:narrower,
erbon,,erbon,https://lod.nal.usda.gov/nalt/37809,,True,skos:broader; skos:narrower,
esfenvalerate,,esfenvalerate,https://lod.nal.usda.gov/nalt/38145,,True,skos:broader; skos:narrower,
ethalfluralin,,ethalfluralin,https://lod.nal.usda.gov/nalt/38235,,True,skos:broader; skos:narrower,
ethiolate,,ethiolate,https://lod.nal.usda.gov/nalt/38248,,True,skos:broader; skos:narrower,
ethion,,ethion,https://lod.nal.usda.gov/nalt/38249,,True,skos:broader; skos:narrower,
ethofumesate,,ethofumesate,https://lod.nal.usda.gov/nalt/38260,,True,skos:broader; skos:narrower,
ethoprophos,ethoprop,ethoprophos (ethoprop),https://lod.nal.usda.gov/nalt/38262,,True,skos:broader; skos:narrower,
ethoxyfen,,ethoxyfen,https://lod.nal.usda.gov/nalt/125116,,True,skos:broader; skos:narrower,
ethylene dichloride,"1,2-dichloroethane","ethylene dichloride (1,2-dichloroethane)",https://lod.nal.usda.gov/nalt/1165,,False,skos:broader; skos:narrower,
etinofen,,etinofen,https://lod.nal.usda.gov/nalt/125112,,True,skos:broader; skos:narrower,
etofenprox,,etofenprox,https://lod.nal.usda.gov/nalt/38278,,True,skos:broader; skos:narrower,
EXD (herbicide),"O,O-diethyl dithiobis(thioformate); diethyl dixanthogen; diethyl thioperoxydicarbonate","EXD (herbicide) (O,O-diethyl dithiobis(thioformate), diethyl dixanthogen, diethyl thioperoxydicarbonate)",https://lod.nal.usda.gov/nalt/124375,,True,skos:broader; skos:narrower,
fenamiphos,,fenamiphos,https://lod.nal.usda.gov/nalt/39812,,True,skos:broader; skos:narrower,
fenarimol,,fenarimol,https://lod.nal.usda.gov/nalt/39813,,True,skos:broader; skos:narrower,
fenpropathrin,,fenpropathrin,https://lod.nal.usda.gov/nalt/39833,,True,skos:broader; skos:narrower,
fenpropimorph,,fenpropimorph,https://lod.nal.usda.gov/nalt/39834,,True,skos:broader; skos:narrower,
fensulfothion,,fensulfothion,https://lod.nal.usda.gov/nalt/39837,,True,skos:broader; skos:narrower,
fenvalerate,,fenvalerate,https://lod.nal.usda.gov/nalt/39846,,True,skos:broader; skos:narrower,
ferrous sulfate,ferrous sulphate; iron(II) sulfate,"ferrous sulfate (ferrous sulphate, iron(II) sulfate)",https://lod.nal.usda.gov/nalt/39920,,True,skos:broader; skos:narrower,
fish ponds,,fish ponds,https://lod.nal.usda.gov/nalt/6352,,False,skos:related,
flonicamid,,flonicamid,https://lod.nal.usda.gov/nalt/132373,,True,skos:broader; skos:narrower,
florasulam,,florasulam,https://lod.nal.usda.gov/nalt/125016,,True,skos:broader; skos:narrower,
flucarbazone,,flucarbazone,https://lod.nal.usda.gov/nalt/125012,,True,skos:broader; skos:narrower,
fluchloralin,,fluchloralin,https://lod.nal.usda.gov/nalt/40673,,True,skos:broader; skos:narrower,
flucythrinate,,flucythrinate,https://lod.nal.usda.gov/nalt/40674,,True,skos:broader; skos:narrower,
flumethrin,,flumethrin,https://lod.nal.usda.gov/nalt/40697,,True,skos:broader; skos:narrower,
flumetsulam,,flumetsulam,https://lod.nal.usda.gov/nalt/40698,,True,skos:broader; skos:narrower,
flumezin,,flumezin,https://lod.nal.usda.gov/nalt/125107,,True,skos:broader; skos:narrower,
flumiclorac,,flumiclorac,https://lod.nal.usda.gov/nalt/40699,,True,skos:related,
flumioxazin,,flumioxazin,https://lod.nal.usda.gov/nalt/40700,,True,skos:broader; skos:narrower,
flumipropyn,,flumipropyn,https://lod.nal.usda.gov/nalt/125108,,True,skos:broader; skos:narrower,
fluorides,,fluorides,https://lod.nal.usda.gov/nalt/30334,,False,skos:broader; skos:narrower,
fluoxastrobin,,fluoxastrobin,https://lod.nal.usda.gov/nalt/213742,,True,skos:broader; skos:narrower,
flupoxam,,flupoxam,https://lod.nal.usda.gov/nalt/125013,,True,skos:broader; skos:narrower,
flupropacil,,flupropacil,https://lod.nal.usda.gov/nalt/40732,,True,skos:broader; skos:narrower,
flupropanate,,flupropanate,https://lod.nal.usda.gov/nalt/125121,,True,skos:broader; skos:narrower,
fluroxypyr,,fluroxypyr,https://lod.nal.usda.gov/nalt/40735,,True,skos:broader; skos:narrower,
flusilazole,,flusilazole,https://lod.nal.usda.gov/nalt/28446,,True,skos:broader; skos:narrower,
fluvalinate,tau-fluvalinate,fluvalinate (tau-fluvalinate),https://lod.nal.usda.gov/nalt/40738,,True,skos:broader; skos:narrower,
folpet,,folpet,https://lod.nal.usda.gov/nalt/33175,,True,skos:broader; skos:narrower,
fomesafen,,fomesafen,https://lod.nal.usda.gov/nalt/7664,,True,skos:broader; skos:narrower,
fonofos,,fonofos,https://lod.nal.usda.gov/nalt/40825,,True,skos:broader; skos:narrower,
forest-wildlife relations,forest wildlife relations; wildlife forest relations; wildlife-forest relations,"forest-wildlife relations (forest wildlife relations, wildlife forest relations, wildlife-forest relations)",https://lod.nal.usda.gov/nalt/41136,,False,skos:related,
Formicidae,ants,Formicidae (ants),https://lod.nal.usda.gov/nalt/3111,,False,skos:related,
fosamine,,fosamine,https://lod.nal.usda.gov/nalt/41302,,True,skos:broader; skos:narrower,
fumigation,,fumigation,https://lod.nal.usda.gov/nalt/28787,,False,skos:related,
fungal antagonists,yeast antagonists,fungal antagonists (yeast antagonists),https://lod.nal.usda.gov/nalt/9864,,True,skos:related,
fungal diseases of plants,fungus diseases of plants,fungal diseases of plants (fungus diseases of plants),https://lod.nal.usda.gov/nalt/10053,,False,skos:related,
glucosides,polyglucosides,glucosides (polyglucosides),https://lod.nal.usda.gov/nalt/25285,,False,skos:broader; skos:narrower,
glufosinate,glufosinate ammonium; phosphinothricin,"glufosinate (glufosinate ammonium, phosphinothricin)",https://lod.nal.usda.gov/nalt/43205,,True,skos:broader; skos:narrower,
glycols,diols,glycols (diols),https://lod.nal.usda.gov/nalt/6151,,False,skos:broader; skos:narrower,
glyphosate,N-(phosphonomethyl)glycine; glyphosphate,"glyphosate (N-(phosphonomethyl)glycine, glyphosphate)",https://lod.nal.usda.gov/nalt/43310,,True,skos:broader; skos:narrower,
glyphosate resistance,glyphosate resistant,glyphosate resistance (glyphosate resistant),https://lod.nal.usda.gov/nalt/265261,,False,skos:related,
glyphosate-trimesium,glyphosatetrimesium; sulfosate; trimethylsulfonium,"glyphosate-trimesium (glyphosatetrimesium, sulfosate, trimethylsulfonium)",https://lod.nal.usda.gov/nalt/68402,,True,skos:broader; skos:narrower,
good agricultural practices,GAP (good agricultural practices); GAPs (good agricultural practices); best agricultural management practices; best agricultural practices; codes of good agricultural practice; good agriculture practices; good farming practices,"good agricultural practices (GAP (good agricultural practices), GAPs (good agricultural practices), best agricultural management practices, best agricultural practices, codes of good agricultural practice, good agriculture practices, good farming practices)",https://lod.nal.usda.gov/nalt/16780,,False,skos:related,
gossyplure,,gossyplure,https://lod.nal.usda.gov/nalt/43547,,False,skos:related,
halogenated hydrocarbons,,halogenated hydrocarbons,https://lod.nal.usda.gov/nalt/25337,,False,skos:broader; skos:narrower,
halosafen,,halosafen,https://lod.nal.usda.gov/nalt/44467,,True,skos:broader; skos:narrower,
halosulfuron,,halosulfuron,https://lod.nal.usda.gov/nalt/44468,,True,skos:broader; skos:narrower,
heptenophos,,heptenophos,https://lod.nal.usda.gov/nalt/45156,,True,skos:broader; skos:narrower,
herbicide application,,herbicide application,https://lod.nal.usda.gov/nalt/82573,,True,skos:broader; skos:narrower,
herbicide resistance,herbicide sensitivity; herbicide tolerance; resistance to herbicides,"herbicide resistance (herbicide sensitivity, herbicide tolerance, resistance to herbicides)",https://lod.nal.usda.gov/nalt/45188,,False,skos:related,
hexachloroacetone,,hexachloroacetone,https://lod.nal.usda.gov/nalt/125122,,True,skos:broader; skos:narrower,
hexaconazole,,hexaconazole,https://lod.nal.usda.gov/nalt/28447,,True,skos:broader; skos:narrower,
hexaflurate,,hexaflurate,https://lod.nal.usda.gov/nalt/45201,,True,skos:broader; skos:narrower,
hexazinone,,hexazinone,https://lod.nal.usda.gov/nalt/45488,,True,skos:broader; skos:narrower,
human-wildlife relations,human wildlife conflicts; human wildlife relations; human-wildlife conflicts; human-wildlife interactions; human-wildlife relationships; wildlife human conflicts; wildlife human relations; wildlife-human conflicts; wildlife-human relations,"human-wildlife relations (human wildlife conflicts, human wildlife relations, human-wildlife conflicts, human-wildlife interactions, human-wildlife relationships, wildlife human conflicts, wildlife human relations, wildlife-human conflicts, wildlife-human relations)",https://lod.nal.usda.gov/nalt/9141,,False,skos:related,
imazalil,,imazalil,https://lod.nal.usda.gov/nalt/28448,,True,skos:broader; skos:narrower,
imazamethabenz,,imazamethabenz,https://lod.nal.usda.gov/nalt/46941,,True,skos:broader; skos:narrower,
imazamethabenz-methyl,,imazamethabenz-methyl,https://lod.nal.usda.gov/nalt/213693,,True,skos:broader; skos:narrower,
imazamox,,imazamox,https://lod.nal.usda.gov/nalt/45202,,True,skos:broader; skos:narrower,
imazapic,,imazapic,https://lod.nal.usda.gov/nalt/46942,,True,skos:broader; skos:narrower,
imazapyr,,imazapyr,https://lod.nal.usda.gov/nalt/46943,,True,skos:broader; skos:narrower,
imazaquin,,imazaquin,https://lod.nal.usda.gov/nalt/46944,,True,skos:broader; skos:narrower,
imazethapyr,,imazethapyr,https://lod.nal.usda.gov/nalt/46945,,True,skos:broader; skos:narrower,
imidacloprid,,imidacloprid,https://lod.nal.usda.gov/nalt/46948,,True,skos:broader; skos:narrower,
imidazoles,,imidazoles,https://lod.nal.usda.gov/nalt/6514,,False,skos:broader; skos:narrower,
imides,,imides,https://lod.nal.usda.gov/nalt/30946,,False,skos:broader; skos:narrower,
insecticide application,,insecticide application,https://lod.nal.usda.gov/nalt/83516,,True,skos:broader; skos:narrower,
integrated agricultural systems,integrated agriculture systems; integrated crop-livestock systems; integrated farming systems; integrated production systems,"integrated agricultural systems (integrated agriculture systems, integrated crop-livestock systems, integrated farming systems, integrated production systems)",https://lod.nal.usda.gov/nalt/5412,,False,skos:related,
integrated weed management,,integrated weed management,https://lod.nal.usda.gov/nalt/47464,,False,skos:broader; skos:narrower,
interrow tillage,,interrow tillage,https://lod.nal.usda.gov/nalt/47069,,False,skos:related,
iodobonil,,iodobonil,https://lod.nal.usda.gov/nalt/125128,,True,skos:broader; skos:narrower,
ioxynil,,ioxynil,https://lod.nal.usda.gov/nalt/45204,,True,skos:broader; skos:narrower,
ipazine,,ipazine,https://lod.nal.usda.gov/nalt/45205,,True,skos:broader; skos:narrower,
iprodione,,iprodione,https://lod.nal.usda.gov/nalt/33176,,True,skos:broader; skos:narrower,
iprovalicarb,,iprovalicarb,https://lod.nal.usda.gov/nalt/190788,,True,skos:broader; skos:narrower,
isazofos,,isazofos,https://lod.nal.usda.gov/nalt/47797,,True,skos:broader; skos:narrower,
isocarbamid,,isocarbamid,https://lod.nal.usda.gov/nalt/45206,,True,skos:broader; skos:narrower,
isocil,,isocil,https://lod.nal.usda.gov/nalt/45207,,True,skos:broader; skos:narrower,
isofenphos,,isofenphos,https://lod.nal.usda.gov/nalt/47866,,True,skos:broader; skos:narrower,
isomethiozin,,isomethiozin,https://lod.nal.usda.gov/nalt/45208,,True,skos:broader; skos:narrower,
isopropalin,,isopropalin,https://lod.nal.usda.gov/nalt/45209,,True,skos:broader; skos:narrower,
Isoptera,isopterans; termites,"Isoptera (isopterans, termites)",https://lod.nal.usda.gov/nalt/45666,,False,skos:related,
isothiocyanates,,isothiocyanates,https://lod.nal.usda.gov/nalt/6757,,False,skos:broader; skos:narrower,
isouron,,isouron,https://lod.nal.usda.gov/nalt/47908,,True,skos:broader; skos:narrower,
isoxaben,,isoxaben,https://lod.nal.usda.gov/nalt/7665,,True,skos:broader; skos:narrower,
isoxachlortole,,isoxachlortole,https://lod.nal.usda.gov/nalt/125105,,True,skos:broader; skos:narrower,
isoxadifen ethyl,,isoxadifen ethyl,https://lod.nal.usda.gov/nalt/213743,,False,skos:broader; skos:narrower,
isoxaflutole,,isoxaflutole,https://lod.nal.usda.gov/nalt/45210,,True,skos:broader; skos:narrower,
karbutilate,,karbutilate,https://lod.nal.usda.gov/nalt/45211,,True,skos:broader; skos:narrower,
lambda-cyhalothrin,,lambda-cyhalothrin,https://lod.nal.usda.gov/nalt/49027,,True,skos:broader; skos:narrower,
leaves,foliage,leaves (foliage),https://lod.nal.usda.gov/nalt/28537,,False,skos:related,
lenacil,,lenacil,https://lod.nal.usda.gov/nalt/45213,,True,skos:broader; skos:narrower,
leptophos,,leptophos,https://lod.nal.usda.gov/nalt/49766,,True,skos:broader; skos:narrower,
lice,,lice,https://lod.nal.usda.gov/nalt/12544,,False,skos:related,
luliconazole,NND 502; NND-502; NND502,"luliconazole (NND 502, NND-502, NND502)",https://lod.nal.usda.gov/nalt/235797,,False,skos:related,
macrolide antibiotics,,macrolide antibiotics,https://lod.nal.usda.gov/nalt/8120,,False,skos:broader; skos:narrower,
macrolides,,macrolides,https://lod.nal.usda.gov/nalt/8121,,False,skos:broader; skos:narrower,
malaoxon,malathion oxygen analog,malaoxon (malathion oxygen analog),https://lod.nal.usda.gov/nalt/213670,,True,skos:broader; skos:narrower,
malathion,,malathion,https://lod.nal.usda.gov/nalt/51269,,True,skos:broader; skos:narrower,
maleic hydrazide,"1,2,3,6-tetrahydro-3,6-dioxopyridazine; 1,2-dihydro-3,6-pyradizinedione; 1,2-dihydropyridazine-3,6-dione; 6-hydroxy-3(2H)-pyridazinone; MH (herbicide); maleic acid hydrazide","maleic hydrazide (1,2,3,6-tetrahydro-3,6-dioxopyridazine, 1,2-dihydro-3,6-pyradizinedione, 1,2-dihydropyridazine-3,6-dione, 6-hydroxy-3(2H)-pyridazinone, MH (herbicide), maleic acid hydrazide)",https://lod.nal.usda.gov/nalt/45214,,True,skos:broader; skos:narrower,
mandipropamid,,mandipropamid,https://lod.nal.usda.gov/nalt/290755,,True,skos:broader; skos:narrower,
manual weed control,handweeding,manual weed control (handweeding),https://lod.nal.usda.gov/nalt/44545,,False,skos:broader; skos:narrower,
material forms,,material forms,https://lod.nal.usda.gov/nalt/578,,False,skos:broader; skos:narrower,
mating disruptors,,mating disruptors,https://lod.nal.usda.gov/nalt/306977,,False,skos:related,
mechanical weed control,machine weeding; mechanical weeding; mechnical weed management,"mechanical weed control (machine weeding, mechanical weeding, mechnical weed management)",https://lod.nal.usda.gov/nalt/51009,,False,skos:broader; skos:narrower,
medinoterb,,medinoterb,https://lod.nal.usda.gov/nalt/125113,,True,skos:broader; skos:narrower,
medium chain fatty acids,,medium chain fatty acids,https://lod.nal.usda.gov/nalt/31882,,False,skos:broader; skos:narrower,
mercuric chloride,mercuric perchloride; mercury (II) chloride; mercury bichloride; mercury chloride; mercury dichloride; mercury perchloride,"mercuric chloride (mercuric perchloride, mercury (II) chloride, mercury bichloride, mercury chloride, mercury dichloride, mercury perchloride)",https://lod.nal.usda.gov/nalt/25328,,True,skos:broader; skos:narrower,
mercury compounds,mercuric compounds,mercury compounds (mercuric compounds),https://lod.nal.usda.gov/nalt/268,,False,skos:broader; skos:narrower,
mesotrione,,mesotrione,https://lod.nal.usda.gov/nalt/45217,,True,skos:broader; skos:narrower,
metalyxyl-M,"methyl N-(2,6-dimethylphenyl)-N-(methoxyacetyl)-D-alaninate; methyl N-(methoxyacetyl)-N-2,6-xylyl-D-alaninate","metalyxyl-M (methyl N-(2,6-dimethylphenyl)-N-(methoxyacetyl)-D-alaninate, methyl N-(methoxyacetyl)-N-2,6-xylyl-D-alaninate)",https://lod.nal.usda.gov/nalt/288836,,True,skos:broader; skos:narrower,
metamitron,,metamitron,https://lod.nal.usda.gov/nalt/52248,,True,skos:broader; skos:narrower,
metazachlor,,metazachlor,https://lod.nal.usda.gov/nalt/25356,,True,skos:broader; skos:narrower,
methabenzthiazuron,,methabenzthiazuron,https://lod.nal.usda.gov/nalt/52301,,True,skos:broader; skos:narrower,
methalpropalin,,methalpropalin,https://lod.nal.usda.gov/nalt/45218,,True,skos:broader; skos:narrower,
methamidophos,,methamidophos,https://lod.nal.usda.gov/nalt/52302,,True,skos:broader; skos:narrower,
methazole,,methazole,https://lod.nal.usda.gov/nalt/45221,,True,skos:broader; skos:narrower,
methoprotryn,,methoprotryn,https://lod.nal.usda.gov/nalt/45223,,True,skos:broader; skos:narrower,
methoxyacrylate strobilurin fungicides,,methoxyacrylate strobilurin fungicides,https://lod.nal.usda.gov/nalt/331491,,True,skos:broader; skos:narrower,
methoxychlor,,methoxychlor,https://lod.nal.usda.gov/nalt/52341,,True,skos:broader; skos:narrower,
methyl chloride,chloromethane,methyl chloride (chloromethane),https://lod.nal.usda.gov/nalt/185774,,False,skos:broader; skos:narrower,
methyl iodide,iodomethane,methyl iodide (iodomethane),https://lod.nal.usda.gov/nalt/125123,,True,skos:broader; skos:narrower,
methylarsonic acid,MAA (methylarsonic acid),methylarsonic acid (MAA (methylarsonic acid)),https://lod.nal.usda.gov/nalt/45224,,True,skos:broader; skos:narrower,
methylcarbamates,methyl carbamates,methylcarbamates (methyl carbamates),https://lod.nal.usda.gov/nalt/22185,,False,skos:broader; skos:narrower,
methylene chloride,dichloro methane; dichloro-methane; dichloromethane; methylene dichloride,"methylene chloride (dichloro methane, dichloro-methane, dichloromethane, methylene dichloride)",https://lod.nal.usda.gov/nalt/25341,,False,skos:broader; skos:narrower,
metosulam,,metosulam,https://lod.nal.usda.gov/nalt/45225,,True,skos:broader; skos:narrower,
metribuzin,,metribuzin,https://lod.nal.usda.gov/nalt/52485,,True,skos:broader; skos:narrower,
mevinphos,,mevinphos,https://lod.nal.usda.gov/nalt/52507,,True,skos:broader; skos:narrower,
MGK-264,N-Octyl bicycloheptene dicarboximide,MGK-264 (N-Octyl bicycloheptene dicarboximide),https://lod.nal.usda.gov/nalt/213673,,True,skos:broader; skos:narrower,
microbial toxins,,microbial toxins,https://lod.nal.usda.gov/nalt/323561,,False,skos:related,
monitoring,monitors (measurement); surveillance,"monitoring (monitors (measurement), surveillance)",https://lod.nal.usda.gov/nalt/34055,,False,skos:broader; skos:narrower,
monoamines,,monoamines,https://lod.nal.usda.gov/nalt/1476,,False,skos:broader; skos:narrower,
monoammonium methylarsonate,MAMA (herbicide); MAMA (monoammonium methylarsonate); ammonium hydrogen methylarsonate,"monoammonium methylarsonate (MAMA (herbicide), MAMA (monoammonium methylarsonate), ammonium hydrogen methylarsonate)",https://lod.nal.usda.gov/nalt/7969,,True,skos:broader; skos:narrower,
monocarboxylic acids,,monocarboxylic acids,https://lod.nal.usda.gov/nalt/1456,,False,skos:broader; skos:narrower,
monochloroacetic acid,,monochloroacetic acid,https://lod.nal.usda.gov/nalt/125124,,True,skos:broader; skos:narrower,
monocrotophos,,monocrotophos,https://lod.nal.usda.gov/nalt/53365,,True,skos:broader; skos:narrower,
monoisouron,,monoisouron,https://lod.nal.usda.gov/nalt/125135,,True,skos:broader; skos:narrower,
moxidectin,milbemycin B,moxidectin (milbemycin B),https://lod.nal.usda.gov/nalt/9928,,True,skos:broader; skos:narrower,
MSMA (herbicide),monosodium methane arsonate; monosodium methanearsonate; monosodium methylarsonate,"MSMA (herbicide) (monosodium methane arsonate, monosodium methanearsonate, monosodium methylarsonate)",https://lod.nal.usda.gov/nalt/12377,,True,skos:broader; skos:narrower,
myclobutanil,,myclobutanil,https://lod.nal.usda.gov/nalt/28449,,True,skos:broader; skos:narrower,
mycoinsecticides,fungal insecticides,mycoinsecticides (fungal insecticides),https://lod.nal.usda.gov/nalt/41801,,True,skos:broader; skos:narrower,
naled,,naled,https://lod.nal.usda.gov/nalt/54302,,True,skos:broader; skos:narrower,
napropamide,,napropamide,https://lod.nal.usda.gov/nalt/7666,,True,skos:broader; skos:narrower,
naptalam,,naptalam,https://lod.nal.usda.gov/nalt/7667,,True,skos:broader; skos:narrower,
Nematoda,Secernentea; nematodes; roundworms,"Nematoda (Secernentea, nematodes, roundworms)",https://lod.nal.usda.gov/nalt/58,,False,skos:related,
nitenpyram,,nitenpyram,https://lod.nal.usda.gov/nalt/33044,,True,skos:broader; skos:narrower,
nithiazine,,nithiazine,https://lod.nal.usda.gov/nalt/132375,,True,skos:broader; skos:narrower,
nitralin,,nitralin,https://lod.nal.usda.gov/nalt/45230,,True,skos:broader; skos:narrower,
nitriles,,nitriles,https://lod.nal.usda.gov/nalt/8217,,False,skos:related,
nitrophenyl ether herbicides,,nitrophenyl ether herbicides,https://lod.nal.usda.gov/nalt/125115,,True,skos:broader; skos:narrower,
norea,,norea,https://lod.nal.usda.gov/nalt/45234,,True,skos:broader; skos:narrower,
norflurazon,,norflurazon,https://lod.nal.usda.gov/nalt/55221,,True,skos:broader; skos:narrower,
nuarimol,,nuarimol,https://lod.nal.usda.gov/nalt/55357,,True,skos:broader; skos:narrower,
nucleosides,,nucleosides,https://lod.nal.usda.gov/nalt/17907,,False,skos:broader; skos:narrower,
odd chain fatty acids,,odd chain fatty acids,https://lod.nal.usda.gov/nalt/39616,,False,skos:broader; skos:narrower,
oils,,oils,https://lod.nal.usda.gov/nalt/9163,,False,skos:broader; skos:narrower,
organofluorine compounds,fluoro-organic compounds; organic fluorine compounds,"organofluorine compounds (fluoro-organic compounds, organic fluorine compounds)",https://lod.nal.usda.gov/nalt/25417,,False,skos:broader; skos:narrower,
organothiophosphate insecticides,,organothiophosphate insecticides,https://lod.nal.usda.gov/nalt/14299,,True,skos:broader; skos:narrower,
organothiophosphorus compounds,,organothiophosphorus compounds,https://lod.nal.usda.gov/nalt/19969,,False,skos:broader; skos:narrower,
oryzalin,,oryzalin,https://lod.nal.usda.gov/nalt/45235,,True,skos:broader; skos:narrower,
oxadiargyl,,oxadiargyl,https://lod.nal.usda.gov/nalt/45236,,True,skos:broader; skos:narrower,
oxadiazoles,,oxadiazoles,https://lod.nal.usda.gov/nalt/311548,,False,skos:broader; skos:narrower,
oxadiazon,,oxadiazon,https://lod.nal.usda.gov/nalt/45237,,True,skos:broader; skos:narrower,
oximes,,oximes,https://lod.nal.usda.gov/nalt/31059,,False,skos:broader; skos:narrower,
paraoxon,,paraoxon,https://lod.nal.usda.gov/nalt/56129,,True,skos:broader; skos:narrower,
paraquat,methyl viologen,paraquat (methyl viologen),https://lod.nal.usda.gov/nalt/45239,,True,skos:broader; skos:narrower,
parathion,,parathion,https://lod.nal.usda.gov/nalt/56120,,True,skos:broader; skos:narrower,
parathion ethyl,,parathion ethyl,https://lod.nal.usda.gov/nalt/213674,,True,skos:broader; skos:narrower,
pebulate,PEBC (herbicide); S-propyl butylethylcarbamothioate; S-propyl butylethylthiocarbamate,"pebulate (PEBC (herbicide), S-propyl butylethylcarbamothioate, S-propyl butylethylthiocarbamate)",https://lod.nal.usda.gov/nalt/45240,,True,skos:broader; skos:narrower,
penconazole,,penconazole,https://lod.nal.usda.gov/nalt/28450,,True,skos:broader; skos:narrower,
pencycuron,,pencycuron,https://lod.nal.usda.gov/nalt/41860,,True,skos:broader; skos:narrower,
pendimethalin,,pendimethalin,https://lod.nal.usda.gov/nalt/45242,,True,skos:broader; skos:narrower,
perennial weeds,,perennial weeds,https://lod.nal.usda.gov/nalt/57433,,False,skos:related,
permethrin,,permethrin,https://lod.nal.usda.gov/nalt/57493,,True,skos:broader; skos:narrower,
perthane,ethylan,perthane (ethylan),https://lod.nal.usda.gov/nalt/213705,,True,skos:broader; skos:narrower,
pesticidal plants,insecticidal plants; nematicidal plants; pesticide crops,"pesticidal plants (insecticidal plants, nematicidal plants, pesticide crops)",https://lod.nal.usda.gov/nalt/18788,,False,skos:related,
pesticide resistance,knockdown resistance; nematicide resistance; pesticide tolerance,"pesticide resistance (knockdown resistance, nematicide resistance, pesticide tolerance)",https://lod.nal.usda.gov/nalt/133,,False,skos:broader; skos:narrower,
pesticide use reduction,pesticide reduction; pesticide usage reduction,"pesticide use reduction (pesticide reduction, pesticide usage reduction)",https://lod.nal.usda.gov/nalt/7142,,False,skos:related,
phagostimulants,feeding stimulants,phagostimulants (feeding stimulants),https://lod.nal.usda.gov/nalt/243,,False,skos:related,
phenisopham,,phenisopham,https://lod.nal.usda.gov/nalt/45244,,True,skos:broader; skos:narrower,
phenmedipham,,phenmedipham,https://lod.nal.usda.gov/nalt/22172,,True,skos:broader; skos:narrower,
phenothrin,,phenothrin,https://lod.nal.usda.gov/nalt/57749,,True,skos:broader; skos:narrower,
phenoxyacetic herbicides,,phenoxyacetic herbicides,https://lod.nal.usda.gov/nalt/125141,,True,skos:broader; skos:narrower,
phenoxybutyric herbicides,,phenoxybutyric herbicides,https://lod.nal.usda.gov/nalt/125142,,True,skos:broader; skos:narrower,
phenoxypropionic herbicides,,phenoxypropionic herbicides,https://lod.nal.usda.gov/nalt/125143,,True,skos:broader; skos:narrower,
phenylmercury nitrate,,phenylmercury nitrate,https://lod.nal.usda.gov/nalt/10327,,True,skos:broader; skos:narrower,
phenylurea herbicides,,phenylurea herbicides,https://lod.nal.usda.gov/nalt/57759,,True,skos:broader; skos:narrower,
phorate,,phorate,https://lod.nal.usda.gov/nalt/56131,,True,skos:broader; skos:narrower,
phorate oxygen analog,Phorate oxon,phorate oxygen analog (Phorate oxon),https://lod.nal.usda.gov/nalt/213701,,True,skos:broader; skos:narrower,
phorate sulfone,,phorate sulfone,https://lod.nal.usda.gov/nalt/213668,,True,skos:broader; skos:narrower,
phosalone,,phosalone,https://lod.nal.usda.gov/nalt/56121,,True,skos:broader; skos:narrower,
phosmet,,phosmet,https://lod.nal.usda.gov/nalt/56122,,True,skos:broader; skos:narrower,
phosphamidon,,phosphamidon,https://lod.nal.usda.gov/nalt/56130,,True,skos:broader; skos:narrower,
phytotoxicity,,phytotoxicity,https://lod.nal.usda.gov/nalt/58189,,False,skos:related,
picloram,"4-amino-3,5,6-trichloro-2-pyridinecarboxylic acid; 4-amino-3,5,6-trichloropicolinic acid; 4-amino-3,5,6-trichloropyridine-2-carboxylic acid","picloram (4-amino-3,5,6-trichloro-2-pyridinecarboxylic acid, 4-amino-3,5,6-trichloropicolinic acid, 4-amino-3,5,6-trichloropyridine-2-carboxylic acid)",https://lod.nal.usda.gov/nalt/12292,,True,skos:broader; skos:narrower,
piperophos,,piperophos,https://lod.nal.usda.gov/nalt/45245,,True,skos:broader; skos:narrower,
plant parasitic nematodes,parasitic nematodes (plants); phytonematodes; phytoparasitic nematodes; phytopathogenic nematodes; plant nematodes,"plant parasitic nematodes (parasitic nematodes (plants), phytonematodes, phytoparasitic nematodes, phytopathogenic nematodes, plant nematodes)",https://lod.nal.usda.gov/nalt/8933,,False,skos:related,
plant pathogenic fungi,fungal phytopathogens; phytopathogenic fungi,"plant pathogenic fungi (fungal phytopathogens, phytopathogenic fungi)",https://lod.nal.usda.gov/nalt/31899,,False,skos:related,
poisonous weeds,,poisonous weeds,https://lod.nal.usda.gov/nalt/304862,,False,skos:related,
polychlorinated biphenyls,PCBs (polychlorinated biphenyls),polychlorinated biphenyls (PCBs (polychlorinated biphenyls)),https://lod.nal.usda.gov/nalt/25342,,False,skos:broader; skos:narrower,
postemergent weed control,post-emergence weed control; post-emergent weed control; postemergence weed control,"postemergent weed control (post-emergence weed control, post-emergent weed control, postemergence weed control)",https://lod.nal.usda.gov/nalt/59363,,False,skos:broader; skos:narrower,
potassium cyanate,KOCN (herbicide),potassium cyanate (KOCN (herbicide)),https://lod.nal.usda.gov/nalt/30949,,True,skos:broader; skos:narrower,
prallethrin,,prallethrin,https://lod.nal.usda.gov/nalt/213729,,True,skos:broader; skos:narrower,
preemergent weed control,,preemergent weed control,https://lod.nal.usda.gov/nalt/59557,,False,skos:broader; skos:narrower,
preharvest treatment,preharvest application; preharvest sprays,"preharvest treatment (preharvest application, preharvest sprays)",https://lod.nal.usda.gov/nalt/11359,,False,skos:related,
primary amines,,primary amines,https://lod.nal.usda.gov/nalt/7738,,False,skos:broader; skos:narrower,
prochloraz,,prochloraz,https://lod.nal.usda.gov/nalt/28451,,True,skos:broader; skos:narrower,
procyazine,,procyazine,https://lod.nal.usda.gov/nalt/45246,,True,skos:broader; skos:narrower,
procymidone,,procymidone,https://lod.nal.usda.gov/nalt/33177,,True,skos:broader; skos:narrower,
prodiamine,,prodiamine,https://lod.nal.usda.gov/nalt/45247,,True,skos:broader; skos:narrower,
profluralin,,profluralin,https://lod.nal.usda.gov/nalt/45248,,True,skos:broader; skos:narrower,
profoxydim,,profoxydim,https://lod.nal.usda.gov/nalt/31060,,True,skos:broader; skos:narrower,
proglinazine,,proglinazine,https://lod.nal.usda.gov/nalt/45249,,True,skos:broader; skos:narrower,
prometon,,prometon,https://lod.nal.usda.gov/nalt/59784,,True,skos:broader; skos:narrower,
prometryn,prometryne,prometryn (prometryne),https://lod.nal.usda.gov/nalt/59785,,True,skos:broader; skos:narrower,
pronamide,,pronamide,https://lod.nal.usda.gov/nalt/45250,,True,skos:broader; skos:narrower,
propamocarb,,propamocarb,https://lod.nal.usda.gov/nalt/41864,,True,skos:related,
propazine,,propazine,https://lod.nal.usda.gov/nalt/59798,,True,skos:broader; skos:narrower,
propetamphos,,propetamphos,https://lod.nal.usda.gov/nalt/56123,,True,skos:broader; skos:narrower,
propham,,propham,https://lod.nal.usda.gov/nalt/22174,,True,skos:broader; skos:narrower,
propiconazole,,propiconazole,https://lod.nal.usda.gov/nalt/28452,,True,skos:broader; skos:narrower,
propoxycarbazone,,propoxycarbazone,https://lod.nal.usda.gov/nalt/59855,,True,skos:broader; skos:narrower,
propyzamide,,propyzamide,https://lod.nal.usda.gov/nalt/7668,,True,skos:broader; skos:narrower,
proxan,IPX (herbicide); O-isopropyl hydrogen dithiocarbonate,"proxan (IPX (herbicide), O-isopropyl hydrogen dithiocarbonate)",https://lod.nal.usda.gov/nalt/45253,,True,skos:broader; skos:narrower,
proxan-sodium,,proxan-sodium,https://lod.nal.usda.gov/nalt/45254,,True,skos:broader; skos:narrower,
pyraclonil,,pyraclonil,https://lod.nal.usda.gov/nalt/125129,,True,skos:broader; skos:narrower,
pyraclostrobin,,pyraclostrobin,https://lod.nal.usda.gov/nalt/41865,,True,skos:broader; skos:narrower,
pyraflufen ethyl,,pyraflufen ethyl,https://lod.nal.usda.gov/nalt/213740,,True,skos:broader; skos:narrower,
pyrazoles,,pyrazoles,https://lod.nal.usda.gov/nalt/10523,,False,skos:related,
pyrethrins,pyrethroids,pyrethrins (pyrethroids),https://lod.nal.usda.gov/nalt/53410,,False,skos:related,
pyriclor,,pyriclor,https://lod.nal.usda.gov/nalt/45257,,True,skos:broader; skos:narrower,
pyridate,,pyridate,https://lod.nal.usda.gov/nalt/45258,,True,skos:broader; skos:narrower,
pyridazines,,pyridazines,https://lod.nal.usda.gov/nalt/45390,,False,skos:broader; skos:narrower,
pyridines,,pyridines,https://lod.nal.usda.gov/nalt/1477,,False,skos:broader; skos:narrower,
pyrimidines,,pyrimidines,https://lod.nal.usda.gov/nalt/6719,,False,skos:broader; skos:narrower,
pyriproxyfen,,pyriproxyfen,https://lod.nal.usda.gov/nalt/60627,,True,skos:broader; skos:narrower,
pyrithiobac,,pyrithiobac,https://lod.nal.usda.gov/nalt/12293,,True,skos:broader; skos:narrower,
pyroxasulfone,,pyroxasulfone,https://lod.nal.usda.gov/nalt/125136,,True,skos:broader; skos:narrower,
pyroxsulam,,pyroxsulam,https://lod.nal.usda.gov/nalt/342872,,True,skos:broader; skos:narrower,
quinclorac,,quinclorac,https://lod.nal.usda.gov/nalt/12294,,True,skos:broader; skos:narrower,
quinmerac,,quinmerac,https://lod.nal.usda.gov/nalt/12295,,True,skos:broader; skos:narrower,
quinolines,,quinolines,https://lod.nal.usda.gov/nalt/1546,,False,skos:broader; skos:narrower,
quinonamid,,quinonamid,https://lod.nal.usda.gov/nalt/45260,,True,skos:broader; skos:narrower,
resmethrin,,resmethrin,https://lod.nal.usda.gov/nalt/60628,,True,skos:broader; skos:narrower,
"s,s,s-tributyl phosphorotrithioate",DEF (Tribufos); DEF (defoliant); tribufos; tribuphos,"s,s,s-tributyl phosphorotrithioate (DEF (Tribufos), DEF (defoliant), tribufos, tribuphos)",https://lod.nal.usda.gov/nalt/31961,,False,skos:related,
Saccharopolyspora spinosa,,Saccharopolyspora spinosa,https://lod.nal.usda.gov/nalt/61899,,False,skos:related,
saflufenacil,,saflufenacil,https://lod.nal.usda.gov/nalt/302068,,True,skos:broader; skos:narrower,
saturated fatty acids,SFA (saturated fatty acids),saturated fatty acids (SFA (saturated fatty acids)),https://lod.nal.usda.gov/nalt/17398,,False,skos:broader; skos:narrower,
scrub control,,scrub control,https://lod.nal.usda.gov/nalt/306639,,False,skos:broader; skos:narrower,
secbumeton,,secbumeton,https://lod.nal.usda.gov/nalt/45262,,True,skos:broader; skos:narrower,
sedatives,,sedatives,https://lod.nal.usda.gov/nalt/2187,,False,skos:broader; skos:narrower,
seed destructors,,seed destructors,https://lod.nal.usda.gov/nalt/322531,,False,skos:related,
seed harvesters,,seed harvesters,https://lod.nal.usda.gov/nalt/322532,,False,skos:related,
semicarbazones,,semicarbazones,https://lod.nal.usda.gov/nalt/56098,,False,skos:related,
sesone,,sesone,https://lod.nal.usda.gov/nalt/45263,,True,skos:broader; skos:narrower,
sethoxydim,,sethoxydim,https://lod.nal.usda.gov/nalt/45264,,True,skos:broader; skos:narrower,
simazine,,simazine,https://lod.nal.usda.gov/nalt/63117,,True,skos:broader; skos:narrower,
simeton,,simeton,https://lod.nal.usda.gov/nalt/45266,,True,skos:broader; skos:narrower,
simetryn,simetryne,simetryn (simetryne),https://lod.nal.usda.gov/nalt/63118,,True,skos:broader; skos:narrower,
Siphonaptera,Aphaniptera; fleas; siphonapterans,"Siphonaptera (Aphaniptera, fleas, siphonapterans)",https://lod.nal.usda.gov/nalt/10664,,False,skos:related,
smoke,wood smoke,smoke (wood smoke),https://lod.nal.usda.gov/nalt/5849,,False,skos:related,
soaps,body soaps; hand soaps,"soaps (body soaps, hand soaps)",https://lod.nal.usda.gov/nalt/251,,False,skos:related,
sodium azide,,sodium azide,https://lod.nal.usda.gov/nalt/14306,,True,skos:broader; skos:narrower,
sodium chlorate,,sodium chlorate,https://lod.nal.usda.gov/nalt/25295,,True,skos:broader; skos:narrower,
sodium monochloroacetate,"SMA (herbicide); SMCA (herbicide); chloroacetic acid, sodium salt; monochloroacetic acid, sodium salt; sodium chloroacetate","sodium monochloroacetate (SMA (herbicide), SMCA (herbicide), chloroacetic acid, sodium salt, monochloroacetic acid, sodium salt, sodium chloroacetate)",https://lod.nal.usda.gov/nalt/124397,,True,skos:broader; skos:narrower,
soil fumigants,soil sterilants,soil fumigants (soil sterilants),https://lod.nal.usda.gov/nalt/302887,,False,skos:broader; skos:narrower,
soil fumigation,,soil fumigation,https://lod.nal.usda.gov/nalt/41750,,False,skos:related,
spinosyn A,spinosyn-A,spinosyn A (spinosyn-A),https://lod.nal.usda.gov/nalt/332152,,False,skos:related,
spinosyn D,spinosyn-D,spinosyn D (spinosyn-D),https://lod.nal.usda.gov/nalt/332154,,False,skos:related,
subterranean termites,,subterranean termites,https://lod.nal.usda.gov/nalt/47388,,False,skos:related,
succinate dehydrogenase (quinone),EC 1.3.5.1; EC 1.3.99.1; complex II (mitochondrial electron transport); electron transport complex II; fumarate reductase; fumaric hydrogenase; mitochondrial electron transport complex II; succinate dehydrogenase; succinate dehydrogenase (ubiquinone); succinate dehydrogenase complex; succinate oxidoreductase; succinate:quinone oxidoreductase (aerobic respiratory chain); succinate:ubiquinone oxidoreductase; succinic acid dehydrogenase,"succinate dehydrogenase (quinone) (EC 1.3.5.1, EC 1.3.99.1, complex II (mitochondrial electron transport), electron transport complex II, fumarate reductase, fumaric hydrogenase, mitochondrial electron transport complex II, succinate dehydrogenase, succinate dehydrogenase (ubiquinone), succinate dehydrogenase complex, succinate oxidoreductase, succinate:quinone oxidoreductase (aerobic respiratory chain), succinate:ubiquinone oxidoreductase, succinic acid dehydrogenase)",https://lod.nal.usda.gov/nalt/28357,,False,skos:related,
sugar alcohols,,sugar alcohols,https://lod.nal.usda.gov/nalt/6196,,False,skos:broader; skos:narrower,
sulcotrione,,sulcotrione,https://lod.nal.usda.gov/nalt/125097,,True,skos:broader; skos:narrower,
sulfallate,2-chloroallyl diethyldithiocarbamate; CDEC (herbicide),"sulfallate (2-chloroallyl diethyldithiocarbamate, CDEC (herbicide))",https://lod.nal.usda.gov/nalt/1378,,True,skos:broader; skos:narrower,
sulfentrazone,,sulfentrazone,https://lod.nal.usda.gov/nalt/45268,,True,skos:broader; skos:narrower,
sulfonamide herbicides,,sulfonamide herbicides,https://lod.nal.usda.gov/nalt/125017,,True,skos:broader; skos:narrower,
sulfonylurea herbicides,sulfonyl urea herbicides; sulfonyl-urea herbicides,"sulfonylurea herbicides (sulfonyl urea herbicides, sulfonyl-urea herbicides)",https://lod.nal.usda.gov/nalt/16626,,True,skos:broader; skos:narrower,
sulfoxaflor,,sulfoxaflor,https://lod.nal.usda.gov/nalt/341217,,True,skos:broader; skos:narrower,
sustainable agriculture,regenerative agriculture; regenerative farming; sustainable agricultural production; sustainable animal production; sustainable crop production; sustainable dairy farming; sustainable farming; sustainable livestock production; sustainable plant and animal production,"sustainable agriculture (regenerative agriculture, regenerative farming, sustainable agricultural production, sustainable animal production, sustainable crop production, sustainable dairy farming, sustainable farming, sustainable livestock production, sustainable plant and animal production)",https://lod.nal.usda.gov/nalt/5307,,False,skos:related,
swep,,swep,https://lod.nal.usda.gov/nalt/45269,,True,skos:broader; skos:narrower,
synthetic pheromones,,synthetic pheromones,https://lod.nal.usda.gov/nalt/296744,,False,skos:related,
tebuconazole,folicur,tebuconazole (folicur),https://lod.nal.usda.gov/nalt/28453,,True,skos:broader; skos:narrower,
tebupirimfos,phostebupirim,tebupirimfos (phostebupirim),https://lod.nal.usda.gov/nalt/213724,,True,skos:broader; skos:narrower,
technical chemicals,,technical chemicals,https://lod.nal.usda.gov/nalt/194,,False,skos:broader; skos:narrower,
tefluthrin,,tefluthrin,https://lod.nal.usda.gov/nalt/60629,,True,skos:broader; skos:narrower,
tefuryltrione,,tefuryltrione,https://lod.nal.usda.gov/nalt/125098,,True,skos:broader; skos:narrower,
tembotrione,,tembotrione,https://lod.nal.usda.gov/nalt/125099,,True,skos:broader; skos:narrower,
terbacil,,terbacil,https://lod.nal.usda.gov/nalt/45270,,True,skos:broader; skos:narrower,
terbufos,,terbufos,https://lod.nal.usda.gov/nalt/56132,,True,skos:broader; skos:narrower,
terbumeton,,terbumeton,https://lod.nal.usda.gov/nalt/45272,,True,skos:broader; skos:narrower,
terbuthylazine,,terbuthylazine,https://lod.nal.usda.gov/nalt/65586,,True,skos:broader; skos:narrower,
terbutol,,terbutol,https://lod.nal.usda.gov/nalt/45273,,True,skos:broader; skos:narrower,
terbutryn,,terbutryn,https://lod.nal.usda.gov/nalt/65587,,True,skos:broader; skos:narrower,
tetrachloroethylene,perchloroethylene; tetrachloroethene,"tetrachloroethylene (perchloroethylene, tetrachloroethene)",https://lod.nal.usda.gov/nalt/25343,,False,skos:broader; skos:narrower,
tetrachlorvinphos,stirofos,tetrachlorvinphos (stirofos),https://lod.nal.usda.gov/nalt/56124,,True,skos:broader; skos:narrower,
tetramethrin,,tetramethrin,https://lod.nal.usda.gov/nalt/60630,,True,skos:broader; skos:narrower,
thiabendazole,5-hydroxythiabendazole,thiabendazole (5-hydroxythiabendazole),https://lod.nal.usda.gov/nalt/9936,,False,skos:related,
thiacloprid,,thiacloprid,https://lod.nal.usda.gov/nalt/132376,,True,skos:broader; skos:narrower,
thiadiazolylurea herbicides,,thiadiazolylurea herbicides,https://lod.nal.usda.gov/nalt/125155,,True,skos:broader; skos:narrower,
thiamethoxam,,thiamethoxam,https://lod.nal.usda.gov/nalt/47431,,True,skos:broader; skos:narrower,
thiazopyr,,thiazopyr,https://lod.nal.usda.gov/nalt/60639,,True,skos:broader; skos:narrower,
thimerosal,thiomerosal,thimerosal (thiomerosal),https://lod.nal.usda.gov/nalt/52152,,True,skos:broader; skos:narrower,
thiocarbamates,,thiocarbamates,https://lod.nal.usda.gov/nalt/22187,,False,skos:broader; skos:narrower,
thiophanate-ethyl,,thiophanate-ethyl,https://lod.nal.usda.gov/nalt/241732,,True,skos:broader; skos:narrower,
thiophanate-methyl,methyl-thiophanate,thiophanate-methyl (methyl-thiophanate),https://lod.nal.usda.gov/nalt/16651,,True,skos:broader; skos:narrower,
thiophenes,,thiophenes,https://lod.nal.usda.gov/nalt/45388,,False,skos:related,
tillage implements,tillage equipment,tillage implements (tillage equipment),https://lod.nal.usda.gov/nalt/5406,,False,skos:related,
topramezone,,topramezone,https://lod.nal.usda.gov/nalt/125137,,True,skos:broader; skos:narrower,
toxaphene,camphechlor,toxaphene (camphechlor),https://lod.nal.usda.gov/nalt/21599,,True,skos:broader; skos:narrower,
tralomethrin,,tralomethrin,https://lod.nal.usda.gov/nalt/213694,,True,skos:broader; skos:narrower,
trapping,,trapping,https://lod.nal.usda.gov/nalt/22090,,False,skos:related,
triadimefon,,triadimefon,https://lod.nal.usda.gov/nalt/28454,,True,skos:broader; skos:narrower,
triadimenol,,triadimenol,https://lod.nal.usda.gov/nalt/28455,,True,skos:broader; skos:narrower,
triazines,hydroxy atrazine,triazines (hydroxy atrazine),https://lod.nal.usda.gov/nalt/31291,,False,skos:broader; skos:narrower,
triazofenamide,,triazofenamide,https://lod.nal.usda.gov/nalt/66324,,True,skos:broader; skos:narrower,
triazoles,,triazoles,https://lod.nal.usda.gov/nalt/14331,,False,skos:broader; skos:narrower,
triazophos,,triazophos,https://lod.nal.usda.gov/nalt/56125,,True,skos:broader; skos:narrower,
tricamba,,tricamba,https://lod.nal.usda.gov/nalt/45278,,True,skos:broader; skos:narrower,
trichlorfon,,trichlorfon,https://lod.nal.usda.gov/nalt/9937,,True,skos:broader; skos:narrower,
trichloroacetic acid,"TCA (trichloroacetic acid); trichloroacetic acid, magnesium salt; trichloroacetic acid, sodium salt","trichloroacetic acid (TCA (trichloroacetic acid), trichloroacetic acid, magnesium salt, trichloroacetic acid, sodium salt)",https://lod.nal.usda.gov/nalt/25336,,True,skos:broader; skos:narrower,
trichloroethylene,,trichloroethylene,https://lod.nal.usda.gov/nalt/25344,,False,skos:broader; skos:narrower,
triclopyr,"3,5,6-TPA; 3,5,6-trichloro-2-pyridyloxyacetic acid; triclopyr butoxyethyl ester; triclopyr triethylamine salt; triclopyr-(3,5,6-trichloro-2-pyridl-oxyacetic acid)","triclopyr (3,5,6-TPA, 3,5,6-trichloro-2-pyridyloxyacetic acid, triclopyr butoxyethyl ester, triclopyr triethylamine salt, triclopyr-(3,5,6-trichloro-2-pyridl-oxyacetic acid))",https://lod.nal.usda.gov/nalt/45279,,True,skos:broader; skos:narrower,
tridemorph,,tridemorph,https://lod.nal.usda.gov/nalt/53499,,True,skos:broader; skos:narrower,
trietazine,,trietazine,https://lod.nal.usda.gov/nalt/45281,,True,skos:broader; skos:narrower,
trifluralin,trifluraline,trifluralin (trifluraline),https://lod.nal.usda.gov/nalt/45282,,True,skos:broader; skos:narrower,
trifopsime,,trifopsime,https://lod.nal.usda.gov/nalt/125140,,True,skos:broader; skos:narrower,
triforine,,triforine,https://lod.nal.usda.gov/nalt/41873,,True,skos:broader; skos:narrower,
vernolate,vernoleate; vernolic acid,"vernolate (vernoleate, vernolic acid)",https://lod.nal.usda.gov/nalt/22181,,True,skos:broader; skos:narrower,
vinclozolin,,vinclozolin,https://lod.nal.usda.gov/nalt/33178,,True,skos:broader; skos:narrower,
viral insecticides,,viral insecticides,https://lod.nal.usda.gov/nalt/47419,,True,skos:broader; skos:narrower,
wildlife-livestock relations,bird-livestock interactions; bird-livestock relations; livestock wildlife relations; livestock-bird interactions; livestock-bird relations; livestock-wildlife conflict; livestock-wildlife relations; wildlife livestock relations,"wildlife-livestock relations (bird-livestock interactions, bird-livestock relations, livestock wildlife relations, livestock-bird interactions, livestock-bird relations, livestock-wildlife conflict, livestock-wildlife relations, wildlife livestock relations)",https://lod.nal.usda.gov/nalt/9145,,False,skos:related,
wood preservatives,,wood preservatives,https://lod.nal.usda.gov/nalt/25737,,False,skos:related,
"2,4,5-T","2,4,5-trichlorophenoxy acetic acid; 2,4,5-trichlorophenoxyacetic acid","2,4,5-T (2,4,5-trichlorophenoxy acetic acid, 2,4,5-trichlorophenoxyacetic acid)",https://lod.nal.usda.gov/nalt/1343,,True,skos:broader; skos:narrower,
"2,4,5-TB","2,4,5-trichlorophenoxy butyric acid; 2,4,5-trichlorophenoxybutyric acid","2,4,5-TB (2,4,5-trichlorophenoxy butyric acid, 2,4,5-trichlorophenoxybutyric acid)",https://lod.nal.usda.gov/nalt/1346,,True,skos:broader; skos:narrower,
"2,4-D","2,4-dichlorophenoxy acetic acid; 2,4-dichlorophenoxyacetic acid","2,4-D (2,4-dichlorophenoxy acetic acid, 2,4-dichlorophenoxyacetic acid)",https://lod.nal.usda.gov/nalt/1353,,True,skos:broader; skos:narrower,
"2,4-DB","2,4-dichlorophenoxy butyric acid; 2,4-dichlorophenoxybutyric acid","2,4-DB (2,4-dichlorophenoxy butyric acid, 2,4-dichlorophenoxybutyric acid)",https://lod.nal.usda.gov/nalt/1356,,True,skos:broader; skos:narrower,
"3,4-DA","3,4-dichlorophenoxy acetic acid; 3,4-dichlorophenoxyacetic acid","3,4-DA (3,4-dichlorophenoxy acetic acid, 3,4-dichlorophenoxyacetic acid)",https://lod.nal.usda.gov/nalt/1427,,True,skos:broader; skos:narrower,
"3,4-DB","4-(3,4-dichlorophenoxy)butanoic acid; 4-(3,4-dichlorophenoxy)butyric acid","3,4-DB (4-(3,4-dichlorophenoxy)butanoic acid, 4-(3,4-dichlorophenoxy)butyric acid)",https://lod.nal.usda.gov/nalt/1430,,True,skos:broader; skos:narrower,
4-chlorophenoxy butyric acid,4-(4-chlorophenoxy)butanoic acid; 4-(4-chlorophenoxy)butyric acid; 4-CPB (herbicide),"4-chlorophenoxy butyric acid (4-(4-chlorophenoxy)butanoic acid, 4-(4-chlorophenoxy)butyric acid, 4-CPB (herbicide))",https://lod.nal.usda.gov/nalt/1473,,True,skos:broader; skos:narrower,
4-CPA,4-chlorophenoxy acetic acid; 4-chlorophenoxyacetic acid,"4-CPA (4-chlorophenoxy acetic acid, 4-chlorophenoxyacetic acid)",https://lod.nal.usda.gov/nalt/1481,,True,skos:broader; skos:narrower,
4-CPP,4-chlorophenoxy propionic acid; 4-chlorophenoxypropanoic acid; 4-chlorophenoxypropionic acid,"4-CPP (4-chlorophenoxy propionic acid, 4-chlorophenoxypropanoic acid, 4-chlorophenoxypropionic acid)",https://lod.nal.usda.gov/nalt/1484,,True,skos:broader; skos:narrower,
acifluorfen,,acifluorfen,https://lod.nal.usda.gov/nalt/2888,,True,skos:broader; skos:narrower,
agricultural aviation,,agricultural aviation,https://lod.nal.usda.gov/nalt/4606,,False,skos:related,
agricultural machinery and equipment,agricultural equipment; agricultural machinery; agricultural machines; farm equipment; farm machinery,"agricultural machinery and equipment (agricultural equipment, agricultural machinery, agricultural machines, farm equipment, farm machinery)",https://lod.nal.usda.gov/nalt/366,,False,skos:broader; skos:narrower,
aldrin,,aldrin,https://lod.nal.usda.gov/nalt/6230,,True,skos:broader; skos:narrower,
alternative farming,alternative agriculture,alternative farming (alternative agriculture),https://lod.nal.usda.gov/nalt/7138,,False,skos:broader; skos:narrower,
ammonium salts,,ammonium salts,https://lod.nal.usda.gov/nalt/7958,,False,skos:broader; skos:narrower,
animal parasites and pests,animal pests; pests of animals,"animal parasites and pests (animal pests, pests of animals)",https://lod.nal.usda.gov/nalt/9233,,False,skos:related,
anticoagulant activity,anticoagulant effect; anticoagulant properties,"anticoagulant activity (anticoagulant effect, anticoagulant properties)",https://lod.nal.usda.gov/nalt/10261,,False,skos:related,
anticoagulants,,anticoagulants,https://lod.nal.usda.gov/nalt/10260,,False,skos:related,
aquatic weeds,,aquatic weeds,https://lod.nal.usda.gov/nalt/11527,,False,skos:related,
aryloxyphenoxypropionic acid herbicides,,aryloxyphenoxypropionic acid herbicides,https://lod.nal.usda.gov/nalt/125144,,True,skos:broader; skos:narrower,
atrazine chlorohydrolase,AtZA (atrazine chlorohydrolase); EC 3.8.1.8; triazine hydrolase,"atrazine chlorohydrolase (AtZA (atrazine chlorohydrolase), EC 3.8.1.8, triazine hydrolase)",https://lod.nal.usda.gov/nalt/225748,,False,skos:related,
attractants,,attractants,https://lod.nal.usda.gov/nalt/207,,False,skos:related,
azamethiphos,,azamethiphos,https://lod.nal.usda.gov/nalt/14298,,True,skos:broader; skos:narrower,
azoxystrobin,,azoxystrobin,https://lod.nal.usda.gov/nalt/213713,,True,skos:broader; skos:narrower,
Bacillus sphaericus,,Bacillus sphaericus,https://lod.nal.usda.gov/nalt/14569,,False,skos:related,
Bacillus thuringiensis,Bacillus cereus var. thuringiensis; Bt (Bacillus thuringiensis),"Bacillus thuringiensis (Bacillus cereus var. thuringiensis, Bt (Bacillus thuringiensis))",https://lod.nal.usda.gov/nalt/14583,,False,skos:related,
benalaxyl,benalaxyl-M,benalaxyl (benalaxyl-M),https://lod.nal.usda.gov/nalt/190785,,True,skos:broader; skos:narrower,
bensulfuron,,bensulfuron,https://lod.nal.usda.gov/nalt/16625,,True,skos:broader; skos:narrower,
bensulfuron-methyl,,bensulfuron-methyl,https://lod.nal.usda.gov/nalt/16627,,True,skos:broader; skos:narrower,
benzoylprop,,benzoylprop,https://lod.nal.usda.gov/nalt/16673,,True,skos:broader; skos:narrower,
bifenox,,bifenox,https://lod.nal.usda.gov/nalt/17036,,True,skos:broader; skos:narrower,
biofumigation,biofumigants,biofumigation (biofumigants),https://lod.nal.usda.gov/nalt/188846,,False,skos:broader; skos:narrower,
biological resistance,biocide resistance,biological resistance (biocide resistance),https://lod.nal.usda.gov/nalt/114,,False,skos:broader; skos:narrower,
brodifacoum,,brodifacoum,https://lod.nal.usda.gov/nalt/19919,,True,skos:broader; skos:narrower,
bromadiolone,,bromadiolone,https://lod.nal.usda.gov/nalt/19934,,True,skos:broader; skos:narrower,
bromophos,,bromophos,https://lod.nal.usda.gov/nalt/9913,,True,skos:broader; skos:narrower,
buturon,,buturon,https://lod.nal.usda.gov/nalt/20655,,True,skos:broader; skos:narrower,
capture of animals,animal capture; catching (animals),"capture of animals (animal capture, catching (animals))",https://lod.nal.usda.gov/nalt/9051,,False,skos:related,
chemical inhibitors,,chemical inhibitors,https://lod.nal.usda.gov/nalt/233,,False,skos:broader; skos:narrower,
chlorates,,chlorates,https://lod.nal.usda.gov/nalt/25294,,False,skos:broader; skos:narrower,
chlorbromuron,,chlorbromuron,https://lod.nal.usda.gov/nalt/25298,,True,skos:broader; skos:narrower,
chlordane,chlordan,chlordane (chlordan),https://lod.nal.usda.gov/nalt/25301,,True,skos:broader; skos:narrower,
chlordecone,,chlordecone,https://lod.nal.usda.gov/nalt/25302,,True,skos:broader; skos:narrower,
chlorimuron,,chlorimuron,https://lod.nal.usda.gov/nalt/25332,,True,skos:broader; skos:narrower,
chlorimuron ethyl,,chlorimuron ethyl,https://lod.nal.usda.gov/nalt/213686,,True,skos:broader; skos:narrower,
chlorinated fatty acids,,chlorinated fatty acids,https://lod.nal.usda.gov/nalt/25333,,False,skos:broader; skos:narrower,
chloroacetanilide herbicides,,chloroacetanilide herbicides,https://lod.nal.usda.gov/nalt/2480,,True,skos:broader; skos:narrower,
chlorotoluron,chlortoluron,chlorotoluron (chlortoluron),https://lod.nal.usda.gov/nalt/25492,,True,skos:broader; skos:narrower,
chloroxuron,,chloroxuron,https://lod.nal.usda.gov/nalt/25513,,True,skos:broader; skos:narrower,
chlorphoxim,,chlorphoxim,https://lod.nal.usda.gov/nalt/25514,,True,skos:broader; skos:narrower,
chlorpyrifos-methyl,,chlorpyrifos-methyl,https://lod.nal.usda.gov/nalt/25518,,True,skos:broader; skos:narrower,
chlorsulfuron,,chlorsulfuron,https://lod.nal.usda.gov/nalt/25519,,True,skos:broader; skos:narrower,
cisanilide,,cisanilide,https://lod.nal.usda.gov/nalt/26376,,True,skos:broader; skos:narrower,
coumarins,,coumarins,https://lod.nal.usda.gov/nalt/10267,,False,skos:broader; skos:narrower,
cross resistance,cross-resistance,cross resistance (cross-resistance),https://lod.nal.usda.gov/nalt/30204,,False,skos:broader; skos:narrower,
cyanates,,cyanates,https://lod.nal.usda.gov/nalt/30948,,False,skos:broader; skos:narrower,
cyanuric chloride,,cyanuric chloride,https://lod.nal.usda.gov/nalt/324941,,False,skos:broader; skos:narrower,
cyclosulfamuron,,cyclosulfamuron,https://lod.nal.usda.gov/nalt/31079,,True,skos:broader; skos:narrower,
cypromid,,cypromid,https://lod.nal.usda.gov/nalt/31287,,True,skos:broader; skos:narrower,
cyromazine,,cyromazine,https://lod.nal.usda.gov/nalt/25216,,False,skos:broader; skos:narrower,
deethylatrazine,desethylatrazine,deethylatrazine (desethylatrazine),https://lod.nal.usda.gov/nalt/324534,,False,skos:broader; skos:narrower,
diamines,,diamines,https://lod.nal.usda.gov/nalt/7734,,False,skos:related,
dichlorprop,,dichlorprop,https://lod.nal.usda.gov/nalt/33216,,True,skos:broader; skos:narrower,
dicryl,,dicryl,https://lod.nal.usda.gov/nalt/33250,,True,skos:broader; skos:narrower,
dieldrin,,dieldrin,https://lod.nal.usda.gov/nalt/31049,,True,skos:broader; skos:narrower,
difenacoum,,difenacoum,https://lod.nal.usda.gov/nalt/29692,,True,skos:broader; skos:narrower,
difenoxuron,,difenoxuron,https://lod.nal.usda.gov/nalt/33492,,True,skos:broader; skos:narrower,
diseases and disorders (animals and humans),animal and human diseases; animal and human disorders; human and animal diseases; human and animal disorders,"diseases and disorders (animals and humans) (animal and human diseases, animal and human disorders, human and animal diseases, human and animal disorders)",https://lod.nal.usda.gov/nalt/322,,False,skos:related,
disulfoton,,disulfoton,https://lod.nal.usda.gov/nalt/34121,,True,skos:broader; skos:narrower,
diuron,,diuron,https://lod.nal.usda.gov/nalt/34151,,True,skos:broader; skos:narrower,
drugs,medicines (drugs); pharmaceutical compounds; pharmaceutical products; pharmaceuticals,"drugs (medicines (drugs), pharmaceutical compounds, pharmaceutical products, pharmaceuticals)",https://lod.nal.usda.gov/nalt/286,,False,skos:related,
early warning systems,advanced warning systems,early warning systems (advanced warning systems),https://lod.nal.usda.gov/nalt/4423,,False,skos:related,
endosulfan,,endosulfan,https://lod.nal.usda.gov/nalt/31050,,True,skos:broader; skos:narrower,
epidemiology,epizootiology,epidemiology (epizootiology),https://lod.nal.usda.gov/nalt/149,,False,skos:related,
ethamet-sulfuron,,ethamet-sulfuron,https://lod.nal.usda.gov/nalt/38236,,True,skos:broader; skos:narrower,
ethidimuron,,ethidimuron,https://lod.nal.usda.gov/nalt/38247,,True,skos:broader; skos:narrower,
etrimfos,,etrimfos,https://lod.nal.usda.gov/nalt/38281,,True,skos:broader; skos:narrower,
famphur,,famphur,https://lod.nal.usda.gov/nalt/39454,,True,skos:broader; skos:narrower,
"Farms, Agricultural Production Systems",,"Farms, Agricultural Production Systems",https://lod.nal.usda.gov/nalt/127298,,False,skos:broader; skos:narrower,
fenitrothion,fenitrotion,fenitrothion (fenitrotion),https://lod.nal.usda.gov/nalt/39817,,True,skos:broader; skos:narrower,
fenoprop,,fenoprop,https://lod.nal.usda.gov/nalt/39828,,True,skos:broader; skos:narrower,
fenuron,,fenuron,https://lod.nal.usda.gov/nalt/39842,,True,skos:broader; skos:narrower,
fenuron TCA,fenuron-trichloroacetic acid,fenuron TCA (fenuron-trichloroacetic acid),https://lod.nal.usda.gov/nalt/39843,,True,skos:broader; skos:narrower,
flamprop,,flamprop,https://lod.nal.usda.gov/nalt/8953,,True,skos:broader; skos:narrower,
flocoumafen,,flocoumafen,https://lod.nal.usda.gov/nalt/29693,,True,skos:broader; skos:narrower,
fluconazole,,fluconazole,https://lod.nal.usda.gov/nalt/10318,,False,skos:broader; skos:narrower,
flufenacet,,flufenacet,https://lod.nal.usda.gov/nalt/125014,,True,skos:broader; skos:narrower,
fluometuron,,fluometuron,https://lod.nal.usda.gov/nalt/40701,,True,skos:broader; skos:narrower,
fluopyram,,fluopyram,https://lod.nal.usda.gov/nalt/327888,,True,skos:broader; skos:narrower,
fluorodifen,,fluorodifen,https://lod.nal.usda.gov/nalt/40729,,True,skos:broader; skos:narrower,
fluoroglycofen,,fluoroglycofen,https://lod.nal.usda.gov/nalt/40730,,True,skos:broader; skos:narrower,
flupyrsulfuron,,flupyrsulfuron,https://lod.nal.usda.gov/nalt/124408,,True,skos:broader; skos:narrower,
glufosinate resistance,glufosinate resistant,glufosinate resistance (glufosinate resistant),https://lod.nal.usda.gov/nalt/265263,,False,skos:broader; skos:narrower,
guanidines,guanidine hydrochloride,guanidines (guanidine hydrochloride),https://lod.nal.usda.gov/nalt/5204,,False,skos:related,
haloacetic acids,HAA5,haloacetic acids (HAA5),https://lod.nal.usda.gov/nalt/214332,,False,skos:broader; skos:narrower,
harvesters,harvesting machines,harvesters (harvesting machines),https://lod.nal.usda.gov/nalt/28106,,False,skos:related,
heptachlor,heptachlore,heptachlor (heptachlore),https://lod.nal.usda.gov/nalt/31051,,True,skos:broader; skos:narrower,
herbicide-resistant weeds,herbicide resistant weeds; herbicide tolerant weeds; herbicide-tolerant weeds,"herbicide-resistant weeds (herbicide resistant weeds, herbicide tolerant weeds, herbicide-tolerant weeds)",https://lod.nal.usda.gov/nalt/45191,,False,skos:related,
heterocyclic nitrogen compounds,organonitrogen heterocyclic compounds,heterocyclic nitrogen compounds (organonitrogen heterocyclic compounds),https://lod.nal.usda.gov/nalt/3047,,False,skos:broader; skos:narrower,
hosts,,hosts,https://lod.nal.usda.gov/nalt/836,,False,skos:related,
human-landing catches,human-landing collections,human-landing catches (human-landing collections),https://lod.nal.usda.gov/nalt/329710,,False,skos:broader; skos:narrower,
input costs,costs of inputs,input costs (costs of inputs),https://lod.nal.usda.gov/nalt/21996,,False,skos:related,
insect viruses,,insect viruses,https://lod.nal.usda.gov/nalt/15491,,False,skos:related,
isoproturon,,isoproturon,https://lod.nal.usda.gov/nalt/47891,,True,skos:broader; skos:narrower,
itraconazole,,itraconazole,https://lod.nal.usda.gov/nalt/10320,,False,skos:broader; skos:narrower,
lactofen,,lactofen,https://lod.nal.usda.gov/nalt/45212,,True,skos:broader; skos:narrower,
linuron,,linuron,https://lod.nal.usda.gov/nalt/50256,,True,skos:broader; skos:narrower,
MCPA (herbicide),2-(4-chloro-2-methylphenoxy)acetic acid; 2-methyl-4-chlorophenoxy acetic acid; 2-methyl-4-chlorophenoxyacetic acid; 4-(2-methyl-4-chlorophenoxy)acetic acid; 4-chloro-2-methylphenoxy acetic acid; 4-chloro-o-tolyloxyacetic acid; methyl chlorophenoxy acetic acid,"MCPA (herbicide) (2-(4-chloro-2-methylphenoxy)acetic acid, 2-methyl-4-chlorophenoxy acetic acid, 2-methyl-4-chlorophenoxyacetic acid, 4-(2-methyl-4-chlorophenoxy)acetic acid, 4-chloro-2-methylphenoxy acetic acid, 4-chloro-o-tolyloxyacetic acid, methyl chlorophenoxy acetic acid)",https://lod.nal.usda.gov/nalt/1479,,True,skos:broader; skos:narrower,
MCPB (herbicide),4-(4-chloro-2-methylphenoxy)butanoic acid,MCPB (herbicide) (4-(4-chloro-2-methylphenoxy)butanoic acid),https://lod.nal.usda.gov/nalt/1471,,True,skos:broader; skos:narrower,
mecoprop,,mecoprop,https://lod.nal.usda.gov/nalt/45215,,True,skos:broader; skos:narrower,
mefluidide,,mefluidide,https://lod.nal.usda.gov/nalt/45216,,True,skos:broader; skos:narrower,
melamine,"1,3,5-triazine-2,4,6-triamine; 2,4,6-triamino-1,3,5-triazine","melamine (1,3,5-triazine-2,4,6-triamine, 2,4,6-triamino-1,3,5-triazine)",https://lod.nal.usda.gov/nalt/51940,,False,skos:broader; skos:narrower,
metalaxyl,"methyl N-(2,6-dimethylphenyl)-N-(methoxyacetyl)-DL-alaninate; methyl N-(methyoxyacetyl)-N-2,6-xylyl-DL-alaninate","metalaxyl (methyl N-(2,6-dimethylphenyl)-N-(methoxyacetyl)-DL-alaninate, methyl N-(methyoxyacetyl)-N-2,6-xylyl-DL-alaninate)",https://lod.nal.usda.gov/nalt/41854,,True,skos:broader; skos:narrower,
Metarhizium anisopliae,,Metarhizium anisopliae,https://lod.nal.usda.gov/nalt/52260,,False,skos:related,
methidathion,,methidathion,https://lod.nal.usda.gov/nalt/52330,,True,skos:broader; skos:narrower,
methodology,creative methods; methods; new methodology; new methods; new techniques; novel methods; techniques,"methodology (creative methods, methods, new methodology, new methods, new techniques, novel methods, techniques)",https://lod.nal.usda.gov/nalt/5079,,False,skos:broader; skos:narrower,
metobromuron,,metobromuron,https://lod.nal.usda.gov/nalt/52484,,True,skos:broader; skos:narrower,
metoxuron,,metoxuron,https://lod.nal.usda.gov/nalt/45226,,True,skos:broader; skos:narrower,
metsulfuron,,metsulfuron,https://lod.nal.usda.gov/nalt/52503,,True,skos:broader; skos:narrower,
mirex,,mirex,https://lod.nal.usda.gov/nalt/31052,,True,skos:broader; skos:narrower,
monalide,,monalide,https://lod.nal.usda.gov/nalt/45227,,True,skos:broader; skos:narrower,
monolinuron,,monolinuron,https://lod.nal.usda.gov/nalt/53382,,True,skos:broader; skos:narrower,
monoterpenoids,monoterpenes,monoterpenoids (monoterpenes),https://lod.nal.usda.gov/nalt/6936,,False,skos:broader; skos:narrower,
monuron,"3-(4-chlorophenyl)-1,1-dimethylurea; 3-(p-chlorophenyl)-1,1-dimethylurea; CMU (herbicide); N'-(4-chlorophenyl)-N,N-dimethylurea; chlorfenidim","monuron (3-(4-chlorophenyl)-1,1-dimethylurea, 3-(p-chlorophenyl)-1,1-dimethylurea, CMU (herbicide), N'-(4-chlorophenyl)-N,N-dimethylurea, chlorfenidim)",https://lod.nal.usda.gov/nalt/45228,,True,skos:broader; skos:narrower,
monuron TCA,"3-(4-chlorophenyl)-1,1-dimethyluronium trichloroacetate; 3-(p-chlorophenyl)-1,1-dimethylurea trichloroacetate; monuron trichloroacetate; monuron-TCA","monuron TCA (3-(4-chlorophenyl)-1,1-dimethyluronium trichloroacetate, 3-(p-chlorophenyl)-1,1-dimethylurea trichloroacetate, monuron trichloroacetate, monuron-TCA)",https://lod.nal.usda.gov/nalt/45229,,True,skos:broader; skos:narrower,
neburon,,neburon,https://lod.nal.usda.gov/nalt/54447,,True,skos:broader; skos:narrower,
nicosulfuron,,nicosulfuron,https://lod.nal.usda.gov/nalt/54804,,True,skos:broader; skos:narrower,
nitrates,,nitrates,https://lod.nal.usda.gov/nalt/4064,,False,skos:broader; skos:narrower,
nitrofen,,nitrofen,https://lod.nal.usda.gov/nalt/45232,,True,skos:broader; skos:narrower,
nitrofluorfen,,nitrofluorfen,https://lod.nal.usda.gov/nalt/45233,,True,skos:broader; skos:narrower,
no-tillage,direct drilling (no-tillage); no-till; no-tillage systems; zero tillage,"no-tillage (direct drilling (no-tillage), no-till, no-tillage systems, zero tillage)",https://lod.nal.usda.gov/nalt/28631,,False,skos:related,
oleic acid,9-octadecenoic acid; oleate,"oleic acid (9-octadecenoic acid, oleate)",https://lod.nal.usda.gov/nalt/50550,,False,skos:broader; skos:narrower,
omethoate,,omethoate,https://lod.nal.usda.gov/nalt/55822,,True,skos:broader; skos:narrower,
organic production,organic agriculture; organic culture; organic dairy farming; organic farming; organically grown,"organic production (organic agriculture, organic culture, organic dairy farming, organic farming, organically grown)",https://lod.nal.usda.gov/nalt/7144,,False,skos:related,
oxasulfuron,,oxasulfuron,https://lod.nal.usda.gov/nalt/125154,,True,skos:broader; skos:narrower,
oxydemeton-methyl,metasystox-R,oxydemeton-methyl (metasystox-R),https://lod.nal.usda.gov/nalt/56135,,True,skos:broader; skos:narrower,
oxyfluorfen,,oxyfluorfen,https://lod.nal.usda.gov/nalt/45238,,True,skos:broader; skos:narrower,
paclobutrazol,,paclobutrazol,https://lod.nal.usda.gov/nalt/56530,,False,skos:broader; skos:narrower,
parathion-methyl,methyl parathion; methyl-parathion,"parathion-methyl (methyl parathion, methyl-parathion)",https://lod.nal.usda.gov/nalt/52351,,True,skos:broader; skos:narrower,
pathogens,infectious agents; infectious pathogens,"pathogens (infectious agents, infectious pathogens)",https://lod.nal.usda.gov/nalt/838,,False,skos:related,
pesticide synergists,,pesticide synergists,https://lod.nal.usda.gov/nalt/5567,,False,skos:related,
phosphinothricin acetyltransferase,EC 2.3.1.183; PPT acetyltransferase,"phosphinothricin acetyltransferase (EC 2.3.1.183, PPT acetyltransferase)",https://lod.nal.usda.gov/nalt/4010,,False,skos:related,
phosphonates,organophosphonates; phosphonic acid esters,"phosphonates (organophosphonates, phosphonic acid esters)",https://lod.nal.usda.gov/nalt/56126,,False,skos:broader; skos:narrower,
picoxystrobin,,picoxystrobin,https://lod.nal.usda.gov/nalt/331867,,True,skos:broader; skos:narrower,
pirimiphos-methyl,,pirimiphos-methyl,https://lod.nal.usda.gov/nalt/56136,,True,skos:broader; skos:narrower,
plant diseases and disorders,plant diseases; plant disorders,"plant diseases and disorders (plant diseases, plant disorders)",https://lod.nal.usda.gov/nalt/15134,,False,skos:related,
polycyclic aromatic hydrocarbons,PAH (polycyclic aromatic hydrocarbons); PAHs (polycyclic aromatic hydrocarbons),"polycyclic aromatic hydrocarbons (PAH (polycyclic aromatic hydrocarbons), PAHs (polycyclic aromatic hydrocarbons))",https://lod.nal.usda.gov/nalt/12311,,False,skos:broader; skos:narrower,
primisulfuron,,primisulfuron,https://lod.nal.usda.gov/nalt/59620,,True,skos:broader; skos:narrower,
primisulfuron-methyl,"methyl 2-(4,6-bis(difluoromethoxy)pyrimidin-2-ylcarbamoylsulfamoyl)benzoate","primisulfuron-methyl (methyl 2-(4,6-bis(difluoromethoxy)pyrimidin-2-ylcarbamoylsulfamoyl)benzoate)",https://lod.nal.usda.gov/nalt/265319,,True,skos:broader; skos:narrower,
profenofos,,profenofos,https://lod.nal.usda.gov/nalt/56137,,True,skos:broader; skos:narrower,
propanil,"3,4-dichloropropionanilide; DCPA (propanil)","propanil (3,4-dichloropropionanilide, DCPA (propanil))",https://lod.nal.usda.gov/nalt/1434,,True,skos:broader; skos:narrower,
prosulfuron,,prosulfuron,https://lod.nal.usda.gov/nalt/59897,,True,skos:broader; skos:narrower,
pyraoxystrobin,,pyraoxystrobin,https://lod.nal.usda.gov/nalt/331868,,True,skos:broader; skos:narrower,
pyrimethanil,,pyrimethanil,https://lod.nal.usda.gov/nalt/213707,,True,skos:broader; skos:narrower,
quinalphos,,quinalphos,https://lod.nal.usda.gov/nalt/56138,,True,skos:broader; skos:narrower,
resistance management,,resistance management,https://lod.nal.usda.gov/nalt/34012,,False,skos:related,
rimsulfuron,,rimsulfuron,https://lod.nal.usda.gov/nalt/61576,,True,skos:broader; skos:narrower,
sex pheromones,,sex pheromones,https://lod.nal.usda.gov/nalt/47393,,False,skos:related,
shrublands,brushlands; brushwood; bushlands; macchia; maquis; scrub; scrublands; semi-desert scrub,"shrublands (brushlands, brushwood, bushlands, macchia, maquis, scrub, scrublands, semi-desert scrub)",https://lod.nal.usda.gov/nalt/62665,,False,skos:related,
siduron,,siduron,https://lod.nal.usda.gov/nalt/63063,,True,skos:broader; skos:narrower,
silvex,,silvex,https://lod.nal.usda.gov/nalt/45265,,True,skos:broader; skos:narrower,
sodium dichloroisocyanurate,dichloroisocyanuric acid; troclosene sodium,"sodium dichloroisocyanurate (dichloroisocyanuric acid, troclosene sodium)",https://lod.nal.usda.gov/nalt/229902,,False,skos:broader; skos:narrower,
soil management,,soil management,https://lod.nal.usda.gov/nalt/21,,False,skos:broader; skos:narrower,
solan,,solan,https://lod.nal.usda.gov/nalt/45267,,True,skos:broader; skos:narrower,
Streptomyces hygroscopicus,Actinomyces hygroscopicus,Streptomyces hygroscopicus (Actinomyces hygroscopicus),https://lod.nal.usda.gov/nalt/3629,,False,skos:related,
Streptomyces viridochromogenes,Actinomyces viridochromogenes,Streptomyces viridochromogenes (Actinomyces viridochromogenes),https://lod.nal.usda.gov/nalt/3768,,False,skos:related,
sulfamates,,sulfamates,https://lod.nal.usda.gov/nalt/47344,,False,skos:broader; skos:narrower,
sulfometuron,"2-(4,6-dimethylpyrimidin-2-ylcarbamoylsulfamoyl)benzoic acid","sulfometuron (2-(4,6-dimethylpyrimidin-2-ylcarbamoylsulfamoyl)benzoic acid)",https://lod.nal.usda.gov/nalt/65197,,True,skos:broader; skos:narrower,
sulfometuron methyl,"methyl 2-(((((4,6-dimethyl-2-pyrimidinyl)amino)carbonyl)amino)sulfonyl)benzoate; methyl 2-(4,6-dimethylpyrimidin-2-ylcarbamoylsulfamoyl)benzoate","sulfometuron methyl (methyl 2-(((((4,6-dimethyl-2-pyrimidinyl)amino)carbonyl)amino)sulfonyl)benzoate, methyl 2-(4,6-dimethylpyrimidin-2-ylcarbamoylsulfamoyl)benzoate)",https://lod.nal.usda.gov/nalt/213728,,True,skos:broader; skos:narrower,
sulfonanilide herbicides,,sulfonanilide herbicides,https://lod.nal.usda.gov/nalt/125015,,True,skos:broader; skos:narrower,
sulfonylureas,sulphonylureas,sulfonylureas (sulphonylureas),https://lod.nal.usda.gov/nalt/43046,,False,skos:broader; skos:narrower,
sulfur compounds,sulphur compounds,sulfur compounds (sulphur compounds),https://lod.nal.usda.gov/nalt/335696,,False,skos:related,
sulprofos,,sulprofos,https://lod.nal.usda.gov/nalt/56139,,True,skos:broader; skos:narrower,
tebuthiuron,,tebuthiuron,https://lod.nal.usda.gov/nalt/65525,,True,skos:broader; skos:narrower,
temephos,,temephos,https://lod.nal.usda.gov/nalt/56140,,True,skos:broader; skos:narrower,
tetrafluron,,tetrafluron,https://lod.nal.usda.gov/nalt/45274,,True,skos:broader; skos:narrower,
thiazafluron,,thiazafluron,https://lod.nal.usda.gov/nalt/45275,,True,skos:broader; skos:narrower,
thiazoles,,thiazoles,https://lod.nal.usda.gov/nalt/49963,,False,skos:related,
thifensulfuron,,thifensulfuron,https://lod.nal.usda.gov/nalt/45276,,True,skos:broader; skos:narrower,
thifensulfuron methyl,,thifensulfuron methyl,https://lod.nal.usda.gov/nalt/65200,,True,skos:broader; skos:narrower,
thiometon,,thiometon,https://lod.nal.usda.gov/nalt/56141,,True,skos:broader; skos:narrower,
toltrazuril,,toltrazuril,https://lod.nal.usda.gov/nalt/66111,,False,skos:broader; skos:narrower,
traps,,traps,https://lod.nal.usda.gov/nalt/15545,,False,skos:related,
triasulfuron,,triasulfuron,https://lod.nal.usda.gov/nalt/65201,,True,skos:broader; skos:narrower,
tribenuron,,tribenuron,https://lod.nal.usda.gov/nalt/65202,,True,skos:broader; skos:narrower,
trifloxysulfuron,,trifloxysulfuron,https://lod.nal.usda.gov/nalt/123036,,True,skos:broader; skos:narrower,
triflusulfuron,,triflusulfuron,https://lod.nal.usda.gov/nalt/45283,,True,skos:broader; skos:narrower,
uniconazole,,uniconazole,https://lod.nal.usda.gov/nalt/66325,,False,skos:broader; skos:narrower,
vector control,,vector control,https://lod.nal.usda.gov/nalt/292,,False,skos:broader; skos:narrower,
warfarin,,warfarin,https://lod.nal.usda.gov/nalt/10266,,False,skos:related,
woody weeds,,woody weeds,https://lod.nal.usda.gov/nalt/20193,,False,skos:related,
acetochlor,,acetochlor,https://lod.nal.usda.gov/nalt/2479,,True,skos:broader; skos:narrower,
alachlor,,alachlor,https://lod.nal.usda.gov/nalt/5936,,True,skos:broader; skos:narrower,
alpha-endosulfan,a-endosulfan; alpha-benzoepin; alpha-thiodan; endosulfan 1; endosulfan A; endosulfan I,"alpha-endosulfan (a-endosulfan, alpha-benzoepin, alpha-thiodan, endosulfan 1, endosulfan A, endosulfan I)",https://lod.nal.usda.gov/nalt/257177,,True,skos:broader; skos:narrower,
benzamides,,benzamides,https://lod.nal.usda.gov/nalt/7680,,False,skos:related,
benzofluor,,benzofluor,https://lod.nal.usda.gov/nalt/16660,,True,skos:broader; skos:narrower,
beta-endosulfan,b-endosulfan; beta endosulfan; beta-benzoepin; beta-thiodan; beta-thionex; endosulfan 2; endosulfan B; endosulfan II,"beta-endosulfan (b-endosulfan, beta endosulfan, beta-benzoepin, beta-thiodan, beta-thionex, endosulfan 2, endosulfan B, endosulfan II)",https://lod.nal.usda.gov/nalt/257178,,True,skos:broader; skos:narrower,
butachlor,,butachlor,https://lod.nal.usda.gov/nalt/20598,,True,skos:broader; skos:narrower,
cis-chlordane,c-chlordane; chlordane cis,"cis-chlordane (c-chlordane, chlordane cis)",https://lod.nal.usda.gov/nalt/213665,,True,skos:broader; skos:narrower,
clofop,,clofop,https://lod.nal.usda.gov/nalt/26941,,True,skos:broader; skos:narrower,
cloransulam,,cloransulam,https://lod.nal.usda.gov/nalt/26962,,True,skos:broader; skos:narrower,
cyhalofop,,cyhalofop,https://lod.nal.usda.gov/nalt/31122,,True,skos:broader; skos:narrower,
delachlor,,delachlor,https://lod.nal.usda.gov/nalt/32060,,True,skos:broader; skos:narrower,
diclofop,,diclofop,https://lod.nal.usda.gov/nalt/33227,,True,skos:broader; skos:narrower,
diclofop-methyl,"methyl (RS)-2-(4-(2,4-dichlorophenoxy)phenoxy)propanoate; methyl 2-(4-(2,4-dichlorophenoxy)phenoxy)propanoate","diclofop-methyl (methyl (RS)-2-(4-(2,4-dichlorophenoxy)phenoxy)propanoate, methyl 2-(4-(2,4-dichlorophenoxy)phenoxy)propanoate)",https://lod.nal.usda.gov/nalt/265298,,True,skos:broader; skos:narrower,
diethatyl,,diethatyl,https://lod.nal.usda.gov/nalt/25355,,True,skos:broader; skos:narrower,
dimethachlor,,dimethachlor,https://lod.nal.usda.gov/nalt/33652,,True,skos:broader; skos:narrower,
disease vectors,infectious disease vectors,disease vectors (infectious disease vectors),https://lod.nal.usda.gov/nalt/22673,,False,skos:related,
drug resistance,drug tolerance,drug resistance (drug tolerance),https://lod.nal.usda.gov/nalt/132,,False,skos:related,
endosulfan lactone,endolacton; endolactone; endosulfan-lacton,"endosulfan lactone (endolacton, endolactone, endosulfan-lacton)",https://lod.nal.usda.gov/nalt/324612,,True,skos:broader; skos:narrower,
endosulfan sulfate,endosulfan sulphate,endosulfan sulfate (endosulfan sulphate),https://lod.nal.usda.gov/nalt/213697,,True,skos:broader; skos:narrower,
fenoxaprop,,fenoxaprop,https://lod.nal.usda.gov/nalt/39829,,True,skos:broader; skos:narrower,
fluazifop,,fluazifop,https://lod.nal.usda.gov/nalt/40671,,True,skos:broader; skos:narrower,
fluazifop-P,fluazifop-P-butyl,fluazifop-P (fluazifop-P-butyl),https://lod.nal.usda.gov/nalt/40672,,True,skos:broader; skos:narrower,
food safety,food control; food protection; food safety control,"food safety (food control, food protection, food safety control)",https://lod.nal.usda.gov/nalt/10482,,False,skos:related,
food supply chain,food stores (regional/national supply),food supply chain (food stores (regional/national supply)),https://lod.nal.usda.gov/nalt/5303,,False,skos:related,
haloxyfop,,haloxyfop,https://lod.nal.usda.gov/nalt/44476,,True,skos:broader; skos:narrower,
mefenoxam,R-metalaxyl; metalaxyl-M; ridomil,"mefenoxam (R-metalaxyl, metalaxyl-M, ridomil)",https://lod.nal.usda.gov/nalt/234906,,True,skos:broader; skos:narrower,
meteorology and climatology,,meteorology and climatology,https://lod.nal.usda.gov/nalt/2716,,False,skos:related,
metolachlor,S-metolachlor; SMOC (S-metolachlor),"metolachlor (S-metolachlor, SMOC (S-metolachlor))",https://lod.nal.usda.gov/nalt/25357,,True,skos:broader; skos:narrower,
perfluidone,,perfluidone,https://lod.nal.usda.gov/nalt/45243,,True,skos:broader; skos:narrower,
piperonyl butoxide,,piperonyl butoxide,https://lod.nal.usda.gov/nalt/45396,,False,skos:related,
pretilachlor,,pretilachlor,https://lod.nal.usda.gov/nalt/25358,,True,skos:broader; skos:narrower,
propachlor,,propachlor,https://lod.nal.usda.gov/nalt/25359,,True,skos:broader; skos:narrower,
propaquizafop,,propaquizafop,https://lod.nal.usda.gov/nalt/124298,,True,skos:broader; skos:narrower,
prynachlor,,prynachlor,https://lod.nal.usda.gov/nalt/45255,,True,skos:broader; skos:narrower,
quizalofop,ethyl (2R)-2-(4-((6-chloroquinoxalin-2-yl)oxy)phenoxy)propionate; ethyl (2R)-2-(4-(6-chloranylquinoxalin-2-yl)oxyphenoxy)propanoate; ethyl (2R)-2-(4-(6-chloroquinoxalin-2-yl)oxyphenoxy)propanoate; quizalofop-ethyl; quizalofop-p-ethyl,"quizalofop (ethyl (2R)-2-(4-((6-chloroquinoxalin-2-yl)oxy)phenoxy)propionate, ethyl (2R)-2-(4-(6-chloranylquinoxalin-2-yl)oxyphenoxy)propanoate, ethyl (2R)-2-(4-(6-chloroquinoxalin-2-yl)oxyphenoxy)propanoate, quizalofop-ethyl, quizalofop-p-ethyl)",https://lod.nal.usda.gov/nalt/45261,,True,skos:broader; skos:narrower,
support systems,,support systems,https://lod.nal.usda.gov/nalt/4417,,False,skos:broader; skos:narrower,
synergism,,synergism,https://lod.nal.usda.gov/nalt/17302,,False,skos:related,
synergists,,synergists,https://lod.nal.usda.gov/nalt/255,,False,skos:related,
terbuchlor,,terbuchlor,https://lod.nal.usda.gov/nalt/45271,,True,skos:broader; skos:narrower,
trans-chlordane,chlordane trans; t-chlordane,"trans-chlordane (chlordane trans, t-chlordane)",https://lod.nal.usda.gov/nalt/213662,,True,skos:broader; skos:narrower,
xylachlor,,xylachlor,https://lod.nal.usda.gov/nalt/45286,,True,skos:broader; skos:narrower,
heterocyclic oxygen compounds,,heterocyclic oxygen compounds,https://lod.nal.usda.gov/nalt/33790,,False,skos:broader; skos:narrower,
metolachlor metabolites,,metolachlor metabolites,https://lod.nal.usda.gov/nalt/324690,,True,skos:broader; skos:narrower,
