row_id,legacy_row_id,seed_qid,seed_label,qid,label,target,prediction,classification,confidence,raw_prediction,raw_classification,raw_confidence,csv_depth,bfs_depth,parent_qid,parent_label,reaching_property,reaching_property_label,path
row374,Q105674|Q2312410,Q105674,running,Q2312410,sports discipline,1,1,INCLUDE,0.98,1,INCLUDE,0.98,1,1,Q105674,running,P31,instance of,running --instance of--> sports discipline
row375,Q105674|Q2167372,Q105674,running,Q2167372,mountain running,1,1,INCLUDE,0.97,1,INCLUDE,0.97,1,1,Q105674,running,(-)P279,has subclass,running --has subclass--> mountain running
row376,Q105674|Q3694563,Q105674,running,Q3694563,snowshoe running,1,1,INCLUDE,0.97,1,INCLUDE,0.97,1,1,Q105674,running,(-)P279,has subclass,running --has subclass--> snowshoe running
row377,Q105674|Q2093999,Q105674,running,Q2093999,trail running,1,1,INCLUDE,0.97,1,INCLUDE,0.97,1,1,Q105674,running,(-)P279,has subclass,running --has subclass--> trail running
row378,Q105674|Q349,Q105674,running,Q349,sport,1,1,INCLUDE,0.9,1,INCLUDE,0.9,1,1,Q105674,running,P279,subclass of,running --subclass of--> sport
row379,Q105674|Q12014207,Q105674,running,Q12014207,trekking,1,0,EXCLUDE,0.96,0,EXCLUDE,0.96,2,2,Q349,sport,(-)P279,has subclass,running --subclass of--> sport --has subclass--> trekking
row380,Q105674|Q902378,Q105674,running,Q902378,equestrian sport,0,0,EXCLUDE,0.98,0,EXCLUDE,0.98,2,2,Q349,sport,(-)P279,has subclass,running --subclass of--> sport --has subclass--> equestrian sport
row381,Q105674|Q212434,Q105674,running,Q212434,Olympic sport,1,0,EXCLUDE,0.95,0,EXCLUDE,0.95,2,2,Q349,sport,(-)P279,has subclass,running --subclass of--> sport --has subclass--> Olympic sport
row382,Q105674|Q17080486,Q105674,running,Q17080486,Twirling,0,0,EXCLUDE,0.99,0,EXCLUDE,0.99,2,2,Q349,sport,(-)P279,has subclass,running --subclass of--> sport --has subclass--> Twirling
row383,Q105674|Q792635,Q105674,running,Q792635,axe throwing,0,0,EXCLUDE,0.98,0,EXCLUDE,0.98,2,2,Q349,sport,(-)P279,has subclass,running --subclass of--> sport --has subclass--> axe throwing
row384,Q105674|Q15621650,Q105674,running,Q15621650,skiing,0,0,EXCLUDE,0.98,0,EXCLUDE,0.98,2,2,Q349,sport,(-)P279,has subclass,running --subclass of--> sport --has subclass--> skiing
row218,Q1060165|Q210167,Q1060165,Riot Games,Q210167,video game developer,1,1,INCLUDE,0.99,1,INCLUDE,0.99,1,1,Q1060165,Riot Games,P31,instance of,Riot Games --instance of--> video game developer
row219,Q11020|Q2312410,Q11020,pool,Q2312410,sports discipline,1,1,INCLUDE,0.98,1,INCLUDE,0.98,1,1,Q11020,pool,P31,instance of,pool --instance of--> sports discipline
row220,Q11020|Q3341285,Q11020,pool,Q3341285,cue sports,1,1,INCLUDE,0.96,1,INCLUDE,0.96,1,1,Q11020,pool,P279,subclass of,pool --subclass of--> cue sports
row221,Q11020|Q2060479,Q11020,pool,Q2060479,eight-ball,1,1,INCLUDE,0.95,1,INCLUDE,0.95,1,1,Q11020,pool,(-)P279,has subclass,pool --has subclass--> eight-ball
row222,Q11020|Q5179579,Q11020,pool,Q5179579,Cowboy pool,1,0,EXCLUDE,0.93,0,EXCLUDE,0.93,1,1,Q11020,pool,(-)P279,has subclass,pool --has subclass--> Cowboy pool
row223,Q11020|Q10526896,Q11020,pool,Q10526896,Hugg,0,0,EXCLUDE,0.94,0,EXCLUDE,0.94,2,2,Q2312410,sports discipline,(-)P279,has subclass,pool --instance of--> sports discipline --has subclass--> Hugg
row224,Q11020|Q94619648,Q11020,pool,Q94619648,women's team pursuit,0,0,EXCLUDE,0.94,0,EXCLUDE,0.94,2,2,Q2312410,sports discipline,(-)P279,has subclass,pool --instance of--> sports discipline --has subclass--> women's team pursuit
row225,Q11020|Q917562,Q11020,pool,Q917562,carom billiards,1,1,INCLUDE,0.9,1,INCLUDE,0.9,2,2,Q3341285,cue sports,(-)P279,has subclass,pool --subclass of--> cue sports --has subclass--> carom billiards
row226,Q11020|Q40679812,Q11020,pool,Q40679812,running target shooting,0,0,EXCLUDE,0.93,0,EXCLUDE,0.93,2,2,Q2312410,sports discipline,(-)P279,has subclass,pool --instance of--> sports discipline --has subclass--> running target shooting
row227,Q11020|Q96679888,Q11020,pool,Q96679888,sport discipline at a sport event,0,0,EXCLUDE,0.98,0,EXCLUDE,0.98,2,2,Q2312410,sports discipline,(-)P279,has subclass,pool --instance of--> sports discipline --has subclass--> sport discipline at a sport event
row228,Q11020|Q2072840,Q11020,pool,Q2072840,CrossFit,0,0,EXCLUDE,0.99,0,EXCLUDE,0.99,2,2,Q2312410,sports discipline,(-)P279,has subclass,pool --instance of--> sports discipline --has subclass--> CrossFit
row229,Q11020|Q27907674,Q11020,pool,Q27907674,girls' singles,0,0,EXCLUDE,0.99,0,EXCLUDE,0.99,2,2,Q2312410,sports discipline,(-)P279,has subclass,pool --instance of--> sports discipline --has subclass--> girls' singles
row230,Q11020|Q5100758,Q11020,pool,Q5100758,Chinese eight-ball,1,1,INCLUDE,0.97,1,INCLUDE,0.97,2,2,Q2060479,eight-ball,(-)P279,has subclass,pool --has subclass--> eight-ball --has subclass--> Chinese eight-ball
row231,Q11020|Q4208733,Q11020,pool,Q4208733,Kaisa,1,1,INCLUDE,0.96,1,INCLUDE,0.96,2,2,Q3341285,cue sports,(-)P279,has subclass,pool --subclass of--> cue sports --has subclass--> Kaisa
row232,Q11020|Q52177345,Q11020,pool,Q52177345,field sport,0,0,EXCLUDE,0.97,0,EXCLUDE,0.97,2,2,Q2312410,sports discipline,(-)P279,has subclass,pool --instance of--> sports discipline --has subclass--> field sport
row233,Q11020|Q11015,Q11020,pool,Q11015,snooker,1,1,INCLUDE,0.98,1,INCLUDE,0.98,2,2,Q3341285,cue sports,(-)P279,has subclass,pool --subclass of--> cue sports --has subclass--> snooker
row234,Q11020|Q27907692,Q11020,pool,Q27907692,girls' doubles,0,0,EXCLUDE,0.99,0,EXCLUDE,0.99,2,2,Q2312410,sports discipline,(-)P279,has subclass,pool --instance of--> sports discipline --has subclass--> girls' doubles
row235,Q11020|Q455347,Q11020,pool,Q455347,variation of basketball,0,0,EXCLUDE,0.98,0,EXCLUDE,0.98,2,2,Q2312410,sports discipline,(-)P279,has subclass,pool --instance of--> sports discipline --has subclass--> variation of basketball
row236,Q11020|Q94620117,Q11020,pool,Q94620117,men's team pursuit,0,0,EXCLUDE,0.99,0,EXCLUDE,0.99,2,2,Q2312410,sports discipline,(-)P279,has subclass,pool --instance of--> sports discipline --has subclass--> men's team pursuit
row237,Q11020|Q5580558,Q11020,pool,Q5580558,golf billiards,1,1,INCLUDE,0.96,1,INCLUDE,0.96,2,2,Q3341285,cue sports,(-)P279,has subclass,pool --subclass of--> cue sports --has subclass--> golf billiards
row238,Q11020|Q677423,Q11020,pool,Q677423,drifting,0,0,EXCLUDE,0.99,0,EXCLUDE,0.99,2,2,Q2312410,sports discipline,(-)P279,has subclass,pool --instance of--> sports discipline --has subclass--> drifting
row239,Q11020|Q5728609,Q11020,pool,Q5728609,spanish pool,1,1,INCLUDE,0.97,1,INCLUDE,0.97,2,2,Q3341285,cue sports,(-)P279,has subclass,pool --subclass of--> cue sports --has subclass--> spanish pool
row240,Q11020|Q50386068,Q11020,pool,Q50386068,youth mixed doubles,0,0,EXCLUDE,0.99,0,EXCLUDE,0.99,2,2,Q2312410,sports discipline,(-)P279,has subclass,pool --instance of--> sports discipline --has subclass--> youth mixed doubles
row241,Q11020|Q27907702,Q11020,pool,Q27907702,boys' singles,0,0,EXCLUDE,0.99,0,EXCLUDE,0.99,2,2,Q2312410,sports discipline,(-)P279,has subclass,pool --instance of--> sports discipline --has subclass--> boys' singles
row243,Q11020|Q967318,Q11020,pool,Q967318,Blackball,1,1,INCLUDE,0.98,1,INCLUDE,0.98,2,2,Q3341285,cue sports,(-)P279,has subclass,pool --subclass of--> cue sports --has subclass--> Blackball
row244,Q11020|Q27907716,Q11020,pool,Q27907716,boys' doubles,0,0,EXCLUDE,0.99,0,EXCLUDE,0.99,2,2,Q2312410,sports discipline,(-)P279,has subclass,pool --instance of--> sports discipline --has subclass--> boys' doubles
row245,Q11020|Q1324916,Q11020,pool,Q1324916,English billiards,1,1,INCLUDE,0.97,1,INCLUDE,0.97,2,2,Q3341285,cue sports,(-)P279,has subclass,pool --subclass of--> cue sports --has subclass--> English billiards
row247,Q11020|Q2165733,Q11020,pool,Q2165733,Snooker plus,1,1,INCLUDE,0.95,1,INCLUDE,0.95,3,3,Q11015,snooker,(-)P279,has subclass,pool --subclass of--> cue sports --has subclass--> snooker --has subclass--> Snooker plus
row248,Q11020|Q512270,Q11020,pool,Q512270,Five-pin billiards,1,1,INCLUDE,0.9,1,INCLUDE,0.9,3,3,Q917562,carom billiards,(-)P279,has subclass,pool --subclass of--> cue sports --has subclass--> carom billiards --has subclass--> Five-pin billiards
row95,Q1139866|Q7889,Q1139866,Dofus,Q7889,video game,1,1,INCLUDE,0.99,1,INCLUDE,0.99,1,1,Q1139866,Dofus,P31,instance of,Dofus --instance of--> video game
row100,Q1139866|Q89691527,Q1139866,Dofus,Q89691527,Xbox Original,0,0,EXCLUDE,0.99,0,EXCLUDE,0.99,2,2,Q7889,video game,(-)P279,has subclass,Dofus --instance of--> video game --has subclass--> Xbox Original
row101,Q1139866|Q65073088,Q1139866,Dofus,Q65073088,Nintendo Gateway System,0,0,EXCLUDE,0.99,0,EXCLUDE,0.99,2,2,Q7889,video game,(-)P279,has subclass,Dofus --instance of--> video game --has subclass--> Nintendo Gateway System
row102,Q1139866|Q67016067,Q1139866,Dofus,Q67016067,card battle video game,0,0,EXCLUDE,0.91,0,EXCLUDE,0.91,2,2,Q7889,video game,(-)P279,has subclass,Dofus --instance of--> video game --has subclass--> card battle video game
row103,Q1139866|Q6895044,Q1139866,Dofus,Q6895044,multiplayer video game,1,0,EXCLUDE,0.9,0,EXCLUDE,0.9,2,2,Q7889,video game,(-)P279,has subclass,Dofus --instance of--> video game --has subclass--> multiplayer video game
row104,Q1139866|Q7927920,Q1139866,Dofus,Q7927920,video games in education,0,0,EXCLUDE,0.97,0,EXCLUDE,0.97,2,2,Q7889,video game,(-)P279,has subclass,Dofus --instance of--> video game --has subclass--> video games in education
row105,Q1139866|Q28004621,Q1139866,Dofus,Q28004621,SMS TV game,0,0,EXCLUDE,0.99,0,EXCLUDE,0.99,2,2,Q7889,video game,(-)P279,has subclass,Dofus --instance of--> video game --has subclass--> SMS TV game
row106,Q1139866|Q116634,Q1139866,Dofus,Q116634,online game,1,0,EXCLUDE,0.88,0,EXCLUDE,0.88,2,2,Q7889,video game,(-)P279,has subclass,Dofus --instance of--> video game --has subclass--> online game
row107,Q1139866|Q958821,Q1139866,Dofus,Q958821,LucasArts adventure games,0,0,EXCLUDE,0.98,0,EXCLUDE,0.98,2,2,Q7889,video game,(-)P279,has subclass,Dofus --instance of--> video game --has subclass--> LucasArts adventure games
row109,Q1139866|Q14411698,Q1139866,Dofus,Q14411698,romance game,0,0,EXCLUDE,0.98,0,EXCLUDE,0.98,2,2,Q7889,video game,(-)P279,has subclass,Dofus --instance of--> video game --has subclass--> romance game
row110,Q1139866|Q78444225,Q1139866,Dofus,Q78444225,Star Trek video game,0,0,EXCLUDE,0.99,0,EXCLUDE,0.99,2,2,Q7889,video game,(-)P279,has subclass,Dofus --instance of--> video game --has subclass--> Star Trek video game
row96,Q1139866|Q55588631,Q1139866,Dofus,Q55588631,Pokémon video game,0,0,EXCLUDE,0.92,0,EXCLUDE,0.92,2,2,Q7889,video game,(-)P279,has subclass,Dofus --instance of--> video game --has subclass--> Pokémon video game
row97,Q1139866|Q54767,Q1139866,Dofus,Q54767,puzzle video game,0,0,EXCLUDE,0.93,0,EXCLUDE,0.93,2,2,Q7889,video game,(-)P279,has subclass,Dofus --instance of--> video game --has subclass--> puzzle video game
row98,Q1139866|Q16021388,Q1139866,Dofus,Q16021388,alien video game,0,0,EXCLUDE,0.96,0,EXCLUDE,0.96,2,2,Q7889,video game,(-)P279,has subclass,Dofus --instance of--> video game --has subclass--> alien video game
row99,Q1139866|Q4485157,Q1139866,Dofus,Q4485157,PC game,1,0,EXCLUDE,0.95,0,EXCLUDE,0.95,2,2,Q7889,video game,(-)P279,has subclass,Dofus --instance of--> video game --has subclass--> PC game
row868,Q1146208|Q13582798,Q1146208,Institut National de Recherche en Informatique et en Automatique,Q13582798,Public Scientific and Technical Research Establishment,1,1,INCLUDE,0.99,1,INCLUDE,0.99,1,1,Q1146208,Institut National de Recherche en Informatique et en Automatique,P31,instance of,Institut National de Recherche en Informatique et en Automatique --instance of--> Public Scientific and Technical Research Establishment
row263,Q1152227|Q28598684,Q1152227,pharmacogenomics,Q28598684,branch of biology,1,1,INCLUDE,0.95,1,INCLUDE,0.95,1,1,Q1152227,pharmacogenomics,P31,instance of,pharmacogenomics --instance of--> branch of biology
row264,Q1152227|Q222046,Q1152227,pharmacogenomics,Q222046,genomics,1,1,INCLUDE,0.99,1,INCLUDE,0.99,1,1,Q1152227,pharmacogenomics,P279,subclass of,pharmacogenomics --subclass of--> genomics
row266,Q1152227|Q841450,Q1152227,pharmacogenomics,Q841450,toxicogenomics,1,0,EXCLUDE,0.94,0,EXCLUDE,0.94,2,2,Q222046,genomics,(-)P279,has subclass,pharmacogenomics --subclass of--> genomics --has subclass--> toxicogenomics
row267,Q1152227|Q1147112,Q1152227,pharmacogenomics,Q1147112,comparative genomics,1,0,EXCLUDE,0.95,0,EXCLUDE,0.95,2,2,Q222046,genomics,(-)P279,has subclass,pharmacogenomics --subclass of--> genomics --has subclass--> comparative genomics
row268,Q1152227|Q3381973,Q1152227,pharmacogenomics,Q3381973,phylogenomics,0,0,EXCLUDE,0.92,0,EXCLUDE,0.92,2,2,Q222046,genomics,(-)P279,has subclass,pharmacogenomics --subclass of--> genomics --has subclass--> phylogenomics
row269,Q1152227|Q104193250,Q1152227,pharmacogenomics,Q104193250,branch of ecology,0,0,EXCLUDE,0.99,0,EXCLUDE,0.99,2,2,Q28598684,branch of biology,(-)P279,has subclass,pharmacogenomics --instance of--> branch of biology --has subclass--> branch of ecology
row270,Q1152227|Q17002728,Q1152227,pharmacogenomics,Q17002728,branch of botany,0,0,EXCLUDE,0.99,0,EXCLUDE,0.99,2,2,Q28598684,branch of biology,(-)P279,has subclass,pharmacogenomics --instance of--> branch of biology --has subclass--> branch of botany
row272,Q1152227|Q2091816,Q1152227,pharmacogenomics,Q2091816,computational genomics,1,1,INCLUDE,0.96,1,INCLUDE,0.96,2,2,Q222046,genomics,(-)P279,has subclass,pharmacogenomics --subclass of--> genomics --has subclass--> computational genomics
row273,Q1152227|Q7322390,Q1152227,pharmacogenomics,Q7322390,ribonomics,1,1,INCLUDE,0.88,1,INCLUDE,0.88,2,2,Q222046,genomics,(-)P279,has subclass,pharmacogenomics --subclass of--> genomics --has subclass--> ribonomics
row274,Q1152227|Q1068690,Q1152227,pharmacogenomics,Q1068690,functional genomics,1,1,INCLUDE,0.97,1,INCLUDE,0.97,2,2,Q222046,genomics,(-)P279,has subclass,pharmacogenomics --subclass of--> genomics --has subclass--> functional genomics
row275,Q1152227|Q7170583,Q1152227,pharmacogenomics,Q7170583,personal genomics,1,1,INCLUDE,0.98,1,INCLUDE,0.98,2,2,Q222046,genomics,(-)P279,has subclass,pharmacogenomics --subclass of--> genomics --has subclass--> personal genomics
row276,Q1152227|Q903778,Q1152227,pharmacogenomics,Q903778,metagenomics,1,1,INCLUDE,0.96,1,INCLUDE,0.96,2,2,Q222046,genomics,(-)P279,has subclass,pharmacogenomics --subclass of--> genomics --has subclass--> metagenomics
row277,Q1152227|Q104415895,Q1152227,pharmacogenomics,Q104415895,branch of paleontology,0,0,EXCLUDE,0.99,0,EXCLUDE,0.99,2,2,Q28598684,branch of biology,(-)P279,has subclass,pharmacogenomics --instance of--> branch of biology --has subclass--> branch of paleontology
row278,Q1152227|Q25303637,Q1152227,pharmacogenomics,Q25303637,neurogenomics,1,1,INCLUDE,0.9,1,INCLUDE,0.9,3,3,Q1068690,functional genomics,(-)P279,has subclass,pharmacogenomics --subclass of--> genomics --has subclass--> functional genomics --has subclass--> neurogenomics
row400,Q118398|Q5281480,Q118398,arXiv,Q5281480,disciplinary repository,1,1,INCLUDE,0.98,1,INCLUDE,0.98,1,1,Q118398,arXiv,P31,instance of,arXiv --instance of--> disciplinary repository
row401,Q118398|Q35127,Q118398,arXiv,Q35127,website,1,1,INCLUDE,0.99,1,INCLUDE,0.99,1,1,Q118398,arXiv,P31,instance of,arXiv --instance of--> website
row402,Q118398|Q7094076,Q118398,arXiv,Q7094076,online database,1,1,INCLUDE,0.98,1,INCLUDE,0.98,1,1,Q118398,arXiv,P31,instance of,arXiv --instance of--> online database
row403,Q118398|Q52990223,Q118398,arXiv,Q52990223,open science tool,1,0,EXCLUDE,0.92,0,EXCLUDE,0.92,1,1,Q118398,arXiv,P31,instance of,arXiv --instance of--> open science tool
row404,Q118398|Q45787211,Q118398,arXiv,Q45787211,preprint server,1,1,INCLUDE,0.99,1,INCLUDE,0.99,1,1,Q118398,arXiv,P31,instance of,arXiv --instance of--> preprint server
row405,Q118398|Q16002093,Q118398,arXiv,Q16002093,video aggregator,0,0,EXCLUDE,0.95,0,EXCLUDE,0.95,2,2,Q35127,website,(-)P279,has subclass,arXiv --instance of--> website --has subclass--> video aggregator
row406,Q118398|Q1294318,Q118398,arXiv,Q1294318,online book,0,0,EXCLUDE,0.97,0,EXCLUDE,0.97,2,2,Q35127,website,(-)P279,has subclass,arXiv --instance of--> website --has subclass--> online book
row407,Q118398|Q21606686,Q118398,arXiv,Q21606686,scientific website,1,1,INCLUDE,0.95,1,INCLUDE,0.95,2,2,Q35127,website,(-)P279,has subclass,arXiv --instance of--> website --has subclass--> scientific website
row408,Q118398|Q213369,Q118398,arXiv,Q213369,webcomic,0,0,EXCLUDE,0.99,0,EXCLUDE,0.99,2,2,Q35127,website,(-)P279,has subclass,arXiv --instance of--> website --has subclass--> webcomic
row409,Q118398|Q6542714,Q118398,arXiv,Q6542714,library website,1,0,EXCLUDE,0.93,0,EXCLUDE,0.93,2,2,Q35127,website,(-)P279,has subclass,arXiv --instance of--> website --has subclass--> library website
row410,Q118398|Q33270324,Q118398,arXiv,Q33270324,genealogy website,0,0,EXCLUDE,0.99,0,EXCLUDE,0.99,2,2,Q35127,website,(-)P279,has subclass,arXiv --instance of--> website --has subclass--> genealogy website
row411,Q118398|Q107316103,Q118398,arXiv,Q107316103,developer website,0,0,EXCLUDE,0.96,0,EXCLUDE,0.96,2,2,Q35127,website,(-)P279,has subclass,arXiv --instance of--> website --has subclass--> developer website
row412,Q118398|Q1350108,Q118398,arXiv,Q1350108,fansite,0,0,EXCLUDE,0.98,0,EXCLUDE,0.98,2,2,Q35127,website,(-)P279,has subclass,arXiv --instance of--> website --has subclass--> fansite
row413,Q118398|Q16001076,Q118398,arXiv,Q16001076,3D printing marketplace,0,0,EXCLUDE,0.99,0,EXCLUDE,0.99,2,2,Q35127,website,(-)P279,has subclass,arXiv --instance of--> website --has subclass--> 3D printing marketplace
row81,Q1199743|Q2835765,Q1199743,gradient descent,Q2835765,optimization algorithm,1,1,INCLUDE,0.98,1,INCLUDE,0.98,1,1,Q1199743,gradient descent,P31,instance of,gradient descent --instance of--> optimization algorithm
row82,Q1199743|Q29410287,Q1199743,gradient descent,Q29410287,Adam optimizer,1,1,INCLUDE,0.99,1,INCLUDE,0.99,1,1,Q1199743,gradient descent,(-)P279,has subclass,gradient descent --has subclass--> Adam optimizer
row83,Q1199743|Q2321565,Q1199743,gradient descent,Q2321565,iterative numerical method,1,1,INCLUDE,0.93,1,INCLUDE,0.93,1,1,Q1199743,gradient descent,P31,instance of,gradient descent --instance of--> iterative numerical method
row84,Q1199743|Q7617819,Q1199743,gradient descent,Q7617819,stochastic gradient descent,1,1,INCLUDE,0.99,1,INCLUDE,0.99,1,1,Q1199743,gradient descent,(-)P279,has subclass,gradient descent --has subclass--> stochastic gradient descent
row85,Q1199743|Q56506809,Q1199743,gradient descent,Q56506809,implicit method,0,1,INCLUDE,0.84,1,INCLUDE,0.84,2,2,Q2321565,iterative numerical method,(-)P279,has subclass,gradient descent --instance of--> iterative numerical method --has subclass--> implicit method
row86,Q1199743|Q1476018,Q1199743,gradient descent,Q1476018,Quasi-Newton method,0,1,INCLUDE,0.86,1,INCLUDE,0.86,2,2,Q2835765,optimization algorithm,(-)P279,has subclass,gradient descent --instance of--> optimization algorithm --has subclass--> Quasi-Newton method
row87,Q1199743|Q14489129,Q1199743,gradient descent,Q14489129,evolutionary algorithm,0,0,EXCLUDE,0.92,0,EXCLUDE,0.92,2,2,Q2835765,optimization algorithm,(-)P279,has subclass,gradient descent --instance of--> optimization algorithm --has subclass--> evolutionary algorithm
row88,Q1199743|Q4380101,Q1199743,gradient descent,Q4380101,projection methods for solving system of linear equations,0,0,EXCLUDE,0.9,0,EXCLUDE,0.9,2,2,Q2321565,iterative numerical method,(-)P279,has subclass,gradient descent --instance of--> iterative numerical method --has subclass--> projection methods for solving system of linear equations
row89,Q1199743|Q1790321,Q1199743,gradient descent,Q1790321,Krylov subspace methods,0,0,EXCLUDE,0.9,0,EXCLUDE,0.9,2,2,Q2321565,iterative numerical method,(-)P279,has subclass,gradient descent --instance of--> iterative numerical method --has subclass--> Krylov subspace methods
row840,Q1200183|Q121359,Q1200183,Fiber to the home,Q121359,infrastructure,1,1,INCLUDE,0.95,1,INCLUDE,0.95,1,1,Q1200183,Fiber to the home,P279,subclass of,Fiber to the home --subclass of--> infrastructure
row841,Q1200183|Q586034,Q1200183,Fiber to the home,Q586034,Fiber to the x,1,1,INCLUDE,0.97,1,INCLUDE,0.97,1,1,Q1200183,Fiber to the home,P279,subclass of,Fiber to the home --subclass of--> Fiber to the x
row842,Q1200183|Q7257917,Q1200183,Fiber to the home,Q7257917,Public infrastructure,1,0,EXCLUDE,0.9,0,EXCLUDE,0.9,2,2,Q121359,infrastructure,(-)P279,has subclass,Fiber to the home --subclass of--> infrastructure --has subclass--> Public infrastructure
row843,Q1200183|Q594593,Q1200183,Fiber to the home,Q594593,IT infrastructure,1,1,INCLUDE,0.86,1,INCLUDE,0.86,2,2,Q121359,infrastructure,(-)P279,has subclass,Fiber to the home --subclass of--> infrastructure --has subclass--> IT infrastructure
row844,Q1200183|Q1438053,Q1200183,Fiber to the home,Q1438053,research infrastructure,0,0,EXCLUDE,0.89,0,EXCLUDE,0.89,2,2,Q121359,infrastructure,(-)P279,has subclass,Fiber to the home --subclass of--> infrastructure --has subclass--> research infrastructure
row845,Q1200183|Q1817119,Q1200183,Fiber to the home,Q1817119,ICT infrastructure,0,1,INCLUDE,0.84,1,INCLUDE,0.84,2,2,Q121359,infrastructure,(-)P279,has subclass,Fiber to the home --subclass of--> infrastructure --has subclass--> ICT infrastructure
row846,Q1200183|Q108792154,Q1200183,Fiber to the home,Q108792154,hydro-electric power scheme,0,0,EXCLUDE,0.98,0,EXCLUDE,0.98,2,2,Q121359,infrastructure,(-)P279,has subclass,Fiber to the home --subclass of--> infrastructure --has subclass--> hydro-electric power scheme
row847,Q1200183|Q3456887,Q1200183,Fiber to the home,Q3456887,logistic network,0,0,EXCLUDE,0.96,0,EXCLUDE,0.96,2,2,Q121359,infrastructure,(-)P279,has subclass,Fiber to the home --subclass of--> infrastructure --has subclass--> logistic network
row848,Q1200183|Q15411548,Q1200183,Fiber to the home,Q15411548,computing infrastructure,0,0,EXCLUDE,0.95,0,EXCLUDE,0.95,2,2,Q121359,infrastructure,(-)P279,has subclass,Fiber to the home --subclass of--> infrastructure --has subclass--> computing infrastructure
row849,Q1200183|Q1144084,Q1200183,Fiber to the home,Q1144084,utility pole,0,0,EXCLUDE,0.94,0,EXCLUDE,0.94,2,2,Q121359,infrastructure,(-)P279,has subclass,Fiber to the home --subclass of--> infrastructure --has subclass--> utility pole
row850,Q1200183|Q10677200,Q1200183,Fiber to the home,Q10677200,municipal broadband,0,0,EXCLUDE,0.88,0,EXCLUDE,0.88,2,2,Q121359,infrastructure,(-)P279,has subclass,Fiber to the home --subclass of--> infrastructure --has subclass--> municipal broadband
row343,Q12014035|Q2357239,Q12014035,hiking,Q2357239,sports tourism,1,0,EXCLUDE,0.92,0,EXCLUDE,0.92,1,1,Q12014035,hiking,P279,subclass of,hiking --subclass of--> sports tourism
row344,Q12014035|Q1914636,Q12014035,hiking,Q1914636,activity,1,1,INCLUDE,0.98,1,INCLUDE,0.98,1,1,Q12014035,hiking,P31,instance of,hiking --instance of--> activity
row345,Q12014035|Q968907,Q12014035,hiking,Q968907,outdoor recreation,1,1,INCLUDE,0.97,1,INCLUDE,0.97,1,1,Q12014035,hiking,P279,subclass of,hiking --subclass of--> outdoor recreation
row346,Q12014035|Q184872,Q12014035,hiking,Q184872,recreation,1,1,INCLUDE,0.95,1,INCLUDE,0.95,1,1,Q12014035,hiking,P279,subclass of,hiking --subclass of--> recreation
row347,Q12014035|Q349,Q12014035,hiking,Q349,sport,1,0,EXCLUDE,0.93,0,EXCLUDE,0.93,1,1,Q12014035,hiking,P279,subclass of,hiking --subclass of--> sport
row348,Q12014035|Q6537379,Q12014035,hiking,Q6537379,walking,1,0,EXCLUDE,0.9,0,EXCLUDE,0.9,1,1,Q12014035,hiking,P279,subclass of,hiking --subclass of--> walking
row349,Q12014035|Q61788060,Q12014035,hiking,Q61788060,human activity,1,1,INCLUDE,0.91,1,INCLUDE,0.91,1,1,Q12014035,hiking,P279,subclass of,hiking --subclass of--> human activity
row350,Q12014035|Q747883,Q12014035,hiking,Q747883,physical activity,1,0,PRUNED_BY_ANCESTOR,,0,EXCLUDE,0.89,2,2,Q349,sport,P279,subclass of,hiking --subclass of--> sport --subclass of--> physical activity
row500,Q12130|Q3502482,Q12130,Brittany,Q3502482,cultural region,1,1,INCLUDE,0.98,1,INCLUDE,0.98,1,1,Q12130,Brittany,P31,instance of,Brittany --instance of--> cultural region
row501,Q12130|Q36784,Q12130,Brittany,Q36784,region of France,1,1,INCLUDE,0.97,1,INCLUDE,0.97,1,1,Q12130,Brittany,P31,instance of,Brittany --instance of--> region of France
row502,Q12130|Q42261736,Q12130,Brittany,Q42261736,cultural areas of indigenous North Americans,0,0,EXCLUDE,0.99,0,EXCLUDE,0.99,2,2,Q3502482,cultural region,(-)P279,has subclass,Brittany --instance of--> cultural region --has subclass--> cultural areas of indigenous North Americans
row504,Q12130|Q28332,Q12130,Brittany,Q28332,overseas region,0,0,EXCLUDE,0.93,0,EXCLUDE,0.93,2,2,Q36784,region of France,(-)P279,has subclass,Brittany --instance of--> region of France --has subclass--> overseas region
row505,Q12130|Q20719642,Q12130,Brittany,Q20719642,current region of France,1,0,EXCLUDE,0.91,0,EXCLUDE,0.91,2,2,Q36784,region of France,(-)P279,has subclass,Brittany --instance of--> region of France --has subclass--> current region of France
row48,Q121416|Q1936384,Q121416,discrete mathematics,Q1936384,area of mathematics,1,1,INCLUDE,0.98,1,INCLUDE,0.98,1,1,Q121416,discrete mathematics,P279,subclass of,discrete mathematics --subclass of--> area of mathematics
row49,Q121416|Q92552,Q121416,discrete mathematics,Q92552,Galois theory,1,0,EXCLUDE,0.96,0,EXCLUDE,0.96,2,2,Q1936384,area of mathematics,(-)P279,has subclass,discrete mathematics --subclass of--> area of mathematics --has subclass--> Galois theory
row50,Q121416|Q621550,Q121416,discrete mathematics,Q621550,general topology,1,0,EXCLUDE,0.97,0,EXCLUDE,0.97,2,2,Q1936384,area of mathematics,(-)P279,has subclass,discrete mathematics --subclass of--> area of mathematics --has subclass--> general topology
row51,Q121416|Q3968,Q121416,discrete mathematics,Q3968,algebra,1,0,EXCLUDE,0.94,0,EXCLUDE,0.94,2,2,Q1936384,area of mathematics,(-)P279,has subclass,discrete mathematics --subclass of--> area of mathematics --has subclass--> algebra
row52,Q121416|Q21028313,Q121416,discrete mathematics,Q21028313,global analysis,1,0,EXCLUDE,0.98,0,EXCLUDE,0.98,2,2,Q1936384,area of mathematics,(-)P279,has subclass,discrete mathematics --subclass of--> area of mathematics --has subclass--> global analysis
row53,Q121416|Q3532114,Q121416,discrete mathematics,Q3532114,combinatorial topology,1,0,EXCLUDE,0.91,0,EXCLUDE,0.91,2,2,Q1936384,area of mathematics,(-)P279,has subclass,discrete mathematics --subclass of--> area of mathematics --has subclass--> combinatorial topology
row54,Q121416|Q56313053,Q121416,discrete mathematics,Q56313053,Additive combinatorics,1,1,INCLUDE,0.97,1,INCLUDE,0.97,2,2,Q1936384,area of mathematics,(-)P279,has subclass,discrete mathematics --subclass of--> area of mathematics --has subclass--> Additive combinatorics
row55,Q121416|Q1208658,Q121416,discrete mathematics,Q1208658,ring theory,1,0,EXCLUDE,0.96,0,EXCLUDE,0.96,2,2,Q1936384,area of mathematics,(-)P279,has subclass,discrete mathematics --subclass of--> area of mathematics --has subclass--> ring theory
row56,Q121416|Q76592,Q121416,discrete mathematics,Q76592,combinatorics,1,1,INCLUDE,0.99,1,INCLUDE,0.99,2,2,Q1936384,area of mathematics,(-)P279,has subclass,discrete mathematics --subclass of--> area of mathematics --has subclass--> combinatorics
row57,Q121416|Q212803,Q121416,discrete mathematics,Q212803,algebraic topology,1,0,EXCLUDE,0.94,0,EXCLUDE,0.94,2,2,Q1936384,area of mathematics,(-)P279,has subclass,discrete mathematics --subclass of--> area of mathematics --has subclass--> algebraic topology
row58,Q121416|Q177409,Q121416,discrete mathematics,Q177409,projective geometry,1,0,EXCLUDE,0.95,0,EXCLUDE,0.95,2,2,Q1936384,area of mathematics,(-)P279,has subclass,discrete mathematics --subclass of--> area of mathematics --has subclass--> projective geometry
row59,Q121416|Q7825032,Q121416,discrete mathematics,Q7825032,topological dynamics,1,0,EXCLUDE,0.97,0,EXCLUDE,0.97,2,2,Q1936384,area of mathematics,(-)P279,has subclass,discrete mathematics --subclass of--> area of mathematics --has subclass--> topological dynamics
row60,Q121416|Q2746792,Q121416,discrete mathematics,Q2746792,noncommutative geometry,1,0,EXCLUDE,0.93,0,EXCLUDE,0.93,2,2,Q1936384,area of mathematics,(-)P279,has subclass,discrete mathematics --subclass of--> area of mathematics --has subclass--> noncommutative geometry
row61,Q121416|Q1317202,Q121416,discrete mathematics,Q1317202,Hodge theory,1,0,EXCLUDE,0.98,0,EXCLUDE,0.98,2,2,Q1936384,area of mathematics,(-)P279,has subclass,discrete mathematics --subclass of--> area of mathematics --has subclass--> Hodge theory
row62,Q121416|Q61793851,Q121416,discrete mathematics,Q61793851,noncommutative algebra,1,0,EXCLUDE,0.95,0,EXCLUDE,0.95,2,2,Q1936384,area of mathematics,(-)P279,has subclass,discrete mathematics --subclass of--> area of mathematics --has subclass--> noncommutative algebra
row63,Q121416|Q190549,Q121416,discrete mathematics,Q190549,functional analysis,1,0,EXCLUDE,0.98,0,EXCLUDE,0.98,2,2,Q1936384,area of mathematics,(-)P279,has subclass,discrete mathematics --subclass of--> area of mathematics --has subclass--> functional analysis
row705,Q1224715|Q193424,Q1224715,dblp computer science bibliography,Q193424,web service,1,1,INCLUDE,0.98,1,INCLUDE,0.98,1,1,Q1224715,dblp computer science bibliography,P31,instance of,dblp computer science bibliography --instance of--> web service
row706,Q1224715|Q35127,Q1224715,dblp computer science bibliography,Q35127,website,1,1,INCLUDE,0.97,1,INCLUDE,0.97,1,1,Q1224715,dblp computer science bibliography,P31,instance of,dblp computer science bibliography --instance of--> website
row707,Q1224715|Q43229,Q1224715,dblp computer science bibliography,Q43229,organization,1,0,EXCLUDE,0.99,0,EXCLUDE,0.99,1,1,Q1224715,dblp computer science bibliography,P31,instance of,dblp computer science bibliography --instance of--> organization
row708,Q1224715|Q1789476,Q1224715,dblp computer science bibliography,Q1789476,bibliographic database,1,1,INCLUDE,0.99,1,INCLUDE,0.99,1,1,Q1224715,dblp computer science bibliography,P31,instance of,dblp computer science bibliography --instance of--> bibliographic database
row709,Q1224715|Q19967801,Q1224715,dblp computer science bibliography,Q19967801,online service,1,1,INCLUDE,0.96,1,INCLUDE,0.96,2,2,Q35127,website,P279,subclass of,dblp computer science bibliography --instance of--> website --subclass of--> online service
row710,Q1224715|Q27881073,Q1224715,dblp computer science bibliography,Q27881073,fake news website,0,0,EXCLUDE,0.99,0,EXCLUDE,0.99,2,2,Q35127,website,(-)P279,has subclass,dblp computer science bibliography --instance of--> website --has subclass--> fake news website
row711,Q1224715|Q1482252,Q1224715,dblp computer science bibliography,Q1482252,Semantic Web Service,0,0,EXCLUDE,0.92,0,EXCLUDE,0.92,2,2,Q193424,web service,(-)P279,has subclass,dblp computer science bibliography --instance of--> web service --has subclass--> Semantic Web Service
row712,Q1224715|Q25380332,Q1224715,dblp computer science bibliography,Q25380332,Kiev Archaeographic Commission,0,0,PRUNED_BY_ANCESTOR,,0,EXCLUDE,0.97,2,2,Q43229,organization,(-)P279,has subclass,dblp computer science bibliography --instance of--> organization --has subclass--> Kiev Archaeographic Commission
row713,Q1224715|Q1149226,Q1224715,dblp computer science bibliography,Q1149226,web chat,0,0,EXCLUDE,0.92,0,EXCLUDE,0.92,2,2,Q193424,web service,(-)P279,has subclass,dblp computer science bibliography --instance of--> web service --has subclass--> web chat
row714,Q1224715|Q20653619,Q1224715,dblp computer science bibliography,Q20653619,Zone to Defend,0,0,PRUNED_BY_ANCESTOR,,0,EXCLUDE,0.96,2,2,Q43229,organization,(-)P279,has subclass,dblp computer science bibliography --instance of--> organization --has subclass--> Zone to Defend
row716,Q1224715|Q16519632,Q1224715,dblp computer science bibliography,Q16519632,scientific organization,1,0,PRUNED_BY_ANCESTOR,,0,EXCLUDE,0.9,2,2,Q43229,organization,(-)P279,has subclass,dblp computer science bibliography --instance of--> organization --has subclass--> scientific organization
row28,Q12725|Q55605484,Q12725,electricity,Q55605484,bioelectricity,1,1,INCLUDE,0.96,1,INCLUDE,0.96,1,1,Q12725,electricity,(-)P279,has subclass,electricity --has subclass--> bioelectricity
row29,Q12725|Q11379,Q12725,electricity,Q11379,energy,1,1,INCLUDE,0.88,1,INCLUDE,0.88,1,1,Q12725,electricity,P279,subclass of,electricity --subclass of--> energy
row30,Q12725|Q1293220,Q12725,electricity,Q1293220,physical phenomenon,1,1,INCLUDE,0.89,1,INCLUDE,0.89,1,1,Q12725,electricity,P31,instance of,electricity --instance of--> physical phenomenon
row31,Q12725|Q1522115,Q12725,electricity,Q1522115,energy source,1,0,EXCLUDE,0.87,0,EXCLUDE,0.87,1,1,Q12725,electricity,P279,subclass of,electricity --subclass of--> energy source
row33,Q12725|Q351281,Q12725,electricity,Q351281,sound energy,0,0,EXCLUDE,0.94,0,EXCLUDE,0.94,2,2,Q11379,energy,(-)P279,has subclass,electricity --subclass of--> energy --has subclass--> sound energy
row34,Q12725|Q11271324,Q12725,electricity,Q11271324,energy transformation,1,0,PRUNED_BY_ANCESTOR,,0,EXCLUDE,0.93,2,2,Q1522115,energy source,(-)P279,has subclass,electricity --subclass of--> energy source --has subclass--> energy transformation
row35,Q12725|Q42213,Q12725,electricity,Q42213,work,0,0,EXCLUDE,0.94,0,EXCLUDE,0.94,2,2,Q11379,energy,(-)P279,has subclass,electricity --subclass of--> energy --has subclass--> work
row36,Q12725|Q20058155,Q12725,electricity,Q20058155,solar island,0,0,PRUNED_BY_ANCESTOR,,0,EXCLUDE,0.95,2,2,Q1522115,energy source,(-)P279,has subclass,electricity --subclass of--> energy source --has subclass--> solar island
row37,Q12725|Q396045,Q12725,electricity,Q396045,agricultural energy,0,0,EXCLUDE,0.95,0,EXCLUDE,0.95,2,2,Q11379,energy,(-)P279,has subclass,electricity --subclass of--> energy --has subclass--> agricultural energy
row38,Q12725|Q40189366,Q12725,electricity,Q40189366,interstellar radiation field,0,0,EXCLUDE,0.96,0,EXCLUDE,0.96,2,2,Q11379,energy,(-)P279,has subclass,electricity --subclass of--> energy --has subclass--> interstellar radiation field
row39,Q12725|Q360356,Q12725,electricity,Q360356,Hamiltonian function,0,0,EXCLUDE,0.95,0,EXCLUDE,0.95,2,2,Q11379,energy,(-)P279,has subclass,electricity --subclass of--> energy --has subclass--> Hamiltonian function
row571,Q1273376|Q844526,Q1273376,E.Leclerc,Q844526,Group purchasing organization,1,1,INCLUDE,0.98,1,INCLUDE,0.98,1,1,Q1273376,E.Leclerc,P31,instance of,E.Leclerc --instance of--> Group purchasing organization
row572,Q1273376|Q6881511,Q1273376,E.Leclerc,Q6881511,enterprise,1,1,INCLUDE,0.95,1,INCLUDE,0.95,1,1,Q1273376,E.Leclerc,P31,instance of,E.Leclerc --instance of--> enterprise
row573,Q1273376|Q43229,Q1273376,E.Leclerc,Q43229,organization,1,1,INCLUDE,0.97,1,INCLUDE,0.97,1,1,Q1273376,E.Leclerc,P31,instance of,E.Leclerc --instance of--> organization
row574,Q1273376|Q4830453,Q1273376,E.Leclerc,Q4830453,business,1,1,INCLUDE,0.92,1,INCLUDE,0.92,1,1,Q1273376,E.Leclerc,P31,instance of,E.Leclerc --instance of--> business
row575,Q1273376|Q1936090,Q1273376,E.Leclerc,Q1936090,Parlements,0,0,EXCLUDE,0.99,0,EXCLUDE,0.99,2,2,Q43229,organization,(-)P279,has subclass,E.Leclerc --instance of--> organization --has subclass--> Parlements
row577,Q1273376|Q562166,Q1273376,E.Leclerc,Q562166,housing cooperative,0,0,EXCLUDE,0.96,0,EXCLUDE,0.96,2,2,Q4830453,business,(-)P279,has subclass,E.Leclerc --instance of--> business --has subclass--> housing cooperative
row578,Q1273376|Q2111762,Q1273376,E.Leclerc,Q2111762,machine shop,0,0,EXCLUDE,0.95,0,EXCLUDE,0.95,2,2,Q4830453,business,(-)P279,has subclass,E.Leclerc --instance of--> business --has subclass--> machine shop
row579,Q1273376|Q786820,Q1273376,E.Leclerc,Q786820,automobile manufacturer,0,0,EXCLUDE,0.98,0,EXCLUDE,0.98,2,2,Q6881511,enterprise,(-)P279,has subclass,E.Leclerc --instance of--> enterprise --has subclass--> automobile manufacturer
row580,Q1273376|Q388570,Q1273376,E.Leclerc,Q388570,film laboratory,0,0,EXCLUDE,0.95,0,EXCLUDE,0.95,2,2,Q4830453,business,(-)P279,has subclass,E.Leclerc --instance of--> business --has subclass--> film laboratory
row581,Q1273376|Q12309784,Q1273376,E.Leclerc,Q12309784,Elklub,0,1,INCLUDE,0.91,1,INCLUDE,0.91,2,2,Q844526,Group purchasing organization,(-)P279,has subclass,E.Leclerc --instance of--> Group purchasing organization --has subclass--> Elklub
row582,Q1273376|Q814610,Q1273376,E.Leclerc,Q814610,emergency service,0,0,EXCLUDE,0.97,0,EXCLUDE,0.97,2,2,Q43229,organization,(-)P279,has subclass,E.Leclerc --instance of--> organization --has subclass--> emergency service
row583,Q1273376|Q6819536,Q1273376,E.Leclerc,Q6819536,merit shop,0,0,EXCLUDE,0.93,0,EXCLUDE,0.93,2,2,Q43229,organization,(-)P279,has subclass,E.Leclerc --instance of--> organization --has subclass--> merit shop
row584,Q1273376|Q8772125,Q1273376,E.Leclerc,Q8772125,Editorial Anagrama,0,0,EXCLUDE,0.94,0,EXCLUDE,0.94,2,2,Q6881511,enterprise,(-)P279,has subclass,E.Leclerc --instance of--> enterprise --has subclass--> Editorial Anagrama
row115,Q129337|Q13402959,Q129337,TGV,Q13402959,high-speed train,1,1,INCLUDE,0.98,1,INCLUDE,0.98,1,1,Q129337,TGV,P279,subclass of,TGV --subclass of--> high-speed train
row116,Q129337|Q16858238,Q129337,TGV,Q16858238,train category,1,0,EXCLUDE,0.92,0,EXCLUDE,0.92,1,1,Q129337,TGV,P31,instance of,TGV --instance of--> train category
row118,Q129337|Q167270,Q129337,TGV,Q167270,trademark,1,0,EXCLUDE,0.99,0,EXCLUDE,0.99,1,1,Q129337,TGV,P31,instance of,TGV --instance of--> trademark
row119,Q129337|Q483373,Q129337,TGV,Q483373,electric multiple unit,1,0,EXCLUDE,0.89,0,EXCLUDE,0.89,1,1,Q129337,TGV,P279,subclass of,TGV --subclass of--> electric multiple unit
row120,Q129337|Q811704,Q129337,TGV,Q811704,rolling stock class,1,0,EXCLUDE,0.88,0,EXCLUDE,0.88,1,1,Q129337,TGV,P31,instance of,TGV --instance of--> rolling stock class
row121,Q129337|Q30754613,Q129337,TGV,Q30754613,TGV inOui,1,1,INCLUDE,0.95,1,INCLUDE,0.95,1,1,Q129337,TGV,(-)P279,has subclass,TGV --has subclass--> TGV inOui
row122,Q129337|Q1049958,Q129337,TGV,Q1049958,SNCF TGV POS,1,1,INCLUDE,0.87,1,INCLUDE,0.87,2,2,Q13402959,high-speed train,(-)P279,has subclass,TGV --subclass of--> high-speed train --has subclass--> SNCF TGV POS
row123,Q129337|Q432478,Q129337,TGV,Q432478,Automotrice à grande vitesse,1,1,INCLUDE,0.86,1,INCLUDE,0.86,2,2,Q13402959,high-speed train,(-)P279,has subclass,TGV --subclass of--> high-speed train --has subclass--> Automotrice à grande vitesse
row124,Q129337|Q928468,Q129337,TGV,Q928468,TGV Réseau,1,1,INCLUDE,0.9,1,INCLUDE,0.9,2,2,Q13402959,high-speed train,(-)P279,has subclass,TGV --subclass of--> high-speed train --has subclass--> TGV Réseau
row126,Q129337|Q2205965,Q129337,TGV,Q2205965,list of Belgian railway services,0,0,PRUNED_BY_ANCESTOR,,0,EXCLUDE,0.96,2,2,Q16858238,train category,(-)P279,has subclass,TGV --instance of--> train category --has subclass--> list of Belgian railway services
row127,Q129337|Q15079663,Q129337,TGV,Q15079663,rapid transit railway line,1,0,NO_PARENT,,0,EXCLUDE,0.93,3,3,Q60442637,rapid transit train service,(-)P279,has subclass,TGV --subclass of--> passenger train service --has subclass--> rapid transit train service --has subclass--> rapid transit railway line
row351,Q131476|Q18205998,Q131476,graph theory,Q18205998,circuit topology,1,0,EXCLUDE,0.97,0,EXCLUDE,0.97,1,1,Q131476,graph theory,(-)P279,has subclass,graph theory --has subclass--> circuit topology
row352,Q131476|Q4671286,Q131476,graph theory,Q4671286,academic major,1,1,INCLUDE,0.98,1,INCLUDE,0.98,1,1,Q131476,graph theory,P31,instance of,graph theory --instance of--> academic major
row353,Q131476|Q4115842,Q131476,graph theory,Q4115842,topological graph theory,1,1,INCLUDE,0.99,1,INCLUDE,0.99,1,1,Q131476,graph theory,(-)P279,has subclass,graph theory --has subclass--> topological graph theory
row354,Q131476|Q3180727,Q131476,graph theory,Q3180727,spectral graph theory,1,1,INCLUDE,0.99,1,INCLUDE,0.99,1,1,Q131476,graph theory,(-)P279,has subclass,graph theory --has subclass--> spectral graph theory
row355,Q131476|Q381009,Q131476,graph theory,Q381009,chemical graph theory,1,1,INCLUDE,0.98,1,INCLUDE,0.98,1,1,Q131476,graph theory,(-)P279,has subclass,graph theory --has subclass--> chemical graph theory
row356,Q131476|Q1503271,Q131476,graph theory,Q1503271,geometric graph theory,1,1,INCLUDE,0.99,1,INCLUDE,0.99,1,1,Q131476,graph theory,(-)P279,has subclass,graph theory --has subclass--> geometric graph theory
row357,Q131476|Q17737,Q131476,graph theory,Q17737,theory,1,1,INCLUDE,0.94,1,INCLUDE,0.94,1,1,Q131476,graph theory,P279,subclass of,graph theory --subclass of--> theory
row358,Q131476|Q1936384,Q131476,graph theory,Q1936384,area of mathematics,1,1,INCLUDE,0.97,1,INCLUDE,0.97,1,1,Q131476,graph theory,P31,instance of,graph theory --instance of--> area of mathematics
row359,Q131476|Q4417999,Q131476,graph theory,Q4417999,network analysis,1,0,EXCLUDE,0.88,0,EXCLUDE,0.88,1,1,Q131476,graph theory,(-)P279,has subclass,graph theory --has subclass--> network analysis
row360,Q131476|Q11862829,Q131476,graph theory,Q11862829,academic discipline,1,1,INCLUDE,0.95,1,INCLUDE,0.95,1,1,Q131476,graph theory,P31,instance of,graph theory --instance of--> academic discipline
row361,Q131476|Q5416712,Q131476,graph theory,Q5416712,Event chain methodology,0,0,PRUNED_BY_ANCESTOR,,0,EXCLUDE,0.97,2,2,Q4417999,network analysis,(-)P279,has subclass,graph theory --has subclass--> network analysis --has subclass--> Event chain methodology
row362,Q131476|Q5004188,Q131476,graph theory,Q5004188,bypass,0,0,PRUNED_BY_ANCESTOR,,0,EXCLUDE,0.99,2,2,Q18205998,circuit topology,(-)P279,has subclass,graph theory --has subclass--> circuit topology --has subclass--> bypass
row363,Q131476|Q20026918,Q131476,graph theory,Q20026918,mathematical theory,1,1,INCLUDE,0.9,1,INCLUDE,0.9,2,2,Q17737,theory,(-)P279,has subclass,graph theory --subclass of--> theory --has subclass--> mathematical theory
row414,Q133215|Q16852719,Q133215,casino,Q16852719,casino hotel,1,1,INCLUDE,0.99,1,INCLUDE,0.99,1,1,Q133215,casino,(-)P279,has subclass,casino --has subclass--> casino hotel
row415,Q133215|Q7338100,Q133215,casino,Q7338100,Riverboat casino,1,1,INCLUDE,0.98,1,INCLUDE,0.98,1,1,Q133215,casino,(-)P279,has subclass,casino --has subclass--> Riverboat casino
row416,Q133215|Q32350958,Q133215,casino,Q32350958,bingo hall,1,0,EXCLUDE,0.96,0,EXCLUDE,0.96,1,1,Q133215,casino,(-)P279,has subclass,casino --has subclass--> bingo hall
row417,Q133215|Q7279719,Q133215,casino,Q7279719,racino,1,1,INCLUDE,0.98,1,INCLUDE,0.98,1,1,Q133215,casino,(-)P279,has subclass,casino --has subclass--> racino
row418,Q133215|Q655686,Q133215,casino,Q655686,commercial building,1,0,EXCLUDE,0.97,0,EXCLUDE,0.97,1,1,Q133215,casino,P279,subclass of,casino --subclass of--> commercial building
row419,Q133215|Q6664710,Q133215,casino,Q6664710,Locals casino,1,0,EXCLUDE,0.95,0,EXCLUDE,0.95,1,1,Q133215,casino,(-)P279,has subclass,casino --has subclass--> Locals casino
row420,Q133215|Q770881,Q133215,casino,Q770881,online casino,1,1,INCLUDE,0.99,1,INCLUDE,0.99,1,1,Q133215,casino,(-)P279,has subclass,casino --has subclass--> online casino
row364,Q13646|Q2324835,Q13646,SNCF,Q2324835,national railway,1,1,INCLUDE,0.98,1,INCLUDE,0.98,1,1,Q13646,SNCF,P31,instance of,SNCF --instance of--> national railway
row365,Q13646|Q249556,Q13646,SNCF,Q249556,railway company,1,1,INCLUDE,0.99,1,INCLUDE,0.99,1,1,Q13646,SNCF,P31,instance of,SNCF --instance of--> railway company
row366,Q13646|Q23043008,Q13646,SNCF,Q23043008,Krasnoliman Directorate of Railway Transportation,1,0,EXCLUDE,0.96,0,EXCLUDE,0.96,2,2,Q2324835,national railway,(-)P279,has subclass,SNCF --instance of--> national railway --has subclass--> Krasnoliman Directorate of Railway Transportation
row561,Q1431486|Q6881511,Q1431486,Orange,Q6881511,enterprise,1,1,INCLUDE,0.99,1,INCLUDE,0.99,1,1,Q1431486,Orange,P31,instance of,Orange --instance of--> enterprise
row562,Q1431486|Q1941618,Q1431486,Orange,Q1941618,mobile network operator,1,1,INCLUDE,0.98,1,INCLUDE,0.98,1,1,Q1431486,Orange,P31,instance of,Orange --instance of--> mobile network operator
row563,Q1431486|Q431289,Q1431486,Orange,Q431289,brand,1,1,INCLUDE,0.97,1,INCLUDE,0.97,1,1,Q1431486,Orange,P31,instance of,Orange --instance of--> brand
row564,Q1431486|Q4830453,Q1431486,Orange,Q4830453,business,1,1,INCLUDE,0.96,1,INCLUDE,0.96,1,1,Q1431486,Orange,P31,instance of,Orange --instance of--> business
row565,Q1431486|Q1266169,Q1431486,Orange,Q1266169,telephone company,1,1,INCLUDE,0.95,1,INCLUDE,0.95,1,1,Q1431486,Orange,P31,instance of,Orange --instance of--> telephone company
row566,Q1431486|Q891723,Q1431486,Orange,Q891723,public company,1,1,INCLUDE,0.95,1,INCLUDE,0.95,1,1,Q1431486,Orange,P31,instance of,Orange --instance of--> public company
row567,Q1431486|Q11371,Q1431486,Orange,Q11371,Internet service provider,1,1,INCLUDE,0.97,1,INCLUDE,0.97,1,1,Q1431486,Orange,P31,instance of,Orange --instance of--> Internet service provider
row568,Q1431486|Q6887204,Q1431486,Orange,Q6887204,mobile phone operator,1,1,INCLUDE,0.98,1,INCLUDE,0.98,2,2,Q1941618,mobile network operator,(-)P279,has subclass,Orange --instance of--> mobile network operator --has subclass--> mobile phone operator
row569,Q1431486|Q2585571,Q1431486,Orange,Q2585571,wireless Internet service provider,1,1,INCLUDE,0.96,1,INCLUDE,0.96,2,2,Q11371,Internet service provider,(-)P279,has subclass,Orange --instance of--> Internet service provider --has subclass--> wireless Internet service provider
row932,Q1437394|Q185698,Q1437394,formal concept analysis,Q185698,methodology,1,1,INCLUDE,0.99,1,INCLUDE,0.99,1,1,Q1437394,formal concept analysis,P31,instance of,formal concept analysis --instance of--> methodology
row933,Q1437394|Q2670999,Q1437394,formal concept analysis,Q2670999,investment strategy,0,0,EXCLUDE,0.98,0,EXCLUDE,0.98,2,2,Q185698,methodology,(-)P279,has subclass,formal concept analysis --instance of--> methodology --has subclass--> investment strategy
row934,Q1437394|Q1193625,Q1437394,formal concept analysis,Q1193625,social science methodology,0,0,EXCLUDE,0.89,0,EXCLUDE,0.89,2,2,Q185698,methodology,(-)P279,has subclass,formal concept analysis --instance of--> methodology --has subclass--> social science methodology
row935,Q1437394|Q1378470,Q1437394,formal concept analysis,Q1378470,software development methodology,0,0,EXCLUDE,0.91,0,EXCLUDE,0.91,2,2,Q185698,methodology,(-)P279,has subclass,formal concept analysis --instance of--> methodology --has subclass--> software development methodology
row936,Q1437394|Q179012,Q1437394,formal concept analysis,Q179012,project management,0,0,EXCLUDE,0.97,0,EXCLUDE,0.97,2,2,Q185698,methodology,(-)P279,has subclass,formal concept analysis --instance of--> methodology --has subclass--> project management
row937,Q1437394|Q2292993,Q1437394,formal concept analysis,Q2292993,design method,0,0,EXCLUDE,0.9,0,EXCLUDE,0.9,2,2,Q185698,methodology,(-)P279,has subclass,formal concept analysis --instance of--> methodology --has subclass--> design method
row938,Q1437394|Q21045430,Q1437394,formal concept analysis,Q21045430,inferring horizontal gene transfer,0,0,EXCLUDE,0.99,0,EXCLUDE,0.99,2,2,Q185698,methodology,(-)P279,has subclass,formal concept analysis --instance of--> methodology --has subclass--> inferring horizontal gene transfer
row939,Q1437394|Q1196545,Q1437394,formal concept analysis,Q1196545,historical method,0,0,EXCLUDE,0.94,0,EXCLUDE,0.94,2,2,Q185698,methodology,(-)P279,has subclass,formal concept analysis --instance of--> methodology --has subclass--> historical method
row940,Q1437394|Q65938634,Q1437394,formal concept analysis,Q65938634,quality control method,0,0,EXCLUDE,0.96,0,EXCLUDE,0.96,2,2,Q185698,methodology,(-)P279,has subclass,formal concept analysis --instance of--> methodology --has subclass--> quality control method
row209,Q1474517|Q13582798,Q1474517,French National Institute of Health and Medical Research,Q13582798,Public Scientific and Technical Research Establishment,1,1,INCLUDE,0.98,1,INCLUDE,0.98,1,1,Q1474517,French National Institute of Health and Medical Research,P31,instance of,French National Institute of Health and Medical Research --instance of--> Public Scientific and Technical Research Establishment
row210,Q1474517|Q31855,Q1474517,French National Institute of Health and Medical Research,Q31855,research institute,1,1,INCLUDE,0.95,1,INCLUDE,0.95,1,1,Q1474517,French National Institute of Health and Medical Research,P31,instance of,French National Institute of Health and Medical Research --instance of--> research institute
row298,Q1484375|Q467707,Q1484375,PyCharm,Q467707,software development kit,1,0,EXCLUDE,0.96,0,EXCLUDE,0.96,1,1,Q1484375,PyCharm,P31,instance of,PyCharm --instance of--> software development kit
row299,Q1484375|Q13741,Q1484375,PyCharm,Q13741,integrated development environment,1,1,INCLUDE,0.99,1,INCLUDE,0.99,1,1,Q1484375,PyCharm,P31,instance of,PyCharm --instance of--> integrated development environment
row300,Q1484375|Q341,Q1484375,PyCharm,Q341,free software,1,1,INCLUDE,0.74,1,INCLUDE,0.74,1,1,Q1484375,PyCharm,P31,instance of,PyCharm --instance of--> free software
row301,Q1484375|Q10334075,Q1484375,PyCharm,Q10334075,Mxmlc,0,0,PRUNED_BY_ANCESTOR,,0,EXCLUDE,0.93,2,2,Q467707,software development kit,(-)P279,has subclass,PyCharm --instance of--> software development kit --has subclass--> Mxmlc
row884,Q14922|Q1368898,Q14922,table football,Q1368898,game of skill,1,1,INCLUDE,0.98,1,INCLUDE,0.98,1,1,Q14922,table football,P31,instance of,table football --instance of--> game of skill
row885,Q14922|Q1637219,Q14922,table football,Q1637219,speedcubing,0,0,EXCLUDE,0.94,0,EXCLUDE,0.94,2,2,Q1368898,game of skill,(-)P279,has subclass,table football --instance of--> game of skill --has subclass--> speedcubing
row886,Q14922|Q2904494,Q14922,table football,Q2904494,birinic,0,0,EXCLUDE,0.92,0,EXCLUDE,0.92,2,2,Q1368898,game of skill,(-)P279,has subclass,table football --instance of--> game of skill --has subclass--> birinic
row887,Q14922|Q21426954,Q14922,table football,Q21426954,bague en boghei,0,0,EXCLUDE,0.92,0,EXCLUDE,0.92,2,2,Q1368898,game of skill,(-)P279,has subclass,table football --instance of--> game of skill --has subclass--> bague en boghei
row888,Q14922|Q1302771,Q14922,table football,Q1302771,Egg-and-spoon race,0,0,EXCLUDE,0.97,0,EXCLUDE,0.97,2,2,Q1368898,game of skill,(-)P279,has subclass,table football --instance of--> game of skill --has subclass--> Egg-and-spoon race
row889,Q14922|Q1342518,Q14922,table football,Q1342518,Penny football,1,0,EXCLUDE,0.95,0,EXCLUDE,0.95,2,2,Q1368898,game of skill,(-)P279,has subclass,table football --instance of--> game of skill --has subclass--> Penny football
row890,Q14922|Q21503645,Q14922,table football,Q21503645,lancer de sabot de Pont-Aven,0,0,EXCLUDE,0.96,0,EXCLUDE,0.96,2,2,Q1368898,game of skill,(-)P279,has subclass,table football --instance of--> game of skill --has subclass--> lancer de sabot de Pont-Aven
row891,Q14922|Q895060,Q14922,table football,Q895060,boules,0,0,EXCLUDE,0.9,0,EXCLUDE,0.9,2,2,Q1368898,game of skill,(-)P279,has subclass,table football --instance of--> game of skill --has subclass--> boules
row111,Q159144|Q194195,Q159144,Europa-Park,Q194195,amusement park,1,1,INCLUDE,0.99,1,INCLUDE,0.99,1,1,Q159144,Europa-Park,P31,instance of,Europa-Park --instance of--> amusement park
row112,Q159144|Q875157,Q159144,Europa-Park,Q875157,resort,1,1,INCLUDE,0.96,1,INCLUDE,0.96,1,1,Q159144,Europa-Park,P31,instance of,Europa-Park --instance of--> resort
row113,Q159144|Q570116,Q159144,Europa-Park,Q570116,tourist attraction,1,1,INCLUDE,0.98,1,INCLUDE,0.98,1,1,Q159144,Europa-Park,P31,instance of,Europa-Park --instance of--> tourist attraction
row302,Q159992|Q61065,Q159992,surfing,Q61065,water sport,1,1,INCLUDE,0.99,1,INCLUDE,0.99,1,1,Q159992,surfing,P279,subclass of,surfing --subclass of--> water sport
row303,Q159992|Q842595,Q159992,surfing,Q842595,big wave surfing,1,1,INCLUDE,0.97,1,INCLUDE,0.97,1,1,Q159992,surfing,(-)P279,has subclass,surfing --has subclass--> big wave surfing
row304,Q159992|Q1434370,Q159992,surfing,Q1434370,River surfing,1,1,INCLUDE,0.96,1,INCLUDE,0.96,1,1,Q159992,surfing,(-)P279,has subclass,surfing --has subclass--> River surfing
row305,Q159992|Q31629,Q159992,surfing,Q31629,type of sport,1,1,INCLUDE,0.99,1,INCLUDE,0.99,1,1,Q159992,surfing,P31,instance of,surfing --instance of--> type of sport
row306,Q159992|Q911069,Q159992,surfing,Q911069,boardsport,1,1,INCLUDE,0.96,1,INCLUDE,0.96,1,1,Q159992,surfing,P279,subclass of,surfing --subclass of--> boardsport
row307,Q159992|Q14085739,Q159992,surfing,Q14085739,sailing,1,0,EXCLUDE,0.88,0,EXCLUDE,0.88,2,2,Q61065,water sport,(-)P279,has subclass,surfing --subclass of--> water sport --has subclass--> sailing
row308,Q159992|Q2533407,Q159992,surfing,Q2533407,surf lifesaving,0,1,INCLUDE,0.9,1,INCLUDE,0.9,2,2,Q61065,water sport,(-)P279,has subclass,surfing --subclass of--> water sport --has subclass--> surf lifesaving
row309,Q159992|Q60967807,Q159992,surfing,Q60967807,Aquaplaning sport,1,1,INCLUDE,0.86,1,INCLUDE,0.86,2,2,Q61065,water sport,(-)P279,has subclass,surfing --subclass of--> water sport --has subclass--> Aquaplaning sport
row310,Q159992|Q31920,Q159992,surfing,Q31920,swimming,1,0,EXCLUDE,0.92,0,EXCLUDE,0.92,2,2,Q61065,water sport,(-)P279,has subclass,surfing --subclass of--> water sport --has subclass--> swimming
row311,Q159992|Q2369170,Q159992,surfing,Q2369170,underwater sports,1,0,EXCLUDE,0.95,0,EXCLUDE,0.95,2,2,Q61065,water sport,(-)P279,has subclass,surfing --subclass of--> water sport --has subclass--> underwater sports
row312,Q159992|Q178131,Q159992,surfing,Q178131,snowboarding,0,0,EXCLUDE,0.99,0,EXCLUDE,0.99,2,2,Q911069,boardsport,(-)P279,has subclass,surfing --subclass of--> boardsport --has subclass--> snowboarding
row313,Q159992|Q7735,Q159992,surfing,Q7735,diving,1,1,INCLUDE,0.82,1,INCLUDE,0.82,2,2,Q61065,water sport,(-)P279,has subclass,surfing --subclass of--> water sport --has subclass--> diving
row314,Q159992|Q159354,Q159992,surfing,Q159354,rowing,1,0,EXCLUDE,0.9,0,EXCLUDE,0.9,2,2,Q61065,water sport,(-)P279,has subclass,surfing --subclass of--> water sport --has subclass--> rowing
row315,Q159992|Q842284,Q159992,surfing,Q842284,skateboarding,0,0,EXCLUDE,0.98,0,EXCLUDE,0.98,2,2,Q911069,boardsport,(-)P279,has subclass,surfing --subclass of--> boardsport --has subclass--> skateboarding
row897,Q1636958|Q891723,Q1636958,Xiaomi,Q891723,public company,1,1,INCLUDE,0.99,1,INCLUDE,0.99,1,1,Q1636958,Xiaomi,P31,instance of,Xiaomi --instance of--> public company
row898,Q1636958|Q167037,Q1636958,Xiaomi,Q167037,corporation,1,1,INCLUDE,0.98,1,INCLUDE,0.98,1,1,Q1636958,Xiaomi,P31,instance of,Xiaomi --instance of--> corporation
row899,Q1636958|Q4830453,Q1636958,Xiaomi,Q4830453,business,1,1,INCLUDE,0.94,1,INCLUDE,0.94,1,1,Q1636958,Xiaomi,P31,instance of,Xiaomi --instance of--> business
row900,Q1636958|Q76384698,Q1636958,Xiaomi,Q76384698,ammunication factory,0,0,EXCLUDE,0.97,0,EXCLUDE,0.97,2,2,Q4830453,business,(-)P279,has subclass,Xiaomi --instance of--> business --has subclass--> ammunication factory
row901,Q1636958|Q1057214,Q1636958,Xiaomi,Q1057214,private military company,0,0,EXCLUDE,0.98,0,EXCLUDE,0.98,2,2,Q4830453,business,(-)P279,has subclass,Xiaomi --instance of--> business --has subclass--> private military company
row902,Q1636958|Q8303885,Q1636958,Xiaomi,Q8303885,trust company,0,0,EXCLUDE,0.95,0,EXCLUDE,0.95,2,2,Q4830453,business,(-)P279,has subclass,Xiaomi --instance of--> business --has subclass--> trust company
row903,Q1636958|Q7311343,Q1636958,Xiaomi,Q7311343,religious corporation,0,0,EXCLUDE,0.96,0,EXCLUDE,0.96,2,2,Q167037,corporation,(-)P279,has subclass,Xiaomi --instance of--> corporation --has subclass--> religious corporation
row904,Q1636958|Q1186164,Q1636958,Xiaomi,Q1186164,corporate spin-off,0,0,EXCLUDE,0.93,0,EXCLUDE,0.93,2,2,Q4830453,business,(-)P279,has subclass,Xiaomi --instance of--> business --has subclass--> corporate spin-off
row905,Q1636958|Q745829,Q1636958,Xiaomi,Q745829,Yagi-Uda antenna,0,0,EXCLUDE,1.0,0,EXCLUDE,1.0,2,2,Q4830453,business,(-)P279,has subclass,Xiaomi --instance of--> business --has subclass--> Yagi-Uda antenna
row906,Q1636958|Q75971206,Q1636958,Xiaomi,Q75971206,private tax collector,0,0,EXCLUDE,0.97,0,EXCLUDE,0.97,2,2,Q4830453,business,(-)P279,has subclass,Xiaomi --instance of--> business --has subclass--> private tax collector
row907,Q1636958|Q69574371,Q1636958,Xiaomi,Q69574371,bicycle part manufacturing company,0,1,INCLUDE,0.86,1,INCLUDE,0.86,2,2,Q4830453,business,(-)P279,has subclass,Xiaomi --instance of--> business --has subclass--> bicycle part manufacturing company
row908,Q1636958|Q161726,Q1636958,Xiaomi,Q161726,multinational corporation,1,1,INCLUDE,0.93,1,INCLUDE,0.93,2,2,Q4830453,business,(-)P279,has subclass,Xiaomi --instance of--> business --has subclass--> multinational corporation
row909,Q1636958|Q27043907,Q1636958,Xiaomi,Q27043907,yoga studio,0,0,EXCLUDE,0.98,0,EXCLUDE,0.98,2,2,Q4830453,business,(-)P279,has subclass,Xiaomi --instance of--> business --has subclass--> yoga studio
row910,Q1636958|Q59545,Q1636958,Xiaomi,Q59545,labour hire,0,0,EXCLUDE,0.94,0,EXCLUDE,0.94,2,2,Q4830453,business,(-)P279,has subclass,Xiaomi --instance of--> business --has subclass--> labour hire
row911,Q1636958|Q2401749,Q1636958,Xiaomi,Q2401749,telecommunication company,1,1,INCLUDE,0.89,1,INCLUDE,0.89,2,2,Q4830453,business,(-)P279,has subclass,Xiaomi --instance of--> business --has subclass--> telecommunication company
row912,Q1636958|Q1116826,Q1636958,Xiaomi,Q1116826,private security company,0,0,EXCLUDE,0.92,0,EXCLUDE,0.92,2,2,Q4830453,business,(-)P279,has subclass,Xiaomi --instance of--> business --has subclass--> private security company
row913,Q1636958|Q3055260,Q1636958,Xiaomi,Q3055260,French company,0,1,INCLUDE,0.9,1,INCLUDE,0.9,2,2,Q4830453,business,(-)P279,has subclass,Xiaomi --instance of--> business --has subclass--> French company
row914,Q1636958|Q41617857,Q1636958,Xiaomi,Q41617857,plug compatible manufacturer,0,1,INCLUDE,0.83,1,INCLUDE,0.83,2,2,Q4830453,business,(-)P279,has subclass,Xiaomi --instance of--> business --has subclass--> plug compatible manufacturer
row916,Q1636958|Q76362921,Q1636958,Xiaomi,Q76362921,saw blade factory,0,1,INCLUDE,0.8,1,INCLUDE,0.8,2,2,Q4830453,business,(-)P279,has subclass,Xiaomi --instance of--> business --has subclass--> saw blade factory
row917,Q1636958|Q110484183,Q1636958,Xiaomi,Q110484183,cigarette company,0,0,EXCLUDE,0.91,0,EXCLUDE,0.91,2,2,Q4830453,business,(-)P279,has subclass,Xiaomi --instance of--> business --has subclass--> cigarette company
row918,Q1636958|Q216931,Q1636958,Xiaomi,Q216931,advertising agency,0,0,EXCLUDE,0.88,0,EXCLUDE,0.88,2,2,Q4830453,business,(-)P279,has subclass,Xiaomi --instance of--> business --has subclass--> advertising agency
row919,Q1636958|Q27038993,Q1636958,Xiaomi,Q27038993,food establishment,0,0,EXCLUDE,0.95,0,EXCLUDE,0.95,2,2,Q4830453,business,(-)P279,has subclass,Xiaomi --instance of--> business --has subclass--> food establishment
row920,Q1636958|Q672070,Q1636958,Xiaomi,Q672070,photographic studio,0,0,EXCLUDE,0.93,0,EXCLUDE,0.93,2,2,Q4830453,business,(-)P279,has subclass,Xiaomi --instance of--> business --has subclass--> photographic studio
row921,Q1636958|Q30022,Q1636958,Xiaomi,Q30022,coffeehouse,0,0,EXCLUDE,0.96,0,EXCLUDE,0.96,2,2,Q4830453,business,(-)P279,has subclass,Xiaomi --instance of--> business --has subclass--> coffeehouse
row922,Q1636958|Q6819536,Q1636958,Xiaomi,Q6819536,merit shop,0,0,EXCLUDE,0.9,0,EXCLUDE,0.9,2,2,Q4830453,business,(-)P279,has subclass,Xiaomi --instance of--> business --has subclass--> merit shop
row924,Q1636958|Q5225895,Q1636958,Xiaomi,Q5225895,public limited company,0,1,INCLUDE,0.88,1,INCLUDE,0.88,2,2,Q891723,public company,(-)P279,has subclass,Xiaomi --instance of--> public company --has subclass--> public limited company
row925,Q1636958|Q2590801,Q1636958,Xiaomi,Q2590801,commercial cleaning,0,0,EXCLUDE,0.92,0,EXCLUDE,0.92,2,2,Q4830453,business,(-)P279,has subclass,Xiaomi --instance of--> business --has subclass--> commercial cleaning
row570,Q16820462|Q7058673,Q16820462,Borderlands,Q7058673,video game series,1,1,INCLUDE,0.99,1,INCLUDE,0.99,1,1,Q16820462,Borderlands,P31,instance of,Borderlands --instance of--> video game series
row734,Q168403|Q55789206,Q168403,myopia,Q55789206,syndromic myopia,1,1,INCLUDE,0.98,1,INCLUDE,0.98,1,1,Q168403,myopia,(-)P279,has subclass,myopia --has subclass--> syndromic myopia
row735,Q168403|Q470427,Q168403,myopia,Q470427,refractive error,1,1,INCLUDE,0.98,1,INCLUDE,0.98,1,1,Q168403,myopia,P279,subclass of,myopia --subclass of--> refractive error
row736,Q168403|Q737460,Q168403,myopia,Q737460,visual impairment,1,0,EXCLUDE,0.96,0,EXCLUDE,0.96,1,1,Q168403,myopia,P279,subclass of,myopia --subclass of--> visual impairment
row737,Q168403|Q18554189,Q168403,myopia,Q18554189,degenerative myopia,1,1,INCLUDE,0.95,1,INCLUDE,0.95,1,1,Q168403,myopia,(-)P279,has subclass,myopia --has subclass--> degenerative myopia
row738,Q168403|Q2634782,Q168403,myopia,Q2634782,low vision,1,0,PRUNED_BY_ANCESTOR,,0,EXCLUDE,0.93,2,2,Q737460,visual impairment,(-)P279,has subclass,myopia --subclass of--> visual impairment --has subclass--> low vision
row739,Q168403|Q177895,Q168403,myopia,Q177895,astigmatism,1,1,INCLUDE,0.91,1,INCLUDE,0.91,2,2,Q470427,refractive error,(-)P279,has subclass,myopia --subclass of--> refractive error --has subclass--> astigmatism
row740,Q168403|Q2470609,Q168403,myopia,Q2470609,Wagner's disease,1,1,INCLUDE,0.9,1,INCLUDE,0.9,2,2,Q55789206,syndromic myopia,(-)P279,has subclass,myopia --has subclass--> syndromic myopia --has subclass--> Wagner's disease
row741,Q168403|Q18554630,Q168403,myopia,Q18554630,irregular astigmatism,1,1,INCLUDE,0.89,1,INCLUDE,0.89,3,3,Q177895,astigmatism,(-)P279,has subclass,myopia --subclass of--> refractive error --has subclass--> astigmatism --has subclass--> irregular astigmatism
row955,Q17130715|Q620615,Q17130715,Slack,Q620615,mobile app,1,1,INCLUDE,0.99,1,INCLUDE,0.99,1,1,Q17130715,Slack,P31,instance of,Slack --instance of--> mobile app
row956,Q17130715|Q2462003,Q17130715,Slack,Q2462003,instant messaging client,1,1,INCLUDE,0.98,1,INCLUDE,0.98,1,1,Q17130715,Slack,P31,instance of,Slack --instance of--> instant messaging client
row957,Q17130715|Q166142,Q17130715,Slack,Q166142,application,1,1,INCLUDE,0.97,1,INCLUDE,0.97,1,1,Q17130715,Slack,P31,instance of,Slack --instance of--> application
row958,Q17130715|Q43229,Q17130715,Slack,Q43229,organization,1,0,EXCLUDE,0.97,0,EXCLUDE,0.97,1,1,Q17130715,Slack,P31,instance of,Slack --instance of--> organization
row959,Q17130715|Q96196009,Q17130715,Slack,Q96196009,state (former or current),0,0,PRUNED_BY_ANCESTOR,,0,EXCLUDE,0.95,2,2,Q43229,organization,(-)P279,has subclass,Slack --instance of--> organization --has subclass--> state (former or current)
row960,Q17130715|Q15548100,Q17130715,Slack,Q15548100,free instant messaging client,1,1,INCLUDE,0.92,1,INCLUDE,0.92,2,2,Q2462003,instant messaging client,(-)P279,has subclass,Slack --instance of--> instant messaging client --has subclass--> free instant messaging client
row961,Q17130715|Q58542,Q17130715,Slack,Q58542,multi protocol instant messaging clients,1,1,INCLUDE,0.91,1,INCLUDE,0.91,2,2,Q2462003,instant messaging client,(-)P279,has subclass,Slack --instance of--> instant messaging client --has subclass--> multi protocol instant messaging clients
row962,Q17130715|Q65177617,Q17130715,Slack,Q65177617,Unification movement (Unification Church),0,0,PRUNED_BY_ANCESTOR,,0,EXCLUDE,0.96,2,2,Q43229,organization,(-)P279,has subclass,Slack --instance of--> organization --has subclass--> Unification movement (Unification Church)
row963,Q17130715|Q10417670,Q17130715,Slack,Q10417670,IRC client,1,1,INCLUDE,0.9,1,INCLUDE,0.9,2,2,Q2462003,instant messaging client,(-)P279,has subclass,Slack --instance of--> instant messaging client --has subclass--> IRC client
row964,Q17130715|Q3023650,Q17130715,Slack,Q3023650,social rental office,0,0,PRUNED_BY_ANCESTOR,,0,EXCLUDE,0.94,2,2,Q43229,organization,(-)P279,has subclass,Slack --instance of--> organization --has subclass--> social rental office
row966,Q17130715|Q87712822,Q17130715,Slack,Q87712822,moral subject of administrative law in France,0,0,PRUNED_BY_ANCESTOR,,0,EXCLUDE,0.96,2,2,Q43229,organization,(-)P279,has subclass,Slack --instance of--> organization --has subclass--> moral subject of administrative law in France
row967,Q17130715|Q1132944,Q17130715,Slack,Q1132944,Science shop,0,0,PRUNED_BY_ANCESTOR,,0,EXCLUDE,0.95,2,2,Q43229,organization,(-)P279,has subclass,Slack --instance of--> organization --has subclass--> Science shop
row968,Q17130715|Q2401485,Q17130715,Slack,Q2401485,expedition,0,0,PRUNED_BY_ANCESTOR,,0,EXCLUDE,0.97,2,2,Q43229,organization,(-)P279,has subclass,Slack --instance of--> organization --has subclass--> expedition
row969,Q17130715|Q15505266,Q17130715,Slack,Q15505266,Login manager,0,0,EXCLUDE,0.95,0,EXCLUDE,0.95,2,2,Q166142,application,(-)P279,has subclass,Slack --instance of--> application --has subclass--> Login manager
row481,Q171545|Q484170,Q171545,Belfort,Q484170,commune of France,1,1,INCLUDE,0.99,1,INCLUDE,0.99,1,1,Q171545,Belfort,P31,instance of,Belfort --instance of--> commune of France
row769,Q174320|Q2425052,Q174320,oscilloscope,Q2425052,electrical appliance,1,0,EXCLUDE,0.98,0,EXCLUDE,0.98,1,1,Q174320,oscilloscope,P279,subclass of,oscilloscope --subclass of--> electrical appliance
row770,Q174320|Q2041172,Q174320,oscilloscope,Q2041172,measuring instrument,1,1,INCLUDE,0.94,1,INCLUDE,0.94,1,1,Q174320,oscilloscope,P279,subclass of,oscilloscope --subclass of--> measuring instrument
row771,Q174320|Q831990,Q174320,oscilloscope,Q831990,electrical part,0,0,PRUNED_BY_ANCESTOR,,0,EXCLUDE,0.93,2,2,Q2425052,electrical appliance,(-)P279,has subclass,oscilloscope --subclass of--> electrical appliance --has subclass--> electrical part
row260,Q180|Q2166013,Q180,Wikimedia Foundation,Q2166013,wiki hosting service,1,0,EXCLUDE,0.98,0,EXCLUDE,0.98,1,1,Q180,Wikimedia Foundation,P31,instance of,Wikimedia Foundation --instance of--> wiki hosting service
row261,Q180|Q708676,Q180,Wikimedia Foundation,Q708676,charitable organization,1,1,INCLUDE,0.92,1,INCLUDE,0.92,1,1,Q180,Wikimedia Foundation,P31,instance of,Wikimedia Foundation --instance of--> charitable organization
row262,Q180|Q157031,Q180,Wikimedia Foundation,Q157031,foundation,1,1,INCLUDE,0.93,1,INCLUDE,0.93,1,1,Q180,Wikimedia Foundation,P31,instance of,Wikimedia Foundation --instance of--> foundation
row64,Q180204|Q4838457,Q180204,shampoo,Q4838457,baby shampoo,1,1,INCLUDE,0.99,1,INCLUDE,0.99,1,1,Q180204,shampoo,(-)P279,has subclass,shampoo --has subclass--> baby shampoo
row65,Q180204|Q599755,Q180204,shampoo,Q599755,Garnier,1,0,EXCLUDE,0.96,0,EXCLUDE,0.96,1,1,Q180204,shampoo,(-)P279,has subclass,shampoo --has subclass--> Garnier
row66,Q180204|Q11322916,Q180204,shampoo,Q11322916,dry shampoo,1,1,INCLUDE,0.98,1,INCLUDE,0.98,1,1,Q180204,shampoo,(-)P279,has subclass,shampoo --has subclass--> dry shampoo
row67,Q180204|Q791930,Q180204,shampoo,Q791930,Axe,1,0,EXCLUDE,0.97,0,EXCLUDE,0.97,1,1,Q180204,shampoo,(-)P279,has subclass,shampoo --has subclass--> Axe
row68,Q180204|Q50430027,Q180204,shampoo,Q50430027,hair care products,1,1,INCLUDE,0.95,1,INCLUDE,0.95,1,1,Q180204,shampoo,P279,subclass of,shampoo --subclass of--> hair care products
row69,Q180204|Q11108449,Q180204,shampoo,Q11108449,hair dye,1,0,EXCLUDE,0.94,0,EXCLUDE,0.94,2,2,Q50430027,hair care products,(-)P279,has subclass,shampoo --subclass of--> hair care products --has subclass--> hair dye
row979,Q180704|Q15632617,Q180704,Iron Man,Q15632617,fictional human,1,1,INCLUDE,0.97,1,INCLUDE,0.97,1,1,Q180704,Iron Man,P31,instance of,Iron Man --instance of--> fictional human
row980,Q180704|Q15773347,Q180704,Iron Man,Q15773347,film character,1,1,INCLUDE,0.96,1,INCLUDE,0.96,1,1,Q180704,Iron Man,P31,instance of,Iron Man --instance of--> film character
row981,Q180704|Q1114461,Q180704,Iron Man,Q1114461,comics character,1,1,INCLUDE,0.98,1,INCLUDE,0.98,1,1,Q180704,Iron Man,P31,instance of,Iron Man --instance of--> comics character
row809,Q1847641|Q15179,Q1847641,human facial hair,Q15179,moustache,1,1,INCLUDE,0.96,1,INCLUDE,0.96,1,1,Q1847641,human facial hair,(-)P279,has subclass,human facial hair --has subclass--> moustache
row810,Q1847641|Q1784017,Q1847641,human facial hair,Q1784017,secondary sex characteristic,1,0,EXCLUDE,0.9,0,EXCLUDE,0.9,1,1,Q1847641,human facial hair,P279,subclass of,human facial hair --subclass of--> secondary sex characteristic
row811,Q1847641|Q43748,Q1847641,human facial hair,Q43748,eyebrow,0,0,EXCLUDE,0.97,0,EXCLUDE,0.97,1,1,Q1847641,human facial hair,(-)P279,has subclass,human facial hair --has subclass--> eyebrow
row812,Q1847641|Q18534278,Q1847641,human facial hair,Q18534278,facial feature,1,1,INCLUDE,0.99,1,INCLUDE,0.99,1,1,Q1847641,human facial hair,P279,subclass of,human facial hair --subclass of--> facial feature
row813,Q1847641|Q3326291,Q1847641,human facial hair,Q3326291,handlebar moustache,1,1,INCLUDE,0.98,1,INCLUDE,0.98,2,2,Q15179,moustache,(-)P279,has subclass,human facial hair --has subclass--> moustache --has subclass--> handlebar moustache
row814,Q1847641|Q17141430,Q1847641,human facial hair,Q17141430,pencil moustache,1,1,INCLUDE,0.98,1,INCLUDE,0.98,2,2,Q15179,moustache,(-)P279,has subclass,human facial hair --has subclass--> moustache --has subclass--> pencil moustache
row815,Q1847641|Q7963760,Q1847641,human facial hair,Q7963760,walrus moustache,1,1,INCLUDE,0.98,1,INCLUDE,0.98,2,2,Q15179,moustache,(-)P279,has subclass,human facial hair --has subclass--> moustache --has subclass--> walrus moustache
row816,Q1847641|Q17013040,Q1847641,human facial hair,Q17013040,Facial symmetry,0,0,EXCLUDE,0.99,0,EXCLUDE,0.99,2,2,Q18534278,facial feature,(-)P279,has subclass,human facial hair --subclass of--> facial feature --has subclass--> Facial symmetry
row817,Q1847641|Q5906082,Q1847641,human facial hair,Q5906082,horseshoe moustache,1,1,INCLUDE,0.98,1,INCLUDE,0.98,2,2,Q15179,moustache,(-)P279,has subclass,human facial hair --has subclass--> moustache --has subclass--> horseshoe moustache
row819,Q1847641|Q5506845,Q1847641,human facial hair,Q5506845,Fu Manchu moustache,1,1,INCLUDE,0.98,1,INCLUDE,0.98,2,2,Q15179,moustache,(-)P279,has subclass,human facial hair --has subclass--> moustache --has subclass--> Fu Manchu moustache
row820,Q1847641|Q1068553,Q1847641,human facial hair,Q1068553,facial skeleton,0,0,EXCLUDE,0.99,0,EXCLUDE,0.99,2,2,Q18534278,facial feature,(-)P279,has subclass,human facial hair --subclass of--> facial feature --has subclass--> facial skeleton
row821,Q1847641|Q5431487,Q1847641,human facial hair,Q5431487,fake moustache,1,1,INCLUDE,0.9,1,INCLUDE,0.9,2,2,Q15179,moustache,(-)P279,has subclass,human facial hair --has subclass--> moustache --has subclass--> fake moustache
row822,Q1847641|Q5428568,Q1847641,human facial hair,Q5428568,facial resemblance,0,0,EXCLUDE,0.99,0,EXCLUDE,0.99,2,2,Q18534278,facial feature,(-)P279,has subclass,human facial hair --subclass of--> facial feature --has subclass--> facial resemblance
row506,Q188273|Q210167,Q188273,Ubisoft,Q210167,video game developer,1,1,INCLUDE,0.99,1,INCLUDE,0.99,1,1,Q188273,Ubisoft,P31,instance of,Ubisoft --instance of--> video game developer
row507,Q188273|Q1137109,Q188273,Ubisoft,Q1137109,video game publisher,1,1,INCLUDE,0.99,1,INCLUDE,0.99,1,1,Q188273,Ubisoft,P31,instance of,Ubisoft --instance of--> video game publisher
row508,Q188273|Q891723,Q188273,Ubisoft,Q891723,public company,1,1,INCLUDE,0.98,1,INCLUDE,0.98,1,1,Q188273,Ubisoft,P31,instance of,Ubisoft --instance of--> public company
row509,Q188273|Q43229,Q188273,Ubisoft,Q43229,organization,1,1,INCLUDE,0.96,1,INCLUDE,0.96,1,1,Q188273,Ubisoft,P31,instance of,Ubisoft --instance of--> organization
row512,Q188273|Q5163232,Q188273,Ubisoft,Q5163232,Consistory,0,1,INCLUDE,0.75,1,INCLUDE,0.75,2,2,Q43229,organization,(-)P279,has subclass,Ubisoft --instance of--> organization --has subclass--> Consistory
row513,Q188273|Q255632,Q188273,Ubisoft,Q255632,cathedral works,0,0,EXCLUDE,0.99,0,EXCLUDE,0.99,2,2,Q43229,organization,(-)P279,has subclass,Ubisoft --instance of--> organization --has subclass--> cathedral works
row514,Q188273|Q1193702,Q188273,Ubisoft,Q1193702,parliamentary opposition,0,0,EXCLUDE,0.99,0,EXCLUDE,0.99,2,2,Q43229,organization,(-)P279,has subclass,Ubisoft --instance of--> organization --has subclass--> parliamentary opposition
row515,Q188273|Q5419285,Q188273,Ubisoft,Q5419285,examination board,0,1,INCLUDE,0.78,1,INCLUDE,0.78,2,2,Q43229,organization,(-)P279,has subclass,Ubisoft --instance of--> organization --has subclass--> examination board
row516,Q188273|Q7248095,Q188273,Ubisoft,Q7248095,professional services network,0,0,EXCLUDE,0.95,0,EXCLUDE,0.95,2,2,Q43229,organization,(-)P279,has subclass,Ubisoft --instance of--> organization --has subclass--> professional services network
row517,Q188273|Q681615,Q188273,Ubisoft,Q681615,syndicate,0,0,EXCLUDE,0.97,0,EXCLUDE,0.97,2,2,Q43229,organization,(-)P279,has subclass,Ubisoft --instance of--> organization --has subclass--> syndicate
row519,Q188273|Q18534571,Q188273,Ubisoft,Q18534571,medical research center,0,0,EXCLUDE,0.98,0,EXCLUDE,0.98,2,2,Q43229,organization,(-)P279,has subclass,Ubisoft --instance of--> organization --has subclass--> medical research center
row520,Q188273|Q108873226,Q188273,Ubisoft,Q108873226,Clandestine Organization,0,0,EXCLUDE,0.98,0,EXCLUDE,0.98,2,2,Q43229,organization,(-)P279,has subclass,Ubisoft --instance of--> organization --has subclass--> Clandestine Organization
row521,Q188273|Q7157353,Q188273,Ubisoft,Q7157353,peace commission,0,0,EXCLUDE,0.98,0,EXCLUDE,0.98,2,2,Q43229,organization,(-)P279,has subclass,Ubisoft --instance of--> organization --has subclass--> peace commission
row522,Q188273|Q47533065,Q188273,Ubisoft,Q47533065,disability organization,0,0,EXCLUDE,0.98,0,EXCLUDE,0.98,2,2,Q43229,organization,(-)P279,has subclass,Ubisoft --instance of--> organization --has subclass--> disability organization
row524,Q188273|Q65177617,Q188273,Ubisoft,Q65177617,Unification movement (Unification Church),0,0,EXCLUDE,0.99,0,EXCLUDE,0.99,2,2,Q43229,organization,(-)P279,has subclass,Ubisoft --instance of--> organization --has subclass--> Unification movement (Unification Church)
row527,Q188273|Q1032372,Q188273,Ubisoft,Q1032372,hackerspace,0,0,EXCLUDE,0.98,0,EXCLUDE,0.98,2,2,Q43229,organization,(-)P279,has subclass,Ubisoft --instance of--> organization --has subclass--> hackerspace
row528,Q188273|Q4810155,Q188273,Ubisoft,Q4810155,Association with lucrative purpose,0,0,EXCLUDE,0.97,0,EXCLUDE,0.97,2,2,Q43229,organization,(-)P279,has subclass,Ubisoft --instance of--> organization --has subclass--> Association with lucrative purpose
row529,Q188273|Q3184737,Q188273,Ubisoft,Q3184737,cathedral chapter,0,0,EXCLUDE,0.99,0,EXCLUDE,0.99,2,2,Q43229,organization,(-)P279,has subclass,Ubisoft --instance of--> organization --has subclass--> cathedral chapter
row530,Q188273|Q3480110,Q188273,Ubisoft,Q3480110,Service d'inspection,0,0,EXCLUDE,0.95,0,EXCLUDE,0.95,2,2,Q43229,organization,(-)P279,has subclass,Ubisoft --instance of--> organization --has subclass--> Service d'inspection
row531,Q188273|Q1502514,Q188273,Ubisoft,Q1502514,cooperative movement,0,0,EXCLUDE,0.98,0,EXCLUDE,0.98,2,2,Q43229,organization,(-)P279,has subclass,Ubisoft --instance of--> organization --has subclass--> cooperative movement
row532,Q188273|Q3029462,Q188273,Ubisoft,Q3029462,specialized directorates of fiscal control,0,0,EXCLUDE,0.96,0,EXCLUDE,0.96,2,2,Q43229,organization,(-)P279,has subclass,Ubisoft --instance of--> organization --has subclass--> specialized directorates of fiscal control
row533,Q188273|Q106509528,Q188273,Ubisoft,Q106509528,Polish House,0,0,EXCLUDE,0.99,0,EXCLUDE,0.99,2,2,Q43229,organization,(-)P279,has subclass,Ubisoft --instance of--> organization --has subclass--> Polish House
row534,Q188273|Q6515414,Q188273,Ubisoft,Q6515414,student welfare organisation,0,0,EXCLUDE,0.98,0,EXCLUDE,0.98,2,2,Q43229,organization,(-)P279,has subclass,Ubisoft --instance of--> organization --has subclass--> student welfare organisation
row535,Q188273|Q16985923,Q188273,Ubisoft,Q16985923,Independent Monitoring Board,0,0,EXCLUDE,0.97,0,EXCLUDE,0.97,2,2,Q43229,organization,(-)P279,has subclass,Ubisoft --instance of--> organization --has subclass--> Independent Monitoring Board
row537,Q188273|Q2069741,Q188273,Ubisoft,Q2069741,Matha,0,0,EXCLUDE,0.99,0,EXCLUDE,0.99,2,2,Q43229,organization,(-)P279,has subclass,Ubisoft --instance of--> organization --has subclass--> Matha
row538,Q188273|Q5774403,Q188273,Ubisoft,Q5774403,historical society,0,0,EXCLUDE,0.98,0,EXCLUDE,0.98,2,2,Q43229,organization,(-)P279,has subclass,Ubisoft --instance of--> organization --has subclass--> historical society
row540,Q188273|Q101067829,Q188273,Ubisoft,Q101067829,agricultural extension system,0,0,EXCLUDE,0.98,0,EXCLUDE,0.98,2,2,Q43229,organization,(-)P279,has subclass,Ubisoft --instance of--> organization --has subclass--> agricultural extension system
row541,Q188273|Q33114024,Q188273,Ubisoft,Q33114024,exile organization,0,0,EXCLUDE,0.99,0,EXCLUDE,0.99,2,2,Q43229,organization,(-)P279,has subclass,Ubisoft --instance of--> organization --has subclass--> exile organization
row543,Q188273|Q996839,Q188273,Ubisoft,Q996839,fraternal organization,0,0,EXCLUDE,0.98,0,EXCLUDE,0.98,2,2,Q43229,organization,(-)P279,has subclass,Ubisoft --instance of--> organization --has subclass--> fraternal organization
row544,Q188273|Q83425186,Q188273,Ubisoft,Q83425186,NHS board,0,0,EXCLUDE,0.97,0,EXCLUDE,0.97,2,2,Q43229,organization,(-)P279,has subclass,Ubisoft --instance of--> organization --has subclass--> NHS board
row546,Q188273|Q2801262,Q188273,Ubisoft,Q2801262,hacker group,0,0,EXCLUDE,0.96,0,EXCLUDE,0.96,2,2,Q43229,organization,(-)P279,has subclass,Ubisoft --instance of--> organization --has subclass--> hacker group
row547,Q188273|Q106765575,Q188273,Ubisoft,Q106765575,order,0,0,EXCLUDE,0.98,0,EXCLUDE,0.98,2,2,Q43229,organization,(-)P279,has subclass,Ubisoft --instance of--> organization --has subclass--> order
row548,Q188273|Q877724,Q188273,Ubisoft,Q877724,Seniorat,0,0,EXCLUDE,0.97,0,EXCLUDE,0.97,2,2,Q43229,organization,(-)P279,has subclass,Ubisoft --instance of--> organization --has subclass--> Seniorat
row549,Q188273|Q96983545,Q188273,Ubisoft,Q96983545,cycle repair shop,0,0,EXCLUDE,0.96,0,EXCLUDE,0.96,2,2,Q43229,organization,(-)P279,has subclass,Ubisoft --instance of--> organization --has subclass--> cycle repair shop
row550,Q188273|Q3023650,Q188273,Ubisoft,Q3023650,social rental office,0,0,EXCLUDE,0.96,0,EXCLUDE,0.96,2,2,Q43229,organization,(-)P279,has subclass,Ubisoft --instance of--> organization --has subclass--> social rental office
row385,Q195|Q25403900,Q195,chocolate,Q25403900,food ingredient,1,1,INCLUDE,0.95,1,INCLUDE,0.95,1,1,Q195,chocolate,P279,subclass of,chocolate --subclass of--> food ingredient
row386,Q195|Q2596997,Q195,chocolate,Q2596997,condiment,1,0,EXCLUDE,0.93,0,EXCLUDE,0.93,1,1,Q195,chocolate,P279,subclass of,chocolate --subclass of--> condiment
row387,Q195|Q181042,Q195,chocolate,Q181042,Kinder Surprise,1,0,EXCLUDE,0.97,0,EXCLUDE,0.97,1,1,Q195,chocolate,(-)P279,has subclass,chocolate --has subclass--> Kinder Surprise
row388,Q195|Q1365365,Q195,chocolate,Q1365365,stimulant foodstuff,1,0,EXCLUDE,0.92,0,EXCLUDE,0.92,1,1,Q195,chocolate,P279,subclass of,chocolate --subclass of--> stimulant foodstuff
row389,Q195|Q23461185,Q195,chocolate,Q23461185,organic chocolate,1,1,INCLUDE,0.9,1,INCLUDE,0.9,1,1,Q195,chocolate,(-)P279,has subclass,chocolate --has subclass--> organic chocolate
row390,Q195|Q5159627,Q195,chocolate,Q5159627,confection,1,1,INCLUDE,0.94,1,INCLUDE,0.94,1,1,Q195,chocolate,P279,subclass of,chocolate --subclass of--> confection
row391,Q195|Q1063560,Q195,chocolate,Q1063560,chocolate truffle,1,1,INCLUDE,0.92,1,INCLUDE,0.92,1,1,Q195,chocolate,(-)P279,has subclass,chocolate --has subclass--> chocolate truffle
row392,Q195|Q757388,Q195,chocolate,Q757388,Milka,1,0,EXCLUDE,0.88,0,EXCLUDE,0.88,1,1,Q195,chocolate,(-)P279,has subclass,chocolate --has subclass--> Milka
row393,Q195|Q752276,Q195,chocolate,Q752276,functional food,1,0,EXCLUDE,0.93,0,EXCLUDE,0.93,1,1,Q195,chocolate,P279,subclass of,chocolate --subclass of--> functional food
row394,Q195|Q895177,Q195,chocolate,Q895177,bouquet garni,0,0,PRUNED_BY_ANCESTOR,,0,EXCLUDE,0.91,2,2,Q2596997,condiment,(-)P279,has subclass,chocolate --subclass of--> condiment --has subclass--> bouquet garni
row395,Q195|Q18547489,Q195,chocolate,Q18547489,Thasian sauce,0,0,PRUNED_BY_ANCESTOR,,0,EXCLUDE,0.9,2,2,Q2596997,condiment,(-)P279,has subclass,chocolate --subclass of--> condiment --has subclass--> Thasian sauce
row396,Q195|Q13261,Q195,chocolate,Q13261,hot chocolate,1,0,PRUNED_BY_ANCESTOR,,0,EXCLUDE,0.95,2,2,Q1365365,stimulant foodstuff,(-)P279,has subclass,chocolate --subclass of--> stimulant foodstuff --has subclass--> hot chocolate
row397,Q195|Q10987,Q195,chocolate,Q10987,honey,0,0,EXCLUDE,0.97,0,EXCLUDE,0.97,2,2,Q5159627,confection,(-)P279,has subclass,chocolate --subclass of--> confection --has subclass--> honey
row398,Q195|Q41354,Q195,chocolate,Q41354,vinegar,0,0,PRUNED_BY_ANCESTOR,,0,EXCLUDE,0.96,2,2,Q2596997,condiment,(-)P279,has subclass,chocolate --subclass of--> condiment --has subclass--> vinegar
row399,Q195|Q167893,Q195,chocolate,Q167893,mayonnaise,0,0,PRUNED_BY_ANCESTOR,,0,EXCLUDE,0.96,2,2,Q2596997,condiment,(-)P279,has subclass,chocolate --subclass of--> condiment --has subclass--> mayonnaise
row471,Q196538|Q54167390,Q196538,microscope,Q54167390,lucernal microscope,1,1,INCLUDE,0.98,1,INCLUDE,0.98,1,1,Q196538,microscope,(-)P279,has subclass,microscope --has subclass--> lucernal microscope
row472,Q196538|Q1751850,Q196538,microscope,Q1751850,optical instrument,1,1,INCLUDE,0.97,1,INCLUDE,0.97,1,1,Q196538,microscope,P279,subclass of,microscope --subclass of--> optical instrument
row473,Q196538|Q901823,Q196538,microscope,Q901823,ultramicroscope,1,1,INCLUDE,0.98,1,INCLUDE,0.98,1,1,Q196538,microscope,(-)P279,has subclass,microscope --has subclass--> ultramicroscope
row474,Q196538|Q1463415,Q196538,microscope,Q1463415,inverted microscope,1,1,INCLUDE,0.98,1,INCLUDE,0.98,1,1,Q196538,microscope,(-)P279,has subclass,microscope --has subclass--> inverted microscope
row475,Q196538|Q7187868,Q196538,microscope,Q7187868,Photonic force microscope,1,1,INCLUDE,0.96,1,INCLUDE,0.96,1,1,Q196538,microscope,(-)P279,has subclass,microscope --has subclass--> Photonic force microscope
row476,Q196538|Q17092661,Q196538,microscope,Q17092661,Recurrence tracking microscope,1,1,INCLUDE,0.9,1,INCLUDE,0.9,1,1,Q196538,microscope,(-)P279,has subclass,microscope --has subclass--> Recurrence tracking microscope
row477,Q196538|Q1981926,Q196538,microscope,Q1981926,Neutron microscope,1,1,INCLUDE,0.95,1,INCLUDE,0.95,1,1,Q196538,microscope,(-)P279,has subclass,microscope --has subclass--> Neutron microscope
row478,Q196538|Q8320,Q196538,microscope,Q8320,optical printer,0,0,EXCLUDE,0.99,0,EXCLUDE,0.99,2,2,Q1751850,optical instrument,(-)P279,has subclass,microscope --subclass of--> optical instrument --has subclass--> optical printer
row479,Q196538|Q5396251,Q196538,microscope,Q5396251,erygmascope,0,0,EXCLUDE,0.96,0,EXCLUDE,0.96,2,2,Q1751850,optical instrument,(-)P279,has subclass,microscope --subclass of--> optical instrument --has subclass--> erygmascope
row480,Q196538|Q15328,Q196538,microscope,Q15328,camera,0,0,EXCLUDE,0.99,0,EXCLUDE,0.99,2,2,Q1751850,optical instrument,(-)P279,has subclass,microscope --subclass of--> optical instrument --has subclass--> camera
row869,Q2|Q128207,Q2,Earth,Q128207,terrestrial planet,1,1,INCLUDE,0.99,1,INCLUDE,0.99,1,1,Q2,Earth,P31,instance of,Earth --instance of--> terrestrial planet
row870,Q2|Q3504248,Q2,Earth,Q3504248,inner planet of the Solar System,1,1,INCLUDE,0.98,1,INCLUDE,0.98,1,1,Q2,Earth,P31,instance of,Earth --instance of--> inner planet of the Solar System
row871,Q2|Q82794,Q2,Earth,Q82794,geographic region,1,1,INCLUDE,0.97,1,INCLUDE,0.97,1,1,Q2,Earth,P31,instance of,Earth --instance of--> geographic region
row872,Q2|Q486972,Q2,Earth,Q486972,human settlement,1,1,INCLUDE,0.86,1,INCLUDE,0.86,2,2,Q82794,geographic region,(-)P279,has subclass,Earth --instance of--> geographic region --has subclass--> human settlement
row873,Q2|Q198782,Q2,Earth,Q198782,tropical cyclone basin,0,0,EXCLUDE,0.9,0,EXCLUDE,0.9,2,2,Q82794,geographic region,(-)P279,has subclass,Earth --instance of--> geographic region --has subclass--> tropical cyclone basin
row874,Q2|Q10535394,Q2,Earth,Q10535394,informal region,0,1,INCLUDE,0.88,1,INCLUDE,0.88,2,2,Q82794,geographic region,(-)P279,has subclass,Earth --instance of--> geographic region --has subclass--> informal region
row875,Q2|Q205895,Q2,Earth,Q205895,landmass,1,1,INCLUDE,0.91,1,INCLUDE,0.91,2,2,Q82794,geographic region,(-)P279,has subclass,Earth --instance of--> geographic region --has subclass--> landmass
row876,Q2|Q1140140,Q2,Earth,Q1140140,mainland,0,1,INCLUDE,0.9,1,INCLUDE,0.9,2,2,Q82794,geographic region,(-)P279,has subclass,Earth --instance of--> geographic region --has subclass--> mainland
row878,Q2|Q2670101,Q2,Earth,Q2670101,Earth analog,1,1,INCLUDE,0.97,1,INCLUDE,0.97,2,2,Q128207,terrestrial planet,(-)P279,has subclass,Earth --instance of--> terrestrial planet --has subclass--> Earth analog
row879,Q2|Q327757,Q2,Earth,Q327757,super-Earth,1,0,EXCLUDE,0.94,0,EXCLUDE,0.94,2,2,Q128207,terrestrial planet,(-)P279,has subclass,Earth --instance of--> terrestrial planet --has subclass--> super-Earth
row880,Q2|Q399984,Q2,Earth,Q399984,hemisphere of the Earth,1,0,EXCLUDE,0.95,0,EXCLUDE,0.95,2,2,Q82794,geographic region,(-)P279,has subclass,Earth --instance of--> geographic region --has subclass--> hemisphere of the Earth
row881,Q2|Q15129745,Q2,Earth,Q15129745,sub-Earth,1,0,EXCLUDE,0.98,0,EXCLUDE,0.98,2,2,Q128207,terrestrial planet,(-)P279,has subclass,Earth --instance of--> terrestrial planet --has subclass--> sub-Earth
row882,Q2|Q1200957,Q2,Earth,Q1200957,tourist destination,0,0,EXCLUDE,0.96,0,EXCLUDE,0.96,2,2,Q82794,geographic region,(-)P279,has subclass,Earth --instance of--> geographic region --has subclass--> tourist destination
row883,Q2|Q7925010,Q2,Earth,Q7925010,vice-county,0,0,EXCLUDE,0.95,0,EXCLUDE,0.95,2,2,Q82794,geographic region,(-)P279,has subclass,Earth --instance of--> geographic region --has subclass--> vice-county
row829,Q201664|Q7538697,Q201664,bracelet,Q7538697,Slap bracelet,1,1,INCLUDE,0.99,1,INCLUDE,0.99,1,1,Q201664,bracelet,(-)P279,has subclass,bracelet --has subclass--> Slap bracelet
row830,Q201664|Q7120070,Q201664,bracelet,Q7120070,POW bracelet,1,1,INCLUDE,0.98,1,INCLUDE,0.98,1,1,Q201664,bracelet,(-)P279,has subclass,bracelet --has subclass--> POW bracelet
row831,Q201664|Q4470686,Q201664,bracelet,Q4470686,decoration,1,0,EXCLUDE,0.93,0,EXCLUDE,0.93,1,1,Q201664,bracelet,P279,subclass of,bracelet --subclass of--> decoration
row832,Q201664|Q16839772,Q201664,bracelet,Q16839772,Gel bracelet,1,1,INCLUDE,0.99,1,INCLUDE,0.99,1,1,Q201664,bracelet,(-)P279,has subclass,bracelet --has subclass--> Gel bracelet
row833,Q201664|Q488720,Q201664,bracelet,Q488720,charm bracelet,1,1,INCLUDE,0.99,1,INCLUDE,0.99,1,1,Q201664,bracelet,(-)P279,has subclass,bracelet --has subclass--> charm bracelet
row834,Q201664|Q1455890,Q201664,bracelet,Q1455890,friendship bracelet,1,1,INCLUDE,0.99,1,INCLUDE,0.99,1,1,Q201664,bracelet,(-)P279,has subclass,bracelet --has subclass--> friendship bracelet
row835,Q201664|Q3575260,Q201664,bracelet,Q3575260,bijou,1,0,EXCLUDE,0.9,0,EXCLUDE,0.9,1,1,Q201664,bracelet,P279,subclass of,bracelet --subclass of--> bijou
row836,Q201664|Q46847,Q201664,bracelet,Q46847,ring,1,0,PRUNED_BY_ANCESTOR,,0,EXCLUDE,0.97,2,2,Q3575260,bijou,(-)P279,has subclass,bracelet --subclass of--> bijou --has subclass--> ring
row837,Q201664|Q2111434,Q201664,bracelet,Q2111434,pendant,1,0,PRUNED_BY_ANCESTOR,,0,EXCLUDE,0.97,2,2,Q3575260,bijou,(-)P279,has subclass,bracelet --subclass of--> bijou --has subclass--> pendant
row838,Q201664|Q161439,Q201664,bracelet,Q161439,jewelry,1,0,PRUNED_BY_ANCESTOR,,0,EXCLUDE,0.92,2,2,Q4470686,decoration,(-)P279,has subclass,bracelet --subclass of--> decoration --has subclass--> jewelry
row839,Q201664|Q11796413,Q201664,bracelet,Q11796413,decoration,1,0,PRUNED_BY_ANCESTOR,,0,EXCLUDE,0.94,2,2,Q4470686,decoration,(-)P279,has subclass,bracelet --subclass of--> decoration --has subclass--> decoration
row794,Q207472|Q5741069,Q207472,Toto,Q5741069,rock group,1,1,INCLUDE,0.99,1,INCLUDE,0.99,1,1,Q207472,Toto,P31,instance of,Toto --instance of--> rock group
row802,Q209330|Q2721136,Q209330,Instagram,Q2721136,image hosting service,1,0,EXCLUDE,0.98,0,EXCLUDE,0.98,1,1,Q209330,Instagram,P31,instance of,Instagram --instance of--> image hosting service
row803,Q209330|Q35127,Q209330,Instagram,Q35127,website,1,1,INCLUDE,0.98,1,INCLUDE,0.98,1,1,Q209330,Instagram,P31,instance of,Instagram --instance of--> website
row804,Q209330|Q620615,Q209330,Instagram,Q620615,mobile app,1,1,INCLUDE,0.99,1,INCLUDE,0.99,1,1,Q209330,Instagram,P31,instance of,Instagram --instance of--> mobile app
row805,Q209330|Q3220391,Q209330,Instagram,Q3220391,social networking service,1,1,INCLUDE,0.99,1,INCLUDE,0.99,1,1,Q209330,Instagram,P31,instance of,Instagram --instance of--> social networking service
row806,Q209330|Q559856,Q209330,Instagram,Q559856,online video platform,1,1,INCLUDE,0.98,1,INCLUDE,0.98,1,1,Q209330,Instagram,P31,instance of,Instagram --instance of--> online video platform
row807,Q209330|Q110643339,Q209330,Instagram,Q110643339,adult tube site,0,0,EXCLUDE,0.97,0,EXCLUDE,0.97,2,2,Q559856,online video platform,(-)P279,has subclass,Instagram --instance of--> online video platform --has subclass--> adult tube site
row808,Q209330|Q60784896,Q209330,Instagram,Q60784896,Internet audio-visual programming service provider,0,0,EXCLUDE,0.86,0,EXCLUDE,0.86,2,2,Q559856,online video platform,(-)P279,has subclass,Instagram --instance of--> online video platform --has subclass--> Internet audio-visual programming service provider
row778,Q223127|Q6881511,Q223127,Logitech,Q6881511,enterprise,1,0,EXCLUDE,0.99,0,EXCLUDE,0.99,1,1,Q223127,Logitech,P31,instance of,Logitech --instance of--> enterprise
row779,Q223127|Q4830453,Q223127,Logitech,Q4830453,business,1,0,EXCLUDE,0.98,0,EXCLUDE,0.98,1,1,Q223127,Logitech,P31,instance of,Logitech --instance of--> business
row780,Q223127|Q431289,Q223127,Logitech,Q431289,brand,1,1,INCLUDE,0.95,1,INCLUDE,0.95,1,1,Q223127,Logitech,P31,instance of,Logitech --instance of--> brand
row781,Q223127|Q891723,Q223127,Logitech,Q891723,public company,1,1,INCLUDE,0.93,1,INCLUDE,0.93,1,1,Q223127,Logitech,P31,instance of,Logitech --instance of--> public company
row782,Q223127|Q18388277,Q223127,Logitech,Q18388277,technology company,1,1,INCLUDE,0.97,1,INCLUDE,0.97,1,1,Q223127,Logitech,P31,instance of,Logitech --instance of--> technology company
row783,Q223127|Q1058914,Q223127,Logitech,Q1058914,software company,1,0,EXCLUDE,0.9,0,EXCLUDE,0.9,2,2,Q18388277,technology company,(-)P279,has subclass,Logitech --instance of--> technology company --has subclass--> software company
row784,Q223127|Q13637823,Q223127,Logitech,Q13637823,Independent hardware vendor,1,1,INCLUDE,0.82,1,INCLUDE,0.82,2,2,Q18388277,technology company,(-)P279,has subclass,Logitech --instance of--> technology company --has subclass--> Independent hardware vendor
row495,Q2283|Q1058914,Q2283,Microsoft,Q1058914,software company,1,1,INCLUDE,0.98,1,INCLUDE,0.98,1,1,Q2283,Microsoft,P31,instance of,Microsoft --instance of--> software company
row496,Q2283|Q891723,Q2283,Microsoft,Q891723,public company,1,1,INCLUDE,0.95,1,INCLUDE,0.95,1,1,Q2283,Microsoft,P31,instance of,Microsoft --instance of--> public company
row497,Q2283|Q18388277,Q2283,Microsoft,Q18388277,technology company,1,1,INCLUDE,0.97,1,INCLUDE,0.97,1,1,Q2283,Microsoft,P31,instance of,Microsoft --instance of--> technology company
row498,Q2283|Q4830453,Q2283,Microsoft,Q4830453,business,1,0,EXCLUDE,0.96,0,EXCLUDE,0.96,1,1,Q2283,Microsoft,P31,instance of,Microsoft --instance of--> business
row499,Q2283|Q13637823,Q2283,Microsoft,Q13637823,Independent hardware vendor,1,0,EXCLUDE,0.93,0,EXCLUDE,0.93,2,2,Q18388277,technology company,(-)P279,has subclass,Microsoft --instance of--> technology company --has subclass--> Independent hardware vendor
row316,Q22907849|Q40056,Q22907849,Discord,Q40056,computer program,1,1,INCLUDE,0.97,1,INCLUDE,0.97,1,1,Q22907849,Discord,P31,instance of,Discord --instance of--> computer program
row317,Q22907849|Q28051323,Q22907849,Discord,Q28051323,video-conferencing software,1,0,EXCLUDE,0.86,0,EXCLUDE,0.86,1,1,Q22907849,Discord,P31,instance of,Discord --instance of--> video-conferencing software
row318,Q22907849|Q15614021,Q22907849,Discord,Q15614021,VoIP software,1,1,INCLUDE,0.92,1,INCLUDE,0.92,1,1,Q22907849,Discord,P31,instance of,Discord --instance of--> VoIP software
row319,Q22907849|Q1668024,Q22907849,Discord,Q1668024,service on internet,1,0,EXCLUDE,0.9,0,EXCLUDE,0.9,1,1,Q22907849,Discord,P31,instance of,Discord --instance of--> service on internet
row320,Q22907849|Q2462003,Q22907849,Discord,Q2462003,instant messaging client,1,1,INCLUDE,0.96,1,INCLUDE,0.96,1,1,Q22907849,Discord,P31,instance of,Discord --instance of--> instant messaging client
row321,Q22907849|Q35127,Q22907849,Discord,Q35127,website,1,0,EXCLUDE,0.97,0,EXCLUDE,0.97,1,1,Q22907849,Discord,P31,instance of,Discord --instance of--> website
row322,Q22907849|Q620615,Q22907849,Discord,Q620615,mobile app,1,1,INCLUDE,0.95,1,INCLUDE,0.95,1,1,Q22907849,Discord,P31,instance of,Discord --instance of--> mobile app
row323,Q22907849|Q218616,Q22907849,Discord,Q218616,proprietary software,1,1,INCLUDE,0.98,1,INCLUDE,0.98,1,1,Q22907849,Discord,P31,instance of,Discord --instance of--> proprietary software
row324,Q22907849|Q287198,Q22907849,Discord,Q287198,online chat,1,1,INCLUDE,0.96,1,INCLUDE,0.96,1,1,Q22907849,Discord,P31,instance of,Discord --instance of--> online chat
row325,Q22907849|Q3220391,Q22907849,Discord,Q3220391,social networking service,1,1,INCLUDE,0.9,1,INCLUDE,0.9,1,1,Q22907849,Discord,P31,instance of,Discord --instance of--> social networking service
row326,Q22907849|Q84368158,Q22907849,Discord,Q84368158,health app,0,0,EXCLUDE,0.98,0,EXCLUDE,0.98,2,2,Q620615,mobile app,(-)P279,has subclass,Discord --instance of--> mobile app --has subclass--> health app
row327,Q22907849|Q466,Q22907849,Discord,Q466,World Wide Web,0,0,PRUNED_BY_ANCESTOR,,0,EXCLUDE,0.99,2,2,Q1668024,service on internet,(-)P279,has subclass,Discord --instance of--> service on internet --has subclass--> World Wide Web
row328,Q22907849|Q15548100,Q22907849,Discord,Q15548100,free instant messaging client,1,1,INCLUDE,0.95,1,INCLUDE,0.95,2,2,Q2462003,instant messaging client,(-)P279,has subclass,Discord --instance of--> instant messaging client --has subclass--> free instant messaging client
row329,Q22907849|Q3391957,Q22907849,Discord,Q3391957,online community platform,1,0,PRUNED_BY_ANCESTOR,,1,INCLUDE,0.92,2,2,Q1668024,service on internet,(-)P279,has subclass,Discord --instance of--> service on internet --has subclass--> online community platform
row330,Q22907849|Q109946538,Q22907849,Discord,Q109946538,Rocket League Sideswipe,0,0,EXCLUDE,0.99,0,EXCLUDE,0.99,2,2,Q620615,mobile app,(-)P279,has subclass,Discord --instance of--> mobile app --has subclass--> Rocket League Sideswipe
row331,Q22907849|Q1954906,Q22907849,Discord,Q1954906,music disk,0,0,EXCLUDE,0.99,0,EXCLUDE,0.99,2,2,Q40056,computer program,(-)P279,has subclass,Discord --instance of--> computer program --has subclass--> music disk
row332,Q22907849|Q63241860,Q22907849,Discord,Q63241860,streaming service,1,0,PRUNED_BY_ANCESTOR,,0,EXCLUDE,0.88,2,2,Q1668024,service on internet,(-)P279,has subclass,Discord --instance of--> service on internet --has subclass--> streaming service
row333,Q22907849|Q105103015,Q22907849,Discord,Q105103015,demo program,0,0,EXCLUDE,0.97,0,EXCLUDE,0.97,2,2,Q40056,computer program,(-)P279,has subclass,Discord --instance of--> computer program --has subclass--> demo program
row334,Q22907849|Q16825545,Q22907849,Discord,Q16825545,adult dating site,0,0,PRUNED_BY_ANCESTOR,,0,EXCLUDE,0.97,2,2,Q35127,website,(-)P279,has subclass,Discord --instance of--> website --has subclass--> adult dating site
row335,Q22907849|Q60678830,Q22907849,Discord,Q60678830,Smartphone apps for travellers,0,0,EXCLUDE,0.96,0,EXCLUDE,0.96,2,2,Q620615,mobile app,(-)P279,has subclass,Discord --instance of--> mobile app --has subclass--> Smartphone apps for travellers
row336,Q22907849|Q81945,Q22907849,Discord,Q81945,Voice over IP,1,0,PRUNED_BY_ANCESTOR,,1,INCLUDE,0.86,2,2,Q1668024,service on internet,(-)P279,has subclass,Discord --instance of--> service on internet --has subclass--> Voice over IP
row337,Q22907849|Q1149226,Q22907849,Discord,Q1149226,web chat,1,1,INCLUDE,0.97,1,INCLUDE,0.97,2,2,Q287198,online chat,(-)P279,has subclass,Discord --instance of--> online chat --has subclass--> web chat
row338,Q22907849|Q354869,Q22907849,Discord,Q354869,image sharing,1,0,PRUNED_BY_ANCESTOR,,0,EXCLUDE,0.95,2,2,Q35127,website,(-)P279,has subclass,Discord --instance of--> website --has subclass--> image sharing
row339,Q22907849|Q574577,Q22907849,Discord,Q574577,chat room,1,1,INCLUDE,0.98,1,INCLUDE,0.98,2,2,Q287198,online chat,(-)P279,has subclass,Discord --instance of--> online chat --has subclass--> chat room
row340,Q22907849|Q106471136,Q22907849,Discord,Q106471136,Wikimedia app,0,0,EXCLUDE,0.97,0,EXCLUDE,0.97,2,2,Q620615,mobile app,(-)P279,has subclass,Discord --instance of--> mobile app --has subclass--> Wikimedia app
row341,Q22907849|Q17589204,Q22907849,Discord,Q17589204,FootballDatabase.eu,0,0,PRUNED_BY_ANCESTOR,,0,EXCLUDE,0.98,2,2,Q35127,website,(-)P279,has subclass,Discord --instance of--> website --has subclass--> FootballDatabase.eu
row284,Q231136|Q13419255,Q231136,Encarta,Q13419255,hypertext encyclopedia,1,1,INCLUDE,0.99,1,INCLUDE,0.99,1,1,Q231136,Encarta,P31,instance of,Encarta --instance of--> hypertext encyclopedia
row285,Q231136|Q7397,Q231136,Encarta,Q7397,software,1,0,EXCLUDE,0.98,0,EXCLUDE,0.98,1,1,Q231136,Encarta,P31,instance of,Encarta --instance of--> software
row851,Q23572|Q5398426,Q23572,Game of Thrones,Q5398426,television series,1,1,INCLUDE,0.99,1,INCLUDE,0.99,1,1,Q23572,Game of Thrones,P31,instance of,Game of Thrones --instance of--> television series
row213,Q243|Q1440476,Q243,Eiffel Tower,Q1440476,lattice tower,1,1,INCLUDE,0.99,1,INCLUDE,0.99,1,1,Q243,Eiffel Tower,P31,instance of,Eiffel Tower --instance of--> lattice tower
row214,Q243|Q570116,Q243,Eiffel Tower,Q570116,tourist attraction,1,1,INCLUDE,0.93,1,INCLUDE,0.93,1,1,Q243,Eiffel Tower,P31,instance of,Eiffel Tower --instance of--> tourist attraction
row215,Q243|Q1440300,Q243,Eiffel Tower,Q1440300,observation tower,1,1,INCLUDE,0.96,1,INCLUDE,0.96,1,1,Q243,Eiffel Tower,P31,instance of,Eiffel Tower --instance of--> observation tower
row217,Q243|Q804399,Q243,Eiffel Tower,Q804399,Blaw-Knox tower,0,0,EXCLUDE,0.92,0,EXCLUDE,0.92,2,2,Q1440476,lattice tower,(-)P279,has subclass,Eiffel Tower --instance of--> lattice tower --has subclass--> Blaw-Knox tower
row823,Q244030|Q7889,Q244030,Diablo III,Q7889,video game,1,1,INCLUDE,0.99,1,INCLUDE,0.99,1,1,Q244030,Diablo III,P31,instance of,Diablo III --instance of--> video game
row824,Q244030|Q6895044,Q244030,Diablo III,Q6895044,multiplayer video game,1,1,INCLUDE,0.95,1,INCLUDE,0.95,2,2,Q7889,video game,(-)P279,has subclass,Diablo III --instance of--> video game --has subclass--> multiplayer video game
row825,Q244030|Q6561427,Q244030,Diablo III,Q6561427,console game,1,0,EXCLUDE,0.96,0,EXCLUDE,0.96,2,2,Q7889,video game,(-)P279,has subclass,Diablo III --instance of--> video game --has subclass--> console game
row826,Q244030|Q54767,Q244030,Diablo III,Q54767,puzzle video game,0,0,EXCLUDE,0.95,0,EXCLUDE,0.95,2,2,Q7889,video game,(-)P279,has subclass,Diablo III --instance of--> video game --has subclass--> puzzle video game
row827,Q244030|Q4485157,Q244030,Diablo III,Q4485157,PC game,1,1,INCLUDE,0.97,1,INCLUDE,0.97,2,2,Q7889,video game,(-)P279,has subclass,Diablo III --instance of--> video game --has subclass--> PC game
row828,Q244030|Q78444225,Q244030,Diablo III,Q78444225,Star Trek video game,0,0,EXCLUDE,0.94,0,EXCLUDE,0.94,2,2,Q7889,video game,(-)P279,has subclass,Diablo III --instance of--> video game --has subclass--> Star Trek video game
row431,Q2539|Q17013334,Q2539,machine learning,Q17013334,feature learning,1,1,INCLUDE,0.98,1,INCLUDE,0.98,1,1,Q2539,machine learning,(-)P279,has subclass,machine learning --has subclass--> feature learning
row432,Q2539|Q21198,Q2539,machine learning,Q21198,computer science,1,0,EXCLUDE,0.99,0,EXCLUDE,0.99,1,1,Q2539,machine learning,P279,subclass of,machine learning --subclass of--> computer science
row433,Q2539|Q192776,Q2539,machine learning,Q192776,artificial neural network,1,0,EXCLUDE,0.9,0,EXCLUDE,0.9,1,1,Q2539,machine learning,(-)P279,has subclass,machine learning --has subclass--> artificial neural network
row434,Q2539|Q6027324,Q2539,machine learning,Q6027324,transfer learning,1,1,INCLUDE,0.97,1,INCLUDE,0.97,1,1,Q2539,machine learning,(-)P279,has subclass,machine learning --has subclass--> transfer learning
row435,Q2539|Q378859,Q2539,machine learning,Q378859,pattern recognition,1,1,INCLUDE,0.88,1,INCLUDE,0.88,1,1,Q2539,machine learning,(-)P279,has subclass,machine learning --has subclass--> pattern recognition
row436,Q2539|Q11660,Q2539,machine learning,Q11660,artificial intelligence,1,1,INCLUDE,0.96,1,INCLUDE,0.96,1,1,Q2539,machine learning,P279,subclass of,machine learning --subclass of--> artificial intelligence
row437,Q2539|Q1152135,Q2539,machine learning,Q1152135,unsupervised learning,1,1,INCLUDE,0.99,1,INCLUDE,0.99,1,1,Q2539,machine learning,(-)P279,has subclass,machine learning --has subclass--> unsupervised learning
row438,Q2539|Q11862829,Q2539,machine learning,Q11862829,academic discipline,1,1,INCLUDE,0.93,1,INCLUDE,0.93,1,1,Q2539,machine learning,P31,instance of,machine learning --instance of--> academic discipline
row439,Q2539|Q64811550,Q2539,machine learning,Q64811550,Ocean Resource Management and Policy,0,0,EXCLUDE,0.98,0,EXCLUDE,0.98,2,2,Q11862829,academic discipline,(-)P279,has subclass,machine learning --instance of--> academic discipline --has subclass--> Ocean Resource Management and Policy
row440,Q2539|Q20722857,Q2539,machine learning,Q20722857,Deep Q-Network,1,0,PRUNED_BY_ANCESTOR,,1,INCLUDE,0.97,2,2,Q192776,artificial neural network,(-)P279,has subclass,machine learning --has subclass--> artificial neural network --has subclass--> Deep Q-Network
row441,Q2539|Q108366200,Q2539,machine learning,Q108366200,graduate specialization,1,1,INCLUDE,0.88,1,INCLUDE,0.88,2,2,Q11862829,academic discipline,(-)P279,has subclass,machine learning --instance of--> academic discipline --has subclass--> graduate specialization
row442,Q2539|Q4875410,Q2539,machine learning,Q4875410,Bayesian confidence propagation neural network,1,0,PRUNED_BY_ANCESTOR,,1,INCLUDE,0.96,2,2,Q192776,artificial neural network,(-)P279,has subclass,machine learning --has subclass--> artificial neural network --has subclass--> Bayesian confidence propagation neural network
row443,Q2539|Q40890078,Q2539,machine learning,Q40890078,Explainable AI,1,0,EXCLUDE,0.9,0,EXCLUDE,0.9,2,2,Q11660,artificial intelligence,(-)P279,has subclass,machine learning --subclass of--> artificial intelligence --has subclass--> Explainable AI
row444,Q2539|Q5064071,Q2539,machine learning,Q5064071,cerebellar model articulation controller,0,0,PRUNED_BY_ANCESTOR,,1,INCLUDE,0.97,2,2,Q192776,artificial neural network,(-)P279,has subclass,machine learning --has subclass--> artificial neural network --has subclass--> cerebellar model articulation controller
row445,Q2539|Q1936384,Q2539,machine learning,Q1936384,area of mathematics,1,0,EXCLUDE,0.95,0,EXCLUDE,0.95,2,2,Q11862829,academic discipline,(-)P279,has subclass,machine learning --instance of--> academic discipline --has subclass--> area of mathematics
row446,Q2539|Q64809896,Q2539,machine learning,Q64809896,International Business and Marketing,0,0,EXCLUDE,0.98,0,EXCLUDE,0.98,2,2,Q11862829,academic discipline,(-)P279,has subclass,machine learning --instance of--> academic discipline --has subclass--> International Business and Marketing
row447,Q2539|Q64808211,Q2539,machine learning,Q64808211,Urban and Regional Planning,0,0,EXCLUDE,0.98,0,EXCLUDE,0.98,2,2,Q11862829,academic discipline,(-)P279,has subclass,machine learning --instance of--> academic discipline --has subclass--> Urban and Regional Planning
row448,Q2539|Q5441227,Q2539,machine learning,Q5441227,feedforward neural network,1,0,PRUNED_BY_ANCESTOR,,1,INCLUDE,0.98,2,2,Q192776,artificial neural network,(-)P279,has subclass,machine learning --has subclass--> artificial neural network --has subclass--> feedforward neural network
row449,Q2539|Q87058424,Q2539,machine learning,Q87058424,branch of geology,0,0,EXCLUDE,0.97,0,EXCLUDE,0.97,2,2,Q11862829,academic discipline,(-)P279,has subclass,machine learning --instance of--> academic discipline --has subclass--> branch of geology
row450,Q2539|Q64809114,Q2539,machine learning,Q64809114,Media and Communication,0,0,EXCLUDE,0.97,0,EXCLUDE,0.97,2,2,Q11862829,academic discipline,(-)P279,has subclass,machine learning --instance of--> academic discipline --has subclass--> Media and Communication
row451,Q2539|Q4740894,Q2539,machine learning,Q4740894,fish disease and parasites,0,0,EXCLUDE,0.96,0,EXCLUDE,0.96,2,2,Q11862829,academic discipline,(-)P279,has subclass,machine learning --instance of--> academic discipline --has subclass--> fish disease and parasites
row452,Q2539|Q55693875,Q2539,machine learning,Q55693875,International Economic Relationships,0,0,EXCLUDE,0.98,0,EXCLUDE,0.98,2,2,Q11862829,academic discipline,(-)P279,has subclass,machine learning --instance of--> academic discipline --has subclass--> International Economic Relationships
row453,Q2539|Q7617824,Q2539,machine learning,Q7617824,stochastic neural network,1,0,PRUNED_BY_ANCESTOR,,1,INCLUDE,0.96,2,2,Q192776,artificial neural network,(-)P279,has subclass,machine learning --has subclass--> artificial neural network --has subclass--> stochastic neural network
row454,Q2539|Q55693892,Q2539,machine learning,Q55693892,Fishery and Aquaculture,0,0,EXCLUDE,0.97,0,EXCLUDE,0.97,2,2,Q11862829,academic discipline,(-)P279,has subclass,machine learning --instance of--> academic discipline --has subclass--> Fishery and Aquaculture
row455,Q2539|Q85810444,Q2539,machine learning,Q85810444,transformer,1,0,PRUNED_BY_ANCESTOR,,1,INCLUDE,0.99,2,2,Q192776,artificial neural network,(-)P279,has subclass,machine learning --has subclass--> artificial neural network --has subclass--> transformer
row456,Q2539|Q54811238,Q2539,machine learning,Q54811238,graph convolutional network,1,0,PRUNED_BY_ANCESTOR,,1,INCLUDE,0.99,2,2,Q192776,artificial neural network,(-)P279,has subclass,machine learning --has subclass--> artificial neural network --has subclass--> graph convolutional network
row457,Q2539|Q55693888,Q2539,machine learning,Q55693888,Bulgarian Philology,0,0,EXCLUDE,0.98,0,EXCLUDE,0.98,2,2,Q11862829,academic discipline,(-)P279,has subclass,machine learning --instance of--> academic discipline --has subclass--> Bulgarian Philology
row458,Q2539|Q64800607,Q2539,machine learning,Q64800607,Pacific Literature,0,0,EXCLUDE,0.98,0,EXCLUDE,0.98,2,2,Q11862829,academic discipline,(-)P279,has subclass,machine learning --instance of--> academic discipline --has subclass--> Pacific Literature
row459,Q2539|Q30642,Q2539,machine learning,Q30642,natural language processing,1,1,INCLUDE,0.97,1,INCLUDE,0.97,2,2,Q11660,artificial intelligence,(-)P279,has subclass,machine learning --subclass of--> artificial intelligence --has subclass--> natural language processing
row460,Q2539|Q4387017,Q2539,machine learning,Q4387017,mathematical sciences,1,0,EXCLUDE,0.96,0,EXCLUDE,0.96,2,2,Q11862829,academic discipline,(-)P279,has subclass,machine learning --instance of--> academic discipline --has subclass--> mathematical sciences
row461,Q2539|Q3478658,Q2539,machine learning,Q3478658,knowledge representation and reasoning,1,0,EXCLUDE,0.9,0,EXCLUDE,0.9,2,2,Q11660,artificial intelligence,(-)P279,has subclass,machine learning --subclass of--> artificial intelligence --has subclass--> knowledge representation and reasoning
row462,Q2539|Q55441204,Q2539,machine learning,Q55441204,3D-convolutional neural network,1,0,PRUNED_BY_ANCESTOR,,1,INCLUDE,0.95,2,2,Q192776,artificial neural network,(-)P279,has subclass,machine learning --has subclass--> artificial neural network --has subclass--> 3D-convolutional neural network
row463,Q2539|Q19935939,Q2539,machine learning,Q19935939,branch of geography,0,0,EXCLUDE,0.99,0,EXCLUDE,0.99,2,2,Q11862829,academic discipline,(-)P279,has subclass,machine learning --instance of--> academic discipline --has subclass--> branch of geography
row464,Q2539|Q66816419,Q2539,machine learning,Q66816419,Royal Marines School,0,0,EXCLUDE,0.99,0,EXCLUDE,0.99,2,2,Q11862829,academic discipline,(-)P279,has subclass,machine learning --instance of--> academic discipline --has subclass--> Royal Marines School
row465,Q2539|Q5514059,Q2539,machine learning,Q5514059,symbolic artificial intelligence,1,0,EXCLUDE,0.89,0,EXCLUDE,0.89,2,2,Q11660,artificial intelligence,(-)P279,has subclass,machine learning --subclass of--> artificial intelligence --has subclass--> symbolic artificial intelligence
row466,Q2539|Q64806752,Q2539,machine learning,Q64806752,Special and Inclusive Education,0,0,EXCLUDE,0.98,0,EXCLUDE,0.98,2,2,Q11862829,academic discipline,(-)P279,has subclass,machine learning --instance of--> academic discipline --has subclass--> Special and Inclusive Education
row467,Q2539|Q2991667,Q2539,machine learning,Q2991667,multilayer perceptron,1,0,PRUNED_BY_ANCESTOR,,1,INCLUDE,0.96,3,3,Q5441227,feedforward neural network,(-)P279,has subclass,machine learning --has subclass--> artificial neural network --has subclass--> feedforward neural network --has subclass--> multilayer perceptron
row468,Q2539|Q1948408,Q2539,machine learning,Q1948408,text segmentation,1,1,INCLUDE,0.83,1,INCLUDE,0.83,3,3,Q30642,natural language processing,(-)P279,has subclass,machine learning --subclass of--> artificial intelligence --has subclass--> natural language processing --has subclass--> text segmentation
row469,Q2539|Q690207,Q2539,machine learning,Q690207,perceptron,1,0,PRUNED_BY_ANCESTOR,,1,INCLUDE,0.94,3,3,Q5441227,feedforward neural network,(-)P279,has subclass,machine learning --has subclass--> artificial neural network --has subclass--> feedforward neural network --has subclass--> perceptron
row90,Q2551422|Q481609,Q2551422,Water damage,Q481609,damage,1,1,INCLUDE,0.99,1,INCLUDE,0.99,1,1,Q2551422,Water damage,P279,subclass of,Water damage --subclass of--> damage
row91,Q2551422|Q1132455,Q2551422,Water damage,Q1132455,hazard,1,1,INCLUDE,0.93,1,INCLUDE,0.93,1,1,Q2551422,Water damage,P279,subclass of,Water damage --subclass of--> hazard
row92,Q2551422|Q152749,Q2551422,Water damage,Q152749,radiation damage,0,0,EXCLUDE,0.92,0,EXCLUDE,0.92,2,2,Q481609,damage,(-)P279,has subclass,Water damage --subclass of--> damage --has subclass--> radiation damage
row93,Q2551422|Q19914521,Q2551422,Water damage,Q19914521,ground damage,0,0,EXCLUDE,0.9,0,EXCLUDE,0.9,2,2,Q481609,damage,(-)P279,has subclass,Water damage --subclass of--> damage --has subclass--> ground damage
row94,Q2551422|Q3433179,Q2551422,Water damage,Q3433179,natural risk,1,1,INCLUDE,0.82,1,INCLUDE,0.82,2,2,Q1132455,hazard,(-)P279,has subclass,Water damage --subclass of--> hazard --has subclass--> natural risk
row128,Q2746070|Q477248,Q2746070,Canelé,Q477248,pastry,1,1,INCLUDE,0.98,1,INCLUDE,0.98,1,1,Q2746070,Canelé,P279,subclass of,Canelé --subclass of--> pastry
row129,Q2746070|Q3778467,Q2746070,Canelé,Q3778467,gubana,1,0,EXCLUDE,0.97,0,EXCLUDE,0.97,2,2,Q477248,pastry,(-)P279,has subclass,Canelé --subclass of--> pastry --has subclass--> gubana
row130,Q2746070|Q273426,Q2746070,Canelé,Q273426,éclair,1,1,INCLUDE,0.97,1,INCLUDE,0.97,2,2,Q477248,pastry,(-)P279,has subclass,Canelé --subclass of--> pastry --has subclass--> éclair
row131,Q2746070|Q251981,Q2746070,Canelé,Q251981,crisp bread,0,1,INCLUDE,0.77,1,INCLUDE,0.77,2,2,Q477248,pastry,(-)P279,has subclass,Canelé --subclass of--> pastry --has subclass--> crisp bread
row132,Q2746070|Q871619,Q2746070,Canelé,Q871619,bear claw,1,1,INCLUDE,0.93,1,INCLUDE,0.93,2,2,Q477248,pastry,(-)P279,has subclass,Canelé --subclass of--> pastry --has subclass--> bear claw
row133,Q2746070|Q28416788,Q2746070,Canelé,Q28416788,Lotus seed paste cake,1,1,INCLUDE,0.91,1,INCLUDE,0.91,2,2,Q477248,pastry,(-)P279,has subclass,Canelé --subclass of--> pastry --has subclass--> Lotus seed paste cake
row134,Q2746070|Q856330,Q2746070,Canelé,Q856330,cracker,0,1,INCLUDE,0.72,1,INCLUDE,0.72,2,2,Q477248,pastry,(-)P279,has subclass,Canelé --subclass of--> pastry --has subclass--> cracker
row136,Q2746070|Q5183361,Q2746070,Canelé,Q5183361,Cream horn,1,1,INCLUDE,0.95,1,INCLUDE,0.95,2,2,Q477248,pastry,(-)P279,has subclass,Canelé --subclass of--> pastry --has subclass--> Cream horn
row137,Q2746070|Q13266,Q2746070,Canelé,Q13266,cookie,1,1,INCLUDE,0.88,1,INCLUDE,0.88,2,2,Q477248,pastry,(-)P279,has subclass,Canelé --subclass of--> pastry --has subclass--> cookie
row138,Q2746070|Q870362,Q2746070,Canelé,Q870362,rice bread,0,0,EXCLUDE,0.81,0,EXCLUDE,0.81,2,2,Q477248,pastry,(-)P279,has subclass,Canelé --subclass of--> pastry --has subclass--> rice bread
row139,Q2746070|Q1660010,Q2746070,Canelé,Q1660010,Christmas cookies,1,1,INCLUDE,0.84,1,INCLUDE,0.84,2,2,Q477248,pastry,(-)P279,has subclass,Canelé --subclass of--> pastry --has subclass--> Christmas cookies
row140,Q2746070|Q1073041,Q2746070,Canelé,Q1073041,coconut bar,1,0,EXCLUDE,0.79,0,EXCLUDE,0.79,2,2,Q477248,pastry,(-)P279,has subclass,Canelé --subclass of--> pastry --has subclass--> coconut bar
row141,Q2746070|Q12192991,Q2746070,Canelé,Q12192991,meskouta,1,0,EXCLUDE,0.86,0,EXCLUDE,0.86,2,2,Q477248,pastry,(-)P279,has subclass,Canelé --subclass of--> pastry --has subclass--> meskouta
row142,Q2746070|Q208729,Q2746070,Canelé,Q208729,nougat,0,0,EXCLUDE,0.94,0,EXCLUDE,0.94,2,2,Q477248,pastry,(-)P279,has subclass,Canelé --subclass of--> pastry --has subclass--> nougat
row143,Q2746070|Q3535552,Q2746070,Canelé,Q3535552,Tourteau fromagé,0,1,INCLUDE,0.74,1,INCLUDE,0.74,2,2,Q477248,pastry,(-)P279,has subclass,Canelé --subclass of--> pastry --has subclass--> Tourteau fromagé
row144,Q2746070|Q1014883,Q2746070,Canelé,Q1014883,Burger Brezel,0,0,EXCLUDE,0.9,0,EXCLUDE,0.9,2,2,Q477248,pastry,(-)P279,has subclass,Canelé --subclass of--> pastry --has subclass--> Burger Brezel
row950,Q280413|Q13582798,Q280413,National Center for Scientific Research,Q13582798,Public Scientific and Technical Research Establishment,1,1,INCLUDE,0.98,1,INCLUDE,0.98,1,1,Q280413,National Center for Scientific Research,P31,instance of,National Center for Scientific Research --instance of--> Public Scientific and Technical Research Establishment
row951,Q280413|Q31855,Q280413,National Center for Scientific Research,Q31855,research institute,1,1,INCLUDE,0.95,1,INCLUDE,0.95,1,1,Q280413,National Center for Scientific Research,P31,instance of,National Center for Scientific Research --instance of--> research institute
row952,Q280413|Q3726309,Q280413,National Center for Scientific Research,Q3726309,state research institution,1,1,INCLUDE,0.9,1,INCLUDE,0.9,1,1,Q280413,National Center for Scientific Research,P31,instance of,National Center for Scientific Research --instance of--> state research institution
row953,Q280413|Q45400320,Q280413,National Center for Scientific Research,Q45400320,open-access publisher,1,0,EXCLUDE,0.97,0,EXCLUDE,0.97,1,1,Q280413,National Center for Scientific Research,P31,instance of,National Center for Scientific Research --instance of--> open-access publisher
row954,Q280413|Q20820271,Q280413,National Center for Scientific Research,Q20820271,graduate school,0,0,EXCLUDE,0.88,0,EXCLUDE,0.88,2,2,Q31855,research institute,(-)P279,has subclass,National Center for Scientific Research --instance of--> research institute --has subclass--> graduate school
row148,Q2813|Q431289,Q2813,Coca-Cola,Q431289,brand,1,1,INCLUDE,0.99,1,INCLUDE,0.99,1,1,Q2813,Coca-Cola,P31,instance of,Coca-Cola --instance of--> brand
row149,Q2813|Q147538,Q2813,Coca-Cola,Q147538,soft drink,1,1,INCLUDE,0.99,1,INCLUDE,0.99,1,1,Q2813,Coca-Cola,P31,instance of,Coca-Cola --instance of--> soft drink
row150,Q2813|Q41084,Q2813,Coca-Cola,Q41084,New Coke,1,1,INCLUDE,0.97,1,INCLUDE,0.97,1,1,Q2813,Coca-Cola,(-)P279,has subclass,Coca-Cola --has subclass--> New Coke
row151,Q2813|Q134041,Q2813,Coca-Cola,Q134041,cola,1,1,INCLUDE,0.96,1,INCLUDE,0.96,1,1,Q2813,Coca-Cola,P279,subclass of,Coca-Cola --subclass of--> cola
row152,Q2813|Q1104949,Q2813,Coca-Cola,Q1104949,Coca Colla,1,1,INCLUDE,0.92,1,INCLUDE,0.92,2,2,Q134041,cola,(-)P279,has subclass,Coca-Cola --subclass of--> cola --has subclass--> Coca Colla
row153,Q2813|Q5759783,Q2813,Coca-Cola,Q5759783,Highway,1,0,EXCLUDE,0.98,0,EXCLUDE,0.98,2,2,Q147538,soft drink,(-)P279,has subclass,Coca-Cola --instance of--> soft drink --has subclass--> Highway
row154,Q2813|Q19799634,Q2813,Coca-Cola,Q19799634,model of calculator,0,0,EXCLUDE,0.97,0,EXCLUDE,0.97,2,2,Q431289,brand,(-)P279,has subclass,Coca-Cola --instance of--> brand --has subclass--> model of calculator
row155,Q2813|Q20888692,Q2813,Coca-Cola,Q20888692,camera brand,0,0,EXCLUDE,0.97,0,EXCLUDE,0.97,2,2,Q431289,brand,(-)P279,has subclass,Coca-Cola --instance of--> brand --has subclass--> camera brand
row156,Q2813|Q12311058,Q2813,Coca-Cola,Q12311058,Fanta Free Orange,1,1,INCLUDE,0.89,1,INCLUDE,0.89,2,2,Q147538,soft drink,(-)P279,has subclass,Coca-Cola --instance of--> soft drink --has subclass--> Fanta Free Orange
row157,Q2813|Q264554,Q2813,Coca-Cola,Q264554,carbonated water,1,1,INCLUDE,0.9,1,INCLUDE,0.9,2,2,Q147538,soft drink,(-)P279,has subclass,Coca-Cola --instance of--> soft drink --has subclass--> carbonated water
row158,Q2813|Q2300409,Q2813,Coca-Cola,Q2300409,Premium-Cola,1,1,INCLUDE,0.91,1,INCLUDE,0.91,2,2,Q134041,cola,(-)P279,has subclass,Coca-Cola --subclass of--> cola --has subclass--> Premium-Cola
row160,Q2813|Q5873161,Q2813,Coca-Cola,Q5873161,refreshing drink,1,0,EXCLUDE,0.88,0,EXCLUDE,0.88,2,2,Q147538,soft drink,(-)P279,has subclass,Coca-Cola --instance of--> soft drink --has subclass--> refreshing drink
row161,Q2813|Q98579904,Q2813,Coca-Cola,Q98579904,tractor brand,0,0,EXCLUDE,0.97,0,EXCLUDE,0.97,2,2,Q431289,brand,(-)P279,has subclass,Coca-Cola --instance of--> brand --has subclass--> tractor brand
row162,Q2813|Q623561,Q2813,Coca-Cola,Q623561,Dr Pepper,1,1,INCLUDE,0.96,1,INCLUDE,0.96,2,2,Q147538,soft drink,(-)P279,has subclass,Coca-Cola --instance of--> soft drink --has subclass--> Dr Pepper
row163,Q2813|Q937783,Q2813,Coca-Cola,Q937783,Coca-Cola Zero,1,1,INCLUDE,0.95,1,INCLUDE,0.95,2,2,Q134041,cola,(-)P279,has subclass,Coca-Cola --subclass of--> cola --has subclass--> Coca-Cola Zero
row164,Q2813|Q50425277,Q2813,Coca-Cola,Q50425277,diet cola,1,1,INCLUDE,0.94,1,INCLUDE,0.94,2,2,Q134041,cola,(-)P279,has subclass,Coca-Cola --subclass of--> cola --has subclass--> diet cola
row165,Q2813|Q59185742,Q2813,Coca-Cola,Q59185742,Craft soda,1,0,EXCLUDE,0.86,0,EXCLUDE,0.86,2,2,Q147538,soft drink,(-)P279,has subclass,Coca-Cola --instance of--> soft drink --has subclass--> Craft soda
row166,Q2813|Q896,Q2813,Coca-Cola,Q896,Mountain Dew,1,1,INCLUDE,0.87,1,INCLUDE,0.87,2,2,Q147538,soft drink,(-)P279,has subclass,Coca-Cola --instance of--> soft drink --has subclass--> Mountain Dew
row167,Q2813|Q1815345,Q2813,Coca-Cola,Q1815345,Diet Coke,1,1,INCLUDE,0.98,1,INCLUDE,0.98,3,3,Q50425277,diet cola,(-)P279,has subclass,Coca-Cola --subclass of--> cola --has subclass--> diet cola --has subclass--> Diet Coke
row168,Q2813|Q28127283,Q2813,Coca-Cola,Q28127283,Coca-Cola Zero Sugar,1,1,INCLUDE,0.96,1,INCLUDE,0.96,3,3,Q50425277,diet cola,(-)P279,has subclass,Coca-Cola --subclass of--> cola --has subclass--> diet cola --has subclass--> Coca-Cola Zero Sugar
row785,Q28406404|Q28051323,Q28406404,Microsoft Teams,Q28051323,video-conferencing software,1,1,INCLUDE,0.99,1,INCLUDE,0.99,1,1,Q28406404,Microsoft Teams,P31,instance of,Microsoft Teams --instance of--> video-conferencing software
row786,Q28406404|Q2462003,Q28406404,Microsoft Teams,Q2462003,instant messaging client,1,1,INCLUDE,0.98,1,INCLUDE,0.98,1,1,Q28406404,Microsoft Teams,P31,instance of,Microsoft Teams --instance of--> instant messaging client
row787,Q28406404|Q474157,Q28406404,Microsoft Teams,Q474157,collaborative software,1,1,INCLUDE,0.95,1,INCLUDE,0.95,1,1,Q28406404,Microsoft Teams,P31,instance of,Microsoft Teams --instance of--> collaborative software
row788,Q28406404|Q19967801,Q28406404,Microsoft Teams,Q19967801,online service,1,1,INCLUDE,0.72,1,INCLUDE,0.72,1,1,Q28406404,Microsoft Teams,P31,instance of,Microsoft Teams --instance of--> online service
row789,Q28406404|Q734413,Q28406404,Microsoft Teams,Q734413,LAN messenger,0,0,EXCLUDE,0.91,0,EXCLUDE,0.91,2,2,Q2462003,instant messaging client,(-)P279,has subclass,Microsoft Teams --instance of--> instant messaging client --has subclass--> LAN messenger
row790,Q28406404|Q7705753,Q28406404,Microsoft Teams,Q7705753,test automation management tool,0,0,EXCLUDE,0.96,0,EXCLUDE,0.96,2,2,Q474157,collaborative software,(-)P279,has subclass,Microsoft Teams --instance of--> collaborative software --has subclass--> test automation management tool
row791,Q28406404|Q15548100,Q28406404,Microsoft Teams,Q15548100,free instant messaging client,1,1,INCLUDE,0.9,1,INCLUDE,0.9,2,2,Q2462003,instant messaging client,(-)P279,has subclass,Microsoft Teams --instance of--> instant messaging client --has subclass--> free instant messaging client
row792,Q28406404|Q12313595,Q28406404,Microsoft Teams,Q12313595,collaborative real-time editor,1,1,INCLUDE,0.88,1,INCLUDE,0.88,2,2,Q474157,collaborative software,(-)P279,has subclass,Microsoft Teams --instance of--> collaborative software --has subclass--> collaborative real-time editor
row793,Q28406404|Q28135300,Q28406404,Microsoft Teams,Q28135300,Workplace from Meta,0,0,EXCLUDE,0.97,0,EXCLUDE,0.97,2,2,Q474157,collaborative software,(-)P279,has subclass,Microsoft Teams --instance of--> collaborative software --has subclass--> Workplace from Meta
row367,Q28785|Q120560,Q28785,Sacré-Cœur,Q120560,minor basilica,1,1,INCLUDE,0.87,1,INCLUDE,0.87,1,1,Q28785,Sacré-Cœur,P31,instance of,Sacré-Cœur --instance of--> minor basilica
row368,Q28785|Q16970,Q28785,Sacré-Cœur,Q16970,church building,1,1,INCLUDE,0.9,1,INCLUDE,0.9,1,1,Q28785,Sacré-Cœur,P31,instance of,Sacré-Cœur --instance of--> church building
row369,Q28785|Q1530022,Q28785,Sacré-Cœur,Q1530022,religious organization,1,0,EXCLUDE,0.98,0,EXCLUDE,0.98,1,1,Q28785,Sacré-Cœur,P31,instance of,Sacré-Cœur --instance of--> religious organization
row370,Q28785|Q570116,Q28785,Sacré-Cœur,Q570116,tourist attraction,1,1,INCLUDE,0.84,1,INCLUDE,0.84,1,1,Q28785,Sacré-Cœur,P31,instance of,Sacré-Cœur --instance of--> tourist attraction
row926,Q2905238|Q783794,Q2905238,BlaBlaCar,Q783794,company,1,1,INCLUDE,0.97,1,INCLUDE,0.97,1,1,Q2905238,BlaBlaCar,P31,instance of,BlaBlaCar --instance of--> company
row927,Q2905238|Q3391957,Q2905238,BlaBlaCar,Q3391957,online community platform,1,0,EXCLUDE,0.92,0,EXCLUDE,0.92,1,1,Q2905238,BlaBlaCar,P31,instance of,BlaBlaCar --instance of--> online community platform
row720,Q30299483|Q483242,Q30299483,Inria Nancy - Grand-Est research centre,Q483242,laboratory,1,1,INCLUDE,0.92,1,INCLUDE,0.92,1,1,Q30299483,Inria Nancy - Grand-Est research centre,P31,instance of,Inria Nancy - Grand-Est research centre --instance of--> laboratory
row721,Q30299483|Q13226383,Q30299483,Inria Nancy - Grand-Est research centre,Q13226383,facility,1,1,INCLUDE,0.8,1,INCLUDE,0.8,1,1,Q30299483,Inria Nancy - Grand-Est research centre,P31,instance of,Inria Nancy - Grand-Est research centre --instance of--> facility
row722,Q30299483|Q7315155,Q30299483,Inria Nancy - Grand-Est research centre,Q7315155,research center,1,1,INCLUDE,0.99,1,INCLUDE,0.99,1,1,Q30299483,Inria Nancy - Grand-Est research centre,P31,instance of,Inria Nancy - Grand-Est research centre --instance of--> research center
row723,Q30299483|Q67140793,Q30299483,Inria Nancy - Grand-Est research centre,Q67140793,nursery,0,0,EXCLUDE,0.94,0,EXCLUDE,0.94,2,2,Q13226383,facility,(-)P279,has subclass,Inria Nancy - Grand-Est research centre --instance of--> facility --has subclass--> nursery
row724,Q30299483|Q47524436,Q30299483,Inria Nancy - Grand-Est research centre,Q47524436,swimming area,0,0,EXCLUDE,0.96,0,EXCLUDE,0.96,2,2,Q13226383,facility,(-)P279,has subclass,Inria Nancy - Grand-Est research centre --instance of--> facility --has subclass--> swimming area
row725,Q30299483|Q89578131,Q30299483,Inria Nancy - Grand-Est research centre,Q89578131,radar station,0,0,EXCLUDE,0.97,0,EXCLUDE,0.97,2,2,Q13226383,facility,(-)P279,has subclass,Inria Nancy - Grand-Est research centre --instance of--> facility --has subclass--> radar station
row726,Q30299483|Q11560645,Q30299483,Inria Nancy - Grand-Est research centre,Q11560645,waste management facility,0,0,EXCLUDE,0.95,0,EXCLUDE,0.95,2,2,Q13226383,facility,(-)P279,has subclass,Inria Nancy - Grand-Est research centre --instance of--> facility --has subclass--> waste management facility
row727,Q30299483|Q57504458,Q30299483,Inria Nancy - Grand-Est research centre,Q57504458,port infrastructure,0,0,EXCLUDE,0.97,0,EXCLUDE,0.97,2,2,Q13226383,facility,(-)P279,has subclass,Inria Nancy - Grand-Est research centre --instance of--> facility --has subclass--> port infrastructure
row728,Q30299483|Q47519912,Q30299483,Inria Nancy - Grand-Est research centre,Q47519912,bicycle repair station,0,0,EXCLUDE,0.96,0,EXCLUDE,0.96,2,2,Q13226383,facility,(-)P279,has subclass,Inria Nancy - Grand-Est research centre --instance of--> facility --has subclass--> bicycle repair station
row729,Q30299483|Q57951700,Q30299483,Inria Nancy - Grand-Est research centre,Q57951700,research site,1,1,INCLUDE,0.93,1,INCLUDE,0.93,2,2,Q13226383,facility,(-)P279,has subclass,Inria Nancy - Grand-Est research centre --instance of--> facility --has subclass--> research site
row20,Q312|Q6881511,Q312,Apple Inc.,Q6881511,enterprise,1,1,INCLUDE,0.9,1,INCLUDE,0.9,1,1,Q312,Apple Inc.,P31,instance of,Apple Inc. --instance of--> enterprise
row21,Q312|Q167037,Q312,Apple Inc.,Q167037,corporation,1,1,INCLUDE,0.94,1,INCLUDE,0.94,1,1,Q312,Apple Inc.,P31,instance of,Apple Inc. --instance of--> corporation
row22,Q312|Q4830453,Q312,Apple Inc.,Q4830453,business,1,1,INCLUDE,0.92,1,INCLUDE,0.92,1,1,Q312,Apple Inc.,P31,instance of,Apple Inc. --instance of--> business
row23,Q312|Q431289,Q312,Apple Inc.,Q431289,brand,1,0,EXCLUDE,0.88,0,EXCLUDE,0.88,1,1,Q312,Apple Inc.,P31,instance of,Apple Inc. --instance of--> brand
row24,Q312|Q891723,Q312,Apple Inc.,Q891723,public company,1,1,INCLUDE,0.91,1,INCLUDE,0.91,1,1,Q312,Apple Inc.,P31,instance of,Apple Inc. --instance of--> public company
row25,Q312|Q18388277,Q312,Apple Inc.,Q18388277,technology company,1,1,INCLUDE,0.94,1,INCLUDE,0.94,1,1,Q312,Apple Inc.,P31,instance of,Apple Inc. --instance of--> technology company
row26,Q312|Q1058914,Q312,Apple Inc.,Q1058914,software company,1,1,INCLUDE,0.9,1,INCLUDE,0.9,2,2,Q18388277,technology company,(-)P279,has subclass,Apple Inc. --instance of--> technology company --has subclass--> software company
row27,Q312|Q13637823,Q312,Apple Inc.,Q13637823,Independent hardware vendor,1,0,EXCLUDE,0.84,0,EXCLUDE,0.84,2,2,Q18388277,technology company,(-)P279,has subclass,Apple Inc. --instance of--> technology company --has subclass--> Independent hardware vendor
row747,Q3214499|Q3550864,Q3214499,LORIA,Q3550864,mixed research unit,1,1,INCLUDE,0.98,1,INCLUDE,0.98,1,1,Q3214499,LORIA,P31,instance of,LORIA --instance of--> mixed research unit
row186,Q324254|Q1172480,Q324254,ontology,Q1172480,data model,1,1,INCLUDE,0.95,1,INCLUDE,0.95,1,1,Q324254,ontology,P279,subclass of,ontology --subclass of--> data model
row187,Q324254|Q56316745,Q324254,ontology,Q56316745,application ontology,1,1,INCLUDE,0.82,1,INCLUDE,0.82,1,1,Q324254,ontology,(-)P279,has subclass,ontology --has subclass--> application ontology
row188,Q324254|Q593744,Q324254,ontology,Q593744,knowledge base,1,0,EXCLUDE,0.87,0,EXCLUDE,0.87,1,1,Q324254,ontology,P279,subclass of,ontology --subclass of--> knowledge base
row189,Q324254|Q7554009,Q324254,ontology,Q7554009,soft ontology,1,0,EXCLUDE,0.86,0,EXCLUDE,0.86,1,1,Q324254,ontology,(-)P279,has subclass,ontology --has subclass--> soft ontology
row190,Q324254|Q1437388,Q324254,ontology,Q1437388,formal ontology,1,1,INCLUDE,0.94,1,INCLUDE,0.94,1,1,Q324254,ontology,(-)P279,has subclass,ontology --has subclass--> formal ontology
row191,Q324254|Q1397073,Q324254,ontology,Q1397073,data schema,1,0,EXCLUDE,0.92,0,EXCLUDE,0.92,1,1,Q324254,ontology,P279,subclass of,ontology --subclass of--> data schema
row193,Q324254|Q56316737,Q324254,ontology,Q56316737,domain ontology,1,1,INCLUDE,0.9,1,INCLUDE,0.9,1,1,Q324254,ontology,(-)P279,has subclass,ontology --has subclass--> domain ontology
row194,Q324254|Q7449052,Q324254,ontology,Q7449052,semantic data model,1,1,INCLUDE,0.95,1,INCLUDE,0.95,2,2,Q1172480,data model,(-)P279,has subclass,ontology --subclass of--> data model --has subclass--> semantic data model
row195,Q324254|Q5378800,Q324254,ontology,Q5378800,Enhanced entity–relationship model,1,0,EXCLUDE,0.88,0,EXCLUDE,0.88,2,2,Q1172480,data model,(-)P279,has subclass,ontology --subclass of--> data model --has subclass--> Enhanced entity–relationship model
row196,Q324254|Q2262868,Q324254,ontology,Q2262868,domain model,1,1,INCLUDE,0.9,1,INCLUDE,0.9,2,2,Q1172480,data model,(-)P279,has subclass,ontology --subclass of--> data model --has subclass--> domain model
row197,Q324254|Q1751819,Q324254,ontology,Q1751819,RDF Schema,1,0,PRUNED_BY_ANCESTOR,,0,EXCLUDE,0.9,2,2,Q1397073,data schema,(-)P279,has subclass,ontology --subclass of--> data schema --has subclass--> RDF Schema
row422,Q325904|Q907955,Q325904,breadth-first search,Q907955,graph traversal,1,1,INCLUDE,0.98,1,INCLUDE,0.98,1,1,Q325904,breadth-first search,P31,instance of,breadth-first search --instance of--> graph traversal
row423,Q325904|Q4443425,Q325904,breadth-first search,Q4443425,uninformed search algorithm,1,1,INCLUDE,0.95,1,INCLUDE,0.95,1,1,Q325904,breadth-first search,P31,instance of,breadth-first search --instance of--> uninformed search algorithm
row424,Q325904|Q755673,Q325904,breadth-first search,Q755673,search algorithm,1,1,INCLUDE,0.97,1,INCLUDE,0.97,1,1,Q325904,breadth-first search,P279,subclass of,breadth-first search --subclass of--> search algorithm
row425,Q325904|Q7009111,Q325904,breadth-first search,Q7009111,heuristic search algorithm,1,0,EXCLUDE,0.86,0,EXCLUDE,0.86,2,2,Q755673,search algorithm,(-)P279,has subclass,breadth-first search --subclass of--> search algorithm --has subclass--> heuristic search algorithm
row426,Q325904|Q1210082,Q325904,breadth-first search,Q1210082,tree traversal,1,0,EXCLUDE,0.9,0,EXCLUDE,0.9,2,2,Q755673,search algorithm,(-)P279,has subclass,breadth-first search --subclass of--> search algorithm --has subclass--> tree traversal
row427,Q325904|Q1969601,Q325904,breadth-first search,Q1969601,pathfinding,1,0,EXCLUDE,0.89,0,EXCLUDE,0.89,2,2,Q755673,search algorithm,(-)P279,has subclass,breadth-first search --subclass of--> search algorithm --has subclass--> pathfinding
row184,Q335827|Q47913,Q335827,Directorate-General for External Security,Q47913,intelligence agency,1,1,INCLUDE,0.98,1,INCLUDE,0.98,1,1,Q335827,Directorate-General for External Security,P31,instance of,Directorate-General for External Security --instance of--> intelligence agency
row853,Q337535|Q58199,Q337535,Steam,Q58199,instant messaging,1,0,EXCLUDE,0.97,0,EXCLUDE,0.97,1,1,Q337535,Steam,P31,instance of,Steam --instance of--> instant messaging
row854,Q337535|Q192532,Q337535,Steam,Q192532,digital rights management,0,0,EXCLUDE,0.96,0,EXCLUDE,0.96,1,1,Q337535,Steam,P31,instance of,Steam --instance of--> digital rights management
row855,Q337535|Q1334294,Q337535,Steam,Q1334294,software repository,1,0,EXCLUDE,0.95,0,EXCLUDE,0.95,1,1,Q337535,Steam,P31,instance of,Steam --instance of--> software repository
row856,Q337535|Q3559933,Q337535,Steam,Q3559933,Live support software,0,0,PRUNED_BY_ANCESTOR,,0,EXCLUDE,0.92,2,2,Q58199,instant messaging,(-)P279,has subclass,Steam --instance of--> instant messaging --has subclass--> Live support software
row857,Q337535|Q4110622,Q337535,Steam,Q4110622,videochat,0,0,PRUNED_BY_ANCESTOR,,0,EXCLUDE,0.92,2,2,Q58199,instant messaging,(-)P279,has subclass,Steam --instance of--> instant messaging --has subclass--> videochat
row858,Q337535|Q8048052,Q337535,Steam,Q8048052,Yamigo,0,0,PRUNED_BY_ANCESTOR,,0,EXCLUDE,0.91,2,2,Q58199,instant messaging,(-)P279,has subclass,Steam --instance of--> instant messaging --has subclass--> Yamigo
row282,Q33959|Q484170,Q33959,Nice,Q484170,commune of France,1,1,INCLUDE,0.99,1,INCLUDE,0.99,1,1,Q33959,Nice,P31,instance of,Nice --instance of--> commune of France
row283,Q33959|Q1549591,Q33959,Nice,Q1549591,big city,1,1,INCLUDE,0.72,1,INCLUDE,0.72,1,1,Q33959,Nice,P31,instance of,Nice --instance of--> big city
row10,Q3407658|Q5063597,Q3407658,tram,Q5063597,low-floor tram,1,1,INCLUDE,0.99,1,INCLUDE,0.99,1,1,Q3407658,tram,(-)P279,has subclass,tram --has subclass--> low-floor tram
row11,Q3407658|Q15825863,Q3407658,tram,Q15825863,light rail vehicle,1,1,INCLUDE,0.92,1,INCLUDE,0.92,1,1,Q3407658,tram,P279,subclass of,tram --subclass of--> light rail vehicle
row12,Q3407658|Q208502,Q3407658,tram,Q208502,railroad car,1,0,EXCLUDE,0.98,0,EXCLUDE,0.98,1,1,Q3407658,tram,P279,subclass of,tram --subclass of--> railroad car
row13,Q3407658|Q752870,Q3407658,tram,Q752870,motor vehicle,1,0,EXCLUDE,0.99,0,EXCLUDE,0.99,1,1,Q3407658,tram,P279,subclass of,tram --subclass of--> motor vehicle
row14,Q3407658|Q1414135,Q3407658,tram,Q1414135,rolling stock,1,1,INCLUDE,0.9,1,INCLUDE,0.9,1,1,Q3407658,tram,P279,subclass of,tram --subclass of--> rolling stock
row9,Q3407658|Q1562213,Q3407658,tram,Q1562213,freight tram,1,1,INCLUDE,0.9,1,INCLUDE,0.9,1,1,Q3407658,tram,(-)P279,has subclass,tram --has subclass--> freight tram
row80,Q3517281|Q4671277,Q3517281,Telecom Nancy,Q4671277,academic institution,1,1,INCLUDE,0.99,1,INCLUDE,0.99,1,1,Q3517281,Telecom Nancy,P31,instance of,Telecom Nancy --instance of--> academic institution
row730,Q35996|Q431289,Q35996,Mazda,Q431289,brand,1,1,INCLUDE,0.98,1,INCLUDE,0.98,1,1,Q35996,Mazda,P31,instance of,Mazda --instance of--> brand
row731,Q35996|Q891723,Q35996,Mazda,Q891723,public company,1,1,INCLUDE,0.88,1,INCLUDE,0.88,1,1,Q35996,Mazda,P31,instance of,Mazda --instance of--> public company
row732,Q35996|Q10429667,Q35996,Mazda,Q10429667,car brand,1,1,INCLUDE,0.96,1,INCLUDE,0.96,1,1,Q35996,Mazda,P279,subclass of,Mazda --subclass of--> car brand
row733,Q35996|Q786820,Q35996,Mazda,Q786820,automobile manufacturer,1,1,INCLUDE,0.95,1,INCLUDE,0.95,1,1,Q35996,Mazda,P31,instance of,Mazda --instance of--> automobile manufacturer
row15,Q364|Q1668024,Q364,GitHub,Q1668024,service on internet,1,1,INCLUDE,0.97,1,INCLUDE,0.97,1,1,Q364,GitHub,P31,instance of,GitHub --instance of--> service on internet
row16,Q364|Q3077240,Q364,GitHub,Q3077240,forge,1,1,INCLUDE,0.91,1,INCLUDE,0.91,1,1,Q364,GitHub,P31,instance of,GitHub --instance of--> forge
row17,Q364|Q6881511,Q364,GitHub,Q6881511,enterprise,1,0,EXCLUDE,0.86,0,EXCLUDE,0.86,1,1,Q364,GitHub,P31,instance of,GitHub --instance of--> enterprise
row18,Q364|Q5227240,Q364,GitHub,Q5227240,data library,1,1,INCLUDE,0.78,1,INCLUDE,0.78,1,1,Q364,GitHub,P31,instance of,GitHub --instance of--> data library
row19,Q364|Q2910253,Q364,GitHub,Q2910253,Torah database,1,0,EXCLUDE,0.94,0,EXCLUDE,0.94,2,2,Q5227240,data library,(-)P279,has subclass,GitHub --instance of--> data library --has subclass--> Torah database
row552,Q37501|Q2143661,Q37501,eyeglasses,Q2143661,corrective lens,1,1,INCLUDE,0.97,1,INCLUDE,0.97,1,1,Q37501,eyeglasses,P279,subclass of,eyeglasses --subclass of--> corrective lens
row553,Q37501|Q5096292,Q37501,eyeglasses,Q5096292,Chicken eyeglasses,0,0,EXCLUDE,0.95,0,EXCLUDE,0.95,1,1,Q37501,eyeglasses,(-)P279,has subclass,eyeglasses --has subclass--> Chicken eyeglasses
row554,Q37501|Q15978715,Q37501,eyeglasses,Q15978715,smartglasses,1,1,INCLUDE,0.74,1,INCLUDE,0.74,1,1,Q37501,eyeglasses,(-)P279,has subclass,eyeglasses --has subclass--> smartglasses
row555,Q37501|Q1065579,Q37501,eyeglasses,Q1065579,costume accessory,1,0,EXCLUDE,0.98,0,EXCLUDE,0.98,1,1,Q37501,eyeglasses,P279,subclass of,eyeglasses --subclass of--> costume accessory
row556,Q37501|Q2332595,Q37501,eyeglasses,Q2332595,cataract glasses,1,1,INCLUDE,0.89,1,INCLUDE,0.89,1,1,Q37501,eyeglasses,(-)P279,has subclass,eyeglasses --has subclass--> cataract glasses
row557,Q37501|Q575092,Q37501,eyeglasses,Q575092,Google Glass,1,1,INCLUDE,0.98,1,INCLUDE,0.98,2,2,Q15978715,smartglasses,(-)P279,has subclass,eyeglasses --has subclass--> smartglasses --has subclass--> Google Glass
row558,Q37501|Q23797,Q37501,eyeglasses,Q23797,contact lens,0,0,EXCLUDE,0.95,0,EXCLUDE,0.95,2,2,Q2143661,corrective lens,(-)P279,has subclass,eyeglasses --subclass of--> corrective lens --has subclass--> contact lens
row559,Q37501|Q12721,Q37501,eyeglasses,Q12721,monocle,1,0,PRUNED_BY_ANCESTOR,,0,EXCLUDE,0.97,2,2,Q1065579,costume accessory,(-)P279,has subclass,eyeglasses --subclass of--> costume accessory --has subclass--> monocle
row560,Q37501|Q244570,Q37501,eyeglasses,Q244570,pince-nez,1,0,PRUNED_BY_ANCESTOR,,0,EXCLUDE,0.97,2,2,Q1065579,costume accessory,(-)P279,has subclass,eyeglasses --subclass of--> costume accessory --has subclass--> pince-nez
row586,Q38076|Q6881511,Q38076,McDonald’s,Q6881511,enterprise,1,1,INCLUDE,0.98,1,INCLUDE,0.98,1,1,Q38076,McDonald’s,P31,instance of,McDonald’s --instance of--> enterprise
row587,Q38076|Q4830453,Q38076,McDonald’s,Q4830453,business,1,1,INCLUDE,0.97,1,INCLUDE,0.97,1,1,Q38076,McDonald’s,P31,instance of,McDonald’s --instance of--> business
row588,Q38076|Q891723,Q38076,McDonald’s,Q891723,public company,1,1,INCLUDE,0.93,1,INCLUDE,0.93,1,1,Q38076,McDonald’s,P31,instance of,McDonald’s --instance of--> public company
row589,Q38076|Q167270,Q38076,McDonald’s,Q167270,trademark,1,0,EXCLUDE,0.96,0,EXCLUDE,0.96,1,1,Q38076,McDonald’s,P31,instance of,McDonald’s --instance of--> trademark
row590,Q38076|Q18509232,Q38076,McDonald’s,Q18509232,fast food restaurant chain,1,1,INCLUDE,0.99,1,INCLUDE,0.99,1,1,Q38076,McDonald’s,P31,instance of,McDonald’s --instance of--> fast food restaurant chain
row591,Q38076|Q76384698,Q38076,McDonald’s,Q76384698,ammunication factory,0,0,EXCLUDE,0.84,0,EXCLUDE,0.84,2,2,Q4830453,business,(-)P279,has subclass,McDonald’s --instance of--> business --has subclass--> ammunication factory
row592,Q38076|Q64514542,Q38076,McDonald’s,Q64514542,parking lot company,0,0,EXCLUDE,0.86,0,EXCLUDE,0.86,2,2,Q4830453,business,(-)P279,has subclass,McDonald’s --instance of--> business --has subclass--> parking lot company
row593,Q38076|Q14942280,Q38076,McDonald’s,Q14942280,petrochemical company,0,0,EXCLUDE,0.9,0,EXCLUDE,0.9,2,2,Q4830453,business,(-)P279,has subclass,McDonald’s --instance of--> business --has subclass--> petrochemical company
row594,Q38076|Q1195245,Q38076,McDonald’s,Q1195245,beauty salon,0,0,EXCLUDE,0.91,0,EXCLUDE,0.91,2,2,Q4830453,business,(-)P279,has subclass,McDonald’s --instance of--> business --has subclass--> beauty salon
row595,Q38076|Q1132207,Q38076,McDonald’s,Q1132207,business incubator,0,0,EXCLUDE,0.88,0,EXCLUDE,0.88,2,2,Q4830453,business,(-)P279,has subclass,McDonald’s --instance of--> business --has subclass--> business incubator
row596,Q38076|Q107171122,Q38076,McDonald’s,Q107171122,Made in Hungary,0,0,PRUNED_BY_ANCESTOR,,0,EXCLUDE,0.95,2,2,Q167270,trademark,(-)P279,has subclass,McDonald’s --instance of--> trademark --has subclass--> Made in Hungary
row597,Q38076|Q12817454,Q38076,McDonald’s,Q12817454,agricultural firm,0,0,EXCLUDE,0.89,0,EXCLUDE,0.89,2,2,Q4830453,business,(-)P279,has subclass,McDonald’s --instance of--> business --has subclass--> agricultural firm
row598,Q38076|Q19509097,Q38076,McDonald’s,Q19509097,cigarette brand,0,0,PRUNED_BY_ANCESTOR,,0,EXCLUDE,0.93,2,2,Q167270,trademark,(-)P279,has subclass,McDonald’s --instance of--> trademark --has subclass--> cigarette brand
row599,Q38076|Q55635949,Q38076,McDonald’s,Q55635949,tobacco factory,0,0,EXCLUDE,0.94,0,EXCLUDE,0.94,2,2,Q4830453,business,(-)P279,has subclass,McDonald’s --instance of--> business --has subclass--> tobacco factory
row600,Q38076|Q30765558,Q38076,McDonald’s,Q30765558,cement company,0,0,EXCLUDE,0.94,0,EXCLUDE,0.94,2,2,Q4830453,business,(-)P279,has subclass,McDonald’s --instance of--> business --has subclass--> cement company
row601,Q38076|Q11032,Q38076,McDonald’s,Q11032,newspaper,0,0,EXCLUDE,0.92,0,EXCLUDE,0.92,2,2,Q4830453,business,(-)P279,has subclass,McDonald’s --instance of--> business --has subclass--> newspaper
row602,Q38076|Q161726,Q38076,McDonald’s,Q161726,multinational corporation,1,1,INCLUDE,0.99,1,INCLUDE,0.99,2,2,Q4830453,business,(-)P279,has subclass,McDonald’s --instance of--> business --has subclass--> multinational corporation
row603,Q38076|Q64583968,Q38076,McDonald’s,Q64583968,artist management,0,0,EXCLUDE,0.95,0,EXCLUDE,0.95,2,2,Q4830453,business,(-)P279,has subclass,McDonald’s --instance of--> business --has subclass--> artist management
row604,Q38076|Q2534781,Q38076,McDonald’s,Q2534781,event management company,0,0,EXCLUDE,0.96,0,EXCLUDE,0.96,2,2,Q4830453,business,(-)P279,has subclass,McDonald’s --instance of--> business --has subclass--> event management company
row606,Q38076|Q967140,Q38076,McDonald’s,Q967140,media agency,0,0,EXCLUDE,0.95,0,EXCLUDE,0.95,2,2,Q4830453,business,(-)P279,has subclass,McDonald’s --instance of--> business --has subclass--> media agency
row607,Q38076|Q105547053,Q38076,McDonald’s,Q105547053,UK cable company,0,0,EXCLUDE,0.96,0,EXCLUDE,0.96,2,2,Q4830453,business,(-)P279,has subclass,McDonald’s --instance of--> business --has subclass--> UK cable company
row608,Q38076|Q3661311,Q38076,McDonald’s,Q3661311,fashion house,0,0,EXCLUDE,0.96,0,EXCLUDE,0.96,2,2,Q4830453,business,(-)P279,has subclass,McDonald’s --instance of--> business --has subclass--> fashion house
row609,Q38076|Q133744,Q38076,McDonald’s,Q133744,tour operator,0,0,EXCLUDE,0.95,0,EXCLUDE,0.95,2,2,Q4830453,business,(-)P279,has subclass,McDonald’s --instance of--> business --has subclass--> tour operator
row610,Q38076|Q96603167,Q38076,McDonald’s,Q96603167,tourism agency,0,0,EXCLUDE,0.95,0,EXCLUDE,0.95,2,2,Q4830453,business,(-)P279,has subclass,McDonald’s --instance of--> business --has subclass--> tourism agency
row611,Q38076|Q10691563,Q38076,McDonald’s,Q10691563,taxicab company,0,0,EXCLUDE,0.95,0,EXCLUDE,0.95,2,2,Q4830453,business,(-)P279,has subclass,McDonald’s --instance of--> business --has subclass--> taxicab company
row612,Q38076|Q1369723,Q38076,McDonald’s,Q1369723,Web Agency,0,0,EXCLUDE,0.95,0,EXCLUDE,0.95,2,2,Q4830453,business,(-)P279,has subclass,McDonald’s --instance of--> business --has subclass--> Web Agency
row613,Q38076|Q25112142,Q38076,McDonald’s,Q25112142,dental service organization,0,0,EXCLUDE,0.97,0,EXCLUDE,0.97,2,2,Q4830453,business,(-)P279,has subclass,McDonald’s --instance of--> business --has subclass--> dental service organization
row614,Q38076|Q1058914,Q38076,McDonald’s,Q1058914,software company,0,0,EXCLUDE,0.96,0,EXCLUDE,0.96,2,2,Q4830453,business,(-)P279,has subclass,McDonald’s --instance of--> business --has subclass--> software company
row615,Q38076|Q110484183,Q38076,McDonald’s,Q110484183,cigarette company,0,0,EXCLUDE,0.96,0,EXCLUDE,0.96,2,2,Q4830453,business,(-)P279,has subclass,McDonald’s --instance of--> business --has subclass--> cigarette company
row616,Q38076|Q770881,Q38076,McDonald’s,Q770881,online casino,0,0,EXCLUDE,0.96,0,EXCLUDE,0.96,2,2,Q4830453,business,(-)P279,has subclass,McDonald’s --instance of--> business --has subclass--> online casino
row617,Q38076|Q786820,Q38076,McDonald’s,Q786820,automobile manufacturer,0,0,EXCLUDE,0.95,0,EXCLUDE,0.95,2,2,Q6881511,enterprise,(-)P279,has subclass,McDonald’s --instance of--> enterprise --has subclass--> automobile manufacturer
row618,Q38076|Q27038993,Q38076,McDonald’s,Q27038993,food establishment,1,1,INCLUDE,0.88,1,INCLUDE,0.88,2,2,Q4830453,business,(-)P279,has subclass,McDonald’s --instance of--> business --has subclass--> food establishment
row619,Q38076|Q1331793,Q38076,McDonald’s,Q1331793,media company,0,0,EXCLUDE,0.96,0,EXCLUDE,0.96,2,2,Q4830453,business,(-)P279,has subclass,McDonald’s --instance of--> business --has subclass--> media company
row620,Q38076|Q1341478,Q38076,McDonald’s,Q1341478,energy company,0,0,EXCLUDE,0.96,0,EXCLUDE,0.96,2,2,Q4830453,business,(-)P279,has subclass,McDonald’s --instance of--> business --has subclass--> energy company
row621,Q38076|Q7246213,Q38076,McDonald’s,Q7246213,private intelligence agency,0,0,EXCLUDE,0.96,0,EXCLUDE,0.96,2,2,Q4830453,business,(-)P279,has subclass,McDonald’s --instance of--> business --has subclass--> private intelligence agency
row622,Q38076|Q3487908,Q38076,McDonald’s,Q3487908,venture capital firm,0,0,EXCLUDE,0.96,0,EXCLUDE,0.96,2,2,Q4830453,business,(-)P279,has subclass,McDonald’s --instance of--> business --has subclass--> venture capital firm
row623,Q38076|Q2085381,Q38076,McDonald’s,Q2085381,publisher,0,0,EXCLUDE,0.97,0,EXCLUDE,0.97,2,2,Q4830453,business,(-)P279,has subclass,McDonald’s --instance of--> business --has subclass--> publisher
row624,Q38076|Q20015305,Q38076,McDonald’s,Q20015305,large business,1,1,INCLUDE,0.95,1,INCLUDE,0.95,2,2,Q4830453,business,(-)P279,has subclass,McDonald’s --instance of--> business --has subclass--> large business
row625,Q38076|Q109729298,Q38076,McDonald’s,Q109729298,art dealer,0,0,EXCLUDE,0.98,0,EXCLUDE,0.98,2,2,Q4830453,business,(-)P279,has subclass,McDonald’s --instance of--> business --has subclass--> art dealer
row626,Q38076|Q19644607,Q38076,McDonald’s,Q19644607,pharmaceutical company,0,0,EXCLUDE,0.97,0,EXCLUDE,0.97,2,2,Q4830453,business,(-)P279,has subclass,McDonald’s --instance of--> business --has subclass--> pharmaceutical company
row627,Q38076|Q80359036,Q38076,McDonald’s,Q80359036,alcohol brand,0,0,PRUNED_BY_ANCESTOR,,1,INCLUDE,0.78,2,2,Q167270,trademark,(-)P279,has subclass,McDonald’s --instance of--> trademark --has subclass--> alcohol brand
row628,Q38076|Q25461160,Q38076,McDonald’s,Q25461160,syndicate,0,0,EXCLUDE,0.96,0,EXCLUDE,0.96,2,2,Q4830453,business,(-)P279,has subclass,McDonald’s --instance of--> business --has subclass--> syndicate
row629,Q38076|Q1529128,Q38076,McDonald’s,Q1529128,postal service,0,0,EXCLUDE,0.98,0,EXCLUDE,0.98,2,2,Q4830453,business,(-)P279,has subclass,McDonald’s --instance of--> business --has subclass--> postal service
row630,Q38076|Q2914704,Q38076,McDonald’s,Q2914704,advertising network,0,1,INCLUDE,0.81,1,INCLUDE,0.81,2,2,Q4830453,business,(-)P279,has subclass,McDonald’s --instance of--> business --has subclass--> advertising network
row632,Q38076|Q476118,Q38076,McDonald’s,Q476118,reinsurance,0,0,EXCLUDE,0.96,0,EXCLUDE,0.96,2,2,Q4830453,business,(-)P279,has subclass,McDonald’s --instance of--> business --has subclass--> reinsurance
row633,Q38076|Q14635346,Q38076,McDonald’s,Q14635346,multi-channel network,0,0,EXCLUDE,0.91,0,EXCLUDE,0.91,2,2,Q4830453,business,(-)P279,has subclass,McDonald’s --instance of--> business --has subclass--> multi-channel network
row634,Q38076|Q104807662,Q38076,McDonald’s,Q104807662,cathedral in the desert,0,0,EXCLUDE,0.99,0,EXCLUDE,0.99,2,2,Q4830453,business,(-)P279,has subclass,McDonald’s --instance of--> business --has subclass--> cathedral in the desert
row635,Q38076|Q4387609,Q38076,McDonald’s,Q4387609,architectural firm,0,0,EXCLUDE,0.94,0,EXCLUDE,0.94,2,2,Q4830453,business,(-)P279,has subclass,McDonald’s --instance of--> business --has subclass--> architectural firm
row636,Q38076|Q1756711,Q38076,McDonald’s,Q1756711,video rental shop,0,0,EXCLUDE,0.93,0,EXCLUDE,0.93,2,2,Q4830453,business,(-)P279,has subclass,McDonald’s --instance of--> business --has subclass--> video rental shop
row637,Q38076|Q1520069,Q38076,McDonald’s,Q1520069,bottling company,0,0,EXCLUDE,0.95,0,EXCLUDE,0.95,2,2,Q4830453,business,(-)P279,has subclass,McDonald’s --instance of--> business --has subclass--> bottling company
row638,Q38076|Q2519914,Q38076,McDonald’s,Q2519914,brand name,1,0,PRUNED_BY_ANCESTOR,,1,INCLUDE,0.88,2,2,Q167270,trademark,(-)P279,has subclass,McDonald’s --instance of--> trademark --has subclass--> brand name
row640,Q38076|Q20488450,Q38076,McDonald’s,Q20488450,mobile phone series,0,0,PRUNED_BY_ANCESTOR,,0,EXCLUDE,0.96,2,2,Q167270,trademark,(-)P279,has subclass,McDonald’s --instance of--> trademark --has subclass--> mobile phone series
row641,Q38076|Q5346803,Q38076,McDonald’s,Q5346803,social business,0,0,EXCLUDE,0.88,0,EXCLUDE,0.88,2,2,Q4830453,business,(-)P279,has subclass,McDonald’s --instance of--> business --has subclass--> social business
row642,Q38076|Q56876011,Q38076,McDonald’s,Q56876011,private corporation,1,1,INCLUDE,0.69,1,INCLUDE,0.69,2,2,Q6881511,enterprise,(-)P279,has subclass,McDonald’s --instance of--> enterprise --has subclass--> private corporation
row643,Q38076|Q1200676,Q38076,McDonald’s,Q1200676,design agency,0,0,EXCLUDE,0.94,0,EXCLUDE,0.94,2,2,Q4830453,business,(-)P279,has subclass,McDonald’s --instance of--> business --has subclass--> design agency
row644,Q38076|Q18388277,Q38076,McDonald’s,Q18388277,technology company,0,0,EXCLUDE,0.9,0,EXCLUDE,0.9,2,2,Q6881511,enterprise,(-)P279,has subclass,McDonald’s --instance of--> enterprise --has subclass--> technology company
row645,Q38076|Q23670565,Q38076,McDonald’s,Q23670565,professional services firm,0,0,EXCLUDE,0.98,0,EXCLUDE,0.98,2,2,Q4830453,business,(-)P279,has subclass,McDonald’s --instance of--> business --has subclass--> professional services firm
row646,Q38076|Q811930,Q38076,McDonald’s,Q811930,construction business,0,0,EXCLUDE,0.98,0,EXCLUDE,0.98,2,2,Q4830453,business,(-)P279,has subclass,McDonald’s --instance of--> business --has subclass--> construction business
row647,Q38076|Q15634581,Q38076,McDonald’s,Q15634581,design company,0,0,EXCLUDE,0.98,0,EXCLUDE,0.98,2,2,Q4830453,business,(-)P279,has subclass,McDonald’s --instance of--> business --has subclass--> design company
row648,Q38076|Q90302516,Q38076,McDonald’s,Q90302516,tobacco company,0,0,EXCLUDE,0.98,0,EXCLUDE,0.98,2,2,Q4830453,business,(-)P279,has subclass,McDonald’s --instance of--> business --has subclass--> tobacco company
row649,Q38076|Q16274795,Q38076,McDonald’s,Q16274795,shipbuilding company,0,0,EXCLUDE,0.98,0,EXCLUDE,0.98,2,2,Q4830453,business,(-)P279,has subclass,McDonald’s --instance of--> business --has subclass--> shipbuilding company
row650,Q38076|Q1917775,Q38076,McDonald’s,Q1917775,music publishing company,0,0,EXCLUDE,0.98,0,EXCLUDE,0.98,2,2,Q4830453,business,(-)P279,has subclass,McDonald’s --instance of--> business --has subclass--> music publishing company
row651,Q38076|Q11294827,Q38076,McDonald’s,Q11294827,camera manufacturer,0,0,EXCLUDE,0.98,0,EXCLUDE,0.98,2,2,Q4830453,business,(-)P279,has subclass,McDonald’s --instance of--> business --has subclass--> camera manufacturer
row652,Q38076|Q748645,Q38076,McDonald’s,Q748645,shipping agent,0,0,EXCLUDE,0.98,0,EXCLUDE,0.98,2,2,Q4830453,business,(-)P279,has subclass,McDonald’s --instance of--> business --has subclass--> shipping agent
row653,Q38076|Q5465569,Q38076,McDonald’s,Q5465569,Foodservice distributor,1,1,INCLUDE,0.95,1,INCLUDE,0.95,2,2,Q4830453,business,(-)P279,has subclass,McDonald’s --instance of--> business --has subclass--> Foodservice distributor
row654,Q38076|Q765517,Q38076,McDonald’s,Q765517,credit rating agency,0,0,EXCLUDE,0.98,0,EXCLUDE,0.98,2,2,Q4830453,business,(-)P279,has subclass,McDonald’s --instance of--> business --has subclass--> credit rating agency
row655,Q38076|Q2401749,Q38076,McDonald’s,Q2401749,telecommunication company,0,0,EXCLUDE,0.98,0,EXCLUDE,0.98,2,2,Q4830453,business,(-)P279,has subclass,McDonald’s --instance of--> business --has subclass--> telecommunication company
row656,Q38076|Q5384579,Q38076,McDonald’s,Q5384579,Equipment rental,0,0,EXCLUDE,0.97,0,EXCLUDE,0.97,2,2,Q4830453,business,(-)P279,has subclass,McDonald’s --instance of--> business --has subclass--> Equipment rental
row657,Q38076|Q2961813,Q38076,McDonald’s,Q2961813,local TV channel,0,0,EXCLUDE,0.98,0,EXCLUDE,0.98,2,2,Q4830453,business,(-)P279,has subclass,McDonald’s --instance of--> business --has subclass--> local TV channel
row659,Q38076|Q2442401,Q38076,McDonald’s,Q2442401,record company,0,0,EXCLUDE,0.98,0,EXCLUDE,0.98,2,2,Q4830453,business,(-)P279,has subclass,McDonald’s --instance of--> business --has subclass--> record company
row660,Q38076|Q3307920,Q38076,McDonald’s,Q3307920,console manufacturer,0,0,EXCLUDE,0.98,0,EXCLUDE,0.98,2,2,Q4830453,business,(-)P279,has subclass,McDonald’s --instance of--> business --has subclass--> console manufacturer
row661,Q38076|Q3117865,Q38076,McDonald’s,Q3117865,hotel group,0,0,EXCLUDE,0.98,0,EXCLUDE,0.98,2,2,Q4830453,business,(-)P279,has subclass,McDonald’s --instance of--> business --has subclass--> hotel group
row662,Q38076|Q3842318,Q38076,McDonald’s,Q3842318,Made in Italy,0,0,PRUNED_BY_ANCESTOR,,0,EXCLUDE,0.97,2,2,Q167270,trademark,(-)P279,has subclass,McDonald’s --instance of--> trademark --has subclass--> Made in Italy
row663,Q38076|Q3063988,Q38076,McDonald’s,Q3063988,Made in France,0,0,PRUNED_BY_ANCESTOR,,0,EXCLUDE,0.97,2,2,Q167270,trademark,(-)P279,has subclass,McDonald’s --instance of--> trademark --has subclass--> Made in France
row664,Q38076|Q11885129,Q38076,McDonald’s,Q11885129,artist agency,0,0,EXCLUDE,0.98,0,EXCLUDE,0.98,2,2,Q4830453,business,(-)P279,has subclass,McDonald’s --instance of--> business --has subclass--> artist agency
row665,Q38076|Q63020365,Q38076,McDonald’s,Q63020365,tiny forest,0,0,PRUNED_BY_ANCESTOR,,0,EXCLUDE,0.97,2,2,Q167270,trademark,(-)P279,has subclass,McDonald’s --instance of--> trademark --has subclass--> tiny forest
row666,Q38076|Q4116756,Q38076,McDonald’s,Q4116756,Tourism in Saudi Arabia,0,0,EXCLUDE,0.99,0,EXCLUDE,0.99,2,2,Q4830453,business,(-)P279,has subclass,McDonald’s --instance of--> business --has subclass--> Tourism in Saudi Arabia
row667,Q38076|Q1466031,Q38076,McDonald’s,Q1466031,funeral home,0,0,EXCLUDE,0.98,0,EXCLUDE,0.98,2,2,Q4830453,business,(-)P279,has subclass,McDonald’s --instance of--> business --has subclass--> funeral home
row668,Q38076|Q30899001,Q38076,McDonald’s,Q30899001,software distributor,0,0,EXCLUDE,0.97,0,EXCLUDE,0.97,2,2,Q4830453,business,(-)P279,has subclass,McDonald’s --instance of--> business --has subclass--> software distributor
row669,Q38076|Q1266169,Q38076,McDonald’s,Q1266169,telephone company,0,0,EXCLUDE,0.97,0,EXCLUDE,0.97,2,2,Q4830453,business,(-)P279,has subclass,McDonald’s --instance of--> business --has subclass--> telephone company
row670,Q38076|Q771063,Q38076,McDonald’s,Q771063,dating agency,0,0,EXCLUDE,0.96,0,EXCLUDE,0.96,2,2,Q4830453,business,(-)P279,has subclass,McDonald’s --instance of--> business --has subclass--> dating agency
row671,Q38076|Q946499,Q38076,McDonald’s,Q946499,cruise line,0,0,EXCLUDE,0.97,0,EXCLUDE,0.97,2,2,Q4830453,business,(-)P279,has subclass,McDonald’s --instance of--> business --has subclass--> cruise line
row672,Q38076|Q721067,Q38076,McDonald’s,Q721067,professional wrestling promotion,0,0,EXCLUDE,0.95,0,EXCLUDE,0.95,2,2,Q4830453,business,(-)P279,has subclass,McDonald’s --instance of--> business --has subclass--> professional wrestling promotion
row673,Q38076|Q3393867,Q38076,McDonald’s,Q3393867,seafood market,0,0,EXCLUDE,0.96,0,EXCLUDE,0.96,2,2,Q4830453,business,(-)P279,has subclass,McDonald’s --instance of--> business --has subclass--> seafood market
row674,Q38076|Q811404,Q38076,McDonald’s,Q811404,Bauhof,0,0,EXCLUDE,0.9,0,EXCLUDE,0.9,2,2,Q4830453,business,(-)P279,has subclass,McDonald’s --instance of--> business --has subclass--> Bauhof
row675,Q38076|Q1057214,Q38076,McDonald’s,Q1057214,private military company,0,0,EXCLUDE,0.95,0,EXCLUDE,0.95,2,2,Q4830453,business,(-)P279,has subclass,McDonald’s --instance of--> business --has subclass--> private military company
row676,Q38076|Q920671,Q38076,McDonald’s,Q920671,parapharmacy,0,0,EXCLUDE,0.96,0,EXCLUDE,0.96,2,2,Q4830453,business,(-)P279,has subclass,McDonald’s --instance of--> business --has subclass--> parapharmacy
row677,Q38076|Q2538889,Q38076,McDonald’s,Q2538889,weapons manufacturing company,0,0,EXCLUDE,0.97,0,EXCLUDE,0.97,2,2,Q4830453,business,(-)P279,has subclass,McDonald’s --instance of--> business --has subclass--> weapons manufacturing company
row678,Q38076|Q45069022,Q38076,McDonald’s,Q45069022,skateboarding company,0,0,EXCLUDE,0.95,0,EXCLUDE,0.95,2,2,Q4830453,business,(-)P279,has subclass,McDonald’s --instance of--> business --has subclass--> skateboarding company
row679,Q38076|Q30103124,Q38076,McDonald’s,Q30103124,hospital group,0,0,EXCLUDE,0.97,0,EXCLUDE,0.97,2,2,Q6881511,enterprise,(-)P279,has subclass,McDonald’s --instance of--> enterprise --has subclass--> hospital group
row680,Q38076|Q936518,Q38076,McDonald’s,Q936518,aerospace manufacturer,0,0,EXCLUDE,0.97,0,EXCLUDE,0.97,2,2,Q6881511,enterprise,(-)P279,has subclass,McDonald’s --instance of--> enterprise --has subclass--> aerospace manufacturer
row681,Q38076|Q1318768,Q38076,McDonald’s,Q1318768,snack bar,1,1,INCLUDE,0.88,1,INCLUDE,0.88,2,2,Q4830453,business,(-)P279,has subclass,McDonald’s --instance of--> business --has subclass--> snack bar
row682,Q38076|Q507443,Q38076,McDonald’s,Q507443,pharmaceutical industry,0,0,EXCLUDE,0.98,0,EXCLUDE,0.98,2,2,Q4830453,business,(-)P279,has subclass,McDonald’s --instance of--> business --has subclass--> pharmaceutical industry
row683,Q38076|Q22687,Q38076,McDonald’s,Q22687,bank,0,0,EXCLUDE,0.97,0,EXCLUDE,0.97,2,2,Q6881511,enterprise,(-)P279,has subclass,McDonald’s --instance of--> enterprise --has subclass--> bank
row684,Q38076|Q108915260,Q38076,McDonald’s,Q108915260,sexual entertainment venue,0,0,EXCLUDE,0.99,0,EXCLUDE,0.99,2,2,Q4830453,business,(-)P279,has subclass,McDonald’s --instance of--> business --has subclass--> sexual entertainment venue
row685,Q38076|Q1757263,Q38076,McDonald’s,Q1757263,moving company,0,0,EXCLUDE,0.96,0,EXCLUDE,0.96,2,2,Q4830453,business,(-)P279,has subclass,McDonald’s --instance of--> business --has subclass--> moving company
row686,Q38076|Q1116826,Q38076,McDonald’s,Q1116826,private security company,0,0,EXCLUDE,0.97,0,EXCLUDE,0.97,2,2,Q4830453,business,(-)P279,has subclass,McDonald’s --instance of--> business --has subclass--> private security company
row687,Q38076|Q3579160,Q38076,McDonald’s,Q3579160,newspaper publisher,0,0,EXCLUDE,0.98,0,EXCLUDE,0.98,2,2,Q4830453,business,(-)P279,has subclass,McDonald’s --instance of--> business --has subclass--> newspaper publisher
row688,Q38076|Q1817883,Q38076,McDonald’s,Q1817883,furniture manufacturer,0,0,EXCLUDE,0.97,0,EXCLUDE,0.97,2,2,Q4830453,business,(-)P279,has subclass,McDonald’s --instance of--> business --has subclass--> furniture manufacturer
row689,Q38076|Q60770436,Q38076,McDonald’s,Q60770436,Deep tech,0,0,EXCLUDE,0.96,0,EXCLUDE,0.96,2,2,Q6881511,enterprise,(-)P279,has subclass,McDonald’s --instance of--> enterprise --has subclass--> Deep tech
row690,Q38076|Q8007048,Q38076,McDonald’s,Q8007048,nail salon,0,0,EXCLUDE,0.97,0,EXCLUDE,0.97,2,2,Q4830453,business,(-)P279,has subclass,McDonald’s --instance of--> business --has subclass--> nail salon
row691,Q38076|Q5466628,Q38076,McDonald’s,Q5466628,for-profit corporation,1,1,INCLUDE,0.88,1,INCLUDE,0.88,2,2,Q4830453,business,(-)P279,has subclass,McDonald’s --instance of--> business --has subclass--> for-profit corporation
row692,Q38076|Q1137109,Q38076,McDonald’s,Q1137109,video game publisher,0,0,EXCLUDE,0.98,0,EXCLUDE,0.98,2,2,Q4830453,business,(-)P279,has subclass,McDonald’s --instance of--> business --has subclass--> video game publisher
row693,Q38076|Q2990216,Q38076,McDonald’s,Q2990216,mining company,0,0,EXCLUDE,0.95,0,EXCLUDE,0.95,2,2,Q6881511,enterprise,(-)P279,has subclass,McDonald’s --instance of--> enterprise --has subclass--> mining company
row694,Q38076|Q613142,Q38076,McDonald’s,Q613142,law firm,0,0,EXCLUDE,0.97,0,EXCLUDE,0.97,2,2,Q4830453,business,(-)P279,has subclass,McDonald’s --instance of--> business --has subclass--> law firm
row695,Q38076|Q102167691,Q38076,McDonald’s,Q102167691,Communist Chinese Military Companies,0,0,EXCLUDE,0.99,0,EXCLUDE,0.99,2,2,Q4830453,business,(-)P279,has subclass,McDonald’s --instance of--> business --has subclass--> Communist Chinese Military Companies
row696,Q38076|Q97579135,Q38076,McDonald’s,Q97579135,piano manufacturing company,0,0,EXCLUDE,0.98,0,EXCLUDE,0.98,2,2,Q4830453,business,(-)P279,has subclass,McDonald’s --instance of--> business --has subclass--> piano manufacturing company
row698,Q38076|Q18127,Q38076,McDonald’s,Q18127,record label,0,0,EXCLUDE,0.98,0,EXCLUDE,0.98,2,2,Q4830453,business,(-)P279,has subclass,McDonald’s --instance of--> business --has subclass--> record label
row699,Q38076|Q29885033,Q38076,McDonald’s,Q29885033,cosmetics manufacturer,0,0,EXCLUDE,0.97,0,EXCLUDE,0.97,2,2,Q4830453,business,(-)P279,has subclass,McDonald’s --instance of--> business --has subclass--> cosmetics manufacturer
row700,Q38076|Q7257732,Q38076,McDonald’s,Q7257732,public electricity supplier,0,0,EXCLUDE,0.98,0,EXCLUDE,0.98,2,2,Q4830453,business,(-)P279,has subclass,McDonald’s --instance of--> business --has subclass--> public electricity supplier
row701,Q38076|Q291240,Q38076,McDonald’s,Q291240,car rental company,0,0,EXCLUDE,0.97,0,EXCLUDE,0.97,2,2,Q4830453,business,(-)P279,has subclass,McDonald’s --instance of--> business --has subclass--> car rental company
row702,Q38076|Q1406985,Q38076,McDonald’s,Q1406985,transmission system operator for gas,0,0,EXCLUDE,0.98,0,EXCLUDE,0.98,2,2,Q4830453,business,(-)P279,has subclass,McDonald’s --instance of--> business --has subclass--> transmission system operator for gas
row70,Q381|Q5276054,Q381,Ubuntu,Q5276054,digital commons,1,1,INCLUDE,0.99,1,INCLUDE,0.99,1,1,Q381,Ubuntu,P31,instance of,Ubuntu --instance of--> digital commons
row71,Q381|Q72688,Q381,Ubuntu,Q72688,Xubuntu,1,1,INCLUDE,0.98,1,INCLUDE,0.98,1,1,Q381,Ubuntu,(-)P279,has subclass,Ubuntu --has subclass--> Xubuntu
row72,Q381|Q20983788,Q381,Ubuntu,Q20983788,free operating system,1,0,EXCLUDE,0.92,0,EXCLUDE,0.92,1,1,Q381,Ubuntu,P31,instance of,Ubuntu --instance of--> free operating system
row73,Q381|Q131669,Q381,Ubuntu,Q131669,Linux distribution,1,1,INCLUDE,0.99,1,INCLUDE,0.99,1,1,Q381,Ubuntu,P31,instance of,Ubuntu --instance of--> Linux distribution
row74,Q381|Q11250,Q381,Ubuntu,Q11250,Kubuntu,1,1,INCLUDE,0.99,1,INCLUDE,0.99,1,1,Q381,Ubuntu,(-)P279,has subclass,Ubuntu --has subclass--> Kubuntu
row75,Q381|Q12226408,Q381,Ubuntu,Q12226408,Ubuntu Kylin,1,1,INCLUDE,0.99,1,INCLUDE,0.99,1,1,Q381,Ubuntu,(-)P279,has subclass,Ubuntu --has subclass--> Ubuntu Kylin
row76,Q381|Q27964209,Q381,Ubuntu,Q27964209,Ubuntu Budgie,1,1,INCLUDE,0.99,1,INCLUDE,0.99,1,1,Q381,Ubuntu,(-)P279,has subclass,Ubuntu --has subclass--> Ubuntu Budgie
row77,Q381|Q18915790,Q381,Ubuntu,Q18915790,Ubuntu MATE,1,1,INCLUDE,0.99,1,INCLUDE,0.99,1,1,Q381,Ubuntu,(-)P279,has subclass,Ubuntu --has subclass--> Ubuntu MATE
row79,Q381|Q9135,Q381,Ubuntu,Q9135,operating system,1,1,INCLUDE,0.9,1,INCLUDE,0.9,1,1,Q381,Ubuntu,P31,instance of,Ubuntu --instance of--> operating system
row928,Q38695|Q16920758,Q38695,cooking,Q16920758,food and drink preparation,1,1,INCLUDE,0.98,1,INCLUDE,0.98,1,1,Q38695,cooking,P279,subclass of,cooking --subclass of--> food and drink preparation
row929,Q38695|Q19862406,Q38695,cooking,Q19862406,business,1,0,EXCLUDE,0.97,0,EXCLUDE,0.97,1,1,Q38695,cooking,P31,instance of,cooking --instance of--> business
row930,Q38695|Q61788060,Q38695,cooking,Q61788060,human activity,1,1,INCLUDE,0.96,1,INCLUDE,0.96,1,1,Q38695,cooking,P31,instance of,cooking --instance of--> human activity
row931,Q38695|Q17082653,Q38695,cooking,Q17082653,candy making,1,1,INCLUDE,0.97,1,INCLUDE,0.97,2,2,Q16920758,food and drink preparation,(-)P279,has subclass,cooking --subclass of--> food and drink preparation --has subclass--> candy making
row748,Q392500|Q3244038,Q392500,Agence Nationale de la Recherche,Q3244038,public establishment of an administrative nature,1,1,INCLUDE,0.98,1,INCLUDE,0.98,1,1,Q392500,Agence Nationale de la Recherche,P31,instance of,Agence Nationale de la Recherche --instance of--> public establishment of an administrative nature
row749,Q392500|Q3591561,Q392500,Agence Nationale de la Recherche,Q3591561,public cultural cooperation establishment,0,1,INCLUDE,0.9,1,INCLUDE,0.9,2,2,Q3244038,public establishment of an administrative nature,(-)P279,has subclass,Agence Nationale de la Recherche --instance of--> public establishment of an administrative nature --has subclass--> public cultural cooperation establishment
row750,Q392500|Q2826708,Q392500,Agence Nationale de la Recherche,Q2826708,Agence régionale de santé,0,0,EXCLUDE,0.96,0,EXCLUDE,0.96,2,2,Q3244038,public establishment of an administrative nature,(-)P279,has subclass,Agence Nationale de la Recherche --instance of--> public establishment of an administrative nature --has subclass--> Agence régionale de santé
row752,Q392500|Q3006228,Q392500,Agence Nationale de la Recherche,Q3006228,crédit municipal,0,0,EXCLUDE,0.93,0,EXCLUDE,0.93,2,2,Q3244038,public establishment of an administrative nature,(-)P279,has subclass,Agence Nationale de la Recherche --instance of--> public establishment of an administrative nature --has subclass--> crédit municipal
row753,Q392500|Q423790,Q392500,Agence Nationale de la Recherche,Q423790,urban community,0,0,EXCLUDE,0.94,0,EXCLUDE,0.94,2,2,Q3244038,public establishment of an administrative nature,(-)P279,has subclass,Agence Nationale de la Recherche --instance of--> public establishment of an administrative nature --has subclass--> urban community
row755,Q392500|Q423785,Q392500,Agence Nationale de la Recherche,Q423785,community of communes,0,0,EXCLUDE,0.94,0,EXCLUDE,0.94,2,2,Q3244038,public establishment of an administrative nature,(-)P279,has subclass,Agence Nationale de la Recherche --instance of--> public establishment of an administrative nature --has subclass--> community of communes
row756,Q392500|Q51704864,Q392500,Agence Nationale de la Recherche,Q51704864,national public establishment of an administrative nature,1,1,INCLUDE,0.97,1,INCLUDE,0.97,2,2,Q3244038,public establishment of an administrative nature,(-)P279,has subclass,Agence Nationale de la Recherche --instance of--> public establishment of an administrative nature --has subclass--> national public establishment of an administrative nature
row198,Q40898|Q484170,Q40898,Nancy,Q484170,commune of France,1,1,INCLUDE,0.99,1,INCLUDE,0.99,1,1,Q40898,Nancy,P31,instance of,Nancy --instance of--> commune of France
row199,Q40898|Q1549591,Q40898,Nancy,Q1549591,big city,1,1,INCLUDE,0.85,1,INCLUDE,0.85,1,1,Q40898,Nancy,P31,instance of,Nancy --instance of--> big city
row211,Q4173330|Q1542938,Q4173330,University of Lorraine,Q1542938,grand établissement,1,1,INCLUDE,0.95,1,INCLUDE,0.95,1,1,Q4173330,University of Lorraine,P31,instance of,University of Lorraine --instance of--> grand établissement
row212,Q4173330|Q3551775,Q4173330,University of Lorraine,Q3551775,university in France,1,1,INCLUDE,0.99,1,INCLUDE,0.99,1,1,Q4173330,University of Lorraine,P31,instance of,University of Lorraine --instance of--> university in France
row40,Q42490|Q14406742,Q42490,Asterix,Q14406742,comic book series,1,1,INCLUDE,0.99,1,INCLUDE,0.99,1,1,Q42490,Asterix,P31,instance of,Asterix --instance of--> comic book series
row279,Q462|Q431289,Q462,Star Wars,Q431289,brand,1,0,EXCLUDE,0.98,0,EXCLUDE,0.98,1,1,Q462,Star Wars,P31,instance of,Star Wars --instance of--> brand
row280,Q462|Q19786787,Q462,Star Wars,Q19786787,Archduke of Geonosis,1,0,EXCLUDE,0.93,0,EXCLUDE,0.93,1,1,Q462,Star Wars,(-)P279,has subclass,Star Wars --has subclass--> Archduke of Geonosis
row281,Q462|Q196600,Q462,Star Wars,Q196600,media franchise,1,1,INCLUDE,0.99,1,INCLUDE,0.99,1,1,Q462,Star Wars,P31,instance of,Star Wars --instance of--> media franchise
row145,Q508256|Q11670533,Q508256,Bastille,Q11670533,elevated station,1,0,EXCLUDE,0.97,0,EXCLUDE,0.97,1,1,Q508256,Bastille,P31,instance of,Bastille --instance of--> elevated station
row146,Q508256|Q928830,Q508256,Bastille,Q928830,metro station,1,1,INCLUDE,0.95,1,INCLUDE,0.95,1,1,Q508256,Bastille,P31,instance of,Bastille --instance of--> metro station
row147,Q508256|Q22808403,Q508256,Bastille,Q22808403,station located underground,1,1,INCLUDE,0.88,1,INCLUDE,0.88,1,1,Q508256,Bastille,P31,instance of,Bastille --instance of--> station located underground
row482,Q51746|Q15632617,Q51746,Luke Skywalker,Q15632617,fictional human,1,1,INCLUDE,0.99,1,INCLUDE,0.99,1,1,Q51746,Luke Skywalker,P31,instance of,Luke Skywalker --instance of--> fictional human
row483,Q51746|Q33125444,Q51746,Luke Skywalker,Q33125444,character from Star Wars,1,1,INCLUDE,0.99,1,INCLUDE,0.99,1,1,Q51746,Luke Skywalker,P31,instance of,Luke Skywalker --instance of--> character from Star Wars
row484,Q51746|Q15773347,Q51746,Luke Skywalker,Q15773347,film character,1,1,INCLUDE,0.96,1,INCLUDE,0.96,1,1,Q51746,Luke Skywalker,P31,instance of,Luke Skywalker --instance of--> film character
row485,Q51746|Q22074477,Q51746,Luke Skywalker,Q22074477,cyborg in a work of fiction,1,0,EXCLUDE,0.97,0,EXCLUDE,0.97,1,1,Q51746,Luke Skywalker,P31,instance of,Luke Skywalker --instance of--> cyborg in a work of fiction
row486,Q51746|Q11334882,Q51746,Luke Skywalker,Q11334882,Pokémon Professor,0,0,EXCLUDE,0.9,0,EXCLUDE,0.9,2,2,Q15632617,fictional human,(-)P279,has subclass,Luke Skywalker --instance of--> fictional human --has subclass--> Pokémon Professor
row487,Q51746|Q5199354,Q51746,Luke Skywalker,Q5199354,Cylon,0,0,PRUNED_BY_ANCESTOR,,0,EXCLUDE,0.98,2,2,Q22074477,cyborg in a work of fiction,(-)P279,has subclass,Luke Skywalker --instance of--> cyborg in a work of fiction --has subclass--> Cylon
row488,Q51746|Q220652,Q51746,Luke Skywalker,Q220652,Borg,0,0,PRUNED_BY_ANCESTOR,,0,EXCLUDE,0.98,2,2,Q22074477,cyborg in a work of fiction,(-)P279,has subclass,Luke Skywalker --instance of--> cyborg in a work of fiction --has subclass--> Borg
row489,Q51746|Q2265657,Q51746,Luke Skywalker,Q2265657,Phalanx,0,0,PRUNED_BY_ANCESTOR,,0,EXCLUDE,0.98,2,2,Q22074477,cyborg in a work of fiction,(-)P279,has subclass,Luke Skywalker --instance of--> cyborg in a work of fiction --has subclass--> Phalanx
row490,Q51746|Q3008212,Q51746,Luke Skywalker,Q3008212,Cyberman,0,0,PRUNED_BY_ANCESTOR,,0,EXCLUDE,0.98,2,2,Q22074477,cyborg in a work of fiction,(-)P279,has subclass,Luke Skywalker --instance of--> cyborg in a work of fiction --has subclass--> Cyberman
row491,Q51746|Q5769360,Q51746,Luke Skywalker,Q5769360,Cimek,0,0,PRUNED_BY_ANCESTOR,,0,EXCLUDE,0.98,2,2,Q22074477,cyborg in a work of fiction,(-)P279,has subclass,Luke Skywalker --instance of--> cyborg in a work of fiction --has subclass--> Cimek
row492,Q51746|Q930062,Q51746,Luke Skywalker,Q930062,Toa,0,0,PRUNED_BY_ANCESTOR,,0,EXCLUDE,0.96,2,2,Q22074477,cyborg in a work of fiction,(-)P279,has subclass,Luke Skywalker --instance of--> cyborg in a work of fiction --has subclass--> Toa
row493,Q51746|Q853715,Q51746,Luke Skywalker,Q853715,Dalek,0,0,PRUNED_BY_ANCESTOR,,0,EXCLUDE,0.98,2,2,Q22074477,cyborg in a work of fiction,(-)P279,has subclass,Luke Skywalker --instance of--> cyborg in a work of fiction --has subclass--> Dalek
row494,Q51746|Q2351172,Q51746,Luke Skywalker,Q2351172,Evangelion,0,0,PRUNED_BY_ANCESTOR,,0,EXCLUDE,0.99,2,2,Q22074477,cyborg in a work of fiction,(-)P279,has subclass,Luke Skywalker --instance of--> cyborg in a work of fiction --has subclass--> Evangelion
row249,Q52|Q1293664,Q52,Wikipedia,Q1293664,open content,1,1,INCLUDE,0.98,1,INCLUDE,0.98,1,1,Q52,Wikipedia,P31,instance of,Wikipedia --instance of--> open content
row250,Q52|Q14827288,Q52,Wikipedia,Q14827288,Wikimedia project,1,1,INCLUDE,0.97,1,INCLUDE,0.97,1,1,Q52,Wikipedia,P31,instance of,Wikipedia --instance of--> Wikimedia project
row251,Q52|Q615699,Q52,Wikipedia,Q615699,Internet encyclopedia,1,1,INCLUDE,0.98,1,INCLUDE,0.98,1,1,Q52,Wikipedia,P31,instance of,Wikipedia --instance of--> Internet encyclopedia
row252,Q52|Q15633582,Q52,Wikipedia,Q15633582,MediaWiki website,1,1,INCLUDE,0.98,1,INCLUDE,0.98,1,1,Q52,Wikipedia,P31,instance of,Wikipedia --instance of--> MediaWiki website
row254,Q52|Q81311730,Q52,Wikipedia,Q81311730,Miraheze website,0,0,EXCLUDE,0.96,0,EXCLUDE,0.96,2,2,Q15633582,MediaWiki website,(-)P279,has subclass,Wikipedia --instance of--> MediaWiki website --has subclass--> Miraheze website
row255,Q52|Q95948776,Q52,Wikipedia,Q95948776,Le Dico des Ados,0,0,EXCLUDE,0.95,0,EXCLUDE,0.95,2,2,Q15633582,MediaWiki website,(-)P279,has subclass,Wikipedia --instance of--> MediaWiki website --has subclass--> Le Dico des Ados
row256,Q52|Q11853682,Q52,Wikipedia,Q11853682,open encyclopedia,1,1,INCLUDE,0.94,1,INCLUDE,0.94,2,2,Q1293664,open content,(-)P279,has subclass,Wikipedia --instance of--> open content --has subclass--> open encyclopedia
row257,Q52|Q33120867,Q52,Wikipedia,Q33120867,Wikimedia wiki,1,1,INCLUDE,0.96,1,INCLUDE,0.96,2,2,Q14827288,Wikimedia project,(-)P279,has subclass,Wikipedia --instance of--> Wikimedia project --has subclass--> Wikimedia wiki
row258,Q52|Q33120876,Q52,Wikipedia,Q33120876,Wikimedia content project,1,1,INCLUDE,0.93,1,INCLUDE,0.93,2,2,Q14827288,Wikimedia project,(-)P279,has subclass,Wikipedia --instance of--> Wikimedia project --has subclass--> Wikimedia content project
row259,Q52|Q263,Q52,Wikipedia,Q263,Wikisource,1,0,EXCLUDE,0.9,0,EXCLUDE,0.9,2,2,Q14827288,Wikimedia project,(-)P279,has subclass,Wikipedia --instance of--> Wikimedia project --has subclass--> Wikisource
row703,Q548319|Q13276,Q548319,kouign-amann,Q13276,cake,1,1,INCLUDE,0.99,1,INCLUDE,0.99,1,1,Q548319,kouign-amann,P279,subclass of,kouign-amann --subclass of--> cake
row704,Q548319|Q7802,Q548319,kouign-amann,Q7802,bread,1,0,EXCLUDE,0.98,0,EXCLUDE,0.98,1,1,Q548319,kouign-amann,P31,instance of,kouign-amann --instance of--> bread
row772,Q614362|Q3407440,Q614362,Orange Livebox,Q3407440,wireless router,1,1,INCLUDE,0.99,1,INCLUDE,0.99,1,1,Q614362,Orange Livebox,P279,subclass of,Orange Livebox --subclass of--> wireless router
row773,Q614362|Q1155692,Q614362,Orange Livebox,Q1155692,DSL modem,1,1,INCLUDE,0.98,1,INCLUDE,0.98,1,1,Q614362,Orange Livebox,P279,subclass of,Orange Livebox --subclass of--> DSL modem
row774,Q614362|Q2424752,Q614362,Orange Livebox,Q2424752,product,1,1,INCLUDE,0.9,1,INCLUDE,0.9,1,1,Q614362,Orange Livebox,P279,subclass of,Orange Livebox --subclass of--> product
row775,Q614362|Q11228705,Q614362,Orange Livebox,Q11228705,L-03E,1,0,EXCLUDE,0.97,0,EXCLUDE,0.97,2,2,Q3407440,wireless router,(-)P279,has subclass,Orange Livebox --subclass of--> wireless router --has subclass--> L-03E
row776,Q614362|Q2877513,Q614362,Orange Livebox,Q2877513,BT Home Hub,1,0,EXCLUDE,0.97,0,EXCLUDE,0.97,2,2,Q3407440,wireless router,(-)P279,has subclass,Orange Livebox --subclass of--> wireless router --has subclass--> BT Home Hub
row777,Q614362|Q11191179,Q614362,Orange Livebox,Q11191179,BF-01D,1,0,EXCLUDE,0.97,0,EXCLUDE,0.97,2,2,Q3407440,wireless router,(-)P279,has subclass,Orange Livebox --subclass of--> wireless router --has subclass--> BF-01D
row421,Q643290|Q740752,Q643290,RATP,Q740752,transport company,1,1,INCLUDE,0.99,1,INCLUDE,0.99,1,1,Q643290,RATP,P31,instance of,RATP --instance of--> transport company
row768,Q6588|Q484170,Q6588,Périgueux,Q484170,commune of France,1,1,INCLUDE,0.99,1,INCLUDE,0.99,1,1,Q6588,Périgueux,P31,instance of,Périgueux --instance of--> commune of France
row371,Q68|Q11019,Q68,computer,Q11019,machine,1,1,INCLUDE,0.95,1,INCLUDE,0.95,1,1,Q68,computer,P279,subclass of,computer --subclass of--> machine
row372,Q68|Q1662611,Q68,computer,Q1662611,IT system,1,1,INCLUDE,0.96,1,INCLUDE,0.96,1,1,Q68,computer,P279,subclass of,computer --subclass of--> IT system
row373,Q68|Q241317,Q68,computer,Q241317,computing platform,1,1,INCLUDE,0.96,1,INCLUDE,0.96,1,1,Q68,computer,P279,subclass of,computer --subclass of--> computing platform
row169,Q718|Q1188693,Q718,chess,Q1188693,mind sport,1,1,INCLUDE,0.98,1,INCLUDE,0.98,1,1,Q718,chess,P279,subclass of,chess --subclass of--> mind sport
row170,Q718|Q5093314,Q718,chess,Q5093314,Chess aesthetics,1,0,EXCLUDE,0.9,0,EXCLUDE,0.9,1,1,Q718,chess,(-)P279,has subclass,chess --has subclass--> Chess aesthetics
row171,Q718|Q131436,Q718,chess,Q131436,board game,1,1,INCLUDE,0.97,1,INCLUDE,0.97,1,1,Q718,chess,P31,instance of,chess --instance of--> board game
row172,Q718|Q7858742,Q718,chess,Q7858742,two-player game,1,1,INCLUDE,0.9,1,INCLUDE,0.9,1,1,Q718,chess,P31,instance of,chess --instance of--> two-player game
row173,Q718|Q4438147,Q718,chess,Q4438147,game-based sport,1,0,EXCLUDE,0.88,0,EXCLUDE,0.88,1,1,Q718,chess,P31,instance of,chess --instance of--> game-based sport
row174,Q718|Q573573,Q718,chess,Q573573,abstract strategy game,1,1,INCLUDE,0.98,1,INCLUDE,0.98,1,1,Q718,chess,P279,subclass of,chess --subclass of--> abstract strategy game
row175,Q718|Q287618,Q718,chess,Q287618,sequential game,1,1,INCLUDE,0.97,1,INCLUDE,0.97,1,1,Q718,chess,P279,subclass of,chess --subclass of--> sequential game
row176,Q718|Q299191,Q718,chess,Q299191,chess variant,1,1,INCLUDE,0.97,1,INCLUDE,0.97,1,1,Q718,chess,(-)P279,has subclass,chess --has subclass--> chess variant
row177,Q718|Q2755547,Q718,chess,Q2755547,individual sport,1,0,EXCLUDE,0.95,0,EXCLUDE,0.95,1,1,Q718,chess,P279,subclass of,chess --subclass of--> individual sport
row178,Q718|Q41595400,Q718,chess,Q41595400,mind game,1,1,INCLUDE,0.88,1,INCLUDE,0.88,1,1,Q718,chess,P31,instance of,chess --instance of--> mind game
row179,Q718|Q31629,Q718,chess,Q31629,type of sport,1,0,EXCLUDE,0.96,0,EXCLUDE,0.96,1,1,Q718,chess,P31,instance of,chess --instance of--> type of sport
row180,Q718|Q80131,Q718,chess,Q80131,poker,0,0,EXCLUDE,0.93,0,EXCLUDE,0.93,2,2,Q1188693,mind sport,(-)P279,has subclass,chess --subclass of--> mind sport --has subclass--> poker
row181,Q718|Q816261,Q718,chess,Q816261,jogging,0,0,PRUNED_BY_ANCESTOR,,0,EXCLUDE,0.98,2,2,Q2755547,individual sport,(-)P279,has subclass,chess --subclass of--> individual sport --has subclass--> jogging
row182,Q718|Q229398,Q718,chess,Q229398,three-dimensional chess,1,1,INCLUDE,0.98,1,INCLUDE,0.98,2,2,Q299191,chess variant,(-)P279,has subclass,chess --has subclass--> chess variant --has subclass--> three-dimensional chess
row183,Q718|Q933844,Q718,chess,Q933844,three-player chess,1,1,INCLUDE,0.98,1,INCLUDE,0.98,2,2,Q299191,chess variant,(-)P279,has subclass,chess --has subclass--> chess variant --has subclass--> three-player chess
row428,Q746413|Q737498,Q746413,Elsevier BV,Q737498,academic journal,1,1,INCLUDE,0.99,1,INCLUDE,0.99,1,1,Q746413,Elsevier BV,P31,instance of,Elsevier BV --instance of--> academic journal
row429,Q746413|Q2085381,Q746413,Elsevier BV,Q2085381,publisher,1,1,INCLUDE,0.99,1,INCLUDE,0.99,1,1,Q746413,Elsevier BV,P31,instance of,Elsevier BV --instance of--> publisher
row430,Q746413|Q1320047,Q746413,Elsevier BV,Q1320047,book publisher,1,1,INCLUDE,0.97,1,INCLUDE,0.97,1,1,Q746413,Elsevier BV,P31,instance of,Elsevier BV --instance of--> book publisher
row941,Q76592|Q2985062,Q76592,combinatorics,Q2985062,analytic combinatorics,1,1,INCLUDE,0.99,1,INCLUDE,0.99,1,1,Q76592,combinatorics,(-)P279,has subclass,combinatorics --has subclass--> analytic combinatorics
row942,Q76592|Q336787,Q76592,combinatorics,Q336787,enumerative combinatorics,1,1,INCLUDE,0.99,1,INCLUDE,0.99,1,1,Q76592,combinatorics,(-)P279,has subclass,combinatorics --has subclass--> enumerative combinatorics
row943,Q76592|Q5535478,Q76592,combinatorics,Q5535478,geometric combinatorics,1,1,INCLUDE,0.99,1,INCLUDE,0.99,1,1,Q76592,combinatorics,(-)P279,has subclass,combinatorics --has subclass--> geometric combinatorics
row944,Q76592|Q6029708,Q76592,combinatorics,Q6029708,Infinitary combinatorics,1,1,INCLUDE,0.98,1,INCLUDE,0.98,1,1,Q76592,combinatorics,(-)P279,has subclass,combinatorics --has subclass--> Infinitary combinatorics
row945,Q76592|Q3532114,Q76592,combinatorics,Q3532114,combinatorial topology,1,0,EXCLUDE,0.98,0,EXCLUDE,0.98,1,1,Q76592,combinatorics,(-)P279,has subclass,combinatorics --has subclass--> combinatorial topology
row946,Q76592|Q56313053,Q76592,combinatorics,Q56313053,Additive combinatorics,1,1,INCLUDE,0.99,1,INCLUDE,0.99,1,1,Q76592,combinatorics,(-)P279,has subclass,combinatorics --has subclass--> Additive combinatorics
row947,Q76592|Q1936384,Q76592,combinatorics,Q1936384,area of mathematics,1,1,INCLUDE,0.95,1,INCLUDE,0.95,1,1,Q76592,combinatorics,P279,subclass of,combinatorics --subclass of--> area of mathematics
row948,Q76592|Q5422299,Q76592,combinatorics,Q5422299,extremal combinatorics,1,1,INCLUDE,0.99,1,INCLUDE,0.99,1,1,Q76592,combinatorics,(-)P279,has subclass,combinatorics --has subclass--> extremal combinatorics
row949,Q76592|Q1005603,Q76592,combinatorics,Q1005603,algebraic combinatorics,1,1,INCLUDE,0.99,1,INCLUDE,0.99,1,1,Q76592,combinatorics,(-)P279,has subclass,combinatorics --has subclass--> algebraic combinatorics
row970,Q777|Q6368,Q777,Google Chrome,Q6368,web browser,1,1,INCLUDE,0.99,1,INCLUDE,0.99,1,1,Q777,Google Chrome,P31,instance of,Google Chrome --instance of--> web browser
row971,Q777|Q845620,Q777,Google Chrome,Q845620,mobile browser,1,0,EXCLUDE,0.92,0,EXCLUDE,0.92,1,1,Q777,Google Chrome,P31,instance of,Google Chrome --instance of--> mobile browser
row972,Q777|Q266990,Q777,Google Chrome,Q266990,Netscape,1,0,EXCLUDE,0.93,0,EXCLUDE,0.93,2,2,Q6368,web browser,(-)P279,has subclass,Google Chrome --instance of--> web browser --has subclass--> Netscape
row973,Q777|Q18348827,Q777,Google Chrome,Q18348827,headless browser,0,1,INCLUDE,0.9,1,INCLUDE,0.9,2,2,Q6368,web browser,(-)P279,has subclass,Google Chrome --instance of--> web browser --has subclass--> headless browser
row974,Q777|Q18156733,Q777,Google Chrome,Q18156733,surf,1,0,EXCLUDE,0.88,0,EXCLUDE,0.88,2,2,Q6368,web browser,(-)P279,has subclass,Google Chrome --instance of--> web browser --has subclass--> surf
row975,Q777|Q15477174,Q777,Google Chrome,Q15477174,web browser based on Firefox,1,0,EXCLUDE,0.91,0,EXCLUDE,0.91,2,2,Q6368,web browser,(-)P279,has subclass,Google Chrome --instance of--> web browser --has subclass--> web browser based on Firefox
row976,Q777|Q7708379,Q777,Google Chrome,Q7708379,text-based web browser,1,1,INCLUDE,0.89,1,INCLUDE,0.89,2,2,Q6368,web browser,(-)P279,has subclass,Google Chrome --instance of--> web browser --has subclass--> text-based web browser
row977,Q777|Q13733263,Q777,Google Chrome,Q13733263,Internet Explorer 11,1,0,EXCLUDE,0.92,0,EXCLUDE,0.92,2,2,Q6368,web browser,(-)P279,has subclass,Google Chrome --instance of--> web browser --has subclass--> Internet Explorer 11
row978,Q777|Q900604,Q777,Google Chrome,Q900604,addres,0,0,EXCLUDE,0.99,0,EXCLUDE,0.99,2,2,Q6368,web browser,(-)P279,has subclass,Google Chrome --instance of--> web browser --has subclass--> addres
row742,Q7935239|Q3539533,Q7935239,Virtuoso Universal Server,Q3539533,triplestore,1,1,INCLUDE,0.98,1,INCLUDE,0.98,1,1,Q7935239,Virtuoso Universal Server,P31,instance of,Virtuoso Universal Server --instance of--> triplestore
row743,Q7935239|Q3932296,Q7935239,Virtuoso Universal Server,Q3932296,relational database management system,1,0,EXCLUDE,0.95,0,EXCLUDE,0.95,1,1,Q7935239,Virtuoso Universal Server,P31,instance of,Virtuoso Universal Server --instance of--> relational database management system
row744,Q7935239|Q1130645,Q7935239,Virtuoso Universal Server,Q1130645,open-source software,1,0,EXCLUDE,0.97,0,EXCLUDE,0.97,1,1,Q7935239,Virtuoso Universal Server,P31,instance of,Virtuoso Universal Server --instance of--> open-source software
row745,Q7935239|Q215819,Q7935239,Virtuoso Universal Server,Q215819,Microsoft SQL Server,1,0,PRUNED_BY_ANCESTOR,,0,EXCLUDE,0.96,2,2,Q3932296,relational database management system,(-)P279,has subclass,Virtuoso Universal Server --instance of--> relational database management system --has subclass--> Microsoft SQL Server
row746,Q7935239|Q319417,Q7935239,Virtuoso Universal Server,Q319417,SQLite,1,0,PRUNED_BY_ANCESTOR,,0,EXCLUDE,0.96,2,2,Q3932296,relational database management system,(-)P279,has subclass,Virtuoso Universal Server --instance of--> relational database management system --has subclass--> SQLite
row200,Q80131|Q953223,Q80131,poker,Q953223,stud poker,1,1,INCLUDE,0.99,1,INCLUDE,0.99,1,1,Q80131,poker,(-)P279,has subclass,poker --has subclass--> stud poker
row201,Q80131|Q13586511,Q80131,poker,Q13586511,Dealer's choice,1,1,INCLUDE,0.92,1,INCLUDE,0.92,1,1,Q80131,poker,(-)P279,has subclass,poker --has subclass--> Dealer's choice
row202,Q80131|Q1050367,Q80131,poker,Q1050367,online poker,1,1,INCLUDE,0.95,1,INCLUDE,0.95,1,1,Q80131,poker,(-)P279,has subclass,poker --has subclass--> online poker
row203,Q80131|Q1188693,Q80131,poker,Q1188693,mind sport,1,0,EXCLUDE,0.97,0,EXCLUDE,0.97,1,1,Q80131,poker,P279,subclass of,poker --subclass of--> mind sport
row204,Q80131|Q2072000,Q80131,poker,Q2072000,Three card poker,1,1,INCLUDE,0.99,1,INCLUDE,0.99,1,1,Q80131,poker,(-)P279,has subclass,poker --has subclass--> Three card poker
row205,Q80131|Q497397,Q80131,poker,Q497397,video poker,1,1,INCLUDE,0.97,1,INCLUDE,0.97,1,1,Q80131,poker,(-)P279,has subclass,poker --has subclass--> video poker
row206,Q80131|Q142714,Q80131,poker,Q142714,card game,1,1,INCLUDE,0.9,1,INCLUDE,0.9,1,1,Q80131,poker,P279,subclass of,poker --subclass of--> card game
row207,Q80131|Q1073718,Q80131,poker,Q1073718,Chinese poker,1,1,INCLUDE,0.99,1,INCLUDE,0.99,1,1,Q80131,poker,(-)P279,has subclass,poker --has subclass--> Chinese poker
row208,Q80131|Q718,Q80131,poker,Q718,chess,0,0,PRUNED_BY_ANCESTOR,,0,EXCLUDE,0.98,2,2,Q1188693,mind sport,(-)P279,has subclass,poker --subclass of--> mind sport --has subclass--> chess
row717,Q8333|Q20858006,Q8333,Federal Bureau of Investigation,Q20858006,federal law enforcement agency of the United States,1,1,INCLUDE,0.99,1,INCLUDE,0.99,1,1,Q8333,Federal Bureau of Investigation,P31,instance of,Federal Bureau of Investigation --instance of--> federal law enforcement agency of the United States
row718,Q8333|Q20857065,Q8333,Federal Bureau of Investigation,Q20857065,United States federal agency,1,1,INCLUDE,0.98,1,INCLUDE,0.98,1,1,Q8333,Federal Bureau of Investigation,P31,instance of,Federal Bureau of Investigation --instance of--> United States federal agency
row719,Q8333|Q47913,Q8333,Federal Bureau of Investigation,Q47913,intelligence agency,1,1,INCLUDE,0.94,1,INCLUDE,0.94,1,1,Q8333,Federal Bureau of Investigation,P31,instance of,Federal Bureau of Investigation --instance of--> intelligence agency
row758,Q83363|Q3237209,Q83363,jeans,Q3237209,Levi's 501,1,1,INCLUDE,0.99,1,INCLUDE,0.99,1,1,Q83363,jeans,(-)P279,has subclass,jeans --has subclass--> Levi's 501
row759,Q83363|Q39908,Q83363,jeans,Q39908,trousers,1,1,INCLUDE,0.97,1,INCLUDE,0.97,1,1,Q83363,jeans,P279,subclass of,jeans --subclass of--> trousers
row760,Q83363|Q17119191,Q83363,jeans,Q17119191,ripped jeans,1,1,INCLUDE,0.99,1,INCLUDE,0.99,1,1,Q83363,jeans,(-)P279,has subclass,jeans --has subclass--> ripped jeans
row761,Q83363|Q3377759,Q83363,jeans,Q3377759,Wide leg jeans,1,1,INCLUDE,0.98,1,INCLUDE,0.98,1,1,Q83363,jeans,(-)P279,has subclass,jeans --has subclass--> Wide leg jeans
row762,Q83363|Q18088270,Q83363,jeans,Q18088270,dress trousers,1,0,EXCLUDE,0.87,0,EXCLUDE,0.87,2,2,Q39908,trousers,(-)P279,has subclass,jeans --subclass of--> trousers --has subclass--> dress trousers
row763,Q83363|Q3530132,Q83363,jeans,Q3530132,tobi trousers,1,0,EXCLUDE,0.88,0,EXCLUDE,0.88,2,2,Q39908,trousers,(-)P279,has subclass,jeans --subclass of--> trousers --has subclass--> tobi trousers
row764,Q83363|Q1074407,Q83363,jeans,Q1074407,chinos,1,0,EXCLUDE,0.84,0,EXCLUDE,0.84,2,2,Q39908,trousers,(-)P279,has subclass,jeans --subclass of--> trousers --has subclass--> chinos
row765,Q83363|Q618998,Q83363,jeans,Q618998,skinny jeans,1,1,INCLUDE,0.99,1,INCLUDE,0.99,2,2,Q39908,trousers,(-)P279,has subclass,jeans --subclass of--> trousers --has subclass--> skinny jeans
row766,Q83363|Q15133790,Q83363,jeans,Q15133790,culottes,0,0,EXCLUDE,0.86,0,EXCLUDE,0.86,2,2,Q39908,trousers,(-)P279,has subclass,jeans --subclass of--> trousers --has subclass--> culottes
row767,Q83363|Q7133943,Q83363,jeans,Q7133943,parachute pants,0,0,EXCLUDE,0.83,0,EXCLUDE,0.83,2,2,Q39908,trousers,(-)P279,has subclass,jeans --subclass of--> trousers --has subclass--> parachute pants
row0,Q847|Q877517,Q847,tennis,Q877517,ball game,1,0,EXCLUDE,0.97,0,EXCLUDE,0.97,1,1,Q847,tennis,P279,subclass of,tennis --subclass of--> ball game
row1,Q847|Q2426135,Q847,tennis,Q2426135,racket sport,1,1,INCLUDE,0.98,1,INCLUDE,0.98,1,1,Q847,tennis,P279,subclass of,tennis --subclass of--> racket sport
row2,Q847|Q56054951,Q847,tennis,Q56054951,men's tennis,1,1,INCLUDE,0.97,1,INCLUDE,0.97,1,1,Q847,tennis,(-)P279,has subclass,tennis --has subclass--> men's tennis
row3,Q847|Q31629,Q847,tennis,Q31629,type of sport,1,1,INCLUDE,0.9,1,INCLUDE,0.9,1,1,Q847,tennis,P31,instance of,tennis --instance of--> type of sport
row4,Q847|Q47094420,Q847,tennis,Q47094420,Foam Tennis,1,1,INCLUDE,0.89,1,INCLUDE,0.89,1,1,Q847,tennis,(-)P279,has subclass,tennis --has subclass--> Foam Tennis
row5,Q847|Q1153025,Q847,tennis,Q1153025,wheelchair tennis,1,1,INCLUDE,0.97,1,INCLUDE,0.97,1,1,Q847,tennis,(-)P279,has subclass,tennis --has subclass--> wheelchair tennis
row6,Q847|Q754796,Q847,tennis,Q754796,miniature golf,0,0,PRUNED_BY_ANCESTOR,,0,EXCLUDE,0.95,2,2,Q877517,ball game,(-)P279,has subclass,tennis --subclass of--> ball game --has subclass--> miniature golf
row7,Q847|Q212845,Q847,tennis,Q212845,Basque pelota,1,0,EXCLUDE,0.96,0,EXCLUDE,0.96,2,2,Q2426135,racket sport,(-)P279,has subclass,tennis --subclass of--> racket sport --has subclass--> Basque pelota
row8,Q847|Q855880,Q847,tennis,Q855880,football tennis,1,0,PRUNED_BY_ANCESTOR,,0,EXCLUDE,0.94,2,2,Q877517,ball game,(-)P279,has subclass,tennis --subclass of--> ball game --has subclass--> football tennis
row114,Q848609|Q108059870,Q848609,Dagobah,Q108059870,Star Wars planet,1,1,INCLUDE,0.99,1,INCLUDE,0.99,1,1,Q848609,Dagobah,P31,instance of,Dagobah --instance of--> Star Wars planet
row185,Q8539|Q5398426,Q8539,The Big Bang Theory,Q5398426,television series,1,1,INCLUDE,0.99,1,INCLUDE,0.99,1,1,Q8539,The Big Bang Theory,P31,instance of,The Big Bang Theory --instance of--> television series
row861,Q8548|Q8366,Q8548,Dijkstra's algorithm,Q8366,algorithm,1,1,INCLUDE,0.99,1,INCLUDE,0.99,1,1,Q8548,Dijkstra's algorithm,P31,instance of,Dijkstra's algorithm --instance of--> algorithm
row862,Q8548|Q30503704,Q8548,Dijkstra's algorithm,Q30503704,graph algorithm,1,1,INCLUDE,0.98,1,INCLUDE,0.98,1,1,Q8548,Dijkstra's algorithm,P31,instance of,Dijkstra's algorithm --instance of--> graph algorithm
row863,Q8548|Q504353,Q8548,Dijkstra's algorithm,Q504353,greedy algorithm,1,1,INCLUDE,0.97,1,INCLUDE,0.97,1,1,Q8548,Dijkstra's algorithm,P31,instance of,Dijkstra's algorithm --instance of--> greedy algorithm
row864,Q8548|Q21595855,Q8548,Dijkstra's algorithm,Q21595855,pathfinding algorithm,1,1,INCLUDE,0.98,1,INCLUDE,0.98,1,1,Q8548,Dijkstra's algorithm,P31,instance of,Dijkstra's algorithm --instance of--> pathfinding algorithm
row865,Q8548|Q179613,Q8548,Dijkstra's algorithm,Q179613,flooding algorithm,0,0,EXCLUDE,0.84,0,EXCLUDE,0.84,2,2,Q30503704,graph algorithm,(-)P279,has subclass,Dijkstra's algorithm --instance of--> graph algorithm --has subclass--> flooding algorithm
row866,Q8548|Q11660,Q8548,Dijkstra's algorithm,Q11660,artificial intelligence,1,0,EXCLUDE,0.99,0,EXCLUDE,0.99,2,2,Q8366,algorithm,(-)P279,has subclass,Dijkstra's algorithm --instance of--> algorithm --has subclass--> artificial intelligence
row867,Q8548|Q4443425,Q8548,Dijkstra's algorithm,Q4443425,uninformed search algorithm,1,0,EXCLUDE,0.9,0,EXCLUDE,0.9,2,2,Q30503704,graph algorithm,(-)P279,has subclass,Dijkstra's algorithm --instance of--> graph algorithm --has subclass--> uninformed search algorithm
row795,Q864693|Q10990,Q864693,chicken meat,Q10990,meat,1,1,INCLUDE,0.98,1,INCLUDE,0.98,1,1,Q864693,chicken meat,P279,subclass of,chicken meat --subclass of--> meat
row796,Q864693|Q56311389,Q864693,chicken meat,Q56311389,Poulet des Cévennes,1,1,INCLUDE,0.76,1,INCLUDE,0.76,1,1,Q864693,chicken meat,(-)P279,has subclass,chicken meat --has subclass--> Poulet des Cévennes
row797,Q864693|Q18087876,Q864693,chicken meat,Q18087876,poultry,1,1,INCLUDE,0.95,1,INCLUDE,0.95,1,1,Q864693,chicken meat,P279,subclass of,chicken meat --subclass of--> poultry
row798,Q864693|Q4200953,Q864693,chicken meat,Q4200953,turkey meat,1,0,EXCLUDE,0.93,0,EXCLUDE,0.93,2,2,Q10990,meat,(-)P279,has subclass,chicken meat --subclass of--> meat --has subclass--> turkey meat
row799,Q864693|Q5752993,Q864693,chicken meat,Q5752993,donkey meat,0,0,EXCLUDE,0.98,0,EXCLUDE,0.98,2,2,Q10990,meat,(-)P279,has subclass,chicken meat --subclass of--> meat --has subclass--> donkey meat
row800,Q864693|Q542042,Q864693,chicken meat,Q542042,duck meat,1,0,EXCLUDE,0.96,0,EXCLUDE,0.96,2,2,Q18087876,poultry,(-)P279,has subclass,chicken meat --subclass of--> poultry --has subclass--> duck meat
row801,Q864693|Q14473756,Q864693,chicken meat,Q14473756,poussin,1,0,EXCLUDE,0.9,0,EXCLUDE,0.9,2,2,Q18087876,poultry,(-)P279,has subclass,chicken meat --subclass of--> poultry --has subclass--> poussin
row41,Q918|Q620615,Q918,Twitter,Q620615,mobile app,1,1,INCLUDE,0.97,1,INCLUDE,0.97,1,1,Q918,Twitter,P31,instance of,Twitter --instance of--> mobile app
row42,Q918|Q92438,Q918,Twitter,Q92438,microblogging,1,1,INCLUDE,0.96,1,INCLUDE,0.96,1,1,Q918,Twitter,P31,instance of,Twitter --instance of--> microblogging
row43,Q918|Q3220391,Q918,Twitter,Q3220391,social networking service,1,1,INCLUDE,0.98,1,INCLUDE,0.98,1,1,Q918,Twitter,P31,instance of,Twitter --instance of--> social networking service
row44,Q918|Q7858627,Q918,Twitter,Q7858627,Twitter usage,1,1,INCLUDE,0.9,1,INCLUDE,0.9,2,2,Q92438,microblogging,(-)P279,has subclass,Twitter --instance of--> microblogging --has subclass--> Twitter usage
row45,Q918|Q6839279,Q918,Twitter,Q6839279,microblogging in China,0,1,INCLUDE,0.87,1,INCLUDE,0.87,2,2,Q92438,microblogging,(-)P279,has subclass,Twitter --instance of--> microblogging --has subclass--> microblogging in China
row46,Q918|Q7901759,Q918,Twitter,Q7901759,use of Twitter by public figures,1,1,INCLUDE,0.82,1,INCLUDE,0.82,3,3,Q7858627,Twitter usage,(-)P279,has subclass,Twitter --instance of--> microblogging --has subclass--> Twitter usage --has subclass--> use of Twitter by public figures
row47,Q918|Q17710982,Q918,Twitter,Q17710982,Twitterature,1,0,EXCLUDE,0.95,0,EXCLUDE,0.95,3,3,Q7858627,Twitter usage,(-)P279,has subclass,Twitter --instance of--> microblogging --has subclass--> Twitter usage --has subclass--> Twitterature
row286,Q9340|Q1668024,Q9340,Google Drive,Q1668024,service on internet,1,1,INCLUDE,0.96,1,INCLUDE,0.96,1,1,Q9340,Google Drive,P31,instance of,Google Drive --instance of--> service on internet
row288,Q9340|Q1343205,Q9340,Google Drive,Q1343205,file hosting service,1,1,INCLUDE,0.99,1,INCLUDE,0.99,1,1,Q9340,Google Drive,P31,instance of,Google Drive --instance of--> file hosting service
row289,Q9340|Q914359,Q9340,Google Drive,Q914359,cloud storage,1,1,INCLUDE,0.97,1,INCLUDE,0.97,1,1,Q9340,Google Drive,P31,instance of,Google Drive --instance of--> cloud storage
row290,Q9340|Q166142,Q9340,Google Drive,Q166142,application,1,1,INCLUDE,0.95,1,INCLUDE,0.95,1,1,Q9340,Google Drive,P31,instance of,Google Drive --instance of--> application
row291,Q9340|Q16972647,Q9340,Google Drive,Q16972647,Google Chrome App,1,1,INCLUDE,0.93,1,INCLUDE,0.93,2,2,Q166142,application,(-)P279,has subclass,Google Drive --instance of--> application --has subclass--> Google Chrome App
row293,Q9340|Q3751111,Q9340,Google Drive,Q3751111,medical software,0,0,EXCLUDE,0.92,0,EXCLUDE,0.92,2,2,Q166142,application,(-)P279,has subclass,Google Drive --instance of--> application --has subclass--> medical software
row294,Q9340|Q17074646,Q9340,Google Drive,Q17074646,personal cloud,1,1,INCLUDE,0.96,1,INCLUDE,0.96,2,2,Q914359,cloud storage,(-)P279,has subclass,Google Drive --instance of--> cloud storage --has subclass--> personal cloud
row295,Q9340|Q101191533,Q9340,Google Drive,Q101191533,online catalog,0,0,EXCLUDE,0.98,0,EXCLUDE,0.98,2,2,,,,,
row296,Q9340|Q25325314,Q9340,Google Drive,Q25325314,Elastic cloud storage,1,1,INCLUDE,0.9,1,INCLUDE,0.9,2,2,Q914359,cloud storage,(-)P279,has subclass,Google Drive --instance of--> cloud storage --has subclass--> Elastic cloud storage
row297,Q9340|Q16988367,Q9340,Google Drive,Q16988367,CloudLocker,1,1,INCLUDE,0.84,1,INCLUDE,0.84,3,3,Q17074646,personal cloud,(-)P279,has subclass,Google Drive --instance of--> cloud storage --has subclass--> personal cloud --has subclass--> CloudLocker
row892,Q95|Q891723,Q95,Google,Q891723,public company,1,1,INCLUDE,0.98,1,INCLUDE,0.98,1,1,Q95,Google,P31,instance of,Google --instance of--> public company
row893,Q95|Q18388277,Q95,Google,Q18388277,technology company,1,1,INCLUDE,0.99,1,INCLUDE,0.99,1,1,Q95,Google,P31,instance of,Google --instance of--> technology company
row894,Q95|Q4830453,Q95,Google,Q4830453,business,1,1,INCLUDE,0.88,1,INCLUDE,0.88,1,1,Q95,Google,P31,instance of,Google --instance of--> business
row895,Q95|Q1058914,Q95,Google,Q1058914,software company,1,1,INCLUDE,0.96,1,INCLUDE,0.96,2,2,Q18388277,technology company,(-)P279,has subclass,Google --instance of--> technology company --has subclass--> software company
row896,Q95|Q13637823,Q95,Google,Q13637823,Independent hardware vendor,1,0,EXCLUDE,0.97,0,EXCLUDE,0.97,2,2,Q18388277,technology company,(-)P279,has subclass,Google --instance of--> technology company --has subclass--> Independent hardware vendor
row859,Q9798|Q181247,Q9798,saxophone,Q181247,woodwind instrument,1,1,INCLUDE,0.99,1,INCLUDE,0.99,1,1,Q9798,saxophone,P279,subclass of,saxophone --subclass of--> woodwind instrument
row860,Q9798|Q55738874,Q9798,saxophone,Q55738874,single clarinets with conical bore,1,1,INCLUDE,0.93,1,INCLUDE,0.93,1,1,Q9798,saxophone,P279,subclass of,saxophone --subclass of--> single clarinets with conical bore
