prefLabel,altLabels,displayName,uri,confidence,in_hierarchy_gold,relations,classification
pest control,,pest control,https://lod.nal.usda.gov/nalt/291,1.0,True,,INCLUDE
pesticides,,pesticides,https://lod.nal.usda.gov/nalt/287,1.0,True,,INCLUDE
acaricides,miticides,acaricides (miticides),https://lod.nal.usda.gov/nalt/817,,True,skos:broader; skos:narrower,
adulticides,,adulticides,https://lod.nal.usda.gov/nalt/818,,True,skos:broader; skos:narrower,
agrochemicals,agri-chemicals; agrichemicals; agricultural chemicals; farm chemicals,"agrochemicals (agri-chemicals, agrichemicals, agricultural chemicals, farm chemicals)",https://lod.nal.usda.gov/nalt/203,,False,skos:related,
algicides,algaecides,algicides (algaecides),https://lod.nal.usda.gov/nalt/819,,True,skos:broader; skos:narrower,
animal control services,,animal control services,https://lod.nal.usda.gov/nalt/127349,,False,skos:related,
aphidophagous predators,aphidophagy,aphidophagous predators (aphidophagy),https://lod.nal.usda.gov/nalt/284420,,False,skos:related,
avicides,,avicides,https://lod.nal.usda.gov/nalt/820,,True,skos:broader; skos:narrower,
biocides,biocidal agents; biocidal compounds; biocidal products; biocidal substances,"biocides (biocidal agents, biocidal compounds, biocidal products, biocidal substances)",https://lod.nal.usda.gov/nalt/148552,,False,skos:related,
biological pest control,biological control of pests,biological pest control (biological control of pests),https://lod.nal.usda.gov/nalt/136198,,True,skos:broader; skos:narrower,
biopesticides,bio-based pesticides; biobased pesticides; biofungicides; bioherbicides; bioinsecticides; biological insecticides; biological pesticides; biorational pesticides; environmentally friendly pesticides; environmentally-friendly pesticides,"biopesticides (bio-based pesticides, biobased pesticides, biofungicides, bioherbicides, bioinsecticides, biological insecticides, biological pesticides, biorational pesticides, environmentally friendly pesticides, environmentally-friendly pesticides)",https://lod.nal.usda.gov/nalt/17220,,True,skos:broader; skos:narrower,
bird control,,bird control,https://lod.nal.usda.gov/nalt/17592,,True,skos:broader; skos:narrower,
carbamate pesticides,,carbamate pesticides,https://lod.nal.usda.gov/nalt/812,,True,skos:broader; skos:narrower,
chemical control,chemical treatment (disease); chemical treatment (pest),"chemical control (chemical treatment (disease), chemical treatment (pest))",https://lod.nal.usda.gov/nalt/24625,,False,skos:related,
chemosterilants,,chemosterilants,https://lod.nal.usda.gov/nalt/216949,,True,skos:broader; skos:narrower,
disinfestation,,disinfestation,https://lod.nal.usda.gov/nalt/28786,,True,skos:broader; skos:narrower,
endocrine-disrupting chemicals,endocrine active chemicals; endocrine disrupters; endocrine disrupting chemicals; endocrine disruptors; endocrine-disrupting agents; endocrine-disrupting compounds,"endocrine-disrupting chemicals (endocrine active chemicals, endocrine disrupters, endocrine disrupting chemicals, endocrine disruptors, endocrine-disrupting agents, endocrine-disrupting compounds)",https://lod.nal.usda.gov/nalt/226,,False,skos:related,
foggers,cold foggers; fogging machines; thermal foggers,"foggers (cold foggers, fogging machines, thermal foggers)",https://lod.nal.usda.gov/nalt/284633,,False,skos:related,
fungicides,antifungal agents (pesticides); fungicidal agents (pesticides),"fungicides (antifungal agents (pesticides), fungicidal agents (pesticides))",https://lod.nal.usda.gov/nalt/821,,True,skos:broader; skos:narrower,
herbicides,weed killers,herbicides (weed killers),https://lod.nal.usda.gov/nalt/822,,True,skos:broader; skos:narrower,
impregnated fabrics,,impregnated fabrics,https://lod.nal.usda.gov/nalt/39308,,False,skos:related,
insect control,insect pest management,insect control (insect pest management),https://lod.nal.usda.gov/nalt/45983,,True,skos:broader; skos:narrower,
insecticides,,insecticides,https://lod.nal.usda.gov/nalt/823,,True,skos:broader; skos:narrower,
Interregional Research Project 4 (IR-4),IR-4 Project; IR-4 program,"Interregional Research Project 4 (IR-4) (IR-4 Project, IR-4 program)",https://lod.nal.usda.gov/nalt/223614,,False,skos:related,
larvicides,,larvicides,https://lod.nal.usda.gov/nalt/824,,True,skos:broader; skos:narrower,
metam-potassium,metham-potassium; potassium N-methyldithiocarbamate; potassium methyldithiocarbamate,"metam-potassium (metham-potassium, potassium N-methyldithiocarbamate, potassium methyldithiocarbamate)",https://lod.nal.usda.gov/nalt/98255,,True,skos:broader; skos:narrower,
mite control,,mite control,https://lod.nal.usda.gov/nalt/53148,,True,skos:broader; skos:narrower,
mollusc control,control of slugs; control of snails,"mollusc control (control of slugs, control of snails)",https://lod.nal.usda.gov/nalt/53264,,True,skos:broader; skos:narrower,
molluscicides,,molluscicides,https://lod.nal.usda.gov/nalt/825,,True,skos:broader; skos:narrower,
nematicides,anti-nematodal agents; antinematodal agents; antinematodals; filaricides,"nematicides (anti-nematodal agents, antinematodal agents, antinematodals, filaricides)",https://lod.nal.usda.gov/nalt/826,,True,skos:broader; skos:narrower,
nontarget organisms,nontarget species,nontarget organisms (nontarget species),https://lod.nal.usda.gov/nalt/34022,,False,skos:related,
organochlorine pesticides,organic chlorine pesticides,organochlorine pesticides (organic chlorine pesticides),https://lod.nal.usda.gov/nalt/813,,True,skos:broader; skos:narrower,
organophosphorus pesticides,organophosphate pesticides,organophosphorus pesticides (organophosphate pesticides),https://lod.nal.usda.gov/nalt/814,,True,skos:broader; skos:narrower,
organotin pesticides,,organotin pesticides,https://lod.nal.usda.gov/nalt/815,,True,skos:broader; skos:narrower,
ovicides,,ovicides,https://lod.nal.usda.gov/nalt/827,,True,skos:broader; skos:narrower,
pest control equipment,,pest control equipment,https://lod.nal.usda.gov/nalt/386,,False,skos:related,
pest control operators,pesticide applicators (human); pesticide workers,"pest control operators (pesticide applicators (human), pesticide workers)",https://lod.nal.usda.gov/nalt/55540,,False,skos:related,
pesticide adjuvants,,pesticide adjuvants,https://lod.nal.usda.gov/nalt/4235,,False,skos:related,
pesticide application equipment,,pesticide application equipment,https://lod.nal.usda.gov/nalt/142739,,False,skos:related,
pesticide formulations,insecticide formulations,pesticide formulations (insecticide formulations),https://lod.nal.usda.gov/nalt/4715,,True,skos:broader; skos:narrower,
pesticide industry,,pesticide industry,https://lod.nal.usda.gov/nalt/5351,,False,skos:related,
pesticide law,"Federal Insectide, Fungicide, and Rodenticide Act; Pesticide Registration Improvement Act of 2003; pesticide legislation","pesticide law (Federal Insectide, Fungicide, and Rodenticide Act, Pesticide Registration Improvement Act of 2003, pesticide legislation)",https://lod.nal.usda.gov/nalt/68867,,False,skos:related,
pesticide metabolites,,pesticide metabolites,https://lod.nal.usda.gov/nalt/324538,,False,skos:related,
pesticide safety and handling,,pesticide safety and handling,https://lod.nal.usda.gov/nalt/5593,,False,skos:related,
plant protection,crop protection; plant health protection,"plant protection (crop protection, plant health protection)",https://lod.nal.usda.gov/nalt/30154,,False,skos:related,
plant-incorporated protectants,PIPs (plant incorporated protectants); plant incorporated protectants,"plant-incorporated protectants (PIPs (plant incorporated protectants), plant incorporated protectants)",https://lod.nal.usda.gov/nalt/68395,,False,skos:related,
poisoning of animal pests,,poisoning of animal pests,https://lod.nal.usda.gov/nalt/15548,,True,skos:broader; skos:narrower,
predator control,,predator control,https://lod.nal.usda.gov/nalt/57548,,True,skos:broader; skos:narrower,
rodent control,,rodent control,https://lod.nal.usda.gov/nalt/57549,,True,skos:broader; skos:narrower,
rodenticides,rat poisons,rodenticides (rat poisons),https://lod.nal.usda.gov/nalt/828,,True,skos:broader; skos:narrower,
silvicides,,silvicides,https://lod.nal.usda.gov/nalt/306575,,True,skos:broader; skos:narrower,
slow-release pesticides,slow-release insecticides,slow-release pesticides (slow-release insecticides),https://lod.nal.usda.gov/nalt/270491,,True,skos:broader; skos:narrower,
soil drenching,soil drench; soil drenches,"soil drenching (soil drench, soil drenches)",https://lod.nal.usda.gov/nalt/24628,,False,skos:related,
soil treatment,application to soil; soil application,"soil treatment (application to soil, soil application)",https://lod.nal.usda.gov/nalt/11343,,False,skos:related,
stored product protection,stored products pest control,stored product protection (stored products pest control),https://lod.nal.usda.gov/nalt/57550,,True,skos:broader; skos:narrower,
thidiazuron,TDZ (thidiazuron),thidiazuron (TDZ (thidiazuron)),https://lod.nal.usda.gov/nalt/213696,,True,skos:broader; skos:narrower,
tick control,,tick control,https://lod.nal.usda.gov/nalt/57551,,True,skos:broader; skos:narrower,
toxic substances,hazardous chemicals; hazardous compounds; hazardous substances; poisonous substances; toxic chemicals; toxic compounds; toxic exudates; toxicants,"toxic substances (hazardous chemicals, hazardous compounds, hazardous substances, poisonous substances, toxic chemicals, toxic compounds, toxic exudates, toxicants)",https://lod.nal.usda.gov/nalt/1780,,False,skos:broader; skos:narrower,
trap crops,,trap crops,https://lod.nal.usda.gov/nalt/30194,,False,skos:related,
vermin control,,vermin control,https://lod.nal.usda.gov/nalt/305662,,True,skos:broader; skos:narrower,
"1,3-dichloropropene",,"1,3-dichloropropene",https://lod.nal.usda.gov/nalt/1182,,True,skos:broader; skos:narrower,
"2,4,5-trichlorophenol",,"2,4,5-trichlorophenol",https://lod.nal.usda.gov/nalt/1349,,True,skos:broader; skos:narrower,
4-aminopyridine,,4-aminopyridine,https://lod.nal.usda.gov/nalt/1475,,True,skos:broader; skos:narrower,
acaricidal properties,,acaricidal properties,https://lod.nal.usda.gov/nalt/2070,,False,skos:related,
acaricide resistance,acaricide tolerance,acaricide resistance (acaricide tolerance),https://lod.nal.usda.gov/nalt/2077,,False,skos:related,
acibenzolar-S-methyl,,acibenzolar-S-methyl,https://lod.nal.usda.gov/nalt/213714,,True,skos:broader; skos:narrower,
acrolein,acraldehyde; acrylaldehyde; acrylic aldehyde; aqualin,"acrolein (acraldehyde, acrylaldehyde, acrylic aldehyde, aqualin)",https://lod.nal.usda.gov/nalt/3103,,True,skos:broader; skos:narrower,
adults,adult (human); adult animals,"adults (adult (human), adult animals)",https://lod.nal.usda.gov/nalt/790,,False,skos:related,
aerosols,,aerosols,https://lod.nal.usda.gov/nalt/579,,False,skos:related,
agricultural programs and projects,,agricultural programs and projects,https://lod.nal.usda.gov/nalt/5452,,False,skos:broader; skos:narrower,
agromedicine,agricultural medicine,agromedicine (agricultural medicine),https://lod.nal.usda.gov/nalt/5425,,False,skos:related,
aldicarb,,aldicarb,https://lod.nal.usda.gov/nalt/6194,,True,skos:broader; skos:narrower,
aldicarb sulfoxide,,aldicarb sulfoxide,https://lod.nal.usda.gov/nalt/213661,,True,skos:broader; skos:narrower,
aldoxycarb,aldicarb sulfone,aldoxycarb (aldicarb sulfone),https://lod.nal.usda.gov/nalt/6225,,True,skos:broader; skos:narrower,
algae control,,algae control,https://lod.nal.usda.gov/nalt/289,,False,skos:related,
alpha-chlorohydrin,"3-MCPD; 3-monochloropropane-1,2-diol; a-chlorohydrin","alpha-chlorohydrin (3-MCPD, 3-monochloropropane-1,2-diol, a-chlorohydrin)",https://lod.nal.usda.gov/nalt/261000,,False,skos:related,
amide fungicides,,amide fungicides,https://lod.nal.usda.gov/nalt/327885,,True,skos:broader; skos:narrower,
amide herbicides,,amide herbicides,https://lod.nal.usda.gov/nalt/7661,,True,skos:broader; skos:narrower,
aminocarb,,aminocarb,https://lod.nal.usda.gov/nalt/7860,,True,skos:broader; skos:narrower,
aminocyclopyrachlor,,aminocyclopyrachlor,https://lod.nal.usda.gov/nalt/231129,,False,skos:related,
amitraz,,amitraz,https://lod.nal.usda.gov/nalt/2079,,True,skos:broader; skos:narrower,
ant control,,ant control,https://lod.nal.usda.gov/nalt/105332,,True,skos:broader; skos:narrower,
anthelmintics,antihelmintics; vermifuges,"anthelmintics (antihelmintics, vermifuges)",https://lod.nal.usda.gov/nalt/1577,,False,skos:broader; skos:narrower,
anti-infective agents,antiinfective agents; antimicrobial agents; antimicrobials,"anti-infective agents (antiinfective agents, antimicrobial agents, antimicrobials)",https://lod.nal.usda.gov/nalt/3054,,False,skos:related,
anti-infective properties,antiinfective activity; antiinfective properties,"anti-infective properties (antiinfective activity, antiinfective properties)",https://lod.nal.usda.gov/nalt/10142,,False,skos:related,
anticoagulant rodenticides,,anticoagulant rodenticides,https://lod.nal.usda.gov/nalt/340625,,True,skos:broader; skos:narrower,
antifouling agents,antifoulants,antifouling agents (antifoulants),https://lod.nal.usda.gov/nalt/616,,False,skos:related,
antifungal agents,antifungal agents (drugs); antifungal drugs; antimycotics; fungicidal agents (drugs); fungistats,"antifungal agents (antifungal agents (drugs), antifungal drugs, antimycotics, fungicidal agents (drugs), fungistats)",https://lod.nal.usda.gov/nalt/8119,,False,skos:related,
antimicrobial proteins,,antimicrobial proteins,https://lod.nal.usda.gov/nalt/877,,False,skos:related,
antiparasitic agents,antiparasitic drugs; endectocides; parasiticides,"antiparasitic agents (antiparasitic drugs, endectocides, parasiticides)",https://lod.nal.usda.gov/nalt/4410,,False,skos:related,
application equipment,,application equipment,https://lod.nal.usda.gov/nalt/368,,False,skos:broader; skos:narrower,
application methods,,application methods,https://lod.nal.usda.gov/nalt/4605,,False,skos:broader; skos:narrower,
arboricides,,arboricides,https://lod.nal.usda.gov/nalt/300751,,True,skos:broader; skos:narrower,
aromatic acid herbicides,,aromatic acid herbicides,https://lod.nal.usda.gov/nalt/12289,,True,skos:broader; skos:narrower,
arsenical herbicides,,arsenical herbicides,https://lod.nal.usda.gov/nalt/12374,,True,skos:broader; skos:narrower,
arsenicals,arsenic compounds,arsenicals (arsenic compounds),https://lod.nal.usda.gov/nalt/261,,False,skos:related,
azafenidin,,azafenidin,https://lod.nal.usda.gov/nalt/14292,,True,skos:broader; skos:narrower,
azocyclotin,,azocyclotin,https://lod.nal.usda.gov/nalt/14327,,True,skos:broader; skos:narrower,
baits,,baits,https://lod.nal.usda.gov/nalt/285,,False,skos:related,
bed nets,,bed nets,https://lod.nal.usda.gov/nalt/16256,,False,skos:broader; skos:narrower,
benazolin,,benazolin,https://lod.nal.usda.gov/nalt/16567,,True,skos:broader; skos:narrower,
bendiocarb,,bendiocarb,https://lod.nal.usda.gov/nalt/16570,,True,skos:broader; skos:narrower,
benfuracarb,,benfuracarb,https://lod.nal.usda.gov/nalt/16602,,True,skos:broader; skos:narrower,
benodanil,,benodanil,https://lod.nal.usda.gov/nalt/16622,,True,skos:broader; skos:narrower,
benomyl,,benomyl,https://lod.nal.usda.gov/nalt/16623,,True,skos:broader; skos:narrower,
bentazon,bentazone,bentazon (bentazone),https://lod.nal.usda.gov/nalt/16629,,True,skos:broader; skos:narrower,
benzimidazole fungicides,,benzimidazole fungicides,https://lod.nal.usda.gov/nalt/16650,,True,skos:broader; skos:narrower,
benzofuranyl alkylsulfonate herbicides,,benzofuranyl alkylsulfonate herbicides,https://lod.nal.usda.gov/nalt/125100,,True,skos:broader; skos:narrower,
benzoylcyclohexanedione herbicides,,benzoylcyclohexanedione herbicides,https://lod.nal.usda.gov/nalt/125096,,True,skos:broader; skos:narrower,
benzyl benzoate,,benzyl benzoate,https://lod.nal.usda.gov/nalt/2080,,True,skos:broader; skos:narrower,
bifenazate,,bifenazate,https://lod.nal.usda.gov/nalt/213720,,True,skos:broader; skos:narrower,
biological control,bio-based control; biobased control; biocontrol; parasitoid augmentation; predator augmentation,"biological control (bio-based control, biobased control, biocontrol, parasitoid augmentation, predator augmentation)",https://lod.nal.usda.gov/nalt/13836,,False,skos:related,
biological control agents,biocontrol agents,biological control agents (biocontrol agents),https://lod.nal.usda.gov/nalt/14974,,True,skos:related,
biological insect control,biological control of insects,biological insect control (biological control of insects),https://lod.nal.usda.gov/nalt/276208,,True,skos:broader; skos:narrower,
biological weed control,biological control of weeds,biological weed control (biological control of weeds),https://lod.nal.usda.gov/nalt/142695,,True,skos:broader; skos:narrower,
biphenyl,diphenyl; phenylbenzene,"biphenyl (diphenyl, phenylbenzene)",https://lod.nal.usda.gov/nalt/12306,,True,skos:broader; skos:narrower,
birds,,birds,https://lod.nal.usda.gov/nalt/106,,False,skos:related,
bispyribac-sodium,"sodium 2,6-bis((4,6-dimethoxy-2-pyrimidinyl)oxy)benzoate; sodium 2,6-bis(4,6-dimethoxypyrimidin-2-yloxy)benzoate","bispyribac-sodium (sodium 2,6-bis((4,6-dimethoxy-2-pyrimidinyl)oxy)benzoate, sodium 2,6-bis(4,6-dimethoxypyrimidin-2-yloxy)benzoate)",https://lod.nal.usda.gov/nalt/265258,,True,skos:broader; skos:narrower,
blasticidin S,blasticidin S hydrochloride; blasticidin-S,"blasticidin S (blasticidin S hydrochloride, blasticidin-S)",https://lod.nal.usda.gov/nalt/10192,,True,skos:broader; skos:narrower,
boscalid,,boscalid,https://lod.nal.usda.gov/nalt/189906,,True,skos:broader; skos:narrower,
botanical insecticides,plant-based insecticides,botanical insecticides (plant-based insecticides),https://lod.nal.usda.gov/nalt/18787,,True,skos:broader; skos:narrower,
botanical pesticides,,botanical pesticides,https://lod.nal.usda.gov/nalt/17496,,True,skos:broader; skos:narrower,
briquettes,,briquettes,https://lod.nal.usda.gov/nalt/582,,False,skos:related,
bromopropylate,,bromopropylate,https://lod.nal.usda.gov/nalt/2081,,True,skos:broader; skos:narrower,
buthidazole,,buthidazole,https://lod.nal.usda.gov/nalt/20614,,True,skos:broader; skos:narrower,
butylamine,2-aminobutane,butylamine (2-aminobutane),https://lod.nal.usda.gov/nalt/1368,,True,skos:broader; skos:narrower,
butylate,,butylate,https://lod.nal.usda.gov/nalt/20656,,True,skos:broader; skos:narrower,
calcium polysulfide,calcium polysulphide,calcium polysulfide (calcium polysulphide),https://lod.nal.usda.gov/nalt/21129,,True,skos:broader; skos:narrower,
cambendichlor,,cambendichlor,https://lod.nal.usda.gov/nalt/21505,,True,skos:broader; skos:narrower,
carbamate fungicides,,carbamate fungicides,https://lod.nal.usda.gov/nalt/190787,,True,skos:broader; skos:narrower,
carbamate herbicides,,carbamate herbicides,https://lod.nal.usda.gov/nalt/125102,,True,skos:broader; skos:narrower,
carbamates,,carbamates,https://lod.nal.usda.gov/nalt/16624,,False,skos:broader; skos:narrower,
carbaryl,,carbaryl,https://lod.nal.usda.gov/nalt/10497,,True,skos:broader; skos:narrower,
carbofuran,,carbofuran,https://lod.nal.usda.gov/nalt/22154,,True,skos:broader; skos:narrower,
carbosulfan,,carbosulfan,https://lod.nal.usda.gov/nalt/22155,,True,skos:broader; skos:narrower,
carboxin,,carboxin,https://lod.nal.usda.gov/nalt/22269,,True,skos:broader; skos:narrower,
chemical treatment,,chemical treatment,https://lod.nal.usda.gov/nalt/2741,,False,skos:related,
chemical weed control,chemical weed management,chemical weed control (chemical weed management),https://lod.nal.usda.gov/nalt/255907,,False,skos:related,
chitin synthesis inhibitors,,chitin synthesis inhibitors,https://lod.nal.usda.gov/nalt/16672,,False,skos:related,
chlopropham,,chlopropham,https://lod.nal.usda.gov/nalt/22156,,True,skos:broader; skos:narrower,
chloralose,,chloralose,https://lod.nal.usda.gov/nalt/14208,,True,skos:broader; skos:narrower,
chlordimeform,,chlordimeform,https://lod.nal.usda.gov/nalt/2082,,True,skos:broader; skos:narrower,
chlorfenapyr,,chlorfenapyr,https://lod.nal.usda.gov/nalt/25315,,True,skos:broader; skos:narrower,
chlorflurenol,,chlorflurenol,https://lod.nal.usda.gov/nalt/25317,,True,skos:broader; skos:narrower,
chlorinated hydrocarbons,organochlorines,chlorinated hydrocarbons (organochlorines),https://lod.nal.usda.gov/nalt/22231,,False,skos:related,
chlorobenzilate,,chlorobenzilate,https://lod.nal.usda.gov/nalt/2083,,True,skos:broader; skos:narrower,
chloroneb,,chloroneb,https://lod.nal.usda.gov/nalt/25429,,True,skos:broader; skos:narrower,
chloropicrin,trichloronitromethane,chloropicrin (trichloronitromethane),https://lod.nal.usda.gov/nalt/25464,,True,skos:broader; skos:narrower,
chlorothalonil,,chlorothalonil,https://lod.nal.usda.gov/nalt/25490,,True,skos:broader; skos:narrower,
cinmethylin,,cinmethylin,https://lod.nal.usda.gov/nalt/26325,,True,skos:broader; skos:narrower,
cloethocarb,,cloethocarb,https://lod.nal.usda.gov/nalt/22157,,True,skos:broader; skos:narrower,
clofentezine,,clofentezine,https://lod.nal.usda.gov/nalt/2084,,True,skos:broader; skos:narrower,
clomazone,,clomazone,https://lod.nal.usda.gov/nalt/26942,,True,skos:broader; skos:narrower,
closantel,,closantel,https://lod.nal.usda.gov/nalt/2085,,True,skos:broader; skos:narrower,
conazole fungicides,,conazole fungicides,https://lod.nal.usda.gov/nalt/14330,,True,skos:broader; skos:narrower,
control methods,control measures; control methodology; control practices; disease control methods; pest control methods,"control methods (control measures, control methodology, control practices, disease control methods, pest control methods)",https://lod.nal.usda.gov/nalt/10302,,False,skos:broader; skos:narrower,
CPMF (herbicide),"1-chloro-N-(3,4-dichlorophenyl)-N,N-dimethylformamidine; 1-chloro-N-(3,4-dichlorophenyl)-N,N-dimethylmethanimidamide","CPMF (herbicide) (1-chloro-N-(3,4-dichlorophenyl)-N,N-dimethylformamidine, 1-chloro-N-(3,4-dichlorophenyl)-N,N-dimethylmethanimidamide)",https://lod.nal.usda.gov/nalt/1200,,True,skos:broader; skos:narrower,
crops,agricultural crops; agricultural plants; crop plants,"crops (agricultural crops, agricultural plants, crop plants)",https://lod.nal.usda.gov/nalt/7140,,False,skos:broader; skos:narrower,
cryolite,,cryolite,https://lod.nal.usda.gov/nalt/30333,,True,skos:broader; skos:narrower,
cyantraniliprole,,cyantraniliprole,https://lod.nal.usda.gov/nalt/284486,,True,skos:broader; skos:narrower,
cycloate,,cycloate,https://lod.nal.usda.gov/nalt/22158,,True,skos:broader; skos:narrower,
cyclohexene oxime herbicides,,cyclohexene oxime herbicides,https://lod.nal.usda.gov/nalt/31058,,True,skos:broader; skos:narrower,
cyclopropylisoxazole herbicides,,cyclopropylisoxazole herbicides,https://lod.nal.usda.gov/nalt/125104,,True,skos:broader; skos:narrower,
cyhexatin,,cyhexatin,https://lod.nal.usda.gov/nalt/2086,,True,skos:broader; skos:narrower,
cymoxanil,,cymoxanil,https://lod.nal.usda.gov/nalt/31185,,True,skos:broader; skos:narrower,
cyprodinil,,cyprodinil,https://lod.nal.usda.gov/nalt/31285,,True,skos:broader; skos:narrower,
dazomet,,dazomet,https://lod.nal.usda.gov/nalt/31843,,True,skos:broader; skos:narrower,
DBCP (pesticide),"1,2-dibromo-3-chloropropane; dibromochloropropane","DBCP (pesticide) (1,2-dibromo-3-chloropropane, dibromochloropropane)",https://lod.nal.usda.gov/nalt/1161,,True,skos:broader; skos:narrower,
DCB (herbicide),"1,2-dichlorobenzene; o-dichlorobenzene","DCB (herbicide) (1,2-dichlorobenzene, o-dichlorobenzene)",https://lod.nal.usda.gov/nalt/1163,,True,skos:broader; skos:narrower,
DDT (pesticide),"1,1,1-trichloro-2,2-bis(4-chlorophenyl)ethane; 2,4'-DDT; benzochloryl; dichlorodiphenyltrichloroethane; o,p'-DDT; p,p'-DDT","DDT (pesticide) (1,1,1-trichloro-2,2-bis(4-chlorophenyl)ethane, 2,4'-DDT, benzochloryl, dichlorodiphenyltrichloroethane, o,p'-DDT, p,p'-DDT)",https://lod.nal.usda.gov/nalt/1154,,True,skos:broader; skos:narrower,
defoliants,chemical defoliation,defoliants (chemical defoliation),https://lod.nal.usda.gov/nalt/218,,False,skos:related,
defoliating insects,defoliator insects; forest defoliators; forest insect defoliators; insect defoliators,"defoliating insects (defoliator insects, forest defoliators, forest insect defoliators, insect defoliators)",https://lod.nal.usda.gov/nalt/314192,,False,skos:related,
desiccant herbicides,,desiccant herbicides,https://lod.nal.usda.gov/nalt/302060,,True,skos:broader; skos:narrower,
dicarboximide fungicides,,dicarboximide fungicides,https://lod.nal.usda.gov/nalt/22087,,True,skos:broader; skos:narrower,
dicarboximide herbicides,,dicarboximide herbicides,https://lod.nal.usda.gov/nalt/125106,,True,skos:broader; skos:narrower,
dichlofluanid,,dichlofluanid,https://lod.nal.usda.gov/nalt/33213,,True,skos:broader; skos:narrower,
dichlone,,dichlone,https://lod.nal.usda.gov/nalt/33214,,True,skos:broader; skos:narrower,
dicloran,,dicloran,https://lod.nal.usda.gov/nalt/33228,,True,skos:broader; skos:narrower,
dicofol,kelthane (trademark),dicofol (kelthane (trademark)),https://lod.nal.usda.gov/nalt/2087,,True,skos:broader; skos:narrower,
dinitroaniline herbicides,,dinitroaniline herbicides,https://lod.nal.usda.gov/nalt/33696,,True,skos:broader; skos:narrower,
dinitrophenol herbicides,,dinitrophenol herbicides,https://lod.nal.usda.gov/nalt/125109,,True,skos:broader; skos:narrower,
dinocap,,dinocap,https://lod.nal.usda.gov/nalt/2088,,True,skos:broader; skos:narrower,
diphenyl ether herbicides,,diphenyl ether herbicides,https://lod.nal.usda.gov/nalt/125114,,True,skos:broader; skos:narrower,
diphenylamine,,diphenylamine,https://lod.nal.usda.gov/nalt/33801,,True,skos:broader; skos:narrower,
disease control,disease management; disease suppression; infection control; pathogen suppression,"disease control (disease management, disease suppression, infection control, pathogen suppression)",https://lod.nal.usda.gov/nalt/290,,False,skos:related,
disease resistance,disease tolerance,disease resistance (disease tolerance),https://lod.nal.usda.gov/nalt/151,,False,skos:related,
disinfectants,disinfecting agents; germicides; microbicides; microbiocides; sporicides,"disinfectants (disinfecting agents, germicides, microbicides, microbiocides, sporicides)",https://lod.nal.usda.gov/nalt/221,,False,skos:broader; skos:narrower,
disodium octaborate,disodium octaborate tetrahydrate,disodium octaborate (disodium octaborate tetrahydrate),https://lod.nal.usda.gov/nalt/18624,,False,skos:related,
disulfiram,,disulfiram,https://lod.nal.usda.gov/nalt/22160,,True,skos:broader; skos:narrower,
disulfoton sulfoxide,,disulfoton sulfoxide,https://lod.nal.usda.gov/nalt/213683,,True,skos:broader; skos:narrower,
dithianon,,dithianon,https://lod.nal.usda.gov/nalt/34130,,True,skos:broader; skos:narrower,
dithiocarbamate fungicides,,dithiocarbamate fungicides,https://lod.nal.usda.gov/nalt/34131,,True,skos:broader; skos:narrower,
dithiocarbamate herbicides,,dithiocarbamate herbicides,https://lod.nal.usda.gov/nalt/125118,,True,skos:broader; skos:narrower,
DNOC (pesticide),"2-methyl-4,6-dinitrophenol; 4,6-dinitro-o-cresol","DNOC (pesticide) (2-methyl-4,6-dinitrophenol, 4,6-dinitro-o-cresol)",https://lod.nal.usda.gov/nalt/1394,,True,skos:broader; skos:narrower,
dodine,,dodine,https://lod.nal.usda.gov/nalt/34281,,True,skos:broader; skos:narrower,
dust formulations,,dust formulations,https://lod.nal.usda.gov/nalt/587,,False,skos:related,
edifenphos,,edifenphos,https://lod.nal.usda.gov/nalt/35867,,True,skos:broader; skos:narrower,
emulsifiable concentrates,,emulsifiable concentrates,https://lod.nal.usda.gov/nalt/28462,,False,skos:related,
endothal,,endothal,https://lod.nal.usda.gov/nalt/37083,,True,skos:broader; skos:narrower,
endothal-sodium,,endothal-sodium,https://lod.nal.usda.gov/nalt/37084,,True,skos:broader; skos:narrower,
endrin,,endrin,https://lod.nal.usda.gov/nalt/14209,,True,skos:broader; skos:narrower,
epoxiconazole,epoxiconazol; epoxyconazole,"epoxiconazole (epoxiconazol, epoxyconazole)",https://lod.nal.usda.gov/nalt/213715,,True,skos:broader; skos:narrower,
EPTC (herbicide),S-ethyl dipropylcarbamothioate; S-ethyl dipropylthiocarbamate,"EPTC (herbicide) (S-ethyl dipropylcarbamothioate, S-ethyl dipropylthiocarbamate)",https://lod.nal.usda.gov/nalt/22161,,True,skos:broader; skos:narrower,
equipment,machinery (general); machines; mechanical devices; tools (general),"equipment (machinery (general), machines, mechanical devices, tools (general))",https://lod.nal.usda.gov/nalt/365,,False,skos:broader; skos:narrower,
ethiofencarb,,ethiofencarb,https://lod.nal.usda.gov/nalt/22162,,True,skos:broader; skos:narrower,
ethoxyquin,,ethoxyquin,https://lod.nal.usda.gov/nalt/38263,,True,skos:broader; skos:narrower,
etoxazole,,etoxazole,https://lod.nal.usda.gov/nalt/213721,,True,skos:broader; skos:narrower,
famoxadone,,famoxadone,https://lod.nal.usda.gov/nalt/39453,,True,skos:broader; skos:narrower,
fenac,,fenac,https://lod.nal.usda.gov/nalt/39811,,True,skos:broader; skos:narrower,
fenamidone,,fenamidone,https://lod.nal.usda.gov/nalt/213716,,True,skos:broader; skos:narrower,
fenamiphos sulfone,,fenamiphos sulfone,https://lod.nal.usda.gov/nalt/213691,,True,skos:broader; skos:narrower,
fenamiphos sulfoxide,,fenamiphos sulfoxide,https://lod.nal.usda.gov/nalt/213692,,True,skos:broader; skos:narrower,
fenbuconazole,,fenbuconazole,https://lod.nal.usda.gov/nalt/213722,,True,skos:broader; skos:narrower,
fenbutatin,,fenbutatin,https://lod.nal.usda.gov/nalt/2089,,True,skos:broader; skos:narrower,
fenbutatin oxide,,fenbutatin oxide,https://lod.nal.usda.gov/nalt/2090,,True,skos:broader; skos:narrower,
fenhexamid,,fenhexamid,https://lod.nal.usda.gov/nalt/189907,,True,skos:broader; skos:narrower,
fenpiclonil,,fenpiclonil,https://lod.nal.usda.gov/nalt/39832,,True,skos:broader; skos:narrower,
fenpyroximate,,fenpyroximate,https://lod.nal.usda.gov/nalt/2091,,True,skos:broader; skos:narrower,
fenthion,,fenthion,https://lod.nal.usda.gov/nalt/14210,,True,skos:broader; skos:narrower,
fenthion sulfone,,fenthion sulfone,https://lod.nal.usda.gov/nalt/213682,,True,skos:broader; skos:narrower,
fentin acetate,,fentin acetate,https://lod.nal.usda.gov/nalt/39838,,True,skos:broader; skos:narrower,
fentin hydroxide,triphenyltin hydroxide; triphenyltin oxide,"fentin hydroxide (triphenyltin hydroxide, triphenyltin oxide)",https://lod.nal.usda.gov/nalt/39839,,True,skos:broader; skos:narrower,
ferbam,,ferbam,https://lod.nal.usda.gov/nalt/22163,,True,skos:broader; skos:narrower,
fertilizers,fertilisers,fertilizers (fertilisers),https://lod.nal.usda.gov/nalt/5568,,False,skos:related,
fipronil,,fipronil,https://lod.nal.usda.gov/nalt/2092,,True,skos:broader; skos:narrower,
flea collars,,flea collars,https://lod.nal.usda.gov/nalt/27903,,False,skos:broader; skos:narrower,
flea control,,flea control,https://lod.nal.usda.gov/nalt/67834,,True,skos:broader; skos:narrower,
fludioxonil,,fludioxonil,https://lod.nal.usda.gov/nalt/190789,,True,skos:broader; skos:narrower,
flufenoxuron,,flufenoxuron,https://lod.nal.usda.gov/nalt/2093,,True,skos:broader; skos:narrower,
flumiclorac-pentyl,,flumiclorac-pentyl,https://lod.nal.usda.gov/nalt/213727,,True,skos:broader; skos:narrower,
fluoroacetic acid,monofluoroacetate; monofluoroacetic acid,"fluoroacetic acid (monofluoroacetate, monofluoroacetic acid)",https://lod.nal.usda.gov/nalt/40727,,False,skos:related,
fluorochloridone,,fluorochloridone,https://lod.nal.usda.gov/nalt/40728,,True,skos:broader; skos:narrower,
fluridone,,fluridone,https://lod.nal.usda.gov/nalt/40734,,True,skos:broader; skos:narrower,
fluroxypyr 1-methylheptyl ester,,fluroxypyr 1-methylheptyl ester,https://lod.nal.usda.gov/nalt/213731,,True,skos:broader; skos:narrower,
flurtamone,,flurtamone,https://lod.nal.usda.gov/nalt/40736,,True,skos:broader; skos:narrower,
fluthiacet methyl,,fluthiacet methyl,https://lod.nal.usda.gov/nalt/213704,,True,skos:broader; skos:narrower,
flutolanil,,flutolanil,https://lod.nal.usda.gov/nalt/40737,,True,skos:broader; skos:narrower,
fogs (materials),,fogs (materials),https://lod.nal.usda.gov/nalt/591,,False,skos:related,
formetanate,,formetanate,https://lod.nal.usda.gov/nalt/2094,,True,skos:broader; skos:narrower,
formetanate hydrochloride,,formetanate hydrochloride,https://lod.nal.usda.gov/nalt/213690,,True,skos:broader; skos:narrower,
fosetyl,,fosetyl,https://lod.nal.usda.gov/nalt/41303,,True,skos:broader; skos:narrower,
fumigant insecticides,,fumigant insecticides,https://lod.nal.usda.gov/nalt/41749,,True,skos:broader; skos:narrower,
fumigants,fumigation agents,fumigants (fumigation agents),https://lod.nal.usda.gov/nalt/593,,False,skos:related,
fumigation equipment,,fumigation equipment,https://lod.nal.usda.gov/nalt/37724,,False,skos:broader; skos:narrower,
fungi,fungal organisms; macrofungi; microfungi,"fungi (fungal organisms, macrofungi, microfungi)",https://lod.nal.usda.gov/nalt/495,,False,skos:related,
fungicide application,,fungicide application,https://lod.nal.usda.gov/nalt/81153,,True,skos:related,
fungicide resistance,fungicide susceptibility; fungicide tolerance; resistance to fungicides; susceptibility to fungicides,"fungicide resistance (fungicide susceptibility, fungicide tolerance, resistance to fungicides, susceptibility to fungicides)",https://lod.nal.usda.gov/nalt/41847,,False,skos:related,
fungicide use reduction,fungicide reduction; fungicide usage reduction,"fungicide use reduction (fungicide reduction, fungicide usage reduction)",https://lod.nal.usda.gov/nalt/298654,,False,skos:related,
furathiocarb,,furathiocarb,https://lod.nal.usda.gov/nalt/22164,,True,skos:broader; skos:narrower,
furilazole,,furilazole,https://lod.nal.usda.gov/nalt/213723,,True,skos:broader; skos:narrower,
granules,,granules,https://lod.nal.usda.gov/nalt/594,,False,skos:related,
growth regulators,,growth regulators,https://lod.nal.usda.gov/nalt/5565,,False,skos:related,
guazatine,,guazatine,https://lod.nal.usda.gov/nalt/41849,,True,skos:broader; skos:narrower,
hail nets,anti-hail nets; hailnets,"hail nets (anti-hail nets, hailnets)",https://lod.nal.usda.gov/nalt/253146,,False,skos:related,
halogenated aliphatic herbicides,,halogenated aliphatic herbicides,https://lod.nal.usda.gov/nalt/125119,,True,skos:broader; skos:narrower,
halosulfuron methyl,,halosulfuron methyl,https://lod.nal.usda.gov/nalt/213737,,True,skos:broader; skos:narrower,
HCH (pesticide),alpha-BHC; alpha-HCH; alpha-hexachlorocyclohexane; beta-BHC; beta-hexachlorocyclohexane; delta-hexachlorocyclohexane; hexachlorocyclohexane,"HCH (pesticide) (alpha-BHC, alpha-HCH, alpha-hexachlorocyclohexane, beta-BHC, beta-hexachlorocyclohexane, delta-hexachlorocyclohexane, hexachlorocyclohexane)",https://lod.nal.usda.gov/nalt/44715,,True,skos:broader; skos:narrower,
heptachlor epoxide,,heptachlor epoxide,https://lod.nal.usda.gov/nalt/213677,,True,skos:broader; skos:narrower,
herbicidal properties,herbicide activity; herbicide properties; herbicide property,"herbicidal properties (herbicide activity, herbicide properties, herbicide property)",https://lod.nal.usda.gov/nalt/45181,,False,skos:related,
herbicide impurities,,herbicide impurities,https://lod.nal.usda.gov/nalt/33793,,True,skos:broader; skos:narrower,
herbicide metabolites,,herbicide metabolites,https://lod.nal.usda.gov/nalt/324607,,False,skos:related,
herbicide mixtures,,herbicide mixtures,https://lod.nal.usda.gov/nalt/302453,,True,skos:broader; skos:narrower,
herbicide safeners,herbicide antagonists; herbicide antidotes,"herbicide safeners (herbicide antagonists, herbicide antidotes)",https://lod.nal.usda.gov/nalt/123142,,False,skos:related,
herbicide use reduction,herbicide reduction; herbicide usage reduction,"herbicide use reduction (herbicide reduction, herbicide usage reduction)",https://lod.nal.usda.gov/nalt/322534,,False,skos:related,
hexachlorobenzene,HCB (hexachlorobenzene),hexachlorobenzene (HCB (hexachlorobenzene)),https://lod.nal.usda.gov/nalt/41850,,True,skos:broader; skos:narrower,
hexythiazox,,hexythiazox,https://lod.nal.usda.gov/nalt/2095,,True,skos:broader; skos:narrower,
horticultural oils,horticultural mineral oils; horticultural oil,"horticultural oils (horticultural mineral oils, horticultural oil)",https://lod.nal.usda.gov/nalt/17497,,True,skos:related,
human health and safety,,human health and safety,https://lod.nal.usda.gov/nalt/2144,,False,skos:broader; skos:narrower,
hydramethylnon,,hydramethylnon,https://lod.nal.usda.gov/nalt/46253,,True,skos:broader; skos:narrower,
hymexazol,,hymexazol,https://lod.nal.usda.gov/nalt/41851,,True,skos:broader; skos:narrower,
imidazole fungicides,,imidazole fungicides,https://lod.nal.usda.gov/nalt/28456,,True,skos:broader; skos:narrower,
imidazolinone herbicides,,imidazolinone herbicides,https://lod.nal.usda.gov/nalt/45203,,True,skos:broader; skos:narrower,
indoxacarb,indoxycarb,indoxacarb (indoxycarb),https://lod.nal.usda.gov/nalt/47195,,True,skos:broader; skos:narrower,
inorganic herbicides,,inorganic herbicides,https://lod.nal.usda.gov/nalt/125125,,True,skos:broader; skos:narrower,
insect attractants,,insect attractants,https://lod.nal.usda.gov/nalt/13781,,False,skos:related,
insect growth regulators,,insect growth regulators,https://lod.nal.usda.gov/nalt/17498,,False,skos:related,
insect outbreaks,,insect outbreaks,https://lod.nal.usda.gov/nalt/314183,,False,skos:related,
insect pests,,insect pests,https://lod.nal.usda.gov/nalt/9355,,False,skos:related,
insectary plants,,insectary plants,https://lod.nal.usda.gov/nalt/335329,,False,skos:related,
insecticidal properties,insecticidal action; insecticide action; insecticide activity; insecticide properties; insecticide property,"insecticidal properties (insecticidal action, insecticide action, insecticide activity, insecticide properties, insecticide property)",https://lod.nal.usda.gov/nalt/47422,,False,skos:related,
insecticidal proteins,,insecticidal proteins,https://lod.nal.usda.gov/nalt/880,,False,skos:related,
insecticidal soaps,insecticidal soap,insecticidal soaps (insecticidal soap),https://lod.nal.usda.gov/nalt/17499,,True,skos:broader; skos:narrower,
insecticide residues,,insecticide residues,https://lod.nal.usda.gov/nalt/47425,,False,skos:related,
insecticide resistance,insecticide susceptibility; susceptibility to insecticides,"insecticide resistance (insecticide susceptibility, susceptibility to insecticides)",https://lod.nal.usda.gov/nalt/47427,,False,skos:related,
insects,,insects,https://lod.nal.usda.gov/nalt/4395,,False,skos:related,
integrated pest management,'push-pull' strategy; IPM (integrated pest management),"integrated pest management ('push-pull' strategy, IPM (integrated pest management))",https://lod.nal.usda.gov/nalt/17501,,True,skos:related,
isoprothiolane,,isoprothiolane,https://lod.nal.usda.gov/nalt/41852,,True,skos:broader; skos:narrower,
kresoxim-methyl,,kresoxim-methyl,https://lod.nal.usda.gov/nalt/213711,,True,skos:broader; skos:narrower,
larvae,,larvae,https://lod.nal.usda.gov/nalt/23027,,False,skos:related,
lice infestations,louse infestations,lice infestations (louse infestations),https://lod.nal.usda.gov/nalt/50002,,False,skos:related,
lindane,"1,2,3,4,5,6-hexachlorocyclohexane; gamma BHC (lindane); gamma-HCH; gamma-benzene hexachloride; gamma-hexachlorocyclohexane","lindane (1,2,3,4,5,6-hexachlorocyclohexane, gamma BHC (lindane), gamma-HCH, gamma-benzene hexachloride, gamma-hexachlorocyclohexane)",https://lod.nal.usda.gov/nalt/2096,,True,skos:broader; skos:narrower,
liquids,,liquids,https://lod.nal.usda.gov/nalt/191,,False,skos:related,
louse control,lice control,louse control (lice control),https://lod.nal.usda.gov/nalt/69323,,True,skos:broader; skos:narrower,
mancozeb,,mancozeb,https://lod.nal.usda.gov/nalt/22165,,True,skos:broader; skos:narrower,
maneb,manganese ethylenebisdithiocarbamate,maneb (manganese ethylenebisdithiocarbamate),https://lod.nal.usda.gov/nalt/22166,,True,skos:broader; skos:narrower,
mating disruption,,mating disruption,https://lod.nal.usda.gov/nalt/34069,,True,skos:broader; skos:narrower,
mepanipyrim,,mepanipyrim,https://lod.nal.usda.gov/nalt/213741,,True,skos:broader; skos:narrower,
mercury fungicides,,mercury fungicides,https://lod.nal.usda.gov/nalt/41853,,True,skos:broader; skos:narrower,
metaflumizone,,metaflumizone,https://lod.nal.usda.gov/nalt/123096,,True,skos:broader; skos:narrower,
metam,carbathione; iron methyldithiocarbamate; metam-sodium; metham; metham-sodium; methylcarbamodithioic acid; methyldithiocarbamate; methyldithiocarbamic acid; sodium methyldithiocarbamate; vapam,"metam (carbathione, iron methyldithiocarbamate, metam-sodium, metham, metham-sodium, methylcarbamodithioic acid, methyldithiocarbamate, methyldithiocarbamic acid, sodium methyldithiocarbamate, vapam)",https://lod.nal.usda.gov/nalt/52246,,True,skos:broader; skos:narrower,
methomyl,,methomyl,https://lod.nal.usda.gov/nalt/22167,,True,skos:broader; skos:narrower,
methyl bromide,,methyl bromide,https://lod.nal.usda.gov/nalt/41855,,True,skos:broader; skos:narrower,
methyl isothiocyanate,,methyl isothiocyanate,https://lod.nal.usda.gov/nalt/41856,,True,skos:broader; skos:narrower,
metiram,,metiram,https://lod.nal.usda.gov/nalt/22168,,True,skos:broader; skos:narrower,
mexacarbate,,mexacarbate,https://lod.nal.usda.gov/nalt/22169,,True,skos:broader; skos:narrower,
microbial insecticides,,microbial insecticides,https://lod.nal.usda.gov/nalt/15184,,True,skos:broader; skos:narrower,
microbial pesticides,,microbial pesticides,https://lod.nal.usda.gov/nalt/17500,,True,skos:broader; skos:narrower,
milbemycins,,milbemycins,https://lod.nal.usda.gov/nalt/2097,,True,skos:broader; skos:narrower,
mite infestations,,mite infestations,https://lod.nal.usda.gov/nalt/136225,,False,skos:related,
molinate,,molinate,https://lod.nal.usda.gov/nalt/22170,,True,skos:broader; skos:narrower,
morpholine fungicides,,morpholine fungicides,https://lod.nal.usda.gov/nalt/34280,,True,skos:broader; skos:narrower,
mosquito control,,mosquito control,https://lod.nal.usda.gov/nalt/47371,,True,skos:broader; skos:narrower,
mosquito nets,mosquito netting,mosquito nets (mosquito netting),https://lod.nal.usda.gov/nalt/53511,,False,skos:broader; skos:narrower,
mycoherbicides,,mycoherbicides,https://lod.nal.usda.gov/nalt/45182,,True,skos:broader; skos:narrower,
nematode control,,nematode control,https://lod.nal.usda.gov/nalt/9380,,False,skos:related,
neonicotinoid insecticides,neonicotinoids; nicotinoid insecticides; nicotinoids,"neonicotinoid insecticides (neonicotinoids, nicotinoid insecticides, nicotinoids)",https://lod.nal.usda.gov/nalt/132372,,True,skos:broader; skos:narrower,
nitrile herbicides,,nitrile herbicides,https://lod.nal.usda.gov/nalt/45231,,True,skos:broader; skos:narrower,
o-phenylphenol,ortho-phenylphenol,o-phenylphenol (ortho-phenylphenol),https://lod.nal.usda.gov/nalt/213675,,True,skos:broader; skos:narrower,
OCH (pesticide),octachloro-2-cyclohexen-1-one; octachlorocyclohexenone; perchlorocyclohex-2-en-1-one,"OCH (pesticide) (octachloro-2-cyclohexen-1-one, octachlorocyclohexenone, perchlorocyclohex-2-en-1-one)",https://lod.nal.usda.gov/nalt/41857,,True,skos:broader; skos:narrower,
organochlorine compounds,chloroorganic compounds; organic chlorine compounds,"organochlorine compounds (chloroorganic compounds, organic chlorine compounds)",https://lod.nal.usda.gov/nalt/1167,,False,skos:broader; skos:narrower,
organochlorine insecticides,,organochlorine insecticides,https://lod.nal.usda.gov/nalt/31048,,True,skos:broader; skos:narrower,
organophosphorus acaricides,,organophosphorus acaricides,https://lod.nal.usda.gov/nalt/2098,,True,skos:broader; skos:narrower,
organophosphorus compounds,organic phosphorus compounds; organophosphates,"organophosphorus compounds (organic phosphorus compounds, organophosphates)",https://lod.nal.usda.gov/nalt/31069,,False,skos:broader; skos:narrower,
organophosphorus fungicides,,organophosphorus fungicides,https://lod.nal.usda.gov/nalt/327889,,True,skos:broader; skos:narrower,
organophosphorus herbicides,,organophosphorus herbicides,https://lod.nal.usda.gov/nalt/7895,,True,skos:broader; skos:narrower,
organophosphorus insecticides,organophosphate insecticides; phosphonate insecticides; phosphoramidate insecticides,"organophosphorus insecticides (organophosphate insecticides, phosphonate insecticides, phosphoramidate insecticides)",https://lod.nal.usda.gov/nalt/2184,,True,skos:broader; skos:narrower,
organophosphorus nematicides,,organophosphorus nematicides,https://lod.nal.usda.gov/nalt/25517,,True,skos:broader; skos:narrower,
organotin compounds,,organotin compounds,https://lod.nal.usda.gov/nalt/14328,,False,skos:broader; skos:narrower,
ova,egg cells; oospheres; ovum,"ova (egg cells, oospheres, ovum)",https://lod.nal.usda.gov/nalt/25673,,False,skos:related,
oviposition,egg laying,oviposition (egg laying),https://lod.nal.usda.gov/nalt/9481,,False,skos:related,
oxadiazolone herbicides,,oxadiazolone herbicides,https://lod.nal.usda.gov/nalt/125131,,True,skos:broader; skos:narrower,
oxadixyl,,oxadixyl,https://lod.nal.usda.gov/nalt/41858,,True,skos:broader; skos:narrower,
oxamyl,,oxamyl,https://lod.nal.usda.gov/nalt/22171,,True,skos:broader; skos:narrower,
oxazole herbicides,,oxazole herbicides,https://lod.nal.usda.gov/nalt/125133,,True,skos:broader; skos:narrower,
oxycarboxin,,oxycarboxin,https://lod.nal.usda.gov/nalt/41859,,True,skos:broader; skos:narrower,
pediculicides,,pediculicides,https://lod.nal.usda.gov/nalt/323890,,True,skos:broader; skos:narrower,
pelargonic acid,nonanoic acid,pelargonic acid (nonanoic acid),https://lod.nal.usda.gov/nalt/45241,,True,skos:broader; skos:narrower,
pentachlorophenol,PCP (pentachlorophenol); sodium pentachlorophenate; sodium pentachlorophenoxide,"pentachlorophenol (PCP (pentachlorophenol), sodium pentachlorophenate, sodium pentachlorophenoxide)",https://lod.nal.usda.gov/nalt/41861,,True,skos:broader; skos:narrower,
penthiopyrad,,penthiopyrad,https://lod.nal.usda.gov/nalt/327895,,True,skos:broader; skos:narrower,
pest monitoring,,pest monitoring,https://lod.nal.usda.gov/nalt/47465,,True,skos:related,
pesticide application,,pesticide application,https://lod.nal.usda.gov/nalt/2073,,True,skos:related,
pesticide mixtures,,pesticide mixtures,https://lod.nal.usda.gov/nalt/53178,,True,skos:broader; skos:narrower,
pesticide registration,,pesticide registration,https://lod.nal.usda.gov/nalt/57566,,False,skos:related,
pests,vermin,pests (vermin),https://lod.nal.usda.gov/nalt/839,,False,skos:related,
phenoxy herbicides,,phenoxy herbicides,https://lod.nal.usda.gov/nalt/125138,,True,skos:broader; skos:narrower,
phenylenediamine herbicides,,phenylenediamine herbicides,https://lod.nal.usda.gov/nalt/125145,,True,skos:broader; skos:narrower,
phenylmercury acetate,PMA (phenylmercury acetate),phenylmercury acetate (PMA (phenylmercury acetate)),https://lod.nal.usda.gov/nalt/41862,,True,skos:broader; skos:narrower,
phoxim,,phoxim,https://lod.nal.usda.gov/nalt/68282,,True,skos:broader; skos:narrower,
pirimicarb,,pirimicarb,https://lod.nal.usda.gov/nalt/22173,,True,skos:broader; skos:narrower,
plant breeding,crop breeding,plant breeding (crop breeding),https://lod.nal.usda.gov/nalt/5631,,False,skos:related,
plant damage,fruit damage; plant injuries; plant injury; wounds (plant),"plant damage (fruit damage, plant injuries, plant injury, wounds (plant))",https://lod.nal.usda.gov/nalt/1735,,False,skos:related,
plant diseases and disorders,plant diseases; plant disorders,"plant diseases and disorders (plant diseases, plant disorders)",https://lod.nal.usda.gov/nalt/15134,,False,skos:related,
plant health,,plant health,https://lod.nal.usda.gov/nalt/941,,False,skos:broader; skos:narrower,
plant pests,crop pests; pests of plants; phytophagous pests; tree pests,"plant pests (crop pests, pests of plants, phytophagous pests, tree pests)",https://lod.nal.usda.gov/nalt/17605,,False,skos:related,
polychlorobenzoic acid,,polychlorobenzoic acid,https://lod.nal.usda.gov/nalt/41863,,True,skos:broader; skos:narrower,
potassium phosphite,,potassium phosphite,https://lod.nal.usda.gov/nalt/210462,,True,skos:broader; skos:narrower,
pour-on formulations,,pour-on formulations,https://lod.nal.usda.gov/nalt/605,,False,skos:related,
powders,,powders,https://lod.nal.usda.gov/nalt/606,,False,skos:related,
preservatives,,preservatives,https://lod.nal.usda.gov/nalt/245,,False,skos:related,
prohexadione calcium,calcium 3-oxido-5-oxo-4-propanoylcyclohex-3-ene-1-carboxylate; calcium 3-oxido-5-oxo-4-propionylcyclohex-3-enecarboxylate; prohexadion calcium; prohexadione,"prohexadione calcium (calcium 3-oxido-5-oxo-4-propanoylcyclohex-3-ene-1-carboxylate, calcium 3-oxido-5-oxo-4-propionylcyclohex-3-enecarboxylate, prohexadion calcium, prohexadione)",https://lod.nal.usda.gov/nalt/228717,,False,skos:related,
propamocarb hydrochloride,,propamocarb hydrochloride,https://lod.nal.usda.gov/nalt/213738,,True,skos:broader; skos:narrower,
propargite,,propargite,https://lod.nal.usda.gov/nalt/2099,,True,skos:broader; skos:narrower,
propoxur,,propoxur,https://lod.nal.usda.gov/nalt/22175,,True,skos:broader; skos:narrower,
prosulfalin,,prosulfalin,https://lod.nal.usda.gov/nalt/45252,,True,skos:broader; skos:narrower,
pymetrozine,,pymetrozine,https://lod.nal.usda.gov/nalt/47428,,True,skos:broader; skos:narrower,
pyrazole herbicides,,pyrazole herbicides,https://lod.nal.usda.gov/nalt/125117,,True,skos:broader; skos:narrower,
pyrazophos,,pyrazophos,https://lod.nal.usda.gov/nalt/41866,,True,skos:broader; skos:narrower,
pyrethroid acaricides,,pyrethroid acaricides,https://lod.nal.usda.gov/nalt/2100,,True,skos:broader; skos:narrower,
pyrethroid insecticides,pyrethroid ester insecticides,pyrethroid insecticides (pyrethroid ester insecticides),https://lod.nal.usda.gov/nalt/6568,,True,skos:broader; skos:narrower,
pyridaben,,pyridaben,https://lod.nal.usda.gov/nalt/69204,,True,skos:broader; skos:narrower,
pyridazine herbicides,,pyridazine herbicides,https://lod.nal.usda.gov/nalt/125146,,True,skos:broader; skos:narrower,
pyridazinone herbicides,,pyridazinone herbicides,https://lod.nal.usda.gov/nalt/25319,,True,skos:broader; skos:narrower,
pyridine herbicides,,pyridine herbicides,https://lod.nal.usda.gov/nalt/34133,,True,skos:broader; skos:narrower,
pyrimidine fungicides,,pyrimidine fungicides,https://lod.nal.usda.gov/nalt/39814,,True,skos:broader; skos:narrower,
pyrithiones,metal pyrithiones,pyrithiones (metal pyrithiones),https://lod.nal.usda.gov/nalt/327052,,False,skos:related,
quaternary ammonium herbicides,,quaternary ammonium herbicides,https://lod.nal.usda.gov/nalt/125147,,True,skos:broader; skos:narrower,
quinoxyfen,,quinoxyfen,https://lod.nal.usda.gov/nalt/41867,,True,skos:broader; skos:narrower,
quintozene,pentachloronitrobenzene,quintozene (pentachloronitrobenzene),https://lod.nal.usda.gov/nalt/41868,,True,skos:broader; skos:narrower,
rafoxanide,,rafoxanide,https://lod.nal.usda.gov/nalt/8957,,True,skos:broader; skos:narrower,
recombinant fusion proteins,chimera proteins; chimeric mutant proteins; chimeric proteins; recombinant chimeric proteins; recombinant hybrid proteins,"recombinant fusion proteins (chimera proteins, chimeric mutant proteins, chimeric proteins, recombinant chimeric proteins, recombinant hybrid proteins)",https://lod.nal.usda.gov/nalt/42041,,False,skos:broader; skos:narrower,
reproduction,,reproduction,https://lod.nal.usda.gov/nalt/12898,,False,skos:related,
reproductive toxicology,reproductive toxicity,reproductive toxicology (reproductive toxicity),https://lod.nal.usda.gov/nalt/1767,,False,skos:related,
rodent repellents,mice repellents; rat repellents,"rodent repellents (mice repellents, rat repellents)",https://lod.nal.usda.gov/nalt/302645,,False,skos:related,
scarers,scare devices; scaring devices,"scarers (scare devices, scaring devices)",https://lod.nal.usda.gov/nalt/57552,,False,skos:broader; skos:narrower,
secondary metabolites,,secondary metabolites,https://lod.nal.usda.gov/nalt/17502,,False,skos:related,
silviculture,,silviculture,https://lod.nal.usda.gov/nalt/41174,,False,skos:related,
site preparation,land preparation; planting site preparation; site preparation for planting; soil preparation,"site preparation (land preparation, planting site preparation, site preparation for planting, soil preparation)",https://lod.nal.usda.gov/nalt/4791,,False,skos:related,
slow-release fertilizers,controlled release fertilisers; controlled release fertilizers; controlled-release fertilisers; controlled-release fertilizers; slow release fertilisers; slow release fertilizers; slow-release fertilisers,"slow-release fertilizers (controlled release fertilisers, controlled release fertilizers, controlled-release fertilisers, controlled-release fertilizers, slow release fertilisers, slow release fertilizers, slow-release fertilisers)",https://lod.nal.usda.gov/nalt/28796,,False,skos:related,
slugs,,slugs,https://lod.nal.usda.gov/nalt/53265,,False,skos:related,
smoke formulations,smokes (formulations),smoke formulations (smokes (formulations)),https://lod.nal.usda.gov/nalt/609,,False,skos:related,
snails,,snails,https://lod.nal.usda.gov/nalt/53266,,False,skos:related,
sodium fluoroacetate,,sodium fluoroacetate,https://lod.nal.usda.gov/nalt/56113,,False,skos:related,
soil management,,soil management,https://lod.nal.usda.gov/nalt/21,,False,skos:broader; skos:narrower,
soil restoration,soil reclamation; soil recycling,"soil restoration (soil reclamation, soil recycling)",https://lod.nal.usda.gov/nalt/213546,,False,skos:related,
solutions,,solutions,https://lod.nal.usda.gov/nalt/611,,False,skos:related,
specialty crops,minor crops,specialty crops (minor crops),https://lod.nal.usda.gov/nalt/30193,,False,skos:related,
spinosad,,spinosad,https://lod.nal.usda.gov/nalt/47429,,True,skos:broader; skos:narrower,
spirodiclofen,,spirodiclofen,https://lod.nal.usda.gov/nalt/2101,,True,skos:broader; skos:narrower,
spiromesifen,,spiromesifen,https://lod.nal.usda.gov/nalt/213739,,True,skos:broader; skos:narrower,
sprayers,spray guns,sprayers (spray guns),https://lod.nal.usda.gov/nalt/5870,,False,skos:related,
spraying,,spraying,https://lod.nal.usda.gov/nalt/11344,,False,skos:related,
spraying equipment,,spraying equipment,https://lod.nal.usda.gov/nalt/11330,,False,skos:broader; skos:narrower,
sterile insect technique,SIT (sterile insect technique); sterile insect release; sterile male release; sterile release,"sterile insect technique (SIT (sterile insect technique), sterile insect release, sterile male release, sterile release)",https://lod.nal.usda.gov/nalt/47372,,True,skos:broader; skos:narrower,
storage pests,food storage pests; stored product pests; stored products pests,"storage pests (food storage pests, stored product pests, stored products pests)",https://lod.nal.usda.gov/nalt/41056,,False,skos:related,
storage technology,,storage technology,https://lod.nal.usda.gov/nalt/27787,,False,skos:related,
stored products,,stored products,https://lod.nal.usda.gov/nalt/41053,,False,skos:related,
strobilurin fungicides,,strobilurin fungicides,https://lod.nal.usda.gov/nalt/331494,,True,skos:broader; skos:narrower,
sulfuramid,,sulfuramid,https://lod.nal.usda.gov/nalt/47430,,True,skos:broader; skos:narrower,
sulfuryl fluoride,,sulfuryl fluoride,https://lod.nal.usda.gov/nalt/40725,,True,skos:broader; skos:narrower,
sweep nets,sweep traps,sweep nets (sweep traps),https://lod.nal.usda.gov/nalt/214122,,False,skos:related,
tebufenozide,RH-5992,tebufenozide (RH-5992),https://lod.nal.usda.gov/nalt/35594,,True,skos:broader; skos:narrower,
technical chemicals,,technical chemicals,https://lod.nal.usda.gov/nalt/194,,False,skos:broader; skos:narrower,
tecnazene,,tecnazene,https://lod.nal.usda.gov/nalt/41869,,True,skos:broader; skos:narrower,
terbucarb,,terbucarb,https://lod.nal.usda.gov/nalt/22176,,True,skos:broader; skos:narrower,
termite control,,termite control,https://lod.nal.usda.gov/nalt/47373,,True,skos:broader; skos:narrower,
termiticides,,termiticides,https://lod.nal.usda.gov/nalt/829,,True,skos:broader; skos:narrower,
tetraconazole,,tetraconazole,https://lod.nal.usda.gov/nalt/213717,,True,skos:broader; skos:narrower,
tetradifon,,tetradifon,https://lod.nal.usda.gov/nalt/2102,,True,skos:broader; skos:narrower,
tetrahydrophthalimide,THPI; tetrahydrophthalimide (THPI),"tetrahydrophthalimide (THPI, tetrahydrophthalimide (THPI))",https://lod.nal.usda.gov/nalt/213678,,True,skos:broader; skos:narrower,
thiobencarb,,thiobencarb,https://lod.nal.usda.gov/nalt/22177,,True,skos:broader; skos:narrower,
thiocarbamate herbicides,,thiocarbamate herbicides,https://lod.nal.usda.gov/nalt/125148,,True,skos:broader; skos:narrower,
thiocarbonate herbicides,,thiocarbonate herbicides,https://lod.nal.usda.gov/nalt/125149,,True,skos:broader; skos:narrower,
thiodicarb,,thiodicarb,https://lod.nal.usda.gov/nalt/22178,,True,skos:broader; skos:narrower,
thiofanox,,thiofanox,https://lod.nal.usda.gov/nalt/22179,,True,skos:broader; skos:narrower,
thiram,,thiram,https://lod.nal.usda.gov/nalt/41870,,True,skos:broader; skos:narrower,
tick infestations,,tick infestations,https://lod.nal.usda.gov/nalt/56859,,False,skos:related,
tolclofos-methyl,,tolclofos-methyl,https://lod.nal.usda.gov/nalt/41871,,True,skos:broader; skos:narrower,
tolylfluanid,tolyfluanid,tolylfluanid (tolyfluanid),https://lod.nal.usda.gov/nalt/213681,,True,skos:broader; skos:narrower,
transgenes,,transgenes,https://lod.nal.usda.gov/nalt/42607,,False,skos:related,
transgenic plants,,transgenic plants,https://lod.nal.usda.gov/nalt/35864,,False,skos:related,
triallate,tri-allate,triallate (tri-allate),https://lod.nal.usda.gov/nalt/22180,,True,skos:broader; skos:narrower,
triazamate,,triazamate,https://lod.nal.usda.gov/nalt/47432,,True,skos:broader; skos:narrower,
triazine fungicides,,triazine fungicides,https://lod.nal.usda.gov/nalt/331486,,True,skos:broader; skos:narrower,
triazine herbicides,,triazine herbicides,https://lod.nal.usda.gov/nalt/7657,,True,skos:broader; skos:narrower,
triazinone herbicides,,triazinone herbicides,https://lod.nal.usda.gov/nalt/45277,,True,skos:broader; skos:narrower,
triazole fungicides,,triazole fungicides,https://lod.nal.usda.gov/nalt/17650,,True,skos:broader; skos:narrower,
triazole herbicides,,triazole herbicides,https://lod.nal.usda.gov/nalt/7899,,True,skos:broader; skos:narrower,
triazolone herbicides,,triazolone herbicides,https://lod.nal.usda.gov/nalt/125150,,True,skos:broader; skos:narrower,
triazolopyrimidine fungicides,,triazolopyrimidine fungicides,https://lod.nal.usda.gov/nalt/331478,,True,skos:broader; skos:narrower,
triazolopyrimidine herbicides,,triazolopyrimidine herbicides,https://lod.nal.usda.gov/nalt/125151,,True,skos:broader; skos:narrower,
tributyltin oxide,,tributyltin oxide,https://lod.nal.usda.gov/nalt/56142,,True,skos:broader; skos:narrower,
tricyclazole,,tricyclazole,https://lod.nal.usda.gov/nalt/41872,,True,skos:broader; skos:narrower,
tridiphane,,tridiphane,https://lod.nal.usda.gov/nalt/45280,,True,skos:broader; skos:narrower,
trifloxystrobin,,trifloxystrobin,https://lod.nal.usda.gov/nalt/213719,,True,skos:broader; skos:narrower,
triflumizole,,triflumizole,https://lod.nal.usda.gov/nalt/213726,,True,skos:broader; skos:narrower,
trimeturon,,trimeturon,https://lod.nal.usda.gov/nalt/45284,,True,skos:broader; skos:narrower,
tritac,,tritac,https://lod.nal.usda.gov/nalt/45285,,True,skos:broader; skos:narrower,
triticonazole,,triticonazole,https://lod.nal.usda.gov/nalt/213735,,True,skos:broader; skos:narrower,
uracil herbicides,,uracil herbicides,https://lod.nal.usda.gov/nalt/125152,,True,skos:broader; skos:narrower,
urea fungicides,,urea fungicides,https://lod.nal.usda.gov/nalt/331484,,True,skos:broader; skos:narrower,
urea herbicides,,urea herbicides,https://lod.nal.usda.gov/nalt/25299,,True,skos:broader; skos:narrower,
validamycins,,validamycins,https://lod.nal.usda.gov/nalt/10213,,False,skos:related,
vamidothion,,vamidothion,https://lod.nal.usda.gov/nalt/47433,,True,skos:broader; skos:narrower,
veterinary parasitology,,veterinary parasitology,https://lod.nal.usda.gov/nalt/9504,,False,skos:related,
weed control,weed management; weed prevention; weed suppression; weeding,"weed control (weed management, weed prevention, weed suppression, weeding)",https://lod.nal.usda.gov/nalt/293,,False,skos:related,
weed science,,weed science,https://lod.nal.usda.gov/nalt/30178,,False,skos:related,
weeds,,weeds,https://lod.nal.usda.gov/nalt/9724,,False,skos:related,
wettable powders,,wettable powders,https://lod.nal.usda.gov/nalt/57564,,False,skos:related,
zineb,,zineb,https://lod.nal.usda.gov/nalt/22182,,True,skos:broader; skos:narrower,
ziram,,ziram,https://lod.nal.usda.gov/nalt/22183,,True,skos:broader; skos:narrower,
zoxamide,,zoxamide,https://lod.nal.usda.gov/nalt/213712,,True,skos:broader; skos:narrower,
"2,2,3-TPA","2,2,3-trichloropanoic acid; 2,2,3-trichloropropionic acid; chloropon","2,2,3-TPA (2,2,3-trichloropanoic acid, 2,2,3-trichloropropionic acid, chloropon)",https://lod.nal.usda.gov/nalt/1335,,True,skos:broader; skos:narrower,
"2,3,6-TBA","2,3,6-trichlorobenzoic acid","2,3,6-TBA (2,3,6-trichlorobenzoic acid)",https://lod.nal.usda.gov/nalt/1341,,True,skos:broader; skos:narrower,
"2,4-DEB","2,4-dichlorophenoxyethyl benzoate","2,4-DEB (2,4-dichlorophenoxyethyl benzoate)",https://lod.nal.usda.gov/nalt/1359,,True,skos:broader; skos:narrower,
"2,4-DEP","tris(2-(2,4-dichlorophenoxy)ethyl)phosphite","2,4-DEP (tris(2-(2,4-dichlorophenoxy)ethyl)phosphite)",https://lod.nal.usda.gov/nalt/1361,,True,skos:broader; skos:narrower,
acaricide application,,acaricide application,https://lod.nal.usda.gov/nalt/70320,,True,skos:broader; skos:narrower,
acephate,,acephate,https://lod.nal.usda.gov/nalt/2183,,True,skos:broader; skos:narrower,
acetamiprid,,acetamiprid,https://lod.nal.usda.gov/nalt/2321,,True,skos:broader; skos:narrower,
acrinathrin,,acrinathrin,https://lod.nal.usda.gov/nalt/131672,,True,skos:broader; skos:narrower,
acylamino acid fungicides,,acylamino acid fungicides,https://lod.nal.usda.gov/nalt/331498,,True,skos:broader; skos:narrower,
aerial application,,aerial application,https://lod.nal.usda.gov/nalt/4604,,False,skos:broader; skos:narrower,
aerial spraying,,aerial spraying,https://lod.nal.usda.gov/nalt/136780,,False,skos:related,
air-assisted sprayers,air assisted sprayers; air-blast sprayers,"air-assisted sprayers (air assisted sprayers, air-blast sprayers)",https://lod.nal.usda.gov/nalt/5825,,False,skos:broader; skos:narrower,
ajoene,,ajoene,https://lod.nal.usda.gov/nalt/239960,,False,skos:related,
albendazole,,albendazole,https://lod.nal.usda.gov/nalt/5997,,False,skos:related,
aldehydes,,aldehydes,https://lod.nal.usda.gov/nalt/2307,,False,skos:broader; skos:narrower,
algal blooms,algae blooms; brown tides; diatom blooms; harmful algal blooms; phytoplankton blooms; red tides,"algal blooms (algae blooms, brown tides, diatom blooms, harmful algal blooms, phytoplankton blooms, red tides)",https://lod.nal.usda.gov/nalt/6351,,False,skos:related,
allethrin,,allethrin,https://lod.nal.usda.gov/nalt/6567,,True,skos:broader; skos:narrower,
allidochlor,CDAA (herbicide),allidochlor (CDAA (herbicide)),https://lod.nal.usda.gov/nalt/6589,,True,skos:broader; skos:narrower,
alorac,,alorac,https://lod.nal.usda.gov/nalt/125120,,True,skos:broader; skos:narrower,
ametoctradin,,ametoctradin,https://lod.nal.usda.gov/nalt/331483,,True,skos:broader; skos:narrower,
ametryn,ametryne,ametryn (ametryne),https://lod.nal.usda.gov/nalt/7656,,True,skos:broader; skos:narrower,
amicarbazone,,amicarbazone,https://lod.nal.usda.gov/nalt/125010,,True,skos:broader; skos:narrower,
amides,alkamides; diamides,"amides (alkamides, diamides)",https://lod.nal.usda.gov/nalt/2309,,False,skos:broader; skos:narrower,
aminobenzoates,,aminobenzoates,https://lod.nal.usda.gov/nalt/224213,,False,skos:related,
amiprofos-methyl,,amiprofos-methyl,https://lod.nal.usda.gov/nalt/7894,,True,skos:broader; skos:narrower,
amitrole,,amitrole,https://lod.nal.usda.gov/nalt/7898,,True,skos:broader; skos:narrower,
ammonium sulfamate,ammonium sulphamate,ammonium sulfamate (ammonium sulphamate),https://lod.nal.usda.gov/nalt/300561,,True,skos:broader; skos:narrower,
ammonium sulfamidate,AMS (herbicide); monoammonium sulfamate,"ammonium sulfamidate (AMS (herbicide), monoammonium sulfamate)",https://lod.nal.usda.gov/nalt/7983,,True,skos:broader; skos:narrower,
amphotericin B,,amphotericin B,https://lod.nal.usda.gov/nalt/8118,,False,skos:broader; skos:narrower,
ampropylfos,,ampropylfos,https://lod.nal.usda.gov/nalt/327893,,True,skos:broader; skos:narrower,
anidulafungin,,anidulafungin,https://lod.nal.usda.gov/nalt/238082,,False,skos:related,
anilazine,,anilazine,https://lod.nal.usda.gov/nalt/8951,,True,skos:broader; skos:narrower,
anilide herbicides,,anilide herbicides,https://lod.nal.usda.gov/nalt/7662,,True,skos:broader; skos:narrower,
anilinopyrimidine fungicides,,anilinopyrimidine fungicides,https://lod.nal.usda.gov/nalt/331476,,True,skos:broader; skos:narrower,
anilofos,,anilofos,https://lod.nal.usda.gov/nalt/125130,,True,skos:broader; skos:narrower,
antibiotic resistance,antibacterial resistance; antibiotic drug resistance; antimicrobial drug resistance; antimicrobial resistance,"antibiotic resistance (antibacterial resistance, antibiotic drug resistance, antimicrobial drug resistance, antimicrobial resistance)",https://lod.nal.usda.gov/nalt/10184,,False,skos:related,
antibiotics,anti-bacterial agents; anti-mycobacterial agents; antibacterial agents; antimycobacterial agents; antitubercular agents; antitubercular drugs; bactericides; bacteriocidal agents; bacteriocides,"antibiotics (anti-bacterial agents, anti-mycobacterial agents, antibacterial agents, antimycobacterial agents, antitubercular agents, antitubercular drugs, bactericides, bacteriocidal agents, bacteriocides)",https://lod.nal.usda.gov/nalt/10186,,False,skos:broader; skos:narrower,
antifeedants,feeding deterrents,antifeedants (feeding deterrents),https://lod.nal.usda.gov/nalt/5563,,False,skos:related,
antifungal proteins,,antifungal proteins,https://lod.nal.usda.gov/nalt/10328,,False,skos:related,
antiprotozoal agents,schizonticides,antiprotozoal agents (schizonticides),https://lod.nal.usda.gov/nalt/3055,,False,skos:broader; skos:narrower,
antiseptics,,antiseptics,https://lod.nal.usda.gov/nalt/3056,,False,skos:related,
application technology,sprayer technology,application technology (sprayer technology),https://lod.nal.usda.gov/nalt/11323,,False,skos:related,
applicators,,applicators,https://lod.nal.usda.gov/nalt/300742,,False,skos:broader; skos:narrower,
aquatic weed control,,aquatic weed control,https://lod.nal.usda.gov/nalt/142745,,False,skos:broader; skos:narrower,
aromatic acids,,aromatic acids,https://lod.nal.usda.gov/nalt/1503,,False,skos:broader; skos:narrower,
asulam,,asulam,https://lod.nal.usda.gov/nalt/13543,,True,skos:broader; skos:narrower,
atomizers,nebulizers,atomizers (nebulizers),https://lod.nal.usda.gov/nalt/11324,,False,skos:broader; skos:narrower,
atraton,,atraton,https://lod.nal.usda.gov/nalt/13716,,True,skos:broader; skos:narrower,
atrazine,,atrazine,https://lod.nal.usda.gov/nalt/13718,,True,skos:broader; skos:narrower,
attractants,,attractants,https://lod.nal.usda.gov/nalt/207,,False,skos:broader; skos:narrower,
avermectins,,avermectins,https://lod.nal.usda.gov/nalt/1578,,False,skos:broader; skos:narrower,
azimsulfuron,,azimsulfuron,https://lod.nal.usda.gov/nalt/14307,,True,skos:broader; skos:narrower,
azinphos-ethyl,,azinphos-ethyl,https://lod.nal.usda.gov/nalt/14312,,True,skos:broader; skos:narrower,
azinphos-methyl,,azinphos-methyl,https://lod.nal.usda.gov/nalt/14313,,True,skos:broader; skos:narrower,
azoles,,azoles,https://lod.nal.usda.gov/nalt/14329,,False,skos:broader; skos:narrower,
bacterial insecticides,,bacterial insecticides,https://lod.nal.usda.gov/nalt/14973,,True,skos:broader; skos:narrower,
baiting,,baiting,https://lod.nal.usda.gov/nalt/15547,,False,skos:broader; skos:narrower,
band placement,,band placement,https://lod.nal.usda.gov/nalt/11334,,False,skos:broader; skos:narrower,
barban,,barban,https://lod.nal.usda.gov/nalt/15805,,True,skos:broader; skos:narrower,
BCPC (herbicide),(RS)-sec-butyl 3-chlorocarbanilate; 1-methylpropyl (3-chlorophenyl)carbamate; 1-methylpropyl 3-chlorophenylcarbamate; sec-butyl N-(3-chlorophenyl)carbamate,"BCPC (herbicide) ((RS)-sec-butyl 3-chlorocarbanilate, 1-methylpropyl (3-chlorophenyl)carbamate, 1-methylpropyl 3-chlorophenylcarbamate, sec-butyl N-(3-chlorophenyl)carbamate)",https://lod.nal.usda.gov/nalt/1203,,True,skos:broader; skos:narrower,
benefin,benfluralin,benefin (benfluralin),https://lod.nal.usda.gov/nalt/16601,,True,skos:broader; skos:narrower,
benfuresate,,benfuresate,https://lod.nal.usda.gov/nalt/125101,,True,skos:broader; skos:narrower,
benoxacor,,benoxacor,https://lod.nal.usda.gov/nalt/213703,,False,skos:broader; skos:narrower,
bensulide,,bensulide,https://lod.nal.usda.gov/nalt/16628,,True,skos:broader; skos:narrower,
benzadox,,benzadox,https://lod.nal.usda.gov/nalt/16639,,True,skos:broader; skos:narrower,
benzalkonium chloride,,benzalkonium chloride,https://lod.nal.usda.gov/nalt/7960,,False,skos:broader; skos:narrower,
benzamide fungicides,,benzamide fungicides,https://lod.nal.usda.gov/nalt/331489,,True,skos:broader; skos:narrower,
benzfendizone,,benzfendizone,https://lod.nal.usda.gov/nalt/125153,,True,skos:broader; skos:narrower,
benzimidazoles,,benzimidazoles,https://lod.nal.usda.gov/nalt/5998,,False,skos:broader; skos:narrower,
benzipram,,benzipram,https://lod.nal.usda.gov/nalt/16654,,True,skos:broader; skos:narrower,
benzoates,,benzoates,https://lod.nal.usda.gov/nalt/16655,,False,skos:broader; skos:narrower,
benzoylphenylureas,,benzoylphenylureas,https://lod.nal.usda.gov/nalt/7681,,False,skos:related,
benzthiazuron,,benzthiazuron,https://lod.nal.usda.gov/nalt/16674,,True,skos:broader; skos:narrower,
bialaphos,antibiotic SF-1293,bialaphos (antibiotic SF-1293),https://lod.nal.usda.gov/nalt/323365,,True,skos:broader; skos:narrower,
bifenthrin,,bifenthrin,https://lod.nal.usda.gov/nalt/17037,,True,skos:broader; skos:narrower,
bifonazole,mycospor,bifonazole (mycospor),https://lod.nal.usda.gov/nalt/235795,,False,skos:related,
bilanafos,,bilanafos,https://lod.nal.usda.gov/nalt/17148,,True,skos:broader; skos:narrower,
bioallethrin,,bioallethrin,https://lod.nal.usda.gov/nalt/17235,,True,skos:broader; skos:narrower,
bioethanomethrin,,bioethanomethrin,https://lod.nal.usda.gov/nalt/300814,,True,skos:broader; skos:narrower,
bioresmethrin,,bioresmethrin,https://lod.nal.usda.gov/nalt/17513,,True,skos:broader; skos:narrower,
bistrifluron,,bistrifluron,https://lod.nal.usda.gov/nalt/17645,,False,skos:broader; skos:narrower,
bitertanol,,bitertanol,https://lod.nal.usda.gov/nalt/17649,,True,skos:broader; skos:narrower,
borates,,borates,https://lod.nal.usda.gov/nalt/18623,,False,skos:broader; skos:narrower,
borax,sodium borate decahydrate; tincal,"borax (sodium borate decahydrate, tincal)",https://lod.nal.usda.gov/nalt/18622,,True,skos:broader; skos:narrower,
botany,,botany,https://lod.nal.usda.gov/nalt/162,,False,skos:related,
broadcasters,,broadcasters,https://lod.nal.usda.gov/nalt/11325,,False,skos:broader; skos:narrower,
bromacil,,bromacil,https://lod.nal.usda.gov/nalt/19933,,True,skos:broader; skos:narrower,
bromobonil,,bromobonil,https://lod.nal.usda.gov/nalt/125126,,True,skos:broader; skos:narrower,
bromofenoxim,,bromofenoxim,https://lod.nal.usda.gov/nalt/19968,,True,skos:broader; skos:narrower,
bromoxynil,,bromoxynil,https://lod.nal.usda.gov/nalt/19981,,True,skos:broader; skos:narrower,
bromuconazole,,bromuconazole,https://lod.nal.usda.gov/nalt/213708,,True,skos:broader; skos:narrower,
brush control,brush management,brush control (brush management),https://lod.nal.usda.gov/nalt/20192,,False,skos:broader; skos:narrower,
buprofezin,,buprofezin,https://lod.nal.usda.gov/nalt/20428,,False,skos:broader; skos:narrower,
butam,,butam,https://lod.nal.usda.gov/nalt/20599,,True,skos:broader; skos:narrower,
butamifos,,butamifos,https://lod.nal.usda.gov/nalt/20600,,True,skos:broader; skos:narrower,
butralin,,butralin,https://lod.nal.usda.gov/nalt/20619,,True,skos:broader; skos:narrower,
cacodylic acid,dimethylarsinic acid,cacodylic acid (dimethylarsinic acid),https://lod.nal.usda.gov/nalt/12375,,True,skos:broader; skos:narrower,
cadusafos,,cadusafos,https://lod.nal.usda.gov/nalt/213698,,True,skos:broader; skos:narrower,
cafenstrole,,cafenstrole,https://lod.nal.usda.gov/nalt/20995,,True,skos:broader; skos:narrower,
calcium methanearsonate,CMA (herbicide); calcium hydrogen methylarsonate,"calcium methanearsonate (CMA (herbicide), calcium hydrogen methylarsonate)",https://lod.nal.usda.gov/nalt/21114,,True,skos:broader; skos:narrower,
candicidin,,candicidin,https://lod.nal.usda.gov/nalt/148765,,False,skos:broader; skos:narrower,
captafol,,captafol,https://lod.nal.usda.gov/nalt/22086,,True,skos:broader; skos:narrower,
captan,,captan,https://lod.nal.usda.gov/nalt/22088,,True,skos:broader; skos:narrower,
carbadox,,carbadox,https://lod.nal.usda.gov/nalt/10425,,False,skos:broader; skos:narrower,
carbendazim,bavistin,carbendazim (bavistin),https://lod.nal.usda.gov/nalt/9915,,False,skos:related,
carbetamide,,carbetamide,https://lod.nal.usda.gov/nalt/22153,,True,skos:broader; skos:narrower,
carbon tetrachloride,tetrachloromethane,carbon tetrachloride (tetrachloromethane),https://lod.nal.usda.gov/nalt/22230,,False,skos:broader; skos:narrower,
carbophenothion,,carbophenothion,https://lod.nal.usda.gov/nalt/213669,,True,skos:broader; skos:narrower,
carboxazole,,carboxazole,https://lod.nal.usda.gov/nalt/125134,,True,skos:broader; skos:narrower,
carfentrazone,,carfentrazone,https://lod.nal.usda.gov/nalt/22484,,True,skos:broader; skos:narrower,
carpropamid,,carpropamid,https://lod.nal.usda.gov/nalt/22666,,True,skos:broader; skos:narrower,
caspofungin,caspofungin acetate,caspofungin (caspofungin acetate),https://lod.nal.usda.gov/nalt/238080,,False,skos:related,
CDEA (herbicide),"2-chloro-N,N-diethylacetamide","CDEA (herbicide) (2-chloro-N,N-diethylacetamide)",https://lod.nal.usda.gov/nalt/1376,,True,skos:broader; skos:narrower,
CEPC (herbicide),2-chloroethyl (3-chlorophenyl)carbamate; 2-chloroethyl 3-chlorocarbanilate,"CEPC (herbicide) (2-chloroethyl (3-chlorophenyl)carbamate, 2-chloroethyl 3-chlorocarbanilate)",https://lod.nal.usda.gov/nalt/1380,,True,skos:broader; skos:narrower,
ceralure,,ceralure,https://lod.nal.usda.gov/nalt/105898,,False,skos:broader; skos:narrower,
chemigation,chemi-irrigation; chemirrigation,"chemigation (chemi-irrigation, chemirrigation)",https://lod.nal.usda.gov/nalt/11335,,False,skos:related,
chemoprevention,chemoprophylaxis,chemoprevention (chemoprophylaxis),https://lod.nal.usda.gov/nalt/24718,,False,skos:broader; skos:narrower,
chloramben,,chloramben,https://lod.nal.usda.gov/nalt/12290,,True,skos:broader; skos:narrower,
chlorazine,,chlorazine,https://lod.nal.usda.gov/nalt/25297,,True,skos:broader; skos:narrower,
chlorbufam,1-methyl-2-propynyl (3-chlorophenyl)carbamate; 1-methylprop-2-ynyl 3-chlorocarbanilate; BIPC (chlorbufam),"chlorbufam (1-methyl-2-propynyl (3-chlorophenyl)carbamate, 1-methylprop-2-ynyl 3-chlorocarbanilate, BIPC (chlorbufam))",https://lod.nal.usda.gov/nalt/25300,,True,skos:broader; skos:narrower,
chlorfenvinphos,,chlorfenvinphos,https://lod.nal.usda.gov/nalt/25316,,True,skos:broader; skos:narrower,
chlorfluazuron,,chlorfluazuron,https://lod.nal.usda.gov/nalt/16667,,False,skos:broader; skos:narrower,
chloridazon,pyrazon,chloridazon (pyrazon),https://lod.nal.usda.gov/nalt/25318,,True,skos:broader; skos:narrower,
chloroform,,chloroform,https://lod.nal.usda.gov/nalt/25338,,False,skos:broader; skos:narrower,
chlorophacinone,,chlorophacinone,https://lod.nal.usda.gov/nalt/301102,,True,skos:broader; skos:narrower,
chloroxynil,,chloroxynil,https://lod.nal.usda.gov/nalt/125127,,True,skos:broader; skos:narrower,
chlorpropham,CIPC (chlorpropham); chlorophenyl isopropyl carbamate; isopropyl N-(3-Chlorophenol) carbamate,"chlorpropham (CIPC (chlorpropham), chlorophenyl isopropyl carbamate, isopropyl N-(3-Chlorophenol) carbamate)",https://lod.nal.usda.gov/nalt/25515,,True,skos:broader; skos:narrower,
chlorpyrifos,,chlorpyrifos,https://lod.nal.usda.gov/nalt/25516,,True,skos:broader; skos:narrower,
chlorpyrifos oxygen analog,,chlorpyrifos oxygen analog,https://lod.nal.usda.gov/nalt/213695,,True,skos:broader; skos:narrower,
chlorthal-dimethyl,"DCPA (chlorthal-dimethyl); dacthal; dimethyl 2,3,5,6-tetrachloroterephthalate; dimethyl tetrachloroterephthalate","chlorthal-dimethyl (DCPA (chlorthal-dimethyl), dacthal, dimethyl 2,3,5,6-tetrachloroterephthalate, dimethyl tetrachloroterephthalate)",https://lod.nal.usda.gov/nalt/25520,,True,skos:broader; skos:narrower,
chlorthiamid,,chlorthiamid,https://lod.nal.usda.gov/nalt/25522,,True,skos:broader; skos:narrower,
cholinesterase inhibitors,acetylcholinesterase inhibitors; anti-cholinesterases; anticholinesterase agents; anticholinesterase drugs,"cholinesterase inhibitors (acetylcholinesterase inhibitors, anti-cholinesterases, anticholinesterase agents, anticholinesterase drugs)",https://lod.nal.usda.gov/nalt/22191,,False,skos:related,
clethodim,,clethodim,https://lod.nal.usda.gov/nalt/26843,,True,skos:broader; skos:narrower,
clomeprop,,clomeprop,https://lod.nal.usda.gov/nalt/125139,,True,skos:broader; skos:narrower,
cloproxydim,,cloproxydim,https://lod.nal.usda.gov/nalt/26961,,True,skos:broader; skos:narrower,
clopyralid,"3,6-dichloro-2-pyridinecarboxylic acid; 3,6-dichloropicolinic acid; 3,6-dichloropyridine-2-carboxylic acid","clopyralid (3,6-dichloro-2-pyridinecarboxylic acid, 3,6-dichloropicolinic acid, 3,6-dichloropyridine-2-carboxylic acid)",https://lod.nal.usda.gov/nalt/1440,,True,skos:broader; skos:narrower,
clothianidin,,clothianidin,https://lod.nal.usda.gov/nalt/132371,,True,skos:broader; skos:narrower,
clotrimazole,,clotrimazole,https://lod.nal.usda.gov/nalt/10315,,False,skos:broader; skos:narrower,
coaters,,coaters,https://lod.nal.usda.gov/nalt/11326,,False,skos:broader; skos:narrower,
collars,,collars,https://lod.nal.usda.gov/nalt/9064,,False,skos:broader; skos:narrower,
concentrates,,concentrates,https://lod.nal.usda.gov/nalt/585,,False,skos:broader; skos:narrower,
copper sulfate,CuSO4; copper sulphate; copper(II) sulfate; cupric sulfate; cupric sulphate,"copper sulfate (CuSO4, copper sulphate, copper(II) sulfate, cupric sulfate, cupric sulphate)",https://lod.nal.usda.gov/nalt/28956,,True,skos:broader; skos:narrower,
cordycepin,,cordycepin,https://lod.nal.usda.gov/nalt/10316,,False,skos:broader; skos:narrower,
coumaphos,coumafos,coumaphos (coumafos),https://lod.nal.usda.gov/nalt/29682,,True,skos:broader; skos:narrower,
coumarin rodenticides,,coumarin rodenticides,https://lod.nal.usda.gov/nalt/19920,,True,skos:broader; skos:narrower,
CPPC (herbicide),2-chloro-1-methylethyl (3-chlorophenyl)carbamate,CPPC (herbicide) (2-chloro-1-methylethyl (3-chlorophenyl)carbamate),https://lod.nal.usda.gov/nalt/1374,,True,skos:broader; skos:narrower,
creosote,coal tar creosote; wood tar creosote,"creosote (coal tar creosote, wood tar creosote)",https://lod.nal.usda.gov/nalt/27361,,False,skos:related,
crop entomology,,crop entomology,https://lod.nal.usda.gov/nalt/30118,,False,skos:related,
crystal proteins,,crystal proteins,https://lod.nal.usda.gov/nalt/30451,,False,skos:related,
cue-lure,4-(4-(acetyloxy)phenyl)-2-butanone; cuelure; p-(3-oxobutyl)phenyl acetate,"cue-lure (4-(4-(acetyloxy)phenyl)-2-butanone, cuelure, p-(3-oxobutyl)phenyl acetate)",https://lod.nal.usda.gov/nalt/1469,,False,skos:broader; skos:narrower,
Culicidae,mosquitoes; mosquitos,"Culicidae (mosquitoes, mosquitos)",https://lod.nal.usda.gov/nalt/4448,,False,skos:related,
cultural control,,cultural control,https://lod.nal.usda.gov/nalt/28785,,False,skos:broader; skos:narrower,
cyanazine,,cyanazine,https://lod.nal.usda.gov/nalt/30950,,True,skos:broader; skos:narrower,
cyazofamid,,cyazofamid,https://lod.nal.usda.gov/nalt/30995,,True,skos:broader; skos:narrower,
cyclodiene insecticides,,cyclodiene insecticides,https://lod.nal.usda.gov/nalt/6231,,True,skos:broader; skos:narrower,
cyclohexanes,,cyclohexanes,https://lod.nal.usda.gov/nalt/6469,,False,skos:related,
cycloheximide,,cycloheximide,https://lod.nal.usda.gov/nalt/10317,,False,skos:broader; skos:narrower,
cycluron,,cycluron,https://lod.nal.usda.gov/nalt/31082,,True,skos:broader; skos:narrower,
cyfluthrin,,cyfluthrin,https://lod.nal.usda.gov/nalt/31116,,True,skos:broader; skos:narrower,
cyhalothrin,,cyhalothrin,https://lod.nal.usda.gov/nalt/31123,,True,skos:broader; skos:narrower,
cypermethrin,alpha-cypermethrin,cypermethrin (alpha-cypermethrin),https://lod.nal.usda.gov/nalt/31222,,True,skos:broader; skos:narrower,
cyperquat,,cyperquat,https://lod.nal.usda.gov/nalt/31223,,True,skos:broader; skos:narrower,
cyphenothrin,,cyphenothrin,https://lod.nal.usda.gov/nalt/213730,,True,skos:broader; skos:narrower,
cyprazine,,cyprazine,https://lod.nal.usda.gov/nalt/31260,,True,skos:broader; skos:narrower,
cyprazole,,cyprazole,https://lod.nal.usda.gov/nalt/31261,,True,skos:broader; skos:narrower,
cyproconazole,,cyproconazole,https://lod.nal.usda.gov/nalt/28444,,True,skos:broader; skos:narrower,
cyromazine,,cyromazine,https://lod.nal.usda.gov/nalt/25216,,False,skos:broader; skos:narrower,
dalapon,,dalapon,https://lod.nal.usda.gov/nalt/25334,,True,skos:broader; skos:narrower,
DDD (pesticide),"2,4'-DDD; TDE (herbicide); dichlorodiphenyldichloroethane; o,p'-DDD","DDD (pesticide) (2,4'-DDD, TDE (herbicide), dichlorodiphenyldichloroethane, o,p'-DDD)",https://lod.nal.usda.gov/nalt/25339,,True,skos:broader; skos:narrower,
DDE (pesticide),"2, 4'-DDE; 4,4'-DDE; dichlorodiphenyl dichloroethylene; o,p'-DDE; p,p'-DDE","DDE (pesticide) (2, 4'-DDE, 4,4'-DDE, dichlorodiphenyl dichloroethylene, o,p'-DDE, p,p'-DDE)",https://lod.nal.usda.gov/nalt/25340,,True,skos:broader; skos:narrower,
defoliation,artificial defoliation; simulated defoliation,"defoliation (artificial defoliation, simulated defoliation)",https://lod.nal.usda.gov/nalt/12578,,False,skos:related,
deltamethrin,,deltamethrin,https://lod.nal.usda.gov/nalt/32233,,True,skos:broader; skos:narrower,
demeton-s-methyl,,demeton-s-methyl,https://lod.nal.usda.gov/nalt/32246,,True,skos:broader; skos:narrower,
desmedipham,,desmedipham,https://lod.nal.usda.gov/nalt/22159,,True,skos:broader; skos:narrower,
desmetryn,desmetryne,desmetryn (desmetryne),https://lod.nal.usda.gov/nalt/32553,,True,skos:broader; skos:narrower,
deworming,,deworming,https://lod.nal.usda.gov/nalt/68659,,False,skos:related,
diallate,di-allate,diallate (di-allate),https://lod.nal.usda.gov/nalt/32960,,True,skos:broader; skos:narrower,
diazinon,,diazinon,https://lod.nal.usda.gov/nalt/33166,,True,skos:broader; skos:narrower,
dicamba,"3,6-dichloro-2-methoxybenzoic acid; 3,6-dichloro-o-anisic acid","dicamba (3,6-dichloro-2-methoxybenzoic acid, 3,6-dichloro-o-anisic acid)",https://lod.nal.usda.gov/nalt/12291,,True,skos:broader; skos:narrower,
dicarboxylic acids,,dicarboxylic acids,https://lod.nal.usda.gov/nalt/4217,,False,skos:broader; skos:narrower,
dichlobenil,,dichlobenil,https://lod.nal.usda.gov/nalt/33212,,True,skos:broader; skos:narrower,
dichloralurea,"2,2,2-trichloro-1-hydroxyethyl urea; DCU (herbicide)","dichloralurea (2,2,2-trichloro-1-hydroxyethyl urea, DCU (herbicide))",https://lod.nal.usda.gov/nalt/1334,,True,skos:broader; skos:narrower,
dichlormate,,dichlormate,https://lod.nal.usda.gov/nalt/33215,,True,skos:broader; skos:narrower,
dichlorvos,,dichlorvos,https://lod.nal.usda.gov/nalt/9917,,True,skos:broader; skos:narrower,
diclosulam,,diclosulam,https://lod.nal.usda.gov/nalt/33229,,True,skos:broader; skos:narrower,
dicrotophos,,dicrotophos,https://lod.nal.usda.gov/nalt/33249,,True,skos:broader; skos:narrower,
diethofencarb,,diethofencarb,https://lod.nal.usda.gov/nalt/33483,,True,skos:broader; skos:narrower,
difenoconazole,,difenoconazole,https://lod.nal.usda.gov/nalt/208905,,True,skos:broader; skos:narrower,
difenopenten,,difenopenten,https://lod.nal.usda.gov/nalt/33491,,True,skos:broader; skos:narrower,
difenzoquat,,difenzoquat,https://lod.nal.usda.gov/nalt/33493,,True,skos:broader; skos:narrower,
diflubenzuron,,diflubenzuron,https://lod.nal.usda.gov/nalt/16668,,False,skos:broader; skos:narrower,
diflufenican,,diflufenican,https://lod.nal.usda.gov/nalt/8952,,True,skos:broader; skos:narrower,
diflufenzopyr,,diflufenzopyr,https://lod.nal.usda.gov/nalt/33507,,True,skos:broader; skos:narrower,
dimefuron,,dimefuron,https://lod.nal.usda.gov/nalt/125132,,True,skos:broader; skos:narrower,
dimethametryn,,dimethametryn,https://lod.nal.usda.gov/nalt/33653,,True,skos:broader; skos:narrower,
dimethenamid,dimethenamid-P,dimethenamid (dimethenamid-P),https://lod.nal.usda.gov/nalt/125011,,True,skos:broader; skos:narrower,
dimethoate,,dimethoate,https://lod.nal.usda.gov/nalt/33654,,True,skos:broader; skos:narrower,
dimethomorph,,dimethomorph,https://lod.nal.usda.gov/nalt/213718,,True,skos:broader; skos:narrower,
dimexano,"O,O-dimethyl dithiobis(thioformate); di(methoxythiocarbonyl)disulfide; di(methoxythiocarbonyl)disulfphide; dimethyl dixanthogen; dimexan","dimexano (O,O-dimethyl dithiobis(thioformate), di(methoxythiocarbonyl)disulfide, di(methoxythiocarbonyl)disulfphide, dimethyl dixanthogen, dimexan)",https://lod.nal.usda.gov/nalt/124369,,True,skos:broader; skos:narrower,
diniconazole,,diniconazole,https://lod.nal.usda.gov/nalt/28445,,True,skos:broader; skos:narrower,
dinitramine,,dinitramine,https://lod.nal.usda.gov/nalt/33695,,True,skos:broader; skos:narrower,
dinofenate,,dinofenate,https://lod.nal.usda.gov/nalt/125110,,True,skos:broader; skos:narrower,
dinoprop,,dinoprop,https://lod.nal.usda.gov/nalt/125111,,True,skos:broader; skos:narrower,
dinosam,,dinosam,https://lod.nal.usda.gov/nalt/33724,,True,skos:broader; skos:narrower,
dinoseb,,dinoseb,https://lod.nal.usda.gov/nalt/33725,,True,skos:broader; skos:narrower,
dinotefuran,,dinotefuran,https://lod.nal.usda.gov/nalt/132374,,True,skos:broader; skos:narrower,
dinoterb,,dinoterb,https://lod.nal.usda.gov/nalt/33726,,True,skos:broader; skos:narrower,
diphacinone,difenadion; diphacine; diphenacin; diphenadione,"diphacinone (difenadion, diphacine, diphenacin, diphenadione)",https://lod.nal.usda.gov/nalt/135573,,True,skos:broader; skos:narrower,
diphenamid,,diphenamid,https://lod.nal.usda.gov/nalt/7663,,True,skos:broader; skos:narrower,
dipping,,dipping,https://lod.nal.usda.gov/nalt/11336,,False,skos:broader; skos:narrower,
dipropetryn,,dipropetryn,https://lod.nal.usda.gov/nalt/33900,,True,skos:broader; skos:narrower,
diquat,,diquat,https://lod.nal.usda.gov/nalt/33945,,True,skos:broader; skos:narrower,
disease and pest management,,disease and pest management,https://lod.nal.usda.gov/nalt/284,,False,skos:broader; skos:narrower,
disease control programs,disease control programmes,disease control programs (disease control programmes),https://lod.nal.usda.gov/nalt/34018,,False,skos:broader; skos:narrower,
disease prevention,prophylaxis,disease prevention (prophylaxis),https://lod.nal.usda.gov/nalt/34019,,False,skos:broader; skos:narrower,
disease surveillance,disease monitoring,disease surveillance (disease monitoring),https://lod.nal.usda.gov/nalt/17543,,False,skos:broader; skos:narrower,
disinfection,,disinfection,https://lod.nal.usda.gov/nalt/34020,,False,skos:related,
disparlure,"(7RS,8SR)-7,8-epoxy-2-methyloctadecane; rel-(2R,3S)-2-decyl-3-(5-methylhexyl)oxirane","disparlure ((7RS,8SR)-7,8-epoxy-2-methyloctadecane, rel-(2R,3S)-2-decyl-3-(5-methylhexyl)oxirane)",https://lod.nal.usda.gov/nalt/6,,False,skos:related,
disulfoton,,disulfoton,https://lod.nal.usda.gov/nalt/34121,,True,skos:related,
disulfoton sulfone,,disulfoton sulfone,https://lod.nal.usda.gov/nalt/213672,,True,skos:broader; skos:narrower,
dithiopyr,,dithiopyr,https://lod.nal.usda.gov/nalt/34132,,True,skos:broader; skos:narrower,
dodemorph,,dodemorph,https://lod.nal.usda.gov/nalt/34279,,True,skos:broader; skos:narrower,
drilling,,drilling,https://lod.nal.usda.gov/nalt/11337,,False,skos:broader; skos:narrower,
drills,,drills,https://lod.nal.usda.gov/nalt/34560,,False,skos:broader; skos:narrower,
drug delivery systems,drug delivery applications; drug delivery methods,"drug delivery systems (drug delivery applications, drug delivery methods)",https://lod.nal.usda.gov/nalt/4249,,False,skos:broader; skos:narrower,
drug formulations,pharmaceutical formulations,drug formulations (pharmaceutical formulations),https://lod.nal.usda.gov/nalt/34641,,False,skos:related,
drywood termites,,drywood termites,https://lod.nal.usda.gov/nalt/34790,,False,skos:related,
DSMA (herbicide),disodium methylarsonate,DSMA (herbicide) (disodium methylarsonate),https://lod.nal.usda.gov/nalt/12376,,True,skos:broader; skos:narrower,
dust,dusts; house dust; housedust,"dust (dusts, house dust, housedust)",https://lod.nal.usda.gov/nalt/194986,,False,skos:related,
dusting,,dusting,https://lod.nal.usda.gov/nalt/11338,,False,skos:related,
EBEP (herbicide),ethyl bis(2-ethylhexyl)phosphinate,EBEP (herbicide) (ethyl bis(2-ethylhexyl)phosphinate),https://lod.nal.usda.gov/nalt/35212,,True,skos:broader; skos:narrower,
ecdysone agonists,,ecdysone agonists,https://lod.nal.usda.gov/nalt/5221,,False,skos:broader; skos:narrower,
echinocandins,aculeacins; pneumocandins,"echinocandins (aculeacins, pneumocandins)",https://lod.nal.usda.gov/nalt/238075,,False,skos:related,
ectoparasiticides,ectoparasitic agents,ectoparasiticides (ectoparasitic agents),https://lod.nal.usda.gov/nalt/78936,,False,skos:broader; skos:narrower,
eglinazine,,eglinazine,https://lod.nal.usda.gov/nalt/36000,,True,skos:broader; skos:narrower,
electrospraying,,electrospraying,https://lod.nal.usda.gov/nalt/261197,,False,skos:related,
emitters (equipment),drippers,emitters (equipment) (drippers),https://lod.nal.usda.gov/nalt/11327,,False,skos:broader; skos:narrower,
endoparasiticides,,endoparasiticides,https://lod.nal.usda.gov/nalt/314371,,False,skos:broader; skos:narrower,
erbon,,erbon,https://lod.nal.usda.gov/nalt/37809,,True,skos:broader; skos:narrower,
Erwinia amylovora,Bacillus amylovorus; Bacterium amylovorus; Micrococcus amylovorus,"Erwinia amylovora (Bacillus amylovorus, Bacterium amylovorus, Micrococcus amylovorus)",https://lod.nal.usda.gov/nalt/14615,,False,skos:related,
esfenvalerate,,esfenvalerate,https://lod.nal.usda.gov/nalt/38145,,True,skos:broader; skos:narrower,
esters,,esters,https://lod.nal.usda.gov/nalt/2335,,False,skos:broader; skos:narrower,
ethalfluralin,,ethalfluralin,https://lod.nal.usda.gov/nalt/38235,,True,skos:broader; skos:narrower,
ethiolate,,ethiolate,https://lod.nal.usda.gov/nalt/38248,,True,skos:broader; skos:narrower,
ethion,,ethion,https://lod.nal.usda.gov/nalt/38249,,True,skos:broader; skos:narrower,
ethofumesate,,ethofumesate,https://lod.nal.usda.gov/nalt/38260,,True,skos:broader; skos:narrower,
ethoprophos,ethoprop,ethoprophos (ethoprop),https://lod.nal.usda.gov/nalt/38262,,True,skos:broader; skos:narrower,
ethoxyfen,,ethoxyfen,https://lod.nal.usda.gov/nalt/125116,,True,skos:broader; skos:narrower,
ethyl carbamate,,ethyl carbamate,https://lod.nal.usda.gov/nalt/22184,,False,skos:broader; skos:narrower,
ethylene dichloride,"1,2-dichloroethane","ethylene dichloride (1,2-dichloroethane)",https://lod.nal.usda.gov/nalt/1165,,False,skos:broader; skos:narrower,
etinofen,,etinofen,https://lod.nal.usda.gov/nalt/125112,,True,skos:broader; skos:narrower,
etofenprox,,etofenprox,https://lod.nal.usda.gov/nalt/38278,,True,skos:broader; skos:narrower,
EXD (herbicide),"O,O-diethyl dithiobis(thioformate); diethyl dixanthogen; diethyl thioperoxydicarbonate","EXD (herbicide) (O,O-diethyl dithiobis(thioformate), diethyl dixanthogen, diethyl thioperoxydicarbonate)",https://lod.nal.usda.gov/nalt/124375,,True,skos:broader; skos:narrower,
fenamiphos,,fenamiphos,https://lod.nal.usda.gov/nalt/39812,,True,skos:broader; skos:narrower,
fenarimol,,fenarimol,https://lod.nal.usda.gov/nalt/39813,,True,skos:broader; skos:narrower,
fenpropathrin,,fenpropathrin,https://lod.nal.usda.gov/nalt/39833,,True,skos:broader; skos:narrower,
fenpropimorph,,fenpropimorph,https://lod.nal.usda.gov/nalt/39834,,True,skos:broader; skos:narrower,
fensulfothion,,fensulfothion,https://lod.nal.usda.gov/nalt/39837,,True,skos:broader; skos:narrower,
fenvalerate,,fenvalerate,https://lod.nal.usda.gov/nalt/39846,,True,skos:broader; skos:narrower,
ferrous sulfate,ferrous sulphate; iron(II) sulfate,"ferrous sulfate (ferrous sulphate, iron(II) sulfate)",https://lod.nal.usda.gov/nalt/39920,,True,skos:broader; skos:narrower,
filipin,,filipin,https://lod.nal.usda.gov/nalt/148766,,False,skos:broader; skos:narrower,
fillers (equipment),,fillers (equipment),https://lod.nal.usda.gov/nalt/11328,,False,skos:broader; skos:narrower,
fish ponds,,fish ponds,https://lod.nal.usda.gov/nalt/6352,,False,skos:related,
flonicamid,,flonicamid,https://lod.nal.usda.gov/nalt/132373,,True,skos:broader; skos:narrower,
florasulam,,florasulam,https://lod.nal.usda.gov/nalt/125016,,True,skos:broader; skos:narrower,
flucarbazone,,flucarbazone,https://lod.nal.usda.gov/nalt/125012,,True,skos:broader; skos:narrower,
fluchloralin,,fluchloralin,https://lod.nal.usda.gov/nalt/40673,,True,skos:broader; skos:narrower,
fluconazole,,fluconazole,https://lod.nal.usda.gov/nalt/10318,,False,skos:broader; skos:narrower,
flucythrinate,,flucythrinate,https://lod.nal.usda.gov/nalt/40674,,True,skos:broader; skos:narrower,
flucytosine,,flucytosine,https://lod.nal.usda.gov/nalt/10319,,False,skos:broader; skos:narrower,
flumethrin,,flumethrin,https://lod.nal.usda.gov/nalt/40697,,True,skos:broader; skos:narrower,
flumetsulam,,flumetsulam,https://lod.nal.usda.gov/nalt/40698,,True,skos:broader; skos:narrower,
fluorides,,fluorides,https://lod.nal.usda.gov/nalt/30334,,False,skos:broader; skos:narrower,
fluoxastrobin,,fluoxastrobin,https://lod.nal.usda.gov/nalt/213742,,True,skos:broader; skos:narrower,
flupoxam,,flupoxam,https://lod.nal.usda.gov/nalt/125013,,True,skos:broader; skos:narrower,
flupropacil,,flupropacil,https://lod.nal.usda.gov/nalt/40732,,True,skos:broader; skos:narrower,
flupropanate,,flupropanate,https://lod.nal.usda.gov/nalt/125121,,True,skos:broader; skos:narrower,
fluroxypyr,,fluroxypyr,https://lod.nal.usda.gov/nalt/40735,,True,skos:broader; skos:narrower,
flusilazole,,flusilazole,https://lod.nal.usda.gov/nalt/28446,,True,skos:broader; skos:narrower,
fluvalinate,tau-fluvalinate,fluvalinate (tau-fluvalinate),https://lod.nal.usda.gov/nalt/40738,,True,skos:broader; skos:narrower,
foliar application,,foliar application,https://lod.nal.usda.gov/nalt/11339,,False,skos:broader; skos:narrower,
folpet,,folpet,https://lod.nal.usda.gov/nalt/33175,,True,skos:broader; skos:narrower,
fomesafen,,fomesafen,https://lod.nal.usda.gov/nalt/7664,,True,skos:broader; skos:narrower,
fonofos,,fonofos,https://lod.nal.usda.gov/nalt/40825,,True,skos:broader; skos:narrower,
food storage,food stores (storage); storage of food,"food storage (food stores (storage), storage of food)",https://lod.nal.usda.gov/nalt/40831,,False,skos:related,
forest health,,forest health,https://lod.nal.usda.gov/nalt/41128,,False,skos:related,
forest insects,,forest insects,https://lod.nal.usda.gov/nalt/41149,,False,skos:related,
Formicidae,ants,Formicidae (ants),https://lod.nal.usda.gov/nalt/3111,,False,skos:related,
fosamine,,fosamine,https://lod.nal.usda.gov/nalt/41302,,True,skos:broader; skos:narrower,
fumigation,,fumigation,https://lod.nal.usda.gov/nalt/28787,,False,skos:related,
fungal antagonists,yeast antagonists,fungal antagonists (yeast antagonists),https://lod.nal.usda.gov/nalt/9864,,True,skos:related,
fungal diseases of plants,fungus diseases of plants,fungal diseases of plants (fungus diseases of plants),https://lod.nal.usda.gov/nalt/10053,,False,skos:related,
gibberellins,,gibberellins,https://lod.nal.usda.gov/nalt/42942,,False,skos:related,
glufosinate,glufosinate ammonium; phosphinothricin,"glufosinate (glufosinate ammonium, phosphinothricin)",https://lod.nal.usda.gov/nalt/43205,,True,skos:broader; skos:narrower,
glyphosate,N-(phosphonomethyl)glycine; glyphosphate,"glyphosate (N-(phosphonomethyl)glycine, glyphosphate)",https://lod.nal.usda.gov/nalt/43310,,True,skos:broader; skos:narrower,
glyphosate resistance,glyphosate resistant,glyphosate resistance (glyphosate resistant),https://lod.nal.usda.gov/nalt/265261,,False,skos:related,
glyphosate-trimesium,glyphosatetrimesium; sulfosate; trimethylsulfonium,"glyphosate-trimesium (glyphosatetrimesium, sulfosate, trimethylsulfonium)",https://lod.nal.usda.gov/nalt/68402,,True,skos:broader; skos:narrower,
good agricultural practices,GAP (good agricultural practices); GAPs (good agricultural practices); best agricultural management practices; best agricultural practices; codes of good agricultural practice; good agriculture practices; good farming practices,"good agricultural practices (GAP (good agricultural practices), GAPs (good agricultural practices), best agricultural management practices, best agricultural practices, codes of good agricultural practice, good agriculture practices, good farming practices)",https://lod.nal.usda.gov/nalt/16780,,False,skos:related,
gossyplure,,gossyplure,https://lod.nal.usda.gov/nalt/43547,,False,skos:related,
grandlure,,grandlure,https://lod.nal.usda.gov/nalt/43652,,False,skos:broader; skos:narrower,
griseofulvin,,griseofulvin,https://lod.nal.usda.gov/nalt/2483,,False,skos:broader; skos:narrower,
halogenated hydrocarbons,,halogenated hydrocarbons,https://lod.nal.usda.gov/nalt/25337,,False,skos:broader; skos:narrower,
halosafen,,halosafen,https://lod.nal.usda.gov/nalt/44467,,True,skos:broader; skos:narrower,
halosulfuron,,halosulfuron,https://lod.nal.usda.gov/nalt/44468,,True,skos:broader; skos:narrower,
hand washing,hand sanitising; hand sanitizing; handwashing; washing hands,"hand washing (hand sanitising, hand sanitizing, handwashing, washing hands)",https://lod.nal.usda.gov/nalt/28789,,False,skos:related,
heptachlor,heptachlore,heptachlor (heptachlore),https://lod.nal.usda.gov/nalt/31051,,True,skos:related,
heptenophos,,heptenophos,https://lod.nal.usda.gov/nalt/45156,,True,skos:broader; skos:narrower,
herbicide application,,herbicide application,https://lod.nal.usda.gov/nalt/82573,,True,skos:broader; skos:narrower,
herbicide resistance,herbicide sensitivity; herbicide tolerance; resistance to herbicides,"herbicide resistance (herbicide sensitivity, herbicide tolerance, resistance to herbicides)",https://lod.nal.usda.gov/nalt/45188,,False,skos:related,
herbicide-resistant weeds,herbicide resistant weeds; herbicide tolerant weeds; herbicide-tolerant weeds,"herbicide-resistant weeds (herbicide resistant weeds, herbicide tolerant weeds, herbicide-tolerant weeds)",https://lod.nal.usda.gov/nalt/45191,,False,skos:related,
hexachloroacetone,,hexachloroacetone,https://lod.nal.usda.gov/nalt/125122,,True,skos:broader; skos:narrower,
hexaconazole,,hexaconazole,https://lod.nal.usda.gov/nalt/28447,,True,skos:broader; skos:narrower,
hexaflumuron,,hexaflumuron,https://lod.nal.usda.gov/nalt/16669,,False,skos:broader; skos:narrower,
hexaflurate,,hexaflurate,https://lod.nal.usda.gov/nalt/45201,,True,skos:broader; skos:narrower,
hexazinone,,hexazinone,https://lod.nal.usda.gov/nalt/45488,,True,skos:broader; skos:narrower,
imazalil,,imazalil,https://lod.nal.usda.gov/nalt/28448,,True,skos:broader; skos:narrower,
imazamethabenz,,imazamethabenz,https://lod.nal.usda.gov/nalt/46941,,True,skos:broader; skos:narrower,
imazamethabenz-methyl,,imazamethabenz-methyl,https://lod.nal.usda.gov/nalt/213693,,True,skos:broader; skos:narrower,
imazamox,,imazamox,https://lod.nal.usda.gov/nalt/45202,,True,skos:broader; skos:narrower,
imazapic,,imazapic,https://lod.nal.usda.gov/nalt/46942,,True,skos:broader; skos:narrower,
imazapyr,,imazapyr,https://lod.nal.usda.gov/nalt/46943,,True,skos:broader; skos:narrower,
imazaquin,,imazaquin,https://lod.nal.usda.gov/nalt/46944,,True,skos:broader; skos:narrower,
imazethapyr,,imazethapyr,https://lod.nal.usda.gov/nalt/46945,,True,skos:broader; skos:narrower,
imidacloprid,,imidacloprid,https://lod.nal.usda.gov/nalt/46948,,True,skos:broader; skos:narrower,
imidazoles,,imidazoles,https://lod.nal.usda.gov/nalt/6514,,False,skos:broader; skos:narrower,
imides,,imides,https://lod.nal.usda.gov/nalt/30946,,False,skos:broader; skos:narrower,
infectious diseases and infestations,,infectious diseases and infestations,https://lod.nal.usda.gov/nalt/329,,False,skos:related,
injection,,injection,https://lod.nal.usda.gov/nalt/11340,,False,skos:broader; skos:narrower,
injectors,,injectors,https://lod.nal.usda.gov/nalt/11329,,False,skos:broader; skos:narrower,
inoculation methods,inoculation techniques,inoculation methods (inoculation techniques),https://lod.nal.usda.gov/nalt/11341,,False,skos:broader; skos:narrower,
insect growth,,insect growth,https://lod.nal.usda.gov/nalt/9228,,False,skos:related,
insect hormones,,insect hormones,https://lod.nal.usda.gov/nalt/4225,,False,skos:related,
insect infestations,,insect infestations,https://lod.nal.usda.gov/nalt/284492,,False,skos:broader; skos:narrower,
insect traps,,insect traps,https://lod.nal.usda.gov/nalt/36841,,False,skos:related,
insecticide application,,insecticide application,https://lod.nal.usda.gov/nalt/83516,,True,skos:broader; skos:narrower,
integrated agricultural systems,integrated agriculture systems; integrated crop-livestock systems; integrated farming systems; integrated production systems,"integrated agricultural systems (integrated agriculture systems, integrated crop-livestock systems, integrated farming systems, integrated production systems)",https://lod.nal.usda.gov/nalt/5412,,False,skos:related,
integrated weed management,,integrated weed management,https://lod.nal.usda.gov/nalt/47464,,False,skos:broader; skos:narrower,
interrow tillage,,interrow tillage,https://lod.nal.usda.gov/nalt/47069,,False,skos:related,
intragastric administration,,intragastric administration,https://lod.nal.usda.gov/nalt/4251,,False,skos:broader; skos:narrower,
iodobonil,,iodobonil,https://lod.nal.usda.gov/nalt/125128,,True,skos:broader; skos:narrower,
ioxynil,,ioxynil,https://lod.nal.usda.gov/nalt/45204,,True,skos:broader; skos:narrower,
ipazine,,ipazine,https://lod.nal.usda.gov/nalt/45205,,True,skos:broader; skos:narrower,
iprodione,,iprodione,https://lod.nal.usda.gov/nalt/33176,,True,skos:broader; skos:narrower,
iprovalicarb,,iprovalicarb,https://lod.nal.usda.gov/nalt/190788,,True,skos:broader; skos:narrower,
ipsenol,S-ipsenol,ipsenol (S-ipsenol),https://lod.nal.usda.gov/nalt/302572,,False,skos:related,
isazofos,,isazofos,https://lod.nal.usda.gov/nalt/47797,,True,skos:broader; skos:narrower,
isocarbamid,,isocarbamid,https://lod.nal.usda.gov/nalt/45206,,True,skos:broader; skos:narrower,
isocil,,isocil,https://lod.nal.usda.gov/nalt/45207,,True,skos:broader; skos:narrower,
isofenphos,,isofenphos,https://lod.nal.usda.gov/nalt/47866,,True,skos:broader; skos:narrower,
isomethiozin,,isomethiozin,https://lod.nal.usda.gov/nalt/45208,,True,skos:broader; skos:narrower,
isopropalin,,isopropalin,https://lod.nal.usda.gov/nalt/45209,,True,skos:broader; skos:narrower,
Isoptera,isopterans; termites,"Isoptera (isopterans, termites)",https://lod.nal.usda.gov/nalt/45666,,False,skos:related,
isothiocyanates,,isothiocyanates,https://lod.nal.usda.gov/nalt/6757,,False,skos:broader; skos:narrower,
isouron,,isouron,https://lod.nal.usda.gov/nalt/47908,,True,skos:broader; skos:narrower,
isoxaben,,isoxaben,https://lod.nal.usda.gov/nalt/7665,,True,skos:broader; skos:narrower,
isoxachlortole,,isoxachlortole,https://lod.nal.usda.gov/nalt/125105,,True,skos:broader; skos:narrower,
isoxadifen ethyl,,isoxadifen ethyl,https://lod.nal.usda.gov/nalt/213743,,False,skos:broader; skos:narrower,
isoxaflutole,,isoxaflutole,https://lod.nal.usda.gov/nalt/45210,,True,skos:broader; skos:narrower,
itraconazole,,itraconazole,https://lod.nal.usda.gov/nalt/10320,,False,skos:broader; skos:narrower,
juvenile hormone analogs,JHA (juvenile hormone analog); juvenile hormone analogues; juvenoids,"juvenile hormone analogs (JHA (juvenile hormone analog), juvenile hormone analogues, juvenoids)",https://lod.nal.usda.gov/nalt/39831,,False,skos:broader; skos:narrower,
juvenile hormone antagonists,anti-juvenile hormone,juvenile hormone antagonists (anti-juvenile hormone),https://lod.nal.usda.gov/nalt/44428,,False,skos:broader; skos:narrower,
karbutilate,,karbutilate,https://lod.nal.usda.gov/nalt/45211,,True,skos:broader; skos:narrower,
keto acids,oxo acids; oxoacids,"keto acids (oxo acids, oxoacids)",https://lod.nal.usda.gov/nalt/2369,,False,skos:broader; skos:narrower,
ketoconazole,,ketoconazole,https://lod.nal.usda.gov/nalt/10321,,False,skos:broader; skos:narrower,
lambda-cyhalothrin,,lambda-cyhalothrin,https://lod.nal.usda.gov/nalt/49027,,True,skos:broader; skos:narrower,
land application,application to land,land application (application to land),https://lod.nal.usda.gov/nalt/11342,,False,skos:broader; skos:narrower,
leaves,foliage,leaves (foliage),https://lod.nal.usda.gov/nalt/28537,,False,skos:related,
lenacil,,lenacil,https://lod.nal.usda.gov/nalt/45213,,True,skos:broader; skos:narrower,
leptophos,,leptophos,https://lod.nal.usda.gov/nalt/49766,,True,skos:broader; skos:narrower,
lethal dose,fatal dose; lethal dosage,"lethal dose (fatal dose, lethal dosage)",https://lod.nal.usda.gov/nalt/34021,,False,skos:related,
lice,,lice,https://lod.nal.usda.gov/nalt/12544,,False,skos:related,
lufenuron,,lufenuron,https://lod.nal.usda.gov/nalt/25217,,False,skos:broader; skos:narrower,
luliconazole,NND 502; NND-502; NND502,"luliconazole (NND 502, NND-502, NND502)",https://lod.nal.usda.gov/nalt/235797,,False,skos:related,
macrolide antibiotics,,macrolide antibiotics,https://lod.nal.usda.gov/nalt/8120,,False,skos:broader; skos:narrower,
macrolides,,macrolides,https://lod.nal.usda.gov/nalt/8121,,False,skos:broader; skos:narrower,
malaoxon,malathion oxygen analog,malaoxon (malathion oxygen analog),https://lod.nal.usda.gov/nalt/213670,,True,skos:broader; skos:narrower,
malathion,,malathion,https://lod.nal.usda.gov/nalt/51269,,True,skos:broader; skos:narrower,
maleic hydrazide,"1,2,3,6-tetrahydro-3,6-dioxopyridazine; 1,2-dihydro-3,6-pyradizinedione; 1,2-dihydropyridazine-3,6-dione; 6-hydroxy-3(2H)-pyridazinone; MH (herbicide); maleic acid hydrazide","maleic hydrazide (1,2,3,6-tetrahydro-3,6-dioxopyridazine, 1,2-dihydro-3,6-pyradizinedione, 1,2-dihydropyridazine-3,6-dione, 6-hydroxy-3(2H)-pyridazinone, MH (herbicide), maleic acid hydrazide)",https://lod.nal.usda.gov/nalt/45214,,True,skos:broader; skos:narrower,
mammal repellents,,mammal repellents,https://lod.nal.usda.gov/nalt/302643,,False,skos:broader; skos:narrower,
mandipropamid,,mandipropamid,https://lod.nal.usda.gov/nalt/290755,,True,skos:broader; skos:narrower,
manual weed control,handweeding,manual weed control (handweeding),https://lod.nal.usda.gov/nalt/44545,,False,skos:broader; skos:narrower,
material forms,,material forms,https://lod.nal.usda.gov/nalt/578,,False,skos:broader; skos:narrower,
mating disruptors,,mating disruptors,https://lod.nal.usda.gov/nalt/306977,,False,skos:related,
mechanical weed control,machine weeding; mechanical weeding; mechnical weed management,"mechanical weed control (machine weeding, mechanical weeding, mechnical weed management)",https://lod.nal.usda.gov/nalt/51009,,False,skos:broader; skos:narrower,
medinoterb,,medinoterb,https://lod.nal.usda.gov/nalt/125113,,True,skos:broader; skos:narrower,
medium chain fatty acids,,medium chain fatty acids,https://lod.nal.usda.gov/nalt/31882,,False,skos:broader; skos:narrower,
mercuric chloride,mercuric perchloride; mercury (II) chloride; mercury bichloride; mercury chloride; mercury dichloride; mercury perchloride,"mercuric chloride (mercuric perchloride, mercury (II) chloride, mercury bichloride, mercury chloride, mercury dichloride, mercury perchloride)",https://lod.nal.usda.gov/nalt/25328,,True,skos:broader; skos:narrower,
mercury compounds,mercuric compounds,mercury compounds (mercuric compounds),https://lod.nal.usda.gov/nalt/268,,False,skos:broader; skos:narrower,
mesotrione,,mesotrione,https://lod.nal.usda.gov/nalt/45217,,True,skos:broader; skos:narrower,
metabolic inhibitors,,metabolic inhibitors,https://lod.nal.usda.gov/nalt/25215,,False,skos:broader; skos:narrower,
metalyxyl-M,"methyl N-(2,6-dimethylphenyl)-N-(methoxyacetyl)-D-alaninate; methyl N-(methoxyacetyl)-N-2,6-xylyl-D-alaninate","metalyxyl-M (methyl N-(2,6-dimethylphenyl)-N-(methoxyacetyl)-D-alaninate, methyl N-(methoxyacetyl)-N-2,6-xylyl-D-alaninate)",https://lod.nal.usda.gov/nalt/288836,,True,skos:broader; skos:narrower,
metamitron,,metamitron,https://lod.nal.usda.gov/nalt/52248,,True,skos:broader; skos:narrower,
metazachlor,,metazachlor,https://lod.nal.usda.gov/nalt/25356,,True,skos:broader; skos:narrower,
methabenzthiazuron,,methabenzthiazuron,https://lod.nal.usda.gov/nalt/52301,,True,skos:broader; skos:narrower,
methalpropalin,,methalpropalin,https://lod.nal.usda.gov/nalt/45218,,True,skos:broader; skos:narrower,
methamidophos,,methamidophos,https://lod.nal.usda.gov/nalt/52302,,True,skos:broader; skos:narrower,
methazole,,methazole,https://lod.nal.usda.gov/nalt/45221,,True,skos:broader; skos:narrower,
methoprotryn,,methoprotryn,https://lod.nal.usda.gov/nalt/45223,,True,skos:broader; skos:narrower,
methoxyacrylate strobilurin fungicides,,methoxyacrylate strobilurin fungicides,https://lod.nal.usda.gov/nalt/331491,,True,skos:broader; skos:narrower,
methoxychlor,,methoxychlor,https://lod.nal.usda.gov/nalt/52341,,True,skos:broader; skos:narrower,
methyl chloride,chloromethane,methyl chloride (chloromethane),https://lod.nal.usda.gov/nalt/185774,,False,skos:broader; skos:narrower,
methyl iodide,iodomethane,methyl iodide (iodomethane),https://lod.nal.usda.gov/nalt/125123,,True,skos:broader; skos:narrower,
methylarsonic acid,MAA (methylarsonic acid),methylarsonic acid (MAA (methylarsonic acid)),https://lod.nal.usda.gov/nalt/45224,,True,skos:broader; skos:narrower,
methylcarbamates,methyl carbamates,methylcarbamates (methyl carbamates),https://lod.nal.usda.gov/nalt/22185,,False,skos:broader; skos:narrower,
methylene chloride,dichloro methane; dichloro-methane; dichloromethane; methylene dichloride,"methylene chloride (dichloro methane, dichloro-methane, dichloromethane, methylene dichloride)",https://lod.nal.usda.gov/nalt/25341,,False,skos:broader; skos:narrower,
metolachlor ethanesulfonic acid,ESA-metolachlor; MESA (metolachlor ethane sulfonic acid); metolachlor ethane sulfonic acid; metolachlor sulfonic acid; metolachlor-ESA,"metolachlor ethanesulfonic acid (ESA-metolachlor, MESA (metolachlor ethane sulfonic acid), metolachlor ethane sulfonic acid, metolachlor sulfonic acid, metolachlor-ESA)",https://lod.nal.usda.gov/nalt/324679,,True,skos:related,
metolachlor oxanilic acid,MOXA (metolachlor oxanilic acid); OXA-metolachlor,"metolachlor oxanilic acid (MOXA (metolachlor oxanilic acid), OXA-metolachlor)",https://lod.nal.usda.gov/nalt/324677,,True,skos:related,
metosulam,,metosulam,https://lod.nal.usda.gov/nalt/45225,,True,skos:broader; skos:narrower,
metribuzin,,metribuzin,https://lod.nal.usda.gov/nalt/52485,,True,skos:broader; skos:narrower,
mevinphos,,mevinphos,https://lod.nal.usda.gov/nalt/52507,,True,skos:broader; skos:narrower,
MGK-264,N-Octyl bicycloheptene dicarboximide,MGK-264 (N-Octyl bicycloheptene dicarboximide),https://lod.nal.usda.gov/nalt/213673,,True,skos:broader; skos:narrower,
micafungin,,micafungin,https://lod.nal.usda.gov/nalt/238081,,False,skos:related,
microazole,,microazole,https://lod.nal.usda.gov/nalt/10322,,False,skos:broader; skos:narrower,
microbial toxins,,microbial toxins,https://lod.nal.usda.gov/nalt/323561,,False,skos:related,
mist application,,mist application,https://lod.nal.usda.gov/nalt/304808,,False,skos:broader; skos:narrower,
mites,,mites,https://lod.nal.usda.gov/nalt/2069,,False,skos:related,
monensin,rumensin,monensin (rumensin),https://lod.nal.usda.gov/nalt/10323,,False,skos:broader; skos:narrower,
monitoring,monitors (measurement); surveillance,"monitoring (monitors (measurement), surveillance)",https://lod.nal.usda.gov/nalt/34055,,False,skos:broader; skos:narrower,
monoammonium methylarsonate,MAMA (herbicide); MAMA (monoammonium methylarsonate); ammonium hydrogen methylarsonate,"monoammonium methylarsonate (MAMA (herbicide), MAMA (monoammonium methylarsonate), ammonium hydrogen methylarsonate)",https://lod.nal.usda.gov/nalt/7969,,True,skos:broader; skos:narrower,
monocarboxylic acids,,monocarboxylic acids,https://lod.nal.usda.gov/nalt/1456,,False,skos:broader; skos:narrower,
monochloroacetic acid,,monochloroacetic acid,https://lod.nal.usda.gov/nalt/125124,,True,skos:broader; skos:narrower,
monocrotophos,,monocrotophos,https://lod.nal.usda.gov/nalt/53365,,True,skos:broader; skos:narrower,
monoisouron,,monoisouron,https://lod.nal.usda.gov/nalt/125135,,True,skos:broader; skos:narrower,
moxidectin,milbemycin B,moxidectin (milbemycin B),https://lod.nal.usda.gov/nalt/9928,,True,skos:broader; skos:narrower,
MSMA (herbicide),monosodium methane arsonate; monosodium methanearsonate; monosodium methylarsonate,"MSMA (herbicide) (monosodium methane arsonate, monosodium methanearsonate, monosodium methylarsonate)",https://lod.nal.usda.gov/nalt/12377,,True,skos:broader; skos:narrower,
muscalure,(Z)-9-tricosene,muscalure ((Z)-9-tricosene),https://lod.nal.usda.gov/nalt/105816,,False,skos:broader; skos:narrower,
myclobutanil,,myclobutanil,https://lod.nal.usda.gov/nalt/28449,,True,skos:broader; skos:narrower,
mycobacillin,,mycobacillin,https://lod.nal.usda.gov/nalt/148787,,False,skos:related,
mycoinsecticides,fungal insecticides,mycoinsecticides (fungal insecticides),https://lod.nal.usda.gov/nalt/41801,,True,skos:broader; skos:narrower,
naled,,naled,https://lod.nal.usda.gov/nalt/54302,,True,skos:broader; skos:narrower,
napropamide,,napropamide,https://lod.nal.usda.gov/nalt/7666,,True,skos:broader; skos:narrower,
naptalam,,naptalam,https://lod.nal.usda.gov/nalt/7667,,True,skos:broader; skos:narrower,
natamycin,,natamycin,https://lod.nal.usda.gov/nalt/10324,,False,skos:broader; skos:narrower,
Nematoda,Secernentea; nematodes; roundworms,"Nematoda (Secernentea, nematodes, roundworms)",https://lod.nal.usda.gov/nalt/58,,False,skos:related,
nematology,,nematology,https://lod.nal.usda.gov/nalt/1149,,False,skos:related,
nets (equipment),,nets (equipment),https://lod.nal.usda.gov/nalt/8629,,False,skos:broader; skos:narrower,
nikkomycins,,nikkomycins,https://lod.nal.usda.gov/nalt/7871,,False,skos:broader; skos:narrower,
nitenpyram,,nitenpyram,https://lod.nal.usda.gov/nalt/33044,,True,skos:broader; skos:narrower,
nithiazine,,nithiazine,https://lod.nal.usda.gov/nalt/132375,,True,skos:broader; skos:narrower,
nitralin,,nitralin,https://lod.nal.usda.gov/nalt/45230,,True,skos:broader; skos:narrower,
nitriles,,nitriles,https://lod.nal.usda.gov/nalt/8217,,False,skos:related,
nitrophenyl ether herbicides,,nitrophenyl ether herbicides,https://lod.nal.usda.gov/nalt/125115,,True,skos:broader; skos:narrower,
norea,,norea,https://lod.nal.usda.gov/nalt/45234,,True,skos:broader; skos:narrower,
norflurazon,,norflurazon,https://lod.nal.usda.gov/nalt/55221,,True,skos:broader; skos:narrower,
novaluron,,novaluron,https://lod.nal.usda.gov/nalt/123158,,False,skos:broader; skos:narrower,
noxious weeds,,noxious weeds,https://lod.nal.usda.gov/nalt/4544,,False,skos:related,
nozzles,spray jets; spray nozzles,"nozzles (spray jets, spray nozzles)",https://lod.nal.usda.gov/nalt/39456,,False,skos:broader; skos:narrower,
nuarimol,,nuarimol,https://lod.nal.usda.gov/nalt/55357,,True,skos:broader; skos:narrower,
nucleosides,,nucleosides,https://lod.nal.usda.gov/nalt/17907,,False,skos:broader; skos:narrower,
nursery pests,,nursery pests,https://lod.nal.usda.gov/nalt/314221,,False,skos:broader; skos:narrower,
nystatin,,nystatin,https://lod.nal.usda.gov/nalt/10325,,False,skos:broader; skos:narrower,
odd chain fatty acids,,odd chain fatty acids,https://lod.nal.usda.gov/nalt/39616,,False,skos:broader; skos:narrower,
oils,,oils,https://lod.nal.usda.gov/nalt/9163,,False,skos:broader; skos:narrower,
oligomycin,,oligomycin,https://lod.nal.usda.gov/nalt/10326,,False,skos:broader; skos:narrower,
One Health initiative,One Health approach; One Health collaboration; One Health concept; One Health movement; One Health paradigm; One Health perspective; One Health strategy,"One Health initiative (One Health approach, One Health collaboration, One Health concept, One Health movement, One Health paradigm, One Health perspective, One Health strategy)",https://lod.nal.usda.gov/nalt/288121,,False,skos:related,
organofluorine compounds,fluoro-organic compounds; organic fluorine compounds,"organofluorine compounds (fluoro-organic compounds, organic fluorine compounds)",https://lod.nal.usda.gov/nalt/25417,,False,skos:broader; skos:narrower,
organothiophosphate insecticides,,organothiophosphate insecticides,https://lod.nal.usda.gov/nalt/14299,,True,skos:broader; skos:narrower,
organothiophosphorus compounds,,organothiophosphorus compounds,https://lod.nal.usda.gov/nalt/19969,,False,skos:broader; skos:narrower,
oryzalin,,oryzalin,https://lod.nal.usda.gov/nalt/45235,,True,skos:broader; skos:narrower,
oxadiargyl,,oxadiargyl,https://lod.nal.usda.gov/nalt/45236,,True,skos:broader; skos:narrower,
oxadiazoles,,oxadiazoles,https://lod.nal.usda.gov/nalt/311548,,False,skos:broader; skos:narrower,
oxadiazon,,oxadiazon,https://lod.nal.usda.gov/nalt/45237,,True,skos:broader; skos:narrower,
oximes,,oximes,https://lod.nal.usda.gov/nalt/31059,,False,skos:broader; skos:narrower,
paraoxon,,paraoxon,https://lod.nal.usda.gov/nalt/56129,,True,skos:broader; skos:narrower,
paraquat,methyl viologen,paraquat (methyl viologen),https://lod.nal.usda.gov/nalt/45239,,True,skos:broader; skos:narrower,
parasites,,parasites,https://lod.nal.usda.gov/nalt/9356,,False,skos:related,
parasitoses,ectoparasitoses; parasitic diseases; parasitic infections; parasitic infestations,"parasitoses (ectoparasitoses, parasitic diseases, parasitic infections, parasitic infestations)",https://lod.nal.usda.gov/nalt/10499,,False,skos:related,
parathion,,parathion,https://lod.nal.usda.gov/nalt/56120,,True,skos:broader; skos:narrower,
parathion ethyl,,parathion ethyl,https://lod.nal.usda.gov/nalt/213674,,True,skos:broader; skos:narrower,
paratransgenesis,,paratransgenesis,https://lod.nal.usda.gov/nalt/277578,,False,skos:related,
pathogen survival,microbial survival,pathogen survival (microbial survival),https://lod.nal.usda.gov/nalt/34023,,False,skos:related,
pebulate,PEBC (herbicide); S-propyl butylethylcarbamothioate; S-propyl butylethylthiocarbamate,"pebulate (PEBC (herbicide), S-propyl butylethylcarbamothioate, S-propyl butylethylthiocarbamate)",https://lod.nal.usda.gov/nalt/45240,,True,skos:broader; skos:narrower,
pediculosis,,pediculosis,https://lod.nal.usda.gov/nalt/50005,,False,skos:broader; skos:narrower,
Pediculus humanus,Pediculus corporis; Pediculus humanus corporis; Pediculus humanus humanus; body lice; body louse; human body lice; human body louse,"Pediculus humanus (Pediculus corporis, Pediculus humanus corporis, Pediculus humanus humanus, body lice, body louse, human body lice, human body louse)",https://lod.nal.usda.gov/nalt/18352,,False,skos:related,
penconazole,,penconazole,https://lod.nal.usda.gov/nalt/28450,,True,skos:broader; skos:narrower,
pencycuron,,pencycuron,https://lod.nal.usda.gov/nalt/41860,,True,skos:broader; skos:narrower,
pendimethalin,,pendimethalin,https://lod.nal.usda.gov/nalt/45242,,True,skos:broader; skos:narrower,
perennial weeds,,perennial weeds,https://lod.nal.usda.gov/nalt/57433,,False,skos:related,
permethrin,,permethrin,https://lod.nal.usda.gov/nalt/57493,,True,skos:broader; skos:narrower,
perthane,ethylan,perthane (ethylan),https://lod.nal.usda.gov/nalt/213705,,True,skos:broader; skos:narrower,
pesticidal plants,insecticidal plants; nematicidal plants; pesticide crops,"pesticidal plants (insecticidal plants, nematicidal plants, pesticide crops)",https://lod.nal.usda.gov/nalt/18788,,False,skos:related,
pesticidal properties,bioherbicidal potential; pesticidal action; pesticidal activity; pesticidal effects; pesticide action; pesticide activity; pesticide properties,"pesticidal properties (bioherbicidal potential, pesticidal action, pesticidal activity, pesticidal effects, pesticide action, pesticide activity, pesticide properties)",https://lod.nal.usda.gov/nalt/2071,,False,skos:broader; skos:narrower,
pesticide residues,,pesticide residues,https://lod.nal.usda.gov/nalt/2076,,False,skos:broader; skos:narrower,
pesticide resistance,knockdown resistance; nematicide resistance; pesticide tolerance,"pesticide resistance (knockdown resistance, nematicide resistance, pesticide tolerance)",https://lod.nal.usda.gov/nalt/133,,False,skos:broader; skos:narrower,
pesticide use reduction,pesticide reduction; pesticide usage reduction,"pesticide use reduction (pesticide reduction, pesticide usage reduction)",https://lod.nal.usda.gov/nalt/7142,,False,skos:related,
phagostimulants,feeding stimulants,phagostimulants (feeding stimulants),https://lod.nal.usda.gov/nalt/243,,False,skos:related,
phenisopham,,phenisopham,https://lod.nal.usda.gov/nalt/45244,,True,skos:broader; skos:narrower,
phenmedipham,,phenmedipham,https://lod.nal.usda.gov/nalt/22172,,True,skos:broader; skos:narrower,
phenothrin,,phenothrin,https://lod.nal.usda.gov/nalt/57749,,True,skos:broader; skos:narrower,
phenoxyacetic herbicides,,phenoxyacetic herbicides,https://lod.nal.usda.gov/nalt/125141,,True,skos:broader; skos:narrower,
phenoxybutyric herbicides,,phenoxybutyric herbicides,https://lod.nal.usda.gov/nalt/125142,,True,skos:broader; skos:narrower,
phenoxypropionic herbicides,,phenoxypropionic herbicides,https://lod.nal.usda.gov/nalt/125143,,True,skos:broader; skos:narrower,
phenylmercury nitrate,,phenylmercury nitrate,https://lod.nal.usda.gov/nalt/10327,,True,skos:broader; skos:narrower,
phenylurea herbicides,,phenylurea herbicides,https://lod.nal.usda.gov/nalt/57759,,True,skos:broader; skos:narrower,
phorate,,phorate,https://lod.nal.usda.gov/nalt/56131,,True,skos:broader; skos:narrower,
phorate oxygen analog,Phorate oxon,phorate oxygen analog (Phorate oxon),https://lod.nal.usda.gov/nalt/213701,,True,skos:broader; skos:narrower,
phorate sulfone,,phorate sulfone,https://lod.nal.usda.gov/nalt/213668,,True,skos:broader; skos:narrower,
phosalone,,phosalone,https://lod.nal.usda.gov/nalt/56121,,True,skos:broader; skos:narrower,
phosmet,,phosmet,https://lod.nal.usda.gov/nalt/56122,,True,skos:broader; skos:narrower,
phosphamidon,,phosphamidon,https://lod.nal.usda.gov/nalt/56130,,True,skos:broader; skos:narrower,
physical control,,physical control,https://lod.nal.usda.gov/nalt/68703,,False,skos:broader; skos:narrower,
physostigmine,,physostigmine,https://lod.nal.usda.gov/nalt/22186,,False,skos:broader; skos:narrower,
phytophagous mites,plant feeding mites; plant mites; plant-feeding mites,"phytophagous mites (plant feeding mites, plant mites, plant-feeding mites)",https://lod.nal.usda.gov/nalt/106009,,False,skos:related,
phytotoxicity,,phytotoxicity,https://lod.nal.usda.gov/nalt/58189,,False,skos:related,
picloram,"4-amino-3,5,6-trichloro-2-pyridinecarboxylic acid; 4-amino-3,5,6-trichloropicolinic acid; 4-amino-3,5,6-trichloropyridine-2-carboxylic acid","picloram (4-amino-3,5,6-trichloro-2-pyridinecarboxylic acid, 4-amino-3,5,6-trichloropicolinic acid, 4-amino-3,5,6-trichloropyridine-2-carboxylic acid)",https://lod.nal.usda.gov/nalt/12292,,True,skos:broader; skos:narrower,
piperophos,,piperophos,https://lod.nal.usda.gov/nalt/45245,,True,skos:broader; skos:narrower,
plant and animal inspection,,plant and animal inspection,https://lod.nal.usda.gov/nalt/9238,,False,skos:broader; skos:narrower,
plant disease control,,plant disease control,https://lod.nal.usda.gov/nalt/142470,,False,skos:broader; skos:narrower,
plant parasitic nematodes,parasitic nematodes (plants); phytonematodes; phytoparasitic nematodes; phytopathogenic nematodes; plant nematodes,"plant parasitic nematodes (parasitic nematodes (plants), phytonematodes, phytoparasitic nematodes, phytopathogenic nematodes, plant nematodes)",https://lod.nal.usda.gov/nalt/8933,,False,skos:related,
plant pathogenic fungi,fungal phytopathogens; phytopathogenic fungi,"plant pathogenic fungi (fungal phytopathogens, phytopathogenic fungi)",https://lod.nal.usda.gov/nalt/31899,,False,skos:related,
plant pathogens,pathogens of plants; phytopathogens,"plant pathogens (pathogens of plants, phytopathogens)",https://lod.nal.usda.gov/nalt/57067,,False,skos:related,
poisonous weeds,,poisonous weeds,https://lod.nal.usda.gov/nalt/304862,,False,skos:related,
polychlorinated biphenyls,PCBs (polychlorinated biphenyls),polychlorinated biphenyls (PCBs (polychlorinated biphenyls)),https://lod.nal.usda.gov/nalt/25342,,False,skos:broader; skos:narrower,
portable sprayers,,portable sprayers,https://lod.nal.usda.gov/nalt/48521,,False,skos:broader; skos:narrower,
postemergent weed control,post-emergence weed control; post-emergent weed control; postemergence weed control,"postemergent weed control (post-emergence weed control, post-emergent weed control, postemergence weed control)",https://lod.nal.usda.gov/nalt/59363,,False,skos:broader; skos:narrower,
potassium benzoate,,potassium benzoate,https://lod.nal.usda.gov/nalt/311749,,False,skos:broader; skos:narrower,
potassium cyanate,KOCN (herbicide),potassium cyanate (KOCN (herbicide)),https://lod.nal.usda.gov/nalt/30949,,True,skos:broader; skos:narrower,
prallethrin,,prallethrin,https://lod.nal.usda.gov/nalt/213729,,True,skos:broader; skos:narrower,
preemergent weed control,,preemergent weed control,https://lod.nal.usda.gov/nalt/59557,,False,skos:broader; skos:narrower,
preharvest treatment,preharvest application; preharvest sprays,"preharvest treatment (preharvest application, preharvest sprays)",https://lod.nal.usda.gov/nalt/11359,,False,skos:related,
prochloraz,,prochloraz,https://lod.nal.usda.gov/nalt/28451,,True,skos:broader; skos:narrower,
procyazine,,procyazine,https://lod.nal.usda.gov/nalt/45246,,True,skos:broader; skos:narrower,
procymidone,,procymidone,https://lod.nal.usda.gov/nalt/33177,,True,skos:broader; skos:narrower,
prodiamine,,prodiamine,https://lod.nal.usda.gov/nalt/45247,,True,skos:broader; skos:narrower,
profluralin,,profluralin,https://lod.nal.usda.gov/nalt/45248,,True,skos:broader; skos:narrower,
profoxydim,,profoxydim,https://lod.nal.usda.gov/nalt/31060,,True,skos:broader; skos:narrower,
proglinazine,,proglinazine,https://lod.nal.usda.gov/nalt/45249,,True,skos:broader; skos:narrower,
prometon,,prometon,https://lod.nal.usda.gov/nalt/59784,,True,skos:broader; skos:narrower,
prometryn,prometryne,prometryn (prometryne),https://lod.nal.usda.gov/nalt/59785,,True,skos:broader; skos:narrower,
pronamide,,pronamide,https://lod.nal.usda.gov/nalt/45250,,True,skos:broader; skos:narrower,
propamocarb,,propamocarb,https://lod.nal.usda.gov/nalt/41864,,True,skos:broader; skos:narrower,
propazine,,propazine,https://lod.nal.usda.gov/nalt/59798,,True,skos:broader; skos:narrower,
propetamphos,,propetamphos,https://lod.nal.usda.gov/nalt/56123,,True,skos:broader; skos:narrower,
propham,,propham,https://lod.nal.usda.gov/nalt/22174,,True,skos:broader; skos:narrower,
propiconazole,,propiconazole,https://lod.nal.usda.gov/nalt/28452,,True,skos:broader; skos:narrower,
propionic acid,propanoic acid,propionic acid (propanoic acid),https://lod.nal.usda.gov/nalt/10329,,False,skos:related,
propoxycarbazone,,propoxycarbazone,https://lod.nal.usda.gov/nalt/59855,,True,skos:broader; skos:narrower,
propyzamide,,propyzamide,https://lod.nal.usda.gov/nalt/7668,,True,skos:broader; skos:narrower,
protective effect,,protective effect,https://lod.nal.usda.gov/nalt/17234,,False,skos:related,
proteins,,proteins,https://lod.nal.usda.gov/nalt/876,,False,skos:broader; skos:narrower,
proxan,IPX (herbicide); O-isopropyl hydrogen dithiocarbonate,"proxan (IPX (herbicide), O-isopropyl hydrogen dithiocarbonate)",https://lod.nal.usda.gov/nalt/45253,,True,skos:broader; skos:narrower,
proxan-sodium,,proxan-sodium,https://lod.nal.usda.gov/nalt/45254,,True,skos:broader; skos:narrower,
pyraclonil,,pyraclonil,https://lod.nal.usda.gov/nalt/125129,,True,skos:broader; skos:narrower,
pyraclostrobin,,pyraclostrobin,https://lod.nal.usda.gov/nalt/41865,,True,skos:broader; skos:narrower,
pyraflufen ethyl,,pyraflufen ethyl,https://lod.nal.usda.gov/nalt/213740,,True,skos:broader; skos:narrower,
pyrazoles,,pyrazoles,https://lod.nal.usda.gov/nalt/10523,,False,skos:related,
pyrethrins,pyrethroids,pyrethrins (pyrethroids),https://lod.nal.usda.gov/nalt/53410,,False,skos:related,
pyriclor,,pyriclor,https://lod.nal.usda.gov/nalt/45257,,True,skos:broader; skos:narrower,
pyridate,,pyridate,https://lod.nal.usda.gov/nalt/45258,,True,skos:broader; skos:narrower,
pyridazines,,pyridazines,https://lod.nal.usda.gov/nalt/45390,,False,skos:broader; skos:narrower,
pyridines,,pyridines,https://lod.nal.usda.gov/nalt/1477,,False,skos:broader; skos:narrower,
pyrimidines,,pyrimidines,https://lod.nal.usda.gov/nalt/6719,,False,skos:broader; skos:narrower,
pyriproxyfen,,pyriproxyfen,https://lod.nal.usda.gov/nalt/60627,,True,skos:broader; skos:narrower,
pyrithiobac,,pyrithiobac,https://lod.nal.usda.gov/nalt/12293,,True,skos:broader; skos:narrower,
pyroxasulfone,,pyroxasulfone,https://lod.nal.usda.gov/nalt/125136,,True,skos:broader; skos:narrower,
pyroxsulam,,pyroxsulam,https://lod.nal.usda.gov/nalt/342872,,True,skos:broader; skos:narrower,
quarantine,,quarantine,https://lod.nal.usda.gov/nalt/28788,,False,skos:broader; skos:narrower,
quinclorac,,quinclorac,https://lod.nal.usda.gov/nalt/12294,,True,skos:broader; skos:narrower,
quinmerac,,quinmerac,https://lod.nal.usda.gov/nalt/12295,,True,skos:broader; skos:narrower,
quinonamid,,quinonamid,https://lod.nal.usda.gov/nalt/45260,,True,skos:broader; skos:narrower,
rapamycin,AY 22-989; rapamune; sirolimus,"rapamycin (AY 22-989, rapamune, sirolimus)",https://lod.nal.usda.gov/nalt/291300,,False,skos:related,
resmethrin,,resmethrin,https://lod.nal.usda.gov/nalt/60628,,True,skos:broader; skos:narrower,
"s,s,s-tributyl phosphorotrithioate",DEF (Tribufos); DEF (defoliant); tribufos; tribuphos,"s,s,s-tributyl phosphorotrithioate (DEF (Tribufos), DEF (defoliant), tribufos, tribuphos)",https://lod.nal.usda.gov/nalt/31961,,False,skos:related,
Saccharopolyspora spinosa,,Saccharopolyspora spinosa,https://lod.nal.usda.gov/nalt/61899,,False,skos:related,
saflufenacil,,saflufenacil,https://lod.nal.usda.gov/nalt/302068,,True,skos:broader; skos:narrower,
sanitation,,sanitation,https://lod.nal.usda.gov/nalt/28733,,False,skos:broader; skos:narrower,
sanitation felling,,sanitation felling,https://lod.nal.usda.gov/nalt/306615,,False,skos:related,
saturated fatty acids,SFA (saturated fatty acids),saturated fatty acids (SFA (saturated fatty acids)),https://lod.nal.usda.gov/nalt/17398,,False,skos:broader; skos:narrower,
scrub control,,scrub control,https://lod.nal.usda.gov/nalt/306639,,False,skos:broader; skos:narrower,
secbumeton,,secbumeton,https://lod.nal.usda.gov/nalt/45262,,True,skos:broader; skos:narrower,
seed destructors,,seed destructors,https://lod.nal.usda.gov/nalt/322531,,False,skos:related,
seed harvesters,,seed harvesters,https://lod.nal.usda.gov/nalt/322532,,False,skos:related,
seed pests,,seed pests,https://lod.nal.usda.gov/nalt/306694,,False,skos:broader; skos:narrower,
semicarbazones,,semicarbazones,https://lod.nal.usda.gov/nalt/56098,,False,skos:related,
sesone,,sesone,https://lod.nal.usda.gov/nalt/45263,,True,skos:broader; skos:narrower,
sethoxydim,,sethoxydim,https://lod.nal.usda.gov/nalt/45264,,True,skos:broader; skos:narrower,
simazine,,simazine,https://lod.nal.usda.gov/nalt/63117,,True,skos:broader; skos:narrower,
simeton,,simeton,https://lod.nal.usda.gov/nalt/45266,,True,skos:broader; skos:narrower,
simetryn,simetryne,simetryn (simetryne),https://lod.nal.usda.gov/nalt/63118,,True,skos:broader; skos:narrower,
Siphonaptera,Aphaniptera; fleas; siphonapterans,"Siphonaptera (Aphaniptera, fleas, siphonapterans)",https://lod.nal.usda.gov/nalt/10664,,False,skos:related,
smoke,wood smoke,smoke (wood smoke),https://lod.nal.usda.gov/nalt/5849,,False,skos:related,
soaps,body soaps; hand soaps,"soaps (body soaps, hand soaps)",https://lod.nal.usda.gov/nalt/251,,False,skos:related,
sodium azide,,sodium azide,https://lod.nal.usda.gov/nalt/14306,,True,skos:broader; skos:narrower,
sodium chlorate,,sodium chlorate,https://lod.nal.usda.gov/nalt/25295,,True,skos:broader; skos:narrower,
sodium dichloroisocyanurate,dichloroisocyanuric acid; troclosene sodium,"sodium dichloroisocyanurate (dichloroisocyanuric acid, troclosene sodium)",https://lod.nal.usda.gov/nalt/229902,,False,skos:related,
sodium monochloroacetate,"SMA (herbicide); SMCA (herbicide); chloroacetic acid, sodium salt; monochloroacetic acid, sodium salt; sodium chloroacetate","sodium monochloroacetate (SMA (herbicide), SMCA (herbicide), chloroacetic acid, sodium salt, monochloroacetic acid, sodium salt, sodium chloroacetate)",https://lod.nal.usda.gov/nalt/124397,,True,skos:broader; skos:narrower,
soil fumigants,soil sterilants,soil fumigants (soil sterilants),https://lod.nal.usda.gov/nalt/302887,,False,skos:broader; skos:narrower,
soil fumigation,,soil fumigation,https://lod.nal.usda.gov/nalt/41750,,False,skos:related,
spinosyn A,spinosyn-A,spinosyn A (spinosyn-A),https://lod.nal.usda.gov/nalt/332152,,False,skos:related,
spinosyn D,spinosyn-D,spinosyn D (spinosyn-D),https://lod.nal.usda.gov/nalt/332154,,False,skos:related,
split application,split dressings,split application (split dressings),https://lod.nal.usda.gov/nalt/143674,,False,skos:broader; skos:narrower,
spray booms,,spray booms,https://lod.nal.usda.gov/nalt/64005,,False,skos:broader; skos:narrower,
spreaders,,spreaders,https://lod.nal.usda.gov/nalt/11331,,False,skos:broader; skos:narrower,
sprinklers,,sprinklers,https://lod.nal.usda.gov/nalt/11332,,False,skos:broader; skos:narrower,
storage insects,stored product insects,storage insects (stored product insects),https://lod.nal.usda.gov/nalt/47387,,False,skos:broader; skos:narrower,
storage mites,stored food mites; stored product mites,"storage mites (stored food mites, stored product mites)",https://lod.nal.usda.gov/nalt/2109,,False,skos:broader; skos:narrower,
subsurface application,,subsurface application,https://lod.nal.usda.gov/nalt/305829,,False,skos:broader; skos:narrower,
subterranean termites,,subterranean termites,https://lod.nal.usda.gov/nalt/47388,,False,skos:related,
succinate dehydrogenase (quinone),EC 1.3.5.1; EC 1.3.99.1; complex II (mitochondrial electron transport); electron transport complex II; fumarate reductase; fumaric hydrogenase; mitochondrial electron transport complex II; succinate dehydrogenase; succinate dehydrogenase (ubiquinone); succinate dehydrogenase complex; succinate oxidoreductase; succinate:quinone oxidoreductase (aerobic respiratory chain); succinate:ubiquinone oxidoreductase; succinic acid dehydrogenase,"succinate dehydrogenase (quinone) (EC 1.3.5.1, EC 1.3.99.1, complex II (mitochondrial electron transport), electron transport complex II, fumarate reductase, fumaric hydrogenase, mitochondrial electron transport complex II, succinate dehydrogenase, succinate dehydrogenase (ubiquinone), succinate dehydrogenase complex, succinate oxidoreductase, succinate:quinone oxidoreductase (aerobic respiratory chain), succinate:ubiquinone oxidoreductase, succinic acid dehydrogenase)",https://lod.nal.usda.gov/nalt/28357,,False,skos:related,
sugar alcohols,,sugar alcohols,https://lod.nal.usda.gov/nalt/6196,,False,skos:broader; skos:narrower,
sulcotrione,,sulcotrione,https://lod.nal.usda.gov/nalt/125097,,True,skos:broader; skos:narrower,
sulfallate,2-chloroallyl diethyldithiocarbamate; CDEC (herbicide),"sulfallate (2-chloroallyl diethyldithiocarbamate, CDEC (herbicide))",https://lod.nal.usda.gov/nalt/1378,,True,skos:broader; skos:narrower,
sulfentrazone,,sulfentrazone,https://lod.nal.usda.gov/nalt/45268,,True,skos:broader; skos:narrower,
sulfonamide herbicides,,sulfonamide herbicides,https://lod.nal.usda.gov/nalt/125017,,True,skos:broader; skos:narrower,
sulfonylurea herbicides,sulfonyl urea herbicides; sulfonyl-urea herbicides,"sulfonylurea herbicides (sulfonyl urea herbicides, sulfonyl-urea herbicides)",https://lod.nal.usda.gov/nalt/16626,,True,skos:broader; skos:narrower,
sulfoxaflor,,sulfoxaflor,https://lod.nal.usda.gov/nalt/341217,,True,skos:broader; skos:narrower,
suramin,,suramin,https://lod.nal.usda.gov/nalt/10498,,False,skos:broader; skos:narrower,
sustainable agriculture,regenerative agriculture; regenerative farming; sustainable agricultural production; sustainable animal production; sustainable crop production; sustainable dairy farming; sustainable farming; sustainable livestock production; sustainable plant and animal production,"sustainable agriculture (regenerative agriculture, regenerative farming, sustainable agricultural production, sustainable animal production, sustainable crop production, sustainable dairy farming, sustainable farming, sustainable livestock production, sustainable plant and animal production)",https://lod.nal.usda.gov/nalt/5307,,False,skos:related,
swep,,swep,https://lod.nal.usda.gov/nalt/45269,,True,skos:broader; skos:narrower,
synthetic pheromones,,synthetic pheromones,https://lod.nal.usda.gov/nalt/296744,,False,skos:related,
tebuconazole,folicur,tebuconazole (folicur),https://lod.nal.usda.gov/nalt/28453,,True,skos:broader; skos:narrower,
tebupirimfos,phostebupirim,tebupirimfos (phostebupirim),https://lod.nal.usda.gov/nalt/213724,,True,skos:broader; skos:narrower,
teflubenzuron,,teflubenzuron,https://lod.nal.usda.gov/nalt/16670,,False,skos:broader; skos:narrower,
tefluthrin,,tefluthrin,https://lod.nal.usda.gov/nalt/60629,,True,skos:broader; skos:narrower,
tefuryltrione,,tefuryltrione,https://lod.nal.usda.gov/nalt/125098,,True,skos:broader; skos:narrower,
tembotrione,,tembotrione,https://lod.nal.usda.gov/nalt/125099,,True,skos:broader; skos:narrower,
terbacil,,terbacil,https://lod.nal.usda.gov/nalt/45270,,True,skos:broader; skos:narrower,
terbufos,,terbufos,https://lod.nal.usda.gov/nalt/56132,,True,skos:broader; skos:narrower,
terbumeton,,terbumeton,https://lod.nal.usda.gov/nalt/45272,,True,skos:broader; skos:narrower,
terbuthylazine,,terbuthylazine,https://lod.nal.usda.gov/nalt/65586,,True,skos:broader; skos:narrower,
terbutol,,terbutol,https://lod.nal.usda.gov/nalt/45273,,True,skos:broader; skos:narrower,
terbutryn,,terbutryn,https://lod.nal.usda.gov/nalt/65587,,True,skos:broader; skos:narrower,
tetrachloroethylene,perchloroethylene; tetrachloroethene,"tetrachloroethylene (perchloroethylene, tetrachloroethene)",https://lod.nal.usda.gov/nalt/25343,,False,skos:broader; skos:narrower,
tetrachlorvinphos,stirofos,tetrachlorvinphos (stirofos),https://lod.nal.usda.gov/nalt/56124,,True,skos:broader; skos:narrower,
tetramethrin,,tetramethrin,https://lod.nal.usda.gov/nalt/60630,,True,skos:broader; skos:narrower,
therapeutics,therapeutic effect; therapy,"therapeutics (therapeutic effect, therapy)",https://lod.nal.usda.gov/nalt/1019,,False,skos:related,
thiabendazole,5-hydroxythiabendazole,thiabendazole (5-hydroxythiabendazole),https://lod.nal.usda.gov/nalt/9936,,False,skos:related,
thiacloprid,,thiacloprid,https://lod.nal.usda.gov/nalt/132376,,True,skos:broader; skos:narrower,
thiadiazolylurea herbicides,,thiadiazolylurea herbicides,https://lod.nal.usda.gov/nalt/125155,,True,skos:broader; skos:narrower,
thiamethoxam,,thiamethoxam,https://lod.nal.usda.gov/nalt/47431,,True,skos:broader; skos:narrower,
thiazopyr,,thiazopyr,https://lod.nal.usda.gov/nalt/60639,,True,skos:broader; skos:narrower,
thimerosal,thiomerosal,thimerosal (thiomerosal),https://lod.nal.usda.gov/nalt/52152,,True,skos:broader; skos:narrower,
thiocarbamates,,thiocarbamates,https://lod.nal.usda.gov/nalt/22187,,False,skos:broader; skos:narrower,
thiophanate-ethyl,,thiophanate-ethyl,https://lod.nal.usda.gov/nalt/241732,,True,skos:broader; skos:narrower,
thiophanate-methyl,methyl-thiophanate,thiophanate-methyl (methyl-thiophanate),https://lod.nal.usda.gov/nalt/16651,,True,skos:broader; skos:narrower,
thiophenes,,thiophenes,https://lod.nal.usda.gov/nalt/45388,,False,skos:related,
tillage implements,tillage equipment,tillage implements (tillage equipment),https://lod.nal.usda.gov/nalt/5406,,False,skos:related,
topramezone,,topramezone,https://lod.nal.usda.gov/nalt/125137,,True,skos:broader; skos:narrower,
toxaphene,camphechlor,toxaphene (camphechlor),https://lod.nal.usda.gov/nalt/21599,,True,skos:broader; skos:narrower,
tralomethrin,,tralomethrin,https://lod.nal.usda.gov/nalt/213694,,True,skos:broader; skos:narrower,
trapping,,trapping,https://lod.nal.usda.gov/nalt/22090,,False,skos:related,
triadimefon,,triadimefon,https://lod.nal.usda.gov/nalt/28454,,True,skos:broader; skos:narrower,
triadimenol,,triadimenol,https://lod.nal.usda.gov/nalt/28455,,True,skos:broader; skos:narrower,
triazines,hydroxy atrazine,triazines (hydroxy atrazine),https://lod.nal.usda.gov/nalt/31291,,False,skos:broader; skos:narrower,
triazofenamide,,triazofenamide,https://lod.nal.usda.gov/nalt/66324,,True,skos:broader; skos:narrower,
triazoles,,triazoles,https://lod.nal.usda.gov/nalt/14331,,False,skos:broader; skos:narrower,
triazophos,,triazophos,https://lod.nal.usda.gov/nalt/56125,,True,skos:broader; skos:narrower,
tricamba,,tricamba,https://lod.nal.usda.gov/nalt/45278,,True,skos:broader; skos:narrower,
trichlorfon,,trichlorfon,https://lod.nal.usda.gov/nalt/9937,,True,skos:broader; skos:narrower,
trichloroacetic acid,"TCA (trichloroacetic acid); trichloroacetic acid, magnesium salt; trichloroacetic acid, sodium salt","trichloroacetic acid (TCA (trichloroacetic acid), trichloroacetic acid, magnesium salt, trichloroacetic acid, sodium salt)",https://lod.nal.usda.gov/nalt/25336,,True,skos:broader; skos:narrower,
trichloroethylene,,trichloroethylene,https://lod.nal.usda.gov/nalt/25344,,False,skos:broader; skos:narrower,
triclopyr,"3,5,6-TPA; 3,5,6-trichloro-2-pyridyloxyacetic acid; triclopyr butoxyethyl ester; triclopyr triethylamine salt; triclopyr-(3,5,6-trichloro-2-pyridl-oxyacetic acid)","triclopyr (3,5,6-TPA, 3,5,6-trichloro-2-pyridyloxyacetic acid, triclopyr butoxyethyl ester, triclopyr triethylamine salt, triclopyr-(3,5,6-trichloro-2-pyridl-oxyacetic acid))",https://lod.nal.usda.gov/nalt/45279,,True,skos:broader; skos:narrower,
tridemorph,,tridemorph,https://lod.nal.usda.gov/nalt/53499,,True,skos:broader; skos:narrower,
trietazine,,trietazine,https://lod.nal.usda.gov/nalt/45281,,True,skos:broader; skos:narrower,
triflumuron,,triflumuron,https://lod.nal.usda.gov/nalt/16671,,False,skos:broader; skos:narrower,
trifluralin,trifluraline,trifluralin (trifluraline),https://lod.nal.usda.gov/nalt/45282,,True,skos:broader; skos:narrower,
trifopsime,,trifopsime,https://lod.nal.usda.gov/nalt/125140,,True,skos:broader; skos:narrower,
triforine,,triforine,https://lod.nal.usda.gov/nalt/41873,,True,skos:broader; skos:narrower,
trimedlure,"1,1-dimethylethyl 4(or 5)-chloro-2-methylcyclohexanecarboxylate; tert-butyl 4(or 5)-chloro-2-methylcyclohexanecarboxylate","trimedlure (1,1-dimethylethyl 4(or 5)-chloro-2-methylcyclohexanecarboxylate, tert-butyl 4(or 5)-chloro-2-methylcyclohexanecarboxylate)",https://lod.nal.usda.gov/nalt/1156,,False,skos:broader; skos:narrower,
urethane,,urethane,https://lod.nal.usda.gov/nalt/8812,,False,skos:broader; skos:narrower,
variable rate application,,variable rate application,https://lod.nal.usda.gov/nalt/11347,,False,skos:broader; skos:narrower,
vernolate,vernoleate; vernolic acid,"vernolate (vernoleate, vernolic acid)",https://lod.nal.usda.gov/nalt/22181,,True,skos:broader; skos:narrower,
vinclozolin,,vinclozolin,https://lod.nal.usda.gov/nalt/33178,,True,skos:broader; skos:narrower,
viral insecticides,,viral insecticides,https://lod.nal.usda.gov/nalt/47419,,True,skos:broader; skos:narrower,
wood preservatives,,wood preservatives,https://lod.nal.usda.gov/nalt/25737,,False,skos:related,
"2,4,5-T","2,4,5-trichlorophenoxy acetic acid; 2,4,5-trichlorophenoxyacetic acid","2,4,5-T (2,4,5-trichlorophenoxy acetic acid, 2,4,5-trichlorophenoxyacetic acid)",https://lod.nal.usda.gov/nalt/1343,,True,skos:broader; skos:narrower,
"2,4,5-TB","2,4,5-trichlorophenoxy butyric acid; 2,4,5-trichlorophenoxybutyric acid","2,4,5-TB (2,4,5-trichlorophenoxy butyric acid, 2,4,5-trichlorophenoxybutyric acid)",https://lod.nal.usda.gov/nalt/1346,,True,skos:broader; skos:narrower,
"2,4-D","2,4-dichlorophenoxy acetic acid; 2,4-dichlorophenoxyacetic acid","2,4-D (2,4-dichlorophenoxy acetic acid, 2,4-dichlorophenoxyacetic acid)",https://lod.nal.usda.gov/nalt/1353,,True,skos:broader; skos:narrower,
"2,4-DB","2,4-dichlorophenoxy butyric acid; 2,4-dichlorophenoxybutyric acid","2,4-DB (2,4-dichlorophenoxy butyric acid, 2,4-dichlorophenoxybutyric acid)",https://lod.nal.usda.gov/nalt/1356,,True,skos:broader; skos:narrower,
"3,4-DA","3,4-dichlorophenoxy acetic acid; 3,4-dichlorophenoxyacetic acid","3,4-DA (3,4-dichlorophenoxy acetic acid, 3,4-dichlorophenoxyacetic acid)",https://lod.nal.usda.gov/nalt/1427,,True,skos:broader; skos:narrower,
"3,4-DB","4-(3,4-dichlorophenoxy)butanoic acid; 4-(3,4-dichlorophenoxy)butyric acid","3,4-DB (4-(3,4-dichlorophenoxy)butanoic acid, 4-(3,4-dichlorophenoxy)butyric acid)",https://lod.nal.usda.gov/nalt/1430,,True,skos:broader; skos:narrower,
4-chlorophenoxy butyric acid,4-(4-chlorophenoxy)butanoic acid; 4-(4-chlorophenoxy)butyric acid; 4-CPB (herbicide),"4-chlorophenoxy butyric acid (4-(4-chlorophenoxy)butanoic acid, 4-(4-chlorophenoxy)butyric acid, 4-CPB (herbicide))",https://lod.nal.usda.gov/nalt/1473,,True,skos:broader; skos:narrower,
4-CPA,4-chlorophenoxy acetic acid; 4-chlorophenoxyacetic acid,"4-CPA (4-chlorophenoxy acetic acid, 4-chlorophenoxyacetic acid)",https://lod.nal.usda.gov/nalt/1481,,True,skos:broader; skos:narrower,
4-CPP,4-chlorophenoxy propionic acid; 4-chlorophenoxypropanoic acid; 4-chlorophenoxypropionic acid,"4-CPP (4-chlorophenoxy propionic acid, 4-chlorophenoxypropanoic acid, 4-chlorophenoxypropionic acid)",https://lod.nal.usda.gov/nalt/1484,,True,skos:broader; skos:narrower,
abamectin,,abamectin,https://lod.nal.usda.gov/nalt/1576,,False,skos:broader; skos:narrower,
acetamides,,acetamides,https://lod.nal.usda.gov/nalt/2308,,False,skos:broader; skos:narrower,
acetazolamide,,acetazolamide,https://lod.nal.usda.gov/nalt/2341,,False,skos:broader; skos:narrower,
acifluorfen,,acifluorfen,https://lod.nal.usda.gov/nalt/2888,,True,skos:broader; skos:narrower,
acrylamides,,acrylamides,https://lod.nal.usda.gov/nalt/3164,,False,skos:broader; skos:narrower,
Aeginetia,,Aeginetia,https://lod.nal.usda.gov/nalt/4542,,False,skos:related,
Ageratina adenophora,Eupatorium adenophorum; Eupatorium glandulosum; crofton weed; hemp agrimony; sticky snakeroot,"Ageratina adenophora (Eupatorium adenophorum, Eupatorium glandulosum, crofton weed, hemp agrimony, sticky snakeroot)",https://lod.nal.usda.gov/nalt/5112,,False,skos:related,
agricultural aviation,,agricultural aviation,https://lod.nal.usda.gov/nalt/4606,,False,skos:related,
agricultural machinery and equipment,agricultural equipment; agricultural machinery; agricultural machines; farm equipment; farm machinery,"agricultural machinery and equipment (agricultural equipment, agricultural machinery, agricultural machines, farm equipment, farm machinery)",https://lod.nal.usda.gov/nalt/366,,False,skos:broader; skos:narrower,
aldrin,,aldrin,https://lod.nal.usda.gov/nalt/6230,,True,skos:broader; skos:narrower,
Alectra,,Alectra,https://lod.nal.usda.gov/nalt/6241,,False,skos:related,
allelochemicals,allelochemics; allelopathic chemicals; allelopathic substances; allelopathins,"allelochemicals (allelochemics, allelopathic chemicals, allelopathic substances, allelopathins)",https://lod.nal.usda.gov/nalt/6547,,False,skos:related,
Alliaria petiolata,Alliaria officinalis; Arabis petiolata; Erysimum alliaria; Sisymbrium alliaria; garlic mustard,"Alliaria petiolata (Alliaria officinalis, Arabis petiolata, Erysimum alliaria, Sisymbrium alliaria, garlic mustard)",https://lod.nal.usda.gov/nalt/6586,,False,skos:related,
allyl isothiocyanate,,allyl isothiocyanate,https://lod.nal.usda.gov/nalt/6756,,False,skos:broader; skos:narrower,
Alternanthera sessilis,Achyranthes sessilis; Alternanthera glabra; Gomphrena sessilis; sessile joyweed,"Alternanthera sessilis (Achyranthes sessilis, Alternanthera glabra, Gomphrena sessilis, sessile joyweed)",https://lod.nal.usda.gov/nalt/2700,,False,skos:related,
amino compounds,,amino compounds,https://lod.nal.usda.gov/nalt/7731,,False,skos:related,
aminoglycoside antibiotics,,aminoglycoside antibiotics,https://lod.nal.usda.gov/nalt/148694,,False,skos:broader; skos:narrower,
ammonium salts,,ammonium salts,https://lod.nal.usda.gov/nalt/7958,,False,skos:broader; skos:narrower,
anilides,,anilides,https://lod.nal.usda.gov/nalt/2319,,False,skos:broader; skos:narrower,
animal behavior,animal behaviour; animal ethology; animal response (behavior); animal response (behaviour); ethology,"animal behavior (animal behaviour, animal ethology, animal response (behavior), animal response (behaviour), ethology)",https://lod.nal.usda.gov/nalt/5156,,False,skos:related,
animal health,,animal health,https://lod.nal.usda.gov/nalt/9232,,False,skos:related,
animal parasites and pests,animal pests; pests of animals,"animal parasites and pests (animal pests, pests of animals)",https://lod.nal.usda.gov/nalt/9233,,False,skos:related,
anions,,anions,https://lod.nal.usda.gov/nalt/9602,,False,skos:broader; skos:narrower,
anticoagulant activity,anticoagulant effect; anticoagulant properties,"anticoagulant activity (anticoagulant effect, anticoagulant properties)",https://lod.nal.usda.gov/nalt/10261,,False,skos:related,
anticoagulants,,anticoagulants,https://lod.nal.usda.gov/nalt/10260,,False,skos:related,
antifeeding activity,antifeedant activity; antifeedant effect; antifeeding effect; antifeeding properties,"antifeeding activity (antifeedant activity, antifeedant effect, antifeeding effect, antifeeding properties)",https://lod.nal.usda.gov/nalt/10303,,False,skos:related,
antifungal properties,anti-yeast activity; antimycotic properties; fungicidal properties; fungistatic activity,"antifungal properties (anti-yeast activity, antimycotic properties, fungicidal properties, fungistatic activity)",https://lod.nal.usda.gov/nalt/10331,,False,skos:related,
antiparasitic properties,antiparasitic activity,antiparasitic properties (antiparasitic activity),https://lod.nal.usda.gov/nalt/238211,,False,skos:related,
antlerite,,antlerite,https://lod.nal.usda.gov/nalt/222188,,False,skos:related,
application parameters,application measurements; application variables; spray variables,"application parameters (application measurements, application variables, spray variables)",https://lod.nal.usda.gov/nalt/11319,,False,skos:broader; skos:narrower,
application timing,application date,application timing (application date),https://lod.nal.usda.gov/nalt/11322,,False,skos:related,
aquatic weeds,,aquatic weeds,https://lod.nal.usda.gov/nalt/11527,,False,skos:related,
aryloxyphenoxypropionic acid herbicides,,aryloxyphenoxypropionic acid herbicides,https://lod.nal.usda.gov/nalt/125144,,True,skos:broader; skos:narrower,
Asphodelus fistulosus,onionweed,Asphodelus fistulosus (onionweed),https://lod.nal.usda.gov/nalt/13100,,False,skos:related,
atomization,atomisation; nebulisation; nebulization,"atomization (atomisation, nebulisation, nebulization)",https://lod.nal.usda.gov/nalt/13665,,False,skos:related,
atrazine chlorohydrolase,AtZA (atrazine chlorohydrolase); EC 3.8.1.8; triazine hydrolase,"atrazine chlorohydrolase (AtZA (atrazine chlorohydrolase), EC 3.8.1.8, triazine hydrolase)",https://lod.nal.usda.gov/nalt/225748,,False,skos:related,
Avena sterilis,Avena ludoviciana; Avena sterilis ssp. ludoviciana; Avena sterilis subsp. ludoviciana; animated oat,"Avena sterilis (Avena ludoviciana, Avena sterilis ssp. ludoviciana, Avena sterilis subsp. ludoviciana, animated oat)",https://lod.nal.usda.gov/nalt/9593,,False,skos:related,
azamethiphos,,azamethiphos,https://lod.nal.usda.gov/nalt/14298,,True,skos:broader; skos:narrower,
Azolla pinnata,ferny azolla; mosquito fern,"Azolla pinnata (ferny azolla, mosquito fern)",https://lod.nal.usda.gov/nalt/14339,,False,skos:related,
azoxystrobin,,azoxystrobin,https://lod.nal.usda.gov/nalt/213713,,True,skos:broader; skos:narrower,
babesiosis,Texas cattle fever; babesiasis; bovine babesiosis; cattle fever disease; piroplasmosis,"babesiosis (Texas cattle fever, babesiasis, bovine babesiosis, cattle fever disease, piroplasmosis)",https://lod.nal.usda.gov/nalt/14434,,False,skos:broader; skos:narrower,
Bacillus sphaericus,,Bacillus sphaericus,https://lod.nal.usda.gov/nalt/14569,,False,skos:related,
Bacillus thuringiensis,Bacillus cereus var. thuringiensis; Bt (Bacillus thuringiensis),"Bacillus thuringiensis (Bacillus cereus var. thuringiensis, Bt (Bacillus thuringiensis))",https://lod.nal.usda.gov/nalt/14583,,False,skos:related,
bambermycin,flavomycin,bambermycin (flavomycin),https://lod.nal.usda.gov/nalt/10190,,False,skos:broader; skos:narrower,
beetle infestations,,beetle infestations,https://lod.nal.usda.gov/nalt/284525,,False,skos:broader; skos:narrower,
benalaxyl,benalaxyl-M,benalaxyl (benalaxyl-M),https://lod.nal.usda.gov/nalt/190785,,True,skos:broader; skos:narrower,
bensulfuron,,bensulfuron,https://lod.nal.usda.gov/nalt/16625,,True,skos:broader; skos:narrower,
bensulfuron-methyl,,bensulfuron-methyl,https://lod.nal.usda.gov/nalt/16627,,True,skos:broader; skos:narrower,
benzamides,,benzamides,https://lod.nal.usda.gov/nalt/7680,,False,skos:broader; skos:narrower,
benzoylprop,,benzoylprop,https://lod.nal.usda.gov/nalt/16673,,True,skos:broader; skos:narrower,
benzyl isothiocyanate,,benzyl isothiocyanate,https://lod.nal.usda.gov/nalt/16676,,False,skos:broader; skos:narrower,
beta-lactam antibiotics,,beta-lactam antibiotics,https://lod.nal.usda.gov/nalt/10191,,False,skos:broader; skos:narrower,
bifenox,,bifenox,https://lod.nal.usda.gov/nalt/17036,,True,skos:broader; skos:narrower,
biguanides,,biguanides,https://lod.nal.usda.gov/nalt/7682,,False,skos:broader; skos:narrower,
bioactive properties,biologic activity; biological activity,"bioactive properties (biologic activity, biological activity)",https://lod.nal.usda.gov/nalt/10240,,False,skos:broader; skos:narrower,
biofumigation,biofumigants,biofumigation (biofumigants),https://lod.nal.usda.gov/nalt/188846,,False,skos:broader; skos:narrower,
biological resistance,biocide resistance,biological resistance (biocide resistance),https://lod.nal.usda.gov/nalt/114,,False,skos:broader; skos:narrower,
borate minerals,,borate minerals,https://lod.nal.usda.gov/nalt/18620,,False,skos:broader; skos:narrower,
boric acid,,boric acid,https://lod.nal.usda.gov/nalt/18626,,False,skos:broader; skos:narrower,
brochantite,blanchardite,brochantite (blanchardite),https://lod.nal.usda.gov/nalt/222191,,False,skos:related,
brodifacoum,,brodifacoum,https://lod.nal.usda.gov/nalt/19919,,True,skos:broader; skos:narrower,
bromadiolone,,bromadiolone,https://lod.nal.usda.gov/nalt/19934,,True,skos:broader; skos:narrower,
bromophos,,bromophos,https://lod.nal.usda.gov/nalt/9913,,True,skos:broader; skos:narrower,
Bromus tectorum,June grass; bronco grass; cheatgrass; downy brome; downy chess; drooping brome; wall brome,"Bromus tectorum (June grass, bronco grass, cheatgrass, downy brome, downy chess, drooping brome, wall brome)",https://lod.nal.usda.gov/nalt/19999,,False,skos:related,
buturon,,buturon,https://lod.nal.usda.gov/nalt/20655,,True,skos:broader; skos:narrower,
calcium borate,,calcium borate,https://lod.nal.usda.gov/nalt/222445,,False,skos:broader; skos:narrower,
calibration,,calibration,https://lod.nal.usda.gov/nalt/11356,,False,skos:related,
capsaicinoids,,capsaicinoids,https://lod.nal.usda.gov/nalt/288990,,False,skos:broader; skos:narrower,
capture of animals,animal capture; catching (animals),"capture of animals (animal capture, catching (animals))",https://lod.nal.usda.gov/nalt/9051,,False,skos:related,
carboxamides,,carboxamides,https://lod.nal.usda.gov/nalt/326856,,False,skos:broader; skos:narrower,
Carduus nutans,musk thistle; nodding plumeless thistle; nodding thistle,"Carduus nutans (musk thistle, nodding plumeless thistle, nodding thistle)",https://lod.nal.usda.gov/nalt/22436,,False,skos:related,
Carthamus oxyacanthus,Carthamus flavescens; wild safflower,"Carthamus oxyacanthus (Carthamus flavescens, wild safflower)",https://lod.nal.usda.gov/nalt/22706,,False,skos:related,
Cenchrus caudatus,African feather grass; African feathergrass; Cenchrus macrourus; Gymnotrix caudata; Pennisetum angolense; Pennisetum giganteum; Pennisetum macrourum; Pennisetum natalense; Pennisetum quartinianum,"Cenchrus caudatus (African feather grass, African feathergrass, Cenchrus macrourus, Gymnotrix caudata, Pennisetum angolense, Pennisetum giganteum, Pennisetum macrourum, Pennisetum natalense, Pennisetum quartinianum)",https://lod.nal.usda.gov/nalt/4861,,False,skos:related,
Cenchrus clandestinus,Kikuyuochloa clandestina; Pennisetum clandestinum; kikuyu grass; kikuyugrass,"Cenchrus clandestinus (Kikuyuochloa clandestina, Pennisetum clandestinum, kikuyu grass, kikuyugrass)",https://lod.nal.usda.gov/nalt/48399,,False,skos:related,
Cenchrus pedicellatus,Kyasuma grass; Pennisetum pedicellatum,"Cenchrus pedicellatus (Kyasuma grass, Pennisetum pedicellatum)",https://lod.nal.usda.gov/nalt/48628,,False,skos:related,
Cenchrus polystachios subsp. polystachios,Cenchrus subangustus; Panicum polystachion; Pennisetum polystachion; Pennisetum polystachion subsp. polystachion; Pennisetum subangustum; mission grass; thin Napier grass,"Cenchrus polystachios subsp. polystachios (Cenchrus subangustus, Panicum polystachion, Pennisetum polystachion, Pennisetum polystachion subsp. polystachion, Pennisetum subangustum, mission grass, thin Napier grass)",https://lod.nal.usda.gov/nalt/55318,,False,skos:related,
Centaurea solstitialis,St. Barnaby's thistle; geeldissel; golden star thistle; yellow centaury; yellow cockspur; yellow star thistle; yellow starthistle,"Centaurea solstitialis (St. Barnaby's thistle, geeldissel, golden star thistle, yellow centaury, yellow cockspur, yellow star thistle, yellow starthistle)",https://lod.nal.usda.gov/nalt/23599,,False,skos:related,
ceramides,,ceramides,https://lod.nal.usda.gov/nalt/196461,,False,skos:broader; skos:narrower,
cerulenin,,cerulenin,https://lod.nal.usda.gov/nalt/260561,,False,skos:broader; skos:narrower,
chalcanthite,,chalcanthite,https://lod.nal.usda.gov/nalt/222194,,False,skos:related,
chemical inhibitors,,chemical inhibitors,https://lod.nal.usda.gov/nalt/233,,False,skos:broader; skos:narrower,
chlorates,,chlorates,https://lod.nal.usda.gov/nalt/25294,,False,skos:broader; skos:narrower,
chlorbromuron,,chlorbromuron,https://lod.nal.usda.gov/nalt/25298,,True,skos:broader; skos:narrower,
chlordane,chlordan,chlordane (chlordan),https://lod.nal.usda.gov/nalt/25301,,True,skos:broader; skos:narrower,
chlordecone,,chlordecone,https://lod.nal.usda.gov/nalt/25302,,True,skos:broader; skos:narrower,
chlorimuron,,chlorimuron,https://lod.nal.usda.gov/nalt/25332,,True,skos:broader; skos:narrower,
chlorimuron ethyl,,chlorimuron ethyl,https://lod.nal.usda.gov/nalt/213686,,True,skos:broader; skos:narrower,
chlorinated fatty acids,,chlorinated fatty acids,https://lod.nal.usda.gov/nalt/25333,,False,skos:broader; skos:narrower,
chloroacetanilide herbicides,,chloroacetanilide herbicides,https://lod.nal.usda.gov/nalt/2480,,True,skos:broader; skos:narrower,
chlorotoluron,chlortoluron,chlorotoluron (chlortoluron),https://lod.nal.usda.gov/nalt/25492,,True,skos:broader; skos:narrower,
chloroxuron,,chloroxuron,https://lod.nal.usda.gov/nalt/25513,,True,skos:broader; skos:narrower,
chlorphoxim,,chlorphoxim,https://lod.nal.usda.gov/nalt/25514,,True,skos:broader; skos:narrower,
chlorpyrifos-methyl,,chlorpyrifos-methyl,https://lod.nal.usda.gov/nalt/25518,,True,skos:broader; skos:narrower,
chlorsulfuron,,chlorsulfuron,https://lod.nal.usda.gov/nalt/25519,,True,skos:broader; skos:narrower,
Chrysopogon aciculatus,Andropogon acicularis; Andropogon aciculatus; Rhaphis acicularis; Rhaphis aciculata; pilipiliula,"Chrysopogon aciculatus (Andropogon acicularis, Andropogon aciculatus, Rhaphis acicularis, Rhaphis aciculata, pilipiliula)",https://lod.nal.usda.gov/nalt/8733,,False,skos:related,
cisanilide,,cisanilide,https://lod.nal.usda.gov/nalt/26376,,True,skos:broader; skos:narrower,
citrinin,,citrinin,https://lod.nal.usda.gov/nalt/10196,,False,skos:broader; skos:narrower,
coal tar,,coal tar,https://lod.nal.usda.gov/nalt/262605,,False,skos:related,
coccidiosis,coccidiasis; eimeriosis,"coccidiosis (coccidiasis, eimeriosis)",https://lod.nal.usda.gov/nalt/27431,,False,skos:broader; skos:narrower,
Commelina benghalensis,Benghal dayflower,Commelina benghalensis (Benghal dayflower),https://lod.nal.usda.gov/nalt/16609,,False,skos:related,
Conium maculatum,poison hemlock,Conium maculatum (poison hemlock),https://lod.nal.usda.gov/nalt/28547,,False,skos:related,
coumarins,,coumarins,https://lod.nal.usda.gov/nalt/10267,,False,skos:broader; skos:narrower,
cross resistance,cross-resistance,cross resistance (cross-resistance),https://lod.nal.usda.gov/nalt/30204,,False,skos:broader; skos:narrower,
Crupina vulgaris,bearded creeper; common crupina,"Crupina vulgaris (bearded creeper, common crupina)",https://lod.nal.usda.gov/nalt/16229,,False,skos:related,
cryptosporidiosis,,cryptosporidiosis,https://lod.nal.usda.gov/nalt/27436,,False,skos:broader; skos:narrower,
crystal structure,crystalline structure,crystal structure (crystalline structure),https://lod.nal.usda.gov/nalt/24701,,False,skos:related,
crystals,,crystals,https://lod.nal.usda.gov/nalt/185,,False,skos:related,
Cuscuta,,Cuscuta,https://lod.nal.usda.gov/nalt/30878,,False,skos:related,
cyanates,,cyanates,https://lod.nal.usda.gov/nalt/30948,,False,skos:broader; skos:narrower,
cyclic peptides,,cyclic peptides,https://lod.nal.usda.gov/nalt/31026,,False,skos:broader; skos:narrower,
cyclosulfamuron,,cyclosulfamuron,https://lod.nal.usda.gov/nalt/31079,,True,skos:broader; skos:narrower,
Cynoglossum officinale,hound's-tongue; houndstongue,"Cynoglossum officinale (hound's-tongue, houndstongue)",https://lod.nal.usda.gov/nalt/31199,,False,skos:related,
cypromid,,cypromid,https://lod.nal.usda.gov/nalt/31287,,True,skos:broader; skos:narrower,
Cytisus scoparius,Cytisus scoparius f. sulphureus; Cytisus scoparius var. andreanus; Cytisus scoparius var. prostratus; Cytisus scoparius var. sulphureus; European broom; Genista andreana; Irish broom; Sarothamnus scoparius; Sarothamnus scoparius var. prostratus; Scotch broom; Spartium scoparium; broomtops; common broom; scotchbroom,"Cytisus scoparius (Cytisus scoparius f. sulphureus, Cytisus scoparius var. andreanus, Cytisus scoparius var. prostratus, Cytisus scoparius var. sulphureus, European broom, Genista andreana, Irish broom, Sarothamnus scoparius, Sarothamnus scoparius var. prostratus, Scotch broom, Spartium scoparium, broomtops, common broom, scotchbroom)",https://lod.nal.usda.gov/nalt/20055,,False,skos:related,
dead wood,dead trees; deadwood,"dead wood (dead trees, deadwood)",https://lod.nal.usda.gov/nalt/31857,,False,skos:related,
deamidation,,deamidation,https://lod.nal.usda.gov/nalt/198838,,False,skos:related,
deet,"N,N-diethyl-3-methylbenzamide; N,N-diethyl-m-toluamide; N,N-diethyl-meta-toluamide; diethyltoluamide","deet (N,N-diethyl-3-methylbenzamide, N,N-diethyl-m-toluamide, N,N-diethyl-meta-toluamide, diethyltoluamide)",https://lod.nal.usda.gov/nalt/7684,,False,skos:broader; skos:narrower,
diamines,,diamines,https://lod.nal.usda.gov/nalt/7734,,False,skos:related,
dibromoacetic acid,,dibromoacetic acid,https://lod.nal.usda.gov/nalt/214336,,False,skos:related,
dichlorprop,,dichlorprop,https://lod.nal.usda.gov/nalt/33216,,True,skos:broader; skos:narrower,
dicryl,,dicryl,https://lod.nal.usda.gov/nalt/33250,,True,skos:broader; skos:narrower,
dieldrin,,dieldrin,https://lod.nal.usda.gov/nalt/31049,,True,skos:broader; skos:narrower,
difenacoum,,difenacoum,https://lod.nal.usda.gov/nalt/29692,,True,skos:broader; skos:narrower,
difenoxuron,,difenoxuron,https://lod.nal.usda.gov/nalt/33492,,True,skos:broader; skos:narrower,
Digitaria abyssinica,Abyssinian finger grass; African couch grass; Digitaria scalarum; Digitaria vestita; Panicum scalarum; Syntherisma abyssinica,"Digitaria abyssinica (Abyssinian finger grass, African couch grass, Digitaria scalarum, Digitaria vestita, Panicum scalarum, Syntherisma abyssinica)",https://lod.nal.usda.gov/nalt/1870,,False,skos:related,
Digitaria velutina,Phalaris velutina; long plume finger grass; velvet finger grass; velvet fingergrass,"Digitaria velutina (Phalaris velutina, long plume finger grass, velvet finger grass, velvet fingergrass)",https://lod.nal.usda.gov/nalt/33602,,False,skos:related,
dimethylformamide,,dimethylformamide,https://lod.nal.usda.gov/nalt/7685,,False,skos:broader; skos:narrower,
disease transmission,transmission of infection,disease transmission (transmission of infection),https://lod.nal.usda.gov/nalt/34056,,False,skos:related,
disease vectors,infectious disease vectors,disease vectors (infectious disease vectors),https://lod.nal.usda.gov/nalt/22673,,False,skos:related,
diseases and disorders (animals and humans),animal and human diseases; animal and human disorders; human and animal diseases; human and animal disorders,"diseases and disorders (animals and humans) (animal and human diseases, animal and human disorders, human and animal diseases, human and animal disorders)",https://lod.nal.usda.gov/nalt/322,,False,skos:related,
distillates,,distillates,https://lod.nal.usda.gov/nalt/222,,False,skos:broader; skos:narrower,
diuron,,diuron,https://lod.nal.usda.gov/nalt/34151,,True,skos:broader; skos:narrower,
doramectin,,doramectin,https://lod.nal.usda.gov/nalt/14127,,False,skos:broader; skos:narrower,
drugs,medicines (drugs); pharmaceutical compounds; pharmaceutical products; pharmaceuticals,"drugs (medicines (drugs), pharmaceutical compounds, pharmaceutical products, pharmaceuticals)",https://lod.nal.usda.gov/nalt/286,,False,skos:related,
Drymaria arenarioides,alfombrilla; lightningweed,"Drymaria arenarioides (alfombrilla, lightningweed)",https://lod.nal.usda.gov/nalt/6342,,False,skos:related,
dust control,,dust control,https://lod.nal.usda.gov/nalt/34937,,False,skos:related,
dust emissions,,dust emissions,https://lod.nal.usda.gov/nalt/34938,,False,skos:related,
early warning systems,advanced warning systems,early warning systems (advanced warning systems),https://lod.nal.usda.gov/nalt/4423,,False,skos:related,
ectoparasites,,ectoparasites,https://lod.nal.usda.gov/nalt/12543,,False,skos:related,
Egeria densa,Anacharis densa; Brazilian elodea; Brazilian waterweed; Elodea densa; dense waterweed; leafy elodea,"Egeria densa (Anacharis densa, Brazilian elodea, Brazilian waterweed, Elodea densa, dense waterweed, leafy elodea)",https://lod.nal.usda.gov/nalt/8340,,False,skos:related,
Eichhornia azurea,anchored water hyacinth,Eichhornia azurea (anchored water hyacinth),https://lod.nal.usda.gov/nalt/8614,,False,skos:related,
Eichhornia crassipes,Eichhornia speciosa; Eichornia crassipes; Pontederia crassipes; water hyacinth,"Eichhornia crassipes (Eichhornia speciosa, Eichornia crassipes, Pontederia crassipes, water hyacinth)",https://lod.nal.usda.gov/nalt/36035,,False,skos:related,
emergence traps,,emergence traps,https://lod.nal.usda.gov/nalt/36839,,False,skos:broader; skos:narrower,
Emex australis,Southern threecornerjack,Emex australis (Southern threecornerjack),https://lod.nal.usda.gov/nalt/36864,,False,skos:related,
Emex spinosa,Emex spinosus; Rumex spinosus; devil's thorn; spiny threecornerjack,"Emex spinosa (Emex spinosus, Rumex spinosus, devil's thorn, spiny threecornerjack)",https://lod.nal.usda.gov/nalt/32933,,False,skos:related,
endoparasites,,endoparasites,https://lod.nal.usda.gov/nalt/37053,,False,skos:related,
endosulfan,,endosulfan,https://lod.nal.usda.gov/nalt/31050,,True,skos:broader; skos:narrower,
enzyme inhibitors,enzyme inhibitory agents,enzyme inhibitors (enzyme inhibitory agents),https://lod.nal.usda.gov/nalt/25590,,False,skos:broader; skos:narrower,
epidemiology,epizootiology,epidemiology (epizootiology),https://lod.nal.usda.gov/nalt/149,,False,skos:related,
eprinomectin,,eprinomectin,https://lod.nal.usda.gov/nalt/14128,,False,skos:broader; skos:narrower,
equine protozoal myeloencephalitis,,equine protozoal myeloencephalitis,https://lod.nal.usda.gov/nalt/36961,,False,skos:broader; skos:narrower,
ethamet-sulfuron,,ethamet-sulfuron,https://lod.nal.usda.gov/nalt/38236,,True,skos:broader; skos:narrower,
ethidimuron,,ethidimuron,https://lod.nal.usda.gov/nalt/38247,,True,skos:broader; skos:narrower,
ethylene diurea,,ethylene diurea,https://lod.nal.usda.gov/nalt/7686,,False,skos:broader; skos:narrower,
etrimfos,,etrimfos,https://lod.nal.usda.gov/nalt/38281,,True,skos:broader; skos:narrower,
Euphorbia esula,Euphorbia x pseudovirgata; leafy spurge; wolf's milk,"Euphorbia esula (Euphorbia x pseudovirgata, leafy spurge, wolf's milk)",https://lod.nal.usda.gov/nalt/38549,,False,skos:related,
famphur,,famphur,https://lod.nal.usda.gov/nalt/39454,,True,skos:broader; skos:narrower,
fan nozzles,fan pattern nozzles; flat-fan nozzles,"fan nozzles (fan pattern nozzles, flat-fan nozzles)",https://lod.nal.usda.gov/nalt/39455,,False,skos:broader; skos:narrower,
"Farms, Agricultural Production Systems",,"Farms, Agricultural Production Systems",https://lod.nal.usda.gov/nalt/127298,,False,skos:broader; skos:narrower,
feed additives,,feed additives,https://lod.nal.usda.gov/nalt/4062,,False,skos:related,
felling,,felling,https://lod.nal.usda.gov/nalt/39772,,False,skos:broader; skos:narrower,
fenitrothion,fenitrotion,fenitrothion (fenitrotion),https://lod.nal.usda.gov/nalt/39817,,True,skos:broader; skos:narrower,
fenoprop,,fenoprop,https://lod.nal.usda.gov/nalt/39828,,True,skos:broader; skos:narrower,
fenoxycarb,,fenoxycarb,https://lod.nal.usda.gov/nalt/39830,,False,skos:broader; skos:narrower,
fenuron,,fenuron,https://lod.nal.usda.gov/nalt/39842,,True,skos:broader; skos:narrower,
fenuron TCA,fenuron-trichloroacetic acid,fenuron TCA (fenuron-trichloroacetic acid),https://lod.nal.usda.gov/nalt/39843,,True,skos:broader; skos:narrower,
fertigation,fertigated; fertirrigation,"fertigation (fertigated, fertirrigation)",https://lod.nal.usda.gov/nalt/24708,,False,skos:broader; skos:narrower,
fertilizer application,application of fertilisers; application of fertilizers; fertilisation (fertilisers); fertilisation (soils); fertiliser application; fertilization (fertilizers); fertilization (soils); fertilizer treatment,"fertilizer application (application of fertilisers, application of fertilizers, fertilisation (fertilisers), fertilisation (soils), fertiliser application, fertilization (fertilizers), fertilization (soils), fertilizer treatment)",https://lod.nal.usda.gov/nalt/11357,,False,skos:related,
Festuca pratensis,English-bluegrass; Festuca apennina; Festuca elatior var. apennina; Lolium pratense; Schedonorus pratensis; meadow fescue,"Festuca pratensis (English-bluegrass, Festuca apennina, Festuca elatior var. apennina, Lolium pratense, Schedonorus pratensis, meadow fescue)",https://lod.nal.usda.gov/nalt/37174,,False,skos:related,
flamprop,,flamprop,https://lod.nal.usda.gov/nalt/8953,,True,skos:broader; skos:narrower,
flocoumafen,,flocoumafen,https://lod.nal.usda.gov/nalt/29693,,True,skos:broader; skos:narrower,
florfenicol,3-fluorothiamphenicol; florphenicol,"florfenicol (3-fluorothiamphenicol, florphenicol)",https://lod.nal.usda.gov/nalt/7687,,False,skos:broader; skos:narrower,
flufenacet,,flufenacet,https://lod.nal.usda.gov/nalt/125014,,True,skos:broader; skos:narrower,
fluometuron,,fluometuron,https://lod.nal.usda.gov/nalt/40701,,True,skos:broader; skos:narrower,
fluopyram,,fluopyram,https://lod.nal.usda.gov/nalt/327888,,True,skos:broader; skos:narrower,
fluorescein-5-isothiocyanate,FITC (fluorescein-5-isothiocyanate); fluorescein-5-isothiocyanate hydrochloride,"fluorescein-5-isothiocyanate (FITC (fluorescein-5-isothiocyanate), fluorescein-5-isothiocyanate hydrochloride)",https://lod.nal.usda.gov/nalt/303820,,False,skos:broader; skos:narrower,
fluorodifen,,fluorodifen,https://lod.nal.usda.gov/nalt/40729,,True,skos:broader; skos:narrower,
fluoroglycofen,,fluoroglycofen,https://lod.nal.usda.gov/nalt/40730,,True,skos:broader; skos:narrower,
fluoroquinolones,(fluoro)quinolones,fluoroquinolones ((fluoro)quinolones),https://lod.nal.usda.gov/nalt/192327,,False,skos:related,
flupyrsulfuron,,flupyrsulfuron,https://lod.nal.usda.gov/nalt/124408,,True,skos:broader; skos:narrower,
foliar spraying,,foliar spraying,https://lod.nal.usda.gov/nalt/40783,,False,skos:broader; skos:narrower,
food inspection,,food inspection,https://lod.nal.usda.gov/nalt/40344,,False,skos:broader; skos:narrower,
food sanitation,food hygiene,food sanitation (food hygiene),https://lod.nal.usda.gov/nalt/40917,,False,skos:broader; skos:narrower,
fosfomycin,fosfomycin trometamol; monuril; phosphomycin; phosphonomycin,"fosfomycin (fosfomycin trometamol, monuril, phosphomycin, phosphonomycin)",https://lod.nal.usda.gov/nalt/235901,,False,skos:broader; skos:narrower,
fosmidomycin,,fosmidomycin,https://lod.nal.usda.gov/nalt/235907,,False,skos:broader; skos:narrower,
fumagillin,fumidil B,fumagillin (fumidil B),https://lod.nal.usda.gov/nalt/316092,,False,skos:broader; skos:narrower,
funnel traps,,funnel traps,https://lod.nal.usda.gov/nalt/41877,,False,skos:broader; skos:narrower,
Galega officinalis,Galega bicolor; Galega patula; goat's rue; goatsrue; professorweed,"Galega officinalis (Galega bicolor, Galega patula, goat's rue, goatsrue, professorweed)",https://lod.nal.usda.gov/nalt/42177,,False,skos:related,
gamithromycin,,gamithromycin,https://lod.nal.usda.gov/nalt/300163,,False,skos:related,
gene transfer,gene delivery,gene transfer (gene delivery),https://lod.nal.usda.gov/nalt/17418,,False,skos:related,
genetic engineering,genetic manipulation; genetic modification,"genetic engineering (genetic manipulation, genetic modification)",https://lod.nal.usda.gov/nalt/17343,,False,skos:broader; skos:narrower,
genetically modified organisms,GMO (genetically modified organisms); GMOs (genetically modified organisms); LMO (living modified organisms); LMOs (living modified organisms); living modified organisms; transgenics,"genetically modified organisms (GMO (genetically modified organisms), GMOs (genetically modified organisms), LMO (living modified organisms), LMOs (living modified organisms), living modified organisms, transgenics)",https://lod.nal.usda.gov/nalt/17344,,False,skos:related,
glufosinate resistance,glufosinate resistant,glufosinate resistance (glufosinate resistant),https://lod.nal.usda.gov/nalt/265263,,False,skos:related,
good hygiene practices,GHP (good hygiene practices); GHPs (good hygiene practices); best hygiene practices; good hygienic practices,"good hygiene practices (GHP (good hygiene practices), GHPs (good hygiene practices), best hygiene practices, good hygienic practices)",https://lod.nal.usda.gov/nalt/137661,,False,skos:related,
grain inspection,,grain inspection,https://lod.nal.usda.gov/nalt/43615,,False,skos:broader; skos:narrower,
guaiacol,,guaiacol,https://lod.nal.usda.gov/nalt/10557,,False,skos:related,
guanidines,guanidine hydrochloride,guanidines (guanidine hydrochloride),https://lod.nal.usda.gov/nalt/5204,,False,skos:related,
haloacetic acids,HAA5,haloacetic acids (HAA5),https://lod.nal.usda.gov/nalt/214332,,False,skos:related,
halofenozide,,halofenozide,https://lod.nal.usda.gov/nalt/44427,,False,skos:broader; skos:narrower,
harvesters,harvesting machines,harvesters (harvesting machines),https://lod.nal.usda.gov/nalt/28106,,False,skos:related,
helminthiasis,helminth infections; helminthic infections; helminthoses; verminoses; verminosis,"helminthiasis (helminth infections, helminthic infections, helminthoses, verminoses, verminosis)",https://lod.nal.usda.gov/nalt/24141,,False,skos:broader; skos:narrower,
Heracleum mantegazzianum,cartwheel flower; cartwheel-flower; giant hogweed,"Heracleum mantegazzianum (cartwheel flower, cartwheel-flower, giant hogweed)",https://lod.nal.usda.gov/nalt/22724,,False,skos:related,
hippuric acid,,hippuric acid,https://lod.nal.usda.gov/nalt/7688,,False,skos:broader; skos:narrower,
hormone agonists,gonadotropin-releasing hormone agonists,hormone agonists (gonadotropin-releasing hormone agonists),https://lod.nal.usda.gov/nalt/514,,False,skos:broader; skos:narrower,
hormone antagonists,,hormone antagonists,https://lod.nal.usda.gov/nalt/515,,False,skos:broader; skos:narrower,
host-parasite relationships,host parasite relationships; host-parasite interactions; parasite host relationships; parasite-host interactions; parasite-host relationships,"host-parasite relationships (host parasite relationships, host-parasite interactions, parasite host relationships, parasite-host interactions, parasite-host relationships)",https://lod.nal.usda.gov/nalt/834,,False,skos:related,
hosts,,hosts,https://lod.nal.usda.gov/nalt/836,,False,skos:related,
human-landing catches,human-landing collections,human-landing catches (human-landing collections),https://lod.nal.usda.gov/nalt/329710,,False,skos:broader; skos:narrower,
Hydrilla verticillata,Florida elodea; Indian star-vine; water-thyme,"Hydrilla verticillata (Florida elodea, Indian star-vine, water-thyme)",https://lod.nal.usda.gov/nalt/40619,,False,skos:related,
hydroprene,,hydroprene,https://lod.nal.usda.gov/nalt/46412,,False,skos:broader; skos:narrower,
hydroxyurea,hydrocarbamide,hydroxyurea (hydrocarbamide),https://lod.nal.usda.gov/nalt/7689,,False,skos:broader; skos:narrower,
hygiene,,hygiene,https://lod.nal.usda.gov/nalt/46088,,False,skos:related,
Hygrophila polysperma,Indian swampweed; dwarf hygrophila; miramar weed,"Hygrophila polysperma (Indian swampweed, dwarf hygrophila, miramar weed)",https://lod.nal.usda.gov/nalt/46443,,False,skos:related,
imidocarb,,imidocarb,https://lod.nal.usda.gov/nalt/7690,,False,skos:broader; skos:narrower,
Imperata brasiliensis,Brazilian blady grass; Brazilian satin tail; Brazilian satintail,"Imperata brasiliensis (Brazilian blady grass, Brazilian satin tail, Brazilian satintail)",https://lod.nal.usda.gov/nalt/19643,,False,skos:related,
Imperata cylindrica,Imperata arundinacea; Imperata cylindrica ssp. koenigii; Imperata cylindrica subsp. koenigii; Imperata cylindrica var. koenigii; Imperata cylindrica var. major; Imperata koenigii; Imperata koenigii var. major; Lagurus cylindricus; Saccharum koenigii; alang alang; alang-alang; cogongrass,"Imperata cylindrica (Imperata arundinacea, Imperata cylindrica ssp. koenigii, Imperata cylindrica subsp. koenigii, Imperata cylindrica var. koenigii, Imperata cylindrica var. major, Imperata koenigii, Imperata koenigii var. major, Lagurus cylindricus, Saccharum koenigii, alang alang, alang-alang, cogongrass)",https://lod.nal.usda.gov/nalt/5939,,False,skos:related,
in-row tillage,in-row cultivation; in-row subsoiling; intrarow tillage; within-row tillage,"in-row tillage (in-row cultivation, in-row subsoiling, intrarow tillage, within-row tillage)",https://lod.nal.usda.gov/nalt/47065,,False,skos:related,
industrial crops,industrial plants (crops); nonfood crops; technical crops,"industrial crops (industrial plants (crops), nonfood crops, technical crops)",https://lod.nal.usda.gov/nalt/134917,,False,skos:related,
insect ecology,,insect ecology,https://lod.nal.usda.gov/nalt/9142,,False,skos:broader; skos:narrower,
insect larvae,ant larvae; bee larvae; beetle larvae; butterfly larvae; caterpillars; fly larvae; grubs; honey bee larvae; insect larva; maggots; midge larvae; mosquito larvae; moth larvae; silkworm larvae,"insect larvae (ant larvae, bee larvae, beetle larvae, butterfly larvae, caterpillars, fly larvae, grubs, honey bee larvae, insect larva, maggots, midge larvae, mosquito larvae, moth larvae, silkworm larvae)",https://lod.nal.usda.gov/nalt/83502,,False,skos:related,
insect viruses,,insect viruses,https://lod.nal.usda.gov/nalt/15491,,False,skos:related,
invasive species,invasive alien species; invasive taxa,"invasive species (invasive alien species, invasive taxa)",https://lod.nal.usda.gov/nalt/28000,,False,skos:related,
Ipomoea aquatica,Chinese water spinach; Chinese waterspinach; Ipomoea reptans; river spinach; swamp cabbage; swamp morning glory; water spinach,"Ipomoea aquatica (Chinese water spinach, Chinese waterspinach, Ipomoea reptans, river spinach, swamp cabbage, swamp morning glory, water spinach)",https://lod.nal.usda.gov/nalt/25134,,False,skos:related,
irrigation,herbigation; watering (crops),"irrigation (herbigation, watering (crops))",https://lod.nal.usda.gov/nalt/24709,,False,skos:related,
Ischaemum rugosum,murain grass; muraino grass; ribbed muraina grass,"Ischaemum rugosum (murain grass, muraino grass, ribbed muraina grass)",https://lod.nal.usda.gov/nalt/47803,,False,skos:related,
isoproturon,,isoproturon,https://lod.nal.usda.gov/nalt/47891,,True,skos:broader; skos:narrower,
ivermectin,,ivermectin,https://lod.nal.usda.gov/nalt/14129,,False,skos:broader; skos:narrower,
juvenile hormone receptors,,juvenile hormone receptors,https://lod.nal.usda.gov/nalt/223459,,False,skos:related,
juvenile hormones,JH (juvenile hormones); juvenile hormone I; juvenile hormone II; juvenile hormone III,"juvenile hormones (JH (juvenile hormones), juvenile hormone I, juvenile hormone II, juvenile hormone III)",https://lod.nal.usda.gov/nalt/45930,,False,skos:related,
knapsack sprayers,,knapsack sprayers,https://lod.nal.usda.gov/nalt/48519,,False,skos:broader; skos:narrower,
lactams,,lactams,https://lod.nal.usda.gov/nalt/7691,,False,skos:broader; skos:narrower,
lactofen,,lactofen,https://lod.nal.usda.gov/nalt/45212,,True,skos:broader; skos:narrower,
lactones,lactone compounds,lactones (lactone compounds),https://lod.nal.usda.gov/nalt/14126,,False,skos:broader; skos:narrower,
Lagarosiphon major,African elodea; African oxygen weed,"Lagarosiphon major (African elodea, African oxygen weed)",https://lod.nal.usda.gov/nalt/4859,,False,skos:related,
lasalocid,X-537A; lasalocid A; lasalocid sodium; lasolocid,"lasalocid (X-537A, lasalocid A, lasalocid sodium, lasolocid)",https://lod.nal.usda.gov/nalt/138171,,False,skos:broader; skos:narrower,
Lepidium appelianum,Cardaria pubescens; Hymenophysa pubescens; hairy whitetop,"Lepidium appelianum (Cardaria pubescens, Hymenophysa pubescens, hairy whitetop)",https://lod.nal.usda.gov/nalt/22381,,False,skos:related,
Lepidium draba,whitetop,Lepidium draba (whitetop),https://lod.nal.usda.gov/nalt/49645,,False,skos:related,
Leptochloa chinensis,Asian sprangletop; Poa chinensis,"Leptochloa chinensis (Asian sprangletop, Poa chinensis)",https://lod.nal.usda.gov/nalt/12948,,False,skos:related,
levofloxacin,levaquin,levofloxacin (levaquin),https://lod.nal.usda.gov/nalt/255796,,False,skos:broader; skos:narrower,
light traps,,light traps,https://lod.nal.usda.gov/nalt/17869,,False,skos:broader; skos:narrower,
Limnophila sessiliflora,Hottonia sessiliflora; ambulia,"Limnophila sessiliflora (Hottonia sessiliflora, ambulia)",https://lod.nal.usda.gov/nalt/7495,,False,skos:related,
Linaria vulgaris,butter-and-eggs (common name); yellow toadflax,"Linaria vulgaris (butter-and-eggs (common name), yellow toadflax)",https://lod.nal.usda.gov/nalt/20632,,False,skos:related,
lincomycin,lincocin; lincomycin hydrochloride,"lincomycin (lincocin, lincomycin hydrochloride)",https://lod.nal.usda.gov/nalt/10202,,False,skos:broader; skos:narrower,
linuron,,linuron,https://lod.nal.usda.gov/nalt/50256,,True,skos:broader; skos:narrower,
Lonicera japonica,Japanese honeysuckle,Lonicera japonica (Japanese honeysuckle),https://lod.nal.usda.gov/nalt/48035,,False,skos:related,
Lycium ferocissimum,African boxthorn; Lycium ferrocissimum,"Lycium ferocissimum (African boxthorn, Lycium ferrocissimum)",https://lod.nal.usda.gov/nalt/4848,,False,skos:related,
Lythrum salicaria,purple loosestrife; purple lythrum; spiked loosestrife,"Lythrum salicaria (purple loosestrife, purple lythrum, spiked loosestrife)",https://lod.nal.usda.gov/nalt/50967,,False,skos:related,
magnesium borate,,magnesium borate,https://lod.nal.usda.gov/nalt/222443,,False,skos:broader; skos:narrower,
Malaise traps,,Malaise traps,https://lod.nal.usda.gov/nalt/47410,,False,skos:broader; skos:narrower,
malaria,,malaria,https://lod.nal.usda.gov/nalt/14167,,False,skos:broader; skos:narrower,
mammals,,mammals,https://lod.nal.usda.gov/nalt/558,,False,skos:related,
manganese borate,,manganese borate,https://lod.nal.usda.gov/nalt/222444,,False,skos:broader; skos:narrower,
MCPA (herbicide),2-(4-chloro-2-methylphenoxy)acetic acid; 2-methyl-4-chlorophenoxy acetic acid; 2-methyl-4-chlorophenoxyacetic acid; 4-(2-methyl-4-chlorophenoxy)acetic acid; 4-chloro-2-methylphenoxy acetic acid; 4-chloro-o-tolyloxyacetic acid; methyl chlorophenoxy acetic acid,"MCPA (herbicide) (2-(4-chloro-2-methylphenoxy)acetic acid, 2-methyl-4-chlorophenoxy acetic acid, 2-methyl-4-chlorophenoxyacetic acid, 4-(2-methyl-4-chlorophenoxy)acetic acid, 4-chloro-2-methylphenoxy acetic acid, 4-chloro-o-tolyloxyacetic acid, methyl chlorophenoxy acetic acid)",https://lod.nal.usda.gov/nalt/1479,,True,skos:broader; skos:narrower,
MCPB (herbicide),4-(4-chloro-2-methylphenoxy)butanoic acid,MCPB (herbicide) (4-(4-chloro-2-methylphenoxy)butanoic acid),https://lod.nal.usda.gov/nalt/1471,,True,skos:broader; skos:narrower,
mecoprop,,mecoprop,https://lod.nal.usda.gov/nalt/45215,,True,skos:broader; skos:narrower,
mefluidide,,mefluidide,https://lod.nal.usda.gov/nalt/45216,,True,skos:broader; skos:narrower,
Melaleuca quinquenervia,Metrosideros quinquenervia; broadleaf paperbark; broadleaf teatree,"Melaleuca quinquenervia (Metrosideros quinquenervia, broadleaf paperbark, broadleaf teatree)",https://lod.nal.usda.gov/nalt/19895,,False,skos:related,
Melastoma malabathricum,Indian rhododendron,Melastoma malabathricum (Indian rhododendron),https://lod.nal.usda.gov/nalt/47137,,False,skos:related,
metalaxyl,"methyl N-(2,6-dimethylphenyl)-N-(methoxyacetyl)-DL-alaninate; methyl N-(methyoxyacetyl)-N-2,6-xylyl-DL-alaninate","metalaxyl (methyl N-(2,6-dimethylphenyl)-N-(methoxyacetyl)-DL-alaninate, methyl N-(methyoxyacetyl)-N-2,6-xylyl-DL-alaninate)",https://lod.nal.usda.gov/nalt/41854,,True,skos:broader; skos:narrower,
Metarhizium anisopliae,,Metarhizium anisopliae,https://lod.nal.usda.gov/nalt/52260,,False,skos:related,
methidathion,,methidathion,https://lod.nal.usda.gov/nalt/52330,,True,skos:broader; skos:narrower,
methiocarb,,methiocarb,https://lod.nal.usda.gov/nalt/52331,,False,skos:broader; skos:narrower,
methodology,creative methods; methods; new methodology; new methods; new techniques; novel methods; techniques,"methodology (creative methods, methods, new methodology, new methods, new techniques, novel methods, techniques)",https://lod.nal.usda.gov/nalt/5079,,False,skos:broader; skos:narrower,
methoprene,,methoprene,https://lod.nal.usda.gov/nalt/48223,,False,skos:broader; skos:narrower,
methoxyfenozide,RH-2485,methoxyfenozide (RH-2485),https://lod.nal.usda.gov/nalt/35593,,False,skos:broader; skos:narrower,
metobromuron,,metobromuron,https://lod.nal.usda.gov/nalt/52484,,True,skos:broader; skos:narrower,
metolachlor metabolites,,metolachlor metabolites,https://lod.nal.usda.gov/nalt/324690,,True,skos:broader; skos:narrower,
metoxuron,,metoxuron,https://lod.nal.usda.gov/nalt/45226,,True,skos:broader; skos:narrower,
metsulfuron,,metsulfuron,https://lod.nal.usda.gov/nalt/52503,,True,skos:broader; skos:narrower,
Mikania cordata,heartleaf hempvine,Mikania cordata (heartleaf hempvine),https://lod.nal.usda.gov/nalt/44773,,False,skos:related,
Mikania micrantha,bittervine; climbing hempweed,"Mikania micrantha (bittervine, climbing hempweed)",https://lod.nal.usda.gov/nalt/17687,,False,skos:related,
Mimosa diplotricha,Mimosa invisa,Mimosa diplotricha (Mimosa invisa),https://lod.nal.usda.gov/nalt/53015,,False,skos:related,
Mimosa pigra,Mimosa pellita; Mimosa pellita var. pellita; black mimosa; thorny sensitive plant,"Mimosa pigra (Mimosa pellita, Mimosa pellita var. pellita, black mimosa, thorny sensitive plant)",https://lod.nal.usda.gov/nalt/17782,,False,skos:related,
mirex,,mirex,https://lod.nal.usda.gov/nalt/31052,,True,skos:broader; skos:narrower,
molluscicidal properties,molluscicide activity; molluscicide property,"molluscicidal properties (molluscicide activity, molluscicide property)",https://lod.nal.usda.gov/nalt/53270,,False,skos:broader; skos:narrower,
monalide,,monalide,https://lod.nal.usda.gov/nalt/45227,,True,skos:broader; skos:narrower,
monobromoacetic acid,,monobromoacetic acid,https://lod.nal.usda.gov/nalt/214335,,False,skos:related,
Monochoria hastata,arrowleaf false pickerelweed; arrowleaf monochoria; hastate leaf pondweed,"Monochoria hastata (arrowleaf false pickerelweed, arrowleaf monochoria, hastate leaf pondweed)",https://lod.nal.usda.gov/nalt/12356,,False,skos:related,
Monochoria vaginalis,Monochoria vaginalis var. pauciflora; Pontederia vaginalis; oval leaf monochoria; oval leaf pickerelweed; oval leaf pondweed,"Monochoria vaginalis (Monochoria vaginalis var. pauciflora, Pontederia vaginalis, oval leaf monochoria, oval leaf pickerelweed, oval leaf pondweed)",https://lod.nal.usda.gov/nalt/53358,,False,skos:related,
monolinuron,,monolinuron,https://lod.nal.usda.gov/nalt/53382,,True,skos:broader; skos:narrower,
monoterpenoids,monoterpenes,monoterpenoids (monoterpenes),https://lod.nal.usda.gov/nalt/6936,,False,skos:broader; skos:narrower,
monuron,"3-(4-chlorophenyl)-1,1-dimethylurea; 3-(p-chlorophenyl)-1,1-dimethylurea; CMU (herbicide); N'-(4-chlorophenyl)-N,N-dimethylurea; chlorfenidim","monuron (3-(4-chlorophenyl)-1,1-dimethylurea, 3-(p-chlorophenyl)-1,1-dimethylurea, CMU (herbicide), N'-(4-chlorophenyl)-N,N-dimethylurea, chlorfenidim)",https://lod.nal.usda.gov/nalt/45228,,True,skos:broader; skos:narrower,
monuron TCA,"3-(4-chlorophenyl)-1,1-dimethyluronium trichloroacetate; 3-(p-chlorophenyl)-1,1-dimethylurea trichloroacetate; monuron trichloroacetate; monuron-TCA","monuron TCA (3-(4-chlorophenyl)-1,1-dimethyluronium trichloroacetate, 3-(p-chlorophenyl)-1,1-dimethylurea trichloroacetate, monuron trichloroacetate, monuron-TCA)",https://lod.nal.usda.gov/nalt/45229,,True,skos:broader; skos:narrower,
myiasis,,myiasis,https://lod.nal.usda.gov/nalt/40750,,False,skos:broader; skos:narrower,
Myriophyllum spicatum,Eurasian water-milfoil; spiked watermilfoil,"Myriophyllum spicatum (Eurasian water-milfoil, spiked watermilfoil)",https://lod.nal.usda.gov/nalt/38624,,False,skos:related,
narasin,,narasin,https://lod.nal.usda.gov/nalt/10203,,False,skos:broader; skos:narrower,
Nassella trichotoma,Stipa trichotoma; nassella tussock; serrated tussock,"Nassella trichotoma (Stipa trichotoma, nassella tussock, serrated tussock)",https://lod.nal.usda.gov/nalt/54358,,False,skos:related,
neburon,,neburon,https://lod.nal.usda.gov/nalt/54447,,True,skos:broader; skos:narrower,
nematicidal properties,nematicide property; nematocidal activity,"nematicidal properties (nematicide property, nematocidal activity)",https://lod.nal.usda.gov/nalt/54512,,False,skos:broader; skos:narrower,
neosporosis,,neosporosis,https://lod.nal.usda.gov/nalt/27437,,False,skos:broader; skos:narrower,
neostigmine,,neostigmine,https://lod.nal.usda.gov/nalt/25591,,False,skos:related,
nerve agents,G series nerve agents; cyclosarin; organophosphate nerve agents; organophosphorus nerve agents; sarin (nerve agents); soman; tabun,"nerve agents (G series nerve agents, cyclosarin, organophosphate nerve agents, organophosphorus nerve agents, sarin (nerve agents), soman, tabun)",https://lod.nal.usda.gov/nalt/264440,,False,skos:related,
niclosamide,,niclosamide,https://lod.nal.usda.gov/nalt/7692,,False,skos:broader; skos:narrower,
nicosulfuron,,nicosulfuron,https://lod.nal.usda.gov/nalt/54804,,True,skos:broader; skos:narrower,
nicotinamide,niacinamide,nicotinamide (niacinamide),https://lod.nal.usda.gov/nalt/7693,,False,skos:broader; skos:narrower,
nigericin,,nigericin,https://lod.nal.usda.gov/nalt/10204,,False,skos:broader; skos:narrower,
nitrates,,nitrates,https://lod.nal.usda.gov/nalt/4064,,False,skos:broader; skos:narrower,
nitrile hydratase,EC 4.2.1.84; acrylonitrile hydratase; nitrile hydro-lyase,"nitrile hydratase (EC 4.2.1.84, acrylonitrile hydratase, nitrile hydro-lyase)",https://lod.nal.usda.gov/nalt/311634,,False,skos:related,
nitrofen,,nitrofen,https://lod.nal.usda.gov/nalt/45232,,True,skos:broader; skos:narrower,
nitrofluorfen,,nitrofluorfen,https://lod.nal.usda.gov/nalt/45233,,True,skos:broader; skos:narrower,
nitroscanate,,nitroscanate,https://lod.nal.usda.gov/nalt/9929,,False,skos:broader; skos:narrower,
no-tillage,direct drilling (no-tillage); no-till; no-tillage systems; zero tillage,"no-tillage (direct drilling (no-tillage), no-till, no-tillage systems, zero tillage)",https://lod.nal.usda.gov/nalt/28631,,False,skos:related,
novobiocin,,novobiocin,https://lod.nal.usda.gov/nalt/10205,,False,skos:broader; skos:narrower,
nursery insects,,nursery insects,https://lod.nal.usda.gov/nalt/314217,,False,skos:related,
oestrosis,,oestrosis,https://lod.nal.usda.gov/nalt/311300,,False,skos:broader; skos:narrower,
omethoate,,omethoate,https://lod.nal.usda.gov/nalt/55822,,True,skos:broader; skos:narrower,
Onopordum acanthium,Scotch cottonthistle; Scotch thistle; cotton thistle; cotton-thistle; cottonthistle; heraldic thistle,"Onopordum acanthium (Scotch cottonthistle, Scotch thistle, cotton thistle, cotton-thistle, cottonthistle, heraldic thistle)",https://lod.nal.usda.gov/nalt/29644,,False,skos:related,
organic nitrogen compounds,,organic nitrogen compounds,https://lod.nal.usda.gov/nalt/7679,,False,skos:broader; skos:narrower,
Orobanche,broomrape,Orobanche (broomrape),https://lod.nal.usda.gov/nalt/55316,,False,skos:related,
Oryza longistaminata,longstamen rice,Oryza longistaminata (longstamen rice),https://lod.nal.usda.gov/nalt/50585,,False,skos:related,
Oryza punctata,,Oryza punctata,https://lod.nal.usda.gov/nalt/55317,,False,skos:related,
Oryza rufipogon,Oryza fatua; Oryza sativa var. fatua; brownbeard rice,"Oryza rufipogon (Oryza fatua, Oryza sativa var. fatua, brownbeard rice)",https://lod.nal.usda.gov/nalt/20107,,False,skos:related,
Ottelia alismoides,duck lettuce; water plantain ottelia,"Ottelia alismoides (duck lettuce, water plantain ottelia)",https://lod.nal.usda.gov/nalt/34834,,False,skos:related,
oviposition attractants,,oviposition attractants,https://lod.nal.usda.gov/nalt/13782,,False,skos:broader; skos:narrower,
ovitraps,oviposition traps,ovitraps (oviposition traps),https://lod.nal.usda.gov/nalt/47411,,False,skos:broader; skos:narrower,
oxamide,,oxamide,https://lod.nal.usda.gov/nalt/7694,,False,skos:broader; skos:narrower,
oxasulfuron,,oxasulfuron,https://lod.nal.usda.gov/nalt/125154,,True,skos:broader; skos:narrower,
oxazoles,,oxazoles,https://lod.nal.usda.gov/nalt/45385,,False,skos:broader; skos:narrower,
oxydemeton-methyl,metasystox-R,oxydemeton-methyl (metasystox-R),https://lod.nal.usda.gov/nalt/56135,,True,skos:broader; skos:narrower,
oxyfluorfen,,oxyfluorfen,https://lod.nal.usda.gov/nalt/45238,,True,skos:broader; skos:narrower,
paclobutrazol,,paclobutrazol,https://lod.nal.usda.gov/nalt/56530,,False,skos:broader; skos:narrower,
parasite load,parasitic load,parasite load (parasitic load),https://lod.nal.usda.gov/nalt/199466,,False,skos:related,
parasympathomimetics,parasympathomimetic agents; parasympathomimetic drugs; parasympathomimetic effect,"parasympathomimetics (parasympathomimetic agents, parasympathomimetic drugs, parasympathomimetic effect)",https://lod.nal.usda.gov/nalt/2520,,False,skos:related,
parathion-methyl,methyl parathion; methyl-parathion,"parathion-methyl (methyl parathion, methyl-parathion)",https://lod.nal.usda.gov/nalt/52351,,True,skos:broader; skos:narrower,
particles,,particles,https://lod.nal.usda.gov/nalt/601,,False,skos:related,
particulates,particulate matter,particulates (particulate matter),https://lod.nal.usda.gov/nalt/602,,False,skos:related,
Paspalum scrobiculatum,Paspalum orbiculare; kodo millet; water couch,"Paspalum scrobiculatum (Paspalum orbiculare, kodo millet, water couch)",https://lod.nal.usda.gov/nalt/48553,,False,skos:related,
pathogens,infectious agents; infectious pathogens,"pathogens (infectious agents, infectious pathogens)",https://lod.nal.usda.gov/nalt/838,,False,skos:related,
pediculosis capitis,,pediculosis capitis,https://lod.nal.usda.gov/nalt/57164,,False,skos:broader; skos:narrower,
Pediculus,,Pediculus,https://lod.nal.usda.gov/nalt/57163,,False,skos:related,
peptide antibiotics,,peptide antibiotics,https://lod.nal.usda.gov/nalt/10206,,False,skos:broader; skos:narrower,
peptides,,peptides,https://lod.nal.usda.gov/nalt/7813,,False,skos:related,
Persicaria perfoliata,Asiastic tearthumb; Persicaria perfoliatum; Polygonum perfoliata; Polygonum perfoliatum; devil's-tail tearthumb; mile-a-minute vine; mile-a-minute weed; minuteweed,"Persicaria perfoliata (Asiastic tearthumb, Persicaria perfoliatum, Polygonum perfoliata, Polygonum perfoliatum, devil's-tail tearthumb, mile-a-minute vine, mile-a-minute weed, minuteweed)",https://lod.nal.usda.gov/nalt/32935,,False,skos:related,
pesticide selectivity,,pesticide selectivity,https://lod.nal.usda.gov/nalt/133093,,False,skos:broader; skos:narrower,
pesticide synergists,,pesticide synergists,https://lod.nal.usda.gov/nalt/5567,,False,skos:related,
pheromone traps,,pheromone traps,https://lod.nal.usda.gov/nalt/47412,,False,skos:broader; skos:narrower,
pheromones,,pheromones,https://lod.nal.usda.gov/nalt/5158,,False,skos:broader; skos:narrower,
phosphonates,organophosphonates; phosphonic acid esters,"phosphonates (organophosphonates, phosphonic acid esters)",https://lod.nal.usda.gov/nalt/56126,,False,skos:broader; skos:narrower,
phosphoric triamides,,phosphoric triamides,https://lod.nal.usda.gov/nalt/7695,,False,skos:broader; skos:narrower,
phosphorodiamides,,phosphorodiamides,https://lod.nal.usda.gov/nalt/7696,,False,skos:broader; skos:narrower,
picoxystrobin,,picoxystrobin,https://lod.nal.usda.gov/nalt/331867,,True,skos:broader; skos:narrower,
pirimiphos-methyl,,pirimiphos-methyl,https://lod.nal.usda.gov/nalt/56136,,True,skos:broader; skos:narrower,
pitfall traps,,pitfall traps,https://lod.nal.usda.gov/nalt/47413,,False,skos:broader; skos:narrower,
plant cultural practices,agronomic practices; crop husbandry; cultural methods (plants); cultural practices (plants); plant care; plant culture; plant growing methods; plant growing practices,"plant cultural practices (agronomic practices, crop husbandry, cultural methods (plants), cultural practices (plants), plant care, plant culture, plant growing methods, plant growing practices)",https://lod.nal.usda.gov/nalt/20,,False,skos:broader; skos:narrower,
plant growth substances,PGRs (growth regulators); exogenous plant growth regulators; plant growth factors; plant growth regulating chemicals; plant growth regulating compounds; plant growth regulating substances; plant growth regulators,"plant growth substances (PGRs (growth regulators), exogenous plant growth regulators, plant growth factors, plant growth regulating chemicals, plant growth regulating compounds, plant growth regulating substances, plant growth regulators)",https://lod.nal.usda.gov/nalt/14070,,False,skos:broader; skos:narrower,
plant-insect relations,crop insect relations; crop-insect relations; insect crop relations; insect plant relations; insect-crop relations; insect-plant interactions; insect-plant relations; plant insect interactions; plant insect relations; plant-insect interactions,"plant-insect relations (crop insect relations, crop-insect relations, insect crop relations, insect plant relations, insect-crop relations, insect-plant interactions, insect-plant relations, plant insect interactions, plant insect relations, plant-insect interactions)",https://lod.nal.usda.gov/nalt/24635,,False,skos:related,
plants (botany),,plants (botany),https://lod.nal.usda.gov/nalt/874,,False,skos:broader; skos:narrower,
polycyclic aromatic hydrocarbons,PAH (polycyclic aromatic hydrocarbons); PAHs (polycyclic aromatic hydrocarbons),"polycyclic aromatic hydrocarbons (PAH (polycyclic aromatic hydrocarbons), PAHs (polycyclic aromatic hydrocarbons))",https://lod.nal.usda.gov/nalt/12311,,False,skos:broader; skos:narrower,
precocenes,precocene I; precocene II; precocene III,"precocenes (precocene I, precocene II, precocene III)",https://lod.nal.usda.gov/nalt/48224,,False,skos:broader; skos:narrower,
prepatent period,pre-patent period,prepatent period (pre-patent period),https://lod.nal.usda.gov/nalt/34028,,False,skos:related,
primisulfuron,,primisulfuron,https://lod.nal.usda.gov/nalt/59620,,True,skos:broader; skos:narrower,
primisulfuron-methyl,"methyl 2-(4,6-bis(difluoromethoxy)pyrimidin-2-ylcarbamoylsulfamoyl)benzoate","primisulfuron-methyl (methyl 2-(4,6-bis(difluoromethoxy)pyrimidin-2-ylcarbamoylsulfamoyl)benzoate)",https://lod.nal.usda.gov/nalt/265319,,True,skos:broader; skos:narrower,
processing technology,industrial processing; process technology; processing methods,"processing technology (industrial processing, process technology, processing methods)",https://lod.nal.usda.gov/nalt/2770,,False,skos:broader; skos:narrower,
profenofos,,profenofos,https://lod.nal.usda.gov/nalt/56137,,True,skos:broader; skos:narrower,
propanil,"3,4-dichloropropionanilide; DCPA (propanil)","propanil (3,4-dichloropropionanilide, DCPA (propanil))",https://lod.nal.usda.gov/nalt/1434,,True,skos:broader; skos:narrower,
Prosopis alpataco,,Prosopis alpataco,https://lod.nal.usda.gov/nalt/55319,,False,skos:related,
Prosopis argentina,,Prosopis argentina,https://lod.nal.usda.gov/nalt/55320,,False,skos:related,
Prosopis articulata,mesquite amargo,Prosopis articulata (mesquite amargo),https://lod.nal.usda.gov/nalt/52216,,False,skos:related,
Prosopis burkartii,,Prosopis burkartii,https://lod.nal.usda.gov/nalt/55321,,False,skos:related,
Prosopis caldenia,,Prosopis caldenia,https://lod.nal.usda.gov/nalt/55322,,False,skos:related,
Prosopis calingastana,cusqui,Prosopis calingastana (cusqui),https://lod.nal.usda.gov/nalt/30893,,False,skos:related,
Prosopis campestris,,Prosopis campestris,https://lod.nal.usda.gov/nalt/55323,,False,skos:related,
Prosopis castellanosii,,Prosopis castellanosii,https://lod.nal.usda.gov/nalt/55324,,False,skos:related,
Prosopis denudans,,Prosopis denudans,https://lod.nal.usda.gov/nalt/55325,,False,skos:related,
Prosopis elata,,Prosopis elata,https://lod.nal.usda.gov/nalt/55326,,False,skos:related,
Prosopis farcta,Prosopis stephaniana,Prosopis farcta (Prosopis stephaniana),https://lod.nal.usda.gov/nalt/55327,,False,skos:related,
Prosopis ferox,,Prosopis ferox,https://lod.nal.usda.gov/nalt/55328,,False,skos:related,
Prosopis fiebrigii,,Prosopis fiebrigii,https://lod.nal.usda.gov/nalt/55329,,False,skos:related,
Prosopis hassleri,,Prosopis hassleri,https://lod.nal.usda.gov/nalt/55330,,False,skos:related,
Prosopis humilis,,Prosopis humilis,https://lod.nal.usda.gov/nalt/55331,,False,skos:related,
Prosopis kuntzei,,Prosopis kuntzei,https://lod.nal.usda.gov/nalt/55332,,False,skos:related,
Prosopis pallida,Acacia pallida; Prosopis limensis; algarrobo; kiawe,"Prosopis pallida (Acacia pallida, Prosopis limensis, algarrobo, kiawe)",https://lod.nal.usda.gov/nalt/1931,,False,skos:related,
Prosopis palmeri,,Prosopis palmeri,https://lod.nal.usda.gov/nalt/55333,,False,skos:related,
Prosopis reptans,,Prosopis reptans,https://lod.nal.usda.gov/nalt/55334,,False,skos:related,
Prosopis rojasiana,,Prosopis rojasiana,https://lod.nal.usda.gov/nalt/55335,,False,skos:related,
Prosopis ruizlealii,,Prosopis ruizlealii,https://lod.nal.usda.gov/nalt/55336,,False,skos:related,
Prosopis ruscifolia,,Prosopis ruscifolia,https://lod.nal.usda.gov/nalt/55337,,False,skos:related,
Prosopis sericantha,,Prosopis sericantha,https://lod.nal.usda.gov/nalt/55338,,False,skos:related,
Prosopis torquata,,Prosopis torquata,https://lod.nal.usda.gov/nalt/55339,,False,skos:related,
prosulfuron,,prosulfuron,https://lod.nal.usda.gov/nalt/59897,,True,skos:broader; skos:narrower,
protein synthesis inhibitors,,protein synthesis inhibitors,https://lod.nal.usda.gov/nalt/10216,,False,skos:broader; skos:narrower,
protozoal infections,protozoal diseases; protozoal infections of animals; protozoan diseases; protozoan infections,"protozoal infections (protozoal diseases, protozoal infections of animals, protozoan diseases, protozoan infections)",https://lod.nal.usda.gov/nalt/7502,,False,skos:broader; skos:narrower,
Pueraria montana var. lobata,Dolichos hirsutus; Dolichos lobatus; Neustanthus chinensis; Pachyrhizus thunbergianus; Pueraria hirsuta; Pueraria lobata; Pueraria lobata var. chinensis; Pueraria thunbergiana; kudzu,"Pueraria montana var. lobata (Dolichos hirsutus, Dolichos lobatus, Neustanthus chinensis, Pachyrhizus thunbergianus, Pueraria hirsuta, Pueraria lobata, Pueraria lobata var. chinensis, Pueraria thunbergiana, kudzu)",https://lod.nal.usda.gov/nalt/34322,,False,skos:related,
pyraoxystrobin,,pyraoxystrobin,https://lod.nal.usda.gov/nalt/331868,,True,skos:broader; skos:narrower,
pyrimethanil,,pyrimethanil,https://lod.nal.usda.gov/nalt/213707,,True,skos:broader; skos:narrower,
quality control,quality assurance; quality circle,"quality control (quality assurance, quality circle)",https://lod.nal.usda.gov/nalt/4278,,False,skos:broader; skos:narrower,
quinalphos,,quinalphos,https://lod.nal.usda.gov/nalt/56138,,True,skos:broader; skos:narrower,
repellents,,repellents,https://lod.nal.usda.gov/nalt/249,,False,skos:broader; skos:narrower,
resistance management,,resistance management,https://lod.nal.usda.gov/nalt/34012,,False,skos:related,
Reynoutria japonica,Fallopia japonica; Fallopia japonica var. japonica; Japanese knotweed; Polygonum cuspidatum; Polygonum cuspidatum var. compactum; Polygonum cuspidatum var. cuspidatum; Polygonum reynoutria,"Reynoutria japonica (Fallopia japonica, Fallopia japonica var. japonica, Japanese knotweed, Polygonum cuspidatum, Polygonum cuspidatum var. compactum, Polygonum cuspidatum var. cuspidatum, Polygonum reynoutria)",https://lod.nal.usda.gov/nalt/39381,,False,skos:related,
rifamycins,rifamycin SV,rifamycins (rifamycin SV),https://lod.nal.usda.gov/nalt/10208,,False,skos:broader; skos:narrower,
rimsulfuron,,rimsulfuron,https://lod.nal.usda.gov/nalt/61576,,True,skos:broader; skos:narrower,
rodenticidal properties,rodenticide activity; rodenticide property,"rodenticidal properties (rodenticide activity, rodenticide property)",https://lod.nal.usda.gov/nalt/57562,,False,skos:broader; skos:narrower,
Rosa multiflora,Rosa multiflora var. carnea; Rosa multiflora var. platyphylla; Rosa x floribunda; multiflora rose,"Rosa multiflora (Rosa multiflora var. carnea, Rosa multiflora var. platyphylla, Rosa x floribunda, multiflora rose)",https://lod.nal.usda.gov/nalt/53695,,False,skos:related,
Rottboellia cochinchinensis,Manisuris exaltata; Rottboellia exaltata; Stegosia cochinchinensis; itch grass; itchgrass,"Rottboellia cochinchinensis (Manisuris exaltata, Rottboellia exaltata, Stegosia cochinchinensis, itch grass, itchgrass)",https://lod.nal.usda.gov/nalt/47942,,False,skos:related,
Rubus moluccanus,wild raspberry,Rubus moluccanus (wild raspberry),https://lod.nal.usda.gov/nalt/55340,,False,skos:related,
Saccharum spontaneum,wild sugarcane,Saccharum spontaneum (wild sugarcane),https://lod.nal.usda.gov/nalt/55341,,False,skos:related,
Sagittaria sagittifolia,Old World arrowhead,Sagittaria sagittifolia (Old World arrowhead),https://lod.nal.usda.gov/nalt/55342,,False,skos:related,
Salsola vermiculata,Damascus saltwort; wormleaf salsola,"Salsola vermiculata (Damascus saltwort, wormleaf salsola)",https://lod.nal.usda.gov/nalt/31678,,False,skos:related,
Salvinia auriculata,Salvinia rotundifolia,Salvinia auriculata (Salvinia rotundifolia),https://lod.nal.usda.gov/nalt/55343,,False,skos:related,
Salvinia biloba,,Salvinia biloba,https://lod.nal.usda.gov/nalt/55344,,False,skos:related,
Salvinia herzogii,,Salvinia herzogii,https://lod.nal.usda.gov/nalt/55345,,False,skos:related,
Salvinia molesta,aquarium water moss; giant Salvinia; kariba weed,"Salvinia molesta (aquarium water moss, giant Salvinia, kariba weed)",https://lod.nal.usda.gov/nalt/11471,,False,skos:related,
sanitation standard operating procedures,,sanitation standard operating procedures,https://lod.nal.usda.gov/nalt/41023,,False,skos:related,
sanitizing,cleaning and sterilisation; cleaning and sterilization,"sanitizing (cleaning and sterilisation, cleaning and sterilization)",https://lod.nal.usda.gov/nalt/26772,,False,skos:related,
sarcocystosis,,sarcocystosis,https://lod.nal.usda.gov/nalt/27438,,False,skos:broader; skos:narrower,
selamectin,,selamectin,https://lod.nal.usda.gov/nalt/14130,,False,skos:broader; skos:narrower,
sex attractants,,sex attractants,https://lod.nal.usda.gov/nalt/13783,,False,skos:broader; skos:narrower,
sex pheromones,,sex pheromones,https://lod.nal.usda.gov/nalt/47393,,False,skos:related,
shrublands,brushlands; brushwood; bushlands; macchia; maquis; scrub; scrublands; semi-desert scrub,"shrublands (brushlands, brushwood, bushlands, macchia, maquis, scrub, scrublands, semi-desert scrub)",https://lod.nal.usda.gov/nalt/62665,,False,skos:related,
Sicyos angulatus,,Sicyos angulatus,https://lod.nal.usda.gov/nalt/55346,,False,skos:related,
siduron,,siduron,https://lod.nal.usda.gov/nalt/63063,,True,skos:broader; skos:narrower,
silvex,,silvex,https://lod.nal.usda.gov/nalt/45265,,True,skos:broader; skos:narrower,
sodium borate,sodium diborate; sodium tetraborate,"sodium borate (sodium diborate, sodium tetraborate)",https://lod.nal.usda.gov/nalt/18625,,False,skos:broader; skos:narrower,
solan,,solan,https://lod.nal.usda.gov/nalt/45267,,True,skos:broader; skos:narrower,
Solanum tampicense,wetland nightshade,Solanum tampicense (wetland nightshade),https://lod.nal.usda.gov/nalt/55347,,False,skos:related,
Solanum torvum,Solanum ficifolium; turkey berry,"Solanum torvum (Solanum ficifolium, turkey berry)",https://lod.nal.usda.gov/nalt/55348,,False,skos:related,
Solanum viarum,Solanum khasianum var. chatterjeeanum; tropical nightshade; tropical soda apple,"Solanum viarum (Solanum khasianum var. chatterjeeanum, tropical nightshade, tropical soda apple)",https://lod.nal.usda.gov/nalt/55349,,False,skos:related,
Sparganium erectum,Sparganium chlorocarpum; Sparganium polyedrum; Sparganium ramosum; exotic bur reed,"Sparganium erectum (Sparganium chlorocarpum, Sparganium polyedrum, Sparganium ramosum, exotic bur reed)",https://lod.nal.usda.gov/nalt/38931,,False,skos:related,
Spermacoce alata,Borreria alata,Spermacoce alata (Borreria alata),https://lod.nal.usda.gov/nalt/18747,,False,skos:related,
sterilizing,sterilisation (sanitising); sterilising; sterilization (sanitizing),"sterilizing (sterilisation (sanitising), sterilising, sterilization (sanitizing))",https://lod.nal.usda.gov/nalt/13997,,False,skos:related,
sticky traps,sticky cards; yellow sticky traps,"sticky traps (sticky cards, yellow sticky traps)",https://lod.nal.usda.gov/nalt/47414,,False,skos:broader; skos:narrower,
streptozotocin,streptozocin,streptozotocin (streptozocin),https://lod.nal.usda.gov/nalt/7874,,False,skos:related,
Striga,witchweeds,Striga (witchweeds),https://lod.nal.usda.gov/nalt/55350,,False,skos:related,
suction traps,,suction traps,https://lod.nal.usda.gov/nalt/47415,,False,skos:broader; skos:narrower,
sulfamates,,sulfamates,https://lod.nal.usda.gov/nalt/47344,,False,skos:broader; skos:narrower,
sulfates,sulphates,sulfates (sulphates),https://lod.nal.usda.gov/nalt/7281,,False,skos:broader; skos:narrower,
sulfometuron,"2-(4,6-dimethylpyrimidin-2-ylcarbamoylsulfamoyl)benzoic acid","sulfometuron (2-(4,6-dimethylpyrimidin-2-ylcarbamoylsulfamoyl)benzoic acid)",https://lod.nal.usda.gov/nalt/65197,,True,skos:broader; skos:narrower,
sulfometuron methyl,"methyl 2-(((((4,6-dimethyl-2-pyrimidinyl)amino)carbonyl)amino)sulfonyl)benzoate; methyl 2-(4,6-dimethylpyrimidin-2-ylcarbamoylsulfamoyl)benzoate","sulfometuron methyl (methyl 2-(((((4,6-dimethyl-2-pyrimidinyl)amino)carbonyl)amino)sulfonyl)benzoate, methyl 2-(4,6-dimethylpyrimidin-2-ylcarbamoylsulfamoyl)benzoate)",https://lod.nal.usda.gov/nalt/213728,,True,skos:broader; skos:narrower,
sulfonamides,sulphonamides,sulfonamides (sulphonamides),https://lod.nal.usda.gov/nalt/7697,,False,skos:broader; skos:narrower,
sulfonanilide herbicides,,sulfonanilide herbicides,https://lod.nal.usda.gov/nalt/125015,,True,skos:broader; skos:narrower,
sulfonylureas,sulphonylureas,sulfonylureas (sulphonylureas),https://lod.nal.usda.gov/nalt/43046,,False,skos:broader; skos:narrower,
sulforaphane,1-isothiocyanato-4-methylsulphinylbutane; sulphoraphane,"sulforaphane (1-isothiocyanato-4-methylsulphinylbutane, sulphoraphane)",https://lod.nal.usda.gov/nalt/295213,,False,skos:broader; skos:narrower,
sulfur compounds,sulphur compounds,sulfur compounds (sulphur compounds),https://lod.nal.usda.gov/nalt/335696,,False,skos:broader; skos:narrower,
sulprofos,,sulprofos,https://lod.nal.usda.gov/nalt/56139,,True,skos:broader; skos:narrower,
synthetic hormones,hormone analogs; hormone analogues,"synthetic hormones (hormone analogs, hormone analogues)",https://lod.nal.usda.gov/nalt/518,,False,skos:related,
tebuthiuron,,tebuthiuron,https://lod.nal.usda.gov/nalt/65525,,True,skos:broader; skos:narrower,
technology,new technology; novel technology,"technology (new technology, novel technology)",https://lod.nal.usda.gov/nalt/1001,,False,skos:broader; skos:narrower,
temephos,,temephos,https://lod.nal.usda.gov/nalt/56140,,True,skos:broader; skos:narrower,
tenuazonic acid,,tenuazonic acid,https://lod.nal.usda.gov/nalt/7104,,False,skos:broader; skos:narrower,
tetracyclines,,tetracyclines,https://lod.nal.usda.gov/nalt/10210,,False,skos:broader; skos:narrower,
tetrafluron,,tetrafluron,https://lod.nal.usda.gov/nalt/45274,,True,skos:broader; skos:narrower,
theileriosis,Corridor disease; East Coast fever; theileriasis,"theileriosis (Corridor disease, East Coast fever, theileriasis)",https://lod.nal.usda.gov/nalt/29291,,False,skos:broader; skos:narrower,
thiazafluron,,thiazafluron,https://lod.nal.usda.gov/nalt/45275,,True,skos:broader; skos:narrower,
thiazoles,,thiazoles,https://lod.nal.usda.gov/nalt/49963,,False,skos:related,
thifensulfuron,,thifensulfuron,https://lod.nal.usda.gov/nalt/45276,,True,skos:broader; skos:narrower,
thifensulfuron methyl,,thifensulfuron methyl,https://lod.nal.usda.gov/nalt/65200,,True,skos:broader; skos:narrower,
thioamides,,thioamides,https://lod.nal.usda.gov/nalt/7698,,False,skos:broader; skos:narrower,
thiometon,,thiometon,https://lod.nal.usda.gov/nalt/56141,,True,skos:broader; skos:narrower,
tillage,soil cultivation; soil tillage; tillage systems,"tillage (soil cultivation, soil tillage, tillage systems)",https://lod.nal.usda.gov/nalt/25207,,False,skos:broader; skos:narrower,
total amendment rate,,total amendment rate,https://lod.nal.usda.gov/nalt/1555434,,False,skos:broader; skos:narrower,
toxoplasmosis,toxoplasma infection; toxoplasma infections,"toxoplasmosis (toxoplasma infection, toxoplasma infections)",https://lod.nal.usda.gov/nalt/27439,,False,skos:broader; skos:narrower,
Trapa natans,Trapa bicornis; Trapa bispinosa; Trapa japonica auct.; Trapa mammillifera auct.; Trapa natans var. bispinosa; Trapa natans var. natans; Trapa quadrispinosa,"Trapa natans (Trapa bicornis, Trapa bispinosa, Trapa japonica auct., Trapa mammillifera auct., Trapa natans var. bispinosa, Trapa natans var. natans, Trapa quadrispinosa)",https://lod.nal.usda.gov/nalt/55351,,False,skos:related,
traps,,traps,https://lod.nal.usda.gov/nalt/15545,,False,skos:related,
triasulfuron,,triasulfuron,https://lod.nal.usda.gov/nalt/65201,,True,skos:broader; skos:narrower,
tribenuron,,tribenuron,https://lod.nal.usda.gov/nalt/65202,,True,skos:broader; skos:narrower,
Tridax procumbens,coatbuttons,Tridax procumbens (coatbuttons),https://lod.nal.usda.gov/nalt/27378,,False,skos:related,
trifloxysulfuron,,trifloxysulfuron,https://lod.nal.usda.gov/nalt/123036,,True,skos:broader; skos:narrower,
triflusulfuron,,triflusulfuron,https://lod.nal.usda.gov/nalt/45283,,True,skos:broader; skos:narrower,
trophic relationships,trophic interactions; trophodynamics,"trophic relationships (trophic interactions, trophodynamics)",https://lod.nal.usda.gov/nalt/14058,,False,skos:related,
tunicamycin,,tunicamycin,https://lod.nal.usda.gov/nalt/10212,,False,skos:broader; skos:narrower,
uniconazole,,uniconazole,https://lod.nal.usda.gov/nalt/66325,,False,skos:broader; skos:narrower,
urea,carbamide,urea (carbamide),https://lod.nal.usda.gov/nalt/7699,,False,skos:broader; skos:narrower,
ureides,,ureides,https://lod.nal.usda.gov/nalt/7700,,False,skos:broader; skos:narrower,
Urochloa panicoides,Panicum helopus; Urochloa helopus; panic liverseed grass,"Urochloa panicoides (Panicum helopus, Urochloa helopus, panic liverseed grass)",https://lod.nal.usda.gov/nalt/55352,,False,skos:related,
vacuum cleaners,,vacuum cleaners,https://lod.nal.usda.gov/nalt/313130,,False,skos:related,
vector control,,vector control,https://lod.nal.usda.gov/nalt/292,,False,skos:broader; skos:narrower,
vector-borne diseases,vector borne diseases; vector-borne infections; vectorborne diseases; vectorborne infections,"vector-borne diseases (vector borne diseases, vector-borne infections, vectorborne diseases, vectorborne infections)",https://lod.nal.usda.gov/nalt/12546,,False,skos:related,
veterinary services,animal care services; animal health services,"veterinary services (animal care services, animal health services)",https://lod.nal.usda.gov/nalt/300010,,False,skos:related,
warfarin,,warfarin,https://lod.nal.usda.gov/nalt/10266,,False,skos:related,
water traps,,water traps,https://lod.nal.usda.gov/nalt/47416,,False,skos:broader; skos:narrower,
whirling disease,,whirling disease,https://lod.nal.usda.gov/nalt/40334,,False,skos:broader; skos:narrower,
woody weeds,,woody weeds,https://lod.nal.usda.gov/nalt/20193,,False,skos:related,
zinc borate,,zinc borate,https://lod.nal.usda.gov/nalt/305290,,False,skos:broader; skos:narrower,
1-methylcyclopropene,1-MCP,1-methylcyclopropene (1-MCP),https://lod.nal.usda.gov/nalt/153511,,False,skos:broader; skos:narrower,
acetaminophen,APAP (N-acetyl-p-aminophenol); N-(4-hydroxyphenyl)acetanilide; N-acetyl-p-aminophenol; acetamidophenol; hydroxyacetanilide; p-acetamidophenol; p-hydroxyacetanilide; paracetamol,"acetaminophen (APAP (N-acetyl-p-aminophenol), N-(4-hydroxyphenyl)acetanilide, N-acetyl-p-aminophenol, acetamidophenol, hydroxyacetanilide, p-acetamidophenol, p-hydroxyacetanilide, paracetamol)",https://lod.nal.usda.gov/nalt/2311,,False,skos:broader; skos:narrower,
acetates,,acetates,https://lod.nal.usda.gov/nalt/2334,,False,skos:broader; skos:narrower,
acetochlor,,acetochlor,https://lod.nal.usda.gov/nalt/2479,,True,skos:broader; skos:narrower,
acid tolerance,acid resistance; acid resistance (organisms),"acid tolerance (acid resistance, acid resistance (organisms))",https://lod.nal.usda.gov/nalt/135,,False,skos:broader; skos:narrower,
adenine sulfate,adenine hemisulfate; adenine hemisulphate; adenine sulphate,"adenine sulfate (adenine hemisulfate, adenine hemisulphate, adenine sulphate)",https://lod.nal.usda.gov/nalt/256678,,False,skos:broader; skos:narrower,
agronomic traits,agronomic characteristics; agronomic characters; agronomic performance,"agronomic traits (agronomic characteristics, agronomic characters, agronomic performance)",https://lod.nal.usda.gov/nalt/5623,,False,skos:related,
agronomy,agronomic science,agronomy (agronomic science),https://lod.nal.usda.gov/nalt/13,,False,skos:related,
alachlor,,alachlor,https://lod.nal.usda.gov/nalt/5936,,True,skos:broader; skos:narrower,
alcohol tolerance,alcohol resistance,alcohol tolerance (alcohol resistance),https://lod.nal.usda.gov/nalt/196976,,False,skos:broader; skos:narrower,
alkali tolerance,,alkali tolerance,https://lod.nal.usda.gov/nalt/214216,,False,skos:broader; skos:narrower,
alpha-endosulfan,a-endosulfan; alpha-benzoepin; alpha-thiodan; endosulfan 1; endosulfan A; endosulfan I,"alpha-endosulfan (a-endosulfan, alpha-benzoepin, alpha-thiodan, endosulfan 1, endosulfan A, endosulfan I)",https://lod.nal.usda.gov/nalt/257177,,True,skos:broader; skos:narrower,
antimicrobial properties,antimicrobial effect,antimicrobial properties (antimicrobial effect),https://lod.nal.usda.gov/nalt/238293,,False,skos:broader; skos:narrower,
antiprotozoal properties,antiprotozoal activity,antiprotozoal properties (antiprotozoal activity),https://lod.nal.usda.gov/nalt/315754,,False,skos:broader; skos:narrower,
application coverage,coverage (application technology),application coverage (coverage (application technology)),https://lod.nal.usda.gov/nalt/11317,,False,skos:broader; skos:narrower,
application rate,application rates,application rate (application rates),https://lod.nal.usda.gov/nalt/11349,,False,skos:broader; skos:narrower,
application volume,,application volume,https://lod.nal.usda.gov/nalt/11350,,False,skos:broader; skos:narrower,
arboriculture,,arboriculture,https://lod.nal.usda.gov/nalt/11818,,False,skos:related,
Aspergillus fumigatus,,Aspergillus fumigatus,https://lod.nal.usda.gov/nalt/13061,,False,skos:related,
auxins,,auxins,https://lod.nal.usda.gov/nalt/11024,,False,skos:broader; skos:narrower,
Bacillus (bacteria),,Bacillus (bacteria),https://lod.nal.usda.gov/nalt/14481,,False,skos:broader; skos:narrower,
Bacillus thuringiensis subsp. aizawai,Bacillus thuringiensis serovar. aizawai; Bacillus thuringiensis ssp. aizawai,"Bacillus thuringiensis subsp. aizawai (Bacillus thuringiensis serovar. aizawai, Bacillus thuringiensis ssp. aizawai)",https://lod.nal.usda.gov/nalt/14943,,False,skos:broader; skos:narrower,
Bacillus thuringiensis subsp. alesti,Bacillus thuringiensis serovar. alesti; Bacillus thuringiensis ssp. alesti; Bacillus thuringiensis var. alesti,"Bacillus thuringiensis subsp. alesti (Bacillus thuringiensis serovar. alesti, Bacillus thuringiensis ssp. alesti, Bacillus thuringiensis var. alesti)",https://lod.nal.usda.gov/nalt/14944,,False,skos:broader; skos:narrower,
Bacillus thuringiensis subsp. berliner,Bacillus thuringiensis serovar. berliner; Bacillus thuringiensis ssp. berliner; Bacillus thuringiensis var. berliner,"Bacillus thuringiensis subsp. berliner (Bacillus thuringiensis serovar. berliner, Bacillus thuringiensis ssp. berliner, Bacillus thuringiensis var. berliner)",https://lod.nal.usda.gov/nalt/14945,,False,skos:broader; skos:narrower,
Bacillus thuringiensis subsp. canadensis,Bacillus thuringiensis serovar canadensis; Bacillus thuringiensis ssp. canadensis,"Bacillus thuringiensis subsp. canadensis (Bacillus thuringiensis serovar canadensis, Bacillus thuringiensis ssp. canadensis)",https://lod.nal.usda.gov/nalt/277425,,False,skos:broader; skos:narrower,
Bacillus thuringiensis subsp. colmeri,Bacillus thuringiensis ssp. colmeri,Bacillus thuringiensis subsp. colmeri (Bacillus thuringiensis ssp. colmeri),https://lod.nal.usda.gov/nalt/277434,,False,skos:broader; skos:narrower,
Bacillus thuringiensis subsp. dakota,Bacillus thuringiensis serovar. dakota; Bacillus thuringiensis ssp. dakota; Bacillus thuringiensis var. dakota,"Bacillus thuringiensis subsp. dakota (Bacillus thuringiensis serovar. dakota, Bacillus thuringiensis ssp. dakota, Bacillus thuringiensis var. dakota)",https://lod.nal.usda.gov/nalt/14946,,False,skos:broader; skos:narrower,
Bacillus thuringiensis subsp. darmstadiensis,Bacillus thuringiensis serovar. darmstadiensis; Bacillus thuringiensis ssp. darmstadiensis; Bacillus thuringiensis var. darmstadiensis,"Bacillus thuringiensis subsp. darmstadiensis (Bacillus thuringiensis serovar. darmstadiensis, Bacillus thuringiensis ssp. darmstadiensis, Bacillus thuringiensis var. darmstadiensis)",https://lod.nal.usda.gov/nalt/14947,,False,skos:broader; skos:narrower,
Bacillus thuringiensis subsp. entomocidus,Bacillus thuringiensis serovar. entomocidus; Bacillus thuringiensis ssp. entomocidus; Bacillus thuringiensis var. entomocidus,"Bacillus thuringiensis subsp. entomocidus (Bacillus thuringiensis serovar. entomocidus, Bacillus thuringiensis ssp. entomocidus, Bacillus thuringiensis var. entomocidus)",https://lod.nal.usda.gov/nalt/14948,,False,skos:broader; skos:narrower,
Bacillus thuringiensis subsp. finitimus,Bacillus thuringiensis serovar. finitimus; Bacillus thuringiensis ssp. finitimus; Bacillus thuringiensis var. finitimus,"Bacillus thuringiensis subsp. finitimus (Bacillus thuringiensis serovar. finitimus, Bacillus thuringiensis ssp. finitimus, Bacillus thuringiensis var. finitimus)",https://lod.nal.usda.gov/nalt/14949,,False,skos:broader; skos:narrower,
Bacillus thuringiensis subsp. fukuokaensis,Bacillus thuringiensis serovar. fukuokaensis; Bacillus thuringiensis ssp. fukuokaensis; Bacillus thuringiensis var. fukuokaensis,"Bacillus thuringiensis subsp. fukuokaensis (Bacillus thuringiensis serovar. fukuokaensis, Bacillus thuringiensis ssp. fukuokaensis, Bacillus thuringiensis var. fukuokaensis)",https://lod.nal.usda.gov/nalt/14950,,False,skos:broader; skos:narrower,
Bacillus thuringiensis subsp. galleriae,Bacillus thuringiensis serovar. galleriae; Bacillus thuringiensis ssp. galleriae; Bacillus thuringiensis var. galleriae,"Bacillus thuringiensis subsp. galleriae (Bacillus thuringiensis serovar. galleriae, Bacillus thuringiensis ssp. galleriae, Bacillus thuringiensis var. galleriae)",https://lod.nal.usda.gov/nalt/14951,,False,skos:broader; skos:narrower,
Bacillus thuringiensis subsp. higo,Bacillus thuringiensis serovar. higo; Bacillus thuringiensis ssp. higo; Bacillus thuringiensis var. higo,"Bacillus thuringiensis subsp. higo (Bacillus thuringiensis serovar. higo, Bacillus thuringiensis ssp. higo, Bacillus thuringiensis var. higo)",https://lod.nal.usda.gov/nalt/14952,,False,skos:broader; skos:narrower,
Bacillus thuringiensis subsp. israelensis,Bacillus thuringiensis serovar. israelensis; Bacillus thuringiensis ssp. israelensis; Bacillus thuringiensis var. israelensis,"Bacillus thuringiensis subsp. israelensis (Bacillus thuringiensis serovar. israelensis, Bacillus thuringiensis ssp. israelensis, Bacillus thuringiensis var. israelensis)",https://lod.nal.usda.gov/nalt/14953,,False,skos:broader; skos:narrower,
Bacillus thuringiensis subsp. japonensis,Bacillus thuringiensis serovar japonensis; Bacillus thuringiensis serovar. japonensis; Bacillus thuringiensis ssp. japonensis; Bacillus thuringiensis var. japonensis,"Bacillus thuringiensis subsp. japonensis (Bacillus thuringiensis serovar japonensis, Bacillus thuringiensis serovar. japonensis, Bacillus thuringiensis ssp. japonensis, Bacillus thuringiensis var. japonensis)",https://lod.nal.usda.gov/nalt/14954,,False,skos:broader; skos:narrower,
Bacillus thuringiensis subsp. jegathesan,Bacillus thuringiensis serovar. jegathesan; Bacillus thuringiensis ssp. jegathesan; Bacillus thuringiensis var. jegathesan,"Bacillus thuringiensis subsp. jegathesan (Bacillus thuringiensis serovar. jegathesan, Bacillus thuringiensis ssp. jegathesan, Bacillus thuringiensis var. jegathesan)",https://lod.nal.usda.gov/nalt/14955,,False,skos:broader; skos:narrower,
Bacillus thuringiensis subsp. kenyae,Bacillus thuringiensis serovar. kenyae; Bacillus thuringiensis ssp. kenyae; Bacillus thuringiensis var. kenyae,"Bacillus thuringiensis subsp. kenyae (Bacillus thuringiensis serovar. kenyae, Bacillus thuringiensis ssp. kenyae, Bacillus thuringiensis var. kenyae)",https://lod.nal.usda.gov/nalt/14956,,False,skos:broader; skos:narrower,
Bacillus thuringiensis subsp. kumamotoensis,Bacillus thuringiensis serovar. kumamotoensis; Bacillus thuringiensis ssp. kumamotoensis; Bacillus thuringiensis var. kumamotoensis,"Bacillus thuringiensis subsp. kumamotoensis (Bacillus thuringiensis serovar. kumamotoensis, Bacillus thuringiensis ssp. kumamotoensis, Bacillus thuringiensis var. kumamotoensis)",https://lod.nal.usda.gov/nalt/14957,,False,skos:broader; skos:narrower,
Bacillus thuringiensis subsp. kunthalanags3,Bacillus thuringiensis serovar. kunthalanags3; Bacillus thuringiensis ssp. kunthalanags3,"Bacillus thuringiensis subsp. kunthalanags3 (Bacillus thuringiensis serovar. kunthalanags3, Bacillus thuringiensis ssp. kunthalanags3)",https://lod.nal.usda.gov/nalt/14958,,False,skos:broader; skos:narrower,
Bacillus thuringiensis subsp. kunthalaRX24,Bacillus thuringiensis serovar. kunthalaRX24; Bacillus thuringiensis ssp. kunthalaRX24,"Bacillus thuringiensis subsp. kunthalaRX24 (Bacillus thuringiensis serovar. kunthalaRX24, Bacillus thuringiensis ssp. kunthalaRX24)",https://lod.nal.usda.gov/nalt/14959,,False,skos:broader; skos:narrower,
Bacillus thuringiensis subsp. kunthalaRX27,Bacillus thuringiensis serovar. kunthalaRX27; Bacillus thuringiensis ssp. kunthalaRX27,"Bacillus thuringiensis subsp. kunthalaRX27 (Bacillus thuringiensis serovar. kunthalaRX27, Bacillus thuringiensis ssp. kunthalaRX27)",https://lod.nal.usda.gov/nalt/14960,,False,skos:broader; skos:narrower,
Bacillus thuringiensis subsp. kunthalaRX28,Bacillus thuringiensis serovar. kunthalaRX28; Bacillus thuringiensis ssp. kunthalaRX28,"Bacillus thuringiensis subsp. kunthalaRX28 (Bacillus thuringiensis serovar. kunthalaRX28, Bacillus thuringiensis ssp. kunthalaRX28)",https://lod.nal.usda.gov/nalt/14961,,False,skos:broader; skos:narrower,
Bacillus thuringiensis subsp. kurstaki,Bacillus thuringiensis kurstaki; Bacillus thuringiensis serovar. kurstaki; Bacillus thuringiensis ssp kurstaki; Bacillus thuringiensis ssp. kurstaki; Bacillus thuringiensis var. kurstaki,"Bacillus thuringiensis subsp. kurstaki (Bacillus thuringiensis kurstaki, Bacillus thuringiensis serovar. kurstaki, Bacillus thuringiensis ssp kurstaki, Bacillus thuringiensis ssp. kurstaki, Bacillus thuringiensis var. kurstaki)",https://lod.nal.usda.gov/nalt/14962,,False,skos:broader; skos:narrower,
Bacillus thuringiensis subsp. kynshuensis,Bacillus thuringiensis serovar. kynshuensis; Bacillus thuringiensis ssp. kynshuensis; Bacillus thuringiensis var. kynshuensis,"Bacillus thuringiensis subsp. kynshuensis (Bacillus thuringiensis serovar. kynshuensis, Bacillus thuringiensis ssp. kynshuensis, Bacillus thuringiensis var. kynshuensis)",https://lod.nal.usda.gov/nalt/14963,,False,skos:broader; skos:narrower,
Bacillus thuringiensis subsp. medellin,Bacillus thuringiensis serovar. medellin; Bacillus thuringiensis ssp. medellin; Bacillus thuringiensis var. medellin,"Bacillus thuringiensis subsp. medellin (Bacillus thuringiensis serovar. medellin, Bacillus thuringiensis ssp. medellin, Bacillus thuringiensis var. medellin)",https://lod.nal.usda.gov/nalt/14964,,False,skos:broader; skos:narrower,
Bacillus thuringiensis subsp. morrisoni,Bacillus thuringiensis serovar. morrisoni; Bacillus thuringiensis ssp. morrisoni; Bacillus thuringiensis var. morrisoni,"Bacillus thuringiensis subsp. morrisoni (Bacillus thuringiensis serovar. morrisoni, Bacillus thuringiensis ssp. morrisoni, Bacillus thuringiensis var. morrisoni)",https://lod.nal.usda.gov/nalt/14965,,False,skos:broader; skos:narrower,
Bacillus thuringiensis subsp. neoleoensis,Bacillus thuringiensis serovar. neoleoensis; Bacillus thuringiensis ssp. neoleoensis; Bacillus thuringiensis var. neoleoensis,"Bacillus thuringiensis subsp. neoleoensis (Bacillus thuringiensis serovar. neoleoensis, Bacillus thuringiensis ssp. neoleoensis, Bacillus thuringiensis var. neoleoensis)",https://lod.nal.usda.gov/nalt/14966,,False,skos:broader; skos:narrower,
Bacillus thuringiensis subsp. san-diego,Bacillus thuringiensis serovar. san-diego; Bacillus thuringiensis ssp. san-diego; Bacillus thuringiensis var. san-diego,"Bacillus thuringiensis subsp. san-diego (Bacillus thuringiensis serovar. san-diego, Bacillus thuringiensis ssp. san-diego, Bacillus thuringiensis var. san-diego)",https://lod.nal.usda.gov/nalt/14967,,False,skos:broader; skos:narrower,
Bacillus thuringiensis subsp. sotto,Bacillus thuringiensis serovar. sotto; Bacillus thuringiensis ssp. sotto; Bacillus thuringiensis var. sotto,"Bacillus thuringiensis subsp. sotto (Bacillus thuringiensis serovar. sotto, Bacillus thuringiensis ssp. sotto, Bacillus thuringiensis var. sotto)",https://lod.nal.usda.gov/nalt/14968,,False,skos:broader; skos:narrower,
Bacillus thuringiensis subsp. tenebrionis,Bacillus thuringiensis serovar. tenebrionis; Bacillus thuringiensis ssp. tenebrionis; Bacillus thuringiensis var. tenebrionis,"Bacillus thuringiensis subsp. tenebrionis (Bacillus thuringiensis serovar. tenebrionis, Bacillus thuringiensis ssp. tenebrionis, Bacillus thuringiensis var. tenebrionis)",https://lod.nal.usda.gov/nalt/14969,,False,skos:broader; skos:narrower,
Bacillus thuringiensis subsp. thuringiensis,Bacillus thuringiensis serovar. thuringiensis; Bacillus thuringiensis ssp. thuringiensis; Bacillus thuringiensis var. thuringiensis,"Bacillus thuringiensis subsp. thuringiensis (Bacillus thuringiensis serovar. thuringiensis, Bacillus thuringiensis ssp. thuringiensis, Bacillus thuringiensis var. thuringiensis)",https://lod.nal.usda.gov/nalt/14970,,False,skos:broader; skos:narrower,
Bacillus thuringiensis subsp. tolworthi,Bacillus thuringiensis serovar. tolworthi; Bacillus thuringiensis ssp. tolworthi; Bacillus thuringiensis var. tolworthi,"Bacillus thuringiensis subsp. tolworthi (Bacillus thuringiensis serovar. tolworthi, Bacillus thuringiensis ssp. tolworthi, Bacillus thuringiensis var. tolworthi)",https://lod.nal.usda.gov/nalt/14971,,False,skos:broader; skos:narrower,
Bacillus thuringiensis subsp. wuhanensis,Bacillus thuringiensis serovar. wuhanensis; Bacillus thuringiensis ssp. wuhanensis; Bacillus thuringiensis var. wuhanensis,"Bacillus thuringiensis subsp. wuhanensis (Bacillus thuringiensis serovar. wuhanensis, Bacillus thuringiensis ssp. wuhanensis, Bacillus thuringiensis var. wuhanensis)",https://lod.nal.usda.gov/nalt/14972,,False,skos:broader; skos:narrower,
bait traps,,bait traps,https://lod.nal.usda.gov/nalt/15543,,False,skos:broader; skos:narrower,
benzofluor,,benzofluor,https://lod.nal.usda.gov/nalt/16660,,True,skos:broader; skos:narrower,
beta-endosulfan,b-endosulfan; beta endosulfan; beta-benzoepin; beta-thiodan; beta-thionex; endosulfan 2; endosulfan B; endosulfan II,"beta-endosulfan (b-endosulfan, beta endosulfan, beta-benzoepin, beta-thiodan, beta-thionex, endosulfan 2, endosulfan B, endosulfan II)",https://lod.nal.usda.gov/nalt/257178,,True,skos:broader; skos:narrower,
bile resistance,,bile resistance,https://lod.nal.usda.gov/nalt/211487,,False,skos:broader; skos:narrower,
biological properties and phenomena,,biological properties and phenomena,https://lod.nal.usda.gov/nalt/107,,False,skos:broader; skos:narrower,
bird repellents,avian repellents,bird repellents (avian repellents),https://lod.nal.usda.gov/nalt/17595,,False,skos:broader; skos:narrower,
blacklight traps,,blacklight traps,https://lod.nal.usda.gov/nalt/17868,,False,skos:broader; skos:narrower,
boron compounds,borides,boron compounds (borides),https://lod.nal.usda.gov/nalt/221197,,False,skos:broader; skos:narrower,
brassinosteroids,,brassinosteroids,https://lod.nal.usda.gov/nalt/19606,,False,skos:broader; skos:narrower,
buffers,pH control substances,buffers (pH control substances),https://lod.nal.usda.gov/nalt/209,,False,skos:related,
butachlor,,butachlor,https://lod.nal.usda.gov/nalt/20598,,True,skos:broader; skos:narrower,
cages,,cages,https://lod.nal.usda.gov/nalt/9070,,False,skos:related,
CDC light traps,Centers for Disease Control and Prevention light traps; Centers for Disease Control light traps,"CDC light traps (Centers for Disease Control and Prevention light traps, Centers for Disease Control light traps)",https://lod.nal.usda.gov/nalt/23205,,False,skos:broader; skos:narrower,
cethromycin,ABT-773,cethromycin (ABT-773),https://lod.nal.usda.gov/nalt/235865,,False,skos:related,
chlorine,,chlorine,https://lod.nal.usda.gov/nalt/25296,,False,skos:related,
chlormequat,(2-chloroethyl) trimethylammonium chloride; (2-chloroethyl)trimethylammonium chloride; 2-chloroethyltrimethylammonium; 2-chloroethyltrimethylammonium chloride,"chlormequat ((2-chloroethyl) trimethylammonium chloride, (2-chloroethyl)trimethylammonium chloride, 2-chloroethyltrimethylammonium, 2-chloroethyltrimethylammonium chloride)",https://lod.nal.usda.gov/nalt/1384,,False,skos:broader; skos:narrower,
cis-chlordane,c-chlordane; chlordane cis,"cis-chlordane (c-chlordane, chlordane cis)",https://lod.nal.usda.gov/nalt/213665,,True,skos:broader; skos:narrower,
clofop,,clofop,https://lod.nal.usda.gov/nalt/26941,,True,skos:broader; skos:narrower,
cloransulam,,cloransulam,https://lod.nal.usda.gov/nalt/26962,,True,skos:broader; skos:narrower,
cold tolerance,chilling tolerance; cold hardening; cold hardiness; cold resistance (organisms); critical thermal minima; critical thermal minimum; cryo-tolerance; cryotolerance; freeze tolerance; freezing tolerance,"cold tolerance (chilling tolerance, cold hardening, cold hardiness, cold resistance (organisms), critical thermal minima, critical thermal minimum, cryo-tolerance, cryotolerance, freeze tolerance, freezing tolerance)",https://lod.nal.usda.gov/nalt/136,,False,skos:broader; skos:narrower,
Convolvulaceae,Cressaceae; Cuscutaceae; Dichondraceae; Erycibaceae; Evolvulaceae; Humbertioideae; Poranaceae,"Convolvulaceae (Cressaceae, Cuscutaceae, Dichondraceae, Erycibaceae, Evolvulaceae, Humbertioideae, Poranaceae)",https://lod.nal.usda.gov/nalt/12136,,False,skos:broader; skos:narrower,
culling (plants),rogue removal; rogueing; roguing,"culling (plants) (rogue removal, rogueing, roguing)",https://lod.nal.usda.gov/nalt/104900,,False,skos:broader; skos:narrower,
Cuscuta australis,Australian dodder,Cuscuta australis (Australian dodder),https://lod.nal.usda.gov/nalt/190214,,False,skos:broader; skos:narrower,
Cuscuta campestris,,Cuscuta campestris,https://lod.nal.usda.gov/nalt/30880,,False,skos:broader; skos:narrower,
Cuscuta gronovii,,Cuscuta gronovii,https://lod.nal.usda.gov/nalt/30881,,False,skos:broader; skos:narrower,
Cuscuta indecora,bigseed alfalfa dodder; large-seed dodder,"Cuscuta indecora (bigseed alfalfa dodder, large-seed dodder)",https://lod.nal.usda.gov/nalt/17138,,False,skos:broader; skos:narrower,
Cuscuta japonica,,Cuscuta japonica,https://lod.nal.usda.gov/nalt/255709,,False,skos:broader; skos:narrower,
Cuscuta lupuliformis,,Cuscuta lupuliformis,https://lod.nal.usda.gov/nalt/30882,,False,skos:broader; skos:narrower,
Cuscuta pentagona,Cuscuta arvensis,Cuscuta pentagona (Cuscuta arvensis),https://lod.nal.usda.gov/nalt/30883,,False,skos:broader; skos:narrower,
Cuscuta reflexa,,Cuscuta reflexa,https://lod.nal.usda.gov/nalt/30884,,False,skos:broader; skos:narrower,
cyhalofop,,cyhalofop,https://lod.nal.usda.gov/nalt/31122,,True,skos:broader; skos:narrower,
cytokinins,,cytokinins,https://lod.nal.usda.gov/nalt/31445,,False,skos:broader; skos:narrower,
deadheading,dead-heading,deadheading (dead-heading),https://lod.nal.usda.gov/nalt/106073,,False,skos:broader; skos:narrower,
decay resistance,,decay resistance,https://lod.nal.usda.gov/nalt/150,,False,skos:broader; skos:narrower,
delachlor,,delachlor,https://lod.nal.usda.gov/nalt/32060,,True,skos:broader; skos:narrower,
diclofop,,diclofop,https://lod.nal.usda.gov/nalt/33227,,True,skos:broader; skos:narrower,
diclofop-methyl,"methyl (RS)-2-(4-(2,4-dichlorophenoxy)phenoxy)propanoate; methyl 2-(4-(2,4-dichlorophenoxy)phenoxy)propanoate","diclofop-methyl (methyl (RS)-2-(4-(2,4-dichlorophenoxy)phenoxy)propanoate, methyl 2-(4-(2,4-dichlorophenoxy)phenoxy)propanoate)",https://lod.nal.usda.gov/nalt/265298,,True,skos:broader; skos:narrower,
diethatyl,,diethatyl,https://lod.nal.usda.gov/nalt/25355,,True,skos:broader; skos:narrower,
dimethachlor,,dimethachlor,https://lod.nal.usda.gov/nalt/33652,,True,skos:broader; skos:narrower,
diphosphonates,biphosphonates,diphosphonates (biphosphonates),https://lod.nal.usda.gov/nalt/317788,,False,skos:broader; skos:narrower,
droplet size,,droplet size,https://lod.nal.usda.gov/nalt/11351,,False,skos:broader; skos:narrower,
drought tolerance,drought resistance; drought stress tolerance; drouth resistance; drouth tolerance,"drought tolerance (drought resistance, drought stress tolerance, drouth resistance, drouth tolerance)",https://lod.nal.usda.gov/nalt/137,,False,skos:broader; skos:narrower,
drug resistance,drug tolerance,drug resistance (drug tolerance),https://lod.nal.usda.gov/nalt/132,,False,skos:related,
electrocuting traps,,electrocuting traps,https://lod.nal.usda.gov/nalt/36194,,False,skos:broader; skos:narrower,
endosulfan lactone,endolacton; endolactone; endosulfan-lacton,"endosulfan lactone (endolacton, endolactone, endosulfan-lacton)",https://lod.nal.usda.gov/nalt/324612,,True,skos:broader; skos:narrower,
endosulfan sulfate,endosulfan sulphate,endosulfan sulfate (endosulfan sulphate),https://lod.nal.usda.gov/nalt/213697,,True,skos:broader; skos:narrower,
enoxaparin,enoxaparin sodium; enoxaparine,"enoxaparin (enoxaparin sodium, enoxaparine)",https://lod.nal.usda.gov/nalt/226589,,False,skos:related,
entomopathogenic bacteria,entomogenous bacteria; entomophilic bacteria,"entomopathogenic bacteria (entomogenous bacteria, entomophilic bacteria)",https://lod.nal.usda.gov/nalt/14975,,False,skos:related,
ethylene inhibitors,,ethylene inhibitors,https://lod.nal.usda.gov/nalt/190849,,False,skos:related,
ethylene releasers,ethylene releasing agents; ethylene releasing compounds; ethylene-releasing agents,"ethylene releasers (ethylene releasing agents, ethylene releasing compounds, ethylene-releasing agents)",https://lod.nal.usda.gov/nalt/1198,,False,skos:related,
fenoxaprop,,fenoxaprop,https://lod.nal.usda.gov/nalt/39829,,True,skos:broader; skos:narrower,
flame retardants,fire resistant finishes; fire retardant finishes; fire retardants; fireproofing agents; flame resistant finishes; flame retardant finishes; flame retardant treatment; flame retardant treatments,"flame retardants (fire resistant finishes, fire retardant finishes, fire retardants, fireproofing agents, flame resistant finishes, flame retardant finishes, flame retardant treatment, flame retardant treatments)",https://lod.nal.usda.gov/nalt/40213,,False,skos:related,
flooding tolerance,submergence tolerance,flooding tolerance (submergence tolerance),https://lod.nal.usda.gov/nalt/139,,False,skos:broader; skos:narrower,
fluazifop,,fluazifop,https://lod.nal.usda.gov/nalt/40671,,True,skos:broader; skos:narrower,
fluazifop-P,fluazifop-P-butyl,fluazifop-P (fluazifop-P-butyl),https://lod.nal.usda.gov/nalt/40672,,True,skos:broader; skos:narrower,
frost protection,,frost protection,https://lod.nal.usda.gov/nalt/301428,,False,skos:broader; skos:narrower,
gardeners,,gardeners,https://lod.nal.usda.gov/nalt/68479,,False,skos:related,
gardening,,gardening,https://lod.nal.usda.gov/nalt/28709,,False,skos:related,
gastrointestinal parasites,,gastrointestinal parasites,https://lod.nal.usda.gov/nalt/329665,,False,skos:broader; skos:narrower,
genetic resistance,genetic control (diseases); genetic control (pests),"genetic resistance (genetic control (diseases), genetic control (pests))",https://lod.nal.usda.gov/nalt/17455,,False,skos:broader; skos:narrower,
grounds maintenance,care of grounds; grounds care; landscape maintenance; maintenance of grounds,"grounds maintenance (care of grounds, grounds care, landscape maintenance, maintenance of grounds)",https://lod.nal.usda.gov/nalt/22450,,False,skos:related,
growing media,plant culture media; plant growing media,"growing media (plant culture media, plant growing media)",https://lod.nal.usda.gov/nalt/623,,False,skos:broader; skos:narrower,
haloxyfop,,haloxyfop,https://lod.nal.usda.gov/nalt/44476,,True,skos:broader; skos:narrower,
heat tolerance,critical thermal maxima; critical thermal maximum; heat resistance (organisms); thermal tolerance; thermotolerance,"heat tolerance (critical thermal maxima, critical thermal maximum, heat resistance (organisms), thermal tolerance, thermotolerance)",https://lod.nal.usda.gov/nalt/140,,False,skos:broader; skos:narrower,
helminths,parasitic helminths; parasitic worms,"helminths (parasitic helminths, parasitic worms)",https://lod.nal.usda.gov/nalt/9354,,False,skos:broader; skos:narrower,
heparin,high molecular weight heparin; low molecular weight heparin,"heparin (high molecular weight heparin, low molecular weight heparin)",https://lod.nal.usda.gov/nalt/10265,,False,skos:related,
Heracleum,Sphondylium,Heracleum (Sphondylium),https://lod.nal.usda.gov/nalt/10955,,False,skos:broader; skos:narrower,
Honeysuckle yellow vein virus,HYVKoV (Honeysuckle yellow vein Kochi virus); HYVV (Honeysuckle yellow vein virus); TbLCKoV (Tobacco leaf curl Kochi virus); TbLCKoV-(KK) (Tobacco leaf curl Kochi virus-(KK)); Tobacco leaf curl Kochi virus; Tobacco leaf curl Kochi virus-(KK),"Honeysuckle yellow vein virus (HYVKoV (Honeysuckle yellow vein Kochi virus), HYVV (Honeysuckle yellow vein virus), TbLCKoV (Tobacco leaf curl Kochi virus), TbLCKoV-(KK) (Tobacco leaf curl Kochi virus-(KK)), Tobacco leaf curl Kochi virus, Tobacco leaf curl Kochi virus-(KK))",https://lod.nal.usda.gov/nalt/231568,,False,skos:related,
horizontal resistance,nonspecific resistance,horizontal resistance (nonspecific resistance),https://lod.nal.usda.gov/nalt/152,,False,skos:broader; skos:narrower,
horticulture,,horticulture,https://lod.nal.usda.gov/nalt/18,,False,skos:related,
horticulturists,horticulturalists,horticulturists (horticulturalists),https://lod.nal.usda.gov/nalt/68480,,False,skos:related,
Hydrilla,,Hydrilla,https://lod.nal.usda.gov/nalt/46292,,False,skos:broader; skos:narrower,
immunity,protective immunity,immunity (protective immunity),https://lod.nal.usda.gov/nalt/2996,,False,skos:broader; skos:narrower,
induced resistance,,induced resistance,https://lod.nal.usda.gov/nalt/17456,,False,skos:broader; skos:narrower,
inorganic acids,,inorganic acids,https://lod.nal.usda.gov/nalt/2881,,False,skos:broader; skos:narrower,
inorganic salts,,inorganic salts,https://lod.nal.usda.gov/nalt/12365,,False,skos:broader; skos:narrower,
insect collection,insect collecting,insect collection (insect collecting),https://lod.nal.usda.gov/nalt/9148,,False,skos:related,
insect pheromones,,insect pheromones,https://lod.nal.usda.gov/nalt/5160,,False,skos:related,
insect repellents,,insect repellents,https://lod.nal.usda.gov/nalt/31959,,False,skos:broader; skos:narrower,
insect vectors,,insect vectors,https://lod.nal.usda.gov/nalt/34061,,False,skos:related,
irrigated conditions,irrigated sites; irrigated stands,"irrigated conditions (irrigated sites, irrigated stands)",https://lod.nal.usda.gov/nalt/47756,,False,skos:related,
irrigated farming,irrigated crop production; irrigated fields,"irrigated farming (irrigated crop production, irrigated fields)",https://lod.nal.usda.gov/nalt/30152,,False,skos:related,
irrigation and drainage,"equipment, irrigation and drainage; irrigation and drainage equipment; irrigation and drainage systems","irrigation and drainage (equipment, irrigation and drainage, irrigation and drainage equipment, irrigation and drainage systems)",https://lod.nal.usda.gov/nalt/19,,False,skos:broader; skos:narrower,
irrigation management,irrigation control; irrigation regimes; irrigation schemes; irrigation strategies; irrigation water management,"irrigation management (irrigation control, irrigation regimes, irrigation schemes, irrigation strategies, irrigation water management)",https://lod.nal.usda.gov/nalt/47761,,False,skos:broader; skos:narrower,
irrigation systems,irrigation equipment,irrigation systems (irrigation equipment),https://lod.nal.usda.gov/nalt/16017,,False,skos:broader; skos:narrower,
karrikins,KAR1 (karrikinolide); karrikin 1; karrikinolide,"karrikins (KAR1 (karrikinolide), karrikin 1, karrikinolide)",https://lod.nal.usda.gov/nalt/336321,,False,skos:broader; skos:narrower,
kernite,rasorite,kernite (rasorite),https://lod.nal.usda.gov/nalt/222438,,False,skos:related,
lamps,light bulbs; luminaires,"lamps (light bulbs, luminaires)",https://lod.nal.usda.gov/nalt/49108,,False,skos:related,
Lepidium,,Lepidium,https://lod.nal.usda.gov/nalt/19586,,False,skos:broader; skos:narrower,
Lepidium draba subsp. chalepense,Lepidium draba ssp. chalepense,Lepidium draba subsp. chalepense (Lepidium draba ssp. chalepense),https://lod.nal.usda.gov/nalt/49654,,False,skos:broader; skos:narrower,
Lepidium draba subsp. draba,Cardaria draba; Cardaria draba ssp. draba; Cardaria draba subsp. draba; Lepidium draba ssp. draba,"Lepidium draba subsp. draba (Cardaria draba, Cardaria draba ssp. draba, Cardaria draba subsp. draba, Lepidium draba ssp. draba)",https://lod.nal.usda.gov/nalt/22378,,False,skos:broader; skos:narrower,
Leptochloa,Anoplia; Baldomiria; Diachroa; Diacisperma; Diplachne; Disakisperma; Ipnum; Leptostachys; Oxydenia; Rabdochloa,"Leptochloa (Anoplia, Baldomiria, Diachroa, Diacisperma, Diplachne, Disakisperma, Ipnum, Leptostachys, Oxydenia, Rabdochloa)",https://lod.nal.usda.gov/nalt/33813,,False,skos:broader; skos:narrower,
lidocaine,"2-(diethylamino)-2',6'-acetoxylidide; alpha-(diethylamino)-2,6-acetoxylidide; alpha-diethylaminoaceto-2,6-xylidide; diethylaminoacet-2,6-xylidide; lidocaine HCl; lidocaine hydrochloride; lignocaine; xylocaine; xylocitin; xyloneural","lidocaine (2-(diethylamino)-2',6'-acetoxylidide, alpha-(diethylamino)-2,6-acetoxylidide, alpha-diethylaminoaceto-2,6-xylidide, diethylaminoacet-2,6-xylidide, lidocaine HCl, lidocaine hydrochloride, lignocaine, xylocaine, xylocitin, xyloneural)",https://lod.nal.usda.gov/nalt/8954,,False,skos:broader; skos:narrower,
lighting,artificial lighting; illumination,"lighting (artificial lighting, illumination)",https://lod.nal.usda.gov/nalt/12598,,False,skos:related,
Limnophila,,Limnophila,https://lod.nal.usda.gov/nalt/50189,,False,skos:broader; skos:narrower,
Linaria,,Linaria,https://lod.nal.usda.gov/nalt/50210,,False,skos:broader; skos:narrower,
lodging resistance,,lodging resistance,https://lod.nal.usda.gov/nalt/141,,False,skos:broader; skos:narrower,
Lonicera,Caprifolium; Metalonicera; Xylosteon,"Lonicera (Caprifolium, Metalonicera, Xylosteon)",https://lod.nal.usda.gov/nalt/22041,,False,skos:broader; skos:narrower,
Lycium,Chinese wolfberries; goji berries; wolfberries,"Lycium (Chinese wolfberries, goji berries, wolfberries)",https://lod.nal.usda.gov/nalt/50812,,False,skos:broader; skos:narrower,
Lythrum,,Lythrum,https://lod.nal.usda.gov/nalt/50962,,False,skos:broader; skos:narrower,
medicinal properties,therapeutic properties,medicinal properties (therapeutic properties),https://lod.nal.usda.gov/nalt/8450,,False,skos:related,
mefenoxam,R-metalaxyl; metalaxyl-M; ridomil,"mefenoxam (R-metalaxyl, metalaxyl-M, ridomil)",https://lod.nal.usda.gov/nalt/234906,,True,skos:broader; skos:narrower,
mepiquat,"1,1-dimethylpiperidinium; 1,1-dimethylpiperidinium chloride","mepiquat (1,1-dimethylpiperidinium, 1,1-dimethylpiperidinium chloride)",https://lod.nal.usda.gov/nalt/1158,,False,skos:broader; skos:narrower,
metal tolerance,heavy metal resistance; heavy metal tolerance; metal resistance,"metal tolerance (heavy metal resistance, heavy metal tolerance, metal resistance)",https://lod.nal.usda.gov/nalt/142,,False,skos:broader; skos:narrower,
methionyl aminopeptidase,EC 3.4.11.18; L-methionine aminopeptidase; methionine aminopeptidase; peptidase M,"methionyl aminopeptidase (EC 3.4.11.18, L-methionine aminopeptidase, methionine aminopeptidase, peptidase M)",https://lod.nal.usda.gov/nalt/316095,,False,skos:related,
methyl jasmonate,MeJA (methyl jasmonate); Z-methyl jasmonoate; cis-methyl jasmonate; epi-methyl jasmonate; jasmonic acid methyl ester; methyl (Z)-epi-jasmonate; methyl (Z)-jasmonate; methyl cis-jasmonate; methyl epijasmonate; methyl jasmonic acid,"methyl jasmonate (MeJA (methyl jasmonate), Z-methyl jasmonoate, cis-methyl jasmonate, epi-methyl jasmonate, jasmonic acid methyl ester, methyl (Z)-epi-jasmonate, methyl (Z)-jasmonate, methyl cis-jasmonate, methyl epijasmonate, methyl jasmonic acid)",https://lod.nal.usda.gov/nalt/38195,,False,skos:related,
metolachlor,S-metolachlor; SMOC (S-metolachlor),"metolachlor (S-metolachlor, SMOC (S-metolachlor))",https://lod.nal.usda.gov/nalt/25357,,True,skos:broader; skos:narrower,
mosquito-borne diseases,mosquito-borne infections,mosquito-borne diseases (mosquito-borne infections),https://lod.nal.usda.gov/nalt/12547,,False,skos:related,
mowing,,mowing,https://lod.nal.usda.gov/nalt/53565,,False,skos:broader; skos:narrower,
mustard oil,,mustard oil,https://lod.nal.usda.gov/nalt/6758,,False,skos:related,
nasal cavity,,nasal cavity,https://lod.nal.usda.gov/nalt/54350,,False,skos:related,
nicarbazin,,nicarbazin,https://lod.nal.usda.gov/nalt/8955,,False,skos:broader; skos:narrower,
Oestrus ovis,sheep bot fly,Oestrus ovis (sheep bot fly),https://lod.nal.usda.gov/nalt/55724,,False,skos:related,
Onopordum,,Onopordum,https://lod.nal.usda.gov/nalt/13353,,False,skos:broader; skos:narrower,
Orobanchaceae,Aeginetiaceae; Buchneraceae; Cyclocheilaceae; Euphrasiaceae; Lindenbergiaceae; Melampyraceae; Nesogenaceae; Pedicularidaceae; Phelypaeaceae; Rehmanniaceae; Rhinanthaceae,"Orobanchaceae (Aeginetiaceae, Buchneraceae, Cyclocheilaceae, Euphrasiaceae, Lindenbergiaceae, Melampyraceae, Nesogenaceae, Pedicularidaceae, Phelypaeaceae, Rehmanniaceae, Rhinanthaceae)",https://lod.nal.usda.gov/nalt/4543,,False,skos:broader; skos:narrower,
Orobanche aegyptiaca,,Orobanche aegyptiaca,https://lod.nal.usda.gov/nalt/56231,,False,skos:broader; skos:narrower,
Orobanche cernua,Orobanche cumana; nodding broomrape,"Orobanche cernua (Orobanche cumana, nodding broomrape)",https://lod.nal.usda.gov/nalt/55093,,False,skos:broader; skos:narrower,
Orobanche crenata,bean broomrape; crenate broomrape,"Orobanche crenata (bean broomrape, crenate broomrape)",https://lod.nal.usda.gov/nalt/16151,,False,skos:broader; skos:narrower,
Orobanche major,,Orobanche major,https://lod.nal.usda.gov/nalt/56232,,False,skos:broader; skos:narrower,
Orobanche minor,Orobanche grisebachii; Orobanche minor var. grisebachii; Orobanche palaestina; clover broomrape,"Orobanche minor (Orobanche grisebachii, Orobanche minor var. grisebachii, Orobanche palaestina, clover broomrape)",https://lod.nal.usda.gov/nalt/270706,,False,skos:broader; skos:narrower,
Orobanche ramosa,Phelipanche ramosa; branched broomrape; hemp broomrape,"Orobanche ramosa (Phelipanche ramosa, branched broomrape, hemp broomrape)",https://lod.nal.usda.gov/nalt/45105,,False,skos:broader; skos:narrower,
oseltamivir,GS-4104; oseltamivir phosphate; tamiflu,"oseltamivir (GS-4104, oseltamivir phosphate, tamiflu)",https://lod.nal.usda.gov/nalt/242647,,False,skos:broader; skos:narrower,
osmotolerance,osmoadaptation; osmoprotectants; osmotic tolerance,"osmotolerance (osmoadaptation, osmoprotectants, osmotic tolerance)",https://lod.nal.usda.gov/nalt/143,,False,skos:broader; skos:narrower,
oviposition deterrents,,oviposition deterrents,https://lod.nal.usda.gov/nalt/56413,,False,skos:broader; skos:narrower,
oxyclozanide,,oxyclozanide,https://lod.nal.usda.gov/nalt/8956,,False,skos:broader; skos:narrower,
parasitic plants,parasitic weeds,parasitic plants (parasitic weeds),https://lod.nal.usda.gov/nalt/30885,,False,skos:related,
pathogenesis-related proteins,defense-related proteins,pathogenesis-related proteins (defense-related proteins),https://lod.nal.usda.gov/nalt/46600,,False,skos:related,
Pediculidae,,Pediculidae,https://lod.nal.usda.gov/nalt/9830,,False,skos:broader; skos:narrower,
Pediculus humanus capitis,Pediculus capitis; Pediculus humanus capitus; head lice; head louse; human head lice; human head louse,"Pediculus humanus capitis (Pediculus capitis, Pediculus humanus capitus, head lice, head louse, human head lice, human head louse)",https://lod.nal.usda.gov/nalt/44728,,False,skos:related,
perfluidone,,perfluidone,https://lod.nal.usda.gov/nalt/45243,,True,skos:broader; skos:narrower,
pest resistance,,pest resistance,https://lod.nal.usda.gov/nalt/153,,False,skos:broader; skos:narrower,
phenyl phosphorodiamidate,,phenyl phosphorodiamidate,https://lod.nal.usda.gov/nalt/57752,,False,skos:broader; skos:narrower,
phosphorous acid,phosphonic acid,phosphorous acid (phosphonic acid),https://lod.nal.usda.gov/nalt/200095,,False,skos:related,
phytochemicals,phyto-chemicals,phytochemicals (phyto-chemicals),https://lod.nal.usda.gov/nalt/249889,,False,skos:broader; skos:narrower,
piperonyl butoxide,,piperonyl butoxide,https://lod.nal.usda.gov/nalt/45396,,False,skos:related,
plant establishment,crop establishment; seedling establishment,"plant establishment (crop establishment, seedling establishment)",https://lod.nal.usda.gov/nalt/58545,,False,skos:broader; skos:narrower,
plant growth control,,plant growth control,https://lod.nal.usda.gov/nalt/34963,,False,skos:related,
plant growth inhibitors,plant growth retardants; seed germination inhibitors,"plant growth inhibitors (plant growth retardants, seed germination inhibitors)",https://lod.nal.usda.gov/nalt/214242,,False,skos:broader; skos:narrower,
plant hormones,endogenous plant growth regulators; phytohormones; plant growth hormones,"plant hormones (endogenous plant growth regulators, phytohormones, plant growth hormones)",https://lod.nal.usda.gov/nalt/1818,,False,skos:broader; skos:narrower,
"Plant Production, Gardening",,"Plant Production, Gardening",https://lod.nal.usda.gov/nalt/127307,,False,skos:broader; skos:narrower,
plant propagation,,plant propagation,https://lod.nal.usda.gov/nalt/43596,,False,skos:broader; skos:narrower,
planting,tree planting,planting (tree planting),https://lod.nal.usda.gov/nalt/58546,,False,skos:broader; skos:narrower,
pollarding,,pollarding,https://lod.nal.usda.gov/nalt/58547,,False,skos:broader; skos:narrower,
pot culture,,pot culture,https://lod.nal.usda.gov/nalt/28719,,False,skos:broader; skos:narrower,
preharvest sprouting resistance,preharvest sprouting tolerance,preharvest sprouting resistance (preharvest sprouting tolerance),https://lod.nal.usda.gov/nalt/299256,,False,skos:broader; skos:narrower,
preplanting treatment,,preplanting treatment,https://lod.nal.usda.gov/nalt/11360,,False,skos:broader; skos:narrower,
pretilachlor,,pretilachlor,https://lod.nal.usda.gov/nalt/25358,,True,skos:broader; skos:narrower,
priceite,,priceite,https://lod.nal.usda.gov/nalt/222440,,False,skos:related,
propachlor,,propachlor,https://lod.nal.usda.gov/nalt/25359,,True,skos:broader; skos:narrower,
propaquizafop,,propaquizafop,https://lod.nal.usda.gov/nalt/124298,,True,skos:broader; skos:narrower,
protein synthesis,protein anabolism; protein biosynthesis; protein expression,"protein synthesis (protein anabolism, protein biosynthesis, protein expression)",https://lod.nal.usda.gov/nalt/38953,,False,skos:related,
pruning,shearing (plants); thinning (cutting of branches); thinning (of canopy); tree surgery; trimming (plants),"pruning (shearing (plants), thinning (cutting of branches), thinning (of canopy), tree surgery, trimming (plants))",https://lod.nal.usda.gov/nalt/32141,,False,skos:broader; skos:narrower,
prynachlor,,prynachlor,https://lod.nal.usda.gov/nalt/45255,,True,skos:broader; skos:narrower,
Pueraria montana,,Pueraria montana,https://lod.nal.usda.gov/nalt/60518,,False,skos:broader; skos:narrower,
pyronaridine,malaridine,pyronaridine (malaridine),https://lod.nal.usda.gov/nalt/238626,,False,skos:related,
quizalofop,ethyl (2R)-2-(4-((6-chloroquinoxalin-2-yl)oxy)phenoxy)propionate; ethyl (2R)-2-(4-(6-chloranylquinoxalin-2-yl)oxyphenoxy)propanoate; ethyl (2R)-2-(4-(6-chloroquinoxalin-2-yl)oxyphenoxy)propanoate; quizalofop-ethyl; quizalofop-p-ethyl,"quizalofop (ethyl (2R)-2-(4-((6-chloroquinoxalin-2-yl)oxy)phenoxy)propionate, ethyl (2R)-2-(4-(6-chloranylquinoxalin-2-yl)oxyphenoxy)propanoate, ethyl (2R)-2-(4-(6-chloroquinoxalin-2-yl)oxyphenoxy)propanoate, quizalofop-ethyl, quizalofop-p-ethyl)",https://lod.nal.usda.gov/nalt/45261,,True,skos:broader; skos:narrower,
radiation resistance,irradiation resistance; radiation tolerance; radiation-resistance; radioresistance,"radiation resistance (irradiation resistance, radiation tolerance, radiation-resistance, radioresistance)",https://lod.nal.usda.gov/nalt/144,,False,skos:broader; skos:narrower,
resistance genes,,resistance genes,https://lod.nal.usda.gov/nalt/298919,,False,skos:related,
resistance mechanisms,,resistance mechanisms,https://lod.nal.usda.gov/nalt/10180,,False,skos:broader; skos:narrower,
Reynoutria,Pleuropterus,Reynoutria (Pleuropterus),https://lod.nal.usda.gov/nalt/90710,,False,skos:broader; skos:narrower,
Rosa,Hulthemia; Hulthemosa; roses; tea roses,"Rosa (Hulthemia, Hulthemosa, roses, tea roses)",https://lod.nal.usda.gov/nalt/46060,,False,skos:broader; skos:narrower,
Rosa multiflora f. watsoniana,Rosa watsoniana,Rosa multiflora f. watsoniana (Rosa watsoniana),https://lod.nal.usda.gov/nalt/336539,,False,skos:broader; skos:narrower,
Rosa multiflora var. cathayensis,,Rosa multiflora var. cathayensis,https://lod.nal.usda.gov/nalt/336422,,False,skos:broader; skos:narrower,
Rottboellia,Stegosia,Rottboellia (Stegosia),https://lod.nal.usda.gov/nalt/58953,,False,skos:broader; skos:narrower,
row spacing,,row spacing,https://lod.nal.usda.gov/nalt/58548,,False,skos:related,
Salsola,tumbleweed,Salsola (tumbleweed),https://lod.nal.usda.gov/nalt/24738,,False,skos:broader; skos:narrower,
salt tolerance,halotolerance; salt acclimation,"salt tolerance (halotolerance, salt acclimation)",https://lod.nal.usda.gov/nalt/145,,False,skos:broader; skos:narrower,
Salvinia,floating ferns; watermoss,"Salvinia (floating ferns, watermoss)",https://lod.nal.usda.gov/nalt/62314,,False,skos:broader; skos:narrower,
sediment traps,,sediment traps,https://lod.nal.usda.gov/nalt/259884,,False,skos:broader; skos:narrower,
seed storage,,seed storage,https://lod.nal.usda.gov/nalt/42886,,False,skos:broader; skos:narrower,
seed treatment,,seed treatment,https://lod.nal.usda.gov/nalt/58549,,False,skos:broader; skos:narrower,
shade tolerance,,shade tolerance,https://lod.nal.usda.gov/nalt/146,,False,skos:broader; skos:narrower,
Sicyos,Anomalosicyos; Cladocarpa; Costarica; Sarx; Sicyocarya; Sicyocaulis; Sicyoides; Sicyus; Skottsbergiliana; Sycios,"Sicyos (Anomalosicyos, Cladocarpa, Costarica, Sarx, Sicyocarya, Sicyocaulis, Sicyoides, Sicyus, Skottsbergiliana, Sycios)",https://lod.nal.usda.gov/nalt/30572,,False,skos:broader; skos:narrower,
silvicultural practices,cultural methods (forests); cultural practices (forests); forestry practices,"silvicultural practices (cultural methods (forests), cultural practices (forests), forestry practices)",https://lod.nal.usda.gov/nalt/26785,,False,skos:related,
sisomicin,antibiotic 6640; sisomycin,"sisomicin (antibiotic 6640, sisomycin)",https://lod.nal.usda.gov/nalt/148754,,False,skos:related,
soilless culture,soilless plant culture; soilless system; soilless systems,"soilless culture (soilless plant culture, soilless system, soilless systems)",https://lod.nal.usda.gov/nalt/46411,,False,skos:broader; skos:narrower,
sowing,seed sowing; seeding; sowing methods,"sowing (seed sowing, seeding, sowing methods)",https://lod.nal.usda.gov/nalt/33957,,False,skos:broader; skos:narrower,
spray deposition,spray drop deposition,spray deposition (spray drop deposition),https://lod.nal.usda.gov/nalt/11352,,False,skos:broader; skos:narrower,
spray drift,pesticide drift,spray drift (pesticide drift),https://lod.nal.usda.gov/nalt/11353,,False,skos:broader; skos:narrower,
streptomycin,,streptomycin,https://lod.nal.usda.gov/nalt/7873,,False,skos:related,
stress tolerance,stress resistance; stress tolerance (organisms),"stress tolerance (stress resistance, stress tolerance (organisms))",https://lod.nal.usda.gov/nalt/17457,,False,skos:broader; skos:narrower,
Striga asiatica,Asiatic witchweed; Striga lutea,"Striga asiatica (Asiatic witchweed, Striga lutea)",https://lod.nal.usda.gov/nalt/12967,,False,skos:broader; skos:narrower,
Striga gesnerioides,Striga orobanchoides,Striga gesnerioides (Striga orobanchoides),https://lod.nal.usda.gov/nalt/65035,,False,skos:broader; skos:narrower,
Striga hermonthica,,Striga hermonthica,https://lod.nal.usda.gov/nalt/65036,,False,skos:broader; skos:narrower,
sulfate minerals,sulphate minerals,sulfate minerals (sulphate minerals),https://lod.nal.usda.gov/nalt/44159,,False,skos:broader; skos:narrower,
synergism,,synergism,https://lod.nal.usda.gov/nalt/17302,,False,skos:related,
synergists,,synergists,https://lod.nal.usda.gov/nalt/255,,False,skos:related,
talc,talcum powder,talc (talcum powder),https://lod.nal.usda.gov/nalt/63088,,False,skos:related,
terbuchlor,,terbuchlor,https://lod.nal.usda.gov/nalt/45271,,True,skos:broader; skos:narrower,
thinning (plants),,thinning (plants),https://lod.nal.usda.gov/nalt/123839,,False,skos:broader; skos:narrower,
thiotepa,,thiotepa,https://lod.nal.usda.gov/nalt/57896,,False,skos:broader; skos:narrower,
thuringiensin,,thuringiensin,https://lod.nal.usda.gov/nalt/14976,,False,skos:related,
top dressings,topdressings,top dressings (topdressings),https://lod.nal.usda.gov/nalt/28390,,False,skos:broader; skos:narrower,
training (plants),plant training; trellising of plants; vine training,"training (plants) (plant training, trellising of plants, vine training)",https://lod.nal.usda.gov/nalt/58550,,False,skos:broader; skos:narrower,
trans-chlordane,chlordane trans; t-chlordane,"trans-chlordane (chlordane trans, t-chlordane)",https://lod.nal.usda.gov/nalt/213662,,True,skos:broader; skos:narrower,
tree staking,plant staking,tree staking (plant staking),https://lod.nal.usda.gov/nalt/305091,,False,skos:broader; skos:narrower,
trincalconite,,trincalconite,https://lod.nal.usda.gov/nalt/222441,,False,skos:related,
ulexite,,ulexite,https://lod.nal.usda.gov/nalt/222442,,False,skos:related,
urban horticulture,,urban horticulture,https://lod.nal.usda.gov/nalt/68414,,False,skos:related,
urease inhibitors,,urease inhibitors,https://lod.nal.usda.gov/nalt/37491,,False,skos:related,
vernalization,vernalisation; vernalising; vernalizing,"vernalization (vernalisation, vernalising, vernalizing)",https://lod.nal.usda.gov/nalt/58551,,False,skos:broader; skos:narrower,
vertical resistance,race specific resistance,vertical resistance (race specific resistance),https://lod.nal.usda.gov/nalt/154,,False,skos:broader; skos:narrower,
wind resistance,wind tolerance,wind resistance (wind tolerance),https://lod.nal.usda.gov/nalt/147,,False,skos:broader; skos:narrower,
xylachlor,,xylachlor,https://lod.nal.usda.gov/nalt/45286,,True,skos:broader; skos:narrower,
zinc compounds,,zinc compounds,https://lod.nal.usda.gov/nalt/327822,,False,skos:broader; skos:narrower,
additive effect,,additive effect,https://lod.nal.usda.gov/nalt/137125,,False,skos:related,
aggregation pheromones,,aggregation pheromones,https://lod.nal.usda.gov/nalt/5157,,False,skos:related,
alarm pheromones,,alarm pheromones,https://lod.nal.usda.gov/nalt/5966,,False,skos:related,
Amaranthaceae,Chenopodiaceae,Amaranthaceae (Chenopodiaceae),https://lod.nal.usda.gov/nalt/2692,,False,skos:broader; skos:narrower,
aminoglycosides,,aminoglycosides,https://lod.nal.usda.gov/nalt/7864,,False,skos:broader; skos:narrower,
antagonism,,antagonism,https://lod.nal.usda.gov/nalt/300715,,False,skos:related,
antiaggregation pheromones,anti-aggregation pheromones,antiaggregation pheromones (anti-aggregation pheromones),https://lod.nal.usda.gov/nalt/5159,,False,skos:related,
antileishmanial properties,antileishmanial activities; leishmanicidal properties,"antileishmanial properties (antileishmanial activities, leishmanicidal properties)",https://lod.nal.usda.gov/nalt/315766,,False,skos:broader; skos:narrower,
antiplasmodial properties,antiplasmodial activity,antiplasmodial properties (antiplasmodial activity),https://lod.nal.usda.gov/nalt/297690,,False,skos:broader; skos:narrower,
antitrypanosomal properties,antitrypanosomal activity,antitrypanosomal properties (antitrypanosomal activity),https://lod.nal.usda.gov/nalt/315762,,False,skos:broader; skos:narrower,
bacterial toxins,,bacterial toxins,https://lod.nal.usda.gov/nalt/15201,,False,skos:broader; skos:narrower,
biochemistry,,biochemistry,https://lod.nal.usda.gov/nalt/17227,,False,skos:broader; skos:narrower,
brood pheromone,,brood pheromone,https://lod.nal.usda.gov/nalt/20041,,False,skos:broader; skos:narrower,
brush cutters,scrub cutters,brush cutters (scrub cutters),https://lod.nal.usda.gov/nalt/301011,,False,skos:related,
chemical pruning,,chemical pruning,https://lod.nal.usda.gov/nalt/130713,,False,skos:broader; skos:narrower,
coccidiostats,anticoccidial agents; anticoccidials,"coccidiostats (anticoccidial agents, anticoccidials)",https://lod.nal.usda.gov/nalt/10269,,False,skos:broader; skos:narrower,
delimbing,branch lopping; lopping of branches; lopping of trees; lopping off branches; tree lopping,"delimbing (branch lopping, lopping of branches, lopping of trees, lopping off branches, tree lopping)",https://lod.nal.usda.gov/nalt/32139,,False,skos:broader; skos:narrower,
dihydrostreptomycin,dihydrostreptomycin sulfate,dihydrostreptomycin (dihydrostreptomycin sulfate),https://lod.nal.usda.gov/nalt/10200,,False,skos:broader; skos:narrower,
drift spraying,,drift spraying,https://lod.nal.usda.gov/nalt/302117,,False,skos:related,
drug synergism,drug synergy,drug synergism (drug synergy),https://lod.nal.usda.gov/nalt/34654,,False,skos:broader; skos:narrower,
dwarfing,dwarfism,dwarfing (dwarfism),https://lod.nal.usda.gov/nalt/34954,,False,skos:related,
gene-for-gene relationship,,gene-for-gene relationship,https://lod.nal.usda.gov/nalt/34051,,False,skos:related,
geraniol,lemonol,geraniol (lemonol),https://lod.nal.usda.gov/nalt/6150,,False,skos:related,
growth inhibitors,growth retardants,growth inhibitors (growth retardants),https://lod.nal.usda.gov/nalt/302390,,False,skos:broader; skos:narrower,
hedging (pruning),,hedging (pruning),https://lod.nal.usda.gov/nalt/138422,,False,skos:broader; skos:narrower,
heterocyclic oxygen compounds,,heterocyclic oxygen compounds,https://lod.nal.usda.gov/nalt/33790,,False,skos:broader; skos:narrower,
inorganic compounds,inorganic chemicals,inorganic compounds (inorganic chemicals),https://lod.nal.usda.gov/nalt/265,,False,skos:broader; skos:narrower,
insect biochemistry,,insect biochemistry,https://lod.nal.usda.gov/nalt/47362,,False,skos:related,
MGK-326,dipropyl isocinchomeronate,MGK-326 (dipropyl isocinchomeronate),https://lod.nal.usda.gov/nalt/213732,,False,skos:broader; skos:narrower,
Nasonov pheromone,,Nasonov pheromone,https://lod.nal.usda.gov/nalt/45796,,False,skos:broader; skos:narrower,
natural pruning,,natural pruning,https://lod.nal.usda.gov/nalt/130712,,False,skos:related,
organometallic compounds,,organometallic compounds,https://lod.nal.usda.gov/nalt/56084,,False,skos:broader; skos:narrower,
oviposition pheromones,,oviposition pheromones,https://lod.nal.usda.gov/nalt/47391,,False,skos:related,
phenylurea compounds,phenyl urea compounds,phenylurea compounds (phenyl urea compounds),https://lod.nal.usda.gov/nalt/54802,,False,skos:broader; skos:narrower,
pruning tools,pruning equipment; pruning implements,"pruning tools (pruning equipment, pruning implements)",https://lod.nal.usda.gov/nalt/37744,,False,skos:related,
queen pheromones,,queen pheromones,https://lod.nal.usda.gov/nalt/47392,,False,skos:related,
root pruning,,root pruning,https://lod.nal.usda.gov/nalt/305632,,False,skos:broader; skos:narrower,
Salsola passerina,,Salsola passerina,https://lod.nal.usda.gov/nalt/214433,,False,skos:broader; skos:narrower,
Salsola paulsenii,barbwire Russian thistle,Salsola paulsenii (barbwire Russian thistle),https://lod.nal.usda.gov/nalt/15827,,False,skos:broader; skos:narrower,
Salsola soda,,Salsola soda,https://lod.nal.usda.gov/nalt/225715,,False,skos:broader; skos:narrower,
Salsola tragus,Russian cactus; Russian thistle; Russian tumbleweed; Salsola australis; Salsola iberica; Salsola kali; Salsola kali ssp. iberica; Salsola kali ssp. ruthenica; Salsola kali ssp. tenuifolia; Salsola kali ssp. tragus; Salsola kali subsp. iberica; Salsola kali subsp. ruthenica; Salsola kali subsp. tenuifolia; Salsola kali subsp. tragus; Salsola pestifer; Salsola ruthenica; Salsola tragus subsp. iberica,"Salsola tragus (Russian cactus, Russian thistle, Russian tumbleweed, Salsola australis, Salsola iberica, Salsola kali, Salsola kali ssp. iberica, Salsola kali ssp. ruthenica, Salsola kali ssp. tenuifolia, Salsola kali ssp. tragus, Salsola kali subsp. iberica, Salsola kali subsp. ruthenica, Salsola kali subsp. tenuifolia, Salsola kali subsp. tragus, Salsola pestifer, Salsola ruthenica, Salsola tragus subsp. iberica)",https://lod.nal.usda.gov/nalt/61842,,False,skos:broader; skos:narrower,
seed crop production,commercial seed production; seed production (commodity); seedcrop production,"seed crop production (commercial seed production, seed production (commodity), seedcrop production)",https://lod.nal.usda.gov/nalt/30147,,False,skos:related,
seed dressings,seed coatings; seed pelleting; seed pelletization,"seed dressings (seed coatings, seed pelleting, seed pelletization)",https://lod.nal.usda.gov/nalt/62758,,False,skos:broader; skos:narrower,
seed priming,,seed priming,https://lod.nal.usda.gov/nalt/56340,,False,skos:broader; skos:narrower,
seed scarification,,seed scarification,https://lod.nal.usda.gov/nalt/62764,,False,skos:broader; skos:narrower,
seed stratification,stratification (seed),seed stratification (stratification (seed)),https://lod.nal.usda.gov/nalt/68276,,False,skos:broader; skos:narrower,
shoot pruning,,shoot pruning,https://lod.nal.usda.gov/nalt/130709,,False,skos:broader; skos:narrower,
simulated spray drift,,simulated spray drift,https://lod.nal.usda.gov/nalt/306563,,False,skos:broader; skos:narrower,
systemic acquired resistance,,systemic acquired resistance,https://lod.nal.usda.gov/nalt/46601,,False,skos:broader; skos:narrower,
topping (pruning),tree topping,topping (pruning) (tree topping),https://lod.nal.usda.gov/nalt/59998,,False,skos:broader; skos:narrower,
trail pheromones,pheromone trail,trail pheromones (pheromone trail),https://lod.nal.usda.gov/nalt/47394,,False,skos:related,
transgenic resistance,,transgenic resistance,https://lod.nal.usda.gov/nalt/322625,,False,skos:broader; skos:narrower,
varietal resistance,varietal susceptibility,varietal resistance (varietal susceptibility),https://lod.nal.usda.gov/nalt/42647,,False,skos:broader; skos:narrower,
zinc acetate,,zinc acetate,https://lod.nal.usda.gov/nalt/218917,,False,skos:broader; skos:narrower,
zinc alloys,,zinc alloys,https://lod.nal.usda.gov/nalt/328719,,False,skos:broader; skos:narrower,
zinc carnosine,polaprezinc; zinc L-carnosine; zinc L-carnosine complex,"zinc carnosine (polaprezinc, zinc L-carnosine, zinc L-carnosine complex)",https://lod.nal.usda.gov/nalt/327824,,False,skos:broader; skos:narrower,
zinc chloride,,zinc chloride,https://lod.nal.usda.gov/nalt/327572,,False,skos:broader; skos:narrower,
zinc oxide,,zinc oxide,https://lod.nal.usda.gov/nalt/56448,,False,skos:broader; skos:narrower,
zinc phosphide,,zinc phosphide,https://lod.nal.usda.gov/nalt/57887,,False,skos:broader; skos:narrower,
zinc pyrithione,pyrithion-zink; pyrithione zinc; zinc pyridinethione,"zinc pyrithione (pyrithion-zink, pyrithione zinc, zinc pyridinethione)",https://lod.nal.usda.gov/nalt/327056,,False,skos:broader; skos:narrower,
zinc sulfate,zinc sulphate,zinc sulfate (zinc sulphate),https://lod.nal.usda.gov/nalt/65182,,False,skos:broader; skos:narrower,
zinc sulfide,zinc sulphide,zinc sulfide (zinc sulphide),https://lod.nal.usda.gov/nalt/265177,,False,skos:broader; skos:narrower,
alcohols,,alcohols,https://lod.nal.usda.gov/nalt/1222,,False,skos:broader; skos:narrower,
aluminum compounds,aluminium compounds,aluminum compounds (aluminium compounds),https://lod.nal.usda.gov/nalt/327630,,False,skos:broader; skos:narrower,
ammonia,NH3 (ammonia),ammonia (NH3 (ammonia)),https://lod.nal.usda.gov/nalt/7925,,False,skos:broader; skos:narrower,
barium compounds,,barium compounds,https://lod.nal.usda.gov/nalt/260422,,False,skos:broader; skos:narrower,
calcium compounds,,calcium compounds,https://lod.nal.usda.gov/nalt/331567,,False,skos:broader; skos:narrower,
carbides,,carbides,https://lod.nal.usda.gov/nalt/21097,,False,skos:broader; skos:narrower,
chemical compounds,,chemical compounds,https://lod.nal.usda.gov/nalt/8,,False,skos:broader; skos:narrower,
copper pyrithione,,copper pyrithione,https://lod.nal.usda.gov/nalt/327055,,False,skos:broader; skos:narrower,
diclazuril,,diclazuril,https://lod.nal.usda.gov/nalt/10520,,False,skos:broader; skos:narrower,
forchlorfenuron,1-(2-chloro-4-pyridinyl)-3-phenylurea; 1-(2-chloro-4-pyridyl)-3-phenylurea; N-(2-chloro-4-pyridinyl)-N'-phenylurea,"forchlorfenuron (1-(2-chloro-4-pyridinyl)-3-phenylurea, 1-(2-chloro-4-pyridyl)-3-phenylurea, N-(2-chloro-4-pyridinyl)-N'-phenylurea)",https://lod.nal.usda.gov/nalt/213710,,False,skos:broader; skos:narrower,
geneticin,antibiotic G418,geneticin (antibiotic G418),https://lod.nal.usda.gov/nalt/7866,,False,skos:broader; skos:narrower,
gentamicin,gentamycin; gentamycins,"gentamicin (gentamycin, gentamycins)",https://lod.nal.usda.gov/nalt/7867,,False,skos:broader; skos:narrower,
glycosides,,glycosides,https://lod.nal.usda.gov/nalt/7865,,False,skos:broader; skos:narrower,
honey bees,honeybees,honey bees (honeybees),https://lod.nal.usda.gov/nalt/4918,,False,skos:related,
hydrides,,hydrides,https://lod.nal.usda.gov/nalt/46290,,False,skos:broader; skos:narrower,
hydroxides,,hydroxides,https://lod.nal.usda.gov/nalt/7278,,False,skos:broader; skos:narrower,
hygromycin B,,hygromycin B,https://lod.nal.usda.gov/nalt/7868,,False,skos:broader; skos:narrower,
hypersensitive response,hypersensitive reaction; hypersensitivity (plants); plant hypersensitivity,"hypersensitive response (hypersensitive reaction, hypersensitivity (plants), plant hypersensitivity)",https://lod.nal.usda.gov/nalt/11247,,False,skos:related,
inorganic ions,,inorganic ions,https://lod.nal.usda.gov/nalt/46329,,False,skos:broader; skos:narrower,
inorganic matter,inorganic substance,inorganic matter (inorganic substance),https://lod.nal.usda.gov/nalt/295079,,False,skos:related,
inorganic phosphorus,,inorganic phosphorus,https://lod.nal.usda.gov/nalt/47322,,False,skos:broader; skos:narrower,
ipsdienol,,ipsdienol,https://lod.nal.usda.gov/nalt/297556,,False,skos:broader; skos:narrower,
iron compounds,,iron compounds,https://lod.nal.usda.gov/nalt/215467,,False,skos:broader; skos:narrower,
iron oxyhydroxides,iron (oxyhydr)oxides,iron oxyhydroxides (iron (oxyhydr)oxides),https://lod.nal.usda.gov/nalt/47323,,False,skos:broader; skos:narrower,
kanamycin,kanamycin sulfate,kanamycin (kanamycin sulfate),https://lod.nal.usda.gov/nalt/7869,,False,skos:broader; skos:narrower,
low volume spraying,ultralow volume spraying; very low volume spraying,"low volume spraying (ultralow volume spraying, very low volume spraying)",https://lod.nal.usda.gov/nalt/50686,,False,skos:related,
maduramicin,,maduramicin,https://lod.nal.usda.gov/nalt/27440,,False,skos:broader; skos:narrower,
magnesium compounds,,magnesium compounds,https://lod.nal.usda.gov/nalt/235278,,False,skos:broader; skos:narrower,
manganese acetate,manganese diacetate; manganese(II) acetate,"manganese acetate (manganese diacetate, manganese(II) acetate)",https://lod.nal.usda.gov/nalt/329909,,False,skos:broader; skos:narrower,
metalloids,intermediate metals; semi-metals,"metalloids (intermediate metals, semi-metals)",https://lod.nal.usda.gov/nalt/213532,,False,skos:related,
metals,,metals,https://lod.nal.usda.gov/nalt/6739,,False,skos:broader; skos:narrower,
neomycin,,neomycin,https://lod.nal.usda.gov/nalt/7870,,False,skos:broader; skos:narrower,
nerol,,nerol,https://lod.nal.usda.gov/nalt/207447,,False,skos:related,
organic compounds,organic chemicals,organic compounds (organic chemicals),https://lod.nal.usda.gov/nalt/270,,False,skos:broader; skos:narrower,
organomagnesium compounds,,organomagnesium compounds,https://lod.nal.usda.gov/nalt/309142,,False,skos:broader; skos:narrower,
organomercury compounds,organic mercury compounds; organomercurials,"organomercury compounds (organic mercury compounds, organomercurials)",https://lod.nal.usda.gov/nalt/52151,,False,skos:broader; skos:narrower,
oxides,,oxides,https://lod.nal.usda.gov/nalt/7279,,False,skos:broader; skos:narrower,
ozone,,ozone,https://lod.nal.usda.gov/nalt/47324,,False,skos:broader; skos:narrower,
pelleting,pelleting method; pelleting process; pelletization,"pelleting (pelleting method, pelleting process, pelletization)",https://lod.nal.usda.gov/nalt/246525,,False,skos:related,
phosphides,,phosphides,https://lod.nal.usda.gov/nalt/47325,,False,skos:broader; skos:narrower,
puromycin,,puromycin,https://lod.nal.usda.gov/nalt/7872,,False,skos:broader; skos:narrower,
queen insects,ant queens; insect queens; queens (insects),"queen insects (ant queens, insect queens, queens (insects))",https://lod.nal.usda.gov/nalt/47363,,False,skos:related,
queen substance,9-keto-2(E)-decenoic acid; 9-keto-2-decenoic acid; 9-oxo-trans-2-decenoic acid,"queen substance (9-keto-2(E)-decenoic acid, 9-keto-2-decenoic acid, 9-oxo-trans-2-decenoic acid)",https://lod.nal.usda.gov/nalt/1550,,False,skos:broader; skos:narrower,
roxarsone,3-nitro-4-hydroxy benzene arsenic acid,roxarsone (3-nitro-4-hydroxy benzene arsenic acid),https://lod.nal.usda.gov/nalt/12379,,False,skos:broader; skos:narrower,
seed germination,,seed germination,https://lod.nal.usda.gov/nalt/4930,,False,skos:related,
seeds,kernels,seeds (kernels),https://lod.nal.usda.gov/nalt/20440,,False,skos:related,
sesquioxides,,sesquioxides,https://lod.nal.usda.gov/nalt/47326,,False,skos:broader; skos:narrower,
silicon compounds,,silicon compounds,https://lod.nal.usda.gov/nalt/292507,,False,skos:broader; skos:narrower,
silver compounds,,silver compounds,https://lod.nal.usda.gov/nalt/254464,,False,skos:broader; skos:narrower,
sodium compounds,,sodium compounds,https://lod.nal.usda.gov/nalt/309699,,False,skos:broader; skos:narrower,
spectinomycin,,spectinomycin,https://lod.nal.usda.gov/nalt/10209,,False,skos:broader; skos:narrower,
tuberculosis,,tuberculosis,https://lod.nal.usda.gov/nalt/14191,,False,skos:related,
tungstic acids,tungsten acids; tungstic(VI) acid,"tungstic acids (tungsten acids, tungstic(VI) acid)",https://lod.nal.usda.gov/nalt/331393,,False,skos:broader; skos:narrower,
varieties,,varieties,https://lod.nal.usda.gov/nalt/28029,,False,skos:related,
zinc,,zinc,https://lod.nal.usda.gov/nalt/33438,,False,skos:related,
zinc phthalocyanine,Zn(II)-phthalocyanine; Zn-phthalocyanine,"zinc phthalocyanine (Zn(II)-phthalocyanine, Zn-phthalocyanine)",https://lod.nal.usda.gov/nalt/328277,,False,skos:broader; skos:narrower,
aluminum chloride,aluminium chloride; aluminium trichloride; aluminum trichloride,"aluminum chloride (aluminium chloride, aluminium trichloride, aluminum trichloride)",https://lod.nal.usda.gov/nalt/7267,,False,skos:broader; skos:narrower,
aluminum fluoride,aluminium monofluoride; aluminum trifluoride,"aluminum fluoride (aluminium monofluoride, aluminum trifluoride)",https://lod.nal.usda.gov/nalt/327863,,False,skos:broader; skos:narrower,
aluminum hydroxide,aluminium hydroxide,aluminum hydroxide (aluminium hydroxide),https://lod.nal.usda.gov/nalt/7269,,False,skos:broader; skos:narrower,
aluminum nitride,,aluminum nitride,https://lod.nal.usda.gov/nalt/259411,,False,skos:broader; skos:narrower,
aluminum oxide,alpha-alumina; alumina; aluminium oxide; gamma-alumina,"aluminum oxide (alpha-alumina, alumina, aluminium oxide, gamma-alumina)",https://lod.nal.usda.gov/nalt/7271,,False,skos:broader; skos:narrower,
aluminum phosphate,aluminium phosphate,aluminum phosphate (aluminium phosphate),https://lod.nal.usda.gov/nalt/7273,,False,skos:broader; skos:narrower,
aluminum sulfate,aluminium sulphate,aluminum sulfate (aluminium sulphate),https://lod.nal.usda.gov/nalt/7275,,False,skos:broader; skos:narrower,
barium,,barium,https://lod.nal.usda.gov/nalt/6419,,False,skos:related,
barium carbonate,,barium carbonate,https://lod.nal.usda.gov/nalt/225333,,False,skos:broader; skos:narrower,
barium nitrate,,barium nitrate,https://lod.nal.usda.gov/nalt/225362,,False,skos:broader; skos:narrower,
barium sulfate,BaSO4 (barium sulfate); barium sulphate,"barium sulfate (BaSO4 (barium sulfate), barium sulphate)",https://lod.nal.usda.gov/nalt/15837,,False,skos:broader; skos:narrower,
barium titanate,BaTiO3 (barium titanate),barium titanate (BaTiO3 (barium titanate)),https://lod.nal.usda.gov/nalt/260421,,False,skos:broader; skos:narrower,
calcium carbonate,,calcium carbonate,https://lod.nal.usda.gov/nalt/21098,,False,skos:broader; skos:narrower,
calcium chloride,CaCl2 (calcium chloride),calcium chloride (CaCl2 (calcium chloride)),https://lod.nal.usda.gov/nalt/21105,,False,skos:broader; skos:narrower,
calcium lactate,calcium 2-hydroxypropanoate; calcium lactate 5-hydrate,"calcium lactate (calcium 2-hydroxypropanoate, calcium lactate 5-hydrate)",https://lod.nal.usda.gov/nalt/341118,,False,skos:broader; skos:narrower,
calcium phosphates,calcium phosphate,calcium phosphates (calcium phosphate),https://lod.nal.usda.gov/nalt/10640,,False,skos:broader; skos:narrower,
copper,,copper,https://lod.nal.usda.gov/nalt/28946,,False,skos:related,
dioxins,,dioxins,https://lod.nal.usda.gov/nalt/33791,,False,skos:broader; skos:narrower,
Ips,,Ips,https://lod.nal.usda.gov/nalt/47664,,False,skos:related,
methylmercury compounds,methyl mercury; methyl mercury cations; methyl mercury compounds; methylmercury; methylmercury cations,"methylmercury compounds (methyl mercury, methyl mercury cations, methyl mercury compounds, methylmercury, methylmercury cations)",https://lod.nal.usda.gov/nalt/52346,,False,skos:broader; skos:narrower,
nacre,mother of pearl,nacre (mother of pearl),https://lod.nal.usda.gov/nalt/285583,,False,skos:broader; skos:narrower,
ozonation,ozone treatment; ozonization,"ozonation (ozone treatment, ozonization)",https://lod.nal.usda.gov/nalt/24676,,False,skos:related,
ozone depletion,,ozone depletion,https://lod.nal.usda.gov/nalt/25418,,False,skos:related,
phosphorus,Olsen P; extractable P,"phosphorus (Olsen P, extractable P)",https://lod.nal.usda.gov/nalt/33436,,False,skos:related,
silver chloride,AgCl (silver chloride),silver chloride (AgCl (silver chloride)),https://lod.nal.usda.gov/nalt/254461,,False,skos:broader; skos:narrower,
silver nitrate,,silver nitrate,https://lod.nal.usda.gov/nalt/54861,,False,skos:broader; skos:narrower,
silver oxide,Ag2O (silver oxide); disilver oxide,"silver oxide (Ag2O (silver oxide), disilver oxide)",https://lod.nal.usda.gov/nalt/292903,,False,skos:broader; skos:narrower,
silver sulfide,silver sulphide,silver sulfide (silver sulphide),https://lod.nal.usda.gov/nalt/329728,,False,skos:broader; skos:narrower,
smog pollution,photochemical smog; smog,"smog pollution (photochemical smog, smog)",https://lod.nal.usda.gov/nalt/334418,,False,skos:related,
spray volume,,spray volume,https://lod.nal.usda.gov/nalt/11363,,False,skos:related,
chemical reactions,biochemical reactions,chemical reactions (biochemical reactions),https://lod.nal.usda.gov/nalt/3982,,False,skos:broader; skos:narrower,
chlorides,,chlorides,https://lod.nal.usda.gov/nalt/7277,,False,skos:broader; skos:narrower,
copper deficiency,,copper deficiency,https://lod.nal.usda.gov/nalt/233358,,False,skos:related,
copper metabolism,,copper metabolism,https://lod.nal.usda.gov/nalt/232199,,False,skos:related,
cupric oxide,copper (II) oxide,cupric oxide (copper (II) oxide),https://lod.nal.usda.gov/nalt/248003,,False,skos:related,
dietary minerals,microelements (dietary); micronutrients (animal); micronutrients (dietary minerals),"dietary minerals (microelements (dietary), micronutrients (animal), micronutrients (dietary minerals))",https://lod.nal.usda.gov/nalt/21092,,False,skos:related,
hemocyanin,haemocyanin,hemocyanin (haemocyanin),https://lod.nal.usda.gov/nalt/247658,,False,skos:related,
Ips acuminatus,,Ips acuminatus,https://lod.nal.usda.gov/nalt/47665,,False,skos:broader; skos:narrower,
Ips avulsus,small southern pine engraver,Ips avulsus (small southern pine engraver),https://lod.nal.usda.gov/nalt/47666,,False,skos:broader; skos:narrower,
Ips calligraphus,sixspined ips,Ips calligraphus (sixspined ips),https://lod.nal.usda.gov/nalt/47667,,False,skos:broader; skos:narrower,
Ips cembrae,,Ips cembrae,https://lod.nal.usda.gov/nalt/295498,,False,skos:broader; skos:narrower,
Ips confusus,pinyon ips,Ips confusus (pinyon ips),https://lod.nal.usda.gov/nalt/128419,,False,skos:broader; skos:narrower,
Ips grandicollis,Eastern fivespined ips,Ips grandicollis (Eastern fivespined ips),https://lod.nal.usda.gov/nalt/35173,,False,skos:broader; skos:narrower,
Ips lecontei,Arizona fivespined ips,Ips lecontei (Arizona fivespined ips),https://lod.nal.usda.gov/nalt/128421,,False,skos:broader; skos:narrower,
Ips mexicanus,Ips radiatae,Ips mexicanus (Ips radiatae),https://lod.nal.usda.gov/nalt/295501,,False,skos:broader; skos:narrower,
Ips paraconfusus,California fivespined ips,Ips paraconfusus (California fivespined ips),https://lod.nal.usda.gov/nalt/21221,,False,skos:broader; skos:narrower,
Ips perturbatus,Northern spruce engraver beetle,Ips perturbatus (Northern spruce engraver beetle),https://lod.nal.usda.gov/nalt/47668,,False,skos:broader; skos:narrower,
Ips pini,Ips oregoni; North American pine engraver; pine engraver,"Ips pini (Ips oregoni, North American pine engraver, pine engraver)",https://lod.nal.usda.gov/nalt/47669,,False,skos:broader; skos:narrower,
Ips plastographus,,Ips plastographus,https://lod.nal.usda.gov/nalt/295500,,False,skos:broader; skos:narrower,
Ips sexdentatus,six-toothed bark beetle,Ips sexdentatus (six-toothed bark beetle),https://lod.nal.usda.gov/nalt/47670,,False,skos:broader; skos:narrower,
Ips typographus,spruce engraver beetle,Ips typographus (spruce engraver beetle),https://lod.nal.usda.gov/nalt/47671,,False,skos:broader; skos:narrower,
ozonolysis,,ozonolysis,https://lod.nal.usda.gov/nalt/207868,,False,skos:broader; skos:narrower,
pollutants,environmental pollutants,pollutants (environmental pollutants),https://lod.nal.usda.gov/nalt/5844,,False,skos:related,
Scolytidae,European spruce bark beetles; Scolytinae; engraver beetles,"Scolytidae (European spruce bark beetles, Scolytinae, engraver beetles)",https://lod.nal.usda.gov/nalt/7490,,False,skos:broader; skos:narrower,
silver,,silver,https://lod.nal.usda.gov/nalt/63105,,False,skos:related,
silver staining,silver nitrate staining,silver staining (silver nitrate staining),https://lod.nal.usda.gov/nalt/277630,,False,skos:related,
swayback,,swayback,https://lod.nal.usda.gov/nalt/28947,,False,skos:related,
trace elements,microelements (soils); trace metals; trace minerals,"trace elements (microelements (soils), trace metals, trace minerals)",https://lod.nal.usda.gov/nalt/12372,,False,skos:broader; skos:narrower,
transition elements,transition metals,transition elements (transition metals),https://lod.nal.usda.gov/nalt/3195,,False,skos:broader; skos:narrower,
volume,,volume,https://lod.nal.usda.gov/nalt/52494,,False,skos:related,
