prefLabel,altLabels,displayName,uri,confidence,in_hierarchy_gold,relations,classification
plant diseases and disorders,plant diseases; plant disorders,"plant diseases and disorders (plant diseases, plant disorders)",https://lod.nal.usda.gov/nalt/15134,1.0,True,,INCLUDE
plant protection,crop protection; plant health protection,"plant protection (crop protection, plant health protection)",https://lod.nal.usda.gov/nalt/30154,1.0,True,,INCLUDE
bacterial diseases of plants,bacterial infections of plants; plant bacterial diseases,"bacterial diseases of plants (bacterial infections of plants, plant bacterial diseases)",https://lod.nal.usda.gov/nalt/15131,,True,skos:broader; skos:narrower,
black shank disease,,black shank disease,https://lod.nal.usda.gov/nalt/263011,,True,skos:broader; skos:narrower,
blast disease,rice blast; wheat blast,"blast disease (rice blast, wheat blast)",https://lod.nal.usda.gov/nalt/17904,,True,skos:broader; skos:narrower,
botany,,botany,https://lod.nal.usda.gov/nalt/162,,False,skos:related,
brown rot disease,,brown rot disease,https://lod.nal.usda.gov/nalt/316252,,True,skos:broader; skos:narrower,
crop biosecurity,,crop biosecurity,https://lod.nal.usda.gov/nalt/17518,,False,skos:related,
decline,decline disease; decline disorder,"decline (decline disease, decline disorder)",https://lod.nal.usda.gov/nalt/31919,,True,skos:broader; skos:narrower,
disease and pest management,,disease and pest management,https://lod.nal.usda.gov/nalt/284,,False,skos:related,
disease control,disease management; disease suppression; infection control; pathogen suppression,"disease control (disease management, disease suppression, infection control, pathogen suppression)",https://lod.nal.usda.gov/nalt/290,,False,skos:related,
disease models,,disease models,https://lod.nal.usda.gov/nalt/9121,,False,skos:related,
disease-free plants,disease free plants; germ free plants; germ-free plants; germfree plants; germfree state (plants); pathogen free plants; pathogen-free plants,"disease-free plants (disease free plants, germ free plants, germ-free plants, germfree plants, germfree state (plants), pathogen free plants, pathogen-free plants)",https://lod.nal.usda.gov/nalt/67893,,False,skos:related,
downy mildew,,downy mildew,https://lod.nal.usda.gov/nalt/34450,,True,skos:broader; skos:narrower,
etiological agents,aetiological agents; disease-causing agents,"etiological agents (aetiological agents, disease-causing agents)",https://lod.nal.usda.gov/nalt/136950,,False,skos:related,
foliar diseases,foliage diseases; leaf diseases,"foliar diseases (foliage diseases, leaf diseases)",https://lod.nal.usda.gov/nalt/40782,,True,skos:broader; skos:narrower,
forest health,,forest health,https://lod.nal.usda.gov/nalt/41128,,True,skos:related,
fruit cracking,fruit cracks,fruit cracking (fruit cracks),https://lod.nal.usda.gov/nalt/67851,,True,skos:broader; skos:narrower,
fruit diseases,,fruit diseases,https://lod.nal.usda.gov/nalt/17678,,True,skos:broader; skos:narrower,
fungal diseases of plants,fungus diseases of plants,fungal diseases of plants (fungus diseases of plants),https://lod.nal.usda.gov/nalt/10053,,True,skos:broader; skos:narrower,
fungi,fungal organisms; macrofungi; microfungi,"fungi (fungal organisms, macrofungi, microfungi)",https://lod.nal.usda.gov/nalt/495,,False,skos:related,
greening disease,citrus greening disease; citrus greening infection; huanglongbing; huanglongbing disease; yellow dragon disease,"greening disease (citrus greening disease, citrus greening infection, huanglongbing, huanglongbing disease, yellow dragon disease)",https://lod.nal.usda.gov/nalt/21818,,True,skos:broader; skos:narrower,
gummosis,,gummosis,https://lod.nal.usda.gov/nalt/44114,,True,skos:broader; skos:narrower,
hail nets,anti-hail nets; hailnets,"hail nets (anti-hail nets, hailnets)",https://lod.nal.usda.gov/nalt/253146,,False,skos:related,
herbicide safeners,herbicide antagonists; herbicide antidotes,"herbicide safeners (herbicide antagonists, herbicide antidotes)",https://lod.nal.usda.gov/nalt/123142,,False,skos:related,
hollow heart,,hollow heart,https://lod.nal.usda.gov/nalt/226534,,True,skos:broader; skos:narrower,
hyperhydricity,hyperhydration (plant disorder),hyperhydricity (hyperhydration (plant disorder)),https://lod.nal.usda.gov/nalt/46558,,True,skos:broader; skos:narrower,
infectious diseases,communicable diseases,infectious diseases (communicable diseases),https://lod.nal.usda.gov/nalt/15154,,False,skos:related,
infectious diseases and infestations,,infectious diseases and infestations,https://lod.nal.usda.gov/nalt/329,,False,skos:related,
leaf wetness,,leaf wetness,https://lod.nal.usda.gov/nalt/284231,,False,skos:related,
maize wallaby ear disease,maize wallaby ear symptom,maize wallaby ear disease (maize wallaby ear symptom),https://lod.nal.usda.gov/nalt/278068,,True,skos:broader; skos:narrower,
noninfectious diseases,noncommunicable diseases,noninfectious diseases (noncommunicable diseases),https://lod.nal.usda.gov/nalt/330,,False,skos:related,
pest control,,pest control,https://lod.nal.usda.gov/nalt/291,,False,skos:related,
phyllody,,phyllody,https://lod.nal.usda.gov/nalt/306883,,True,skos:broader; skos:narrower,
plant damage,fruit damage; plant injuries; plant injury; wounds (plant),"plant damage (fruit damage, plant injuries, plant injury, wounds (plant))",https://lod.nal.usda.gov/nalt/1735,,True,skos:related,
plant disease resistance,,plant disease resistance,https://lod.nal.usda.gov/nalt/142532,,False,skos:related,
plant parasitic nematodes,parasitic nematodes (plants); phytonematodes; phytoparasitic nematodes; phytopathogenic nematodes; plant nematodes,"plant parasitic nematodes (parasitic nematodes (plants), phytonematodes, phytoparasitic nematodes, phytopathogenic nematodes, plant nematodes)",https://lod.nal.usda.gov/nalt/8933,,False,skos:related,
plant pests,crop pests; pests of plants; phytophagous pests; tree pests,"plant pests (crop pests, pests of plants, phytophagous pests, tree pests)",https://lod.nal.usda.gov/nalt/17605,,True,skos:related,
plant rots,,plant rots,https://lod.nal.usda.gov/nalt/30265,,True,skos:broader; skos:narrower,
plant viruses,,plant viruses,https://lod.nal.usda.gov/nalt/58572,,True,skos:related,
plant-incorporated protectants,PIPs (plant incorporated protectants); plant incorporated protectants,"plant-incorporated protectants (PIPs (plant incorporated protectants), plant incorporated protectants)",https://lod.nal.usda.gov/nalt/68395,,False,skos:related,
postharvest diseases,postharvest decay; storage decay,"postharvest diseases (postharvest decay, storage decay)",https://lod.nal.usda.gov/nalt/31900,,True,skos:broader; skos:narrower,
replant disease,specific replant disease,replant disease (specific replant disease),https://lod.nal.usda.gov/nalt/58565,,True,skos:broader; skos:narrower,
root diseases,,root diseases,https://lod.nal.usda.gov/nalt/58566,,True,skos:broader; skos:narrower,
rose rosette disease,,rose rosette disease,https://lod.nal.usda.gov/nalt/58567,,True,skos:broader; skos:narrower,
scab diseases,orange scab,scab diseases (orange scab),https://lod.nal.usda.gov/nalt/41933,,True,skos:broader; skos:narrower,
scald diseases,leaf scald diseases; sun scald; sunburn (plants); sunscald,"scald diseases (leaf scald diseases, sun scald, sunburn (plants), sunscald)",https://lod.nal.usda.gov/nalt/58568,,True,skos:broader; skos:narrower,
seed-borne diseases,seed borne diseases; seedborne diseases,"seed-borne diseases (seed borne diseases, seedborne diseases)",https://lod.nal.usda.gov/nalt/58569,,True,skos:broader; skos:narrower,
seedling diseases,,seedling diseases,https://lod.nal.usda.gov/nalt/31688,,True,skos:broader; skos:narrower,
signs and symptoms (plants),symptoms (plants),signs and symptoms (plants) (symptoms (plants)),https://lod.nal.usda.gov/nalt/940,,True,skos:related,
soil-borne diseases,soil borne diseases; soilborne diseases,"soil-borne diseases (soil borne diseases, soilborne diseases)",https://lod.nal.usda.gov/nalt/58570,,True,skos:broader; skos:narrower,
tree diseases,,tree diseases,https://lod.nal.usda.gov/nalt/41132,,True,skos:broader; skos:narrower,
vascular wilt,wilts (plant disease),vascular wilt (wilts (plant disease)),https://lod.nal.usda.gov/nalt/15216,,True,skos:broader; skos:narrower,
viral diseases of plants,plant viroses; viral infections of plants; viroses (plants); viroses of plants; virus diseases of plants; virus infections of plants,"viral diseases of plants (plant viroses, viral infections of plants, viroses (plants), viroses of plants, virus diseases of plants, virus infections of plants)",https://lod.nal.usda.gov/nalt/95877,,True,skos:broader; skos:narrower,
weather fleck,,weather fleck,https://lod.nal.usda.gov/nalt/335198,,True,skos:broader; skos:narrower,
woolliness,,woolliness,https://lod.nal.usda.gov/nalt/58571,,True,skos:broader; skos:narrower,
abiotic stress,abiotic injuries; environmental stress (on organisms),"abiotic stress (abiotic injuries, environmental stress (on organisms))",https://lod.nal.usda.gov/nalt/729,,False,skos:related,
acute oak decline,,acute oak decline,https://lod.nal.usda.gov/nalt/316327,,True,skos:broader; skos:narrower,
almond leaf scorch,almond leaf scorch disease,almond leaf scorch (almond leaf scorch disease),https://lod.nal.usda.gov/nalt/214239,,True,skos:broader; skos:narrower,
Alternaria brown spot,citrus brown spot; citrus brown spot disease,"Alternaria brown spot (citrus brown spot, citrus brown spot disease)",https://lod.nal.usda.gov/nalt/343376,,True,skos:broader; skos:narrower,
Anguinidae,,Anguinidae,https://lod.nal.usda.gov/nalt/8929,,False,skos:related,
anthracnose,,anthracnose,https://lod.nal.usda.gov/nalt/10052,,True,skos:broader; skos:narrower,
Aphelenchidae,,Aphelenchidae,https://lod.nal.usda.gov/nalt/10687,,False,skos:related,
Aphelenchoididae,,Aphelenchoididae,https://lod.nal.usda.gov/nalt/10691,,False,skos:related,
apple scab,,apple scab,https://lod.nal.usda.gov/nalt/72098,,True,skos:broader; skos:narrower,
bacterial brown spot,bacterial brown spot disease,bacterial brown spot (bacterial brown spot disease),https://lod.nal.usda.gov/nalt/342641,,True,skos:broader; skos:narrower,
bacterial canker,bacterial canker disease,bacterial canker (bacterial canker disease),https://lod.nal.usda.gov/nalt/250627,,True,skos:broader; skos:narrower,
bacterial infections,animal bacterial diseases; animal bacterial infections; bacterial diseases of animals; bacterial infections of animals; bacterioses; human bacterial diseases,"bacterial infections (animal bacterial diseases, animal bacterial infections, bacterial diseases of animals, bacterial infections of animals, bacterioses, human bacterial diseases)",https://lod.nal.usda.gov/nalt/8545,,False,skos:related,
bacterial leaf streak,bacterial leaf stripe; black chaff,"bacterial leaf streak (bacterial leaf stripe, black chaff)",https://lod.nal.usda.gov/nalt/326052,,True,skos:related,
bacterial ring rot,,bacterial ring rot,https://lod.nal.usda.gov/nalt/222118,,True,skos:broader; skos:narrower,
bacterial soft rot,bacterial soft rot disease,bacterial soft rot (bacterial soft rot disease),https://lod.nal.usda.gov/nalt/325534,,True,skos:related,
bacterial speck,bacterial speck disease,bacterial speck (bacterial speck disease),https://lod.nal.usda.gov/nalt/331424,,True,skos:broader; skos:narrower,
bacterial wetwood,,bacterial wetwood,https://lod.nal.usda.gov/nalt/15135,,True,skos:broader; skos:narrower,
bacterial wilt,bacterial wilt disease; bacterial wilts,"bacterial wilt (bacterial wilt disease, bacterial wilts)",https://lod.nal.usda.gov/nalt/15136,,True,skos:broader; skos:narrower,
beech bark disease,,beech bark disease,https://lod.nal.usda.gov/nalt/300802,,True,skos:broader; skos:narrower,
Belonolaimidae,,Belonolaimidae,https://lod.nal.usda.gov/nalt/16539,,False,skos:related,
birds,,birds,https://lod.nal.usda.gov/nalt/106,,False,skos:related,
bitter pit,,bitter pit,https://lod.nal.usda.gov/nalt/11311,,True,skos:broader; skos:narrower,
black point disease,blackpoint; blackpoint disease,"black point disease (blackpoint, blackpoint disease)",https://lod.nal.usda.gov/nalt/198760,,True,skos:broader; skos:narrower,
black Sigatoka,black leaf streak disease,black Sigatoka (black leaf streak disease),https://lod.nal.usda.gov/nalt/17811,,True,skos:broader; skos:narrower,
blackleg of crucifers,blackleg of canola; blackleg of oilseed rape; blackleg of rape,"blackleg of crucifers (blackleg of canola, blackleg of oilseed rape, blackleg of rape)",https://lod.nal.usda.gov/nalt/292365,,True,skos:broader; skos:narrower,
blackleg of potato,potato blackleg disease,blackleg of potato (potato blackleg disease),https://lod.nal.usda.gov/nalt/292378,,True,skos:broader; skos:narrower,
blight,,blight,https://lod.nal.usda.gov/nalt/942,,True,skos:broader; skos:narrower,
blueberry mosaic disease,,blueberry mosaic disease,https://lod.nal.usda.gov/nalt/266497,,True,skos:broader; skos:narrower,
boxwood blight,box blight,boxwood blight (box blight),https://lod.nal.usda.gov/nalt/336998,,True,skos:broader; skos:narrower,
brown-rot fungi,brown rot fungi; brown-rot fungus,"brown-rot fungi (brown rot fungi, brown-rot fungus)",https://lod.nal.usda.gov/nalt/20087,,False,skos:related,
browsing damage,browse damage,browsing damage (browse damage),https://lod.nal.usda.gov/nalt/301007,,True,skos:broader; skos:narrower,
buckeye rot,,buckeye rot,https://lod.nal.usda.gov/nalt/226178,,True,skos:broader; skos:narrower,
bud sport,plant sport,bud sport (plant sport),https://lod.nal.usda.gov/nalt/222403,,False,skos:related,
bull's eye rot,,bull's eye rot,https://lod.nal.usda.gov/nalt/220990,,True,skos:related,
butt rot,root and butt rot,butt rot (root and butt rot),https://lod.nal.usda.gov/nalt/305617,,True,skos:broader; skos:narrower,
butternut canker,butternut canker disease,butternut canker (butternut canker disease),https://lod.nal.usda.gov/nalt/337056,,True,skos:broader; skos:narrower,
Candidatus Liberibacter,Candidatus Liberobacter; Liberibacter; Liberobacter,"Candidatus Liberibacter (Candidatus Liberobacter, Liberibacter, Liberobacter)",https://lod.nal.usda.gov/nalt/21812,,False,skos:related,
cankers (plants),,cankers (plants),https://lod.nal.usda.gov/nalt/943,,True,skos:broader; skos:narrower,
cercosporiosis,,cercosporiosis,https://lod.nal.usda.gov/nalt/340145,,True,skos:broader; skos:narrower,
charcoal rot,charcoal root rot; charcoal rot disease; charcoal stem rot,"charcoal rot (charcoal root rot, charcoal rot disease, charcoal stem rot)",https://lod.nal.usda.gov/nalt/277933,,True,skos:broader; skos:narrower,
chestnut blight,,chestnut blight,https://lod.nal.usda.gov/nalt/75612,,True,skos:broader; skos:narrower,
chlorosis,,chlorosis,https://lod.nal.usda.gov/nalt/944,,True,skos:broader; skos:narrower,
chocolate spot disease,chocolate spot,chocolate spot disease (chocolate spot),https://lod.nal.usda.gov/nalt/216696,,True,skos:broader; skos:narrower,
Cicadulina bipunctata,maize orange leafhopper,Cicadulina bipunctata (maize orange leafhopper),https://lod.nal.usda.gov/nalt/234078,,False,skos:related,
citrus black spot,citrus black spot disease,citrus black spot (citrus black spot disease),https://lod.nal.usda.gov/nalt/288429,,True,skos:broader; skos:narrower,
citrus variegated chlorosis,,citrus variegated chlorosis,https://lod.nal.usda.gov/nalt/15137,,True,skos:broader; skos:narrower,
clubroot,clubroot disease,clubroot (clubroot disease),https://lod.nal.usda.gov/nalt/235607,,True,skos:related,
cobweb disease,,cobweb disease,https://lod.nal.usda.gov/nalt/192970,,True,skos:broader; skos:narrower,
coffee berry disease,,coffee berry disease,https://lod.nal.usda.gov/nalt/263008,,True,skos:broader; skos:narrower,
cold injury,,cold injury,https://lod.nal.usda.gov/nalt/1139,,False,skos:related,
Criconematidae,,Criconematidae,https://lod.nal.usda.gov/nalt/21389,,False,skos:related,
crop damage,,crop damage,https://lod.nal.usda.gov/nalt/30113,,True,skos:broader; skos:narrower,
crop entomology,,crop entomology,https://lod.nal.usda.gov/nalt/30118,,False,skos:related,
crown rot,,crown rot,https://lod.nal.usda.gov/nalt/30264,,True,skos:broader; skos:narrower,
cyst nematodes,,cyst nematodes,https://lod.nal.usda.gov/nalt/31320,,False,skos:broader; skos:narrower,
damping off,,damping off,https://lod.nal.usda.gov/nalt/31687,,True,skos:broader; skos:narrower,
debarking,bark removal; timber debarking; wood barking; wood debarking,"debarking (bark removal, timber debarking, wood barking, wood debarking)",https://lod.nal.usda.gov/nalt/302009,,False,skos:related,
decay resistance,,decay resistance,https://lod.nal.usda.gov/nalt/150,,False,skos:related,
defoliation,artificial defoliation; simulated defoliation,"defoliation (artificial defoliation, simulated defoliation)",https://lod.nal.usda.gov/nalt/12578,,True,skos:broader; skos:narrower,
dendroecology,,dendroecology,https://lod.nal.usda.gov/nalt/302040,,False,skos:related,
Diaphorina citri,Asian citrus psylla; Asian citrus psyllid,"Diaphorina citri (Asian citrus psylla, Asian citrus psyllid)",https://lod.nal.usda.gov/nalt/12935,,False,skos:related,
dieback,die back; die-back,"dieback (die back, die-back)",https://lod.nal.usda.gov/nalt/945,,True,skos:broader; skos:narrower,
discoloration,discolouration,discoloration (discolouration),https://lod.nal.usda.gov/nalt/28021,,False,skos:related,
Dolichodoridae,,Dolichodoridae,https://lod.nal.usda.gov/nalt/8128,,False,skos:related,
Dutch elm disease,,Dutch elm disease,https://lod.nal.usda.gov/nalt/78372,,True,skos:broader; skos:narrower,
ear rot,,ear rot,https://lod.nal.usda.gov/nalt/35078,,True,skos:broader; skos:narrower,
embolism,embolus,embolism (embolus),https://lod.nal.usda.gov/nalt/36798,,True,skos:broader; skos:narrower,
endoparasites,,endoparasites,https://lod.nal.usda.gov/nalt/37053,,False,skos:broader; skos:narrower,
epinasty,,epinasty,https://lod.nal.usda.gov/nalt/946,,True,skos:broader; skos:narrower,
ergot,,ergot,https://lod.nal.usda.gov/nalt/26720,,True,skos:broader; skos:narrower,
false smut,false smut disease,false smut (false smut disease),https://lod.nal.usda.gov/nalt/273869,,True,skos:broader; skos:narrower,
fertilizer injury,fertiliser injury,fertilizer injury (fertiliser injury),https://lod.nal.usda.gov/nalt/39933,,True,skos:broader; skos:narrower,
fig endosepsis,fig endosepsis disease,fig endosepsis (fig endosepsis disease),https://lod.nal.usda.gov/nalt/341214,,True,skos:broader; skos:narrower,
fire blight,,fire blight,https://lod.nal.usda.gov/nalt/80434,,True,skos:broader; skos:narrower,
fire scars,,fire scars,https://lod.nal.usda.gov/nalt/40266,,True,skos:broader; skos:narrower,
foliage plants,,foliage plants,https://lod.nal.usda.gov/nalt/302253,,False,skos:related,
food spoilage,food decay; food degradation; food deterioration; staling (food),"food spoilage (food decay, food degradation, food deterioration, staling (food))",https://lod.nal.usda.gov/nalt/17374,,False,skos:related,
foot rot (plant),plant foot rot,foot rot (plant) (plant foot rot),https://lod.nal.usda.gov/nalt/41082,,True,skos:broader; skos:narrower,
forest damage,forest destruction; forest disturbance,"forest damage (forest destruction, forest disturbance)",https://lod.nal.usda.gov/nalt/41127,,True,skos:broader; skos:narrower,
forest decline,,forest decline,https://lod.nal.usda.gov/nalt/31920,,True,skos:broader; skos:narrower,
forest diseases,,forest diseases,https://lod.nal.usda.gov/nalt/80851,,True,skos:related,
forest insects,,forest insects,https://lod.nal.usda.gov/nalt/41149,,False,skos:related,
forest pests,,forest pests,https://lod.nal.usda.gov/nalt/41137,,False,skos:related,
forest restoration,amelioration of forest sites; forest ecosystem restoration; forest lands restoration; forest landscape restoration; forest rehabilitation,"forest restoration (amelioration of forest sites, forest ecosystem restoration, forest lands restoration, forest landscape restoration, forest rehabilitation)",https://lod.nal.usda.gov/nalt/138193,,False,skos:related,
"Forestry, Wildland Management",,"Forestry, Wildland Management",https://lod.nal.usda.gov/nalt/127300,,False,skos:broader; skos:narrower,
frogeye leaf spot,frog-eye leaf spot,frogeye leaf spot (frog-eye leaf spot),https://lod.nal.usda.gov/nalt/24025,,True,skos:broader; skos:narrower,
fruit crops,,fruit crops,https://lod.nal.usda.gov/nalt/41656,,False,skos:related,
fungal brown spot,rice brown spot,fungal brown spot (rice brown spot),https://lod.nal.usda.gov/nalt/218474,,True,skos:broader; skos:narrower,
fungal wilt,,fungal wilt,https://lod.nal.usda.gov/nalt/41791,,True,skos:broader; skos:narrower,
fungicide use reduction,fungicide reduction; fungicide usage reduction,"fungicide use reduction (fungicide reduction, fungicide usage reduction)",https://lod.nal.usda.gov/nalt/298654,,False,skos:related,
Fusarium head blight,Fusarium head scab,Fusarium head blight (Fusarium head scab),https://lod.nal.usda.gov/nalt/81176,,True,skos:broader; skos:narrower,
galls,oak-apples,galls (oak-apples),https://lod.nal.usda.gov/nalt/947,,True,skos:broader; skos:narrower,
girdling,branch girdling; ring barking; stem girdling; tree girdling; trunk girdling,"girdling (branch girdling, ring barking, stem girdling, tree girdling, trunk girdling)",https://lod.nal.usda.gov/nalt/146609,,True,skos:broader; skos:narrower,
gray mold,gray mold disease; grey mold; grey mold disease,"gray mold (gray mold disease, grey mold, grey mold disease)",https://lod.nal.usda.gov/nalt/228109,,True,skos:broader; skos:narrower,
grey leaf spot disease,,grey leaf spot disease,https://lod.nal.usda.gov/nalt/248052,,True,skos:broader; skos:narrower,
growth retardation,growth inhibition; growth reduction; stunting,"growth retardation (growth inhibition, growth reduction, stunting)",https://lod.nal.usda.gov/nalt/34962,,False,skos:related,
head rot,,head rot,https://lod.nal.usda.gov/nalt/188614,,True,skos:broader; skos:narrower,
heart rot,,heart rot,https://lod.nal.usda.gov/nalt/206431,,True,skos:broader; skos:narrower,
heat injury,,heat injury,https://lod.nal.usda.gov/nalt/1140,,False,skos:related,
Heteroderidae,,Heteroderidae,https://lod.nal.usda.gov/nalt/13555,,False,skos:related,
Hoplolaimidae,,Hoplolaimidae,https://lod.nal.usda.gov/nalt/10685,,False,skos:related,
hyponasty,,hyponasty,https://lod.nal.usda.gov/nalt/291549,,True,skos:broader; skos:narrower,
hypoxia,anoxia; cell hypoxia; hypoxemia; oxygen deficiency; tissue hypoxia,"hypoxia (anoxia, cell hypoxia, hypoxemia, oxygen deficiency, tissue hypoxia)",https://lod.nal.usda.gov/nalt/924,,True,skos:broader; skos:narrower,
ice damage,,ice damage,https://lod.nal.usda.gov/nalt/46824,,True,skos:broader; skos:narrower,
ink disease,,ink disease,https://lod.nal.usda.gov/nalt/341741,,True,skos:broader; skos:narrower,
insect pests,,insect pests,https://lod.nal.usda.gov/nalt/9355,,False,skos:related,
insecticides,,insecticides,https://lod.nal.usda.gov/nalt/823,,False,skos:related,
internal browning,,internal browning,https://lod.nal.usda.gov/nalt/331445,,True,skos:broader; skos:narrower,
invertebrates,Invertebrata,invertebrates (Invertebrata),https://lod.nal.usda.gov/nalt/9359,,False,skos:broader; skos:narrower,
karnal bunt,karnal bunt disease; partial bunt,"karnal bunt (karnal bunt disease, partial bunt)",https://lod.nal.usda.gov/nalt/330897,,True,skos:related,
laurel wilt,,laurel wilt,https://lod.nal.usda.gov/nalt/306766,,True,skos:broader; skos:narrower,
leaf blotch,,leaf blotch,https://lod.nal.usda.gov/nalt/948,,True,skos:broader; skos:narrower,
leaf curling,leaf curl,leaf curling (leaf curl),https://lod.nal.usda.gov/nalt/198220,,True,skos:broader; skos:narrower,
leaf galls,,leaf galls,https://lod.nal.usda.gov/nalt/131694,,True,skos:related,
leaf rolling,leaf roll,leaf rolling (leaf roll),https://lod.nal.usda.gov/nalt/198218,,True,skos:broader; skos:narrower,
leaf rust,brown rust; foliar rust,"leaf rust (brown rust, foliar rust)",https://lod.nal.usda.gov/nalt/189059,,True,skos:broader; skos:narrower,
leaf spot,leaf spotting,leaf spot (leaf spotting),https://lod.nal.usda.gov/nalt/49434,,True,skos:related,
lesions (plant),,lesions (plant),https://lod.nal.usda.gov/nalt/949,,True,skos:broader; skos:narrower,
lodging,,lodging,https://lod.nal.usda.gov/nalt/50508,,True,skos:broader; skos:narrower,
Longidoridae,,Longidoridae,https://lod.nal.usda.gov/nalt/50574,,False,skos:related,
Lophodermium needle cast,,Lophodermium needle cast,https://lod.nal.usda.gov/nalt/339098,,True,skos:broader; skos:narrower,
Macrophomina phaseolina,Macrophomina phaseoli; Rhizoctonia bataticola; Sclerotium bataticola,"Macrophomina phaseolina (Macrophomina phaseoli, Rhizoctonia bataticola, Sclerotium bataticola)",https://lod.nal.usda.gov/nalt/51068,,False,skos:related,
Magnaporthe grisea,Ceratosphaeria grisea; Pyricularia grisea,"Magnaporthe grisea (Ceratosphaeria grisea, Pyricularia grisea)",https://lod.nal.usda.gov/nalt/17905,,False,skos:related,
Magnaporthe oryzae,Pyricularia oryzae,Magnaporthe oryzae (Pyricularia oryzae),https://lod.nal.usda.gov/nalt/200534,,False,skos:related,
mango malformation disease,mango malformation,mango malformation disease (mango malformation),https://lod.nal.usda.gov/nalt/286567,,True,skos:broader; skos:narrower,
mechanical damage,mechanical injuries,mechanical damage (mechanical injuries),https://lod.nal.usda.gov/nalt/1141,,False,skos:related,
Meloidogynidae,,Meloidogynidae,https://lod.nal.usda.gov/nalt/52046,,False,skos:related,
mildews,,mildews,https://lod.nal.usda.gov/nalt/34451,,False,skos:related,
mites,,mites,https://lod.nal.usda.gov/nalt/2069,,False,skos:related,
molds (fungi),moulds (fungi),molds (fungi) (moulds (fungi)),https://lod.nal.usda.gov/nalt/41816,,False,skos:related,
mollusc control,control of slugs; control of snails,"mollusc control (control of slugs, control of snails)",https://lod.nal.usda.gov/nalt/53264,,False,skos:related,
molluscicides,,molluscicides,https://lod.nal.usda.gov/nalt/825,,False,skos:related,
necrosis,necroses,necrosis (necroses),https://lod.nal.usda.gov/nalt/761,,False,skos:related,
nematicides,anti-nematodal agents; antinematodal agents; antinematodals; filaricides,"nematicides (anti-nematodal agents, antinematodal agents, antinematodals, filaricides)",https://lod.nal.usda.gov/nalt/826,,False,skos:related,
Nematoda,Secernentea; nematodes; roundworms,"Nematoda (Secernentea, nematodes, roundworms)",https://lod.nal.usda.gov/nalt/58,,False,skos:related,
nematode control,,nematode control,https://lod.nal.usda.gov/nalt/9380,,False,skos:related,
nematology,,nematology,https://lod.nal.usda.gov/nalt/1149,,False,skos:related,
Neotylenchidae,,Neotylenchidae,https://lod.nal.usda.gov/nalt/32062,,False,skos:related,
net blotch,,net blotch,https://lod.nal.usda.gov/nalt/266327,,True,skos:broader; skos:narrower,
nursery pests,,nursery pests,https://lod.nal.usda.gov/nalt/314221,,True,skos:broader; skos:narrower,
oleocellosis,citrus oil-spotting; oil-spotting (citrus); on-tree oleocellosis; rind oil spotting,"oleocellosis (citrus oil-spotting, oil-spotting (citrus), on-tree oleocellosis, rind oil spotting)",https://lod.nal.usda.gov/nalt/332093,,True,skos:broader; skos:narrower,
olive knot disease,,olive knot disease,https://lod.nal.usda.gov/nalt/307841,,True,skos:broader; skos:narrower,
Panama disease,Fusarium wilt of banana; Panama disease of banana,"Panama disease (Fusarium wilt of banana, Panama disease of banana)",https://lod.nal.usda.gov/nalt/310250,,True,skos:broader; skos:narrower,
Paratylenchidae,,Paratylenchidae,https://lod.nal.usda.gov/nalt/43567,,False,skos:related,
pecan scab,,pecan scab,https://lod.nal.usda.gov/nalt/88268,,True,skos:broader; skos:narrower,
Peronosporales,,Peronosporales,https://lod.nal.usda.gov/nalt/6026,,False,skos:related,
pests,vermin,pests (vermin),https://lod.nal.usda.gov/nalt/839,,False,skos:broader; skos:narrower,
Phoma leaf spot disease,,Phoma leaf spot disease,https://lod.nal.usda.gov/nalt/324042,,True,skos:broader; skos:narrower,
Phoma stem canker disease,,Phoma stem canker disease,https://lod.nal.usda.gov/nalt/324046,,True,skos:broader; skos:narrower,
phytophagous mites,plant feeding mites; plant mites; plant-feeding mites,"phytophagous mites (plant feeding mites, plant mites, plant-feeding mites)",https://lod.nal.usda.gov/nalt/106009,,False,skos:related,
Phytophthora nicotianae,,Phytophthora nicotianae,https://lod.nal.usda.gov/nalt/58153,,False,skos:related,
phytoplasmal diseases,phytoplasma infection,phytoplasmal diseases (phytoplasma infection),https://lod.nal.usda.gov/nalt/13232,,True,skos:broader; skos:narrower,
Pierce's disease,,Pierce's disease,https://lod.nal.usda.gov/nalt/15138,,True,skos:broader; skos:narrower,
plant pathogenic bacteria,bacterial phytopathogens; phytopathogenic bacteria,"plant pathogenic bacteria (bacterial phytopathogens, phytopathogenic bacteria)",https://lod.nal.usda.gov/nalt/15086,,True,skos:related,
plant pathogenic fungi,fungal phytopathogens; phytopathogenic fungi,"plant pathogenic fungi (fungal phytopathogens, phytopathogenic fungi)",https://lod.nal.usda.gov/nalt/31899,,True,skos:related,
plant pathogens,pathogens of plants; phytopathogens,"plant pathogens (pathogens of plants, phytopathogens)",https://lod.nal.usda.gov/nalt/57067,,True,skos:broader; skos:narrower,
plant stress,,plant stress,https://lod.nal.usda.gov/nalt/766,,True,skos:related,
plant tumors,plant tumours,plant tumors (plant tumours),https://lod.nal.usda.gov/nalt/950,,True,skos:broader; skos:narrower,
plant-water relations,plant water relations; water-plant relations,"plant-water relations (plant water relations, water-plant relations)",https://lod.nal.usda.gov/nalt/34627,,False,skos:related,
pod rot,,pod rot,https://lod.nal.usda.gov/nalt/290721,,True,skos:broader; skos:narrower,
pollution,contaminants in environment; environmental contaminants; environmental contamination; environmental pollution,"pollution (contaminants in environment, environmental contaminants, environmental contamination, environmental pollution)",https://lod.nal.usda.gov/nalt/5845,,False,skos:related,
postharvest injuries,,postharvest injuries,https://lod.nal.usda.gov/nalt/20174,,True,skos:related,
postharvest losses,post-harvest losses,postharvest losses (post-harvest losses),https://lod.nal.usda.gov/nalt/59358,,False,skos:related,
postharvest physiology,,postharvest physiology,https://lod.nal.usda.gov/nalt/58609,,False,skos:related,
postharvest storage,,postharvest storage,https://lod.nal.usda.gov/nalt/323613,,False,skos:related,
postharvest systems,post-harvest systems,postharvest systems (post-harvest systems),https://lod.nal.usda.gov/nalt/59360,,False,skos:related,
postharvest treatment,post-harvest treatment,postharvest treatment (post-harvest treatment),https://lod.nal.usda.gov/nalt/30828,,False,skos:related,
potato blight,potato blight disease,potato blight (potato blight disease),https://lod.nal.usda.gov/nalt/343715,,True,skos:broader; skos:narrower,
powdery mildew,,powdery mildew,https://lod.nal.usda.gov/nalt/41792,,True,skos:broader; skos:narrower,
Pratylenchidae,,Pratylenchidae,https://lod.nal.usda.gov/nalt/45608,,False,skos:related,
radiation injury,radiation sickness,radiation injury (radiation sickness),https://lod.nal.usda.gov/nalt/1142,,False,skos:related,
ratoon stunting disease,ratoon stunting,ratoon stunting disease (ratoon stunting),https://lod.nal.usda.gov/nalt/15139,,True,skos:broader; skos:narrower,
regeneration surveys,,regeneration surveys,https://lod.nal.usda.gov/nalt/305525,,False,skos:related,
rhizomania,,rhizomania,https://lod.nal.usda.gov/nalt/208418,,True,skos:broader; skos:narrower,
rice grain yellowing,milled-rice yellowing; rice yellowing; rice yellowing disease; rice yellowing syndrome; yellowed rice disease,"rice grain yellowing (milled-rice yellowing, rice yellowing, rice yellowing disease, rice yellowing syndrome, yellowed rice disease)",https://lod.nal.usda.gov/nalt/341161,,True,skos:broader; skos:narrower,
ring nematodes,,ring nematodes,https://lod.nal.usda.gov/nalt/52184,,False,skos:broader; skos:narrower,
root lesion nematodes,lesion nematodes,root lesion nematodes (lesion nematodes),https://lod.nal.usda.gov/nalt/49832,,False,skos:broader; skos:narrower,
root rot,,root rot,https://lod.nal.usda.gov/nalt/58631,,True,skos:broader; skos:narrower,
root-knot nematodes,root knot nematodes,root-knot nematodes (root knot nematodes),https://lod.nal.usda.gov/nalt/52055,,False,skos:broader; skos:narrower,
Rosa,Hulthemia; Hulthemosa; roses; tea roses,"Rosa (Hulthemia, Hulthemosa, roses, tea roses)",https://lod.nal.usda.gov/nalt/46060,,False,skos:related,
rust diseases,rust infections,rust diseases (rust infections),https://lod.nal.usda.gov/nalt/41793,,True,skos:broader; skos:narrower,
scorch,,scorch,https://lod.nal.usda.gov/nalt/951,,True,skos:broader; skos:narrower,
seed damage,seed injuries,seed damage (seed injuries),https://lod.nal.usda.gov/nalt/306664,,True,skos:broader; skos:narrower,
seed pathology,,seed pathology,https://lod.nal.usda.gov/nalt/58608,,True,skos:broader; skos:narrower,
seed pests,,seed pests,https://lod.nal.usda.gov/nalt/306694,,True,skos:related,
seed rot,,seed rot,https://lod.nal.usda.gov/nalt/316276,,True,skos:broader; skos:narrower,
seed-borne organisms,,seed-borne organisms,https://lod.nal.usda.gov/nalt/306705,,False,skos:related,
sharka disease,plum pox; plum pox disease,"sharka disease (plum pox, plum pox disease)",https://lod.nal.usda.gov/nalt/337417,,True,skos:broader; skos:narrower,
silver scurf,potato silver scurf; silver scurf disease,"silver scurf (potato silver scurf, silver scurf disease)",https://lod.nal.usda.gov/nalt/196205,,True,skos:broader; skos:narrower,
slugs,,slugs,https://lod.nal.usda.gov/nalt/53265,,False,skos:related,
smut diseases,anther smut disease; common bunt disease; common smut; covered smut; flag smut; head smut; leaf smut; loose smut; white smut,"smut diseases (anther smut disease, common bunt disease, common smut, covered smut, flag smut, head smut, leaf smut, loose smut, white smut)",https://lod.nal.usda.gov/nalt/28171,,True,skos:broader; skos:narrower,
snails,,snails,https://lod.nal.usda.gov/nalt/53266,,False,skos:related,
snow blight,,snow blight,https://lod.nal.usda.gov/nalt/226165,,True,skos:broader; skos:narrower,
snow damage,snow breakage,snow damage (snow breakage),https://lod.nal.usda.gov/nalt/69021,,True,skos:broader; skos:narrower,
snow molds,snow moulds,snow molds (snow moulds),https://lod.nal.usda.gov/nalt/41794,,True,skos:broader; skos:narrower,
soil nematodes,,soil nematodes,https://lod.nal.usda.gov/nalt/10689,,False,skos:related,
sooty molds,sooty moulds,sooty molds (sooty moulds),https://lod.nal.usda.gov/nalt/41795,,True,skos:broader; skos:narrower,
soybean sudden death syndrome,sudden death syndrome in soybean; sudden death syndrome of soybean,"soybean sudden death syndrome (sudden death syndrome in soybean, sudden death syndrome of soybean)",https://lod.nal.usda.gov/nalt/274127,,True,skos:broader; skos:narrower,
spring dead spot,spring dead spot disease,spring dead spot (spring dead spot disease),https://lod.nal.usda.gov/nalt/198746,,True,skos:broader; skos:narrower,
stem rot,,stem rot,https://lod.nal.usda.gov/nalt/58632,,True,skos:broader; skos:narrower,
storage quality,food storage losses; keeping quality; postharvest quality; quality for storage; storability; storeability,"storage quality (food storage losses, keeping quality, postharvest quality, quality for storage, storability, storeability)",https://lod.nal.usda.gov/nalt/32790,,False,skos:related,
storm damage,,storm damage,https://lod.nal.usda.gov/nalt/220318,,False,skos:related,
sudden oak death,,sudden oak death,https://lod.nal.usda.gov/nalt/308281,,True,skos:broader; skos:narrower,
sweet potato scab,leaf scab of sweet potato; scab of sweet potato; sweet potato leaf scab; sweet potato scab disease; sweet potato stem and foliage scab,"sweet potato scab (leaf scab of sweet potato, scab of sweet potato, sweet potato leaf scab, sweet potato scab disease, sweet potato stem and foliage scab)",https://lod.nal.usda.gov/nalt/248038,,True,skos:broader; skos:narrower,
Swiss needle cast,,Swiss needle cast,https://lod.nal.usda.gov/nalt/214740,,True,skos:broader; skos:narrower,
take-all disease,take all disease,take-all disease (take all disease),https://lod.nal.usda.gov/nalt/41796,,True,skos:broader; skos:narrower,
terminal crook disease,terminal crook disease of pines,terminal crook disease (terminal crook disease of pines),https://lod.nal.usda.gov/nalt/301857,,True,skos:broader; skos:narrower,
tissue culture,tissue culturing,tissue culture (tissue culturing),https://lod.nal.usda.gov/nalt/9560,,False,skos:related,
tree damage,tree injuries; tree injury,"tree damage (tree injuries, tree injury)",https://lod.nal.usda.gov/nalt/41129,,True,skos:broader; skos:narrower,
Trichodoridae,,Trichodoridae,https://lod.nal.usda.gov/nalt/53414,,False,skos:related,
Tylenchidae,,Tylenchidae,https://lod.nal.usda.gov/nalt/40141,,False,skos:related,
Tylenchulidae,,Tylenchulidae,https://lod.nal.usda.gov/nalt/54523,,False,skos:related,
virus-free plants,virus free plants; virusfree plants,"virus-free plants (virus free plants, virusfree plants)",https://lod.nal.usda.gov/nalt/58620,,False,skos:related,
water stress,drought stress,water stress (drought stress),https://lod.nal.usda.gov/nalt/1733,,False,skos:related,
water uptake,water absorption,water uptake (water absorption),https://lod.nal.usda.gov/nalt/46559,,False,skos:related,
wildfire disease,wild-fire disease,wildfire disease (wild-fire disease),https://lod.nal.usda.gov/nalt/214273,,True,skos:broader; skos:narrower,
wilting,,wilting,https://lod.nal.usda.gov/nalt/952,,True,skos:related,
witches' broom,witches broom; witches'-broom,"witches' broom (witches broom, witches'-broom)",https://lod.nal.usda.gov/nalt/953,,True,skos:broader; skos:narrower,
wounds and injuries,,wounds and injuries,https://lod.nal.usda.gov/nalt/728,,False,skos:related,
yellow Sigatoka,,yellow Sigatoka,https://lod.nal.usda.gov/nalt/262795,,True,skos:broader; skos:narrower,
yellow vine disease,,yellow vine disease,https://lod.nal.usda.gov/nalt/15140,,True,skos:broader; skos:narrower,
zebra chip disease,zebra chip disorder; zebra complex disease,"zebra chip disease (zebra chip disorder, zebra complex disease)",https://lod.nal.usda.gov/nalt/190065,,True,skos:broader; skos:narrower,
zonate leaf spot,,zonate leaf spot,https://lod.nal.usda.gov/nalt/262793,,True,skos:broader; skos:narrower,
almonds,,almonds,https://lod.nal.usda.gov/nalt/6768,,False,skos:related,
Alternaria alternata,Alternaria fasciculata; Alternaria tenuis; Macrosporium fasciculatum,"Alternaria alternata (Alternaria fasciculata, Alternaria tenuis, Macrosporium fasciculatum)",https://lod.nal.usda.gov/nalt/7077,,False,skos:related,
Alternaria arborescens,,Alternaria arborescens,https://lod.nal.usda.gov/nalt/324036,,False,skos:related,
animal injuries,human injuries; wounds (animal); wounds (human),"animal injuries (human injuries, wounds (animal), wounds (human))",https://lod.nal.usda.gov/nalt/325,,False,skos:related,
animal parasites and pests,animal pests; pests of animals,"animal parasites and pests (animal pests, pests of animals)",https://lod.nal.usda.gov/nalt/9233,,False,skos:related,
animal stress,,animal stress,https://lod.nal.usda.gov/nalt/732,,False,skos:related,
animal welfare,animal abuse; animal cruelty; animal rights; anti-cruelty law (animals); anticruelty law (animals); cruelty to animals; humane treatment of animals,"animal welfare (animal abuse, animal cruelty, animal rights, anti-cruelty law (animals), anticruelty law (animals), cruelty to animals, humane treatment of animals)",https://lod.nal.usda.gov/nalt/9084,,False,skos:broader; skos:narrower,
antibrowning agents,anti-browning agents,antibrowning agents (anti-browning agents),https://lod.nal.usda.gov/nalt/331461,,False,skos:related,
apple proliferation disease,,apple proliferation disease,https://lod.nal.usda.gov/nalt/310277,,True,skos:broader; skos:narrower,
apples,apple fruits,apples (apple fruits),https://lod.nal.usda.gov/nalt/11308,,False,skos:related,
Armillaria root rot,,Armillaria root rot,https://lod.nal.usda.gov/nalt/300759,,True,skos:broader; skos:narrower,
arthropod pests,,arthropod pests,https://lod.nal.usda.gov/nalt/12542,,False,skos:broader; skos:narrower,
aster yellows,,aster yellows,https://lod.nal.usda.gov/nalt/13231,,True,skos:broader; skos:narrower,
bacteria,,bacteria,https://lod.nal.usda.gov/nalt/2350,,False,skos:broader; skos:narrower,
bagworms,bagworm moths,bagworms (bagworm moths),https://lod.nal.usda.gov/nalt/15529,,False,skos:broader; skos:narrower,
bark beetles,,bark beetles,https://lod.nal.usda.gov/nalt/15842,,False,skos:broader; skos:narrower,
bean rust,,bean rust,https://lod.nal.usda.gov/nalt/285882,,True,skos:broader; skos:narrower,
Beet necrotic yellow vein virus,BNYVV (Beet necrotic yellow vein virus),Beet necrotic yellow vein virus (BNYVV (Beet necrotic yellow vein virus)),https://lod.nal.usda.gov/nalt/16338,,False,skos:related,
biotic stress,,biotic stress,https://lod.nal.usda.gov/nalt/196568,,False,skos:related,
black pod rot,black pod disease; cacao black pod rot,"black pod rot (black pod disease, cacao black pod rot)",https://lod.nal.usda.gov/nalt/316281,,True,skos:broader; skos:narrower,
black root rot,,black root rot,https://lod.nal.usda.gov/nalt/235049,,True,skos:broader; skos:narrower,
blister rust,,blister rust,https://lod.nal.usda.gov/nalt/196168,,True,skos:broader; skos:narrower,
Blueberry mosaic associated virus,,Blueberry mosaic associated virus,https://lod.nal.usda.gov/nalt/266495,,False,skos:related,
boring insects,stalk borers; stem borers; wood borers,"boring insects (stalk borers, stem borers, wood borers)",https://lod.nal.usda.gov/nalt/18657,,False,skos:related,
bot flies,botflies,bot flies (botflies),https://lod.nal.usda.gov/nalt/18778,,False,skos:broader; skos:narrower,
Botrytis cinerea,Botryotinia fuckeliana; Botrytis vulgaris; Sclerotinia fuckeliana,"Botrytis cinerea (Botryotinia fuckeliana, Botrytis vulgaris, Sclerotinia fuckeliana)",https://lod.nal.usda.gov/nalt/18851,,False,skos:related,
Brassicaceae,Cruciferae; Raphanaceae; Stanleyaceae; Thlaspiaceae; crucifers; mustard family,"Brassicaceae (Cruciferae, Raphanaceae, Stanleyaceae, Thlaspiaceae, crucifers, mustard family)",https://lod.nal.usda.gov/nalt/6585,,False,skos:related,
browse plants,,browse plants,https://lod.nal.usda.gov/nalt/300977,,False,skos:related,
browsing,,browsing,https://lod.nal.usda.gov/nalt/20122,,False,skos:related,
bruising (plant),bruises (plant); bruising (fruit); fruit bruising,"bruising (plant) (bruises (plant), bruising (fruit), fruit bruising)",https://lod.nal.usda.gov/nalt/20170,,True,skos:broader; skos:narrower,
bud galls,flower bud galls,bud galls (flower bud galls),https://lod.nal.usda.gov/nalt/333384,,True,skos:broader; skos:narrower,
burns (injuries),heat injury (burns),burns (injuries) (heat injury (burns)),https://lod.nal.usda.gov/nalt/9282,,False,skos:related,
Buxus,,Buxus,https://lod.nal.usda.gov/nalt/20670,,False,skos:related,
cabbage,cabbages,cabbage (cabbages),https://lod.nal.usda.gov/nalt/19478,,False,skos:related,
Calonectria henricotiae,,Calonectria henricotiae,https://lod.nal.usda.gov/nalt/336999,,False,skos:related,
Calonectria pseudonaviculata,Cylindrocladium buxicola; Cylindrocladium pseudonaviculatum,"Calonectria pseudonaviculata (Cylindrocladium buxicola, Cylindrocladium pseudonaviculatum)",https://lod.nal.usda.gov/nalt/336987,,False,skos:related,
carpenter ants,,carpenter ants,https://lod.nal.usda.gov/nalt/21618,,False,skos:broader; skos:narrower,
carpenter bees,,carpenter bees,https://lod.nal.usda.gov/nalt/22622,,False,skos:broader; skos:narrower,
carpet beetles,,carpet beetles,https://lod.nal.usda.gov/nalt/68685,,False,skos:broader; skos:narrower,
Castanea sativa,European chestnut,Castanea sativa (European chestnut),https://lod.nal.usda.gov/nalt/22867,,False,skos:related,
cedar apple rust,,cedar apple rust,https://lod.nal.usda.gov/nalt/342466,,True,skos:broader; skos:narrower,
cell cycle checkpoints,cell cycle arrest,cell cycle checkpoints (cell cycle arrest),https://lod.nal.usda.gov/nalt/232248,,False,skos:related,
Ceratocystis ulmi,Ophiostoma ulmi,Ceratocystis ulmi (Ophiostoma ulmi),https://lod.nal.usda.gov/nalt/23908,,False,skos:related,
ceratoulmin,,ceratoulmin,https://lod.nal.usda.gov/nalt/301230,,False,skos:related,
Cercospora,,Cercospora,https://lod.nal.usda.gov/nalt/24011,,False,skos:related,
Cercospora sojina,Passalora sojina,Cercospora sojina (Passalora sojina),https://lod.nal.usda.gov/nalt/24019,,False,skos:related,
Cercospora zeae-maydis,Cercosporella zeae-maydis,Cercospora zeae-maydis (Cercosporella zeae-maydis),https://lod.nal.usda.gov/nalt/24020,,False,skos:related,
chilling injury,,chilling injury,https://lod.nal.usda.gov/nalt/24945,,False,skos:broader; skos:narrower,
Citrus,Afraurantium; Aurantium,"Citrus (Afraurantium, Aurantium)",https://lod.nal.usda.gov/nalt/4824,,False,skos:related,
citrus canker,citrus bacterial canker,citrus canker (citrus bacterial canker),https://lod.nal.usda.gov/nalt/326984,,True,skos:broader; skos:narrower,
citrus fruits,,citrus fruits,https://lod.nal.usda.gov/nalt/16721,,False,skos:related,
Clavibacter,,Clavibacter,https://lod.nal.usda.gov/nalt/15217,,False,skos:related,
Clavibacter michiganensis,Aplanobacter michiganense; Bacterium michiganense; Clavibacter michiganense; Corynebacterium michiganense; Mycobacterium flavum ssp. michiganense; Mycobacterium flavum subsp. michiganense; Phytomonas michiganensis; Pseudomonas michiganensis,"Clavibacter michiganensis (Aplanobacter michiganense, Bacterium michiganense, Clavibacter michiganense, Corynebacterium michiganense, Mycobacterium flavum ssp. michiganense, Mycobacterium flavum subsp. michiganense, Phytomonas michiganensis, Pseudomonas michiganensis)",https://lod.nal.usda.gov/nalt/11130,,False,skos:related,
Claviceps purpurea,Claviceps microcephala,Claviceps purpurea (Claviceps microcephala),https://lod.nal.usda.gov/nalt/26718,,False,skos:related,
coffee beans,,coffee beans,https://lod.nal.usda.gov/nalt/27703,,False,skos:related,
cold,,cold,https://lod.nal.usda.gov/nalt/27767,,False,skos:related,
cold shock response,cold stress response,cold shock response (cold stress response),https://lod.nal.usda.gov/nalt/277273,,False,skos:related,
cold stress,cold shock,cold stress (cold shock),https://lod.nal.usda.gov/nalt/1730,,False,skos:related,
cold tolerance,chilling tolerance; cold hardening; cold hardiness; cold resistance (organisms); critical thermal minima; critical thermal minimum; cryo-tolerance; cryotolerance; freeze tolerance; freezing tolerance,"cold tolerance (chilling tolerance, cold hardening, cold hardiness, cold resistance (organisms), critical thermal minima, critical thermal minimum, cryo-tolerance, cryotolerance, freeze tolerance, freezing tolerance)",https://lod.nal.usda.gov/nalt/136,,False,skos:related,
Colletotrichum acutatum,,Colletotrichum acutatum,https://lod.nal.usda.gov/nalt/27940,,False,skos:related,
Colletotrichum kahawae,,Colletotrichum kahawae,https://lod.nal.usda.gov/nalt/263009,,False,skos:related,
cone and seed pests,cone pests; seed and cone pests,"cone and seed pests (cone pests, seed and cone pests)",https://lod.nal.usda.gov/nalt/314238,,True,skos:broader; skos:narrower,
conifer needles,pine needles,conifer needles (pine needles),https://lod.nal.usda.gov/nalt/28535,,False,skos:related,
conifers,narrow-leaf evergreens; narrow-leaved evergreens; needled evergreens,"conifers (narrow-leaf evergreens, narrow-leaved evergreens, needled evergreens)",https://lod.nal.usda.gov/nalt/28532,,False,skos:related,
corn rust,,corn rust,https://lod.nal.usda.gov/nalt/316342,,True,skos:broader; skos:narrower,
Corynebacterium,,Corynebacterium,https://lod.nal.usda.gov/nalt/15218,,False,skos:related,
Cristulariella,Nervostroma,Cristulariella (Nervostroma),https://lod.nal.usda.gov/nalt/30063,,False,skos:related,
crop losses,,crop losses,https://lod.nal.usda.gov/nalt/30114,,False,skos:related,
crown galls,crown knots (galls),crown galls (crown knots (galls)),https://lod.nal.usda.gov/nalt/30260,,True,skos:broader; skos:narrower,
crown rust,,crown rust,https://lod.nal.usda.gov/nalt/189057,,True,skos:broader; skos:narrower,
Cryphonectria parasitica,Endothia parasitica,Cryphonectria parasitica (Endothia parasitica),https://lod.nal.usda.gov/nalt/24785,,False,skos:related,
cutworms,,cutworms,https://lod.nal.usda.gov/nalt/30938,,False,skos:broader; skos:narrower,
dampwood termites,,dampwood termites,https://lod.nal.usda.gov/nalt/31690,,False,skos:broader; skos:narrower,
decay fungi,rot fungi; wood decay fungi; wood destroying fungi; wood rot fungi; wood-destroying fungi; wood-rot fungi,"decay fungi (rot fungi, wood decay fungi, wood destroying fungi, wood rot fungi, wood-destroying fungi, wood-rot fungi)",https://lod.nal.usda.gov/nalt/20101,,False,skos:related,
desiccation (plant physiology),dehydration (plant physiology),desiccation (plant physiology) (dehydration (plant physiology)),https://lod.nal.usda.gov/nalt/32028,,False,skos:related,
Dickeya,,Dickeya,https://lod.nal.usda.gov/nalt/203547,,False,skos:related,
drought,,drought,https://lod.nal.usda.gov/nalt/33990,,False,skos:related,
drought tolerance,drought resistance; drought stress tolerance; drouth resistance; drouth tolerance,"drought tolerance (drought resistance, drought stress tolerance, drouth resistance, drouth tolerance)",https://lod.nal.usda.gov/nalt/137,,False,skos:related,
drywood termites,,drywood termites,https://lod.nal.usda.gov/nalt/34790,,False,skos:broader; skos:narrower,
dwarfing,dwarfism,dwarfing (dwarfism),https://lod.nal.usda.gov/nalt/34954,,False,skos:broader; skos:narrower,
ear blight,,ear blight,https://lod.nal.usda.gov/nalt/209762,,True,skos:broader; skos:narrower,
economic threshold,damage threshold; economic injury level,"economic threshold (damage threshold, economic injury level)",https://lod.nal.usda.gov/nalt/30115,,False,skos:related,
Elsinoe batatas,Sphaceloma batatas,Elsinoe batatas (Sphaceloma batatas),https://lod.nal.usda.gov/nalt/248017,,False,skos:related,
Enterobacter nimipressuralis,Erwinia nimipressuralis,Enterobacter nimipressuralis (Erwinia nimipressuralis),https://lod.nal.usda.gov/nalt/15211,,False,skos:related,
environmental degradation,ecological degradation; ecological deterioration; environmental deterioration,"environmental degradation (ecological degradation, ecological deterioration, environmental deterioration)",https://lod.nal.usda.gov/nalt/2715,,False,skos:broader; skos:narrower,
ergot alkaloids,ergot derivatives,ergot alkaloids (ergot derivatives),https://lod.nal.usda.gov/nalt/19967,,False,skos:related,
Erwinia,,Erwinia,https://lod.nal.usda.gov/nalt/15219,,False,skos:related,
Erwinia amylovora,Bacillus amylovorus; Bacterium amylovorus; Micrococcus amylovorus,"Erwinia amylovora (Bacillus amylovorus, Bacterium amylovorus, Micrococcus amylovorus)",https://lod.nal.usda.gov/nalt/14615,,False,skos:related,
Fagus grandifolia,American beech,Fagus grandifolia (American beech),https://lod.nal.usda.gov/nalt/7537,,False,skos:related,
figs,,figs,https://lod.nal.usda.gov/nalt/40096,,False,skos:related,
fire ants,,fire ants,https://lod.nal.usda.gov/nalt/40246,,False,skos:broader; skos:narrower,
flooding tolerance,submergence tolerance,flooding tolerance (submergence tolerance),https://lod.nal.usda.gov/nalt/139,,False,skos:related,
forest ecology,,forest ecology,https://lod.nal.usda.gov/nalt/35719,,False,skos:related,
forest trees,timber trees,forest trees (timber trees),https://lod.nal.usda.gov/nalt/41131,,False,skos:related,
forests,,forests,https://lod.nal.usda.gov/nalt/18644,,False,skos:related,
frost injury,frost damage,frost injury (frost damage),https://lod.nal.usda.gov/nalt/27771,,False,skos:broader; skos:narrower,
frostbite,cold injury (frostbite),frostbite (cold injury (frostbite)),https://lod.nal.usda.gov/nalt/9286,,False,skos:related,
frosty pod rot,,frosty pod rot,https://lod.nal.usda.gov/nalt/290725,,True,skos:broader; skos:narrower,
fruit flies,fruitflies,fruit flies (fruitflies),https://lod.nal.usda.gov/nalt/34623,,False,skos:related,
fruit peels,fruit rinds,fruit peels (fruit rinds),https://lod.nal.usda.gov/nalt/26543,,False,skos:related,
fungus gnats,,fungus gnats,https://lod.nal.usda.gov/nalt/41875,,False,skos:broader; skos:narrower,
Fusarium,Gibberella; Haematonectria,"Fusarium (Gibberella, Haematonectria)",https://lod.nal.usda.gov/nalt/32390,,False,skos:related,
Fusarium mangiferae,,Fusarium mangiferae,https://lod.nal.usda.gov/nalt/259605,,False,skos:related,
Fusarium oxysporum f. sp. cubense,Fusarium oxysporum f.sp. cubense; Fusarium oxysporum fsp. cubense,"Fusarium oxysporum f. sp. cubense (Fusarium oxysporum f.sp. cubense, Fusarium oxysporum fsp. cubense)",https://lod.nal.usda.gov/nalt/41947,,False,skos:related,
Fusarium wilt,,Fusarium wilt,https://lod.nal.usda.gov/nalt/41813,,True,skos:broader; skos:narrower,
Fusicladium caryigenum,Cladosporium caryigenum,Fusicladium caryigenum (Cladosporium caryigenum),https://lod.nal.usda.gov/nalt/227578,,False,skos:related,
fusiform rust,fusiform rust of Southern pine; fusiform rust of pine,"fusiform rust (fusiform rust of Southern pine, fusiform rust of pine)",https://lod.nal.usda.gov/nalt/301610,,True,skos:broader; skos:narrower,
Gaeumannomyces graminis var. graminis,Gaeumannomyces cariceti; Gaeumannomyces graminis; Gaeumannomyces oryzinus; Linocarpon cariceti; Linocarpon oryzinum; Ophiobolus cariceti; Ophiobolus graminis; Ophiobolus graminis var. graminis; Ophiobolus oryzinus; Rhaphidophora graminis; Rhaphidospora cariceti; Sphaeria cariceti,"Gaeumannomyces graminis var. graminis (Gaeumannomyces cariceti, Gaeumannomyces graminis, Gaeumannomyces oryzinus, Linocarpon cariceti, Linocarpon oryzinum, Ophiobolus cariceti, Ophiobolus graminis, Ophiobolus graminis var. graminis, Ophiobolus oryzinus, Rhaphidophora graminis, Rhaphidospora cariceti, Sphaeria cariceti)",https://lod.nal.usda.gov/nalt/42121,,False,skos:related,
Gaeumannomyces graminis var. tritici,Cephalosporium maydis; Harpophora maydis; Ophiobolus graminis var. tritici,"Gaeumannomyces graminis var. tritici (Cephalosporium maydis, Harpophora maydis, Ophiobolus graminis var. tritici)",https://lod.nal.usda.gov/nalt/23775,,False,skos:related,
gall-inducing insects,gall insects; gall-forming insects; gall-inducing thrips; gall-producing insects,"gall-inducing insects (gall insects, gall-forming insects, gall-inducing thrips, gall-producing insects)",https://lod.nal.usda.gov/nalt/276071,,False,skos:related,
Gloeocercospora sorghi,Microdochium sorghi,Gloeocercospora sorghi (Microdochium sorghi),https://lod.nal.usda.gov/nalt/43085,,False,skos:related,
granivores,granivorous organisms,granivores (granivorous organisms),https://lod.nal.usda.gov/nalt/81888,,False,skos:related,
Graphocephala atropunctata,Graphocephalus atropunctata; Hordnia atropunctata; Hordnia circellata; Neokolla circellata; blue-green sharpshooter,"Graphocephala atropunctata (Graphocephalus atropunctata, Hordnia atropunctata, Hordnia circellata, Neokolla circellata, blue-green sharpshooter)",https://lod.nal.usda.gov/nalt/124234,,False,skos:related,
grasshoppers,,grasshoppers,https://lod.nal.usda.gov/nalt/3043,,False,skos:related,
growth and development,,growth and development,https://lod.nal.usda.gov/nalt/6700,,False,skos:broader; skos:narrower,
Guignardia citricarpa,Phyllosticta citricarpa,Guignardia citricarpa (Phyllosticta citricarpa),https://lod.nal.usda.gov/nalt/259065,,False,skos:related,
head blight,,head blight,https://lod.nal.usda.gov/nalt/187953,,True,skos:related,
heat stress,heat shock,heat stress (heat shock),https://lod.nal.usda.gov/nalt/1731,,False,skos:related,
heat tolerance,critical thermal maxima; critical thermal maximum; heat resistance (organisms); thermal tolerance; thermotolerance,"heat tolerance (critical thermal maxima, critical thermal maximum, heat resistance (organisms), thermal tolerance, thermotolerance)",https://lod.nal.usda.gov/nalt/140,,False,skos:related,
Helminthosporium solani,Helminthosporium atrovirens; Spondylocladium atrovirens,"Helminthosporium solani (Helminthosporium atrovirens, Spondylocladium atrovirens)",https://lod.nal.usda.gov/nalt/45009,,False,skos:related,
hematophagous insects,biting flies; bloodsucking insects; haematophagous insects,"hematophagous insects (biting flies, bloodsucking insects, haematophagous insects)",https://lod.nal.usda.gov/nalt/8603,,False,skos:broader; skos:narrower,
herbivores,folivores; folivorous organisms; folivory; herbivory; phytophagy,"herbivores (folivores, folivorous organisms, folivory, herbivory, phytophagy)",https://lod.nal.usda.gov/nalt/31997,,False,skos:broader; skos:narrower,
Heterodera filipjevi,,Heterodera filipjevi,https://lod.nal.usda.gov/nalt/271190,,False,skos:related,
horticultural oils,horticultural mineral oils; horticultural oil,"horticultural oils (horticultural mineral oils, horticultural oil)",https://lod.nal.usda.gov/nalt/17497,,False,skos:related,
hypothermia,,hypothermia,https://lod.nal.usda.gov/nalt/158,,False,skos:related,
inoculation methods,inoculation techniques,inoculation methods (inoculation techniques),https://lod.nal.usda.gov/nalt/11341,,False,skos:related,
insect control,insect pest management,insect control (insect pest management),https://lod.nal.usda.gov/nalt/45983,,False,skos:related,
insect outbreaks,,insect outbreaks,https://lod.nal.usda.gov/nalt/314183,,False,skos:related,
insecticidal soaps,insecticidal soap,insecticidal soaps (insecticidal soap),https://lod.nal.usda.gov/nalt/17499,,False,skos:related,
insects,,insects,https://lod.nal.usda.gov/nalt/4395,,False,skos:broader; skos:narrower,
Ipomoea batatas,,Ipomoea batatas,https://lod.nal.usda.gov/nalt/47629,,False,skos:related,
Juglans cinerea,butternut tree,Juglans cinerea (butternut tree),https://lod.nal.usda.gov/nalt/20642,,False,skos:related,
laminated root rot,,laminated root rot,https://lod.nal.usda.gov/nalt/339082,,True,skos:broader; skos:narrower,
Lauraceae,Cassythaceae; Perseaceae,"Lauraceae (Cassythaceae, Perseaceae)",https://lod.nal.usda.gov/nalt/3317,,False,skos:related,
leaf blight,leaf and sheath blight; sheath blight,"leaf blight (leaf and sheath blight, sheath blight)",https://lod.nal.usda.gov/nalt/18026,,True,skos:broader; skos:narrower,
leaf skeletonizers,,leaf skeletonizers,https://lod.nal.usda.gov/nalt/47385,,False,skos:broader; skos:narrower,
leafminers,leaf miners,leafminers (leaf miners),https://lod.nal.usda.gov/nalt/5621,,False,skos:broader; skos:narrower,
leafrollers,leaf folders; leaf rollers,"leafrollers (leaf folders, leaf rollers)",https://lod.nal.usda.gov/nalt/47436,,False,skos:related,
leaves,foliage,leaves (foliage),https://lod.nal.usda.gov/nalt/28537,,False,skos:related,
Leifsonia xyli subsp. xyli,Clavibacter xyli ssp. xyli; Clavibacter xyli subsp. xyli; Leifsonia xyli ssp. xyli,"Leifsonia xyli subsp. xyli (Clavibacter xyli ssp. xyli, Clavibacter xyli subsp. xyli, Leifsonia xyli ssp. xyli)",https://lod.nal.usda.gov/nalt/26713,,False,skos:related,
lethal yellowing,coconut lethal yellowing,lethal yellowing (coconut lethal yellowing),https://lod.nal.usda.gov/nalt/27573,,True,skos:broader; skos:narrower,
lice,,lice,https://lod.nal.usda.gov/nalt/12544,,False,skos:related,
locusts,,locusts,https://lod.nal.usda.gov/nalt/3044,,False,skos:broader; skos:narrower,
lodging resistance,,lodging resistance,https://lod.nal.usda.gov/nalt/141,,False,skos:related,
Lophodermium,,Lophodermium,https://lod.nal.usda.gov/nalt/50627,,False,skos:related,
Mangifera indica,Mangifera austroyunnanensis; Mangifera mekongensis; Mangifera siamensis,"Mangifera indica (Mangifera austroyunnanensis, Mangifera mekongensis, Mangifera siamensis)",https://lod.nal.usda.gov/nalt/51389,,False,skos:related,
mechanical stress,,mechanical stress,https://lod.nal.usda.gov/nalt/1734,,False,skos:related,
medical and veterinary entomology,,medical and veterinary entomology,https://lod.nal.usda.gov/nalt/35805,,False,skos:related,
Meloidogyne,,Meloidogyne,https://lod.nal.usda.gov/nalt/52045,,False,skos:related,
Mesocriconema xenoplax,Criconemella xenoplax; Criconemoides xenoplax; Macroposthonia xenoplax,"Mesocriconema xenoplax (Criconemella xenoplax, Criconemoides xenoplax, Macroposthonia xenoplax)",https://lod.nal.usda.gov/nalt/30020,,False,skos:related,
Moniliophthora perniciosa,Crinipellis perniciosa; Marasmius perniciosus,"Moniliophthora perniciosa (Crinipellis perniciosa, Marasmius perniciosus)",https://lod.nal.usda.gov/nalt/126484,,False,skos:related,
mycoherbicides,,mycoherbicides,https://lod.nal.usda.gov/nalt/45182,,False,skos:related,
Mycosphaerella fijiensis,Cercospora fijiensis; Cercospora fijiensis var. difformis; Mycosphaerella fijiensis var. difformis; Paracercospora fijiensis; Pseudocercospora fijiensis,"Mycosphaerella fijiensis (Cercospora fijiensis, Cercospora fijiensis var. difformis, Mycosphaerella fijiensis var. difformis, Paracercospora fijiensis, Pseudocercospora fijiensis)",https://lod.nal.usda.gov/nalt/17812,,False,skos:related,
Mycosphaerella musicola,,Mycosphaerella musicola,https://lod.nal.usda.gov/nalt/54135,,False,skos:related,
nastic movement,nyctinastic movement; nyctinasty; seismonastic movement; seismonasty; thermonastic movement; thermonasty; thigmonastic movement; thigmonasty,"nastic movement (nyctinastic movement, nyctinasty, seismonastic movement, seismonasty, thermonastic movement, thermonasty, thigmonastic movement, thigmonasty)",https://lod.nal.usda.gov/nalt/54365,,False,skos:related,
Nectria coccinea,,Nectria coccinea,https://lod.nal.usda.gov/nalt/54461,,False,skos:related,
nursery insects,,nursery insects,https://lod.nal.usda.gov/nalt/314217,,False,skos:related,
oak wilt,oak wilt disease,oak wilt (oak wilt disease),https://lod.nal.usda.gov/nalt/340356,,True,skos:broader; skos:narrower,
onion yellows,,onion yellows,https://lod.nal.usda.gov/nalt/55875,,True,skos:broader; skos:narrower,
Ophiognomonia clavigignenti-juglandacearum,Sirococcus clavigignenti-juglandacearum,Ophiognomonia clavigignenti-juglandacearum (Sirococcus clavigignenti-juglandacearum),https://lod.nal.usda.gov/nalt/228473,,False,skos:related,
Ophiosphaerella,,Ophiosphaerella,https://lod.nal.usda.gov/nalt/198745,,False,skos:related,
Ophiostoma novo-ulmi,,Ophiostoma novo-ulmi,https://lod.nal.usda.gov/nalt/281632,,False,skos:related,
orange rust,,orange rust,https://lod.nal.usda.gov/nalt/198731,,True,skos:broader; skos:narrower,
osmotic stress,osmotic shock,osmotic stress (osmotic shock),https://lod.nal.usda.gov/nalt/206247,,False,skos:broader; skos:narrower,
pathogens,infectious agents; infectious pathogens,"pathogens (infectious agents, infectious pathogens)",https://lod.nal.usda.gov/nalt/838,,False,skos:broader; skos:narrower,
pathological processes and conditions,,pathological processes and conditions,https://lod.nal.usda.gov/nalt/319,,False,skos:broader; skos:narrower,
pecans,,pecans,https://lod.nal.usda.gov/nalt/22739,,False,skos:related,
Pectobacterium,,Pectobacterium,https://lod.nal.usda.gov/nalt/37258,,False,skos:related,
Phaeocryptopus gaeumannii,,Phaeocryptopus gaeumannii,https://lod.nal.usda.gov/nalt/214741,,False,skos:related,
phytophagous insects,herbivorous insects; plant chewing insects,"phytophagous insects (herbivorous insects, plant chewing insects)",https://lod.nal.usda.gov/nalt/45292,,False,skos:related,
Phytophthora,,Phytophthora,https://lod.nal.usda.gov/nalt/57515,,False,skos:related,
Phytophthora infestans,Botrytis infestans; Peronospora infestans; late blight; potato late blight,"Phytophthora infestans (Botrytis infestans, Peronospora infestans, late blight, potato late blight)",https://lod.nal.usda.gov/nalt/18857,,False,skos:related,
Phytophthora ramorum,,Phytophthora ramorum,https://lod.nal.usda.gov/nalt/58156,,False,skos:related,
Phytoplasma,Candidatus Phytoplasma; MLOs (mycoplasma-like organisms); Mycoplasma-like organisms (MLOs); mycoplasma-like organisms; mycoplasma-like organisms (plant pathogenic); mycoplasmalike organisms (plant pathogenic); plant yellows agents,"Phytoplasma (Candidatus Phytoplasma, MLOs (mycoplasma-like organisms), Mycoplasma-like organisms (MLOs), mycoplasma-like organisms, mycoplasma-like organisms (plant pathogenic), mycoplasmalike organisms (plant pathogenic), plant yellows agents)",https://lod.nal.usda.gov/nalt/1091,,False,skos:related,
plant growth,growth rate (plants),plant growth (growth rate (plants)),https://lod.nal.usda.gov/nalt/20266,,False,skos:broader; skos:narrower,
plant nutrition,diagnosis of plant nutrient status; mineral nutrition (plants); plant analysis of nutrient status; plant macronutrients; plant nutrient status,"plant nutrition (diagnosis of plant nutrient status, mineral nutrition (plants), plant analysis of nutrient status, plant macronutrients, plant nutrient status)",https://lod.nal.usda.gov/nalt/17679,,False,skos:related,
plant-insect relations,crop insect relations; crop-insect relations; insect crop relations; insect plant relations; insect-crop relations; insect-plant interactions; insect-plant relations; plant insect interactions; plant insect relations; plant-insect interactions,"plant-insect relations (crop insect relations, crop-insect relations, insect crop relations, insect plant relations, insect-crop relations, insect-plant interactions, insect-plant relations, plant insect interactions, plant insect relations, plant-insect interactions)",https://lod.nal.usda.gov/nalt/24635,,False,skos:related,
Plasmodiophora brassicae,,Plasmodiophora brassicae,https://lod.nal.usda.gov/nalt/58701,,False,skos:related,
Plenodomus biglobosus,Leptosphaeria biglobosa,Plenodomus biglobosus (Leptosphaeria biglobosa),https://lod.nal.usda.gov/nalt/234504,,False,skos:related,
Plenodomus lingam,Leptosphaeria maculans; Phoma lingam,"Plenodomus lingam (Leptosphaeria maculans, Phoma lingam)",https://lod.nal.usda.gov/nalt/49776,,False,skos:related,
Pleospora betae,Phoma betae; beet black rot fungus,"Pleospora betae (Phoma betae, beet black rot fungus)",https://lod.nal.usda.gov/nalt/58801,,False,skos:related,
Plum pox virus,PPV (Plum pox virus); Plum pox potyvirus; Prunus virus 7; Sarka virus; Scharka-virus; Sharka disease virus; Sharka virus,"Plum pox virus (PPV (Plum pox virus), Plum pox potyvirus, Prunus virus 7, Sarka virus, Scharka-virus, Sharka disease virus, Sharka virus)",https://lod.nal.usda.gov/nalt/58850,,False,skos:related,
Podosphaera macularis,,Podosphaera macularis,https://lod.nal.usda.gov/nalt/312908,,False,skos:related,
pods,,pods,https://lod.nal.usda.gov/nalt/41694,,False,skos:related,
potatoes,,potatoes,https://lod.nal.usda.gov/nalt/59404,,False,skos:related,
Pratylenchus,,Pratylenchus,https://lod.nal.usda.gov/nalt/59508,,False,skos:related,
Pratylenchus loosi,,Pratylenchus loosi,https://lod.nal.usda.gov/nalt/239502,,False,skos:related,
product quality,,product quality,https://lod.nal.usda.gov/nalt/4405,,False,skos:related,
Pseudomonas,Liquidomonas; Loefflerella; fluorescent pseudomonads,"Pseudomonas (Liquidomonas, Loefflerella, fluorescent pseudomonads)",https://lod.nal.usda.gov/nalt/15220,,False,skos:related,
Pseudomonas syringae pv. savastanoi,Pseudomonas savastanoi; Pseudomonas savastanoi pv. savastanoi,"Pseudomonas syringae pv. savastanoi (Pseudomonas savastanoi, Pseudomonas savastanoi pv. savastanoi)",https://lod.nal.usda.gov/nalt/60304,,False,skos:related,
Pseudomonas syringae pv. tabaci,Pseudomonas angulata,Pseudomonas syringae pv. tabaci (Pseudomonas angulata),https://lod.nal.usda.gov/nalt/60202,,False,skos:related,
Pseudonectria buxi,Chaetostroma buxi; Tubercularia buxi; Volutella buxi,"Pseudonectria buxi (Chaetostroma buxi, Tubercularia buxi, Volutella buxi)",https://lod.nal.usda.gov/nalt/337007,,False,skos:related,
Pseudotsuga menziesii,Douglas fir; Pseudotsuga caesia; Pseudotsuga flahaultii; Pseudotsuga glauca,"Pseudotsuga menziesii (Douglas fir, Pseudotsuga caesia, Pseudotsuga flahaultii, Pseudotsuga glauca)",https://lod.nal.usda.gov/nalt/34433,,False,skos:related,
Puccinia recondita,Puccinia dispersa; Puccinia recondita f. sp. tritici; Puccinia rubigo-vera; Puccinia sardonensis; Puccinia triticina,"Puccinia recondita (Puccinia dispersa, Puccinia recondita f. sp. tritici, Puccinia rubigo-vera, Puccinia sardonensis, Puccinia triticina)",https://lod.nal.usda.gov/nalt/60498,,False,skos:related,
Pucciniales,Uredinales,Pucciniales (Uredinales),https://lod.nal.usda.gov/nalt/4446,,False,skos:related,
pycnidia,pycnidium,pycnidia (pycnidium),https://lod.nal.usda.gov/nalt/41782,,False,skos:related,
Pyrenophora teres,,Pyrenophora teres,https://lod.nal.usda.gov/nalt/60624,,False,skos:related,
Quercus,Cyclobalanopsis; oaks; turkey oaks,"Quercus (Cyclobalanopsis, oaks, turkey oaks)",https://lod.nal.usda.gov/nalt/39335,,False,skos:related,
Raffaelea,,Raffaelea,https://lod.nal.usda.gov/nalt/212514,,False,skos:related,
rain damage,,rain damage,https://lod.nal.usda.gov/nalt/305450,,False,skos:related,
rhizome rot,,rhizome rot,https://lod.nal.usda.gov/nalt/328473,,True,skos:broader; skos:narrower,
rice false smut,,rice false smut,https://lod.nal.usda.gov/nalt/323686,,True,skos:broader; skos:narrower,
root galls,,root galls,https://lod.nal.usda.gov/nalt/42221,,True,skos:broader; skos:narrower,
roots,plant roots,roots (plant roots),https://lod.nal.usda.gov/nalt/4425,,False,skos:related,
rootworms,,rootworms,https://lod.nal.usda.gov/nalt/47386,,False,skos:broader; skos:narrower,
salt stress,saline stress; salinity stress,"salt stress (saline stress, salinity stress)",https://lod.nal.usda.gov/nalt/1732,,True,skos:related,
sawflies,,sawflies,https://lod.nal.usda.gov/nalt/12090,,False,skos:broader; skos:narrower,
scale insects,scales (insects),scale insects (scales (insects)),https://lod.nal.usda.gov/nalt/27483,,False,skos:broader; skos:narrower,
seed-borne bacteria,seedborne bacteria,seed-borne bacteria (seedborne bacteria),https://lod.nal.usda.gov/nalt/15089,,False,skos:related,
seed-borne fungi,seed-borne fungus; seedborne fungi,"seed-borne fungi (seed-borne fungus, seedborne fungi)",https://lod.nal.usda.gov/nalt/37057,,False,skos:related,
seeds,kernels,seeds (kernels),https://lod.nal.usda.gov/nalt/20440,,False,skos:related,
Soybean cyst nematode socyvirus,SbCNV-1 (Soybean cyst nematode virus 1); Soybean cyst nematode nyavirus; Soybean cyst nematode virus; Soybean cyst nematode virus 1,"Soybean cyst nematode socyvirus (SbCNV-1 (Soybean cyst nematode virus 1), Soybean cyst nematode nyavirus, Soybean cyst nematode virus, Soybean cyst nematode virus 1)",https://lod.nal.usda.gov/nalt/227319,,False,skos:related,
soybean rust,soyabean rust,soybean rust (soyabean rust),https://lod.nal.usda.gov/nalt/92833,,True,skos:broader; skos:narrower,
stain fungi,stain fungus,stain fungi (stain fungus),https://lod.nal.usda.gov/nalt/18245,,False,skos:related,
stem blight,,stem blight,https://lod.nal.usda.gov/nalt/315576,,True,skos:broader; skos:narrower,
stem cankers,,stem cankers,https://lod.nal.usda.gov/nalt/21882,,True,skos:broader; skos:narrower,
stem galls,twig galls,stem galls (twig galls),https://lod.nal.usda.gov/nalt/42222,,True,skos:broader; skos:narrower,
stem rust,,stem rust,https://lod.nal.usda.gov/nalt/189055,,True,skos:broader; skos:narrower,
storage insects,stored product insects,storage insects (stored product insects),https://lod.nal.usda.gov/nalt/47387,,False,skos:broader; skos:narrower,
storage temperature,,storage temperature,https://lod.nal.usda.gov/nalt/64225,,False,skos:related,
storms,,storms,https://lod.nal.usda.gov/nalt/13656,,False,skos:related,
stress response,response to stress,stress response (response to stress),https://lod.nal.usda.gov/nalt/146600,,False,skos:related,
stripe rust,yellow rust; yellow-rust,"stripe rust (yellow rust, yellow-rust)",https://lod.nal.usda.gov/nalt/210908,,True,skos:broader; skos:narrower,
stumps,stump wood; stumpwood; tree stumps,"stumps (stump wood, stumpwood, tree stumps)",https://lod.nal.usda.gov/nalt/58628,,False,skos:related,
subterranean termites,,subterranean termites,https://lod.nal.usda.gov/nalt/47388,,False,skos:broader; skos:narrower,
sugarcane rust,,sugarcane rust,https://lod.nal.usda.gov/nalt/312566,,True,skos:broader; skos:narrower,
sweet potatoes,sweetpotatoes,sweet potatoes (sweetpotatoes),https://lod.nal.usda.gov/nalt/47647,,False,skos:related,
tangerines,,tangerines,https://lod.nal.usda.gov/nalt/26552,,False,skos:related,
Texas Phoenix palm decline,Texas Phoenix decline,Texas Phoenix palm decline (Texas Phoenix decline),https://lod.nal.usda.gov/nalt/311283,,True,skos:broader; skos:narrower,
thermal stress,,thermal stress,https://lod.nal.usda.gov/nalt/198222,,False,skos:broader; skos:narrower,
Tilletia indica,Neovossia indica,Tilletia indica (Neovossia indica),https://lod.nal.usda.gov/nalt/54612,,False,skos:related,
tomato bacterial speck,bacterial speck of tomato; tomato speck disease,"tomato bacterial speck (bacterial speck of tomato, tomato speck disease)",https://lod.nal.usda.gov/nalt/331426,,True,skos:broader; skos:narrower,
trampling damage,,trampling damage,https://lod.nal.usda.gov/nalt/31674,,False,skos:broader; skos:narrower,
tropisms,,tropisms,https://lod.nal.usda.gov/nalt/14074,,False,skos:related,
urban horticulture,,urban horticulture,https://lod.nal.usda.gov/nalt/68414,,False,skos:related,
Ustilaginoidea virens,Claviceps oryzae-sativae; Claviceps virens; Sphacelotheca virens; Tilletia oryzae; Ustilaginoidea albicans; Ustilago virens; Villosiclava virens,"Ustilaginoidea virens (Claviceps oryzae-sativae, Claviceps virens, Sphacelotheca virens, Tilletia oryzae, Ustilaginoidea albicans, Ustilago virens, Villosiclava virens)",https://lod.nal.usda.gov/nalt/212103,,False,skos:related,
Venturia inaequalis,Fusicladium pomi,Venturia inaequalis (Fusicladium pomi),https://lod.nal.usda.gov/nalt/11295,,False,skos:related,
Verticillium wilt,,Verticillium wilt,https://lod.nal.usda.gov/nalt/41814,,True,skos:broader; skos:narrower,
viroids,,viroids,https://lod.nal.usda.gov/nalt/9408,,False,skos:related,
warble flies,,warble flies,https://lod.nal.usda.gov/nalt/47389,,False,skos:broader; skos:narrower,
water deprivation,,water deprivation,https://lod.nal.usda.gov/nalt/33355,,False,skos:broader; skos:narrower,
wetwood,wet wood,wetwood (wet wood),https://lod.nal.usda.gov/nalt/15212,,False,skos:related,
wheat,bread wheat,wheat (bread wheat),https://lod.nal.usda.gov/nalt/39377,,False,skos:related,
wilting point,permanent wilting point,wilting point (permanent wilting point),https://lod.nal.usda.gov/nalt/57491,,False,skos:related,
wind damage,,wind damage,https://lod.nal.usda.gov/nalt/220319,,False,skos:related,
windthrow,wind throw; windfall; windsnap,"windthrow (wind throw, windfall, windsnap)",https://lod.nal.usda.gov/nalt/144670,,True,skos:broader; skos:narrower,
winterkill,,winterkill,https://lod.nal.usda.gov/nalt/193011,,False,skos:related,
Xylella fastidiosa,,Xylella fastidiosa,https://lod.nal.usda.gov/nalt/26573,,False,skos:related,
16SrI (Aster yellows group),Aster yellows group,16SrI (Aster yellows group) (Aster yellows group),https://lod.nal.usda.gov/nalt/1223,,False,skos:broader; skos:narrower,
16SrII (Peanut WB group),Peanut WB group,16SrII (Peanut WB group) (Peanut WB group),https://lod.nal.usda.gov/nalt/1236,,False,skos:broader; skos:narrower,
16SrIII (X-disease group),X-disease group,16SrIII (X-disease group) (X-disease group),https://lod.nal.usda.gov/nalt/1242,,False,skos:broader; skos:narrower,
16SrIV (Coconut lethal yellows group),Coconut lethal yellows group,16SrIV (Coconut lethal yellows group) (Coconut lethal yellows group),https://lod.nal.usda.gov/nalt/1258,,False,skos:related,
16SrIX (Pigeon pea witches'-broom group),16SrIX (Pigeon pea witches' broom group); Pigeon pea witches' broom group; Pigeon pea witches'-broom group,"16SrIX (Pigeon pea witches'-broom group) (16SrIX (Pigeon pea witches' broom group), Pigeon pea witches' broom group, Pigeon pea witches'-broom group)",https://lod.nal.usda.gov/nalt/1264,,False,skos:broader; skos:narrower,
16SrV (Elm yellows group),Elm yellows group,16SrV (Elm yellows group) (Elm yellows group),https://lod.nal.usda.gov/nalt/1268,,False,skos:broader; skos:narrower,
16SrVI (Clover proliferation group),Clover proliferation group,16SrVI (Clover proliferation group) (Clover proliferation group),https://lod.nal.usda.gov/nalt/1276,,False,skos:broader; skos:narrower,
16SrVII (Ash yellows group),Ash yellows group,16SrVII (Ash yellows group) (Ash yellows group),https://lod.nal.usda.gov/nalt/1280,,False,skos:broader; skos:narrower,
16SrVIII (Loofah witches'-broom group),16SrVIII (Loofah witches' broom group); Loofah witches' broom group; Loofah witches'-broom group,"16SrVIII (Loofah witches'-broom group) (16SrVIII (Loofah witches' broom group), Loofah witches' broom group, Loofah witches'-broom group)",https://lod.nal.usda.gov/nalt/1284,,False,skos:broader; skos:narrower,
16SrX (Apple proliferation group),Apple proliferation group,16SrX (Apple proliferation group) (Apple proliferation group),https://lod.nal.usda.gov/nalt/1288,,False,skos:broader; skos:narrower,
16SrXI (Rice yellow dwarf group),Rice yellow dwarf group,16SrXI (Rice yellow dwarf group) (Rice yellow dwarf group),https://lod.nal.usda.gov/nalt/1293,,False,skos:broader; skos:narrower,
16SrXII (Stolbur group),Stolbur group,16SrXII (Stolbur group) (Stolbur group),https://lod.nal.usda.gov/nalt/1296,,False,skos:broader; skos:narrower,
16SrXIII (Mexican periwinkle virescence group),Mexican periwinkle virescence group,16SrXIII (Mexican periwinkle virescence group) (Mexican periwinkle virescence group),https://lod.nal.usda.gov/nalt/1303,,False,skos:broader; skos:narrower,
16SrXIV (Bermuda white leaf group),Bermuda white leaf group,16SrXIV (Bermuda white leaf group) (Bermuda white leaf group),https://lod.nal.usda.gov/nalt/1306,,False,skos:broader; skos:narrower,
16SrXV (Hibiscus witches'-broom group),16SrXV (Hibiscus witches' broom group); Hibiscus witches' broom group; Hibiscus witches'-broom group,"16SrXV (Hibiscus witches'-broom group) (16SrXV (Hibiscus witches' broom group), Hibiscus witches' broom group, Hibiscus witches'-broom group)",https://lod.nal.usda.gov/nalt/1313,,False,skos:broader; skos:narrower,
16SrXXI (Pine shoot proliferation group),,16SrXXI (Pine shoot proliferation group),https://lod.nal.usda.gov/nalt/300022,,False,skos:broader; skos:narrower,
Acholeplasmataceae,,Acholeplasmataceae,https://lod.nal.usda.gov/nalt/2603,,False,skos:broader; skos:narrower,
acid rain,acidic rain,acid rain (acidic rain),https://lod.nal.usda.gov/nalt/70456,,False,skos:related,
Agrobacterium radiobacter,Agrobacterium tumefaciens; Rhizobium radiobacter,"Agrobacterium radiobacter (Agrobacterium tumefaciens, Rhizobium radiobacter)",https://lod.nal.usda.gov/nalt/5537,,False,skos:related,
Agromyzidae,agromyzids; mining flies,"Agromyzidae (agromyzids, mining flies)",https://lod.nal.usda.gov/nalt/5608,,False,skos:related,
Albugo,,Albugo,https://lod.nal.usda.gov/nalt/6025,,False,skos:related,
animal pathogens,human pathogens; pathogens of animals,"animal pathogens (human pathogens, pathogens of animals)",https://lod.nal.usda.gov/nalt/9234,,False,skos:related,
antifreeze proteins,antifreeze glycopeptides; antifreeze glycoproteins; antifreeze peptides,"antifreeze proteins (antifreeze glycopeptides, antifreeze glycoproteins, antifreeze peptides)",https://lod.nal.usda.gov/nalt/230341,,False,skos:related,
Arecaceae,Nypaceae; Palmae; Principes; palm trees,"Arecaceae (Nypaceae, Palmae, Principes, palm trees)",https://lod.nal.usda.gov/nalt/3096,,False,skos:related,
Argidae,argid sawflies,Argidae (argid sawflies),https://lod.nal.usda.gov/nalt/12071,,False,skos:related,
Armillaria,Armillariella; honey fungi; honey mushrooms,"Armillaria (Armillariella, honey fungi, honey mushrooms)",https://lod.nal.usda.gov/nalt/4983,,False,skos:related,
Aster yellows phytoplasma,Aster yellows mycoplasma-like organism,Aster yellows phytoplasma (Aster yellows mycoplasma-like organism),https://lod.nal.usda.gov/nalt/1227,,False,skos:related,
Avsunviroidae,,Avsunviroidae,https://lod.nal.usda.gov/nalt/1132,,False,skos:related,
beans,,beans,https://lod.nal.usda.gov/nalt/16204,,False,skos:related,
bending stress,,bending stress,https://lod.nal.usda.gov/nalt/300805,,False,skos:broader; skos:narrower,
blue-stain fungi,blue stain fungi; blue-stain fungus; bluestain fungi,"blue-stain fungi (blue stain fungi, blue-stain fungus, bluestain fungi)",https://lod.nal.usda.gov/nalt/18240,,False,skos:broader; skos:narrower,
Bretziella fagacearum,Ceratocystis fagacearum; Chalara quercina; Endoconidiophora fagacearum; Thielaviopsis quercina,"Bretziella fagacearum (Ceratocystis fagacearum, Chalara quercina, Endoconidiophora fagacearum, Thielaviopsis quercina)",https://lod.nal.usda.gov/nalt/23905,,False,skos:related,
Candidatus Phytoplasma mali,Apple proliferation mycoplasma-like organism; Apple proliferation phytoplasma,"Candidatus Phytoplasma mali (Apple proliferation mycoplasma-like organism, Apple proliferation phytoplasma)",https://lod.nal.usda.gov/nalt/1290,,False,skos:related,
Cephidae,stem sawflies,Cephidae (stem sawflies),https://lod.nal.usda.gov/nalt/23788,,False,skos:related,
chlamydospores,,chlamydospores,https://lod.nal.usda.gov/nalt/25275,,False,skos:related,
Cimbicidae,cimbicid sawflies,Cimbicidae (cimbicid sawflies),https://lod.nal.usda.gov/nalt/26295,,False,skos:related,
Coccoidea (Homoptera),,Coccoidea (Homoptera),https://lod.nal.usda.gov/nalt/2953,,False,skos:related,
cold shock proteins,cold shock peptides; cold stress peptides; cold stress proteins,"cold shock proteins (cold shock peptides, cold stress peptides, cold stress proteins)",https://lod.nal.usda.gov/nalt/241641,,False,skos:related,
comandra blister rust,,comandra blister rust,https://lod.nal.usda.gov/nalt/339101,,True,skos:broader; skos:narrower,
cone and seed insects,cone insects; cone-seed insects; conophytes; seed and cone insects,"cone and seed insects (cone insects, cone-seed insects, conophytes, seed and cone insects)",https://lod.nal.usda.gov/nalt/284533,,False,skos:related,
Cronartium fusiforme,Cronartium quercuum f. sp. fusiforme,Cronartium fusiforme (Cronartium quercuum f. sp. fusiforme),https://lod.nal.usda.gov/nalt/30099,,False,skos:related,
Cynipidae,cynipid gall wasps; cynipids; gall wasps,"Cynipidae (cynipid gall wasps, cynipids, gall wasps)",https://lod.nal.usda.gov/nalt/6737,,False,skos:related,
decayed wood,decayed timber; timber decay; wood decay,"decayed wood (decayed timber, timber decay, wood decay)",https://lod.nal.usda.gov/nalt/31898,,False,skos:related,
defoliating insects,defoliator insects; forest defoliators; forest insect defoliators; insect defoliators,"defoliating insects (defoliator insects, forest defoliators, forest insect defoliators, insect defoliators)",https://lod.nal.usda.gov/nalt/314192,,False,skos:broader; skos:narrower,
deformation,,deformation,https://lod.nal.usda.gov/nalt/32000,,False,skos:broader; skos:narrower,
dehydration (animal physiology),,dehydration (animal physiology),https://lod.nal.usda.gov/nalt/32026,,False,skos:related,
dehydrins,,dehydrins,https://lod.nal.usda.gov/nalt/287394,,False,skos:related,
die-off,die off; dieoff,"die-off (die off, dieoff)",https://lod.nal.usda.gov/nalt/33319,,False,skos:broader; skos:narrower,
diet,dietary factors,diet (dietary factors),https://lod.nal.usda.gov/nalt/295,,False,skos:related,
Diprionidae,conifer sawflies,Diprionidae (conifer sawflies),https://lod.nal.usda.gov/nalt/28539,,False,skos:related,
disasters,manmade disasters; natural disasters,"disasters (manmade disasters, natural disasters)",https://lod.nal.usda.gov/nalt/2151,,False,skos:related,
drought injury,,drought injury,https://lod.nal.usda.gov/nalt/302120,,False,skos:related,
dry environmental conditions,arid conditions; arid environments; aridity; dry environment; dry environments; xeric conditions; xeric environment; xeric environments; xeric habitats,"dry environmental conditions (arid conditions, arid environments, aridity, dry environment, dry environments, xeric conditions, xeric environment, xeric environments, xeric habitats)",https://lod.nal.usda.gov/nalt/12165,,False,skos:related,
dry tropics,,dry tropics,https://lod.nal.usda.gov/nalt/221163,,False,skos:related,
dwarf cultivars,dwarf varieties,dwarf cultivars (dwarf varieties),https://lod.nal.usda.gov/nalt/30657,,False,skos:related,
endophytes,,endophytes,https://lod.nal.usda.gov/nalt/37056,,False,skos:related,
feed deprivation,feed withdrawal,feed deprivation (feed withdrawal),https://lod.nal.usda.gov/nalt/9181,,False,skos:related,
food deprivation,,food deprivation,https://lod.nal.usda.gov/nalt/33354,,False,skos:related,
frost protection,,frost protection,https://lod.nal.usda.gov/nalt/301428,,False,skos:related,
frost resistance,frost tolerance,frost resistance (frost tolerance),https://lod.nal.usda.gov/nalt/27790,,False,skos:related,
Glycine max,Dolichos soja; Glycine gracilis; Glycine hispida; Glycine hispida var. brunnea; Glycine hispida var. lutea; Phaseolus max; Soja hispida; Soja max,"Glycine max (Dolichos soja, Glycine gracilis, Glycine hispida, Glycine hispida var. brunnea, Glycine hispida var. lutea, Phaseolus max, Soja hispida, Soja max)",https://lod.nal.usda.gov/nalt/34329,,False,skos:related,
Gracillariidae,leafblotch miner moths,Gracillariidae (leafblotch miner moths),https://lod.nal.usda.gov/nalt/3082,,False,skos:related,
growth disorders,,growth disorders,https://lod.nal.usda.gov/nalt/1762,,False,skos:related,
gummy stem blight,,gummy stem blight,https://lod.nal.usda.gov/nalt/315580,,True,skos:broader; skos:narrower,
Gymnosporangium juniperi-virginianae,,Gymnosporangium juniperi-virginianae,https://lod.nal.usda.gov/nalt/44138,,False,skos:related,
heat shock response,heat shock reaction; heat shock stress response; heat stress reaction; heat stress response,"heat shock response (heat shock reaction, heat shock stress response, heat stress reaction, heat stress response)",https://lod.nal.usda.gov/nalt/240471,,False,skos:related,
mechanics,,mechanics,https://lod.nal.usda.gov/nalt/2134,,False,skos:broader; skos:narrower,
mechanotransduction,cellular mechanotransduction; mechanical signal transduction; mechanosensory transduction,"mechanotransduction (cellular mechanotransduction, mechanical signal transduction, mechanosensory transduction)",https://lod.nal.usda.gov/nalt/246188,,False,skos:related,
miniature breeds,toy breeds,miniature breeds (toy breeds),https://lod.nal.usda.gov/nalt/19705,,False,skos:related,
miniature cultivars,miniature varieties,miniature cultivars (miniature varieties),https://lod.nal.usda.gov/nalt/30660,,False,skos:related,
Moniliophthora roreri,,Moniliophthora roreri,https://lod.nal.usda.gov/nalt/53334,,False,skos:related,
Noctuidae,noctuid moths; owlet moths; underwing moths,"Noctuidae (noctuid moths, owlet moths, underwing moths)",https://lod.nal.usda.gov/nalt/2536,,False,skos:related,
orange rust of sugarcane,sugarcane orange rust,orange rust of sugarcane (sugarcane orange rust),https://lod.nal.usda.gov/nalt/312568,,True,skos:broader; skos:narrower,
Oryza sativa,Oryza glutinosa; Oryza sativa cv. italica; Oryza sativa ssp. indica; Oryza sativa ssp. japonica; Oryza sativa subsp. indica; Oryza sativa subsp. japonica; Oryza sativa var. affinis; Oryza sativa var. erythroceros; Oryza sativa var. flavoacies; Oryza sativa var. japonica; Oryza sativa var. melanacra; Oryza sativa var. suberythroceros; Oryza sativa var. vulgaris; Oryza sativa var. zeravschanica,"Oryza sativa (Oryza glutinosa, Oryza sativa cv. italica, Oryza sativa ssp. indica, Oryza sativa ssp. japonica, Oryza sativa subsp. indica, Oryza sativa subsp. japonica, Oryza sativa var. affinis, Oryza sativa var. erythroceros, Oryza sativa var. flavoacies, Oryza sativa var. japonica, Oryza sativa var. melanacra, Oryza sativa var. suberythroceros, Oryza sativa var. vulgaris, Oryza sativa var. zeravschanica)",https://lod.nal.usda.gov/nalt/56277,,False,skos:related,
osmotic pressure,osmotic potential,osmotic pressure (osmotic potential),https://lod.nal.usda.gov/nalt/56337,,False,skos:related,
Pamphiliidae,Pamphilidae; leafrolling sawflies; webspinning sawflies,"Pamphiliidae (Pamphilidae, leafrolling sawflies, webspinning sawflies)",https://lod.nal.usda.gov/nalt/2022,,False,skos:related,
Phakopsora pachyrhizi,Malupa meibomiae; Physopella meibomiae,"Phakopsora pachyrhizi (Malupa meibomiae, Physopella meibomiae)",https://lod.nal.usda.gov/nalt/57662,,False,skos:related,
Phlaeothripidae,,Phlaeothripidae,https://lod.nal.usda.gov/nalt/8255,,False,skos:related,
Phytophthora palmivora,,Phytophthora palmivora,https://lod.nal.usda.gov/nalt/58154,,False,skos:related,
Pinus elliottii,American pitch pine; longleaf pitch pine; slash pine; swamp pine,"Pinus elliottii (American pitch pine, longleaf pitch pine, slash pine, swamp pine)",https://lod.nal.usda.gov/nalt/7610,,False,skos:related,
Pinus taeda,loblolly pine,Pinus taeda (loblolly pine),https://lod.nal.usda.gov/nalt/50493,,False,skos:related,
plant growth control,,plant growth control,https://lod.nal.usda.gov/nalt/34963,,False,skos:related,
plant nurseries,,plant nurseries,https://lod.nal.usda.gov/nalt/37347,,False,skos:related,
Pospiviroidae,,Pospiviroidae,https://lod.nal.usda.gov/nalt/1136,,False,skos:related,
predatory fungi,carnivorous fungi; predaceous fungi,"predatory fungi (carnivorous fungi, predaceous fungi)",https://lod.nal.usda.gov/nalt/234477,,False,skos:related,
Pseudomonas syringae pv. tomato,,Pseudomonas syringae pv. tomato,https://lod.nal.usda.gov/nalt/60329,,False,skos:related,
Puccinia striiformis,Puccinia glumarum,Puccinia striiformis (Puccinia glumarum),https://lod.nal.usda.gov/nalt/60500,,False,skos:related,
rain,rain water; rainfall; rainwater,"rain (rain water, rainfall, rainwater)",https://lod.nal.usda.gov/nalt/59536,,False,skos:related,
rhizomes,,rhizomes,https://lod.nal.usda.gov/nalt/61276,,False,skos:related,
root crown,crown (perennials); root collar; root neck,"root crown (crown (perennials), root collar, root neck)",https://lod.nal.usda.gov/nalt/123241,,False,skos:related,
saline soils,,saline soils,https://lod.nal.usda.gov/nalt/24692,,False,skos:related,
salinity,,salinity,https://lod.nal.usda.gov/nalt/58067,,False,skos:related,
salt tolerance,halotolerance; salt acclimation,"salt tolerance (halotolerance, salt acclimation)",https://lod.nal.usda.gov/nalt/145,,False,skos:related,
sapstain fungi,sap stain fungi; sap-stain fungi; sap-staining fungi; sapstain fungus,"sapstain fungi (sap stain fungi, sap-stain fungi, sap-staining fungi, sapstain fungus)",https://lod.nal.usda.gov/nalt/41837,,False,skos:broader; skos:narrower,
seed cones,cones (plant); pine cones,"seed cones (cones (plant), pine cones)",https://lod.nal.usda.gov/nalt/28496,,False,skos:related,
seed insects,seed miners,seed insects (seed miners),https://lod.nal.usda.gov/nalt/284531,,False,skos:broader; skos:narrower,
shear stress,Warner-Bratzler shear force; shear (mechanics),"shear stress (Warner-Bratzler shear force, shear (mechanics))",https://lod.nal.usda.gov/nalt/51785,,False,skos:broader; skos:narrower,
soft-rot fungi,soft rot fungi; soft-rot fungus,"soft-rot fungi (soft rot fungi, soft-rot fungus)",https://lod.nal.usda.gov/nalt/31897,,False,skos:broader; skos:narrower,
Southern corn rust,Southern maize rust,Southern corn rust (Southern maize rust),https://lod.nal.usda.gov/nalt/316344,,True,skos:broader; skos:narrower,
spalting fungi,,spalting fungi,https://lod.nal.usda.gov/nalt/314630,,False,skos:related,
stems,,stems,https://lod.nal.usda.gov/nalt/19257,,False,skos:related,
stress relaxation,,stress relaxation,https://lod.nal.usda.gov/nalt/32001,,False,skos:related,
stripe rust of barley,barley stripe rust; barley yellow rust; yellow rust of barley,"stripe rust of barley (barley stripe rust, barley yellow rust, yellow rust of barley)",https://lod.nal.usda.gov/nalt/334649,,True,skos:broader; skos:narrower,
stripe rust of wheat,wheat stripe rust; wheat yellow rust; yellow rust of wheat,"stripe rust of wheat (wheat stripe rust, wheat yellow rust, yellow rust of wheat)",https://lod.nal.usda.gov/nalt/334648,,True,skos:broader; skos:narrower,
sugarcane,sugar cane,sugarcane (sugar cane),https://lod.nal.usda.gov/nalt/21832,,False,skos:related,
sugarcane byproducts,sugar cane by-products; sugar cane byproducts; sugarcane by-products,"sugarcane byproducts (sugar cane by-products, sugar cane byproducts, sugarcane by-products)",https://lod.nal.usda.gov/nalt/127706,,False,skos:related,
Tenthredinidae,common sawflies; tenthredinid sawflies,"Tenthredinidae (common sawflies, tenthredinid sawflies)",https://lod.nal.usda.gov/nalt/13573,,False,skos:related,
Theobroma cacao,,Theobroma cacao,https://lod.nal.usda.gov/nalt/27566,,False,skos:related,
Thielaviopsis basicola,Chalara elegans,Thielaviopsis basicola (Chalara elegans),https://lod.nal.usda.gov/nalt/24287,,False,skos:related,
thirst,,thirst,https://lod.nal.usda.gov/nalt/11271,,False,skos:related,
tomatoes,,tomatoes,https://lod.nal.usda.gov/nalt/50832,,False,skos:related,
unclassified phytoplasmas,,unclassified phytoplasmas,https://lod.nal.usda.gov/nalt/1090,,False,skos:broader; skos:narrower,
Uromyces,,Uromyces,https://lod.nal.usda.gov/nalt/66764,,False,skos:related,
ustiloxins,ustiloxin-A; ustiloxin-B; ustiloxin-C; ustiloxin-D; ustiloxin-E,"ustiloxins (ustiloxin-A, ustiloxin-B, ustiloxin-C, ustiloxin-D, ustiloxin-E)",https://lod.nal.usda.gov/nalt/323679,,False,skos:related,
Verticillium,,Verticillium,https://lod.nal.usda.gov/nalt/46703,,False,skos:related,
viruses,,viruses,https://lod.nal.usda.gov/nalt/1138,,False,skos:related,
Viruses and Viroids,,Viruses and Viroids,https://lod.nal.usda.gov/nalt/1131,,False,skos:broader; skos:narrower,
water supply,availability of water supply,water supply (availability of water supply),https://lod.nal.usda.gov/nalt/34624,,False,skos:related,
weather,weather patterns,weather (weather patterns),https://lod.nal.usda.gov/nalt/5862,,False,skos:broader; skos:narrower,
white pine blister rust,,white pine blister rust,https://lod.nal.usda.gov/nalt/196169,,True,skos:broader; skos:narrower,
white-rot fungi,white rot fungi; white-rot fungus,"white-rot fungi (white rot fungi, white-rot fungus)",https://lod.nal.usda.gov/nalt/17320,,False,skos:broader; skos:narrower,
wind,,wind,https://lod.nal.usda.gov/nalt/52292,,False,skos:related,
wind resistance,wind tolerance,wind resistance (wind tolerance),https://lod.nal.usda.gov/nalt/147,,False,skos:related,
winter,winter season,winter (winter season),https://lod.nal.usda.gov/nalt/62719,,False,skos:related,
winter hardiness,,winter hardiness,https://lod.nal.usda.gov/nalt/26900,,False,skos:related,
wood,,wood,https://lod.nal.usda.gov/nalt/19272,,False,skos:broader; skos:narrower,
wood degradation,timber decomposition; timber degradation; wood decomposition; wood deterioration,"wood degradation (timber decomposition, timber degradation, wood decomposition, wood deterioration)",https://lod.nal.usda.gov/nalt/189519,,False,skos:related,
Xanthomonas axonopodis pv. aurantifolii,,Xanthomonas axonopodis pv. aurantifolii,https://lod.nal.usda.gov/nalt/326991,,False,skos:related,
Xanthomonas axonopodis pv. citri,,Xanthomonas axonopodis pv. citri,https://lod.nal.usda.gov/nalt/67485,,False,skos:related,
Xyelidae,xyelid sawflies,Xyelidae (xyelid sawflies),https://lod.nal.usda.gov/nalt/46531,,False,skos:related,
Zea mays,Zea maize; corn plant; cornplant,"Zea mays (Zea maize, corn plant, cornplant)",https://lod.nal.usda.gov/nalt/29137,,False,skos:related,
abnormal development,atresia; developmental abnormalities,"abnormal development (atresia, developmental abnormalities)",https://lod.nal.usda.gov/nalt/730,,False,skos:broader; skos:narrower,
Apscaviroid,,Apscaviroid,https://lod.nal.usda.gov/nalt/11281,,False,skos:broader; skos:narrower,
Beet leafhopper transmitted virescence phytoplasma,Beet leafhopper transmitted virescence mycoplasma-like organism,Beet leafhopper transmitted virescence phytoplasma (Beet leafhopper transmitted virescence mycoplasma-like organism),https://lod.nal.usda.gov/nalt/1092,,False,skos:broader; skos:narrower,
biodegradation,biological degradation; microbial degradation,"biodegradation (biological degradation, microbial degradation)",https://lod.nal.usda.gov/nalt/17311,,False,skos:related,
Brinjal little leaf phytoplasma,,Brinjal little leaf phytoplasma,https://lod.nal.usda.gov/nalt/1094,,False,skos:broader; skos:narrower,
Cactus witches'-broom phytoplasma,Cactus witches' broom phytoplasma,Cactus witches'-broom phytoplasma (Cactus witches' broom phytoplasma),https://lod.nal.usda.gov/nalt/1095,,False,skos:broader; skos:narrower,
Candidatus Phytoplasma convolvuli,Bindweed yellows phytoplasma,Candidatus Phytoplasma convolvuli (Bindweed yellows phytoplasma),https://lod.nal.usda.gov/nalt/1093,,False,skos:broader; skos:narrower,
Cenchrus bunchy shoot phytoplasma,,Cenchrus bunchy shoot phytoplasma,https://lod.nal.usda.gov/nalt/1096,,False,skos:broader; skos:narrower,
Chinese pigeon pea witches'-broom phytoplasma,Chinese pigeon pea witches' broom phytoplasma; Chinese pigeonpea witches' broom phytoplasma; Chinese pigeonpea witches'-broom phytoplasma,"Chinese pigeon pea witches'-broom phytoplasma (Chinese pigeon pea witches' broom phytoplasma, Chinese pigeonpea witches' broom phytoplasma, Chinese pigeonpea witches'-broom phytoplasma)",https://lod.nal.usda.gov/nalt/1097,,False,skos:broader; skos:narrower,
Chlorante-Aster yellows phytoplasma,,Chlorante-Aster yellows phytoplasma,https://lod.nal.usda.gov/nalt/1098,,False,skos:broader; skos:narrower,
Cocadviroid,,Cocadviroid,https://lod.nal.usda.gov/nalt/26576,,False,skos:broader; skos:narrower,
Cocky apple witches'-broom phytoplasma,Cocky apple witches' broom phytoplasma,Cocky apple witches'-broom phytoplasma (Cocky apple witches' broom phytoplasma),https://lod.nal.usda.gov/nalt/1099,,False,skos:broader; skos:narrower,
Coleviroid,,Coleviroid,https://lod.nal.usda.gov/nalt/27862,,False,skos:broader; skos:narrower,
Cronartium comandrae,,Cronartium comandrae,https://lod.nal.usda.gov/nalt/30097,,False,skos:related,
Cronartium ribicola,,Cronartium ribicola,https://lod.nal.usda.gov/nalt/30101,,False,skos:related,
dead wood,dead trees; deadwood,"dead wood (dead trees, deadwood)",https://lod.nal.usda.gov/nalt/31857,,False,skos:related,
Florida Crotolaria witches'-broom phytoplasma,Florida Crotolaria witches' broom phytoplasma,Florida Crotolaria witches'-broom phytoplasma (Florida Crotolaria witches' broom phytoplasma),https://lod.nal.usda.gov/nalt/1100,,False,skos:broader; skos:narrower,
Florida periwinkle virescence phytoplasma,,Florida periwinkle virescence phytoplasma,https://lod.nal.usda.gov/nalt/1101,,False,skos:broader; skos:narrower,
Florida periwinkle witches'-broom phytoplasma,Florida periwinkle witches' broom phytoplasma,Florida periwinkle witches'-broom phytoplasma (Florida periwinkle witches' broom phytoplasma),https://lod.nal.usda.gov/nalt/1102,,False,skos:broader; skos:narrower,
Florida pigeon pea witches'-broom phytoplasma,Florida pigeon pea witches' broom phytoplasma; Florida pigeonpea witches' broom phytoplasma; Florida pigeonpea witches'-broom phytoplasma,"Florida pigeon pea witches'-broom phytoplasma (Florida pigeon pea witches' broom phytoplasma, Florida pigeonpea witches' broom phytoplasma, Florida pigeonpea witches'-broom phytoplasma)",https://lod.nal.usda.gov/nalt/1103,,False,skos:broader; skos:narrower,
forest nurseries,forest tree nurseries,forest nurseries (forest tree nurseries),https://lod.nal.usda.gov/nalt/41171,,False,skos:related,
Fragaria multicipita phytoplasma,,Fragaria multicipita phytoplasma,https://lod.nal.usda.gov/nalt/1104,,False,skos:broader; skos:narrower,
Helminthotheca echioides yellows phytoplasma,Helminthotheca echioides' yellows phytoplasma; Picris echioides yellows phytoplasma,"Helminthotheca echioides yellows phytoplasma (Helminthotheca echioides' yellows phytoplasma, Picris echioides yellows phytoplasma)",https://lod.nal.usda.gov/nalt/1113,,False,skos:broader; skos:narrower,
Honduran Gliricidia little leaf phytoplasma,,Honduran Gliricidia little leaf phytoplasma,https://lod.nal.usda.gov/nalt/1105,,False,skos:broader; skos:narrower,
Hordeum vulgare,Hordeum lagunculiforme,Hordeum vulgare (Hordeum lagunculiforme),https://lod.nal.usda.gov/nalt/15852,,False,skos:related,
Hostuviroid,,Hostuviroid,https://lod.nal.usda.gov/nalt/45827,,False,skos:broader; skos:narrower,
Italian alfalfa witches'-broom phytoplasma,Italian alfalfa witches' broom phytoplasma,Italian alfalfa witches'-broom phytoplasma (Italian alfalfa witches' broom phytoplasma),https://lod.nal.usda.gov/nalt/1106,,False,skos:broader; skos:narrower,
Knautia arvensis phyllody phytoplasma,,Knautia arvensis phyllody phytoplasma,https://lod.nal.usda.gov/nalt/1107,,False,skos:broader; skos:narrower,
ligninolytic microorganisms,,ligninolytic microorganisms,https://lod.nal.usda.gov/nalt/50053,,False,skos:related,
Mexican coconut lethal decline phytoplasma,,Mexican coconut lethal decline phytoplasma,https://lod.nal.usda.gov/nalt/1108,,False,skos:broader; skos:narrower,
muck soils,,muck soils,https://lod.nal.usda.gov/nalt/309987,,False,skos:related,
Oenothera phytoplasma,Oenothera mycoplasma-like organism,Oenothera phytoplasma (Oenothera mycoplasma-like organism),https://lod.nal.usda.gov/nalt/1109,,False,skos:broader; skos:narrower,
Palm lethal yellowing phytoplasma,Palm lethal yellowing mycoplasma-like organism,Palm lethal yellowing phytoplasma (Palm lethal yellowing mycoplasma-like organism),https://lod.nal.usda.gov/nalt/1110,,False,skos:broader; skos:narrower,
parasitic insects,,parasitic insects,https://lod.nal.usda.gov/nalt/88080,,False,skos:broader; skos:narrower,
Periwinkle little leaf phytoplasma,,Periwinkle little leaf phytoplasma,https://lod.nal.usda.gov/nalt/1111,,False,skos:broader; skos:narrower,
Picris echioides phyllody phytoplasma,,Picris echioides phyllody phytoplasma,https://lod.nal.usda.gov/nalt/1112,,False,skos:broader; skos:narrower,
Pigeon pea little leaf phytoplasma,,Pigeon pea little leaf phytoplasma,https://lod.nal.usda.gov/nalt/1114,,False,skos:broader; skos:narrower,
Pospiviroid,,Pospiviroid,https://lod.nal.usda.gov/nalt/25976,,False,skos:broader; skos:narrower,
Prunus armeniaca phytoplasma,Prunus armeniaca mycoplasma-like organism; apple proliferation MLO,"Prunus armeniaca phytoplasma (Prunus armeniaca mycoplasma-like organism, apple proliferation MLO)",https://lod.nal.usda.gov/nalt/1115,,False,skos:broader; skos:narrower,
Puccinia,,Puccinia,https://lod.nal.usda.gov/nalt/60484,,False,skos:related,
Puccinia polysora,,Puccinia polysora,https://lod.nal.usda.gov/nalt/60496,,False,skos:related,
Puccinia striiformis f. hordei,Puccinia striiformis f. sp. hordei,Puccinia striiformis f. hordei (Puccinia striiformis f. sp. hordei),https://lod.nal.usda.gov/nalt/334656,,False,skos:related,
Puccinia striiformis f. tritici,,Puccinia striiformis f. tritici,https://lod.nal.usda.gov/nalt/212254,,False,skos:related,
seed collecting,seed saving,seed collecting (seed saving),https://lod.nal.usda.gov/nalt/68364,,False,skos:related,
seed predation,granivory,seed predation (granivory),https://lod.nal.usda.gov/nalt/43657,,False,skos:related,
Sorghum bunchy shoot phytoplasma,,Sorghum bunchy shoot phytoplasma,https://lod.nal.usda.gov/nalt/1116,,False,skos:broader; skos:narrower,
Strawberry green petal phytoplasma,,Strawberry green petal phytoplasma,https://lod.nal.usda.gov/nalt/1117,,False,skos:broader; skos:narrower,
Strawberry lethal yellows phytoplasma,,Strawberry lethal yellows phytoplasma,https://lod.nal.usda.gov/nalt/1118,,False,skos:broader; skos:narrower,
Stylosanthes little leaf phytoplasma,,Stylosanthes little leaf phytoplasma,https://lod.nal.usda.gov/nalt/1119,,False,skos:broader; skos:narrower,
Sugarcane phytoplasma,,Sugarcane phytoplasma,https://lod.nal.usda.gov/nalt/1120,,False,skos:broader; skos:narrower,
Sugarcane Ramu stunt disease phytoplasma,,Sugarcane Ramu stunt disease phytoplasma,https://lod.nal.usda.gov/nalt/1121,,False,skos:broader; skos:narrower,
Sugarcane yellows phytoplasma type I,Sugarcane yellow leaf phytoplasma,Sugarcane yellows phytoplasma type I (Sugarcane yellow leaf phytoplasma),https://lod.nal.usda.gov/nalt/1122,,False,skos:broader; skos:narrower,
Sunn-hemp phyllody phytoplasma,,Sunn-hemp phyllody phytoplasma,https://lod.nal.usda.gov/nalt/1123,,False,skos:broader; skos:narrower,
Sweet potato little leaf phytoplasma,,Sweet potato little leaf phytoplasma,https://lod.nal.usda.gov/nalt/1124,,False,skos:broader; skos:narrower,
Vigna little leaf phytoplasma,,Vigna little leaf phytoplasma,https://lod.nal.usda.gov/nalt/1125,,False,skos:broader; skos:narrower,
wet deposition,atmospheric wet deposition; precipitation scavenging; wet acid deposition,"wet deposition (atmospheric wet deposition, precipitation scavenging, wet acid deposition)",https://lod.nal.usda.gov/nalt/68066,,False,skos:broader; skos:narrower,
wood dust,,wood dust,https://lod.nal.usda.gov/nalt/305693,,False,skos:related,
wood spalting,spalted wood; spalting,"wood spalting (spalted wood, spalting)",https://lod.nal.usda.gov/nalt/314628,,False,skos:related,
