row_id,legacy_row_id,fold,from,starting label,QID,label,depth,target,prediction,correct,reached,decision_source,model_depth
row0,Q11163|Q290378,4,Q11163,User Datagram Protocol,Q290378,internet standard,1,1,1,1,True,model,1
row1,Q11163|Q15836568,4,Q11163,User Datagram Protocol,Q15836568,computer network protocol,1,1,1,1,True,model,1
row2,Q11163|Q1422324,4,Q11163,User Datagram Protocol,Q1422324,Telecommunications Management Network,2,1,0,0,True,model,2
row3,Q189620|Q15836568,2,Q189620,SOAP,Q15836568,computer network protocol,1,1,1,1,True,model,1
row4,Q189620|Q3359815,2,Q189620,SOAP,Q3359815,PPPoX,2,0,0,1,True,model,2
row5,Q189620|Q8777,2,Q189620,SOAP,Q8777,Hypertext Transfer Protocol,2,1,1,1,True,model,2
row6,Q189620|Q5013874,2,Q189620,SOAP,Q5013874,CRFS (Coherent Remote File System),2,0,0,1,True,model,2
row7,Q189620|Q2622793,2,Q189620,SOAP,Q2622793,JetDirect,2,0,0,1,True,model,2
row8,Q166074|Q317623,4,Q166074,Extensible HyperText Markup Language,Q317623,technical standard,1,1,1,1,True,model,1
row9,Q166074|Q20155966,4,Q166074,Extensible HyperText Markup Language,Q20155966,XML-based format,1,1,1,1,True,model,1
row10,Q166074|Q2661442,4,Q166074,Extensible HyperText Markup Language,Q2661442,W3C Recommendation,2,1,0,0,True,model,2
row11,Q166074|Q3343904,4,Q166074,Extensible HyperText Markup Language,Q3343904,standards of Switzerland,2,0,0,1,True,model,2
row12,Q166074|Q39050366,4,Q166074,Extensible HyperText Markup Language,Q39050366,construction standard,2,0,0,1,True,model,2
row13,Q166074|Q2309650,4,Q166074,Extensible HyperText Markup Language,Q2309650,MPEG-3,2,0,0,1,True,model,2
row14,Q166074|Q12623246,4,Q166074,Extensible HyperText Markup Language,Q12623246,Korean Industrial Standards,2,0,0,1,True,model,2
row16,Q166074|Q996023,4,Q166074,Extensible HyperText Markup Language,Q996023,directory structure,2,0,0,1,True,model,2
row18,Q166074|Q1779838,4,Q166074,Extensible HyperText Markup Language,Q1779838,accounting standard,2,0,0,1,True,model,2
row19,Q166074|Q45941145,4,Q166074,Extensible HyperText Markup Language,Q45941145,data standard,2,0,0,1,True,model,2
row20,Q166074|Q52162337,4,Q166074,Extensible HyperText Markup Language,Q52162337,national standard,2,0,0,1,True,model,2
row21,Q166074|Q1091326,4,Q166074,Extensible HyperText Markup Language,Q1091326,IT security standards,2,0,0,1,True,model,2
row22,Q166074|Q375479,4,Q166074,Extensible HyperText Markup Language,Q375479,standard illuminant,2,0,0,1,True,model,2
row23,Q166074|Q2141493,4,Q166074,Extensible HyperText Markup Language,Q2141493,OpenPGP,2,0,0,1,True,model,2
row25,Q166074|Q26763979,4,Q166074,Extensible HyperText Markup Language,Q26763979,mobile phone network standard,2,0,0,1,True,model,2
row27,Q166074|Q1155472,4,Q166074,Extensible HyperText Markup Language,Q1155472,8 mm video format,2,0,0,1,True,model,2
row28,Q166074|Q290378,4,Q166074,Extensible HyperText Markup Language,Q290378,internet standard,2,1,0,0,True,model,2
row29,Q166074|Q58184783,4,Q166074,Extensible HyperText Markup Language,Q58184783,electrical connector system,2,0,0,1,True,model,2
row31,Q166074|Q576465,4,Q166074,Extensible HyperText Markup Language,Q576465,GPS eXchange Format,2,0,1,0,True,model,2
row33,Q166074|Q5100562,4,Q166074,Extensible HyperText Markup Language,Q5100562,Chinese National Standards,2,0,0,1,True,model,2
row34,Q166074|Q6313217,4,Q166074,Extensible HyperText Markup Language,Q6313217,time standard,2,0,0,1,True,model,2
row35,Q166074|Q51885764,4,Q166074,Extensible HyperText Markup Language,Q51885764,European standard,2,0,0,1,True,model,2
row36,Q341|Q49773,4,Q341,free software,Q49773,social movement,1,0,1,0,True,model,1
row37,Q341|Q17155032,4,Q341,free software,Q17155032,software category,1,1,1,1,True,model,1
row38,Q341|Q487365,4,Q341,free software,Q487365,gateway,2,0,0,1,True,model,2
row39,Q1061166|Q166142,2,Q1061166,data mart,Q166142,application,1,1,1,1,True,model,1
row40,Q1061166|Q131212,2,Q1061166,data mart,Q131212,text editor,2,0,0,1,True,model,2
row41,Q1061166|Q860676,2,Q1061166,data mart,Q860676,image viewer,2,0,0,1,True,model,2
row43,Q1061166|Q925622,2,Q1061166,data mart,Q925622,knowledge-based configuration,2,0,0,1,True,model,2
row44,Q1061166|Q30047053,2,Q1061166,data mart,Q30047053,web archive,2,0,0,1,True,model,2
row45,Q1061166|Q2115026,2,Q1061166,data mart,Q2115026,presentation program,2,0,0,1,True,model,2
row46,Q1061166|Q5227393,2,Q1061166,data mart,Q5227393,database application,2,1,0,0,True,model,2
row47,Q1061166|Q15618491,2,Q1061166,data mart,Q15618491,speech synthesis software‎,2,0,0,1,True,model,2
row48,Q1061166|Q453843,2,Q1061166,data mart,Q453843,ontology editor,2,0,0,1,True,model,2
row49,Q251212|Q151885,2,Q251212,internet of things,Q151885,concept,1,1,1,1,True,model,1
row50,Q251212|Q24457356,2,Q251212,internet of things,Q24457356,historiographical concept,2,0,0,1,True,model,2
row51,Q251212|Q21651927,2,Q251212,internet of things,Q21651927,sacred,2,0,0,1,True,model,2
row52,Q251212|Q188520,2,Q251212,internet of things,Q188520,classical element,2,0,0,1,True,model,2
row53,Q251212|Q33104279,2,Q251212,internet of things,Q33104279,philosophical concept,2,0,0,1,True,model,2
row56,Q251212|Q24339576,2,Q251212,internet of things,Q24339576,Norse concept,2,0,0,1,True,model,2
row58,Q251212|Q24034552,2,Q251212,internet of things,Q24034552,mathematical concept,2,0,0,1,True,model,2
row59,Q251212|Q131841,2,Q251212,internet of things,Q131841,idea,2,0,0,1,True,model,2
row60,Q251212|Q200230,2,Q251212,internet of things,Q200230,classical element,2,0,0,1,True,model,2
row61,Q251212|Q2890061,2,Q251212,internet of things,Q2890061,special case,2,0,0,1,True,model,2
row62,Q66175|Q340169,2,Q66175,telex,Q340169,media,1,1,1,1,True,model,1
row63,Q66175|Q3246542,2,Q66175,telex,Q3246542,Vexilloid,2,0,0,1,True,model,2
row64,Q66175|Q386274,2,Q66175,telex,Q386274,emailing,2,0,0,1,True,model,2
row65,Q66175|Q1002697,2,Q66175,telex,Q1002697,periodical,2,0,0,1,True,model,2
row66,Q66175|Q1640824,2,Q66175,telex,Q1640824,inscription,2,0,0,1,True,model,2
row67,Q66175|Q3631847,2,Q66175,telex,Q3631847,voice chat in online gaming,2,0,0,1,True,model,2
row68,Q66175|Q7189615,2,Q66175,telex,Q7189615,physical media,2,0,0,1,True,model,2
row69,Q66175|Q806880,2,Q66175,telex,Q806880,banner,2,0,0,1,True,model,2
row70,Q66175|Q11033,2,Q66175,telex,Q11033,mass media,2,0,0,1,True,model,2
row71,Q66175|Q6423319,2,Q66175,telex,Q6423319,knowledge organization system,2,0,0,1,True,model,2
row72,Q66175|Q354004,2,Q66175,telex,Q354004,audio storage device,2,0,0,1,True,model,2
row73,Q147638|Q1665984,0,Q147638,cognitive science,Q1665984,interdisciplinary science,1,1,1,1,True,model,1
row74,Q147638|Q11862829,0,Q147638,cognitive science,Q11862829,academic discipline,1,1,1,1,True,model,1
row75,Q3105497|Q3550873,1,Q3105497,gigabit,Q3550873,unit of information,1,1,1,1,True,model,1
row76,Q3105497|Q726868,1,Q3105497,gigabit,Q726868,datagram,2,0,0,1,True,model,2
row77,Q3105497|Q1999954,1,Q3105497,gigabit,Q1999954,standard page,2,0,0,1,True,model,2
row78,Q406655|Q312466,2,Q406655,AirDrop,Q312466,utility software,1,1,1,1,True,model,1
row79,Q406655|Q15544676,2,Q406655,AirDrop,Q15544676,personal computer automation software,2,0,0,1,True,model,2
row80,Q406655|Q5134353,2,Q406655,AirDrop,Q5134353,clipboard manager,2,0,0,1,True,model,2
row81,Q406655|Q1208150,2,Q406655,AirDrop,Q1208150,Diagnostic program,2,0,0,1,True,model,2
row82,Q406655|Q4839801,2,Q406655,AirDrop,Q4839801,backup software,2,0,0,1,True,model,2
row83,Q21204|Q579287,3,Q21204,International Phonetic Alphabet,Q579287,phonetic alphabet,1,1,1,1,True,model,1
row84,Q79686|Q577764,0,Q79686,Universal Mobile Telecommunications System,Q577764,communications system,1,1,1,1,True,model,1
row85,Q79686|Q50804774,0,Q79686,Universal Mobile Telecommunications System,Q50804774,Europol Platform for Experts,2,0,1,0,True,model,2
row87,Q79686|Q5264354,0,Q79686,Universal Mobile Telecommunications System,Q5264354,design language,2,0,1,0,True,model,2
row88,Q79686|Q13425103,0,Q79686,Universal Mobile Telecommunications System,Q13425103,communication network,2,1,1,1,True,model,2
row89,Q79686|Q15907309,0,Q79686,Universal Mobile Telecommunications System,Q15907309,Law Enforcement Online,2,0,1,0,True,model,2
row90,Q79686|Q15360302,0,Q79686,Universal Mobile Telecommunications System,Q15360302,mobile network,3,1,1,1,True,model,3
row91,Q79686|Q535695,0,Q79686,Universal Mobile Telecommunications System,Q535695,cellular network,4,1,1,1,True,model,4
row92,Q1394796|Q151885,4,Q1394796,false acceptance rate,Q151885,concept,1,1,1,1,True,model,1
row93,Q1394796|Q24457356,4,Q1394796,false acceptance rate,Q24457356,historiographical concept,2,0,0,1,True,model,2
row94,Q1394796|Q21651927,4,Q1394796,false acceptance rate,Q21651927,sacred,2,0,0,1,True,model,2
row95,Q1394796|Q33104279,4,Q1394796,false acceptance rate,Q33104279,philosophical concept,2,0,0,1,True,model,2
row98,Q1394796|Q24339576,4,Q1394796,false acceptance rate,Q24339576,Norse concept,2,0,0,1,True,model,2
row100,Q1394796|Q131841,4,Q1394796,false acceptance rate,Q131841,idea,2,0,0,1,True,model,2
row101,Q1394796|Q200230,4,Q1394796,false acceptance rate,Q200230,classical element,2,0,0,1,True,model,2
row102,Q1394796|Q2890061,4,Q1394796,false acceptance rate,Q2890061,special case,2,0,0,1,True,model,2
row103,Q80535|Q20819677,3,Q80535,MIDI,Q20819677,technical specification,1,1,1,1,True,model,1
row104,Q80535|Q132364,3,Q80535,MIDI,Q132364,communication protocol,1,1,1,1,True,model,1
row105,Q80535|Q28858025,3,Q80535,MIDI,Q28858025,Word (.doc) Binary File Format,2,0,0,1,True,model,2
row106,Q80535|Q58182284,3,Q80535,MIDI,Q58182284,USB specification,2,0,0,1,True,model,2
row107,Q80535|Q28858054,3,Q80535,MIDI,Q28858054,Excel Binary File Format (.xls) Structure,2,0,0,1,True,model,2
row108,Q80535|Q974922,3,Q80535,MIDI,Q974922,Web Map Service,2,0,0,1,True,model,2
row109,Q80535|Q6045205,3,Q80535,MIDI,Q6045205,Interaction protocol,2,1,0,0,True,model,2
row110,Q80535|Q4825885,3,Q80535,MIDI,Q4825885,authentication protocol,2,0,0,1,True,model,2
row111,Q80535|Q5004612,3,Q80535,MIDI,Q5004612,byte-oriented protocol,2,1,0,0,True,model,2
row112,Q80535|Q7598414,3,Q80535,MIDI,Q7598414,Standards And Recommended Practices,2,1,0,0,True,model,2
row113,Q80535|Q29053484,3,Q80535,MIDI,Q29053484,PowerPoint (.ppt) Binary File Format,2,0,0,1,True,model,2
row115,Q80535|Q165194,3,Q80535,MIDI,Q165194,application programming interface,2,0,0,1,True,model,2
row116,Q80535|Q133862,3,Q80535,MIDI,Q133862,BitTorrent,2,0,0,1,True,model,2
row117,Q80535|Q60738905,3,Q80535,MIDI,Q60738905,Legacy Plug and Play,2,0,0,1,True,model,2
row118,Q80535|Q235557,3,Q80535,MIDI,Q235557,file format,2,1,0,0,True,model,2
row119,Q14149|Q15836568,1,Q14149,Internet Group Management Protocol,Q15836568,computer network protocol,1,1,1,1,True,model,1
row120,Q14149|Q8795,1,Q14149,Internet Group Management Protocol,Q8795,Internet Protocol,2,1,0,0,True,model,2
row121,Q14149|Q8777,1,Q14149,Internet Group Management Protocol,Q8777,Hypertext Transfer Protocol,2,0,0,1,True,model,2
row122,Q14149|Q5013874,1,Q14149,Internet Group Management Protocol,Q5013874,CRFS (Coherent Remote File System),2,0,0,1,True,model,2
row124,Q14149|Q3359815,1,Q14149,Internet Group Management Protocol,Q3359815,PPPoX,2,0,0,1,True,model,2
row125,Q14149|Q1128629,1,Q14149,Internet Group Management Protocol,Q1128629,content negotiation,2,0,0,1,True,model,2
row126,Q14149|Q81414,1,Q14149,Internet Group Management Protocol,Q81414,Internet protocol suite,2,1,1,1,True,model,2
row127,Q14149|Q1422324,1,Q14149,Internet Group Management Protocol,Q1422324,Telecommunications Management Network,2,1,0,0,True,model,2
row128,Q14149|Q2622793,1,Q14149,Internet Group Management Protocol,Q2622793,JetDirect,2,0,0,1,True,model,2
row130,Q14149|Q1648707,1,Q14149,Internet Group Management Protocol,Q1648707,routing protocol,2,1,0,0,True,model,2
row131,Q221682|Q1799072,2,Q221682,semaphore,Q1799072,method,1,1,1,1,True,model,1
row132,Q221682|Q603944,2,Q221682,semaphore,Q603944,data transformation,2,0,0,1,True,model,2
row133,Q221682|Q2497892,2,Q221682,semaphore,Q2497892,colorimetry,2,0,0,1,True,model,2
row134,Q221682|Q830382,2,Q221682,semaphore,Q830382,best practice,2,0,0,1,True,model,2
row135,Q221682|Q3406136,2,Q221682,semaphore,Q3406136,ProMES,2,0,0,1,True,model,2
row136,Q221682|Q23656961,2,Q221682,semaphore,Q23656961,storage,2,0,0,1,True,model,2
row137,Q221682|Q339091,2,Q221682,semaphore,Q339091,Peshat,2,0,0,1,True,model,2
row138,Q221682|Q49906,2,Q221682,semaphore,Q49906,sample,2,0,0,1,True,model,2
row139,Q221682|Q216177,2,Q221682,semaphore,Q216177,social bookmarking,2,0,0,1,True,model,2
row140,Q221682|Q4371075,2,Q221682,semaphore,Q4371075,Graphene production techniques,2,0,0,1,True,model,2
row141,Q221682|Q393303,2,Q221682,semaphore,Q393303,Aggregate Method,2,0,0,1,True,model,2
row142,Q221682|Q7234837,2,Q221682,semaphore,Q7234837,potentially all pairwise rankings of all possible alternatives,2,0,0,1,True,model,2
row143,Q221682|Q46857,2,Q221682,semaphore,Q46857,scientific method,2,0,0,1,True,model,2
row144,Q221682|Q105769,2,Q221682,semaphore,Q105769,systematics,2,0,0,1,True,model,2
row145,Q221682|Q3151680,2,Q221682,semaphore,Q3151680,instanciation,2,0,0,1,True,model,2
row146,Q221682|Q1847896,2,Q221682,semaphore,Q1847896,phasing method,2,0,0,1,True,model,2
row147,Q221682|Q2331011,2,Q221682,semaphore,Q2331011,propaganda technique,2,0,0,1,True,model,2
row148,Q221682|Q4291913,2,Q221682,semaphore,Q4291913,technics,2,0,0,1,True,model,2
row149,Q221682|Q1420867,2,Q221682,semaphore,Q1420867,Eddy-current testing,2,0,0,1,True,model,2
row150,Q221682|Q3494253,2,Q221682,semaphore,Q3494253,scrum sprint,2,0,0,1,True,model,2
row151,Q221682|Q1929999,2,Q221682,semaphore,Q1929999,hydrogen production process,2,0,0,1,True,model,2
row152,Q221682|Q827149,2,Q221682,semaphore,Q827149,sociometry,2,0,0,1,True,model,2
row153,Q221682|Q15169167,2,Q221682,semaphore,Q15169167,execution method,2,0,0,1,True,model,2
row154,Q221682|Q18199114,2,Q221682,semaphore,Q18199114,algebraic construction,2,0,0,1,True,model,2
row155,Q221682|Q17008186,2,Q221682,semaphore,Q17008186,Cognitive strategy,2,0,0,1,True,model,2
row156,Q221682|Q12718609,2,Q221682,semaphore,Q12718609,statistical analysis,2,0,0,1,True,model,2
row157,Q221682|Q781492,2,Q221682,semaphore,Q781492,optogenetics,2,0,0,1,True,model,2
row158,Q221682|Q5581556,2,Q221682,semaphore,Q5581556,task farming,2,0,0,1,True,model,2
row159,Q221682|Q26883106,2,Q221682,semaphore,Q26883106,finely chopped,2,0,0,1,True,model,2
row161,Q221682|Q48746328,2,Q221682,semaphore,Q48746328,Kabyle smile,2,0,0,1,True,model,2
row162,Q221682|Q5347270,2,Q221682,semaphore,Q5347270,effective method,2,0,0,1,True,model,2
row163,Q221682|Q26879200,2,Q221682,semaphore,Q26879200,biochemistry method,2,0,0,1,True,model,2
row164,Q221682|Q29477614,2,Q221682,semaphore,Q29477614,method of dissipating heat,2,0,0,1,True,model,2
row165,Q221682|Q5341294,2,Q221682,semaphore,Q5341294,educational measurement,2,0,0,1,True,model,2
row166,Q221682|Q1368455,2,Q221682,semaphore,Q1368455,opt-out,2,0,0,1,True,model,2
row167,Q221682|Q81009,2,Q221682,semaphore,Q81009,rhetoric,2,0,0,1,True,model,2
row169,Q221682|Q1438073,2,Q221682,semaphore,Q1438073,research method,2,0,0,1,True,model,2
row170,Q221682|Q339466,2,Q221682,semaphore,Q339466,Accounting method,2,0,0,1,True,model,2
row171,Q221682|Q4116218,2,Q221682,semaphore,Q4116218,conversion of scripts,2,0,0,1,True,model,2
row172,Q221682|Q7186193,2,Q221682,semaphore,Q7186193,philosophical method,2,0,0,1,True,model,2
row173,Q221682|Q6786863,2,Q221682,semaphore,Q6786863,mathematical methods in electronics,2,0,0,1,True,model,2
row174,Q221682|Q115646,2,Q221682,semaphore,Q115646,Newton polygon,2,0,0,1,True,model,2
row175,Q221682|Q24262840,2,Q221682,semaphore,Q24262840,numerical method,2,0,0,1,True,model,2
row176,Q336284|Q1144899,4,Q336284,MPEG-1,Q1144899,broadcast television system,1,1,1,1,True,model,1
row177,Q336284|Q235557,4,Q336284,MPEG-1,Q235557,file format,1,1,1,1,True,model,1
row178,Q336284|Q287067,4,Q336284,MPEG-1,Q287067,ABC notation,2,0,0,1,True,model,2
row179,Q336284|Q2043680,4,Q336284,MPEG-1,Q2043680,PAL-60,2,1,0,0,True,model,2
row180,Q336284|Q28846076,4,Q336284,MPEG-1,Q28846076,Classification Results File Format,2,0,0,1,True,model,2
row181,Q336284|Q1224822,4,Q336284,MPEG-1,Q1224822,Digital Terrain Elevation Data,2,0,0,1,True,model,2
row182,Q336284|Q5227180,4,Q336284,MPEG-1,Q5227180,Data Interchange Format,2,0,0,1,True,model,2
row183,Q336284|Q467454,4,Q336284,MPEG-1,Q467454,Rich Text Format,2,0,0,1,True,model,2
row184,Q336284|Q223535,4,Q336284,MPEG-1,Q223535,Matroska,2,1,0,0,True,model,2
row185,Q336284|Q2043676,4,Q336284,MPEG-1,Q2043676,PAL-50,2,1,0,0,True,model,2
row187,Q115637|Q853614,1,Q115637,Mobile Station Roaming Number,Q853614,identifier,1,1,1,1,True,model,1
row189,Q115637|Q54975531,1,Q115637,Mobile Station Roaming Number,Q54975531,incorrect identifier value,2,0,0,1,True,model,2
row191,Q115637|Q4392007,1,Q115637,Mobile Station Roaming Number,Q4392007,registration number,2,0,0,1,True,model,2
row192,Q115637|Q369494,1,Q115637,Mobile Station Roaming Number,Q369494,Joint Electronics Type Designation System,2,0,0,1,True,model,2
row193,Q115637|Q1649137,1,Q115637,Mobile Station Roaming Number,Q1649137,Society Reference Catalogue,2,0,0,1,True,model,2
row195,Q115637|Q1268470,1,Q115637,Mobile Station Roaming Number,Q1268470,product key,2,0,0,1,True,model,2
row196,Q115637|Q1541645,1,Q115637,Mobile Station Roaming Number,Q1541645,process identifier,2,0,0,1,True,model,2
row199,Q850661|Q3839507,4,Q850661,XQuery,Q3839507,functional programming language,1,1,1,1,True,model,1
row200,Q850661|Q845739,4,Q850661,XQuery,Q845739,query language,1,1,1,1,True,model,1
row201,Q850661|Q47607,4,Q850661,XQuery,Q47607,Structured Query Language,2,1,1,1,True,model,2
row202,Q850661|Q60551191,4,Q850661,XQuery,Q60551191,graph query language,2,1,1,1,True,model,2
row203,Q850661|Q7263491,4,Q850661,XQuery,Q7263491,information retrieval query language,2,1,1,1,True,model,2
row204,Q850661|Q17092833,4,Q850661,XQuery,Q17092833,Jaql,2,1,1,1,True,model,2
row205,Q850661|Q3459982,4,Q850661,XQuery,Q3459982,SQL:2011,3,1,1,1,True,model,3
row206,Q850661|Q28941000,4,Q850661,XQuery,Q28941000,SQL:2016,3,1,1,1,True,model,3
row207,Q850661|Q4048871,4,Q850661,XQuery,Q4048871,SQL-92,3,1,1,1,True,model,3
row208,Q850661|Q7392729,4,Q850661,XQuery,Q7392729,SQL:2006,3,1,1,1,True,model,3
row209,Q850661|Q5854085,4,Q850661,XQuery,Q5854085,FSQL,3,1,1,1,True,model,3
row210,Q850661|Q2063791,4,Q850661,XQuery,Q2063791,SQL:2008,3,1,1,1,True,model,3
row211,Q850661|Q4048881,4,Q850661,XQuery,Q4048881,SQL:2003,3,1,1,1,True,model,3
row212,Q850661|Q2025506,4,Q850661,XQuery,Q2025506,OpenSQL,3,1,1,1,True,model,3
row213,Q850661|Q6138701,4,Q850661,XQuery,Q6138701,RDF query language,3,1,1,1,True,model,3
row214,Q850661|Q4048878,4,Q850661,XQuery,Q4048878,SQL:1999,3,1,1,1,True,model,3
row215,Q850661|Q28163355,4,Q850661,XQuery,Q28163355,SQL-86,3,1,1,1,True,model,3
row216,Q850661|Q28163046,4,Q850661,XQuery,Q28163046,SQL-89,3,1,1,1,True,model,3
row217,Q104534|Q317623,1,Q104534,digital subscriber line,Q317623,technical standard,1,1,1,1,True,model,1
row218,Q104534|Q11016,1,Q104534,digital subscriber line,Q11016,technology,1,1,1,1,True,model,1
row219,Q104534|Q1780543,1,Q104534,digital subscriber line,Q1780543,communication technology,2,1,0,0,True,model,2
row220,Q104534|Q2309650,1,Q104534,digital subscriber line,Q2309650,MPEG-3,2,0,0,1,True,model,2
row223,Q104534|Q375479,1,Q104534,digital subscriber line,Q375479,standard illuminant,2,0,0,1,True,model,2
row224,Q104534|Q11362401,1,Q104534,digital subscriber line,Q11362401,International standard,2,1,0,0,True,model,2
row225,Q104534|Q6887246,1,Q104534,digital subscriber line,Q6887246,mobile technology,2,1,0,0,True,model,2
row226,Q104534|Q5268834,1,Q104534,digital subscriber line,Q5268834,information and communications technology,2,1,0,0,True,model,2
row227,Q104534|Q51885764,1,Q104534,digital subscriber line,Q51885764,European standard,2,1,0,0,True,model,2
row229,Q44395|Q4173969,4,Q44395,pascal,Q4173969,unit of pressure,1,1,1,1,True,model,1
row232,Q44395|Q208469,4,Q44395,pascal,Q208469,SI derived unit,1,1,1,1,True,model,1
row233,Q44395|Q23808078,4,Q44395,pascal,Q23808078,Field  power  and root-power quantities,2,0,0,1,True,model,2
row237,Q9353697|Q577764,2,Q9353697,TFTS,Q577764,communications system,1,1,1,1,True,model,1
row238,Q9353697|Q50804774,2,Q9353697,TFTS,Q50804774,Europol Platform for Experts,2,0,0,1,True,model,2
row240,Q9353697|Q5264354,2,Q9353697,TFTS,Q5264354,design language,2,0,0,1,True,model,2
row241,Q9353697|Q13425103,2,Q9353697,TFTS,Q13425103,communication network,2,1,0,0,True,model,2
row242,Q9353697|Q26836373,2,Q9353697,TFTS,Q26836373,Europol Information System,2,0,0,1,True,model,2
row243,Q9353697|Q1139744,2,Q9353697,TFTS,Q1139744,emergency communication system,2,1,0,0,True,model,2
row244,Q9353697|Q1068715,2,Q9353697,TFTS,Q1068715,telecommunications network,2,1,0,0,True,model,2
row245,Q9353697|Q15907309,2,Q9353697,TFTS,Q15907309,Law Enforcement Online,2,0,0,1,True,model,2
row246,Q9353697|Q15057100,2,Q9353697,TFTS,Q15057100,broadband Internet access,3,1,0,0,False,bfs_auto_prune,
row247,Q9353697|Q75,2,Q9353697,TFTS,Q75,Internet,3,1,0,0,False,bfs_auto_prune,
row248,Q9353697|Q1120452,2,Q9353697,TFTS,Q1120452,communications-based train control,3,1,0,0,False,bfs_auto_prune,
row249,Q9353697|Q1301371,2,Q9353697,TFTS,Q1301371,computer network,3,1,0,0,False,bfs_auto_prune,
row250,Q9353697|Q141683,2,Q9353697,TFTS,Q141683,broadcast network,3,1,0,0,False,bfs_auto_prune,
row251,Q9353697|Q2354216,2,Q9353697,TFTS,Q2354216,telephone network,3,1,0,0,False,bfs_auto_prune,
row252,Q9353697|Q5570871,2,Q9353697,TFTS,Q5570871,global network,3,1,0,0,False,bfs_auto_prune,
row253,Q9353697|Q15360302,2,Q9353697,TFTS,Q15360302,mobile network,3,1,0,0,False,bfs_auto_prune,
row254,Q9353697|Q6055991,2,Q9353697,TFTS,Q6055991,Internet in the United States,4,0,0,1,False,bfs_auto_prune,
row255,Q9353697|Q1324289,2,Q9353697,TFTS,Q1324289,home network,4,0,0,1,False,bfs_auto_prune,
row256,Q9353697|Q206637,2,Q9353697,TFTS,Q206637,computer cluster,4,0,0,1,False,bfs_auto_prune,
row257,Q9353697|Q79984,2,Q9353697,TFTS,Q79984,Ethernet,4,0,0,1,False,bfs_auto_prune,
row258,Q212327|Q1043076,4,Q212327,Document Type Definition,Q1043076,XML schema,1,1,1,1,True,model,1
row259,Q176165|Q17155032,1,Q176165,database management system,Q17155032,software category,1,1,1,1,True,model,1
row260,Q176165|Q907342,1,Q176165,database management system,Q907342,compatibility layer,2,0,0,1,True,model,2
row261,Q176165|Q28168011,1,Q176165,database management system,Q28168011,X server,2,0,0,1,True,model,2
row262,Q176165|Q1074158,1,Q176165,database management system,Q1074158,educational software,2,0,0,1,True,model,2
row263,Q176165|Q487365,1,Q176165,database management system,Q487365,gateway,2,0,0,1,True,model,2
row264,Q176165|Q1727373,1,Q176165,database management system,Q1727373,lint,2,0,0,1,True,model,2
row265,Q176165|Q1756442,1,Q176165,database management system,Q1756442,LR parser,2,0,0,1,True,model,2
row266,Q176165|Q643876,1,Q176165,database management system,Q643876,Virtual printer,2,0,0,1,True,model,2
row267,Q176165|Q570871,1,Q176165,database management system,Q570871,email client,2,0,0,1,True,model,2
row268,Q176165|Q28057030,1,Q176165,database management system,Q28057030,ERP software,2,0,0,1,True,model,2
row269,Q176165|Q3077240,1,Q176165,database management system,Q3077240,forge,2,0,0,1,True,model,2
row270,Q176165|Q15079042,1,Q176165,database management system,Q15079042,spaced repetition software,2,0,0,1,True,model,2
row272,Q42378|Q6046311,4,Q42378,Universal Serial Bus,Q6046311,interface standard,1,1,1,1,True,model,1
row273,Q42378|Q385853,4,Q42378,Universal Serial Bus,Q385853,de facto standard,1,1,1,1,True,model,1
row274,Q42378|Q5655515,4,Q42378,Universal Serial Bus,Q5655515,drive interface,2,1,0,0,True,model,2
row275,Q42378|Q178048,4,Q42378,Universal Serial Bus,Q178048,bus,2,1,1,1,True,model,2
row276,Q42378|Q132364,4,Q42378,Universal Serial Bus,Q132364,communication protocol,2,1,1,1,True,model,2
row277,Q42378|Q4524036,4,Q42378,Universal Serial Bus,Q4524036,expansion bus,3,1,1,1,True,model,3
row278,Q42378|Q230360,4,Q42378,Universal Serial Bus,Q230360,Parallel ATA,3,1,0,0,False,bfs_auto_prune,
row279,Q42378|Q7168699,4,Q42378,Universal Serial Bus,Q7168699,peripheral bus,3,1,1,1,True,model,3
row280,Q42378|Q911682,4,Q42378,Universal Serial Bus,Q911682,address bus,3,1,1,1,True,model,3
row281,Q42378|Q21078287,4,Q42378,Universal Serial Bus,Q21078287,serial bus,3,1,1,1,True,model,3
row282,Q42378|Q5514543,4,Q42378,Universal Serial Bus,Q5514543,GSC bus,3,1,1,1,True,model,3
row283,Q42378|Q48739515,4,Q42378,Universal Serial Bus,Q48739515,U.2,3,0,1,0,True,model,3
row284,Q42378|Q21078294,4,Q42378,Universal Serial Bus,Q21078294,parallel bus,3,1,1,1,True,model,3
row285,Q42378|Q742323,4,Q42378,Universal Serial Bus,Q742323,back-side bus,3,1,1,1,True,model,3
row286,Q42378|Q2928673,4,Q42378,Universal Serial Bus,Q2928673,data bus,3,1,1,1,True,model,3
row288,Q42378|Q4038774,4,Q42378,Universal Serial Bus,Q4038774,Fireplane,3,0,1,0,True,model,3
row289,Q42378|Q1867168,4,Q42378,Universal Serial Bus,Q1867168,Local Interconnect Network,4,0,1,0,True,model,4
row290,Q20514253|Q151885,2,Q20514253,blockchain,Q151885,concept,1,1,1,1,True,model,1
row291,Q20514253|Q24457356,2,Q20514253,blockchain,Q24457356,historiographical concept,2,0,0,1,True,model,2
row292,Q20514253|Q61000422,2,Q20514253,blockchain,Q61000422,identity lane,2,0,0,1,True,model,2
row293,Q20514253|Q33104129,2,Q20514253,blockchain,Q33104129,sociological concept,2,0,0,1,True,model,2
row294,Q20514253|Q33104279,2,Q20514253,blockchain,Q33104279,philosophical concept,2,0,0,1,True,model,2
row297,Q20514253|Q24339576,2,Q20514253,blockchain,Q24339576,Norse concept,2,0,0,1,True,model,2
row299,Q20514253|Q131841,2,Q20514253,blockchain,Q131841,idea,2,0,0,1,True,model,2
row300,Q20514253|Q200230,2,Q20514253,blockchain,Q200230,classical element,2,0,0,1,True,model,2
row301,Q20514253|Q4386060,2,Q20514253,blockchain,Q4386060,cognitive architecture,2,0,0,1,True,model,2
row302,Q20514253|Q2890061,2,Q20514253,blockchain,Q2890061,special case,2,0,0,1,True,model,2
row303,Q20514253|Q21651927,2,Q20514253,blockchain,Q21651927,sacred,2,0,0,1,True,model,2
row304,Q20514253|Q17737,2,Q20514253,blockchain,Q17737,theory,2,0,0,1,True,model,2
row305,Q20514253|Q188520,2,Q20514253,blockchain,Q188520,classical element,2,0,0,1,True,model,2
row307,Q20514253|Q1969448,2,Q20514253,blockchain,Q1969448,term,2,0,0,1,True,model,2
row308,Q20514253|Q14944328,2,Q20514253,blockchain,Q14944328,example,2,0,0,1,True,model,2
row309,Q20514253|Q3033600,2,Q20514253,blockchain,Q3033600,public trust doctrine,2,0,0,1,True,model,2
row310,Q20514253|Q24034552,2,Q20514253,blockchain,Q24034552,mathematical concept,2,0,0,1,True,model,2
row311,Q627335|Q1914636,0,Q627335,workflow,Q1914636,activity,1,1,1,1,True,model,1
row312,Q627335|Q28520605,0,Q627335,workflow,Q28520605,procedure,1,1,1,1,True,model,1
row313,Q627335|Q155930,0,Q627335,workflow,Q155930,maritime transport,2,0,0,1,True,model,2
row314,Q627335|Q1043452,0,Q627335,workflow,Q1043452,maintenance,2,0,0,1,True,model,2
row315,Q627335|Q4393178,0,Q627335,workflow,Q4393178,ship repair,2,0,0,1,True,model,2
row316,Q627335|Q1479406,0,Q627335,workflow,Q1479406,preservation,2,0,0,1,True,model,2
row317,Q627335|Q21013308,0,Q627335,workflow,Q21013308,timing,2,0,0,1,True,model,2
row318,Q627335|Q830382,0,Q627335,workflow,Q830382,best practice,2,0,0,1,True,model,2
row319,Q627335|Q1639895,0,Q627335,workflow,Q1639895,legalization,2,0,0,1,True,model,2
row320,Q627335|Q780654,0,Q627335,workflow,Q780654,skinning,2,0,0,1,True,model,2
row321,Q627335|Q22270382,0,Q627335,workflow,Q22270382,swimming,2,0,0,1,True,model,2
row322,Q627335|Q7316611,0,Q627335,workflow,Q7316611,retail loss prevention,2,0,0,1,True,model,2
row323,Q627335|Q14226735,0,Q627335,workflow,Q14226735,New York City with children,2,0,0,1,True,model,2
row325,Q627335|Q11861237,0,Q627335,workflow,Q11861237,administrative procedure,2,0,0,1,True,model,2
row326,Q627335|Q7708485,0,Q627335,workflow,Q7708485,textile process,2,0,0,1,True,model,2
row327,Q627335|Q5152592,0,Q627335,workflow,Q5152592,commercialization,2,0,0,1,True,model,2
row328,Q627335|Q34577,0,Q627335,workflow,Q34577,poaching,2,0,0,1,True,model,2
row329,Q627335|Q933054,0,Q627335,workflow,Q933054,election monitoring,2,0,0,1,True,model,2
row330,Q627335|Q55109212,0,Q627335,workflow,Q55109212,retirement,2,0,0,1,True,model,2
row331,Q627335|Q47041624,0,Q627335,workflow,Q47041624,combat operations,2,0,0,1,True,model,2
row332,Q627335|Q5179254,0,Q627335,workflow,Q5179254,covering a base,2,0,0,1,True,model,2
row333,Q627335|Q11379765,0,Q627335,workflow,Q11379765,patrol,2,0,0,1,True,model,2
row334,Q627335|Q1908849,0,Q627335,workflow,Q1908849,job-hopping,2,0,0,1,True,model,2
row335,Q627335|Q16944487,0,Q627335,workflow,Q16944487,waiting,2,0,0,1,True,model,2
row336,Q54837|Q121182,3,Q54837,Semantic Web,Q121182,information system,1,1,1,1,True,model,1
row337,Q11422650|Q4830453,2,Q11422650,Kokusai Denshin Denwa,Q4830453,business,1,1,1,1,True,model,1
row338,Q11422650|Q220142,2,Q11422650,Kokusai Denshin Denwa,Q220142,pet store,2,0,0,1,True,model,2
row340,Q11422650|Q16968466,2,Q11422650,Kokusai Denshin Denwa,Q16968466,regional health authority,2,0,0,1,True,model,2
row341,Q11661|Q8148,3,Q11661,information technology,Q8148,industry,1,1,1,1,True,model,1
row342,Q11661|Q11862829,3,Q11661,information technology,Q11862829,academic discipline,1,1,1,1,True,model,1
row343,Q11661|Q2465832,3,Q11661,information technology,Q2465832,branch of science,1,1,1,1,True,model,1
row346,Q11661|Q20102756,3,Q11661,information technology,Q20102756,Andreu World,2,0,0,1,True,model,2
row347,Q11661|Q57204579,3,Q11661,information technology,Q57204579,social ecology,2,0,0,1,True,model,2
row349,Q11661|Q28598684,3,Q11661,information technology,Q28598684,branch of biology,2,0,0,1,True,model,2
row351,Q11661|Q3754526,3,Q11661,information technology,Q3754526,administration,2,0,0,1,True,model,2
row352,Q11661|Q1903919,3,Q11661,information technology,Q1903919,porcelain and ceramic industry,2,0,0,1,True,model,2
row353,Q11661|Q2001056,3,Q11661,information technology,Q2001056,land management,2,0,0,1,True,model,2
row355,Q11661|Q1979901,3,Q11661,information technology,Q1979901,perfumery,2,0,0,1,True,model,2
row358,Q11661|Q60310061,3,Q11661,information technology,Q60310061,branch of theology,2,0,0,1,True,model,2
row359,Q11661|Q6028209,3,Q11661,information technology,Q6028209,industry of Iran,2,0,0,1,True,model,2
row360,Q11661|Q1368144,3,Q11661,information technology,Q1368144,Esperantology,2,0,0,1,True,model,2
row361,Q11661|Q1136351,3,Q11661,information technology,Q1136351,information industry,2,1,0,0,True,model,2
row362,Q11661|Q12015335,3,Q11661,information technology,Q12015335,branch of engineering,2,1,0,0,True,model,2
row363,Q11661|Q6168352,3,Q11661,information technology,Q6168352,jazz education,2,0,0,1,True,model,2
row364,Q11661|Q7284249,3,Q11661,information technology,Q7284249,Railway equipment industry in the People's Republic of China,2,0,0,1,True,model,2
row365,Q1115586|Q2872764,2,Q1115586,National Commission on Informatics and Liberty,Q2872764,French independent administrative authority,1,1,1,1,True,model,1
row366,Q1115586|Q55499415,2,Q1115586,National Commission on Informatics and Liberty,Q55499415,data protection supervisory authority,1,1,1,1,True,model,1
row367,Q1115586|Q18558685,2,Q1115586,National Commission on Informatics and Liberty,Q18558685,French independent public authority,2,1,0,0,True,model,2
row368,Q1115586|Q1802121,2,Q1115586,National Commission on Informatics and Liberty,Q1802121,State Commissioner for Data Protection,2,1,0,0,True,model,2
row369,Q185796|Q1144899,3,Q185796,NTSC,Q1144899,broadcast television system,1,1,1,1,True,model,1
row370,Q185796|Q2043676,3,Q185796,NTSC,Q2043676,PAL-50,2,1,0,0,True,model,2
row372,Q185796|Q2043680,3,Q185796,NTSC,Q2043680,PAL-60,2,1,0,0,True,model,2
row373,Q753479|Q15836568,0,Q753479,Bootstrap protocol,Q15836568,computer network protocol,1,1,1,1,True,model,1
row374,Q753479|Q3359815,0,Q753479,Bootstrap protocol,Q3359815,PPPoX,2,0,0,1,True,model,2
row375,Q753479|Q8777,0,Q753479,Bootstrap protocol,Q8777,Hypertext Transfer Protocol,2,0,0,1,True,model,2
row376,Q753479|Q5013874,0,Q753479,Bootstrap protocol,Q5013874,CRFS (Coherent Remote File System),2,0,0,1,True,model,2
row377,Q753479|Q2622793,0,Q753479,Bootstrap protocol,Q2622793,JetDirect,2,0,0,1,True,model,2
row378,Q191342|Q9143,0,Q191342,LAMP,Q9143,programming language,1,1,1,1,True,model,1
row379,Q191342|Q506883,0,Q191342,LAMP,Q506883,free and open-source software,1,1,1,1,True,model,1
row380,Q191342|Q4117397,0,Q191342,LAMP,Q4117397,systems programming language,2,0,1,0,True,model,2
row382,Q191342|Q28920117,0,Q191342,LAMP,Q28920117,structured programming language,2,0,1,0,True,model,2
row383,Q191342|Q28920181,0,Q191342,LAMP,Q28920181,dataflow programming language,2,0,1,0,True,model,2
row384,Q191342|Q28923013,0,Q191342,LAMP,Q28923013,inductive logic programming language,2,0,1,0,True,model,2
row385,Q191342|Q7998546,0,Q191342,LAMP,Q7998546,wide-spectrum language,2,0,1,0,True,model,2
row386,Q191342|Q28920795,0,Q191342,LAMP,Q28920795,function-level language,2,0,1,0,True,model,2
row387,Q1363408|Q2674461,1,Q1363408,5G,Q2674461,mobile phone generation,1,1,1,1,True,model,1
row388,Q816432|Q28640,2,Q816432,project manager,Q28640,profession,1,1,1,1,True,model,1
row389,Q816432|Q4164871,2,Q816432,project manager,Q4164871,position,1,1,1,1,True,model,1
row390,Q816432|Q1863649,2,Q816432,project manager,Q1863649,side job,2,0,0,1,True,model,2
row391,Q816432|Q28172535,2,Q816432,project manager,Q28172535,Mayor of Peshawar,2,0,0,1,True,model,2
row392,Q816432|Q1207353,2,Q816432,project manager,Q1207353,head of department,2,1,0,0,True,model,2
row394,Q816432|Q56654120,2,Q816432,project manager,Q56654120,superintendent of Recreio e Vargens,2,0,0,1,True,model,2
row395,Q816432|Q1766113,2,Q816432,project manager,Q1766113,lighthouse keeper,2,0,0,1,True,model,2
row396,Q816432|Q56604690,2,Q816432,project manager,Q56604690,textile profession,2,0,0,1,True,model,2
row397,Q816432|Q60028304,2,Q816432,project manager,Q60028304,Lieutenant Governors of Brazil,2,0,0,1,True,model,2
row402,Q816432|Q7201527,2,Q816432,project manager,Q7201527,plant operator,2,0,0,1,True,model,2
row405,Q816432|Q49838176,2,Q816432,project manager,Q49838176,executives of counties in Maryland,2,0,0,1,True,model,2
row406,Q816432|Q303618,2,Q816432,project manager,Q303618,diplomatic rank,2,0,0,1,True,model,2
row407,Q816432|Q1276214,2,Q816432,project manager,Q1276214,European Union Special Representative,2,0,0,1,True,model,2
row409,Q816432|Q13365589,2,Q816432,project manager,Q13365589,principal,2,0,0,1,True,model,2
row411,Q816432|Q2937346,2,Q816432,project manager,Q2937346,Capitão do donatário,2,0,0,1,True,model,2
row412,Q816432|Q30682903,2,Q816432,project manager,Q30682903,data protection officer,2,1,0,0,True,model,2
row414,Q816432|Q29512034,2,Q816432,project manager,Q29512034,list of ambassadors of the European Union,2,0,0,1,True,model,2
row415,Q816432|Q11938128,2,Q816432,project manager,Q11938128,Mutasarrıf,2,0,0,1,True,model,2
row418,Q816432|Q59289676,2,Q816432,project manager,Q59289676,Chief of staff of the French Ministry of the Interior,2,0,0,1,True,model,2
row419,Q816432|Q47529145,2,Q816432,project manager,Q47529145,Stationsleiter,2,0,0,1,True,model,2
row421,Q816432|Q3922583,2,Q816432,project manager,Q3922583,health profession,2,0,0,1,True,model,2
row422,Q816432|Q2133201,2,Q816432,project manager,Q2133201,Procureur du Bien Public,2,0,0,1,True,model,2
row424,Q816432|Q15894241,2,Q816432,project manager,Q15894241,assistant commissioner,2,0,0,1,True,model,2
row426,Q816432|Q11452125,2,Q816432,project manager,Q11452125,East Asian government service,2,0,0,1,True,model,2
row427,Q816432|Q24884545,2,Q816432,project manager,Q24884545,engineering controls,2,0,0,1,True,model,2
row429,Q816432|Q4907518,2,Q816432,project manager,Q4907518,superior,2,1,0,0,True,model,2
row430,Q816432|Q2137774,2,Q816432,project manager,Q2137774,government governor,2,0,0,1,True,model,2
row431,Q816432|Q3333733,2,Q816432,project manager,Q3333733,musicology profession,2,0,0,1,True,model,2
row432,Q2746660|Q46337,3,Q2746660,Agile Manifesto,Q46337,manifesto,1,0,1,0,True,model,1
row433,Q53222|Q163740,0,Q53222,Digital Living Network Alliance,Q163740,nonprofit organization,1,1,1,1,True,model,1
row434,Q53222|Q17635403,0,Q53222,Digital Living Network Alliance,Q17635403,French movement for freedom of abortion and birth control,2,0,0,1,True,model,2
row435,Q53222|Q7062022,0,Q53222,Digital Living Network Alliance,Q7062022,not-for-profit arts organization,2,0,0,1,True,model,2
row436,Q53222|Q31883598,0,Q53222,Digital Living Network Alliance,Q31883598,ideell förening,2,0,0,1,True,model,2
row437,Q53222|Q4998806,0,Q53222,Digital Living Network Alliance,Q4998806,burial society,2,0,0,1,True,model,2
row438,Q53222|Q4671329,0,Q53222,Digital Living Network Alliance,Q4671329,academy school,2,0,0,1,True,model,2
row439,Q53222|Q240625,0,Q53222,Digital Living Network Alliance,Q240625,501(c) organization,2,0,0,1,True,model,2
row440,Q53222|Q1231729,0,Q53222,Digital Living Network Alliance,Q1231729,contrada of Siena,2,0,0,1,True,model,2
row441,Q53222|Q2396296,0,Q53222,Digital Living Network Alliance,Q2396296,Helsinki Committee for Human Rights,2,0,0,1,True,model,2
row442,Q53222|Q6503182,0,Q53222,Digital Living Network Alliance,Q6503182,Law centre,2,0,0,1,True,model,2
row443,Q53222|Q6054513,0,Q53222,Digital Living Network Alliance,Q6054513,international association without lucrative purpose,2,0,0,1,True,model,2
row444,Q53222|Q1500848,0,Q53222,Digital Living Network Alliance,Q1500848,Gemeinnützige Aktiengesellschaft,2,0,0,1,True,model,2
row445,Q344266|Q9143,4,Q344266,Active Server Pages,Q9143,programming language,1,1,1,1,True,model,1
row446,Q344266|Q1330336,4,Q344266,Active Server Pages,Q1330336,web framework,1,1,1,1,True,model,1
row447,Q344266|Q189224,4,Q344266,Active Server Pages,Q189224,pseudocode,2,0,1,0,True,model,2
row448,Q44127|Q4897819,4,Q44127,server,Q4897819,role,1,1,1,1,True,model,1
row449,Q44127|Q1498321,4,Q44127,server,Q1498321,opposite,2,0,0,1,True,model,2
row450,Q44127|Q1707847,4,Q44127,server,Q1707847,role,2,0,0,1,True,model,2
row451,Q44127|Q586277,4,Q44127,server,Q586277,degree,2,0,0,1,True,model,2
row452,Q44127|Q11424100,4,Q44127,server,Q11424100,status,2,0,0,1,True,model,2
row453,Q44127|Q214339,4,Q44127,server,Q214339,role,2,0,0,1,True,model,2
row454,Q15618663|Q1969448,3,Q15618663,product backlog,Q1969448,term,1,1,1,1,True,model,1
row455,Q15618663|Q20986437,3,Q15618663,product backlog,Q20986437,naming dispute,2,0,0,1,True,model,2
row457,Q15618663|Q58233068,3,Q15618663,product backlog,Q58233068,humorous,2,0,0,1,True,model,2
row458,Q15618663|Q28753832,3,Q15618663,product backlog,Q28753832,Go term,2,0,0,1,True,model,2
row460,Q15618663|Q3475445,3,Q15618663,product backlog,Q3475445,Schmilblick,2,0,0,1,True,model,2
row462,Q15618663|Q57158028,3,Q15618663,product backlog,Q57158028,general term,2,0,0,1,True,model,2
row463,Q15618663|Q41014950,3,Q15618663,product backlog,Q41014950,ChEBI Ontology term,2,0,0,1,True,model,2
row465,Q15618663|Q1400565,3,Q15618663,product backlog,Q1400565,spur,2,0,0,1,True,model,2
row466,Q15618663|Q1741898,3,Q15618663,product backlog,Q1741898,children's language,2,0,0,1,True,model,2
row467,Q15618663|Q59333207,3,Q15618663,product backlog,Q59333207,textile term,2,0,0,1,True,model,2
row469,Q15618663|Q3016945,3,Q15618663,product backlog,Q3016945,settlement date,2,0,0,1,True,model,2
row470,Q15618663|Q12812139,3,Q15618663,product backlog,Q12812139,technical term,2,0,0,1,True,model,2
row471,Q15618663|Q3107473,3,Q15618663,product backlog,Q3107473,Jew,2,0,0,1,True,model,2
row473,Q15618663|Q57495609,3,Q15618663,product backlog,Q57495609,old,2,0,0,1,True,model,2
row475,Q15618663|Q83464,3,Q15618663,product backlog,Q83464,euphemism,2,0,0,1,True,model,2
row476,Q15618663|Q19610271,3,Q15618663,product backlog,Q19610271,literary term,2,0,0,1,True,model,2
row478,Q15618663|Q7546863,3,Q15618663,product backlog,Q7546863,Quisling,2,0,0,1,True,model,2
row480,Q15618663|Q1743109,3,Q15618663,product backlog,Q1743109,Unchurched,2,0,0,1,True,model,2
row481,Q15618663|Q23017666,3,Q15618663,product backlog,Q23017666,Art & Architecture Thesaurus LOD Dataset,2,0,0,1,True,model,2
row483,Q15618663|Q16874643,3,Q15618663,product backlog,Q16874643,legal term,2,0,0,1,True,model,2
row487,Q15618663|Q1521634,3,Q15618663,product backlog,Q1521634,vulgarism,2,0,0,1,True,model,2
row488,Q15618663|Q181970,3,Q15618663,product backlog,Q181970,archaism,2,0,0,1,True,model,2
row489,Q15618663|Q376431,3,Q15618663,product backlog,Q376431,color term,2,0,0,1,True,model,2
row491,Q15618663|Q545779,3,Q15618663,product backlog,Q545779,pejorative,2,0,0,1,True,model,2
row495,Q15618663|Q7632742,3,Q15618663,product backlog,Q7632742,Succès de scandale,2,0,0,1,True,model,2
row496,Q15618663|Q58157328,3,Q15618663,product backlog,Q58157328,rare,2,0,0,1,True,model,2
row498,Q15618663|Q11359438,3,Q15618663,product backlog,Q11359438,Buddhist terminology,2,0,0,1,True,model,2
row499,Q56315412|Q20819677,2,Q56315412,eSIM,Q20819677,technical specification,1,1,1,1,True,model,1
row500,Q56315412|Q41150004,2,Q56315412,eSIM,Q41150004,LUKS On-Disk Format Specification,2,0,0,1,True,model,2
row501,Q56315412|Q28858025,2,Q56315412,eSIM,Q28858025,Word (.doc) Binary File Format,2,0,0,1,True,model,2
row502,Q56315412|Q58182284,2,Q56315412,eSIM,Q58182284,USB specification,2,0,0,1,True,model,2
row503,Q56315412|Q7095777,2,Q56315412,eSIM,Q7095777,OpenDocument technical specification,2,0,0,1,True,model,2
row505,Q56315412|Q7598414,2,Q56315412,eSIM,Q7598414,Standards And Recommended Practices,2,0,0,1,True,model,2
row506,Q56315412|Q31499762,2,Q56315412,eSIM,Q31499762,W3C Working Draft,2,0,0,1,True,model,2
row507,Q56315412|Q53459375,2,Q56315412,eSIM,Q53459375,Remote Desktop Protocol: Basic Connectivity and Graphics Remoting,2,0,0,1,True,model,2
row508,Q56315412|Q29053484,2,Q56315412,eSIM,Q29053484,PowerPoint (.ppt) Binary File Format,2,0,0,1,True,model,2
row510,Q56315412|Q56210557,2,Q56315412,eSIM,Q56210557,Exchange ActiveSync: HTTP Protocol,2,0,0,1,True,model,2
row511,Q56315412|Q60738905,2,Q56315412,eSIM,Q60738905,Legacy Plug and Play,2,0,0,1,True,model,2
row512,Q56315412|Q235557,2,Q56315412,eSIM,Q235557,file format,2,0,1,0,True,model,2
row513,Q56315412|Q7096189,2,Q56315412,eSIM,Q7096189,open service interface definition,2,0,0,1,True,model,2
row514,Q11288|Q4485156,2,Q11288,web server,Q4485156,software feature,1,1,1,1,True,model,1
row515,Q11288|Q17155032,2,Q11288,web server,Q17155032,software category,1,1,1,1,True,model,1
row516,Q11288|Q459708,2,Q11288,web server,Q459708,features of Firefox,2,0,0,1,True,model,2
row517,Q11288|Q2392270,2,Q11288,web server,Q2392270,anti–email spam techniques,2,0,0,1,True,model,2
row518,Q11288|Q5439692,2,Q11288,web server,Q5439692,Features of Skype,2,0,0,1,True,model,2
row519,Q11288|Q6407552,2,Q11288,web server,Q6407552,killer feature,2,0,0,1,True,model,2
row520,Q11288|Q1756442,2,Q11288,web server,Q1756442,LR parser,2,0,0,1,True,model,2
row521,Q11288|Q21674818,2,Q11288,web server,Q21674818,MediaWiki hook,2,0,0,1,True,model,2
row522,Q11288|Q48835386,2,Q11288,web server,Q48835386,Feed,2,0,0,1,True,model,2
row523,Q11288|Q570871,2,Q11288,web server,Q570871,email client,2,0,0,1,True,model,2
row524,Q11288|Q4434361,2,Q11288,web server,Q4434361,contact list,2,0,0,1,True,model,2
row525,Q11288|Q24839054,2,Q11288,web server,Q24839054,sticker,2,0,0,1,True,model,2
row526,Q215536|Q187588,4,Q215536,merchant,Q187588,social class,1,1,1,1,True,model,1
row527,Q215536|Q28640,4,Q215536,merchant,Q28640,profession,1,1,1,1,True,model,1
row528,Q215536|Q828803,4,Q215536,merchant,Q828803,job title,2,1,0,0,True,model,2
row529,Q215536|Q56489540,4,Q215536,merchant,Q56489540,chansonnier,2,0,0,1,True,model,2
row530,Q215536|Q43548373,4,Q215536,merchant,Q43548373,speedcuber,2,0,0,1,True,model,2
row534,Q215536|Q24884545,4,Q215536,merchant,Q24884545,engineering controls,2,0,0,1,True,model,2
row535,Q215536|Q909656,4,Q215536,merchant,Q909656,Third Estate,2,0,0,1,True,model,2
row536,Q215536|Q2912172,4,Q215536,merchant,Q2912172,sole proprietorship,2,0,0,1,True,model,2
row537,Q215536|Q7315448,4,Q215536,merchant,Q7315448,resident assistant,2,0,0,1,True,model,2
row538,Q215536|Q3333733,4,Q215536,merchant,Q3333733,musicology profession,2,0,0,1,True,model,2
row539,Q215536|Q6633946,4,Q215536,merchant,Q6633946,Swedish ancient nobility,2,0,0,1,True,model,2
row540,Q215536|Q11488158,4,Q215536,merchant,Q11488158,corporate title,2,0,0,1,True,model,2
row541,Q193321|Q1004415,2,Q193321,Java Virtual Machine,Q1004415,run-time system,1,1,1,1,True,model,1
row542,Q193321|Q241317,2,Q193321,Java Virtual Machine,Q241317,computing platform,1,1,1,1,True,model,1
row543,Q193321|Q56842894,2,Q193321,Java Virtual Machine,Q56842894,cross-platform software,1,1,1,1,True,model,1
row544,Q193321|Q139859,2,Q193321,Java Virtual Machine,Q139859,closed platform,2,0,0,1,True,model,2
row545,Q193321|Q216651,2,Q193321,Java Virtual Machine,Q216651,Atmel AVR,2,0,0,1,True,model,2
row546,Q193321|Q30589910,2,Q193321,Java Virtual Machine,Q30589910,low-code development platform,2,0,0,1,True,model,2
row547,Q193321|Q1616633,2,Q193321,Java Virtual Machine,Q1616633,HP 2100,2,0,0,1,True,model,2
row548,Q193321|Q610398,2,Q193321,Java Virtual Machine,Q610398,system on a chip,2,0,0,1,True,model,2
row549,Q193321|Q68,2,Q193321,Java Virtual Machine,Q68,computer,2,0,0,1,True,model,2
row551,Q193321|Q9080580,2,Q193321,Java Virtual Machine,Q9080580,Super TV-Boy,2,0,0,1,True,model,2
row552,Q193321|Q965769,2,Q193321,Java Virtual Machine,Q965769,continuous integration,2,0,0,1,True,model,2
row553,Q193321|Q3129265,2,Q193321,Java Virtual Machine,Q3129265,HECTOR MX,2,0,0,1,True,model,2
row554,Q193321|Q1153767,2,Q193321,Java Virtual Machine,Q1153767,platform as a service,2,0,0,1,True,model,2
row555,Q193321|Q390389,2,Q193321,Java Virtual Machine,Q390389,Itanium,2,0,0,1,True,model,2
row556,Q193321|Q12745061,2,Q193321,Java Virtual Machine,Q12745061,Digital Equipment Corporation 300 Professional series,2,0,0,1,True,model,2
row557,Q193321|Q483639,2,Q193321,Java Virtual Machine,Q483639,cloud computing,2,0,0,1,True,model,2
row558,Q193321|Q1361373,2,Q193321,Java Virtual Machine,Q1361373,IBM S/390,2,0,0,1,True,model,2
row559,Q193321|Q3854693,2,Q193321,Java Virtual Machine,Q3854693,Menlow,2,0,0,1,True,model,2
row560,Q193321|Q16082297,2,Q193321,Java Virtual Machine,Q16082297,MITS Altair 8800b,2,0,0,1,True,model,2
row562,Q193321|Q12746112,2,Q193321,Java Virtual Machine,Q12746112,Multitech MPF-I/88,2,0,0,1,True,model,2
row563,Q193321|Q60229368,2,Q193321,Java Virtual Machine,Q60229368,Developer Portal,2,0,0,1,True,model,2
row564,Q193321|Q1353312,2,Q193321,Java Virtual Machine,Q1353312,RiscPC,2,0,0,1,True,model,2
row565,Q193321|Q842193,2,Q193321,Java Virtual Machine,Q842193,sandbox,2,1,1,1,True,model,2
row566,Q193321|Q18394802,2,Q193321,Java Virtual Machine,Q18394802,weird machine,2,0,0,1,True,model,2
row567,Q193321|Q12744969,2,Q193321,Java Virtual Machine,Q12744969,Convergent Technologies Workslate,2,0,0,1,True,model,2
row569,Q193321|Q12744597,2,Q193321,Java Virtual Machine,Q12744597,Amstrad CSD,2,0,0,1,True,model,2
row570,Q193321|Q6368,2,Q193321,Java Virtual Machine,Q6368,web browser,2,0,0,1,True,model,2
row571,Q193321|Q165194,2,Q193321,Java Virtual Machine,Q165194,application programming interface,2,0,0,1,True,model,2
row572,Q193321|Q12745393,2,Q193321,Java Virtual Machine,Q12745393,Hewlett Packard HP-9816,2,0,0,1,True,model,2
row573,Q193321|Q3077240,2,Q193321,Java Virtual Machine,Q3077240,forge,2,0,0,1,True,model,2
row574,Q193321|Q16081087,2,Q193321,Java Virtual Machine,Q16081087,ZBA Consul 2717,2,0,0,1,True,model,2
row575,Q193321|Q2142726,2,Q193321,Java Virtual Machine,Q2142726,Macintosh SE/30,2,0,0,1,True,model,2
row576,Q658464|Q167270,1,Q658464,Centrino,Q167270,trademark,1,1,1,1,True,model,1
row579,Q658464|Q1421330,1,Q658464,Centrino,Q1421330,service mark,2,0,0,1,True,model,2
row583,Q658464|Q3294748,1,Q658464,Centrino,Q3294748,British Rail brand names,2,0,0,1,True,model,2
row585,Q658464|Q4728331,1,Q658464,Centrino,Q4728331,All-Trac,2,0,0,1,True,model,2
row586,Q658464|Q3842318,1,Q658464,Centrino,Q3842318,Made in Italy,2,0,0,1,True,model,2
row588,Q658464|Q287249,1,Q658464,Centrino,Q287249,BMW xDrive,2,0,0,1,True,model,2
row592,Q8248940|Q11016,3,Q8248940,Bluetooth,Q11016,technology,1,1,1,1,True,model,1
row593,Q8248940|Q1780543,3,Q8248940,Bluetooth,Q1780543,communication technology,2,1,0,0,True,model,2
row594,Q8248940|Q743030,3,Q8248940,Bluetooth,Q743030,environmental technology,2,0,0,1,True,model,2
row595,Q8248940|Q10952243,3,Q8248940,Bluetooth,Q10952243,industrial technology,2,1,0,0,True,model,2
row596,Q8248940|Q282413,3,Q8248940,Bluetooth,Q282413,Roman technology,2,0,0,1,True,model,2
row597,Q8248940|Q2976619,3,Q8248940,Bluetooth,Q2976619,Brazilian science and technology,2,0,0,1,True,model,2
row598,Q8248940|Q54006339,3,Q8248940,Bluetooth,Q54006339,display technology,2,0,0,1,True,model,2
row599,Q8248940|Q208163,3,Q8248940,Bluetooth,Q208163,signal processing,2,0,0,1,True,model,2
row600,Q8248940|Q4704909,3,Q8248940,Bluetooth,Q4704909,Ancient Greek technology,2,0,0,1,True,model,2
row601,Q8248940|Q11951087,3,Q8248940,Bluetooth,Q11951087,agriculture and food technology,2,0,0,1,True,model,2
row602,Q8248940|Q7112702,3,Q8248940,Bluetooth,Q7112702,prehistoric technology,2,0,0,1,True,model,2
row603,Q8248940|Q4787070,3,Q8248940,Bluetooth,Q4787070,architectural technology,2,0,0,1,True,model,2
row604,Q8248940|Q1001378,3,Q8248940,Bluetooth,Q1001378,cinematic technique,2,0,0,1,True,model,2
row605,Q8248940|Q6764311,3,Q8248940,Bluetooth,Q6764311,marine technology,2,0,0,1,True,model,2
row606,Q8248940|Q6941971,3,Q8248940,Bluetooth,Q6941971,music instrument technology,2,0,0,1,True,model,2
row607,Q8248940|Q1415656,3,Q8248940,Bluetooth,Q1415656,hierarchical storage management,2,0,0,1,True,model,2
row608,Q8248940|Q19292902,3,Q8248940,Bluetooth,Q19292902,vehicle safety technology,2,0,0,1,True,model,2
row609,Q8248940|Q4086911,3,Q8248940,Bluetooth,Q4086911,biomedical technology,2,0,0,1,True,model,2
row610,Q8248940|Q348091,3,Q8248940,Bluetooth,Q348091,nuclear technology,2,0,0,1,True,model,2
row612,Q8248940|Q1392806,3,Q8248940,Bluetooth,Q1392806,drug delivery,2,0,0,1,True,model,2
row613,Q8248940|Q1519843,3,Q8248940,Bluetooth,Q1519843,health technology,2,0,0,1,True,model,2
row614,Q8248940|Q911772,3,Q8248940,Bluetooth,Q911772,technical chemistry,2,0,0,1,True,model,2
row615,Q8248940|Q60790901,3,Q8248940,Bluetooth,Q60790901,Pedestrian crash avoidance mitigation,2,0,0,1,True,model,2
row616,Q8248940|Q12739,3,Q8248940,Bluetooth,Q12739,nuclear power,2,0,0,1,True,model,2
row617,Q8248940|Q6887246,3,Q8248940,Bluetooth,Q6887246,mobile technology,2,0,0,1,True,model,2
row618,Q8248940|Q211017,3,Q8248940,Bluetooth,Q211017,e-government,2,0,0,1,True,model,2
row619,Q7935151|Q151885,0,Q7935151,Virtual Private Cloud,Q151885,concept,1,1,1,1,True,model,1
row620,Q7935151|Q1346018,0,Q7935151,Virtual Private Cloud,Q1346018,infrastructure as a service,1,1,1,1,True,model,1
row621,Q7935151|Q483639,0,Q7935151,Virtual Private Cloud,Q483639,cloud computing,1,1,1,1,True,model,1
row622,Q7935151|Q24457356,0,Q7935151,Virtual Private Cloud,Q24457356,historiographical concept,2,0,0,1,True,model,2
row623,Q7935151|Q5635755,0,Q7935151,Virtual Private Cloud,Q5635755,HP ePrint,2,0,1,0,True,model,2
row624,Q7935151|Q33104279,0,Q7935151,Virtual Private Cloud,Q33104279,philosophical concept,2,0,0,1,True,model,2
row628,Q7935151|Q5167923,0,Q7935151,Virtual Private Cloud,Q5167923,cooperative storage cloud,2,1,1,1,True,model,2
row629,Q7935151|Q6746653,0,Q7935151,Virtual Private Cloud,Q6746653,Managed private cloud,2,1,1,1,True,model,2
row630,Q7935151|Q3958022,0,Q7935151,Virtual Private Cloud,Q3958022,serverless computing,2,1,1,1,True,model,2
row631,Q7935151|Q6046160,0,Q7935151,Virtual Private Cloud,Q6046160,public cloud,2,1,1,1,True,model,2
row632,Q7935151|Q60229368,0,Q7935151,Virtual Private Cloud,Q60229368,Developer Portal,2,0,1,0,True,model,2
row633,Q7935151|Q13403358,0,Q7935151,Virtual Private Cloud,Q13403358,private cloud,2,1,1,1,True,model,2
row634,Q7935151|Q22712311,0,Q7935151,Virtual Private Cloud,Q22712311,Green cloud computing,2,1,1,1,True,model,2
row635,Q7935151|Q24034552,0,Q7935151,Virtual Private Cloud,Q24034552,mathematical concept,2,0,0,1,True,model,2
row636,Q7935151|Q914359,0,Q7935151,Virtual Private Cloud,Q914359,cloud storage,2,1,1,1,True,model,2
row637,Q7935151|Q1153767,0,Q7935151,Virtual Private Cloud,Q1153767,platform as a service,2,1,1,1,True,model,2
row638,Q7935151|Q23679987,0,Q7935151,Virtual Private Cloud,Q23679987,Block-level storage,3,1,1,1,True,model,3
row639,Q7935151|Q25325314,0,Q7935151,Virtual Private Cloud,Q25325314,Elastic cloud storage,3,1,1,1,True,model,3
row640,Q7935151|Q17074646,0,Q7935151,Virtual Private Cloud,Q17074646,personal cloud,3,1,1,1,True,model,3
row641,Q3456896|Q7001190,2,Q3456896,Renater,Q7001190,network service provider,1,1,1,1,True,model,1
row642,Q3456896|Q2746884,2,Q3456896,Renater,Q2746884,national research and education network,1,1,1,1,True,model,1
row643,Q1427899|Q1978718,3,Q1427899,rack unit,Q1978718,unit of length,1,1,1,1,True,model,1
row644,Q1427899|Q2534228,3,Q1427899,rack unit,Q2534228,obsolete unit of length,2,0,0,1,True,model,2
row645,Q1427899|Q214377,3,Q1427899,rack unit,Q214377,ell,2,0,0,1,True,model,2
row646,Q2093|Q20202982,3,Q2093,Document Object Model,Q20202982,Web API,1,1,1,1,True,model,1
row647,Q2093|Q165194,3,Q2093,Document Object Model,Q165194,application programming interface,1,1,1,1,True,model,1
row648,Q2093|Q1172367,3,Q2093,Document Object Model,Q1172367,database interface,2,0,1,0,True,model,2
row649,Q2093|Q4392311,3,Q2093,Document Object Model,Q4392311,foreign function interface,2,0,1,0,True,model,2
row651,Q2093|Q7095934,3,Q2093,Document Object Model,Q7095934,open API,2,1,1,1,True,model,2
row652,Q623338|Q20155966,2,Q623338,Web Services Description Language,Q20155966,XML-based format,1,1,1,1,True,model,1
row653,Q623338|Q576465,2,Q623338,Web Services Description Language,Q576465,GPS eXchange Format,2,0,1,0,True,model,2
row654,Q2574811|Q613930,2,Q2574811,cause,Q613930,thematic relation,1,1,1,1,True,model,1
row655,Q2574811|Q4897819,2,Q2574811,cause,Q4897819,role,1,1,1,1,True,model,1
row656,Q2574811|Q1707847,2,Q2574811,cause,Q1707847,role,2,0,0,1,True,model,2
row657,Q211171|Q56256086,3,Q211171,polychlorinated biphenyl,Q56256086,group of chemical compounds,1,1,1,1,True,model,1
row658,Q211171|Q187661,3,Q211171,polychlorinated biphenyl,Q187661,carcinogen,1,1,1,1,True,model,1
row660,Q739120|Q15836568,3,Q739120,HTTP/2,Q15836568,computer network protocol,1,1,1,1,True,model,1
row661,Q739120|Q4913907,3,Q739120,HTTP/2,Q4913907,binary protocol,1,1,1,1,True,model,1
row662,Q739120|Q4485156,3,Q739120,HTTP/2,Q4485156,software feature,1,1,1,1,True,model,1
row663,Q739120|Q1344046,3,Q739120,HTTP/2,Q1344046,first-class functions,2,0,0,1,True,model,2
row664,Q739120|Q3359815,3,Q739120,HTTP/2,Q3359815,PPPoX,2,0,1,0,True,model,2
row665,Q183169|Q351507,3,Q183169,Jakarta Server Pages,Q351507,template processor,1,1,1,1,True,model,1
row666,Q183169|Q235557,3,Q183169,Jakarta Server Pages,Q235557,file format,1,1,1,1,True,model,1
row667,Q183169|Q20819677,3,Q183169,Jakarta Server Pages,Q20819677,technical specification,1,1,1,1,True,model,1
row668,Q183169|Q229762,3,Q183169,Jakarta Server Pages,Q229762,3GP and 3G2,2,0,0,1,True,model,2
row669,Q183169|Q594447,3,Q183169,Jakarta Server Pages,Q594447,Small Web Format family,2,0,0,1,True,model,2
row670,Q183169|Q4781113,3,Q183169,Jakarta Server Pages,Q4781113,AppleSingle and AppleDouble formats,2,0,0,1,True,model,2
row671,Q183169|Q17074854,3,Q183169,Jakarta Server Pages,Q17074854,ESRI Arc/Info Grid,2,0,0,1,True,model,2
row672,Q183169|Q336705,3,Q183169,Jakarta Server Pages,Q336705,document file format,2,0,0,1,True,model,2
row673,Q183169|Q7203483,3,Q183169,Jakarta Server Pages,Q7203483,playlist markup language,2,0,0,1,True,model,2
row674,Q183169|Q34274654,3,Q183169,Jakarta Server Pages,Q34274654,metaformat,2,0,0,1,True,model,2
row675,Q183169|Q29943235,3,Q183169,Jakarta Server Pages,Q29943235,StarOffice Calc,2,0,0,1,True,model,2
row676,Q183169|Q2141493,3,Q183169,Jakarta Server Pages,Q2141493,OpenPGP,2,0,0,1,True,model,2
row677,Q183169|Q27967078,3,Q183169,Jakarta Server Pages,Q27967078,Channel Player,2,0,0,1,True,model,2
row678,Q183169|Q29905212,3,Q183169,Jakarta Server Pages,Q29905212,StarOffice Draw,2,0,0,1,True,model,2
row679,Q183169|Q27915174,3,Q183169,Jakarta Server Pages,Q27915174,RADARSAT-1 CEOS Null Volume Directory File,2,0,0,1,True,model,2
row680,Q183169|Q28846076,3,Q183169,Jakarta Server Pages,Q28846076,Classification Results File Format,2,0,0,1,True,model,2
row681,Q183169|Q287067,3,Q183169,Jakarta Server Pages,Q287067,ABC notation,2,0,0,1,True,model,2
row682,Q183169|Q16545707,3,Q183169,Jakarta Server Pages,Q16545707,dBASE Table File Format,2,0,0,1,True,model,2
row683,Q183169|Q5227180,3,Q183169,Jakarta Server Pages,Q5227180,Data Interchange Format,2,0,0,1,True,model,2
row684,Q183169|Q507860,3,Q183169,Jakarta Server Pages,Q507860,Comic book archive,2,0,0,1,True,model,2
row685,Q183169|Q1363415,3,Q183169,Jakarta Server Pages,Q1363415,MPEG program stream,2,0,0,1,True,model,2
row686,Q183169|Q28049484,3,Q183169,Jakarta Server Pages,Q28049484,Imagic Film/Picture,2,0,0,1,True,model,2
row687,Q183169|Q7079133,3,Q183169,Jakarta Server Pages,Q7079133,Office Open XML file formats,2,0,0,1,True,model,2
row688,Q183169|Q45989477,3,Q183169,Jakarta Server Pages,Q45989477,WebP Extended,2,0,0,1,True,model,2
row689,Q183169|Q17067381,3,Q183169,Jakarta Server Pages,Q17067381,JavaScript template engine,2,1,0,0,True,model,2
row690,Q183169|Q34735959,3,Q183169,Jakarta Server Pages,Q34735959,Simple Vector Format,2,0,0,1,True,model,2
row691,Q183169|Q17042621,3,Q183169,Jakarta Server Pages,Q17042621,NetWare Loadable Module,2,0,0,1,True,model,2
row692,Q183169|Q58182284,3,Q183169,Jakarta Server Pages,Q58182284,USB specification,2,0,0,1,True,model,2
row693,Q183169|Q1572121,3,Q183169,Jakarta Server Pages,Q1572121,image file format,2,0,0,1,True,model,2
row694,Q183169|Q1056408,3,Q183169,Jakarta Server Pages,Q1056408,open file format,2,0,0,1,True,model,2
row695,Q183169|Q1955133,3,Q183169,Jakarta Server Pages,Q1955133,music file format,2,0,0,1,True,model,2
row696,Q183169|Q29053484,3,Q183169,Jakarta Server Pages,Q29053484,PowerPoint (.ppt) Binary File Format,2,0,0,1,True,model,2
row697,Q183169|Q6046575,3,Q183169,Jakarta Server Pages,Q6046575,Intergraph Standard File Formats,2,0,0,1,True,model,2
row698,Q183169|Q3077335,3,Q183169,Jakarta Server Pages,Q3077335,print file formats,2,0,0,1,True,model,2
row699,Q183169|Q7508366,3,Q183169,Jakarta Server Pages,Q7508366,sidecar file,2,0,0,1,True,model,2
row700,Q183169|Q27198004,3,Q183169,Jakarta Server Pages,Q27198004,RELAX NG schema file,2,0,0,1,True,model,2
row701,Q183169|Q5248648,3,Q183169,Jakarta Server Pages,Q5248648,debugging data format,2,0,0,1,True,model,2
row702,Q183169|Q26697935,3,Q183169,Jakarta Server Pages,Q26697935,PHP script,2,0,0,1,True,model,2
row703,Q183169|Q5090500,3,Q183169,Jakarta Server Pages,Q5090500,Chemical table file,2,0,0,1,True,model,2
row704,Q183169|Q278934,3,Q183169,Jakarta Server Pages,Q278934,shapefile,2,0,0,1,True,model,2
row705,Q183169|Q53459375,3,Q183169,Jakarta Server Pages,Q53459375,Remote Desktop Protocol: Basic Connectivity and Graphics Remoting,2,0,0,1,True,model,2
row706,Q183169|Q1135858,3,Q183169,Jakarta Server Pages,Q1135858,Flash Video,2,0,0,1,True,model,2
row707,Q183169|Q17087630,3,Q183169,Jakarta Server Pages,Q17087630,Trusted Data Format,2,0,0,1,True,model,2
row708,Q183169|Q29943476,3,Q183169,Jakarta Server Pages,Q29943476,StarOffice Writer,2,0,0,1,True,model,2
row709,Q183169|Q29644049,3,Q183169,Jakarta Server Pages,Q29644049,S-57 Electronic Navigation Chart,2,0,0,1,True,model,2
row710,Q183169|Q2206173,3,Q183169,Jakarta Server Pages,Q2206173,Software Independent Archiving of Relational Databases,2,0,0,1,True,model,2
row712,Q183169|Q17636230,3,Q183169,Jakarta Server Pages,Q17636230,Windows Prefetch File,2,0,0,1,True,model,2
row713,Q183169|Q27978793,3,Q183169,Jakarta Server Pages,Q27978793,Spectrum 512,2,0,0,1,True,model,2
row714,Q183169|Q29651120,3,Q183169,Jakarta Server Pages,Q29651120,Personal Folder File,2,0,0,1,True,model,2
row715,Q183169|Q27915156,3,Q183169,Jakarta Server Pages,Q27915156,RADARSAT-1 CEOS Volume Directory File,2,0,0,1,True,model,2
row716,Q183169|Q27823178,3,Q183169,Jakarta Server Pages,Q27823178,Binary Terrain,2,0,0,1,True,model,2
row717,Q183169|Q3502441,3,Q183169,Jakarta Server Pages,Q3502441,Binary Interchange File Format,2,0,0,1,True,model,2
row718,Q183169|Q34746188,3,Q183169,Jakarta Server Pages,Q34746188,STATISTICA,2,0,0,1,True,model,2
row719,Q183169|Q56210557,3,Q183169,Jakarta Server Pages,Q56210557,Exchange ActiveSync: HTTP Protocol,2,0,0,1,True,model,2
row720,Q183169|Q34289060,3,Q183169,Jakarta Server Pages,Q34289060,Raw bitmap,2,0,0,1,True,model,2
row721,Q183169|Q243303,3,Q183169,Jakarta Server Pages,Q243303,RAR,2,0,0,1,True,model,2
row722,Q183169|Q5426535,3,Q183169,Jakarta Server Pages,Q5426535,Autodesk FLI/FLC,2,0,0,1,True,model,2
row723,Q183169|Q42573997,3,Q183169,Jakarta Server Pages,Q42573997,readable file format,2,0,0,1,True,model,2
row724,Q183169|Q58787678,3,Q183169,Jakarta Server Pages,Q58787678,LDraw.org File Format,2,0,0,1,True,model,2
row725,Q183169|Q223535,3,Q183169,Jakarta Server Pages,Q223535,Matroska,2,0,0,1,True,model,2
row726,Q183169|Q682626,3,Q183169,Jakarta Server Pages,Q682626,audio file format,2,0,0,1,True,model,2
row727,Q183169|Q1931564,3,Q183169,Jakarta Server Pages,Q1931564,Microsoft Access Database,2,0,0,1,True,model,2
row728,Q183169|Q31499762,3,Q183169,Jakarta Server Pages,Q31499762,W3C Working Draft,2,0,0,1,True,model,2
row729,Q183169|Q27915172,3,Q183169,Jakarta Server Pages,Q27915172,RADARSAT-1 CEOS SAR Data File,2,0,0,1,True,model,2
row730,Q183169|Q27915173,3,Q183169,Jakarta Server Pages,Q27915173,RADARSAT-1 CEOS SAR Trailer File,2,0,0,1,True,model,2
row731,Q183169|Q28344234,3,Q183169,Jakarta Server Pages,Q28344234,FreeHand,2,0,0,1,True,model,2
row733,Q183169|Q1343033,3,Q183169,Jakarta Server Pages,Q1343033,Enhanced Compression Wavelet,2,0,0,1,True,model,2
row734,Q183169|Q53756508,3,Q183169,Jakarta Server Pages,Q53756508,git packfile index,2,0,0,1,True,model,2
row735,Q183169|Q20155966,3,Q183169,Jakarta Server Pages,Q20155966,XML-based format,2,1,0,0,True,model,2
row736,Q183169|Q7095777,3,Q183169,Jakarta Server Pages,Q7095777,OpenDocument technical specification,2,0,0,1,True,model,2
row737,Q183169|Q57696248,3,Q183169,Jakarta Server Pages,Q57696248,dialect of a file format,2,0,0,1,True,model,2
row738,Q183169|Q467454,3,Q183169,Jakarta Server Pages,Q467454,Rich Text Format,2,0,0,1,True,model,2
row739,Q183169|Q527723,3,Q183169,Jakarta Server Pages,Q527723,Digital Picture Exchange,2,0,0,1,True,model,2
row740,Q183169|Q28846213,3,Q183169,Jakarta Server Pages,Q28846213,BIOM file format,2,0,0,1,True,model,2
row741,Q183169|Q28858025,3,Q183169,Jakarta Server Pages,Q28858025,Word (.doc) Binary File Format,2,0,0,1,True,model,2
row742,Q183169|Q285972,3,Q183169,Jakarta Server Pages,Q285972,Mbox,2,0,0,1,True,model,2
row743,Q183169|Q1224822,3,Q183169,Jakarta Server Pages,Q1224822,Digital Terrain Elevation Data,2,0,0,1,True,model,2
row744,Q183169|Q29944450,3,Q183169,Jakarta Server Pages,Q29944450,StarOffice Impress,2,0,0,1,True,model,2
row745,Q183169|Q290741,3,Q183169,Jakarta Server Pages,Q290741,ADX,2,0,0,1,True,model,2
row746,Q183169|Q42574058,3,Q183169,Jakarta Server Pages,Q42574058,writable file format,2,0,0,1,True,model,2
row748,Q183169|Q60738905,3,Q183169,Jakarta Server Pages,Q60738905,Legacy Plug and Play,2,0,0,1,True,model,2
row749,Q183169|Q2720536,3,Q183169,Jakarta Server Pages,Q2720536,proprietary file format,2,0,0,1,True,model,2
row750,Q183169|Q379545,3,Q183169,Jakarta Server Pages,Q379545,Advanced Forensic Format,2,0,0,1,True,model,2
row751,Q183169|Q27824058,3,Q183169,Jakarta Server Pages,Q27824058,Internet Archive ARC,2,0,0,1,True,model,2
row752,Q183169|Q3498805,3,Q183169,Jakarta Server Pages,Q3498805,Aeronautical Information Exchange Model,2,0,0,1,True,model,2
row753,Q183169|Q863883,3,Q183169,Jakarta Server Pages,Q863883,Bink Video,2,0,0,1,True,model,2
row754,Q183169|Q5090461,3,Q183169,Jakarta Server Pages,Q5090461,chemical file format,2,0,0,1,True,model,2
row755,Q183169|Q167772,3,Q183169,Jakarta Server Pages,Q167772,digital container format,2,0,0,1,True,model,2
row756,Q183169|Q1840684,3,Q183169,Jakarta Server Pages,Q1840684,Privacy-enhanced Electronic Mail,2,0,0,1,True,model,2
row757,Q183169|Q28049572,3,Q183169,Jakarta Server Pages,Q28049572,Tiny Stuff,2,0,0,1,True,model,2
row758,Q183169|Q27826463,3,Q183169,Jakarta Server Pages,Q27826463,Cascading Style Sheets file format family,2,0,0,1,True,model,2
row759,Q204833|Q26763979,0,Q204833,Enhanced Data Rates for GSM Evolution,Q26763979,mobile phone network standard,1,1,1,1,True,model,1
row760,Q204833|Q1023122,0,Q204833,Enhanced Data Rates for GSM Evolution,Q1023122,CDMA2000,2,1,0,0,True,model,2
row769,Q54871|Q6138701,1,Q54871,SPARQL,Q6138701,RDF query language,1,1,1,1,True,model,1
row770,Q54871|Q132364,1,Q54871,SPARQL,Q132364,communication protocol,1,1,1,1,True,model,1
row771,Q54871|Q1025017,1,Q54871,SPARQL,Q1025017,Cache coherence,2,0,0,1,True,model,2
row772,Q54871|Q974922,1,Q54871,SPARQL,Q974922,Web Map Service,2,1,0,0,True,model,2
row773,Q54871|Q6045205,1,Q54871,SPARQL,Q6045205,Interaction protocol,2,1,0,0,True,model,2
row774,Q54871|Q886092,1,Q54871,SPARQL,Q886092,Bluetooth profile,2,0,0,1,True,model,2
row775,Q54871|Q622993,1,Q54871,SPARQL,Q622993,X.25,2,0,0,1,True,model,2
row776,Q54871|Q165194,1,Q54871,SPARQL,Q165194,application programming interface,2,1,0,0,True,model,2
row777,Q54871|Q39531,1,Q54871,SPARQL,Q39531,Bluetooth,2,0,0,1,True,model,2
row778,Q54871|Q264364,1,Q54871,SPARQL,Q264364,Common Gateway Interface,2,0,0,1,True,model,2
row779,Q59|Q12772052,0,Q59,PHP,Q12772052,multi-paradigm programming language,1,1,1,1,True,model,1
row780,Q59|Q341,0,Q59,PHP,Q341,free software,1,1,1,1,True,model,1
row781,Q59|Q1993334,0,Q59,PHP,Q1993334,interpreted language,1,1,1,1,True,model,1
row782,Q59|Q9143,0,Q59,PHP,Q9143,programming language,1,1,1,1,True,model,1
row783,Q59|Q187432,0,Q59,PHP,Q187432,scripting language,1,1,1,1,True,model,1
row784,Q59|Q899523,0,Q59,PHP,Q899523,object-based language,1,1,1,1,True,model,1
row785,Q59|Q28922885,0,Q59,PHP,Q28922885,procedural programming language,1,1,1,1,True,model,1
row786,Q59|Q21562092,0,Q59,PHP,Q21562092,imperative programming language,1,1,1,1,True,model,1
row787,Q59|Q11311509,0,Q59,PHP,Q11311509,Visual novel engine,2,1,1,1,True,model,2
row788,Q59|Q28922858,0,Q59,PHP,Q28922858,class-based programming language,2,1,1,1,True,model,2
row789,Q59|Q251,0,Q59,PHP,Q251,Java,2,1,1,1,True,model,2
row790,Q59|Q29042678,0,Q59,PHP,Q29042678,template language,2,1,1,1,True,model,2
row791,Q59|Q56191572,0,Q59,PHP,Q56191572,Escornabot,2,0,0,1,True,model,2
row792,Q1347627|Q43229,4,Q1347627,Global Certification Forum,Q43229,organization,1,1,1,1,True,model,1
row793,Q1347627|Q5155040,4,Q1347627,Global Certification Forum,Q5155040,community project,2,0,0,1,True,model,2
row794,Q1347627|Q5055151,4,Q1347627,Global Certification Forum,Q5055151,caving organization,2,0,0,1,True,model,2
row795,Q1347627|Q5380419,4,Q1347627,Global Certification Forum,Q5380419,Enterprises in the Soviet Union,2,0,0,1,True,model,2
row796,Q1347627|Q1311569,4,Q1347627,Global Certification Forum,Q1311569,Railway divisions in Germany,2,0,0,1,True,model,2
row799,Q1347627|Q26180917,4,Q1347627,Global Certification Forum,Q26180917,hiking center,2,0,0,1,True,model,2
row800,Q3122864|Q49614,1,Q3122864,Big Tech,Q49614,nickname,1,1,1,1,True,model,1
row801,Q3122864|Q101244,1,Q3122864,Big Tech,Q101244,acronym,1,1,1,1,True,model,1
row802,Q3122864|Q16887380,1,Q3122864,Big Tech,Q16887380,group,1,1,1,1,True,model,1
row803,Q3122864|Q466981,1,Q3122864,Big Tech,Q466981,recursive acronym,2,0,1,0,True,model,2
row804,Q3122864|Q31386861,1,Q3122864,Big Tech,Q31386861,RDF graph,2,0,0,1,True,model,2
row805,Q3122864|Q11914623,1,Q3122864,Big Tech,Q11914623,colla gegantera,2,0,0,1,True,model,2
row806,Q3122864|Q2526961,1,Q3122864,Big Tech,Q2526961,organizational unit,2,0,0,1,True,model,2
row807,Q79984|Q317623,0,Q79984,Ethernet,Q317623,technical standard,1,1,1,1,True,model,1
row808,Q79984|Q340169,0,Q79984,Ethernet,Q340169,media,1,1,1,1,True,model,1
row809,Q79984|Q386274,0,Q79984,Ethernet,Q386274,emailing,2,0,0,1,True,model,2
row810,Q79984|Q3631847,0,Q79984,Ethernet,Q3631847,voice chat in online gaming,2,0,0,1,True,model,2
row811,Q79984|Q290378,0,Q79984,Ethernet,Q290378,internet standard,2,1,0,0,True,model,2
row813,Q79984|Q7189615,0,Q79984,Ethernet,Q7189615,physical media,2,1,0,0,True,model,2
row814,Q79984|Q45941145,0,Q79984,Ethernet,Q45941145,data standard,2,0,0,1,True,model,2
row816,Q79984|Q7554365,0,Q79984,Ethernet,Q7554365,software standard,2,0,0,1,True,model,2
row817,Q79984|Q375479,0,Q79984,Ethernet,Q375479,standard illuminant,2,0,0,1,True,model,2
row818,Q79984|Q1091326,0,Q79984,Ethernet,Q1091326,IT security standards,2,0,0,1,True,model,2
row820,Q79984|Q6313217,0,Q79984,Ethernet,Q6313217,time standard,2,0,0,1,True,model,2
row821,Q10290274|Q11016,2,Q10290274,Gmsk,Q11016,technology,1,1,1,1,True,model,1
row822,Q10290274|Q1780543,2,Q10290274,Gmsk,Q1780543,communication technology,2,1,0,0,True,model,2
row823,Q10290274|Q743030,2,Q10290274,Gmsk,Q743030,environmental technology,2,0,0,1,True,model,2
row824,Q10290274|Q10690328,2,Q10290274,Gmsk,Q10690328,speech technology,2,1,0,0,True,model,2
row825,Q10290274|Q466410,2,Q10290274,Gmsk,Q466410,high tech,2,1,0,0,True,model,2
row826,Q10290274|Q54006339,2,Q10290274,Gmsk,Q54006339,display technology,2,0,0,1,True,model,2
row828,Q10290274|Q1001378,2,Q10290274,Gmsk,Q1001378,cinematic technique,2,0,0,1,True,model,2
row829,Q10290274|Q19292902,2,Q10290274,Gmsk,Q19292902,vehicle safety technology,2,0,0,1,True,model,2
row830,Q10290274|Q1415656,2,Q10290274,Gmsk,Q1415656,hierarchical storage management,2,0,0,1,True,model,2
row831,Q10290274|Q348091,2,Q10290274,Gmsk,Q348091,nuclear technology,2,0,0,1,True,model,2
row832,Q10290274|Q1628173,2,Q10290274,Gmsk,Q1628173,directional boring,2,0,0,1,True,model,2
row834,Q10290274|Q211017,2,Q10290274,Gmsk,Q211017,e-government,2,0,0,1,True,model,2
row835,Q10290274|Q6887246,2,Q10290274,Gmsk,Q6887246,mobile technology,2,1,0,0,True,model,2
row836,Q10290274|Q5268834,2,Q10290274,Gmsk,Q5268834,information and communications technology,2,1,0,0,True,model,2
row837,Q10290274|Q23001701,2,Q10290274,Gmsk,Q23001701,technics,2,1,0,0,True,model,2
row838,Q46441|Q1029123,0,Q46441,Cascading Style Sheets,Q1029123,style sheet language,1,1,1,1,True,model,1
row839,Q193933|Q47574,3,Q193933,dioptre,Q47574,unit of measurement,1,1,1,1,True,model,1
row841,Q193933|Q36548538,3,Q193933,dioptre,Q36548538,unit of volumetric flow rate,2,0,0,1,True,model,2
row842,Q193933|Q1514559,3,Q193933,dioptre,Q1514559,degree day,2,0,0,1,True,model,2
row843,Q193933|Q45721316,3,Q193933,dioptre,Q45721316,unit of molar energy,2,0,0,1,True,model,2
row844,Q193933|Q7351621,3,Q193933,dioptre,Q7351621,unit of data rate,2,0,0,1,True,model,2
row845,Q193933|Q16782623,3,Q193933,dioptre,Q16782623,English unit of measurement,2,0,0,1,True,model,2
row846,Q193933|Q50808019,3,Q193933,dioptre,Q50808019,unit of moment of inertia,2,0,0,1,True,model,2
row847,Q193933|Q468999,3,Q193933,dioptre,Q468999,Planck units,2,0,0,1,True,model,2
row849,Q193933|Q4209335,3,Q193933,dioptre,Q4209335,gauge,2,0,0,1,True,model,2
row850,Q193933|Q2961801,3,Q193933,dioptre,Q2961801,Gunter's chain,2,0,0,1,True,model,2
row851,Q193933|Q2360980,3,Q193933,dioptre,Q2360980,unit of amount,2,0,0,1,True,model,2
row853,Q1166273|Q75,2,Q1166273,darknet,Q75,Internet,1,1,1,1,True,model,1
row854,Q1166273|Q1322821,2,Q1166273,darknet,Q1322821,Internet in North Korea,2,0,0,1,True,model,2
row855,Q1166273|Q1043805,2,Q1166273,darknet,Q1043805,mobile web,2,1,0,0,True,model,2
row856,Q1166273|Q18198738,2,Q1166273,darknet,Q18198738,Global Multistakeholder Meeting on the Future of Internet Governance,2,1,0,0,True,model,2
row857,Q1166273|Q6055991,2,Q1166273,darknet,Q6055991,Internet in the United States,2,1,0,0,True,model,2
row858,Q1166273|Q5501093,2,Q1166273,darknet,Q5501093,Freenet,2,1,0,0,True,model,2
row859,Q30682903|Q4164871,0,Q30682903,data protection officer,Q4164871,position,1,1,1,1,True,model,1
row860,Q30682903|Q11488158,0,Q30682903,data protection officer,Q11488158,corporate title,1,1,1,1,True,model,1
row861,Q30682903|Q3250324,0,Q30682903,data protection officer,Q3250324,deputy,2,0,0,1,True,model,2
row862,Q30682903|Q3504856,0,Q30682903,data protection officer,Q3504856,substitute,2,0,0,1,True,model,2
row863,Q30682903|Q1276214,0,Q30682903,data protection officer,Q1276214,European Union Special Representative,2,0,0,1,True,model,2
row864,Q30682903|Q2133201,0,Q30682903,data protection officer,Q2133201,Procureur du Bien Public,2,0,0,1,True,model,2
row867,Q30682903|Q60028304,0,Q30682903,data protection officer,Q60028304,Lieutenant Governors of Brazil,2,0,0,1,True,model,2
row868,Q30682903|Q1837955,0,Q30682903,data protection officer,Q1837955,Chief Minister of Punjab,2,0,0,1,True,model,2
row869,Q30682903|Q4102597,0,Q30682903,data protection officer,Q4102597,job vacancy,2,1,0,0,True,model,2
row870,Q30682903|Q59289676,0,Q30682903,data protection officer,Q59289676,Chief of staff of the French Ministry of the Interior,2,0,0,1,True,model,2
row871,Q30682903|Q4048723,0,Q30682903,data protection officer,Q4048723,SEO specialist,2,1,0,0,True,model,2
row872,Q30682903|Q49838176,0,Q30682903,data protection officer,Q49838176,executives of counties in Maryland,2,0,0,1,True,model,2
row874,Q30682903|Q4180896,0,Q30682903,data protection officer,Q4180896,financial secretary,2,0,0,1,True,model,2
row876,Q236908|Q16947618,1,Q236908,Six Sigma,Q16947618,strategizing,1,1,1,1,True,model,1
row880,Q236908|Q994735,1,Q236908,Six Sigma,Q994735,parental care,2,0,0,1,True,model,2
row884,Q236908|Q1366259,1,Q236908,Six Sigma,Q1366259,parenting style,2,0,1,0,True,model,2
row889,Q236908|Q932522,1,Q236908,Six Sigma,Q932522,strategic planning,2,1,1,1,True,model,2
row892,Q727490|Q1207505,1,Q727490,scalability,Q1207505,quality,1,1,1,1,True,model,1
row893,Q727490|Q360812,1,Q727490,scalability,Q360812,correctness,2,0,0,1,True,model,2
row894,Q727490|Q555097,1,Q727490,scalability,Q555097,accessibility,2,0,0,1,True,model,2
row895,Q727490|Q5158717,1,Q727490,scalability,Q5158717,concision,2,0,0,1,True,model,2
row896,Q727490|Q137712,1,Q727490,scalability,Q137712,serializability,2,0,0,1,True,model,2
row897,Q727490|Q11998326,1,Q727490,scalability,Q11998326,lustre,2,0,0,1,True,model,2
row898,Q727490|Q403605,1,Q727490,scalability,Q403605,robustness,2,0,0,1,True,model,2
row900,Q727490|Q4218455,1,Q727490,scalability,Q4218455,qualification,2,0,0,1,True,model,2
row901,Q2269250|Q7351621,2,Q2269250,kilobit per second,Q7351621,unit of data rate,1,1,1,1,True,model,1
row902,Q1224345|Q1780543,4,Q1224345,differentiated services,Q1780543,communication technology,1,1,1,1,True,model,1
row903,Q1224345|Q207971,4,Q1224345,differentiated services,Q207971,token ring,2,0,1,0,True,model,2
row904,Q1224345|Q271870,4,Q1224345,differentiated services,Q271870,power-line communication,2,0,1,0,True,model,2
row905,Q1224345|Q12510110,4,Q1224345,differentiated services,Q12510110,SIMFi,2,1,0,0,True,model,2
row906,Q1224345|Q1630941,4,Q1224345,differentiated services,Q1630941,teleconference,2,1,1,1,True,model,2
row907,Q1224345|Q12565217,4,Q1224345,differentiated services,Q12565217,telecommunication technology,2,1,1,1,True,model,2
row908,Q1224345|Q854954,4,Q1224345,differentiated services,Q854954,videotelephony,3,1,1,1,True,model,3
row909,Q9135|Q17155032,2,Q9135,operating system,Q17155032,software category,1,1,0,0,True,model,1
row910,Q9135|Q907342,2,Q9135,operating system,Q907342,compatibility layer,2,1,0,0,False,bfs_auto_prune,
row911,Q9135|Q28168011,2,Q9135,operating system,Q28168011,X server,2,1,0,0,False,bfs_auto_prune,
row912,Q9135|Q1074158,2,Q9135,operating system,Q1074158,educational software,2,0,0,1,False,bfs_auto_prune,
row913,Q9135|Q487365,2,Q9135,operating system,Q487365,gateway,2,0,0,1,False,bfs_auto_prune,
row914,Q9135|Q1727373,2,Q9135,operating system,Q1727373,lint,2,0,0,1,False,bfs_auto_prune,
row915,Q9135|Q1756442,2,Q9135,operating system,Q1756442,LR parser,2,0,0,1,False,bfs_auto_prune,
row916,Q9135|Q643876,2,Q9135,operating system,Q643876,Virtual printer,2,1,0,0,False,bfs_auto_prune,
row917,Q9135|Q570871,2,Q9135,operating system,Q570871,email client,2,1,0,0,False,bfs_auto_prune,
row918,Q9135|Q28057030,2,Q9135,operating system,Q28057030,ERP software,2,0,0,1,False,bfs_auto_prune,
row919,Q9135|Q3077240,2,Q9135,operating system,Q3077240,forge,2,0,0,1,False,bfs_auto_prune,
row920,Q9135|Q15079042,2,Q9135,operating system,Q15079042,spaced repetition software,2,0,0,1,False,bfs_auto_prune,
row921,Q1083894|Q15078788,3,Q1083894,digital terrestrial television,Q15078788,broadcasting,1,1,1,1,True,model,1
row922,Q1083894|Q26261757,3,Q1083894,digital terrestrial television,Q26261757,live broadcast,2,1,1,1,True,model,2
row923,Q1083894|Q209588,3,Q1083894,digital terrestrial television,Q209588,satellite television,2,1,1,1,True,model,2
row924,Q1083894|Q26398,3,Q1083894,digital terrestrial television,Q26398,public broadcasting,2,1,1,1,True,model,2
row925,Q1083894|Q4453957,3,Q1083894,digital terrestrial television,Q4453957,television broadcasting,2,1,1,1,True,model,2
row926,Q1083894|Q779239,3,Q1083894,digital terrestrial television,Q779239,international broadcasting,2,1,1,1,True,model,2
row927,Q1083894|Q289,3,Q1083894,digital terrestrial television,Q289,television,2,1,1,1,True,model,2
row928,Q1083894|Q1962634,3,Q1083894,digital terrestrial television,Q1962634,news broadcasting,2,1,1,1,True,model,2
row929,Q1083894|Q21973903,3,Q1083894,digital terrestrial television,Q21973903,Broadcasting-satellite service,2,1,1,1,True,model,2
row930,Q1083894|Q175122,3,Q1083894,digital terrestrial television,Q175122,terrestrial television,3,1,1,1,True,model,3
row931,Q1083894|Q849194,3,Q1083894,digital terrestrial television,Q849194,color television,3,1,1,1,True,model,3
row932,Q1083894|Q258137,3,Q1083894,digital terrestrial television,Q258137,analog television,3,1,1,1,True,model,3
row933,Q1083894|Q5363932,3,Q1083894,digital terrestrial television,Q5363932,black and white television,3,1,1,1,True,model,3
row934,Q1083894|Q55276680,3,Q1083894,digital terrestrial television,Q55276680,television in a country,3,1,1,1,True,model,3
row935,Q1083894|Q2826075,3,Q1083894,digital terrestrial television,Q2826075,Mobile television,3,1,1,1,True,model,3
row936,Q1083894|Q5276186,3,Q1083894,digital terrestrial television,Q5276186,digital terrestrial television in the Philippines,4,1,1,1,True,model,4
row937,Q1083894|Q7631967,3,Q1083894,digital terrestrial television,Q7631967,Subscription television in New Zealand,4,0,0,1,True,model,4
row939,Q42332|Q235557,4,Q42332,Portable Document Format,Q235557,file format,1,1,1,1,True,model,1
row940,Q42332|Q26085352,4,Q42332,Portable Document Format,Q26085352,file format family,1,1,1,1,True,model,1
row941,Q42332|Q287067,4,Q42332,Portable Document Format,Q287067,ABC notation,2,0,0,1,True,model,2
row942,Q42332|Q18155479,4,Q42332,Portable Document Format,Q18155479,vector tile,2,0,0,1,True,model,2
row943,Q42332|Q5227180,4,Q42332,Portable Document Format,Q5227180,Data Interchange Format,2,0,0,1,True,model,2
row944,Q42332|Q1224822,4,Q42332,Portable Document Format,Q1224822,Digital Terrain Elevation Data,2,0,0,1,True,model,2
row945,Q42332|Q17154458,4,Q42332,Portable Document Format,Q17154458,Netpbm formats,2,0,0,1,True,model,2
row946,Q680268|Q15900647,1,Q680268,World Radiocommunication Conference,Q15900647,conference series,1,1,1,1,True,model,1
row947,Q680268|Q47258130,1,Q680268,World Radiocommunication Conference,Q47258130,scientific conference series,2,1,1,1,True,model,2
row948,Q680268|Q56220509,1,Q680268,World Radiocommunication Conference,Q56220509,annual conference,2,0,0,1,True,model,2
row949,Q865817|Q7397,2,Q865817,Java applet,Q7397,software,1,1,1,1,True,model,1
row950,Q865817|Q386197,2,Q865817,Java applet,Q386197,portable application,2,1,0,0,True,model,2
row951,Q865817|Q1004415,2,Q865817,Java applet,Q1004415,run-time system,2,1,0,0,True,model,2
row952,Q865817|Q50316487,2,Q865817,Java applet,Q50316487,CMD.EXE command,2,0,0,1,True,model,2
row953,Q865817|Q210499,2,Q865817,Java applet,Q210499,bulletin board system,2,0,0,1,True,model,2
row954,Q865817|Q735918,2,Q865817,Java applet,Q735918,applet,2,1,0,0,True,model,2
row959,Q865817|Q438556,2,Q865817,Java applet,Q438556,PHP accelerator,2,1,0,0,True,model,2
row960,Q39162|Q638608,3,Q39162,open source,Q638608,software development,1,1,1,1,True,model,1
row961,Q39162|Q49773,3,Q39162,open source,Q49773,social movement,1,1,1,1,True,model,1
row962,Q39162|Q1061635,3,Q39162,open source,Q1061635,video game development,2,0,0,1,True,model,2
row963,Q39162|Q2988038,3,Q39162,open source,Q2988038,mobile application development,2,0,0,1,True,model,2
row964,Q39162|Q7096425,3,Q39162,open source,Q7096425,open-source software development,2,1,0,0,True,model,2
row965,Q39162|Q2665555,3,Q39162,open source,Q2665555,Lean software development,2,0,0,1,True,model,2
row966,Q39162|Q30589910,3,Q39162,open source,Q30589910,low-code development platform,2,0,0,1,True,model,2
row967,Q39162|Q386275,3,Q39162,open source,Q386275,web development,2,0,0,1,True,model,2
row968,Q39162|Q17136959,3,Q39162,open source,Q17136959,Problem-oriented development,2,0,0,1,True,model,2
row969,Q39162|Q60741440,3,Q39162,open source,Q60741440,No-code development platform,2,0,0,1,True,model,2
row970,Q79738|Q3550873,4,Q79738,gigabyte,Q3550873,unit of information,1,1,1,1,True,model,1
row971,Q79738|Q726868,4,Q79738,gigabyte,Q726868,datagram,2,1,0,0,True,model,2
row972,Q79738|Q1999954,4,Q79738,gigabyte,Q1999954,standard page,2,1,0,0,True,model,2
row973,Q79738|Q1654276,4,Q79738,gigabyte,Q1654276,IP packet,3,1,0,0,False,bfs_auto_prune,
row974,Q79738|Q3189917,4,Q79738,gigabyte,Q3189917,Jumbogram,3,1,0,0,False,bfs_auto_prune,
row975,Q79738|Q4342328,4,Q79738,gigabyte,Q4342328,IPv6 packet,4,1,0,0,False,bfs_auto_prune,
row976,Q242506|Q15836568,0,Q242506,Frame Relay,Q15836568,computer network protocol,1,1,1,1,True,model,1
row977,Q242506|Q1422324,0,Q242506,Frame Relay,Q1422324,Telecommunications Management Network,2,1,0,0,True,model,2
row978,Q242506|Q28380029,0,Q242506,Frame Relay,Q28380029,network file system,2,0,0,1,True,model,2
row979,Q242506|Q8777,0,Q242506,Frame Relay,Q8777,Hypertext Transfer Protocol,2,0,0,1,True,model,2
row980,Q242506|Q5013874,0,Q242506,Frame Relay,Q5013874,CRFS (Coherent Remote File System),2,0,0,1,True,model,2
row981,Q242506|Q2622793,0,Q242506,Frame Relay,Q2622793,JetDirect,2,0,0,1,True,model,2
row982,Q242506|Q203087,0,Q242506,Frame Relay,Q203087,signaling protocol,2,1,0,0,True,model,2
row983,Q242506|Q3359815,0,Q242506,Frame Relay,Q3359815,PPPoX,2,1,0,0,True,model,2
row984,Q841645|Q11016,0,Q841645,Internet television,Q11016,technology,1,1,1,1,True,model,1
row985,Q841645|Q104954,0,Q841645,Internet television,Q104954,radio-frequency identification,2,0,0,1,True,model,2
row986,Q841645|Q1780543,0,Q841645,Internet television,Q1780543,communication technology,2,1,0,0,True,model,2
row987,Q841645|Q743030,0,Q841645,Internet television,Q743030,environmental technology,2,0,0,1,True,model,2
row989,Q841645|Q48772760,0,Q841645,Internet television,Q48772760,Solar energy conversion,2,0,0,1,True,model,2
row990,Q841645|Q4704909,0,Q841645,Internet television,Q4704909,Ancient Greek technology,2,0,0,1,True,model,2
row991,Q841645|Q1742264,0,Q841645,Internet television,Q1742264,film technology,2,1,0,0,True,model,2
row992,Q841645|Q7449091,0,Q841645,Internet television,Q7449091,Semantic technology,2,0,0,1,True,model,2
row993,Q841645|Q5063947,0,Q841645,Internet television,Q5063947,low floor technology,2,0,0,1,True,model,2
row994,Q841645|Q6631525,0,Q841645,Internet television,Q6631525,food engineering,2,0,0,1,True,model,2
row995,Q841645|Q18657814,0,Q841645,Internet television,Q18657814,isothermal technology,2,0,0,1,True,model,2
row996,Q841645|Q6764311,0,Q841645,Internet television,Q6764311,marine technology,2,0,0,1,True,model,2
row997,Q841645|Q19292902,0,Q841645,Internet television,Q19292902,vehicle safety technology,2,0,0,1,True,model,2
row998,Q841645|Q1000064,0,Q841645,Internet television,Q1000064,nuclear reactor technology,2,0,0,1,True,model,2
row999,Q841645|Q348091,0,Q841645,Internet television,Q348091,nuclear technology,2,0,0,1,True,model,2
row1000,Q841645|Q2865882,0,Q841645,Internet television,Q2865882,industrial arts,2,0,0,1,True,model,2
row1002,Q841645|Q12739,0,Q841645,Internet television,Q12739,nuclear power,2,0,0,1,True,model,2
row1003,Q841645|Q6140109,0,Q841645,Internet television,Q6140109,materials technology,2,0,0,1,True,model,2
row1004,Q841645|Q211017,0,Q841645,Internet television,Q211017,e-government,2,0,0,1,True,model,2
row1005,Q841645|Q23001701,0,Q841645,Internet television,Q23001701,technics,2,1,0,0,True,model,2
row1006,Q841645|Q7096284,0,Q841645,Internet television,Q7096284,web platform,2,0,0,1,True,model,2
row1007,Q841645|Q282413,0,Q841645,Internet television,Q282413,Roman technology,2,0,0,1,True,model,2
row1008,Q841645|Q466410,0,Q841645,Internet television,Q466410,high tech,2,1,0,0,True,model,2
row1009,Q841645|Q54006339,0,Q841645,Internet television,Q54006339,display technology,2,1,0,0,True,model,2
row1010,Q841645|Q11971600,0,Q841645,Internet television,Q11971600,gas power,2,0,0,1,True,model,2
row1011,Q841645|Q1001378,0,Q841645,Internet television,Q1001378,cinematic technique,2,0,0,1,True,model,2
row1012,Q841645|Q1751537,0,Q841645,Internet television,Q1751537,membrane technology,2,0,0,1,True,model,2
row1013,Q841645|Q211500,0,Q841645,Internet television,Q211500,pneumatics,2,0,0,1,True,model,2
row1014,Q841645|Q7312473,0,Q841645,Internet television,Q7312473,Renaissance technology,2,0,0,1,True,model,2
row1015,Q841645|Q3180036,0,Q841645,Internet television,Q3180036,medieval technology,2,0,0,1,True,model,2
row1016,Q841645|Q14326701,0,Q841645,Internet television,Q14326701,aspect-oriented software development,2,0,0,1,True,model,2
row1017,Q841645|Q6941971,0,Q841645,Internet television,Q6941971,music instrument technology,2,0,0,1,True,model,2
row1018,Q841645|Q1122355,0,Q841645,Internet television,Q1122355,Computer telephony integration,2,1,0,0,True,model,2
row1019,Q841645|Q4086911,0,Q841645,Internet television,Q4086911,biomedical technology,2,0,0,1,True,model,2
row1020,Q841645|Q16319025,0,Q841645,Internet television,Q16319025,financial technology,2,0,0,1,True,model,2
row1021,Q841645|Q1392806,0,Q841645,Internet television,Q1392806,drug delivery,2,0,0,1,True,model,2
row1022,Q841645|Q1519843,0,Q841645,Internet television,Q1519843,health technology,2,0,0,1,True,model,2
row1023,Q841645|Q1916441,0,Q841645,Internet television,Q1916441,media technology,2,1,0,0,True,model,2
row1024,Q841645|Q60790901,0,Q841645,Internet television,Q60790901,Pedestrian crash avoidance mitigation,2,0,0,1,True,model,2
row1025,Q841645|Q6887246,0,Q841645,Internet television,Q6887246,mobile technology,2,0,0,1,True,model,2
row1026,Q841645|Q911772,0,Q841645,Internet television,Q911772,technical chemistry,2,0,0,1,True,model,2
row1027,Q846636|Q11862829,2,Q846636,software architecture,Q11862829,academic discipline,1,1,1,1,True,model,1
row1028,Q846636|Q4671286,2,Q846636,software architecture,Q4671286,academic major,1,1,1,1,True,model,1
row1030,Q846636|Q52109,2,Q846636,software architecture,Q52109,geomorphology,2,0,0,1,True,model,2
row1037,Q846636|Q4785472,2,Q846636,software architecture,Q4785472,archaeological sub-discipline,2,0,0,1,True,model,2
row1038,Q846636|Q4740894,2,Q846636,software architecture,Q4740894,fish disease and parasites,2,0,0,1,True,model,2
row1041,Q846636|Q6168352,2,Q846636,software architecture,Q6168352,jazz education,2,0,0,1,True,model,2
row1043,Q846636|Q7394713,2,Q846636,software architecture,Q7394713,STEAM fields,2,1,0,0,True,model,2
row1045,Q846636|Q57204579,2,Q846636,software architecture,Q57204579,social ecology,2,0,0,1,True,model,2
row1047,Q846636|Q1756157,2,Q846636,software architecture,Q1756157,area of law,2,0,0,1,True,model,2
row1049,Q846636|Q30642,2,Q846636,software architecture,Q30642,natural language processing,2,0,0,1,True,model,2
row1051,Q846636|Q1881523,2,Q846636,software architecture,Q1881523,STEM fields,2,1,0,0,True,model,2
row1052,Q846636|Q190553,2,Q846636,software architecture,Q190553,sociobiology,2,0,0,1,True,model,2
row1053,Q846636|Q2067634,2,Q846636,software architecture,Q2067634,quantity surveyor,2,0,0,1,True,model,2
row1054,Q846636|Q54254208,2,Q846636,software architecture,Q54254208,environmental research,2,0,0,1,True,model,2
row1056,Q846636|Q60310061,2,Q846636,software architecture,Q60310061,branch of theology,2,0,0,1,True,model,2
row1057,Q846636|Q55693872,2,Q846636,software architecture,Q55693872,medicine,2,0,0,1,True,model,2
row1060,Q846636|Q376657,2,Q846636,software architecture,Q376657,strategic management,2,0,0,1,True,model,2
row1061,Q846636|Q208202,2,Q846636,software architecture,Q208202,European Union law,2,0,0,1,True,model,2
row1065,Q846636|Q2377182,2,Q846636,software architecture,Q2377182,System analysis,2,1,0,0,True,model,2
row1066,Q846636|Q184784,2,Q846636,software architecture,Q184784,architectural drawing,2,0,0,1,True,model,2
row1067,Q846636|Q55693913,2,Q846636,software architecture,Q55693913,Geology and Geoinformatics - GG,2,0,0,1,True,model,2
row1068,Q846636|Q58681669,2,Q846636,software architecture,Q58681669,Aegean glyptic,2,0,0,1,True,model,2
row1069,Q846636|Q55693899,2,Q846636,software architecture,Q55693899,Software and internet technologies,2,1,0,0,True,model,2
row1072,Q846636|Q55693892,2,Q846636,software architecture,Q55693892,Fishery and Aquaculture,2,0,0,1,True,model,2
row1074,Q846636|Q2001056,2,Q846636,software architecture,Q2001056,land management,2,0,0,1,True,model,2
row1076,Q846636|Q55693908,2,Q846636,software architecture,Q55693908,Electrochemistry and corrosion protection,2,0,0,1,True,model,2
row1077,Q846636|Q55693875,2,Q846636,software architecture,Q55693875,International Economic Relationships,2,0,0,1,True,model,2
row1085,Q846636|Q22811234,2,Q846636,software architecture,Q22811234,branch of philosophy,2,0,0,1,True,model,2
row1087,Q846636|Q60680430,2,Q846636,software architecture,Q60680430,branch of psychology,2,0,0,1,True,model,2
row1089,Q846636|Q17112037,2,Q846636,software architecture,Q17112037,translational medicine,2,0,0,1,True,model,2
row1091,Q846636|Q249542,2,Q846636,software architecture,Q249542,transdisciplinarity,2,0,0,1,True,model,2
row1094,Q846636|Q5031434,2,Q846636,software architecture,Q5031434,cancer epigenetics,2,0,0,1,True,model,2
row1095,Q846636|Q16602093,2,Q846636,software architecture,Q16602093,legislative drafting,2,0,0,1,True,model,2
row1100,Q846636|Q55693882,2,Q846636,software architecture,Q55693882,Technology of water,2,0,0,1,True,model,2
row1101,Q846636|Q811979,2,Q846636,software architecture,Q811979,architectural structure,2,0,0,1,True,model,2
row1102,Q846636|Q19935939,2,Q846636,software architecture,Q19935939,branch of geography,2,0,0,1,True,model,2
row1103,Q3029579|Q327333,1,Q3029579,Direction interministérielle du numérique et du système d’information et de communication (DINSIC),Q327333,government agency,1,1,1,1,True,model,1
row1106,Q3029579|Q1851579,1,Q3029579,Direction interministérielle du numérique et du système d’information et de communication (DINSIC),Q1851579,Secretariat of the Central Committee of the Communist Party of the Soviet Union,2,0,0,1,True,model,2
row1107,Q3029579|Q3029442,1,Q3029579,Direction interministérielle du numérique et du système d’information et de communication (DINSIC),Q3029442,directorate,2,1,0,0,True,model,2
row1108,Q3029579|Q28599747,1,Q3029579,Direction interministérielle du numérique et du système d’information et de communication (DINSIC),Q28599747,education agency,2,0,0,1,True,model,2
row1109,Q3029579|Q732717,1,Q3029579,Direction interministérielle du numérique et du système d’information et de communication (DINSIC),Q732717,law enforcement agency,2,0,0,1,True,model,2
row1111,Q3029579|Q59456832,1,Q3029579,Direction interministérielle du numérique et du système d’information et de communication (DINSIC),Q59456832,medical board,2,0,0,1,True,model,2
row1112,Q273902|Q1144899,3,Q273902,MPEG-2,Q1144899,broadcast television system,1,1,1,1,True,model,1
row1113,Q273902|Q2043676,3,Q273902,MPEG-2,Q2043676,PAL-50,2,1,0,0,True,model,2
row1115,Q273902|Q2043680,3,Q273902,MPEG-2,Q2043680,PAL-60,2,1,1,1,True,model,2
row1116,Q29120|Q271680,3,Q29120,Apache Hadoop,Q271680,software framework,1,1,1,1,True,model,1
row1117,Q29120|Q341,3,Q29120,Apache Hadoop,Q341,free software,1,1,1,1,True,model,1
row1118,Q29120|Q388,3,Q29120,Apache Hadoop,Q388,Linux,2,0,0,1,True,model,2
row1119,Q29120|Q1330336,3,Q29120,Apache Hadoop,Q1330336,web framework,2,0,0,1,True,model,2
row1120,Q29120|Q7935188,3,Q29120,Apache Hadoop,Q7935188,virtual world framework,2,0,0,1,True,model,2
row1121,Q29120|Q39999225,3,Q29120,Apache Hadoop,Q39999225,Apache Foundation project,2,1,0,0,True,model,2
row1123,Q29120|Q20983788,3,Q29120,Apache Hadoop,Q20983788,free operating system,2,1,0,0,True,model,2
row1125,Q146768|Q17155032,2,Q146768,middleware,Q17155032,software category,1,1,1,1,True,model,1
row1126,Q858810|Q188267,4,Q858810,big data,Q188267,programming paradigm,1,1,1,1,True,model,1
row1127,Q858810|Q82550,4,Q858810,big data,Q82550,buzzword,1,1,1,1,True,model,1
row1128,Q858810|Q5172467,4,Q858810,big data,Q5172467,Corporate jargon,2,1,0,0,True,model,2
row1129,Q131566|Q1328899,1,Q131566,Institute of Electrical and Electronics Engineers,Q1328899,standards organization,1,1,1,1,True,model,1
row1131,Q131566|Q163740,1,Q131566,Institute of Electrical and Electronics Engineers,Q163740,nonprofit organization,1,1,1,1,True,model,1
row1132,Q131566|Q45400320,1,Q131566,Institute of Electrical and Electronics Engineers,Q45400320,open-access publisher,1,1,1,1,True,model,1
row1133,Q131566|Q829080,1,Q131566,Institute of Electrical and Electronics Engineers,Q829080,professional association,1,1,1,1,True,model,1
row1134,Q131566|Q2085381,1,Q131566,Institute of Electrical and Electronics Engineers,Q2085381,publisher,1,1,1,1,True,model,1
row1135,Q131566|Q51885731,1,Q131566,Institute of Electrical and Electronics Engineers,Q51885731,European Standardization Organization,2,1,1,1,True,model,2
row1136,Q131566|Q3269648,1,Q131566,Institute of Electrical and Electronics Engineers,Q3269648,community organization,2,1,0,0,True,model,2
row1137,Q131566|Q11424445,1,Q131566,Institute of Electrical and Electronics Engineers,Q11424445,jihon don'ya,2,0,0,1,True,model,2
row1138,Q131566|Q15277759,1,Q131566,Institute of Electrical and Electronics Engineers,Q15277759,national standards organisation,2,1,1,1,True,model,2
row1139,Q131566|Q659206,1,Q131566,Institute of Electrical and Electronics Engineers,Q659206,Technischer Überwachungsverein,2,1,0,0,True,model,2
row1140,Q131566|Q2024496,1,Q131566,Institute of Electrical and Electronics Engineers,Q2024496,online publisher,2,1,0,0,True,model,2
row1141,Q131566|Q31883598,1,Q131566,Institute of Electrical and Electronics Engineers,Q31883598,ideell förening,2,0,0,1,True,model,2
row1142,Q131566|Q240625,1,Q131566,Institute of Electrical and Electronics Engineers,Q240625,501(c) organization,2,0,0,1,True,model,2
row1143,Q131566|Q149985,1,Q131566,Institute of Electrical and Electronics Engineers,Q149985,self-publishing company,2,1,0,0,True,model,2
row1144,Q131566|Q2396296,1,Q131566,Institute of Electrical and Electronics Engineers,Q2396296,Helsinki Committee for Human Rights,2,0,0,1,True,model,2
row1145,Q131566|Q52162350,1,Q131566,Institute of Electrical and Electronics Engineers,Q52162350,regional standards organisation,2,1,0,0,True,model,2
row1146,Q131566|Q1500848,1,Q131566,Institute of Electrical and Electronics Engineers,Q1500848,Gemeinnützige Aktiengesellschaft,2,0,0,1,True,model,2
row1147,Q131566|Q61755026,1,Q131566,Institute of Electrical and Electronics Engineers,Q61755026,LGBT publisher,2,0,0,1,True,model,2
row1148,Q2872789|Q1940786,3,Q2872789,Autorité de Régulation des Communications Électroniques  des Postes et de la Distribution de la Presse,Q1940786,quasi-autonomous non-governmental organisation,1,1,1,1,True,model,1
row1149,Q2872789|Q7192831,3,Q2872789,Autorité de Régulation des Communications Électroniques  des Postes et de la Distribution de la Presse,Q7192831,public body in Hong Kong,2,0,0,1,True,model,2
row1150,Q2872789|Q32798322,3,Q2872789,Autorité de Régulation des Communications Électroniques  des Postes et de la Distribution de la Presse,Q32798322,zelfstandig bestuursorgaan,2,0,0,1,True,model,2
row1151,Q2872789|Q3343298,3,Q2872789,Autorité de Régulation des Communications Électroniques  des Postes et de la Distribution de la Presse,Q3343298,non-departmental public body,2,0,0,1,True,model,2
row1153,Q1139465|Q317623,3,Q1139465,Signalling System No. 7,Q317623,technical standard,1,1,1,1,True,model,1
row1154,Q1139465|Q26763979,3,Q1139465,Signalling System No. 7,Q26763979,mobile phone network standard,2,1,1,1,True,model,2
row1155,Q1139465|Q132364,3,Q1139465,Signalling System No. 7,Q132364,communication protocol,2,1,1,1,True,model,2
row1156,Q484598|Q228502,0,Q484598,CAPTCHA,Q228502,access control,1,1,1,1,True,model,1
row1157,Q484598|Q1146283,0,Q484598,CAPTCHA,Q1146283,turnstile,2,0,0,1,True,model,2
row1159,Q484598|Q338966,0,Q484598,CAPTCHA,Q338966,access-control list,2,0,1,0,True,model,2
row1160,Q484598|Q756230,0,Q484598,CAPTCHA,Q756230,directory service,2,0,1,0,True,model,2
row1161,Q484598|Q977772,0,Q484598,CAPTCHA,Q977772,identity management,2,1,1,1,True,model,2
row1162,Q484598|Q17125828,0,Q484598,CAPTCHA,Q17125828,logical access control,2,1,1,1,True,model,2
row1163,Q484598|Q55603125,0,Q484598,CAPTCHA,Q55603125,account verification,3,1,1,1,True,model,3
row1164,Q488244|Q9135,1,Q488244,Windows Embedded Compact,Q9135,operating system,1,1,1,1,True,model,1
row1165,Q488244|Q218616,1,Q488244,Windows Embedded Compact,Q218616,proprietary software,1,1,1,1,True,model,1
row1166,Q488244|Q7075017,1,Q488244,Windows Embedded Compact,Q7075017,Object-oriented operating system,2,0,0,1,True,model,2
row1167,Q488244|Q43627,1,Q488244,Windows Embedded Compact,Q43627,Macintosh operating systems,2,1,0,0,True,model,2
row1168,Q488244|Q763151,1,Q488244,Windows Embedded Compact,Q763151,proprietary device driver,2,0,1,0,True,model,2
row1170,Q488244|Q1198514,1,Q488244,Windows Embedded Compact,Q1198514,ring,2,0,0,1,True,model,2
row1171,Q488244|Q3512599,1,Q488244,Windows Embedded Compact,Q3512599,TV Giant,2,0,1,0,True,model,2
row1172,Q44484|Q15836568,0,Q44484,HTTPS,Q15836568,computer network protocol,1,1,1,1,True,model,1
row1173,Q44484|Q1422324,0,Q44484,HTTPS,Q1422324,Telecommunications Management Network,2,1,0,0,True,model,2
row1174,Q44484|Q8777,0,Q44484,HTTPS,Q8777,Hypertext Transfer Protocol,2,1,0,0,True,model,2
row1175,Q44484|Q5013874,0,Q44484,HTTPS,Q5013874,CRFS (Coherent Remote File System),2,0,0,1,True,model,2
row1176,Q44484|Q2622793,0,Q44484,HTTPS,Q2622793,JetDirect,2,0,0,1,True,model,2
row1177,Q44484|Q3359815,0,Q44484,HTTPS,Q3359815,PPPoX,2,0,0,1,True,model,2
row1179,Q1150497|Q959962,2,Q1150497,burn down chart,Q959962,diagram,1,1,1,1,True,model,1
row1180,Q1150497|Q5699136,2,Q1150497,burn down chart,Q5699136,height–velocity diagram,2,0,0,1,True,model,2
row1181,Q1150497|Q15221534,2,Q1150497,burn down chart,Q15221534,sentence diagram,2,0,0,1,True,model,2
row1183,Q1150497|Q28923,2,Q1150497,burn down chart,Q28923,chart,2,1,0,0,True,model,2
row1184,Q1150497|Q138583,2,Q1150497,burn down chart,Q138583,exploded view drawing,2,0,0,1,True,model,2
row1185,Q1138866|Q163740,4,Q1138866,International Commission on Non-Ionizing Radiation Protection,Q163740,nonprofit organization,1,1,1,1,True,model,1
row1186,Q1138866|Q11570934,4,Q1138866,International Commission on Non-Ionizing Radiation Protection,Q11570934,specified non-profit corporation,2,1,0,0,True,model,2
row1187,Q1138866|Q17084016,4,Q1138866,International Commission on Non-Ionizing Radiation Protection,Q17084016,nonprofit corporation,2,1,0,0,True,model,2
row1188,Q467707|Q17155032,4,Q467707,software development kit,Q17155032,software category,1,1,1,1,True,model,1
row1189,Q467707|Q1074158,4,Q467707,software development kit,Q1074158,educational software,2,0,1,0,True,model,2
row1190,Q467707|Q3077240,4,Q467707,software development kit,Q3077240,forge,2,1,1,1,True,model,2
row1191,Q467707|Q643876,4,Q467707,software development kit,Q643876,Virtual printer,2,0,1,0,True,model,2
row1192,Q467707|Q570871,4,Q467707,software development kit,Q570871,email client,2,0,1,0,True,model,2
row1193,Q338966|Q1799072,1,Q338966,access-control list,Q1799072,method,1,1,1,1,True,model,1
row1194,Q338966|Q5341294,1,Q338966,access-control list,Q5341294,educational measurement,2,0,0,1,True,model,2
row1195,Q338966|Q46857,1,Q338966,access-control list,Q46857,scientific method,2,0,0,1,True,model,2
row1196,Q338966|Q23656961,1,Q338966,access-control list,Q23656961,storage,2,0,0,1,True,model,2
row1197,Q338966|Q3406136,1,Q338966,access-control list,Q3406136,ProMES,2,0,0,1,True,model,2
row1198,Q338966|Q1368455,1,Q338966,access-control list,Q1368455,opt-out,2,0,0,1,True,model,2
row1199,Q338966|Q26883106,1,Q338966,access-control list,Q26883106,finely chopped,2,0,0,1,True,model,2
row1200,Q338966|Q4116218,1,Q338966,access-control list,Q4116218,conversion of scripts,2,0,0,1,True,model,2
row1201,Q79692|Q26763979,0,Q79692,3G,Q26763979,mobile phone network standard,1,1,1,1,True,model,1
row1202,Q79692|Q2674461,0,Q79692,3G,Q2674461,mobile phone generation,1,1,1,1,True,model,1
row1203,Q79692|Q1023122,0,Q79692,3G,Q1023122,CDMA2000,2,1,1,1,True,model,2
row1204,Q276582|Q3244670,4,Q276582,binary-coded decimal,Q3244670,computer numbering format,1,1,1,1,True,model,1
row1205,Q276582|Q117879,4,Q276582,binary-coded decimal,Q117879,floating point,2,1,1,1,True,model,2
row1206,Q276582|Q55634700,4,Q276582,binary-coded decimal,Q55634700,tapered floating point,2,1,0,0,True,model,2
row1207,Q276582|Q649900,4,Q276582,binary-coded decimal,Q649900,fixed-point arithmetic,2,1,1,1,True,model,2
row1208,Q276582|Q729138,4,Q276582,binary-coded decimal,Q729138,integer data type,2,1,1,1,True,model,2
row1209,Q276582|Q527381,4,Q276582,binary-coded decimal,Q527381,arbitrary-precision arithmetic,2,1,0,0,True,model,2
row1210,Q276582|Q3329233,4,Q276582,binary-coded decimal,Q3329233,logarithmic number system,2,1,1,1,True,model,2
row1211,Q276582|Q25211958,4,Q276582,binary-coded decimal,Q25211958,Unum,2,1,1,1,True,model,2
row1212,Q276582|Q5091568,4,Q276582,binary-coded decimal,Q5091568,Chen–Ho encoding,2,1,1,1,True,model,2
row1213,Q276582|Q7454683,4,Q276582,binary-coded decimal,Q7454683,Serial decimal,2,1,1,1,True,model,2
row1214,Q276582|Q7661310,4,Q276582,binary-coded decimal,Q7661310,symmetric level-index arithmetic,2,0,1,0,True,model,2
row1215,Q276582|Q5359789,4,Q276582,binary-coded decimal,Q5359789,signed number representation,2,1,1,1,True,model,2
row1216,Q276582|Q858684,4,Q276582,binary-coded decimal,Q858684,,3,1,1,1,True,model,3
row1217,Q276582|Q5249173,4,Q276582,binary-coded decimal,Q5249173,decimal floating point,3,1,1,1,True,model,3
row1218,Q276582|Q1070094,4,Q276582,binary-coded decimal,Q1070094,subnormal number,3,1,1,1,True,model,3
row1219,Q276582|Q1243369,4,Q276582,binary-coded decimal,Q1243369,double-precision floating-point format,3,1,1,1,True,model,3
row1220,Q276582|Q449270,4,Q276582,binary-coded decimal,Q449270,minifloat,3,1,1,1,True,model,3
row1221,Q276582|Q7051819,4,Q276582,binary-coded decimal,Q7051819,normal number,3,1,1,1,True,model,3
row1222,Q869830|Q93288,2,Q869830,service-level agreement,Q93288,contract,1,1,1,1,True,model,1
row1223,Q869830|Q10825785,2,Q869830,service-level agreement,Q10825785,service contract,2,1,0,0,True,model,2
row1224,Q869830|Q661305,2,Q869830,service-level agreement,Q661305,Capitulation,2,0,0,1,True,model,2
row1225,Q869830|Q337559,2,Q869830,service-level agreement,Q337559,intergenerational contract,2,0,0,1,True,model,2
row1226,Q869830|Q79719,2,Q869830,service-level agreement,Q79719,license,2,1,0,0,True,model,2
row1227,Q869830|Q745126,2,Q869830,service-level agreement,Q745126,association agreement,2,0,0,1,True,model,2
row1228,Q869830|Q3741447,2,Q869830,service-level agreement,Q3741447,loan agreement,2,0,0,1,True,model,2
row1229,Q869830|Q7314873,2,Q869830,service-level agreement,Q7314873,Requirements contract,2,1,0,0,True,model,2
row1230,Q94|Q241317,4,Q94,Android,Q241317,computing platform,1,1,1,1,True,model,1
row1231,Q94|Q920890,4,Q94,Android,Q920890,mobile operating system,1,1,1,1,True,model,1
row1233,Q94|Q4885200,4,Q94,Android,Q4885200,Windows Phone,2,1,1,1,True,model,2
row1234,Q94|Q5362345,4,Q94,Android,Q5362345,smartwatch,2,1,0,0,True,model,2
row1235,Q94|Q6368,4,Q94,Android,Q6368,web browser,2,0,0,1,True,model,2
row1236,Q94|Q483318,4,Q94,Android,Q483318,Symbian,2,1,1,1,True,model,2
row1238,Q94|Q965769,4,Q94,Android,Q965769,continuous integration,2,0,0,1,True,model,2
row1239,Q94|Q1466064,4,Q94,Android,Q1466064,processor,2,0,0,1,True,model,2
row1240,Q94|Q1153767,4,Q94,Android,Q1153767,platform as a service,2,0,0,1,True,model,2
row1241,Q94|Q34825,4,Q94,Android,Q34825,Windows Phone 8,3,1,1,1,True,model,3
row1242,Q94|Q941283,4,Q94,Android,Q941283,S60,3,1,1,1,True,model,3
row1243,Q94|Q18845397,4,Q94,Android,Q18845397,Windows 10 Mobile,3,1,1,1,True,model,3
row1244,Q94|Q1854343,4,Q94,Android,Q1854343,Windows Phone 7.x,3,1,1,1,True,model,3
row1245,Q94|Q15282750,4,Q94,Android,Q15282750,Windows Phone 8.1,3,1,1,1,True,model,3
row1247,Q146368|Q11173,1,Q146368,polyvinyl chloride,Q11173,chemical compound,1,1,1,1,True,model,1
row1248,Q146368|Q15303351,1,Q146368,polyvinyl chloride,Q15303351,art material,1,0,1,0,True,model,1
row1250,Q146368|Q1812439,1,Q146368,polyvinyl chloride,Q1812439,vinyl polymer,1,1,1,1,True,model,1
row1256,Q212633|Q7927899,2,Q212633,H.264/MPEG-4 AVC,Q7927899,video compression format,1,1,1,1,True,model,1
row1257,Q212633|Q55935585,2,Q212633,H.264/MPEG-4 AVC,Q55935585,ITU-T Recommendation,1,1,1,1,True,model,1
row1258,Q212633|Q55936923,2,Q212633,H.264/MPEG-4 AVC,Q55936923,ITU-T recommendation version,2,0,0,1,True,model,2
row1259,Q212633|Q1206939,2,Q212633,H.264/MPEG-4 AVC,Q1206939,IMT-2000,2,0,0,1,True,model,2
row1260,Q212633|Q731128,2,Q212633,H.264/MPEG-4 AVC,Q731128,X.500,2,0,0,1,True,model,2
row1261,Q212633|Q300851,2,Q212633,H.264/MPEG-4 AVC,Q300851,X.400,2,0,0,1,True,model,2
row1262,Q212633|Q25388255,2,Q212633,H.264/MPEG-4 AVC,Q25388255,AOMedia Video,2,1,1,1,True,model,2
row1263,Q212633|Q1562489,2,Q212633,H.264/MPEG-4 AVC,Q1562489,ITU-T recommendations H-series,2,0,0,1,True,model,2
row1264,Q916196|Q4830453,3,Q916196,Citrix Systems,Q4830453,business,1,1,1,1,True,model,1
row1265,Q916196|Q6881511,3,Q916196,Citrix Systems,Q6881511,enterprise,1,1,1,1,True,model,1
row1266,Q916196|Q1058914,3,Q916196,Citrix Systems,Q1058914,software company,1,1,1,1,True,model,1
row1267,Q916196|Q891723,3,Q916196,Citrix Systems,Q891723,public company,1,1,1,1,True,model,1
row1268,Q916196|Q30688741,3,Q916196,Citrix Systems,Q30688741,virtual restaurant,2,0,0,1,True,model,2
row1269,Q916196|Q1529128,3,Q916196,Citrix Systems,Q1529128,postal service,2,0,0,1,True,model,2
row1270,Q916196|Q1331793,3,Q916196,Citrix Systems,Q1331793,media company,2,0,0,1,True,model,2
row1271,Q916196|Q1757263,3,Q916196,Citrix Systems,Q1757263,moving company,2,0,0,1,True,model,2
row1272,Q916196|Q3591545,3,Q916196,Citrix Systems,Q3591545,financial service company,2,0,0,1,True,model,2
row1273,Q916196|Q1719063,3,Q916196,Citrix Systems,Q1719063,betting shop,2,0,0,1,True,model,2
row1274,Q916196|Q50825050,3,Q916196,Citrix Systems,Q50825050,Concession company,2,0,0,1,True,model,2
row1275,Q916196|Q3515239,3,Q916196,Citrix Systems,Q3515239,tannery,2,0,0,1,True,model,2
row1276,Q916196|Q2865305,3,Q916196,Citrix Systems,Q2865305,trading company,2,0,0,1,True,model,2
row1278,Q916196|Q726870,3,Q916196,Citrix Systems,Q726870,brick and mortar,2,0,0,1,True,model,2
row1279,Q916196|Q1132207,3,Q916196,Citrix Systems,Q1132207,business incubator,2,0,0,1,True,model,2
row1280,Q916196|Q16968466,3,Q916196,Citrix Systems,Q16968466,regional health authority,2,0,0,1,True,model,2
row1281,Q916196|Q1200676,3,Q916196,Citrix Systems,Q1200676,design agency,2,0,0,1,True,model,2
row1282,Q916196|Q1116826,3,Q916196,Citrix Systems,Q1116826,private security company,2,0,0,1,True,model,2
row1283,Q916196|Q25112142,3,Q916196,Citrix Systems,Q25112142,dental service organization,2,0,0,1,True,model,2
row1284,Q916196|Q217107,3,Q916196,Citrix Systems,Q217107,travel agency,2,0,0,1,True,model,2
row1285,Q916196|Q2566474,3,Q916196,Citrix Systems,Q2566474,sutler,2,0,0,1,True,model,2
row1287,Q916196|Q1520069,3,Q916196,Citrix Systems,Q1520069,bottling company,2,0,0,1,True,model,2
row1288,Q916196|Q1109680,3,Q916196,Citrix Systems,Q1109680,small business,2,0,0,1,True,model,2
row1289,Q916196|Q7830259,3,Q916196,Citrix Systems,Q7830259,Township and Village Enterprises,2,0,0,1,True,model,2
row1290,Q916196|Q1341478,3,Q916196,Citrix Systems,Q1341478,energy company,2,0,0,1,True,model,2
row1291,Q916196|Q6500733,3,Q916196,Citrix Systems,Q6500733,printer,2,0,0,1,True,model,2
row1293,Q916196|Q11885129,3,Q916196,Citrix Systems,Q11885129,artist agency,2,0,0,1,True,model,2
row1294,Q916196|Q476118,3,Q916196,Citrix Systems,Q476118,reinsurance,2,0,0,1,True,model,2
row1295,Q916196|Q220142,3,Q916196,Citrix Systems,Q220142,pet store,2,0,0,1,True,model,2
row1296,Q916196|Q161726,3,Q916196,Citrix Systems,Q161726,multinational corporation,2,1,0,0,True,model,2
row1297,Q916196|Q1395324,3,Q916196,Citrix Systems,Q1395324,family business,2,0,0,1,True,model,2
row1299,Q916196|Q5384579,3,Q916196,Citrix Systems,Q5384579,Equipment rental,2,0,0,1,True,model,2
row1301,Q916196|Q133744,3,Q916196,Citrix Systems,Q133744,tour operator,2,0,0,1,True,model,2
row1303,Q916196|Q8303885,3,Q916196,Citrix Systems,Q8303885,trust company,2,0,0,1,True,model,2
row1304,Q392502|Q327333,2,Q392502,Agence nationale de la sécurité des systèmes d'information,Q327333,government agency,1,1,1,1,True,model,1
row1305,Q392502|Q939616,2,Q392502,Agence nationale de la sécurité des systèmes d'information,Q939616,DEA,2,0,0,1,True,model,2
row1307,Q392502|Q28599747,2,Q392502,Agence nationale de la sécurité des systèmes d'information,Q28599747,education agency,2,0,0,1,True,model,2
row1308,Q392502|Q6936301,2,Q392502,Agence nationale de la sécurité des systèmes d'information,Q6936301,municipal authority in Pennsylvania,2,0,0,1,True,model,2
row1309,Q392502|Q4164294,2,Q392502,Agence nationale de la sécurité des systèmes d'information,Q4164294,Indonesian non-structural government agency,2,0,0,1,True,model,2
row1310,Q392502|Q652812,2,Q392502,Agence nationale de la sécurité des systèmes d'information,Q652812,port authority,2,0,0,1,True,model,2
row1311,Q392502|Q6498663,2,Q392502,Agence nationale de la sécurité des systèmes d'information,Q6498663,fire department,2,0,0,1,True,model,2
row1313,Q392502|Q5520196,2,Q392502,Agence nationale de la sécurité des systèmes d'information,Q5520196,gaming control board,2,0,0,1,True,model,2
row1315,Q392502|Q28821169,2,Q392502,Agence nationale de la sécurité des systèmes d'information,Q28821169,national health service,2,0,0,1,True,model,2
row1317,Q392502|Q1802122,2,Q392502,Agence nationale de la sécurité des systèmes d'information,Q1802122,German state agency,2,0,0,1,True,model,2
row1319,Q392502|Q59456832,2,Q392502,Agence nationale de la sécurité des systèmes d'information,Q59456832,medical board,2,0,0,1,True,model,2
row1320,Q207971|Q15836568,3,Q207971,token ring,Q15836568,computer network protocol,1,1,1,1,True,model,1
row1321,Q207971|Q11016,3,Q207971,token ring,Q11016,technology,1,1,1,1,True,model,1
row1322,Q207971|Q104954,3,Q207971,token ring,Q104954,radio-frequency identification,2,0,0,1,True,model,2
row1324,Q207971|Q48772760,3,Q207971,token ring,Q48772760,Solar energy conversion,2,0,0,1,True,model,2
row1325,Q207971|Q4704909,3,Q207971,token ring,Q4704909,Ancient Greek technology,2,0,0,1,True,model,2
row1326,Q207971|Q59285058,3,Q207971,token ring,Q59285058,sound reproduction,2,0,0,1,True,model,2
row1327,Q207971|Q208163,3,Q207971,token ring,Q208163,signal processing,2,0,0,1,True,model,2
row1328,Q207971|Q28380029,3,Q207971,token ring,Q28380029,network file system,2,0,0,1,True,model,2
row1329,Q207971|Q5063947,3,Q207971,token ring,Q5063947,low floor technology,2,0,0,1,True,model,2
row1330,Q207971|Q1001378,3,Q207971,token ring,Q1001378,cinematic technique,2,0,0,1,True,model,2
row1332,Q207971|Q18657814,3,Q207971,token ring,Q18657814,isothermal technology,2,0,0,1,True,model,2
row1333,Q207971|Q10858759,3,Q207971,token ring,Q10858759,Asgard technology in Stargate,2,0,0,1,True,model,2
row1334,Q207971|Q6764311,3,Q207971,token ring,Q6764311,marine technology,2,0,0,1,True,model,2
row1335,Q207971|Q391690,3,Q207971,token ring,Q391690,radiant heating,2,0,0,1,True,model,2
row1336,Q207971|Q1308255,3,Q207971,token ring,Q1308255,patent classification,2,0,0,1,True,model,2
row1337,Q207971|Q8777,3,Q207971,token ring,Q8777,Hypertext Transfer Protocol,2,0,0,1,True,model,2
row1339,Q207971|Q7681758,3,Q207971,token ring,Q7681758,tamper-evident technology,2,0,0,1,True,model,2
row1340,Q207971|Q4086911,3,Q207971,token ring,Q4086911,biomedical technology,2,0,0,1,True,model,2
row1341,Q207971|Q31836203,3,Q207971,token ring,Q31836203,DYNAS,2,0,0,1,True,model,2
row1342,Q207971|Q3359815,3,Q207971,token ring,Q3359815,PPPoX,2,0,0,1,True,model,2
row1343,Q207971|Q2865882,3,Q207971,token ring,Q2865882,industrial arts,2,0,0,1,True,model,2
row1345,Q207971|Q1392806,3,Q207971,token ring,Q1392806,drug delivery,2,0,0,1,True,model,2
row1346,Q207971|Q1916441,3,Q207971,token ring,Q1916441,media technology,2,0,0,1,True,model,2
row1347,Q207971|Q2622793,3,Q207971,token ring,Q2622793,JetDirect,2,0,0,1,True,model,2
row1349,Q207971|Q427777,3,Q207971,token ring,Q427777,Science and technology of the Song dynasty,2,0,0,1,True,model,2
row1350,Q207971|Q126998,3,Q207971,token ring,Q126998,logical link control,2,0,0,1,True,model,2
row1351,Q1127220|Q18558685,1,Q1127220,Conseil supérieur de l'audiovisuel,Q18558685,French independent public authority,1,1,1,1,True,model,1
row1352,Q875932|Q80071,1,Q875932,digital watermarking,Q80071,symbol,1,1,1,1,True,model,1
row1353,Q875932|Q1191504,1,Q875932,digital watermarking,Q1191504,star,2,0,0,1,True,model,2
row1354,Q875932|Q1470711,1,Q875932,digital watermarking,Q1470711,fertility symbol,2,0,0,1,True,model,2
row1355,Q875932|Q340826,1,Q875932,digital watermarking,Q340826,Eight Treasures,2,0,0,1,True,model,2
row1356,Q875932|Q2372244,1,Q875932,digital watermarking,Q2372244,symbol,2,1,0,0,True,model,2
row1357,Q875932|Q2038570,1,Q875932,digital watermarking,Q2038570,change sign,2,0,0,1,True,model,2
row1358,Q875932|Q2543966,1,Q875932,digital watermarking,Q2543966,raised fist,2,0,0,1,True,model,2
row1359,Q875932|Q7208362,1,Q875932,digital watermarking,Q7208362,pointer,2,0,0,1,True,model,2
row1360,Q875932|Q806880,1,Q875932,digital watermarking,Q806880,banner,2,0,0,1,True,model,2
row1361,Q875932|Q1221121,1,Q875932,digital watermarking,Q1221121,official seal,2,1,0,0,True,model,2
row1362,Q3816639|Q56062429,0,Q3816639,Kotlin,Q56062429,JVM language,1,1,1,1,True,model,1
row1363,Q3816639|Q9143,0,Q3816639,Kotlin,Q9143,programming language,1,1,1,1,True,model,1
row1364,Q3816639|Q899523,0,Q3816639,Kotlin,Q899523,object-based language,1,1,1,1,True,model,1
row1365,Q3816639|Q4117397,0,Q3816639,Kotlin,Q4117397,systems programming language,2,1,1,1,True,model,2
row1366,Q3816639|Q28922858,0,Q3816639,Kotlin,Q28922858,class-based programming language,2,1,1,1,True,model,2
row1368,Q3816639|Q1993334,0,Q3816639,Kotlin,Q1993334,interpreted language,2,1,1,1,True,model,2
row1369,Q3816639|Q28920117,0,Q3816639,Kotlin,Q28920117,structured programming language,2,1,1,1,True,model,2
row1370,Q3816639|Q28920181,0,Q3816639,Kotlin,Q28920181,dataflow programming language,2,1,1,1,True,model,2
row1371,Q3816639|Q28923013,0,Q3816639,Kotlin,Q28923013,inductive logic programming language,2,1,1,1,True,model,2
row1372,Q3816639|Q7998546,0,Q3816639,Kotlin,Q7998546,wide-spectrum language,2,1,1,1,True,model,2
row1373,Q3816639|Q28920795,0,Q3816639,Kotlin,Q28920795,function-level language,2,1,1,1,True,model,2
row1374,Q41609|Q2101564,1,Q41609,Domain Name System Security Extensions,Q2101564,specification,1,1,1,1,True,model,1
row1375,Q41609|Q2275513,1,Q41609,Domain Name System Security Extensions,Q2275513,system requirements,2,0,0,1,True,model,2
row1376,Q160453|Q15836568,2,Q160453,Simple Mail Transfer Protocol,Q15836568,computer network protocol,1,1,1,1,True,model,1
row1377,Q160453|Q16935517,2,Q160453,Simple Mail Transfer Protocol,Q16935517,text-based protocol,1,1,1,1,True,model,1
row1378,Q160453|Q8795,2,Q160453,Simple Mail Transfer Protocol,Q8795,Internet Protocol,2,0,0,1,True,model,2
row1379,Q160453|Q8777,2,Q160453,Simple Mail Transfer Protocol,Q8777,Hypertext Transfer Protocol,2,0,0,1,True,model,2
row1380,Q160453|Q5013874,2,Q160453,Simple Mail Transfer Protocol,Q5013874,CRFS (Coherent Remote File System),2,0,0,1,True,model,2
row1381,Q160453|Q184230,2,Q160453,Simple Mail Transfer Protocol,Q184230,Simple Network Management Protocol,2,1,0,0,True,model,2
row1382,Q160453|Q28380029,2,Q160453,Simple Mail Transfer Protocol,Q28380029,network file system,2,0,0,1,True,model,2
row1383,Q160453|Q2622793,2,Q160453,Simple Mail Transfer Protocol,Q2622793,JetDirect,2,0,0,1,True,model,2
row1385,Q160453|Q1254335,2,Q160453,Simple Mail Transfer Protocol,Q1254335,cryptographic protocol,2,0,0,1,True,model,2
row1386,Q568494|Q228502,4,Q568494,single sign-on,Q228502,access control,1,1,1,1,True,model,1
row1387,Q568494|Q2085069,4,Q568494,single sign-on,Q2085069,group,2,0,1,0,True,model,2
row1388,Q568494|Q1146283,4,Q568494,single sign-on,Q1146283,turnstile,2,0,0,1,True,model,2
row1389,Q568494|Q977772,4,Q568494,single sign-on,Q977772,identity management,2,1,0,0,True,model,2
row1390,Q568494|Q756230,4,Q568494,single sign-on,Q756230,directory service,2,1,1,1,True,model,2
row1391,Q568494|Q17125828,4,Q568494,single sign-on,Q17125828,logical access control,2,0,1,0,True,model,2
row1392,Q568494|Q55603125,4,Q568494,single sign-on,Q55603125,account verification,3,1,0,0,False,bfs_auto_prune,
row1393,Q568494|Q55608710,4,Q568494,single sign-on,Q55608710,Customer Identity Access Management,3,1,0,0,False,bfs_auto_prune,
row1394,Q568494|Q1417548,4,Q568494,single sign-on,Q1417548,Metadirectory,3,0,1,0,True,model,3
row1395,Q193902|Q179435,2,Q193902,Galileo,Q179435,satellite navigation system,1,1,1,1,True,model,1
row1396,Q193902|Q20181002,2,Q193902,Galileo,Q20181002,radionavigation-satellite service,2,1,1,1,True,model,2
row1397,Q35127|Q11288,2,Q35127,website,Q11288,web server,1,1,1,1,True,model,1
row1398,Q35127|Q3900494,2,Q35127,website,Q3900494,personal web server,2,1,0,0,True,model,2
row1399,Q35127|Q6008645,2,Q35127,website,Q6008645,in-kernel web server,2,1,0,0,True,model,2
row1400,Q35127|Q21283449,2,Q35127,website,Q21283449,GNU libmicrohttpd,2,1,0,0,True,model,2
row1401,Q35127|Q18287040,2,Q35127,website,Q18287040,HTTP server,2,1,0,0,True,model,2
row1402,Q35127|Q3480046,2,Q35127,website,Q3480046,Embedded HTTP server,2,1,0,0,True,model,2
row1403,Q72588|Q4485156,0,Q72588,content delivery network,Q4485156,software feature,1,1,1,1,True,model,1
row1404,Q72588|Q21674818,0,Q72588,content delivery network,Q21674818,MediaWiki hook,2,0,0,1,True,model,2
row1405,Q72588|Q18042942,0,Q72588,content delivery network,Q18042942,Beta Features,2,0,0,1,True,model,2
row1406,Q72588|Q4346042,0,Q72588,content delivery network,Q4346042,Do What I Mean,2,0,0,1,True,model,2
row1407,Q72588|Q554950,0,Q72588,content delivery network,Q554950,recommender system,2,0,0,1,True,model,2
row1408,Q72588|Q459708,0,Q72588,content delivery network,Q459708,features of Firefox,2,0,0,1,True,model,2
row1409,Q72588|Q2392270,0,Q72588,content delivery network,Q2392270,anti–email spam techniques,2,0,0,1,True,model,2
row1410,Q72588|Q16240817,0,Q72588,content delivery network,Q16240817,autotype,2,0,0,1,True,model,2
row1411,Q72588|Q5439692,0,Q72588,content delivery network,Q5439692,Features of Skype,2,0,0,1,True,model,2
row1413,Q72588|Q55070019,0,Q72588,content delivery network,Q55070019,video game feature,2,0,0,1,True,model,2
row1414,Q72588|Q6407552,0,Q72588,content delivery network,Q6407552,killer feature,2,0,0,1,True,model,2
row1415,Q72588|Q842193,0,Q72588,content delivery network,Q842193,sandbox,2,0,0,1,True,model,2
row1416,Q72588|Q1344046,0,Q72588,content delivery network,Q1344046,first-class functions,2,0,0,1,True,model,2
row1418,Q72588|Q48835386,0,Q72588,content delivery network,Q48835386,Feed,2,0,0,1,True,model,2
row1419,Q72588|Q4434361,0,Q72588,content delivery network,Q4434361,contact list,2,0,0,1,True,model,2
row1420,Q72588|Q5057302,0,Q72588,content delivery network,Q5057302,sound recording process,2,0,0,1,True,model,2
row1421,Q72588|Q440972,0,Q72588,content delivery network,Q440972,compatibility mode,2,0,0,1,True,model,2
row1422,Q72588|Q24839054,0,Q72588,content delivery network,Q24839054,sticker,2,0,0,1,True,model,2
row1423,Q77590|Q627436,3,Q77590,civil engineering,Q627436,field of work,1,1,1,1,True,model,1
row1424,Q77590|Q853745,3,Q77590,civil engineering,Q853745,engineering education,2,1,0,0,True,model,2
row1425,Q77590|Q4671286,3,Q77590,civil engineering,Q4671286,academic major,2,1,0,0,True,model,2
row1426,Q77590|Q1881523,3,Q77590,civil engineering,Q1881523,STEM fields,3,1,0,0,False,bfs_auto_prune,
row1429,Q152763|Q56256173,3,Q152763,lithium compounds,Q56256173,class of chemical compounds with similar applications or functions,1,1,1,1,True,model,1
row1430,Q152763|Q1340366,3,Q152763,lithium compounds,Q1340366,Enders reagents,2,0,0,1,True,model,2
row1432,Q152763|Q216830,3,Q152763,lithium compounds,Q216830,reducing agent,2,1,0,0,True,model,2
row1433,Q1268005|Q15836568,4,Q1268005,Post Office Protocol,Q15836568,computer network protocol,1,1,1,1,True,model,1
row1434,Q1268005|Q8777,4,Q1268005,Post Office Protocol,Q8777,Hypertext Transfer Protocol,2,1,0,0,True,model,2
row1435,Q1268005|Q5013874,4,Q1268005,Post Office Protocol,Q5013874,CRFS (Coherent Remote File System),2,1,0,0,True,model,2
row1436,Q1268005|Q4112081,4,Q1268005,Post Office Protocol,Q4112081,network virtualization,2,0,0,1,True,model,2
row1437,Q1268005|Q24091098,4,Q1268005,Post Office Protocol,Q24091098,database access protocol,2,0,0,1,True,model,2
row1438,Q1268005|Q126998,4,Q1268005,Post Office Protocol,Q126998,logical link control,2,0,0,1,True,model,2
row1439,Q422057|Q31855,3,Q422057,Institut national de recherche et de sécurité,Q31855,research institute,1,1,1,1,True,model,1
row1440,Q422057|Q3726309,3,Q422057,Institut national de recherche et de sécurité,Q3726309,state research institution,2,1,0,0,True,model,2
row1442,Q422057|Q57910923,3,Q422057,Institut national de recherche et de sécurité,Q57910923,digital humanities center,2,0,0,1,True,model,2
row1445,Q422057|Q1141791,3,Q422057,Institut national de recherche et de sécurité,Q1141791,Crown Research Institute,2,0,0,1,True,model,2
row1446,Q422057|Q7315155,3,Q422057,Institut national de recherche et de sécurité,Q7315155,research center,2,1,1,1,True,model,2
row1447,Q422057|Q20820271,3,Q422057,Institut national de recherche et de sécurité,Q20820271,graduate school,2,0,0,1,True,model,2
row1448,Q869370|Q19845316,4,Q869370,brute-force attack,Q19845316,cryptographic attack type,1,1,1,1,True,model,1
row1449,Q869370|Q1724915,4,Q869370,brute-force attack,Q1724915,use,1,0,1,0,True,model,1
row1450,Q5300|Q3966,0,Q5300,central processing unit,Q3966,computer hardware,1,1,1,1,True,model,1
row1451,Q5300|Q66221,0,Q5300,central processing unit,Q66221,computer data storage,2,1,0,0,True,model,2
row1452,Q5300|Q27186369,0,Q5300,central processing unit,Q27186369,CPU cooler,2,1,0,0,True,model,2
row1453,Q5300|Q1088863,0,Q5300,central processing unit,Q1088863,reservation station,2,1,0,0,True,model,2
row1454,Q5300|Q178648,0,Q5300,central processing unit,Q178648,peripheral,2,1,0,0,True,model,2
row1455,Q5300|Q19872164,0,Q5300,central processing unit,Q19872164,Amazon Dash,2,0,0,1,True,model,2
row1456,Q5300|Q216158,0,Q5300,central processing unit,Q216158,expansion card,2,1,0,0,True,model,2
row1457,Q5300|Q4439,0,Q5300,central processing unit,Q4439,hard disk drive,2,1,0,0,True,model,2
row1458,Q5300|Q352090,0,Q5300,central processing unit,Q352090,CPU cache,3,1,0,0,False,bfs_auto_prune,
row1459,Q5300|Q4308,0,Q5300,central processing unit,Q4308,graphics card,3,1,0,0,False,bfs_auto_prune,
row1460,Q5300|Q668332,0,Q5300,central processing unit,Q668332,Matrox Mystique,4,1,0,0,False,bfs_auto_prune,
row1461,Q184748|Q4485156,1,Q184748,codec,Q4485156,software feature,1,1,1,1,True,model,1
row1462,Q184748|Q17155032,1,Q184748,codec,Q17155032,software category,1,1,1,1,True,model,1
row1463,Q184748|Q907342,1,Q184748,codec,Q907342,compatibility layer,2,0,0,1,True,model,2
row1464,Q184748|Q1074158,1,Q184748,codec,Q1074158,educational software,2,0,0,1,True,model,2
row1465,Q184748|Q487365,1,Q184748,codec,Q487365,gateway,2,0,0,1,True,model,2
row1466,Q184748|Q1727373,1,Q184748,codec,Q1727373,lint,2,0,0,1,True,model,2
row1467,Q184748|Q21674818,1,Q184748,codec,Q21674818,MediaWiki hook,2,0,0,1,True,model,2
row1468,Q184748|Q459708,1,Q184748,codec,Q459708,features of Firefox,2,0,0,1,True,model,2
row1469,Q184748|Q2392270,1,Q184748,codec,Q2392270,anti–email spam techniques,2,0,0,1,True,model,2
row1471,Q184748|Q6407552,1,Q184748,codec,Q6407552,killer feature,2,0,0,1,True,model,2
row1472,Q184748|Q1344046,1,Q184748,codec,Q1344046,first-class functions,2,0,0,1,True,model,2
row1474,Q184748|Q5057302,1,Q184748,codec,Q5057302,sound recording process,2,0,0,1,True,model,2
row1475,Q184748|Q440972,1,Q184748,codec,Q440972,compatibility mode,2,0,0,1,True,model,2
row1476,Q184748|Q15079042,1,Q184748,codec,Q15079042,spaced repetition software,2,0,0,1,True,model,2
row1477,Q184748|Q1203383,1,Q184748,codec,Q1203383,hooking,2,0,0,1,True,model,2
row1478,Q184748|Q24839054,1,Q184748,codec,Q24839054,sticker,2,0,0,1,True,model,2
row1479,Q184748|Q25021307,1,Q184748,codec,Q25021307,Linux namespaces,2,0,0,1,True,model,2
row1480,Q184748|Q21481290,1,Q184748,codec,Q21481290,MediaWiki configuration setting,2,0,0,1,True,model,2
row1481,Q184748|Q1756442,1,Q184748,codec,Q1756442,LR parser,2,0,0,1,True,model,2
row1482,Q184748|Q1064733,1,Q184748,codec,Q1064733,Start menu,2,0,0,1,True,model,2
row1483,Q184748|Q18042942,1,Q184748,codec,Q18042942,Beta Features,2,0,0,1,True,model,2
row1484,Q184748|Q4346042,1,Q184748,codec,Q4346042,Do What I Mean,2,0,0,1,True,model,2
row1485,Q184748|Q643876,1,Q184748,codec,Q643876,Virtual printer,2,0,0,1,True,model,2
row1486,Q184748|Q60755507,1,Q184748,codec,Q60755507,crypto-agility,2,0,0,1,True,model,2
row1487,Q184748|Q554950,1,Q184748,codec,Q554950,recommender system,2,0,0,1,True,model,2
row1488,Q184748|Q1324197,1,Q184748,codec,Q1324197,preview,2,0,0,1,True,model,2
row1489,Q184748|Q16240817,1,Q184748,codec,Q16240817,autotype,2,0,0,1,True,model,2
row1491,Q184748|Q5439692,1,Q184748,codec,Q5439692,Features of Skype,2,0,0,1,True,model,2
row1492,Q184748|Q28168011,1,Q184748,codec,Q28168011,X server,2,0,0,1,True,model,2
row1493,Q184748|Q55070019,1,Q184748,codec,Q55070019,video game feature,2,0,0,1,True,model,2
row1494,Q184748|Q842193,1,Q184748,codec,Q842193,sandbox,2,0,0,1,True,model,2
row1496,Q184748|Q48835386,1,Q184748,codec,Q48835386,Feed,2,0,0,1,True,model,2
row1497,Q184748|Q570871,1,Q184748,codec,Q570871,email client,2,0,0,1,True,model,2
row1498,Q184748|Q4434361,1,Q184748,codec,Q4434361,contact list,2,0,0,1,True,model,2
row1499,Q184748|Q28057030,1,Q184748,codec,Q28057030,ERP software,2,0,0,1,True,model,2
row1500,Q184748|Q3077240,1,Q184748,codec,Q3077240,forge,2,0,0,1,True,model,2
row1501,Q836575|Q1914636,1,Q836575,quality assurance,Q1914636,activity,1,1,1,1,True,model,1
row1502,Q836575|Q11540953,1,Q836575,quality assurance,Q11540953,search,2,0,0,1,True,model,2
row1503,Q836575|Q43393537,1,Q836575,quality assurance,Q43393537,dancing,2,0,0,1,True,model,2
row1504,Q836575|Q628455,1,Q836575,quality assurance,Q628455,rite,2,0,0,1,True,model,2
row1505,Q836575|Q10706874,1,Q836575,quality assurance,Q10706874,coercive measures,2,0,0,1,True,model,2
row1506,Q836575|Q2607241,1,Q836575,quality assurance,Q2607241,mise en scène,2,0,0,1,True,model,2
row1507,Q836575|Q1168263,1,Q836575,quality assurance,Q1168263,function,2,1,0,0,True,model,2
row1510,Q836575|Q6765918,1,Q836575,quality assurance,Q6765918,wrongdoing,2,0,0,1,True,model,2
row1511,Q836575|Q7371358,1,Q836575,quality assurance,Q7371358,rout,2,0,0,1,True,model,2
row1512,Q836575|Q1351959,1,Q836575,quality assurance,Q1351959,insect farming,2,0,0,1,True,model,2
row1513,Q836575|Q9332,1,Q836575,quality assurance,Q9332,behavior,2,0,0,1,True,model,2
row1514,Q836575|Q2050700,1,Q836575,quality assurance,Q2050700,paper folding,2,0,0,1,True,model,2
row1515,Q836575|Q2142602,1,Q836575,quality assurance,Q2142602,rehabilitation,2,0,0,1,True,model,2
row1516,Q836575|Q2997557,1,Q836575,quality assurance,Q2997557,fire safety,2,0,0,1,True,model,2
row1518,Q836575|Q5377030,1,Q836575,quality assurance,Q5377030,energy conservation measure,2,0,0,1,True,model,2
row1519,Q836575|Q5249498,1,Q836575,quality assurance,Q5249498,declassification,2,0,0,1,True,model,2
row1520,Q836575|Q11640,1,Q836575,quality assurance,Q11640,outreach,2,0,0,1,True,model,2
row1521,Q836575|Q27939,1,Q836575,quality assurance,Q27939,singing,2,0,0,1,True,model,2
row1522,Q836575|Q124490,1,Q836575,quality assurance,Q124490,violence,2,0,0,1,True,model,2
row1523,Q836575|Q1043452,1,Q836575,quality assurance,Q1043452,maintenance,2,1,0,0,True,model,2
row1524,Q836575|Q6815577,1,Q836575,quality assurance,Q6815577,memorialization,2,0,0,1,True,model,2
row1525,Q836575|Q14204746,1,Q836575,quality assurance,Q14204746,travelling with children,2,0,0,1,True,model,2
row1526,Q836575|Q265939,1,Q836575,quality assurance,Q265939,patronage,2,0,0,1,True,model,2
row1528,Q836575|Q11977025,1,Q836575,quality assurance,Q11977025,indexing (information technology),2,0,0,1,True,model,2
row1529,Q836575|Q2912143,1,Q836575,quality assurance,Q2912143,scapegoating,2,0,0,1,True,model,2
row1530,Q836575|Q13438506,1,Q836575,quality assurance,Q13438506,fertilizing,2,0,0,1,True,model,2
row1532,Q836575|Q18089080,1,Q836575,quality assurance,Q18089080,citing,2,0,0,1,True,model,2
row1533,Q836575|Q7708485,1,Q836575,quality assurance,Q7708485,textile process,2,0,0,1,True,model,2
row1534,Q836575|Q2984259,1,Q836575,quality assurance,Q2984259,summer camp,2,0,0,1,True,model,2
row1535,Q836575|Q34577,1,Q836575,quality assurance,Q34577,poaching,2,0,0,1,True,model,2
row1536,Q836575|Q494330,1,Q836575,quality assurance,Q494330,after-school activity,2,0,0,1,True,model,2
row1537,Q836575|Q17113173,1,Q836575,quality assurance,Q17113173,cannibalization,2,0,0,1,True,model,2
row1538,Q836575|Q80006,1,Q836575,quality assurance,Q80006,computer programming,2,1,0,0,True,model,2
row1539,Q836575|Q2956685,1,Q836575,quality assurance,Q2956685,disruption,2,0,0,1,True,model,2
row1540,Q836575|Q206021,1,Q836575,quality assurance,Q206021,flight,2,0,0,1,True,model,2
row1541,Q836575|Q60469219,1,Q836575,quality assurance,Q60469219,ecological recovery,2,0,0,1,True,model,2
row1542,Q836575|Q208165,1,Q836575,quality assurance,Q208165,collecting,2,0,0,1,True,model,2
row1543,Q836575|Q2692551,1,Q836575,quality assurance,Q2692551,dewatering,2,0,0,1,True,model,2
row1546,Q80998|Q17155032,4,Q80998,firewall,Q17155032,software category,1,1,1,1,True,model,1
row1547,Q80998|Q907342,4,Q80998,firewall,Q907342,compatibility layer,2,0,1,0,True,model,2
row1548,Q80998|Q28168011,4,Q80998,firewall,Q28168011,X server,2,0,1,0,True,model,2
row1549,Q80998|Q1074158,4,Q80998,firewall,Q1074158,educational software,2,0,1,0,True,model,2
row1550,Q80998|Q1727373,4,Q80998,firewall,Q1727373,lint,2,0,1,0,True,model,2
row1551,Q80998|Q1756442,4,Q80998,firewall,Q1756442,LR parser,2,0,1,0,True,model,2
row1552,Q80998|Q643876,4,Q80998,firewall,Q643876,Virtual printer,2,0,1,0,True,model,2
row1554,Q80998|Q570871,4,Q80998,firewall,Q570871,email client,2,0,1,0,True,model,2
row1555,Q80998|Q28057030,4,Q80998,firewall,Q28057030,ERP software,2,0,1,0,True,model,2
row1556,Q80998|Q3077240,4,Q80998,firewall,Q3077240,forge,2,0,1,0,True,model,2
row1557,Q80998|Q15079042,4,Q80998,firewall,Q15079042,spaced repetition software,2,0,1,0,True,model,2
row1558,Q2254396|Q4830453,4,Q2254396,Viaccess,Q4830453,business,1,1,1,1,True,model,1
row1559,Q2254396|Q30688741,4,Q2254396,Viaccess,Q30688741,virtual restaurant,2,0,0,1,True,model,2
row1562,Q2254396|Q1389311,4,Q2254396,Viaccess,Q1389311,integrated device manufacturer,2,0,0,1,True,model,2
row1563,Q2254396|Q2590801,4,Q2254396,Viaccess,Q2590801,commercial cleaning,2,0,0,1,True,model,2
row1565,Q2254396|Q47505416,4,Q2254396,Viaccess,Q47505416,konditorei,2,0,0,1,True,model,2
row1566,Q2254396|Q650241,4,Q2254396,Viaccess,Q650241,financial institution,2,0,0,1,True,model,2
row1567,Q2254396|Q1734300,4,Q2254396,Viaccess,Q1734300,coachbuilder,2,0,0,1,True,model,2
row1569,Q2254396|Q1719063,4,Q2254396,Viaccess,Q1719063,betting shop,2,0,0,1,True,model,2
row1570,Q2254396|Q377688,4,Q2254396,Viaccess,Q377688,type foundry,2,0,0,1,True,model,2
row1571,Q2254396|Q59545,4,Q2254396,Viaccess,Q59545,labour hire,2,0,0,1,True,model,2
row1572,Q2254396|Q50825050,4,Q2254396,Viaccess,Q50825050,Concession company,2,0,0,1,True,model,2
row1573,Q2254396|Q3515239,4,Q2254396,Viaccess,Q3515239,tannery,2,0,0,1,True,model,2
row1574,Q2254396|Q2865305,4,Q2254396,Viaccess,Q2865305,trading company,2,0,0,1,True,model,2
row1577,Q2254396|Q6918309,4,Q2254396,Viaccess,Q6918309,motorhome hire agency,2,0,0,1,True,model,2
row1579,Q2254396|Q1132207,4,Q2254396,Viaccess,Q1132207,business incubator,2,0,0,1,True,model,2
row1580,Q2254396|Q16968466,4,Q2254396,Viaccess,Q16968466,regional health authority,2,0,0,1,True,model,2
row1581,Q2254396|Q2005696,4,Q2254396,Viaccess,Q2005696,commercial vehicle manufacturer,2,0,0,1,True,model,2
row1582,Q2254396|Q5603499,4,Q2254396,Viaccess,Q5603499,green company,2,0,0,1,True,model,2
row1583,Q2254396|Q5465569,4,Q2254396,Viaccess,Q5465569,Foodservice distributor,2,0,0,1,True,model,2
row1584,Q2254396|Q12144057,4,Q2254396,Viaccess,Q12144057,Private Joint Stock Company,2,0,0,1,True,model,2
row1585,Q2254396|Q23017800,4,Q2254396,Viaccess,Q23017800,large-cap,2,0,0,1,True,model,2
row1586,Q2254396|Q25112142,4,Q2254396,Viaccess,Q25112142,dental service organization,2,0,0,1,True,model,2
row1587,Q2254396|Q811404,4,Q2254396,Viaccess,Q811404,Bauhof,2,0,0,1,True,model,2
row1588,Q2254396|Q190928,4,Q2254396,Viaccess,Q190928,shipyard,2,0,0,1,True,model,2
row1589,Q2254396|Q1589077,4,Q2254396,Viaccess,Q1589077,youth hostel,2,0,0,1,True,model,2
row1590,Q2254396|Q2566474,4,Q2254396,Viaccess,Q2566474,sutler,2,0,0,1,True,model,2
row1591,Q2254396|Q15910273,4,Q2254396,Viaccess,Q15910273,rural business,2,0,0,1,True,model,2
row1592,Q2254396|Q291240,4,Q2254396,Viaccess,Q291240,car rental company,2,0,0,1,True,model,2
row1593,Q2254396|Q5157555,4,Q2254396,Viaccess,Q5157555,Computer liquidator,2,0,0,1,True,model,2
row1594,Q2254396|Q1318768,4,Q2254396,Viaccess,Q1318768,snack bar,2,0,0,1,True,model,2
row1595,Q2254396|Q1443933,4,Q2254396,Viaccess,Q1443933,design studio,2,0,0,1,True,model,2
row1596,Q2254396|Q10611118,4,Q2254396,Viaccess,Q10611118,bike rental,2,0,0,1,True,model,2
row1597,Q2254396|Q3062512,4,Q2254396,Viaccess,Q3062512,haircutting establishment,2,0,0,1,True,model,2
row1598,Q2254396|Q3307920,4,Q2254396,Viaccess,Q3307920,console manufacturer,2,0,0,1,True,model,2
row1599,Q2254396|Q7830259,4,Q2254396,Viaccess,Q7830259,Township and Village Enterprises,2,0,0,1,True,model,2
row1600,Q2254396|Q4484758,4,Q2254396,Viaccess,Q4484758,Financial Industrial Group,2,0,0,1,True,model,2
row1601,Q2254396|Q1762621,4,Q2254396,Viaccess,Q1762621,vendor,2,0,0,1,True,model,2
row1603,Q2254396|Q7257732,4,Q2254396,Viaccess,Q7257732,public electricity supplier,2,0,0,1,True,model,2
row1605,Q2254396|Q3390477,4,Q2254396,Viaccess,Q3390477,online marketplace,2,0,0,1,True,model,2
row1606,Q2254396|Q6046818,4,Q2254396,Viaccess,Q6046818,interkommunalt selskap,2,0,0,1,True,model,2
row1607,Q2254396|Q220142,4,Q2254396,Viaccess,Q220142,pet store,2,0,0,1,True,model,2
row1608,Q2254396|Q161726,4,Q2254396,Viaccess,Q161726,multinational corporation,2,0,0,1,True,model,2
row1609,Q2254396|Q11607995,4,Q2254396,Viaccess,Q11607995,editing company,2,0,0,1,True,model,2
row1610,Q2254396|Q5384579,4,Q2254396,Viaccess,Q5384579,Equipment rental,2,0,0,1,True,model,2
row1611,Q2254396|Q47535966,4,Q2254396,Viaccess,Q47535966,self-managed enterprise,2,0,0,1,True,model,2
row1614,Q2254396|Q55221379,4,Q2254396,Viaccess,Q55221379,multi-billion dollar company,2,0,0,1,True,model,2
row1616,Q2254396|Q1058914,4,Q2254396,Viaccess,Q1058914,software company,2,0,0,1,True,model,2
row1617,Q2254396|Q1416636,4,Q2254396,Viaccess,Q1416636,non-banking financial company,2,0,0,1,True,model,2
row1619,Q2254396|Q835400,4,Q2254396,Viaccess,Q835400,combine,2,0,0,1,True,model,2
row1621,Q1186952|Q11028,0,Q1186952,interactive media,Q11028,information,1,1,1,1,True,model,1
row1622,Q1186952|Q11862829,0,Q1186952,interactive media,Q11862829,academic discipline,1,1,1,1,True,model,1
row1623,Q1186952|Q59157115,0,Q1186952,interactive media,Q59157115,confidential information,2,0,0,1,True,model,2
row1624,Q171045|Q20155966,2,Q171045,Open Virtualization Format,Q20155966,XML-based format,1,1,1,1,True,model,1
row1625,Q171045|Q5227330,2,Q171045,Open Virtualization Format,Q5227330,data pack,1,1,1,1,True,model,1
row1626,Q171045|Q29167422,2,Q171045,Open Virtualization Format,Q29167422,iOS app,2,0,0,1,True,model,2
row1627,Q171045|Q576465,2,Q171045,Open Virtualization Format,Q576465,GPS eXchange Format,2,0,1,0,True,model,2
row1628,Q4071928|Q1137004,2,Q4071928,cyberattack,Q1137004,cyberterrorism,1,1,0,0,True,model,1
row1629,Q4071928|Q849340,2,Q4071928,cyberattack,Q849340,cyberwarfare,1,1,1,1,True,model,1
row1630,Q4071928|Q5197870,2,Q4071928,cyberattack,Q5197870,cyberwarfare by Russia,2,1,0,0,True,model,2
row1632,Q5324052|Q132364,4,Q5324052,ERMES,Q132364,communication protocol,1,1,1,1,True,model,1
row1633,Q5324052|Q1025017,4,Q5324052,ERMES,Q1025017,Cache coherence,2,0,0,1,True,model,2
row1634,Q5324052|Q974922,4,Q5324052,ERMES,Q974922,Web Map Service,2,0,0,1,True,model,2
row1635,Q5324052|Q3408087,4,Q5324052,ERMES,Q3408087,bit-oriented protocol,2,0,0,1,True,model,2
row1636,Q5324052|Q2296308,4,Q5324052,ERMES,Q2296308,Web Feature Service,2,0,0,1,True,model,2
row1637,Q5324052|Q264364,4,Q5324052,ERMES,Q264364,Common Gateway Interface,2,0,0,1,True,model,2
row1638,Q5324052|Q622993,4,Q5324052,ERMES,Q622993,X.25,2,0,0,1,True,model,2
row1639,Q5324052|Q165194,4,Q5324052,ERMES,Q165194,application programming interface,2,0,0,1,True,model,2
row1640,Q5324052|Q39531,4,Q5324052,ERMES,Q39531,Bluetooth,2,0,0,1,True,model,2
row1641,Q5324052|Q230872,4,Q5324052,ERMES,Q230872,stateful protocol,2,0,0,1,True,model,2
row1642,Q163393|Q132364,1,Q163393,Post Office Protocol 3,Q132364,communication protocol,1,1,1,1,True,model,1
row1643,Q163393|Q16935517,1,Q163393,Post Office Protocol 3,Q16935517,text-based protocol,1,1,1,1,True,model,1
row1644,Q163393|Q1025017,1,Q163393,Post Office Protocol 3,Q1025017,Cache coherence,2,0,0,1,True,model,2
row1645,Q163393|Q974922,1,Q163393,Post Office Protocol 3,Q974922,Web Map Service,2,0,0,1,True,model,2
row1646,Q163393|Q6045205,1,Q163393,Post Office Protocol 3,Q6045205,Interaction protocol,2,0,0,1,True,model,2
row1647,Q163393|Q18761595,1,Q163393,Post Office Protocol 3,Q18761595,internet of things protocol,2,0,0,1,True,model,2
row1648,Q163393|Q165194,1,Q163393,Post Office Protocol 3,Q165194,application programming interface,2,0,0,1,True,model,2
row1649,Q163393|Q5004612,1,Q163393,Post Office Protocol 3,Q5004612,byte-oriented protocol,2,0,0,1,True,model,2
row1650,Q163393|Q2525317,1,Q163393,Post Office Protocol 3,Q2525317,connectionless protocol,2,0,0,1,True,model,2
row1651,Q1568118|Q17155032,2,Q1568118,personal information manager,Q17155032,software category,1,1,1,1,True,model,1
row1652,Q1568118|Q907342,2,Q1568118,personal information manager,Q907342,compatibility layer,2,0,0,1,True,model,2
row1653,Q1568118|Q28168011,2,Q1568118,personal information manager,Q28168011,X server,2,0,0,1,True,model,2
row1654,Q1568118|Q1074158,2,Q1568118,personal information manager,Q1074158,educational software,2,0,0,1,True,model,2
row1655,Q1568118|Q487365,2,Q1568118,personal information manager,Q487365,gateway,2,0,0,1,True,model,2
row1656,Q1568118|Q1727373,2,Q1568118,personal information manager,Q1727373,lint,2,0,0,1,True,model,2
row1657,Q1568118|Q1756442,2,Q1568118,personal information manager,Q1756442,LR parser,2,0,0,1,True,model,2
row1658,Q1568118|Q643876,2,Q1568118,personal information manager,Q643876,Virtual printer,2,0,0,1,True,model,2
row1659,Q1568118|Q570871,2,Q1568118,personal information manager,Q570871,email client,2,0,0,1,True,model,2
row1660,Q1568118|Q28057030,2,Q1568118,personal information manager,Q28057030,ERP software,2,0,0,1,True,model,2
row1661,Q1568118|Q3077240,2,Q1568118,personal information manager,Q3077240,forge,2,0,0,1,True,model,2
row1662,Q1568118|Q15079042,2,Q1568118,personal information manager,Q15079042,spaced repetition software,2,0,0,1,True,model,2
row1663,Q5324680|Q4830453,1,Q5324680,EXFO,Q4830453,business,1,1,1,1,True,model,1
row1664,Q5324680|Q891723,1,Q5324680,EXFO,Q891723,public company,1,1,1,1,True,model,1
row1665,Q5324680|Q30688741,1,Q5324680,EXFO,Q30688741,virtual restaurant,2,0,0,1,True,model,2
row1666,Q5324680|Q8073775,1,Q5324680,EXFO,Q8073775,zombie company,2,0,0,1,True,model,2
row1667,Q5324680|Q1133938,1,Q5324680,EXFO,Q1133938,trust,2,0,0,1,True,model,2
row1668,Q5324680|Q1132207,1,Q5324680,EXFO,Q1132207,business incubator,2,0,0,1,True,model,2
row1669,Q5324680|Q16968466,1,Q5324680,EXFO,Q16968466,regional health authority,2,0,0,1,True,model,2
row1670,Q5324680|Q2566474,1,Q5324680,EXFO,Q2566474,sutler,2,0,0,1,True,model,2
row1672,Q5324680|Q6819536,1,Q5324680,EXFO,Q6819536,merit shop,2,0,0,1,True,model,2
row1673,Q5324680|Q220142,1,Q5324680,EXFO,Q220142,pet store,2,0,0,1,True,model,2
row1674,Q5324680|Q161726,1,Q5324680,EXFO,Q161726,multinational corporation,2,1,0,0,True,model,2
row1675,Q5324680|Q23017800,1,Q5324680,EXFO,Q23017800,large-cap,2,0,0,1,True,model,2
row1677,Q5324680|Q7830259,1,Q5324680,EXFO,Q7830259,Township and Village Enterprises,2,0,0,1,True,model,2
row1678,Q5324680|Q2865305,1,Q5324680,EXFO,Q2865305,trading company,2,0,0,1,True,model,2
row1679,Q2072356|Q1346018,2,Q2072356,Amazon Elastic Compute Cloud,Q1346018,infrastructure as a service,1,1,1,1,True,model,1
row1681,Q2072356|Q483639,2,Q2072356,Amazon Elastic Compute Cloud,Q483639,cloud computing,1,1,1,1,True,model,1
row1682,Q2072356|Q3958022,2,Q2072356,Amazon Elastic Compute Cloud,Q3958022,serverless computing,2,0,1,0,True,model,2
row1683,Q2072356|Q914359,2,Q2072356,Amazon Elastic Compute Cloud,Q914359,cloud storage,2,1,1,1,True,model,2
row1684,Q2072356|Q5635755,2,Q2072356,Amazon Elastic Compute Cloud,Q5635755,HP ePrint,2,0,1,0,True,model,2
row1685,Q2072356|Q6746653,2,Q2072356,Amazon Elastic Compute Cloud,Q6746653,Managed private cloud,2,1,1,1,True,model,2
row1686,Q2072356|Q1153767,2,Q2072356,Amazon Elastic Compute Cloud,Q1153767,platform as a service,2,0,1,0,True,model,2
row1687,Q2072356|Q13403358,2,Q2072356,Amazon Elastic Compute Cloud,Q13403358,private cloud,2,1,1,1,True,model,2
row1688,Q2072356|Q25325314,2,Q2072356,Amazon Elastic Compute Cloud,Q25325314,Elastic cloud storage,3,1,1,1,True,model,3
row1689,Q228502|Q1799072,4,Q228502,access control,Q1799072,method,1,1,1,1,True,model,1
row1690,Q228502|Q151885,4,Q228502,access control,Q151885,concept,1,1,1,1,True,model,1
row1691,Q228502|Q5157582,4,Q228502,access control,Q5157582,computer security model,1,1,1,1,True,model,1
row1693,Q228502|Q3406136,4,Q228502,access control,Q3406136,ProMES,2,0,0,1,True,model,2
row1694,Q228502|Q216177,4,Q228502,access control,Q216177,social bookmarking,2,0,0,1,True,model,2
row1696,Q228502|Q393303,4,Q228502,access control,Q393303,Aggregate Method,2,0,0,1,True,model,2
row1697,Q228502|Q46857,4,Q228502,access control,Q46857,scientific method,2,0,0,1,True,model,2
row1698,Q228502|Q105769,4,Q228502,access control,Q105769,systematics,2,0,0,1,True,model,2
row1699,Q228502|Q1847896,4,Q228502,access control,Q1847896,phasing method,2,0,0,1,True,model,2
row1700,Q228502|Q2331011,4,Q228502,access control,Q2331011,propaganda technique,2,0,0,1,True,model,2
row1701,Q228502|Q14944328,4,Q228502,access control,Q14944328,example,2,0,0,1,True,model,2
row1702,Q228502|Q167312,4,Q228502,access control,Q167312,dualism,2,0,0,1,True,model,2
row1703,Q228502|Q207333,4,Q228502,access control,Q207333,honor,2,0,0,1,True,model,2
row1704,Q228502|Q1929999,4,Q228502,access control,Q1929999,hydrogen production process,2,0,0,1,True,model,2
row1705,Q228502|Q1128340,4,Q228502,access control,Q1128340,index term,2,0,0,1,True,model,2
row1706,Q228502|Q15169167,4,Q228502,access control,Q15169167,execution method,2,0,0,1,True,model,2
row1707,Q228502|Q17008186,4,Q228502,access control,Q17008186,Cognitive strategy,2,0,0,1,True,model,2
row1708,Q228502|Q24457356,4,Q228502,access control,Q24457356,historiographical concept,2,0,0,1,True,model,2
row1709,Q228502|Q12718609,4,Q228502,access control,Q12718609,statistical analysis,2,0,0,1,True,model,2
row1710,Q228502|Q465299,4,Q228502,access control,Q465299,archaeological culture,2,0,0,1,True,model,2
row1711,Q228502|Q33104129,4,Q228502,access control,Q33104129,sociological concept,2,0,0,1,True,model,2
row1713,Q228502|Q33104279,4,Q228502,access control,Q33104279,philosophical concept,2,0,0,1,True,model,2
row1714,Q228502|Q26883106,4,Q228502,access control,Q26883106,finely chopped,2,0,0,1,True,model,2
row1716,Q228502|Q2135465,4,Q228502,access control,Q2135465,legal concept,2,0,0,1,True,model,2
row1717,Q228502|Q48746328,4,Q228502,access control,Q48746328,Kabyle smile,2,0,0,1,True,model,2
row1718,Q228502|Q200230,4,Q228502,access control,Q200230,classical element,2,0,0,1,True,model,2
row1719,Q228502|Q4386060,4,Q228502,access control,Q4386060,cognitive architecture,2,0,0,1,True,model,2
row1720,Q228502|Q56291515,4,Q228502,access control,Q56291515,future technology,2,0,0,1,True,model,2
row1721,Q228502|Q5341294,4,Q228502,access control,Q5341294,educational measurement,2,0,0,1,True,model,2
row1722,Q228502|Q652487,4,Q228502,access control,Q652487,Clark–Wilson model,2,1,0,0,True,model,2
row1723,Q228502|Q21651927,4,Q228502,access control,Q21651927,sacred,2,0,0,1,True,model,2
row1725,Q228502|Q653345,4,Q228502,access control,Q653345,justification,2,0,0,1,True,model,2
row1726,Q228502|Q1368455,4,Q228502,access control,Q1368455,opt-out,2,0,0,1,True,model,2
row1727,Q228502|Q6453739,4,Q228502,access control,Q6453739,primitive notion,2,0,0,1,True,model,2
row1728,Q228502|Q856029,4,Q228502,access control,Q856029,Biba model,2,1,0,0,True,model,2
row1729,Q228502|Q4116218,4,Q228502,access control,Q4116218,conversion of scripts,2,0,0,1,True,model,2
row1730,Q228502|Q1438073,4,Q228502,access control,Q1438073,research method,2,0,0,1,True,model,2
row1731,Q228502|Q1969448,4,Q228502,access control,Q1969448,term,2,0,0,1,True,model,2
row1732,Q228502|Q827451,4,Q228502,access control,Q827451,equity,2,0,0,1,True,model,2
row1733,Q228502|Q23656961,4,Q228502,access control,Q23656961,storage,2,0,0,1,True,model,2
row1734,Q228502|Q603944,4,Q228502,access control,Q603944,data transformation,2,0,0,1,True,model,2
row1735,Q35476|Q4830453,4,Q35476,AT&T,Q4830453,business,1,1,1,1,True,model,1
row1736,Q35476|Q6881511,4,Q35476,AT&T,Q6881511,enterprise,1,1,1,1,True,model,1
row1737,Q35476|Q2401749,4,Q35476,AT&T,Q2401749,telecommunication company,1,1,1,1,True,model,1
row1738,Q35476|Q891723,4,Q35476,AT&T,Q891723,public company,1,1,1,1,True,model,1
row1740,Q35476|Q2566474,4,Q35476,AT&T,Q2566474,sutler,2,0,0,1,True,model,2
row1741,Q35476|Q16968466,4,Q35476,AT&T,Q16968466,regional health authority,2,0,0,1,True,model,2
row1742,Q35476|Q220142,4,Q35476,AT&T,Q220142,pet store,2,0,0,1,True,model,2
row1743,Q35476|Q161726,4,Q35476,AT&T,Q161726,multinational corporation,2,1,0,0,True,model,2
row1744,Q8777|Q15836568,1,Q8777,Hypertext Transfer Protocol,Q15836568,computer network protocol,1,1,1,1,True,model,1
row1745,Q8777|Q8795,1,Q8777,Hypertext Transfer Protocol,Q8795,Internet Protocol,2,1,1,1,True,model,2
row1746,Q8777|Q957589,1,Q8777,Hypertext Transfer Protocol,Q957589,tunneling protocol,2,0,0,1,True,model,2
row1747,Q8777|Q3359815,1,Q8777,Hypertext Transfer Protocol,Q3359815,PPPoX,2,1,0,0,True,model,2
row1748,Q8777|Q1128629,1,Q8777,Hypertext Transfer Protocol,Q1128629,content negotiation,2,1,0,0,True,model,2
row1751,Q8777|Q1422324,1,Q8777,Hypertext Transfer Protocol,Q1422324,Telecommunications Management Network,2,0,0,1,True,model,2
row1752,Q8777|Q28380029,1,Q8777,Hypertext Transfer Protocol,Q28380029,network file system,2,0,0,1,True,model,2
row1753,Q8777|Q909736,1,Q8777,Hypertext Transfer Protocol,Q909736,WAN optimization,2,1,0,0,True,model,2
row1754,Q8777|Q4112081,1,Q8777,Hypertext Transfer Protocol,Q4112081,network virtualization,2,0,0,1,True,model,2
row1756,Q243697|Q264965,2,Q243697,geek,Q264965,subculture,1,1,1,1,True,model,1
row1757,Q243697|Q773944,2,Q243697,geek,Q773944,fandom,1,1,1,1,True,model,1
row1758,Q243697|Q3085171,2,Q243697,geek,Q3085171,science fiction fandom,2,1,1,1,True,model,2
row1759,Q243697|Q19116554,2,Q243697,geek,Q19116554,youth subculture,2,1,0,0,True,model,2
row1760,Q243697|Q7445029,2,Q243697,geek,Q7445029,Security culture,2,0,0,1,True,model,2
row1761,Q243697|Q2118393,2,Q243697,geek,Q2118393,East Germany punk,3,0,0,1,False,bfs_auto_prune,
row1762,Q325421|Q54445847,4,Q325421,business-to-business,Q54445847,type of economical interaction,1,1,1,1,True,model,1
row1763,Q721869|Q15836568,3,Q721869,Reverse Address Resolution Protocol,Q15836568,computer network protocol,1,1,1,1,True,model,1
row1764,Q721869|Q8777,3,Q721869,Reverse Address Resolution Protocol,Q8777,Hypertext Transfer Protocol,2,0,1,0,True,model,2
row1765,Q721869|Q5013874,3,Q721869,Reverse Address Resolution Protocol,Q5013874,CRFS (Coherent Remote File System),2,0,0,1,True,model,2
row1766,Q721869|Q2622793,3,Q721869,Reverse Address Resolution Protocol,Q2622793,JetDirect,2,0,0,1,True,model,2
row1767,Q721869|Q203087,3,Q721869,Reverse Address Resolution Protocol,Q203087,signaling protocol,2,0,1,0,True,model,2
row1768,Q721869|Q3359815,3,Q721869,Reverse Address Resolution Protocol,Q3359815,PPPoX,2,0,0,1,True,model,2
row1769,Q428933|Q15836568,1,Q428933,STUN,Q15836568,computer network protocol,1,1,1,1,True,model,1
row1770,Q428933|Q1422324,1,Q428933,STUN,Q1422324,Telecommunications Management Network,2,1,0,0,True,model,2
row1771,Q428933|Q8777,1,Q428933,STUN,Q8777,Hypertext Transfer Protocol,2,1,0,0,True,model,2
row1772,Q428933|Q5013874,1,Q428933,STUN,Q5013874,CRFS (Coherent Remote File System),2,1,0,0,True,model,2
row1773,Q428933|Q2622793,1,Q428933,STUN,Q2622793,JetDirect,2,0,0,1,True,model,2
row1774,Q428933|Q3359815,1,Q428933,STUN,Q3359815,PPPoX,2,0,0,1,True,model,2
row1775,Q1135914|Q188267,1,Q1135914,event-driven programming,Q188267,programming paradigm,1,1,1,1,True,model,1
row1777,Q1135914|Q531152,1,Q1135914,event-driven programming,Q531152,declarative programming,2,1,1,1,True,model,2
row1778,Q1135914|Q17092526,1,Q1135914,event-driven programming,Q17092526,Interface-based programming,2,1,0,0,True,model,2
row1779,Q1135914|Q28453809,1,Q1135914,event-driven programming,Q28453809,purely functional programming,3,1,1,1,True,model,3
row1780,Q1135914|Q528588,1,Q1135914,event-driven programming,Q528588,constraint programming,3,1,1,1,True,model,3
row1781,Q1135914|Q193076,1,Q1135914,event-driven programming,Q193076,functional programming,3,1,1,1,True,model,3
row1782,Q1135914|Q275603,1,Q1135914,event-driven programming,Q275603,logic programming,3,1,1,1,True,model,3
row1783,Q1135914|Q1172543,1,Q1135914,event-driven programming,Q1172543,dataflow programming,3,1,1,1,True,model,3
row1784,Q1135914|Q5508829,1,Q1135914,event-driven programming,Q5508829,Functional logic programming,4,1,1,1,True,model,4
row1785,Q1135914|Q5508843,1,Q1135914,event-driven programming,Q5508843,functional reactive programming,4,1,1,1,True,model,4
row1786,Q1135914|Q5164378,1,Q1135914,event-driven programming,Q5164378,constraint logic programming,4,1,1,1,True,model,4
row1787,Q1135914|Q4354073,1,Q1135914,event-driven programming,Q4354073,reactive programming,4,1,1,1,True,model,4
row1788,Q1135914|Q17146827,1,Q1135914,event-driven programming,Q17146827,total functional programming,4,1,1,1,True,model,4
row1789,Q1777840|Q341,4,Q1777840,xajax,Q341,free software,1,1,1,1,True,model,1
row1790,Q1777840|Q20825628,4,Q1777840,xajax,Q20825628,GNU package,2,0,0,1,True,model,2
row1791,Q1777840|Q20712193,4,Q1777840,xajax,Q20712193,KDE Applications,2,0,0,1,True,model,2
row1792,Q1777840|Q1144323,4,Q1777840,xajax,Q1144323,GNU toolchain,2,0,0,1,True,model,2
row1793,Q1777840|Q20983788,4,Q1777840,xajax,Q20983788,free operating system,2,0,0,1,True,model,2
row1794,Q1777840|Q506883,4,Q1777840,xajax,Q506883,free and open-source software,2,1,0,0,True,model,2
row1796,Q1777840|Q21125433,4,Q1777840,xajax,Q21125433,free or open-source video game,2,0,0,1,True,model,2
row1797,Q1777840|Q56191572,4,Q1777840,xajax,Q56191572,Escornabot,2,0,0,1,True,model,2
row1798,Q2937445|Q4290,3,Q2937445,capitalization,Q4290,investment,1,1,1,1,True,model,1
row1799,Q2937445|Q4736525,3,Q2937445,capitalization,Q4736525,alternative investment,2,1,0,0,True,model,2
row1800,Q2937445|Q5048328,3,Q2937445,capitalization,Q5048328,case bond,2,1,0,0,True,model,2
row1801,Q2937445|Q2132777,3,Q2937445,capitalization,Q2132777,rationalization investment,2,1,0,0,True,model,2
row1802,Q2937445|Q21552779,3,Q2937445,capitalization,Q21552779,smart beta,2,1,0,0,True,model,2
row1803,Q2937445|Q4201895,3,Q2937445,capitalization,Q4201895,investment fund,2,1,0,0,True,model,2
row1804,Q2937445|Q1415886,3,Q2937445,capitalization,Q1415886,capital participation,2,1,1,1,True,model,2
row1805,Q2937445|Q6418870,3,Q2937445,capitalization,Q6418870,KiwiSaver,3,0,0,1,False,bfs_auto_prune,
row1807,Q2641430|Q81163,3,Q2641430,high-density polyethylene,Q81163,polymer,1,1,1,1,True,model,1
row1808,Q177765|Q336,0,Q177765,biometrics,Q336,science,1,1,1,1,True,model,1
row1809,Q177765|Q192386,0,Q177765,biometrics,Q192386,military science,2,0,0,1,True,model,2
row1810,Q177765|Q2465832,0,Q177765,biometrics,Q2465832,branch of science,2,1,0,0,True,model,2
row1811,Q160470|Q1668024,4,Q160470,Telnet,Q1668024,service on internet,1,1,1,1,True,model,1
row1812,Q160470|Q290378,4,Q160470,Telnet,Q290378,internet standard,1,1,1,1,True,model,1
row1813,Q160470|Q15836568,4,Q160470,Telnet,Q15836568,computer network protocol,1,1,1,1,True,model,1
row1814,Q160470|Q7094065,4,Q160470,Telnet,Q7094065,online calendar,2,0,0,1,True,model,2
row1815,Q160470|Q466,4,Q160470,Telnet,Q466,World Wide Web,2,1,0,0,True,model,2
row1816,Q160470|Q8777,4,Q160470,Telnet,Q8777,Hypertext Transfer Protocol,2,0,0,1,True,model,2
row1817,Q160470|Q60229368,4,Q160470,Telnet,Q60229368,Developer Portal,2,0,0,1,True,model,2
row1818,Q160470|Q1368679,4,Q160470,Telnet,Q1368679,Internet fax,2,0,0,1,True,model,2
row1820,Q160470|Q81414,4,Q160470,Telnet,Q81414,Internet protocol suite,2,1,1,1,True,model,2
row1821,Q160470|Q18385544,4,Q160470,Telnet,Q18385544,open banking,2,0,0,1,True,model,2
row1822,Q160470|Q2622793,4,Q160470,Telnet,Q2622793,JetDirect,2,0,0,1,True,model,2
row1823,Q160470|Q5440723,4,Q160470,Telnet,Q5440723,federation,2,0,0,1,True,model,2
row1824,Q160470|Q56240402,4,Q160470,Telnet,Q56240402,VPN service,2,0,0,1,True,model,2
row1825,Q160470|Q3220391,4,Q160470,Telnet,Q3220391,social networking service,2,0,0,1,True,model,2
row1827,Q1071690|Q11488158,1,Q1071690,chief security officer,Q11488158,corporate title,1,1,1,1,True,model,1
row1828,Q1071690|Q4376769,1,Q1071690,chief security officer,Q4376769,university president,2,0,0,1,True,model,2
row1830,Q9492|Q355020,0,Q9492,probability,Q355020,probability measure,1,1,1,1,True,model,1
row1831,Q9492|Q5659270,0,Q9492,probability,Q5659270,harmonic measure,2,1,1,1,True,model,2
row1832,Q1073235|Q783794,0,Q1073235,China Communications Standards Association,Q783794,company,1,1,1,1,True,model,1
row1833,Q1073235|Q1328899,0,Q1073235,China Communications Standards Association,Q1328899,standards organization,1,1,1,1,True,model,1
row1834,Q1073235|Q4830453,0,Q1073235,China Communications Standards Association,Q4830453,business,1,1,1,1,True,model,1
row1836,Q1073235|Q51885731,0,Q1073235,China Communications Standards Association,Q51885731,European Standardization Organization,2,1,1,1,True,model,2
row1837,Q1073235|Q2566474,0,Q1073235,China Communications Standards Association,Q2566474,sutler,2,0,0,1,True,model,2
row1838,Q1073235|Q16968466,0,Q1073235,China Communications Standards Association,Q16968466,regional health authority,2,0,0,1,True,model,2
row1839,Q1073235|Q7835148,0,Q1073235,China Communications Standards Association,Q7835148,transport standards organization,2,0,0,1,True,model,2
row1840,Q1073235|Q220142,0,Q1073235,China Communications Standards Association,Q220142,pet store,2,0,0,1,True,model,2
row1841,Q1073235|Q56342478,0,Q1073235,China Communications Standards Association,Q56342478,tourism company,2,0,0,1,True,model,2
row1842,Q1073235|Q15277759,0,Q1073235,China Communications Standards Association,Q15277759,national standards organisation,2,1,1,1,True,model,2
row1843,Q1073235|Q659206,0,Q1073235,China Communications Standards Association,Q659206,Technischer Überwachungsverein,2,1,0,0,True,model,2
row1845,Q1073235|Q294801,0,Q1073235,China Communications Standards Association,Q294801,eco-control body,2,0,0,1,True,model,2
row1847,Q1073235|Q52162350,0,Q1073235,China Communications Standards Association,Q52162350,regional standards organisation,2,1,1,1,True,model,2
row1848,Q169411|Q9143,1,Q169411,Unified Modeling Language,Q9143,programming language,1,1,1,1,True,model,1
row1849,Q169411|Q29077376,1,Q169411,Unified Modeling Language,Q29077376,data modeling language,1,1,1,1,True,model,1
row1850,Q169411|Q4117397,1,Q169411,Unified Modeling Language,Q4117397,systems programming language,2,0,0,1,True,model,2
row1852,Q169411|Q1993334,1,Q169411,Unified Modeling Language,Q1993334,interpreted language,2,0,0,1,True,model,2
row1853,Q169411|Q899523,1,Q169411,Unified Modeling Language,Q899523,object-based language,2,1,1,1,True,model,2
row1854,Q169411|Q28920117,1,Q169411,Unified Modeling Language,Q28920117,structured programming language,2,1,0,0,True,model,2
row1855,Q169411|Q28920181,1,Q169411,Unified Modeling Language,Q28920181,dataflow programming language,2,0,0,1,True,model,2
row1856,Q169411|Q28923013,1,Q169411,Unified Modeling Language,Q28923013,inductive logic programming language,2,0,0,1,True,model,2
row1857,Q169411|Q7998546,1,Q169411,Unified Modeling Language,Q7998546,wide-spectrum language,2,0,0,1,True,model,2
row1858,Q169411|Q189224,1,Q169411,Unified Modeling Language,Q189224,pseudocode,2,1,0,0,True,model,2
row1859,Q169411|Q28920795,1,Q169411,Unified Modeling Language,Q28920795,function-level language,2,0,0,1,True,model,2
row1860,Q2057931|Q17155032,1,Q2057931,simulator,Q17155032,software category,1,0,1,0,True,model,1
row1861,Q174077|Q66221,0,Q174077,flash memory,Q66221,computer data storage,1,1,1,1,True,model,1
row1862,Q174077|Q5282316,0,Q174077,flash memory,Q5282316,disk pack,2,1,0,0,True,model,2
row1863,Q174077|Q234870,0,Q174077,flash memory,Q234870,optical disc,2,1,1,1,True,model,2
row1864,Q174077|Q4439,0,Q174077,flash memory,Q4439,hard disk drive,2,1,1,1,True,model,2
row1865,Q174077|Q28057855,0,Q174077,flash memory,Q28057855,disk cartridge,2,1,1,1,True,model,2
row1866,Q174077|Q34467,0,Q174077,flash memory,Q34467,compact disc,2,0,1,0,True,model,2
row1867,Q174077|Q1046817,0,Q174077,flash memory,Q1046817,disk storage,2,1,1,1,True,model,2
row1868,Q174077|Q949826,0,Q174077,flash memory,Q949826,Extended Resolution Compact Disc,3,0,1,0,True,model,3
row1869,Q174077|Q6459897,0,Q174077,flash memory,Q6459897,LS-R,3,1,1,1,True,model,3
row1870,Q174077|Q707793,0,Q174077,flash memory,Q707793,Jaz drive,3,0,1,0,True,model,3
row1871,Q174077|Q270309,0,Q174077,flash memory,Q270309,Universal Media Disc,3,0,1,0,True,model,3
row1872,Q174077|Q1362867,0,Q174077,flash memory,Q1362867,Professional Disc,3,0,1,0,True,model,3
row1873,Q174077|Q273309,0,Q174077,flash memory,Q273309,Laserdisc,3,0,1,0,True,model,3
row1874,Q135035|Q317623,4,Q135035,Data Encryption Standard,Q317623,technical standard,1,1,1,1,True,model,1
row1875,Q135035|Q1044361,4,Q135035,Data Encryption Standard,Q1044361,Feistel cipher,1,1,1,1,True,model,1
row1876,Q135035|Q917023,4,Q135035,Data Encryption Standard,Q917023,SSI motherboard form factors,2,0,0,1,True,model,2
row1877,Q135035|Q39050366,4,Q135035,Data Encryption Standard,Q39050366,construction standard,2,0,0,1,True,model,2
row1879,Q135035|Q2309650,4,Q135035,Data Encryption Standard,Q2309650,MPEG-3,2,0,0,1,True,model,2
row1883,Q135035|Q52162346,4,Q135035,Data Encryption Standard,Q52162346,regional standard,2,0,0,1,True,model,2
row1884,Q135035|Q45941145,4,Q135035,Data Encryption Standard,Q45941145,data standard,2,0,0,1,True,model,2
row1886,Q135035|Q56277227,4,Q135035,Data Encryption Standard,Q56277227,Launch Unit,2,0,0,1,True,model,2
row1887,Q135035|Q4038545,4,Q135035,Data Encryption Standard,Q4038545,FNAm2,2,1,1,1,True,model,2
row1888,Q135035|Q375479,4,Q135035,Data Encryption Standard,Q375479,standard illuminant,2,0,0,1,True,model,2
row1890,Q135035|Q5201840,4,Q135035,Data Encryption Standard,Q5201840,Czech technical standard,2,0,0,1,True,model,2
row1891,Q7350781|Q7351621,3,Q7350781,megabit per second,Q7351621,unit of data rate,1,1,1,1,True,model,1
row1893,Q81414|Q290378,1,Q81414,Internet protocol suite,Q290378,internet standard,1,1,1,1,True,model,1
row1894,Q173431|Q80831,4,Q173431,CMOS,Q80831,integrated circuit,1,1,1,1,True,model,1
row1895,Q173431|Q583531,4,Q173431,CMOS,Q583531,MOS Technology 6522,2,1,0,0,True,model,2
row1896,Q173431|Q1562860,4,Q173431,CMOS,Q1562860,HCMOS,2,1,0,0,True,model,2
row1897,Q179465|Q20202269,3,Q179465,polyphony,Q20202269,musical term,1,1,1,1,True,model,1
row1898,Q179465|Q862597,3,Q179465,polyphony,Q862597,musical form,1,1,1,1,True,model,1
row1899,Q179465|Q325944,3,Q179465,polyphony,Q325944,texture,1,1,1,1,True,model,1
row1900,Q179465|Q188451,3,Q179465,polyphony,Q188451,music genre,1,1,1,1,True,model,1
row1901,Q179465|Q1824109,3,Q179465,polyphony,Q1824109,song form,2,0,0,1,True,model,2
row1903,Q179465|Q908349,3,Q179465,polyphony,Q908349,motif,2,0,0,1,True,model,2
row1904,Q179465|Q20643324,3,Q179465,polyphony,Q20643324,opera genre,2,0,0,1,True,model,2
row1907,Q179465|Q1836630,3,Q179465,polyphony,Q1836630,maestro,2,0,0,1,True,model,2
row1908,Q179465|Q59913930,3,Q179465,polyphony,Q59913930,recording industry term,2,0,0,1,True,model,2
row1910,Q179465|Q192822,3,Q179465,polyphony,Q192822,tonality,2,0,0,1,True,model,2
row1913,Q179465|Q1459435,3,Q179465,polyphony,Q1459435,phrase,2,0,0,1,True,model,2
row1914,Q179465|Q1786517,3,Q179465,polyphony,Q1786517,palo,2,0,0,1,True,model,2
row1915,Q179465|Q4453888,3,Q179465,polyphony,Q4453888,poetic musical form,2,0,0,1,True,model,2
row1916,Q179465|Q21006644,3,Q179465,polyphony,Q21006644,fusion music genre,2,0,0,1,True,model,2
row1917,Q179465|Q617028,3,Q179465,polyphony,Q617028,instrumentation,2,0,0,1,True,model,2
row1918,Q134471|Q918270,0,Q134471,Asynchronous JavaScript and XML,Q918270,initialism,1,0,1,0,True,model,1
row1919,Q134471|Q9143,0,Q134471,Asynchronous JavaScript and XML,Q9143,programming language,1,1,1,1,True,model,1
row1920,Q134471|Q101244,0,Q134471,Asynchronous JavaScript and XML,Q101244,acronym,1,0,1,0,True,model,1
row1921,Q134471|Q28923027,0,Q134471,Asynchronous JavaScript and XML,Q28923027,recursive programming language,2,0,1,0,True,model,2
row1922,Q134471|Q12609526,0,Q134471,Asynchronous JavaScript and XML,Q12609526,Web programming language,2,1,1,1,True,model,2
row1923,Q134471|Q4724010,0,Q134471,Asynchronous JavaScript and XML,Q4724010,algebraic modeling language,2,0,1,0,True,model,2
row1924,Q15995590|Q4830453,2,Q15995590,Wireless Broadband Alliance,Q4830453,business,1,1,1,1,True,model,1
row1925,Q15995590|Q30688741,2,Q15995590,Wireless Broadband Alliance,Q30688741,virtual restaurant,2,0,0,1,True,model,2
row1926,Q15995590|Q16274795,2,Q15995590,Wireless Broadband Alliance,Q16274795,shipbuilding company,2,0,0,1,True,model,2
row1927,Q15995590|Q1331793,2,Q15995590,Wireless Broadband Alliance,Q1331793,media company,2,0,0,1,True,model,2
row1929,Q15995590|Q2518331,2,Q15995590,Wireless Broadband Alliance,Q2518331,offshore company,2,0,0,1,True,model,2
row1930,Q15995590|Q1719063,2,Q15995590,Wireless Broadband Alliance,Q1719063,betting shop,2,0,0,1,True,model,2
row1931,Q15995590|Q50825050,2,Q15995590,Wireless Broadband Alliance,Q50825050,Concession company,2,0,0,1,True,model,2
row1932,Q15995590|Q2865305,2,Q15995590,Wireless Broadband Alliance,Q2865305,trading company,2,0,0,1,True,model,2
row1934,Q15995590|Q726870,2,Q15995590,Wireless Broadband Alliance,Q726870,brick and mortar,2,0,0,1,True,model,2
row1935,Q15995590|Q1132207,2,Q15995590,Wireless Broadband Alliance,Q1132207,business incubator,2,0,0,1,True,model,2
row1936,Q15995590|Q16968466,2,Q15995590,Wireless Broadband Alliance,Q16968466,regional health authority,2,0,0,1,True,model,2
row1937,Q15995590|Q1200676,2,Q15995590,Wireless Broadband Alliance,Q1200676,design agency,2,0,0,1,True,model,2
row1938,Q15995590|Q23017800,2,Q15995590,Wireless Broadband Alliance,Q23017800,large-cap,2,0,0,1,True,model,2
row1939,Q15995590|Q1116826,2,Q15995590,Wireless Broadband Alliance,Q1116826,private security company,2,0,0,1,True,model,2
row1940,Q15995590|Q25112142,2,Q15995590,Wireless Broadband Alliance,Q25112142,dental service organization,2,0,0,1,True,model,2
row1941,Q15995590|Q811404,2,Q15995590,Wireless Broadband Alliance,Q811404,Bauhof,2,0,0,1,True,model,2
row1942,Q15995590|Q2566474,2,Q15995590,Wireless Broadband Alliance,Q2566474,sutler,2,0,0,1,True,model,2
row1944,Q15995590|Q1109680,2,Q15995590,Wireless Broadband Alliance,Q1109680,small business,2,0,0,1,True,model,2
row1945,Q15995590|Q14472468,2,Q15995590,Wireless Broadband Alliance,Q14472468,payroll service bureau,2,0,0,1,True,model,2
row1946,Q15995590|Q7830259,2,Q15995590,Wireless Broadband Alliance,Q7830259,Township and Village Enterprises,2,0,0,1,True,model,2
row1947,Q15995590|Q1341478,2,Q15995590,Wireless Broadband Alliance,Q1341478,energy company,2,0,0,1,True,model,2
row1948,Q15995590|Q112046,2,Q15995590,Wireless Broadband Alliance,Q112046,transmission system operator,2,0,0,1,True,model,2
row1949,Q15995590|Q220142,2,Q15995590,Wireless Broadband Alliance,Q220142,pet store,2,0,0,1,True,model,2
row1950,Q15995590|Q161726,2,Q15995590,Wireless Broadband Alliance,Q161726,multinational corporation,2,0,0,1,True,model,2
row1951,Q15995590|Q5384579,2,Q15995590,Wireless Broadband Alliance,Q5384579,Equipment rental,2,0,0,1,True,model,2
row1952,Q15995590|Q133744,2,Q15995590,Wireless Broadband Alliance,Q133744,tour operator,2,0,0,1,True,model,2
row1954,Q15995590|Q1058914,2,Q15995590,Wireless Broadband Alliance,Q1058914,software company,2,0,0,1,True,model,2
row1955,Q15995590|Q1416636,2,Q15995590,Wireless Broadband Alliance,Q1416636,non-banking financial company,2,0,0,1,True,model,2
row1956,Q15995590|Q835400,2,Q15995590,Wireless Broadband Alliance,Q835400,combine,2,0,0,1,True,model,2
row1957,Q15995590|Q8303885,2,Q15995590,Wireless Broadband Alliance,Q8303885,trust company,2,0,0,1,True,model,2
row1958,Q219763|Q235557,2,Q219763,MPEG-4,Q235557,file format,1,1,1,1,True,model,1
row1959,Q219763|Q29644049,2,Q219763,MPEG-4,Q29644049,S-57 Electronic Navigation Chart,2,0,0,1,True,model,2
row1961,Q219763|Q467454,2,Q219763,MPEG-4,Q467454,Rich Text Format,2,0,0,1,True,model,2
row1962,Q219763|Q1135858,2,Q219763,MPEG-4,Q1135858,Flash Video,2,1,0,0,True,model,2
row1963,Q219763|Q17636230,2,Q219763,MPEG-4,Q17636230,Windows Prefetch File,2,0,0,1,True,model,2
row1964,Q219763|Q34746188,2,Q219763,MPEG-4,Q34746188,STATISTICA,2,0,0,1,True,model,2
row1965,Q219763|Q27978793,2,Q219763,MPEG-4,Q27978793,Spectrum 512,2,0,0,1,True,model,2
row1966,Q219763|Q27915156,2,Q219763,MPEG-4,Q27915156,RADARSAT-1 CEOS Volume Directory File,2,0,0,1,True,model,2
row1967,Q219763|Q3502441,2,Q219763,MPEG-4,Q3502441,Binary Interchange File Format,2,0,0,1,True,model,2
row1968,Q219763|Q34274654,2,Q219763,MPEG-4,Q34274654,metaformat,2,0,0,1,True,model,2
row1969,Q219763|Q1224822,2,Q219763,MPEG-4,Q1224822,Digital Terrain Elevation Data,2,0,0,1,True,model,2
row1970,Q219763|Q34289060,2,Q219763,MPEG-4,Q34289060,Raw bitmap,2,0,0,1,True,model,2
row1971,Q219763|Q285972,2,Q219763,MPEG-4,Q285972,Mbox,2,0,0,1,True,model,2
row1972,Q219763|Q6046575,2,Q219763,MPEG-4,Q6046575,Intergraph Standard File Formats,2,0,0,1,True,model,2
row1973,Q219763|Q7508366,2,Q219763,MPEG-4,Q7508366,sidecar file,2,0,0,1,True,model,2
row1974,Q219763|Q5426535,2,Q219763,MPEG-4,Q5426535,Autodesk FLI/FLC,2,0,0,1,True,model,2
row1975,Q219763|Q287067,2,Q219763,MPEG-4,Q287067,ABC notation,2,0,0,1,True,model,2
row1976,Q219763|Q16545707,2,Q219763,MPEG-4,Q16545707,dBASE Table File Format,2,0,0,1,True,model,2
row1977,Q219763|Q28846076,2,Q219763,MPEG-4,Q28846076,Classification Results File Format,2,0,0,1,True,model,2
row1978,Q219763|Q379545,2,Q219763,MPEG-4,Q379545,Advanced Forensic Format,2,0,0,1,True,model,2
row1979,Q219763|Q27198004,2,Q219763,MPEG-4,Q27198004,RELAX NG schema file,2,0,0,1,True,model,2
row1980,Q219763|Q5248648,2,Q219763,MPEG-4,Q5248648,debugging data format,2,0,0,1,True,model,2
row1981,Q219763|Q5227180,2,Q219763,MPEG-4,Q5227180,Data Interchange Format,2,0,0,1,True,model,2
row1982,Q219763|Q223535,2,Q219763,MPEG-4,Q223535,Matroska,2,1,0,0,True,model,2
row1983,Q219763|Q1363415,2,Q219763,MPEG-4,Q1363415,MPEG program stream,2,1,0,0,True,model,2
row1984,Q219763|Q5090500,2,Q219763,MPEG-4,Q5090500,Chemical table file,2,0,0,1,True,model,2
row1985,Q219763|Q7079133,2,Q219763,MPEG-4,Q7079133,Office Open XML file formats,2,0,0,1,True,model,2
row1986,Q219763|Q1931564,2,Q219763,MPEG-4,Q1931564,Microsoft Access Database,2,0,0,1,True,model,2
row1987,Q219763|Q278934,2,Q219763,MPEG-4,Q278934,shapefile,2,0,0,1,True,model,2
row1988,Q219763|Q27915173,2,Q219763,MPEG-4,Q27915173,RADARSAT-1 CEOS SAR Trailer File,2,0,0,1,True,model,2
row1989,Q219763|Q167772,2,Q219763,MPEG-4,Q167772,digital container format,2,0,0,1,True,model,2
row1990,Q1288390|Q15836568,4,Q1288390,Label Distribution Protocol,Q15836568,computer network protocol,1,1,1,1,True,model,1
row1992,Q1288390|Q4112081,4,Q1288390,Label Distribution Protocol,Q4112081,network virtualization,2,0,0,1,True,model,2
row1993,Q1288390|Q24091098,4,Q1288390,Label Distribution Protocol,Q24091098,database access protocol,2,0,0,1,True,model,2
row1994,Q1288390|Q1648707,4,Q1288390,Label Distribution Protocol,Q1648707,routing protocol,2,1,0,0,True,model,2
row1995,Q1288390|Q1128629,4,Q1288390,Label Distribution Protocol,Q1128629,content negotiation,2,0,0,1,True,model,2
row1996,Q1288390|Q2044242,4,Q1288390,Label Distribution Protocol,Q2044242,PJLink,2,0,0,1,True,model,2
row1998,Q2826644|Q3244038,1,Q2826644,French Food Safety Agency,Q3244038,public establishment of an administrative nature,1,1,1,1,True,model,1
row1999,Q2826644|Q3006228,1,Q2826644,French Food Safety Agency,Q3006228,crédit municipal,2,0,0,1,True,model,2
row2000,Q2826644|Q976195,1,Q2826644,French Food Safety Agency,Q976195,Single purpose inter municipal association,2,0,0,1,True,model,2
row2002,Q1142376|Q41401699,3,Q1142376,LIFO,Q41401699,scheduling algorithm,1,1,1,1,True,model,1
row2003,Q1142376|Q5319000,3,Q1142376,LIFO,Q5319000,dynamic priority scheduling,2,1,1,1,True,model,2
row2004,Q1142376|Q41408440,3,Q1142376,LIFO,Q41408440,disk scheduling algorithm,2,1,1,1,True,model,2
row2005,Q1142376|Q41408494,3,Q1142376,LIFO,Q41408494,network scheduling algorithm,2,1,1,1,True,model,2
row2006,Q1142376|Q5532874,3,Q1142376,LIFO,Q5532874,genetic algorithm scheduling,2,1,0,0,True,model,2
row2007,Q186224|Q317623,0,Q186224,Wireless Application Protocol,Q317623,technical standard,1,1,1,1,True,model,1
row2008,Q186224|Q39050366,0,Q186224,Wireless Application Protocol,Q39050366,construction standard,2,0,0,1,True,model,2
row2010,Q186224|Q24574728,0,Q186224,Wireless Application Protocol,Q24574728,form factor,2,0,0,1,True,model,2
row2011,Q186224|Q45941145,0,Q186224,Wireless Application Protocol,Q45941145,data standard,2,0,0,1,True,model,2
row2012,Q186224|Q52162337,0,Q186224,Wireless Application Protocol,Q52162337,national standard,2,1,0,0,True,model,2
row2013,Q186224|Q375479,0,Q186224,Wireless Application Protocol,Q375479,standard illuminant,2,0,0,1,True,model,2
row2014,Q186224|Q6046311,0,Q186224,Wireless Application Protocol,Q6046311,interface standard,2,0,0,1,True,model,2
row2017,Q186224|Q681263,0,Q186224,Wireless Application Protocol,Q681263,open standard,2,1,0,0,True,model,2
row2018,Q186224|Q3477575,0,Q186224,Wireless Application Protocol,Q3477575,Secure User Plane Location,2,0,0,1,True,model,2
row2021,Q186224|Q31022,0,Q186224,Wireless Application Protocol,Q31022,professional ethics,2,0,0,1,True,model,2
row2025,Q186224|Q1153670,0,Q186224,Wireless Application Protocol,Q1153670,DIN-Norm,2,0,0,1,True,model,2
row2026,Q186224|Q7554365,0,Q186224,Wireless Application Protocol,Q7554365,software standard,2,0,0,1,True,model,2
row2027,Q186224|Q198614,0,Q186224,Wireless Application Protocol,Q198614,style guide,2,0,0,1,True,model,2
row2028,Q186224|Q6313217,0,Q186224,Wireless Application Protocol,Q6313217,time standard,2,0,0,1,True,model,2
row2029,Q186224|Q51885764,0,Q186224,Wireless Application Protocol,Q51885764,European standard,2,0,0,1,True,model,2
row2030,Q186224|Q7598374,0,Q186224,Wireless Application Protocol,Q7598374,standard ruler,2,0,0,1,True,model,2
row2031,Q186224|Q917023,0,Q186224,Wireless Application Protocol,Q917023,SSI motherboard form factors,2,0,0,1,True,model,2
row2032,Q186224|Q2309650,0,Q186224,Wireless Application Protocol,Q2309650,MPEG-3,2,0,0,1,True,model,2
row2033,Q186224|Q1349015,0,Q186224,Wireless Application Protocol,Q1349015,GOST,2,0,0,1,True,model,2
row2035,Q186224|Q55871434,0,Q186224,Wireless Application Protocol,Q55871434,compiled technical standard,2,0,0,1,True,model,2
row2036,Q186224|Q1091326,0,Q186224,Wireless Application Protocol,Q1091326,IT security standards,2,0,0,1,True,model,2
row2037,Q186224|Q5201840,0,Q186224,Wireless Application Protocol,Q5201840,Czech technical standard,2,0,0,1,True,model,2
row2038,Q186224|Q919510,0,Q186224,Wireless Application Protocol,Q919510,United States Military Standard,2,0,0,1,True,model,2
row2040,Q186224|Q52162346,0,Q186224,Wireless Application Protocol,Q52162346,regional standard,2,1,0,0,True,model,2
row2042,Q186224|Q56277227,0,Q186224,Wireless Application Protocol,Q56277227,Launch Unit,2,0,0,1,True,model,2
row2044,Q186224|Q3343904,0,Q186224,Wireless Application Protocol,Q3343904,standards of Switzerland,2,0,0,1,True,model,2
row2045,Q2476929|Q1207505,3,Q2476929,confidentiality,Q1207505,quality,1,1,1,1,True,model,1
row2046,Q2476929|Q360812,3,Q2476929,confidentiality,Q360812,correctness,2,0,0,1,True,model,2
row2048,Q2476929|Q5158717,3,Q2476929,confidentiality,Q5158717,concision,2,0,0,1,True,model,2
row2049,Q2476929|Q137712,3,Q2476929,confidentiality,Q137712,serializability,2,0,0,1,True,model,2
row2051,Q2476929|Q758238,3,Q2476929,confidentiality,Q758238,attribute,2,0,0,1,True,model,2
row2052,Q2476929|Q11998326,3,Q2476929,confidentiality,Q11998326,lustre,2,0,0,1,True,model,2
row2053,Q2476929|Q403605,3,Q2476929,confidentiality,Q403605,robustness,2,0,0,1,True,model,2
row2054,Q2476929|Q42008,3,Q2476929,confidentiality,Q42008,sovereignty,2,0,0,1,True,model,2
row2055,Q2476929|Q555097,3,Q2476929,confidentiality,Q555097,accessibility,2,0,0,1,True,model,2
row2056,Q2476929|Q4218455,3,Q2476929,confidentiality,Q4218455,qualification,2,0,0,1,True,model,2
row2057,Q2476929|Q10350689,3,Q2476929,confidentiality,Q10350689,predictive power,2,0,0,1,True,model,2
row2059,Q959710|Q4825885,1,Q959710,Password Authentication Protocol,Q4825885,authentication protocol,1,1,1,1,True,model,1
row2060,Q959710|Q1059963,1,Q959710,Password Authentication Protocol,Q1059963,challenge–response authentication,2,1,1,1,True,model,2
row2061,Q959710|Q7142872,1,Q959710,Password Authentication Protocol,Q7142872,password-authenticated key agreement,2,1,1,1,True,model,2
row2062,Q959710|Q1109589,1,Q959710,Password Authentication Protocol,Q1109589,strong authentication,2,1,1,1,True,model,2
row2063,Q959710|Q7878662,1,Q959710,Password Authentication Protocol,Q7878662,multi-factor authentication,2,1,1,1,True,model,2
row2064,Q959710|Q430140,1,Q959710,Password Authentication Protocol,Q430140,AAA protocol,2,1,1,1,True,model,2
row2065,Q959710|Q1629076,1,Q959710,Password Authentication Protocol,Q1629076,S/KEY,3,1,1,1,True,model,3
row2066,Q959710|Q747499,1,Q959710,Password Authentication Protocol,Q747499,RADIUS,3,1,1,1,True,model,3
row2067,Q959710|Q17086335,1,Q959710,Password Authentication Protocol,Q17086335,two-factor authentication,3,1,1,1,True,model,3
row2068,Q959710|Q1678488,1,Q959710,Password Authentication Protocol,Q1678488,TACACS,3,1,1,1,True,model,3
row2069,Q959710|Q1208648,1,Q959710,Password Authentication Protocol,Q1208648,Diameter,3,1,1,1,True,model,3
row2070,Q959710|Q1060131,1,Q959710,Password Authentication Protocol,Q1060131,Challenge-Handshake Authentication Protocol,3,1,1,1,True,model,3
row2071,Q959710|Q2519245,1,Q959710,Password Authentication Protocol,Q2519245,MS-CHAP,4,1,1,1,True,model,4
row2072,Q959710|Q981514,1,Q959710,Password Authentication Protocol,Q981514,SecurID,4,1,1,1,True,model,4
row2073,Q959710|Q3841521,1,Q959710,Password Authentication Protocol,Q3841521,MS-CHAP  version 2,4,1,1,1,True,model,4
row2074,Q233394|Q26763979,0,Q233394,code division multiple access,Q26763979,mobile phone network standard,1,1,1,1,True,model,1
row2075,Q233394|Q1023122,0,Q233394,code division multiple access,Q1023122,CDMA2000,2,1,0,0,True,model,2
row2076,Q1650302|Q21065240,4,Q1650302,RJ45,Q21065240,modular connector,1,1,1,1,True,model,1
row2077,Q1650302|Q595851,4,Q1650302,RJ45,Q595851,registered jack,1,1,1,1,True,model,1
row2078,Q1650302|Q2413791,4,Q1650302,RJ45,Q2413791,8P8C modular connector,2,1,1,1,True,model,2
row2079,Q1650302|Q2897834,4,Q1650302,RJ45,Q2897834,4P4C modular connector,2,1,1,1,True,model,2
row2080,Q337594|Q2481505,3,Q337594,c+c+c+c+kf60010630s,Q2481505,audio codec,1,1,1,1,True,model,1
row2081,Q337594|Q20198160,3,Q337594,c+c+c+c+kf60010630s,Q20198160,lossy audio coding format,1,1,1,1,True,model,1
row2082,Q337594|Q830840,3,Q337594,c+c+c+c+kf60010630s,Q830840,audio compression,1,1,1,1,True,model,1
row2083,Q337594|Q379637,3,Q337594,c+c+c+c+kf60010630s,Q379637,Multi-Band Excitation,2,1,1,1,True,model,2
row2084,Q337594|Q7259827,3,Q337594,c+c+c+c+kf60010630s,Q7259827,Pumping,2,1,1,1,True,model,2
row2085,Q15618675|Q4897819,1,Q15618675,scrum master,Q4897819,role,1,0,1,0,True,model,1
row2086,Q15618675|Q28640,1,Q15618675,scrum master,Q28640,profession,1,1,1,1,True,model,1
row2087,Q646089|Q11483816,1,Q646089,Consumer Electronics Show,Q11483816,annual event,1,1,1,1,True,model,1
row2088,Q646089|Q43229,1,Q646089,Consumer Electronics Show,Q43229,organization,1,1,1,1,True,model,1
row2089,Q646089|Q57305,1,Q646089,Consumer Electronics Show,Q57305,trade fair,1,1,1,1,True,model,1
row2090,Q646089|Q5380419,1,Q646089,Consumer Electronics Show,Q5380419,Enterprises in the Soviet Union,2,0,0,1,True,model,2
row2091,Q646089|Q26180917,1,Q646089,Consumer Electronics Show,Q26180917,hiking center,2,0,0,1,True,model,2
row2093,Q646089|Q1311569,1,Q646089,Consumer Electronics Show,Q1311569,Railway divisions in Germany,2,0,0,1,True,model,2
row2094,Q646089|Q391983,1,Q646089,Consumer Electronics Show,Q391983,IIHF European Cup,2,0,1,0,True,model,2
row2095,Q646089|Q5055151,1,Q646089,Consumer Electronics Show,Q5055151,caving organization,2,0,0,1,True,model,2
row2096,Q646089|Q5155040,1,Q646089,Consumer Electronics Show,Q5155040,community project,2,0,0,1,True,model,2
row2098,Q3966|Q11650,3,Q3966,computer hardware,Q11650,electronics,1,1,1,1,True,model,1
row2099,Q3966|Q173156,3,Q3966,computer hardware,Q173156,digital electronics,2,1,1,1,True,model,2
row2100,Q3966|Q7068054,3,Q3966,computer hardware,Q7068054,nuclear electronics,2,0,1,0,True,model,2
row2101,Q3966|Q14859880,3,Q3966,computer hardware,Q14859880,audio electronics,2,0,1,0,True,model,2
row2102,Q3966|Q3633601,3,Q3966,computer hardware,Q3633601,marine electronics,2,0,1,0,True,model,2
row2103,Q3966|Q5358364,3,Q3966,computer hardware,Q5358364,electronic hardware,2,1,1,1,True,model,2
row2104,Q3966|Q2319665,3,Q3966,computer hardware,Q2319665,infra-red search and track,2,0,1,0,True,model,2
row2105,Q3966|Q849203,3,Q3966,computer hardware,Q849203,electronic countermeasure,2,0,1,0,True,model,2
row2106,Q3966|Q998627,3,Q3966,computer hardware,Q998627,electronic counter-countermeasure,2,0,0,1,True,model,2
row2107,Q3966|Q193091,3,Q3966,computer hardware,Q193091,optoelectronics,2,0,0,1,True,model,2
row2108,Q3966|Q593143,3,Q3966,computer hardware,Q593143,power electronics,2,0,1,0,True,model,2
row2109,Q3966|Q83908,3,Q3966,computer hardware,Q83908,NMOS logic,3,1,1,1,True,model,3
row2110,Q3966|Q173605,3,Q3966,computer hardware,Q173605,PMOS logic,3,1,1,1,True,model,3
row2111,Q309396|Q17155032,1,Q309396,keystroke logging,Q17155032,software category,1,1,1,1,True,model,1
row2112,Q309396|Q3077240,1,Q309396,keystroke logging,Q3077240,forge,2,0,0,1,True,model,2
row2113,Q309396|Q28168011,1,Q309396,keystroke logging,Q28168011,X server,2,0,0,1,True,model,2
row2114,Q309396|Q643876,1,Q309396,keystroke logging,Q643876,Virtual printer,2,0,0,1,True,model,2
row2115,Q309396|Q1074158,1,Q309396,keystroke logging,Q1074158,educational software,2,0,0,1,True,model,2
row2116,Q309396|Q570871,1,Q309396,keystroke logging,Q570871,email client,2,0,0,1,True,model,2
row2117,Q309396|Q487365,1,Q309396,keystroke logging,Q487365,gateway,2,0,0,1,True,model,2
row2118,Q831575|Q24651263,3,Q831575,Ishikawa diagram,Q24651263,management tool,1,1,1,1,True,model,1
row2119,Q831575|Q7336285,3,Q831575,Ishikawa diagram,Q7336285,risk management tool,2,1,0,0,True,model,2
row2120,Q831575|Q16849743,3,Q831575,Ishikawa diagram,Q16849743,business management tools,2,1,1,1,True,model,2
row2121,Q831575|Q3831821,3,Q831575,Ishikawa diagram,Q3831821,accounting register,2,0,0,1,True,model,2
row2123,Q831575|Q30314500,3,Q831575,Ishikawa diagram,Q30314500,Risk score,3,1,0,0,False,bfs_auto_prune,
row2124,Q831575|Q1535147,3,Q831575,Ishikawa diagram,Q1535147,risk matrix,3,1,0,0,False,bfs_auto_prune,
row2125,Q831575|Q7336300,3,Q831575,Ishikawa diagram,Q7336300,risk register,3,1,0,0,False,bfs_auto_prune,
row2126,Q831575|Q18390984,3,Q831575,Ishikawa diagram,Q18390984,Monitoring and Evaluation,3,1,0,0,False,bfs_auto_prune,
row2127,Q831575|Q5133843,3,Q831575,Ishikawa diagram,Q5133843,clinical prediction rule,4,0,0,1,False,bfs_auto_prune,
row2128,Q831575|Q816754,3,Q831575,Ishikawa diagram,Q816754,benchmarking,4,0,0,1,False,bfs_auto_prune,
row2129,Q51731363|Q15836568,2,Q51731363,Point-to-Point Protocol over AAL2,Q15836568,computer network protocol,1,1,1,1,True,model,1
row2130,Q51731363|Q1422324,2,Q51731363,Point-to-Point Protocol over AAL2,Q1422324,Telecommunications Management Network,2,1,0,0,True,model,2
row2131,Q51731363|Q28380029,2,Q51731363,Point-to-Point Protocol over AAL2,Q28380029,network file system,2,0,0,1,True,model,2
row2132,Q51731363|Q8777,2,Q51731363,Point-to-Point Protocol over AAL2,Q8777,Hypertext Transfer Protocol,2,0,0,1,True,model,2
row2133,Q51731363|Q5013874,2,Q51731363,Point-to-Point Protocol over AAL2,Q5013874,CRFS (Coherent Remote File System),2,0,0,1,True,model,2
row2134,Q51731363|Q2622793,2,Q51731363,Point-to-Point Protocol over AAL2,Q2622793,JetDirect,2,0,0,1,True,model,2
row2135,Q51731363|Q3359815,2,Q51731363,Point-to-Point Protocol over AAL2,Q3359815,PPPoX,2,1,0,0,True,model,2
row2136,Q692033|Q3966,3,Q692033,digital subscriber line access multiplexer,Q3966,computer hardware,1,1,1,1,True,model,1
row2137,Q692033|Q4321,3,Q692033,digital subscriber line access multiplexer,Q4321,motherboard,2,0,1,0,True,model,2
row2138,Q692033|Q21157683,3,Q692033,digital subscriber line access multiplexer,Q21157683,computer cooler,2,0,1,0,True,model,2
row2139,Q207819|Q193983,3,Q207819,Standard Generalized Markup Language,Q193983,metalanguage,1,1,1,1,True,model,1
row2140,Q207819|Q235557,3,Q207819,Standard Generalized Markup Language,Q235557,file format,1,1,1,1,True,model,1
row2141,Q207819|Q37045,3,Q207819,Standard Generalized Markup Language,Q37045,markup language,1,1,1,1,True,model,1
row2142,Q207819|Q2206173,3,Q207819,Standard Generalized Markup Language,Q2206173,Software Independent Archiving of Relational Databases,2,0,0,1,True,model,2
row2143,Q207819|Q1572121,3,Q207819,Standard Generalized Markup Language,Q1572121,image file format,2,0,0,1,True,model,2
row2144,Q207819|Q27824058,3,Q207819,Standard Generalized Markup Language,Q27824058,Internet Archive ARC,2,0,0,1,True,model,2
row2145,Q207819|Q682626,3,Q207819,Standard Generalized Markup Language,Q682626,audio file format,2,0,0,1,True,model,2
row2146,Q207819|Q28846213,3,Q207819,Standard Generalized Markup Language,Q28846213,BIOM file format,2,0,0,1,True,model,2
row2147,Q207819|Q45989477,3,Q207819,Standard Generalized Markup Language,Q45989477,WebP Extended,2,0,0,1,True,model,2
row2149,Q207819|Q243303,3,Q207819,Standard Generalized Markup Language,Q243303,RAR,2,0,0,1,True,model,2
row2150,Q215179|Q15836568,3,Q215179,Point-to-point protocol,Q15836568,computer network protocol,1,1,1,1,True,model,1
row2151,Q215179|Q8777,3,Q215179,Point-to-point protocol,Q8777,Hypertext Transfer Protocol,2,0,1,0,True,model,2
row2152,Q215179|Q5013874,3,Q215179,Point-to-point protocol,Q5013874,CRFS (Coherent Remote File System),2,0,0,1,True,model,2
row2153,Q215179|Q203087,3,Q215179,Point-to-point protocol,Q203087,signaling protocol,2,1,0,0,True,model,2
row2154,Q215179|Q3359815,3,Q215179,Point-to-point protocol,Q3359815,PPPoX,2,1,0,0,True,model,2
row2155,Q215179|Q81414,3,Q215179,Point-to-point protocol,Q81414,Internet protocol suite,2,1,1,1,True,model,2
row2156,Q215179|Q1422324,3,Q215179,Point-to-point protocol,Q1422324,Telecommunications Management Network,2,1,0,0,True,model,2
row2157,Q215179|Q28380029,3,Q215179,Point-to-point protocol,Q28380029,network file system,2,0,0,1,True,model,2
row2159,Q215179|Q2622793,3,Q215179,Point-to-point protocol,Q2622793,JetDirect,2,0,0,1,True,model,2
row2160,Q215179|Q4112081,3,Q215179,Point-to-point protocol,Q4112081,network virtualization,2,0,0,1,True,model,2
row2161,Q215179|Q1254335,3,Q215179,Point-to-point protocol,Q1254335,cryptographic protocol,2,0,0,1,True,model,2
row2162,Q2199289|Q4505959,2,Q2199289,Géoportail,Q4505959,digital map,1,1,1,1,True,model,1
row2163,Q2199289|Q35127,2,Q2199289,Géoportail,Q35127,website,1,1,1,1,True,model,1
row2164,Q2199289|Q15633582,2,Q2199289,Géoportail,Q15633582,MediaWiki website,2,0,0,1,True,model,2
row2165,Q2199289|Q171,2,Q2199289,Géoportail,Q171,wiki,2,0,0,1,True,model,2
row2166,Q2199289|Q3485465,2,Q2199289,Géoportail,Q3485465,cooking website,2,0,0,1,True,model,2
row2167,Q2199289|Q41346237,2,Q2199289,Géoportail,Q41346237,interactive map,2,1,0,0,True,model,2
row2168,Q2199289|Q17232649,2,Q2199289,Géoportail,Q17232649,news website,2,0,0,1,True,model,2
row2169,Q2199289|Q1990286,2,Q2199289,Géoportail,Q1990286,Single-page application,2,0,0,1,True,model,2
row2170,Q2199289|Q1938536,2,Q2199289,Géoportail,Q1938536,mirror site,2,0,0,1,True,model,2
row2171,Q2199289|Q189210,2,Q2199289,Géoportail,Q189210,web application,2,1,0,0,True,model,2
row2174,Q1054787|Q4830453,2,Q1054787,Nippon Telegraph and Telephone,Q4830453,business,1,1,1,1,True,model,1
row2175,Q1054787|Q6881511,2,Q1054787,Nippon Telegraph and Telephone,Q6881511,enterprise,1,1,1,1,True,model,1
row2176,Q1054787|Q891723,2,Q1054787,Nippon Telegraph and Telephone,Q891723,public company,1,1,1,1,True,model,1
row2177,Q1054787|Q30688741,2,Q1054787,Nippon Telegraph and Telephone,Q30688741,virtual restaurant,2,0,0,1,True,model,2
row2178,Q1054787|Q811404,2,Q1054787,Nippon Telegraph and Telephone,Q811404,Bauhof,2,0,0,1,True,model,2
row2179,Q1054787|Q11885129,2,Q1054787,Nippon Telegraph and Telephone,Q11885129,artist agency,2,0,0,1,True,model,2
row2180,Q1054787|Q1266169,2,Q1054787,Nippon Telegraph and Telephone,Q1266169,telephone company,2,1,0,0,True,model,2
row2182,Q1054787|Q220142,2,Q1054787,Nippon Telegraph and Telephone,Q220142,pet store,2,0,0,1,True,model,2
row2183,Q1054787|Q3591545,2,Q1054787,Nippon Telegraph and Telephone,Q3591545,financial service company,2,0,0,1,True,model,2
row2184,Q1054787|Q1318768,2,Q1054787,Nippon Telegraph and Telephone,Q1318768,snack bar,2,0,0,1,True,model,2
row2185,Q1054787|Q18388277,2,Q1054787,Nippon Telegraph and Telephone,Q18388277,technology company,2,1,0,0,True,model,2
row2186,Q1054787|Q2865305,2,Q1054787,Nippon Telegraph and Telephone,Q2865305,trading company,2,0,0,1,True,model,2
row2188,Q1054787|Q25112142,2,Q1054787,Nippon Telegraph and Telephone,Q25112142,dental service organization,2,0,0,1,True,model,2
row2189,Q189223|Q24034552,2,Q189223,Turing test,Q24034552,mathematical concept,1,1,1,1,True,model,1
row2191,Q189223|Q29175,2,Q189223,Turing test,Q29175,derivative,2,0,0,1,True,model,2
row2193,Q189223|Q11128390,2,Q189223,Turing test,Q11128390,Resurgence,2,0,0,1,True,model,2
row2194,Q189223|Q2905654,2,Q189223,Turing test,Q2905654,representation,2,0,0,1,True,model,2
row2195,Q189223|Q21550639,2,Q189223,Turing test,Q21550639,geometric concept,2,0,0,1,True,model,2
row2196,Q189223|Q1166625,2,Q189223,Turing test,Q1166625,mathematical problem,2,0,0,1,True,model,2
row2197,Q189223|Q3153995,2,Q189223,Turing test,Q3153995,inequality,2,0,0,1,True,model,2
row2198,Q189223|Q1152398,2,Q189223,Turing test,Q1152398,canonical form,2,0,0,1,True,model,2
row2199,Q189223|Q20642780,2,Q189223,Turing test,Q20642780,mathematical construction,2,0,0,1,True,model,2
row2200,Q189223|Q210832,2,Q189223,Turing test,Q210832,statistical hypothesis test,2,0,0,1,True,model,2
row2201,Q189223|Q177239,2,Q189223,Turing test,Q177239,limit,2,0,0,1,True,model,2
row2202,Q189223|Q12202238,2,Q189223,Turing test,Q12202238,transformation,2,0,0,1,True,model,2
row2203,Q189223|Q188211,2,Q189223,Turing test,Q188211,invariant,2,0,0,1,True,model,2
row2204,Q189223|Q5574851,2,Q189223,Turing test,Q5574851,mathematical diagram,2,0,0,1,True,model,2
row2206,Q189223|Q917661,2,Q189223,Turing test,Q917661,degeneracy,2,0,0,1,True,model,2
row2208,Q189223|Q3001919,2,Q189223,Turing test,Q3001919,mathematical coincidence,2,0,0,1,True,model,2
row2209,Q9158|Q1668024,0,Q9158,email,Q1668024,service on internet,1,1,1,1,True,model,1
row2210,Q9158|Q7094065,0,Q9158,email,Q7094065,online calendar,2,1,0,0,True,model,2
row2211,Q9158|Q466,0,Q9158,email,Q466,World Wide Web,2,1,0,0,True,model,2
row2212,Q9158|Q1273203,0,Q9158,email,Q1273203,mailbox provider,2,1,0,0,True,model,2
row2213,Q9158|Q3220391,0,Q9158,email,Q3220391,social networking service,2,1,0,0,True,model,2
row2214,Q9158|Q4007046,0,Q9158,email,Q4007046,VOLftp,2,0,0,1,True,model,2
row2215,Q9158|Q161410,0,Q9158,email,Q161410,peer-to-peer,2,0,0,1,True,model,2
row2216,Q9158|Q168210,0,Q9158,email,Q168210,Internet forum,2,1,0,0,True,model,2
row2217,Q9158|Q60229368,0,Q9158,email,Q60229368,Developer Portal,2,0,0,1,True,model,2
row2218,Q9158|Q1368679,0,Q9158,email,Q1368679,Internet fax,2,1,0,0,True,model,2
row2219,Q9158|Q18385544,0,Q9158,email,Q18385544,open banking,2,0,0,1,True,model,2
row2220,Q9158|Q5440723,0,Q9158,email,Q5440723,federation,2,0,0,1,True,model,2
row2221,Q9158|Q56240402,0,Q9158,email,Q56240402,VPN service,2,0,0,1,True,model,2
row2222,Q9158|Q615699,0,Q9158,email,Q615699,Internet encyclopedia,2,0,0,1,True,model,2
row2223,Q9158|Q193162,0,Q9158,email,Q193162,Usenet,2,1,0,0,True,model,2
row2225,Q17005322|Q954187,1,Q17005322,base transceiver station,Q954187,transceiver,1,1,1,1,True,model,1
row2226,Q17005322|Q30119958,1,Q17005322,base transceiver station,Q30119958,R-126,2,0,0,1,True,model,2
row2227,Q17005322|Q770588,1,Q17005322,base transceiver station,Q770588,citizens band radio,2,0,0,1,True,model,2
row2228,Q622754|Q1978634,0,Q622754,Asterisk,Q1978634,IP PBX,1,1,1,1,True,model,1
row2229,Q622754|Q341,0,Q622754,Asterisk,Q341,free software,1,1,1,1,True,model,1
row2230,Q622754|Q2816466,0,Q622754,Asterisk,Q2816466,3CX Phone System,2,1,1,1,True,model,2
row2231,Q3510521|Q8148,4,Q3510521,computer security,Q8148,industry,1,1,1,1,True,model,1
row2232,Q3510521|Q11862829,4,Q3510521,computer security,Q11862829,academic discipline,1,1,1,1,True,model,1
row2234,Q3510521|Q2001056,4,Q3510521,computer security,Q2001056,land management,2,0,0,1,True,model,2
row2235,Q3510521|Q184784,4,Q3510521,computer security,Q184784,architectural drawing,2,0,0,1,True,model,2
row2237,Q3510521|Q101761,4,Q3510521,computer security,Q101761,zipper,2,0,0,1,True,model,2
row2238,Q3510521|Q555097,4,Q3510521,computer security,Q555097,accessibility,2,0,0,1,True,model,2
row2239,Q8795|Q290378,3,Q8795,Internet Protocol,Q290378,internet standard,1,1,1,1,True,model,1
row2240,Q8795|Q14208553,3,Q8795,Internet Protocol,Q14208553,invention,1,1,1,1,True,model,1
row2241,Q8795|Q7920564,3,Q8795,Internet Protocol,Q7920564,Venus for Men,2,0,1,0,True,model,2
row2242,Q8795|Q5455176,3,Q8795,Internet Protocol,Q5455176,Fisk metallic burial case,2,0,1,0,True,model,2
row2243,Q8795|Q211586,3,Q8795,Internet Protocol,Q211586,mechanical calculator,2,0,1,0,True,model,2
row2244,Q8795|Q1349214,3,Q8795,Internet Protocol,Q1349214,Four Great Inventions,2,0,1,0,True,model,2
row2245,Q8795|Q6723631,3,Q8795,Internet Protocol,Q6723631,machine,2,0,1,0,True,model,2
row2248,Q104851|Q17155032,3,Q104851,firmware,Q17155032,software category,1,1,1,1,True,model,1
row2249,Q104851|Q1074158,3,Q104851,firmware,Q1074158,educational software,2,0,0,1,True,model,2
row2250,Q7603|Q3943414,1,Q7603,GNU General Public License,Q3943414,free software license,1,1,1,1,True,model,1
row2251,Q7603|Q5975031,1,Q7603,GNU General Public License,Q5975031,copyleft free software license,1,1,1,1,True,model,1
row2252,Q7603|Q1156659,1,Q7603,GNU General Public License,Q1156659,OSI-approved license,1,1,1,1,True,model,1
row2253,Q7603|Q304628,1,Q7603,GNU General Public License,Q304628,Common Development and Distribution License,2,1,1,1,True,model,2
row2254,Q7603|Q1281977,1,Q7603,GNU General Public License,Q1281977,Eclipse Public License,2,1,1,1,True,model,2
row2255,Q7603|Q713244,1,Q7603,GNU General Public License,Q713244,Artistic License,2,1,1,1,True,model,2
row2256,Q7603|Q1437937,1,Q7603,GNU General Public License,Q1437937,permissive free software license,2,1,1,1,True,model,2
row2257,Q7603|Q334661,1,Q7603,GNU General Public License,Q334661,MIT license,3,1,1,1,True,model,3
row2258,Q7603|Q191307,1,Q7603,GNU General Public License,Q191307,BSD licenses,3,1,1,1,True,model,3
row2259,Q7603|Q19292556,1,Q7603,GNU General Public License,Q19292556,1-clause BSD License,4,1,1,1,True,model,4
row2260,Q228327|Q1068715,0,Q228327,access network,Q1068715,telecommunications network,1,1,1,1,True,model,1
row2261,Q228327|Q15057100,0,Q228327,access network,Q15057100,broadband Internet access,2,1,0,0,True,model,2
row2262,Q228327|Q75,0,Q228327,access network,Q75,Internet,2,1,1,1,True,model,2
row2263,Q228327|Q1120452,0,Q228327,access network,Q1120452,communications-based train control,2,0,1,0,True,model,2
row2264,Q228327|Q1301371,0,Q228327,access network,Q1301371,computer network,2,1,1,1,True,model,2
row2265,Q228327|Q141683,0,Q228327,access network,Q141683,broadcast network,2,1,1,1,True,model,2
row2266,Q228327|Q2354216,0,Q228327,access network,Q2354216,telephone network,2,1,1,1,True,model,2
row2267,Q228327|Q1162680,0,Q228327,access network,Q1162680,tropospheric scatter,2,0,0,1,True,model,2
row2268,Q228327|Q1654395,0,Q228327,access network,Q1654395,IRC network,2,0,1,0,True,model,2
row2269,Q228327|Q5570871,0,Q228327,access network,Q5570871,global network,2,1,1,1,True,model,2
row2270,Q228327|Q3498158,0,Q228327,access network,Q3498158,public data network,2,0,1,0,True,model,2
row2271,Q228327|Q1976011,0,Q228327,access network,Q1976011,Bynet,3,0,1,0,True,model,3
row2272,Q228327|Q922437,0,Q228327,access network,Q922437,InfiniBand,3,0,1,0,True,model,3
row2273,Q228327|Q18198738,0,Q228327,access network,Q18198738,Global Multistakeholder Meeting on the Future of Internet Governance,3,0,1,0,True,model,3
row2274,Q228327|Q7953975,0,Q228327,access network,Q7953975,WOR Radio Network,3,0,0,1,True,model,3
row2275,Q228327|Q12045244,0,Q228327,access network,Q12045244,landline telephone network,3,0,1,0,True,model,3
row2276,Q228327|Q1043805,0,Q228327,access network,Q1043805,mobile web,3,0,1,0,True,model,3
row2277,Q228327|Q6055991,0,Q228327,access network,Q6055991,Internet in the United States,3,0,1,0,True,model,3
row2278,Q228327|Q1117061,0,Q228327,access network,Q1117061,local loop,3,0,1,0,True,model,3
row2279,Q228327|Q5501093,0,Q228327,access network,Q5501093,Freenet,3,0,1,0,True,model,3
row2280,Q228327|Q1322821,0,Q228327,access network,Q1322821,Internet in North Korea,3,0,1,0,True,model,3
row2281,Q228327|Q2135275,0,Q228327,access network,Q2135275,Intermodal Transport Control System,3,0,1,0,True,model,3
row2282,Q228327|Q182129,0,Q228327,access network,Q182129,metropolitan area network,3,1,1,1,True,model,3
row2284,Q228327|Q2396610,0,Q228327,access network,Q2396610,geoweb,3,0,1,0,True,model,3
row2285,Q8815|Q317623,0,Q8815,ASCII,Q317623,technical standard,1,1,1,1,True,model,1
row2286,Q8815|Q184759,0,Q8815,ASCII,Q184759,character encoding,1,1,1,1,True,model,1
row2288,Q8815|Q29149990,0,Q8815,ASCII,Q29149990,coded character set,1,1,1,1,True,model,1
row2289,Q8815|Q777955,0,Q8815,ASCII,Q777955,Universal Character Set,2,1,1,1,True,model,2
row2290,Q8815|Q184756,0,Q8815,ASCII,Q184756,character encoding in HTML,2,1,0,0,True,model,2
row2291,Q8815|Q2289247,0,Q8815,ASCII,Q2289247,SBCS,2,1,0,0,True,model,2
row2292,Q8815|Q2309650,0,Q8815,ASCII,Q2309650,MPEG-3,2,0,0,1,True,model,2
row2293,Q8815|Q1416278,0,Q8815,ASCII,Q1416278,Unicode Transformation Format,2,1,0,0,True,model,2
row2294,Q8815|Q47119608,0,Q8815,ASCII,Q47119608,ANSI/ASHRAE 34-2016: Designation and Safety Classification of Refrigerants,2,0,0,1,True,model,2
row2295,Q8815|Q12623918,0,Q8815,ASCII,Q12623918,precomposed hangul encoding,2,1,0,0,True,model,2
row2296,Q8815|Q17042510,0,Q8815,ASCII,Q17042510,MacGreek encoding,2,1,1,1,True,model,2
row2297,Q8815|Q6108264,0,Q8815,ASCII,Q6108264,JIS encoding,2,1,0,0,True,model,2
row2298,Q8815|Q47167051,0,Q8815,ASCII,Q47167051,dingbat typeface,2,1,0,0,True,model,2
row2300,Q8815|Q3775042,0,Q8815,ASCII,Q3775042,binary-to-text encoding,2,1,0,0,True,model,2
row2301,Q8815|Q45941145,0,Q8815,ASCII,Q45941145,data standard,2,1,0,0,True,model,2
row2303,Q8815|Q1091326,0,Q8815,ASCII,Q1091326,IT security standards,2,1,0,0,True,model,2
row2304,Q8815|Q184766,0,Q8815,ASCII,Q184766,code page,2,1,1,1,True,model,2
row2305,Q8815|Q2610482,0,Q8815,ASCII,Q2610482,Extended ASCII,2,1,0,0,True,model,2
row2307,Q8815|Q372395,0,Q8815,ASCII,Q372395,Brahmic scripts in Unicode,2,0,0,1,True,model,2
row2308,Q8815|Q59155105,0,Q8815,ASCII,Q59155105,standard character set,2,1,0,0,True,model,2
row2309,Q8815|Q17042507,0,Q8815,ASCII,Q17042507,Mac Icelandic encoding,2,1,0,0,True,model,2
row2310,Q8815|Q25616446,0,Q8815,ASCII,Q25616446,Morse alphabet,2,0,0,1,True,model,2
row2311,Q8815|Q30592417,0,Q8815,ASCII,Q30592417,RISC OS character set,2,1,0,0,True,model,2
row2313,Q8815|Q7554365,0,Q8815,ASCII,Q7554365,software standard,2,1,0,0,True,model,2
row2314,Q8815|Q144352,0,Q8815,ASCII,Q144352,Armenian Standard Code for Information Interchange,2,1,0,0,True,model,2
row2315,Q8815|Q6313217,0,Q8815,ASCII,Q6313217,time standard,2,0,0,1,True,model,2
row2316,Q8815|Q41734983,0,Q8815,ASCII,Q41734983,DOS code page,3,1,1,1,True,model,3
row2317,Q8815|Q7210023,0,Q8815,ASCII,Q7210023,Polish code pages,3,1,1,1,True,model,3
row2319,Q8815|Q7598213,0,Q8815,ASCII,Q7598213,Standard Compression Scheme for Unicode,3,1,0,0,False,bfs_auto_prune,
row2320,Q8815|Q1140550,0,Q8815,ASCII,Q1140550,Extended Unix Code,3,1,0,0,False,bfs_auto_prune,
row2321,Q8815|Q8024464,0,Q8815,ASCII,Q8024464,Windows code page,3,1,1,1,True,model,3
row2322,Q8815|Q9383074,0,Q8815,ASCII,Q9383074,XJP,4,1,1,1,True,model,4
row2323,Q289|Q11033,2,Q289,television,Q11033,mass media,1,1,1,1,True,model,1
row2324,Q289|Q121359,2,Q289,television,Q121359,infrastructure,1,1,1,1,True,model,1
row2325,Q289|Q1193236,2,Q289,television,Q1193236,news media,2,1,0,0,True,model,2
row2326,Q289|Q17172633,2,Q289,television,Q17172633,written news media,2,0,0,1,True,model,2
row2327,Q289|Q15078788,2,Q289,television,Q15078788,broadcasting,2,1,1,1,True,model,1
row2328,Q289|Q627364,2,Q289,television,Q627364,public works,2,0,0,1,True,model,2
row2329,Q289|Q924286,2,Q289,television,Q924286,transport network,2,0,0,1,True,model,2
row2330,Q289|Q1438053,2,Q289,television,Q1438053,research infrastructure,2,0,0,1,True,model,2
row2331,Q289|Q1061108,2,Q289,television,Q1061108,water supply,2,0,0,1,True,model,2
row2332,Q289|Q209588,2,Q289,television,Q209588,satellite television,3,1,0,0,True,model,2
row2333,Q289|Q872,2,Q289,television,Q872,radio communications,3,0,1,0,True,model,2
row2334,Q289|Q1962634,2,Q289,television,Q1962634,news broadcasting,3,1,0,0,True,model,2
row2335,Q5289|Q271680,3,Q5289,.NET Framework,Q271680,software framework,1,1,1,1,True,model,1
row2336,Q5289|Q241317,3,Q5289,.NET Framework,Q241317,computing platform,1,1,1,1,True,model,1
row2337,Q5289|Q610398,3,Q5289,.NET Framework,Q610398,system on a chip,2,0,0,1,True,model,2
row2338,Q5289|Q2142726,3,Q5289,.NET Framework,Q2142726,Macintosh SE/30,2,0,0,1,True,model,2
row2339,Q5289|Q12744597,3,Q5289,.NET Framework,Q12744597,Amstrad CSD,2,0,0,1,True,model,2
row2340,Q5289|Q16082297,3,Q5289,.NET Framework,Q16082297,MITS Altair 8800b,2,0,0,1,True,model,2
row2341,Q5289|Q3129265,3,Q5289,.NET Framework,Q3129265,HECTOR MX,2,0,0,1,True,model,2
row2342,Q5289|Q3854693,3,Q5289,.NET Framework,Q3854693,Menlow,2,0,0,1,True,model,2
row2343,Q5289|Q5014368,3,Q5289,.NET Framework,Q5014368,CSS framework,2,0,0,1,True,model,2
row2344,Q5289|Q1186471,3,Q5289,.NET Framework,Q1186471,multimedia framework,2,0,0,1,True,model,2
row2345,Q29169143|Q28640,3,Q29169143,data scientist,Q28640,profession,1,1,1,1,True,model,1
row2346,Q29169143|Q4164871,3,Q29169143,data scientist,Q4164871,position,1,1,1,1,True,model,1
row2347,Q29169143|Q4220920,3,Q29169143,data scientist,Q4220920,filmmaking occupation,2,0,0,1,True,model,2
row2348,Q29169143|Q7574852,3,Q29169143,data scientist,Q7574852,special prosecutor,2,0,0,1,True,model,2
row2349,Q29169143|Q56489540,3,Q29169143,data scientist,Q56489540,chansonnier,2,0,0,1,True,model,2
row2350,Q29169143|Q2529166,3,Q29169143,data scientist,Q2529166,lieutenant governor,2,0,0,1,True,model,2
row2353,Q29169143|Q56654120,3,Q29169143,data scientist,Q56654120,superintendent of Recreio e Vargens,2,0,0,1,True,model,2
row2354,Q29169143|Q18677341,3,Q29169143,data scientist,Q18677341,Procurator,2,0,0,1,True,model,2
row2355,Q29169143|Q2937346,3,Q29169143,data scientist,Q2937346,Capitão do donatário,2,0,0,1,True,model,2
row2356,Q29169143|Q182436,3,Q29169143,data scientist,Q182436,librarian,2,0,0,1,True,model,2
row2357,Q29169143|Q60028304,3,Q29169143,data scientist,Q60028304,Lieutenant Governors of Brazil,2,0,0,1,True,model,2
row2358,Q29169143|Q59289676,3,Q29169143,data scientist,Q59289676,Chief of staff of the French Ministry of the Interior,2,0,0,1,True,model,2
row2360,Q29169143|Q778000,3,Q29169143,data scientist,Q778000,Ausbildungsberuf,2,0,0,1,True,model,2
row2361,Q29169143|Q10468547,3,Q29169143,data scientist,Q10468547,demonstrator,2,0,0,1,True,model,2
row2362,Q29169143|Q16931516,3,Q29169143,data scientist,Q16931516,Muhandiram,2,0,0,1,True,model,2
row2364,Q29169143|Q42045197,3,Q29169143,data scientist,Q42045197,hereditary position,2,0,0,1,True,model,2
row2366,Q29169143|Q511138,3,Q29169143,data scientist,Q511138,inspector,2,0,0,1,True,model,2
row2367,Q29169143|Q2133201,3,Q29169143,data scientist,Q2133201,Procureur du Bien Public,2,0,0,1,True,model,2
row2368,Q29169143|Q15894241,3,Q29169143,data scientist,Q15894241,assistant commissioner,2,0,0,1,True,model,2
row2370,Q29169143|Q24884545,3,Q29169143,data scientist,Q24884545,engineering controls,2,0,0,1,True,model,2
row2372,Q29169143|Q15839299,3,Q29169143,data scientist,Q15839299,theatrical occupation,2,0,0,1,True,model,2
row2373,Q29169143|Q15726407,3,Q29169143,data scientist,Q15726407,President of the World Esperanto Youth Organization,2,0,0,1,True,model,2
row2374,Q29169143|Q3333733,3,Q29169143,data scientist,Q3333733,musicology profession,2,0,0,1,True,model,2
row2375,Q16001547|Q15836568,1,Q16001547,Access stratum,Q15836568,computer network protocol,1,1,1,1,True,model,1
row2376,Q16001547|Q8777,1,Q16001547,Access stratum,Q8777,Hypertext Transfer Protocol,2,0,0,1,True,model,2
row2377,Q16001547|Q5013874,1,Q16001547,Access stratum,Q5013874,CRFS (Coherent Remote File System),2,0,0,1,True,model,2
row2378,Q16001547|Q203087,1,Q16001547,Access stratum,Q203087,signaling protocol,2,1,0,0,True,model,2
row2379,Q16001547|Q24091098,1,Q16001547,Access stratum,Q24091098,database access protocol,2,0,0,1,True,model,2
row2380,Q16001547|Q3359815,1,Q16001547,Access stratum,Q3359815,PPPoX,2,0,0,1,True,model,2
row2381,Q16001547|Q1422324,1,Q16001547,Access stratum,Q1422324,Telecommunications Management Network,2,1,0,0,True,model,2
row2382,Q16001547|Q28380029,1,Q16001547,Access stratum,Q28380029,network file system,2,0,0,1,True,model,2
row2383,Q16001547|Q2622793,1,Q16001547,Access stratum,Q2622793,JetDirect,2,0,0,1,True,model,2
row2384,Q302022|Q271680,2,Q302022,ActiveX,Q271680,software framework,1,1,1,1,True,model,1
row2386,Q302022|Q642215,2,Q302022,ActiveX,Q642215,Simple Authentication and Security Layer,2,0,0,1,True,model,2
row2387,Q302022|Q24789150,2,Q302022,ActiveX,Q24789150,JavaScript framework,2,0,0,1,True,model,2
row2388,Q302022|Q21169670,2,Q302022,ActiveX,Q21169670,machine learning framework,2,0,0,1,True,model,2
row2389,Q302022|Q7935188,2,Q302022,ActiveX,Q7935188,virtual world framework,2,0,0,1,True,model,2
row2390,Q302022|Q29149990,2,Q302022,ActiveX,Q29149990,coded character set,2,0,0,1,True,model,2
row2391,Q302022|Q5014368,2,Q302022,ActiveX,Q5014368,CSS framework,2,0,0,1,True,model,2
row2393,Q37033|Q48204,0,Q37033,World Wide Web Consortium,Q48204,voluntary association,1,1,1,1,True,model,1
row2394,Q37033|Q1328899,0,Q37033,World Wide Web Consortium,Q1328899,standards organization,1,1,1,1,True,model,1
row2395,Q37033|Q294801,0,Q37033,World Wide Web Consortium,Q294801,eco-control body,2,0,0,1,True,model,2
row2397,Q37033|Q7974565,0,Q37033,World Wide Web Consortium,Q7974565,waterway society,2,0,0,1,True,model,2
row2398,Q37033|Q7835148,0,Q37033,World Wide Web Consortium,Q7835148,transport standards organization,2,0,0,1,True,model,2
row2399,Q37033|Q10682318,0,Q37033,World Wide Web Consortium,Q10682318,studentförening,2,0,0,1,True,model,2
row2400,Q37033|Q659206,0,Q37033,World Wide Web Consortium,Q659206,Technischer Überwachungsverein,2,0,0,1,True,model,2
row2401,Q156616|Q7094076,2,Q156616,The National Institute of Statistics and Economic Studies,Q7094076,online database,1,1,1,1,True,model,1
row2402,Q156616|Q480242,2,Q156616,The National Institute of Statistics and Economic Studies,Q480242,statistical service,1,1,1,1,True,model,1
row2407,Q156616|Q3513788,2,Q156616,The National Institute of Statistics and Economic Studies,Q3513788,Croatian Bureau of Statistics,2,1,0,0,True,model,2
row2409,Q156616|Q212805,2,Q156616,The National Institute of Statistics and Economic Studies,Q212805,digital library,2,0,0,1,True,model,2
row2410,Q156616|Q24054178,2,Q156616,The National Institute of Statistics and Economic Studies,Q24054178,statistical office of German states,2,1,0,0,True,model,2
row2412,Q156616|Q26932627,2,Q156616,The National Institute of Statistics and Economic Studies,Q26932627,GLAM Inventory,2,0,0,1,True,model,2
row2413,Q156616|Q16739336,2,Q156616,The National Institute of Statistics and Economic Studies,Q16739336,listed in the general inventory of cultural heritage,2,0,0,1,True,model,2
row2414,Q156616|Q2499178,2,Q156616,The National Institute of Statistics and Economic Studies,Q2499178,cloud database,2,0,0,1,True,model,2
row2415,Q156616|Q6031177,2,Q156616,The National Institute of Statistics and Economic Studies,Q6031177,information repository,2,0,0,1,True,model,2
row2418,Q156616|Q7096323,2,Q156616,The National Institute of Statistics and Economic Studies,Q7096323,open-access repository,2,0,0,1,True,model,2
row2421,Q156616|Q1334294,2,Q156616,The National Institute of Statistics and Economic Studies,Q1334294,software repository,2,0,0,1,True,model,2
row2422,Q156616|Q59825643,2,Q156616,The National Institute of Statistics and Economic Studies,Q59825643,online music database,2,0,0,1,True,model,2
row2423,Q156616|Q3491832,2,Q156616,The National Institute of Statistics and Economic Studies,Q3491832,review aggregator,2,0,0,1,True,model,2
row2425,Q156616|Q3327521,2,Q156616,The National Institute of Statistics and Economic Studies,Q3327521,online dictionary,2,0,0,1,True,model,2
row2426,Q156616|Q55341040,2,Q156616,The National Institute of Statistics and Economic Studies,Q55341040,video game database,2,0,0,1,True,model,2
row2427,Q156616|Q615699,2,Q156616,The National Institute of Statistics and Economic Studies,Q615699,Internet encyclopedia,2,0,0,1,True,model,2
row2428,Q156616|Q3077240,2,Q156616,The National Institute of Statistics and Economic Studies,Q3077240,forge,2,0,0,1,True,model,2
row2429,Q466|Q121182,1,Q466,World Wide Web,Q121182,information system,1,1,1,1,True,model,1
row2431,Q466|Q1662611,1,Q466,World Wide Web,Q1662611,IT system,2,0,0,1,True,model,2
row2432,Q515636|Q41401699,1,Q515636,FIFO,Q41401699,scheduling algorithm,1,1,1,1,True,model,1
row2433,Q515636|Q5319000,1,Q515636,FIFO,Q5319000,dynamic priority scheduling,2,1,1,1,True,model,2
row2434,Q515636|Q41408440,1,Q515636,FIFO,Q41408440,disk scheduling algorithm,2,1,1,1,True,model,2
row2435,Q515636|Q41408494,1,Q515636,FIFO,Q41408494,network scheduling algorithm,2,1,1,1,True,model,2
row2436,Q515636|Q5532874,1,Q515636,FIFO,Q5532874,genetic algorithm scheduling,2,1,0,0,True,model,2
row2437,Q2115|Q24451526,1,Q2115,Extensible Markup Language,Q24451526,data serialization format,1,1,1,1,True,model,1
row2438,Q2115|Q235557,1,Q2115,Extensible Markup Language,Q235557,file format,1,1,1,1,True,model,1
row2439,Q2115|Q37045,1,Q2115,Extensible Markup Language,Q37045,markup language,1,1,1,1,True,model,1
row2440,Q2115|Q863511,1,Q2115,Extensible Markup Language,Q863511,binary XML format,2,1,0,0,True,model,2
row2441,Q2115|Q29644049,1,Q2115,Extensible Markup Language,Q29644049,S-57 Electronic Navigation Chart,2,0,0,1,True,model,2
row2442,Q2115|Q166074,1,Q2115,Extensible Markup Language,Q166074,Extensible HyperText Markup Language,2,1,1,1,True,model,2
row2443,Q2115|Q7625107,1,Q2115,Extensible Markup Language,Q7625107,Structure of Management Information,2,0,0,1,True,model,2
row2444,Q2115|Q1758048,1,Q2115,Extensible Markup Language,Q1758048,Security Assertion Markup Language,2,1,1,1,True,model,2
row2445,Q2115|Q79587,1,Q2115,Extensible Markup Language,Q79587,Keyhole Markup Language,2,1,1,1,True,model,2
row2446,Q2115|Q17636230,1,Q2115,Extensible Markup Language,Q17636230,Windows Prefetch File,2,0,0,1,True,model,2
row2447,Q2115|Q27915156,1,Q2115,Extensible Markup Language,Q27915156,RADARSAT-1 CEOS Volume Directory File,2,0,0,1,True,model,2
row2448,Q2115|Q3502441,1,Q2115,Extensible Markup Language,Q3502441,Binary Interchange File Format,2,0,0,1,True,model,2
row2449,Q2115|Q285972,1,Q2115,Extensible Markup Language,Q285972,Mbox,2,0,0,1,True,model,2
row2450,Q2115|Q8811,1,Q2115,Extensible Markup Language,Q8811,HyperText Markup Language,2,1,1,1,True,model,2
row2451,Q2115|Q5531642,1,Q2115,Extensible Markup Language,Q5531642,general-purpose markup language,2,1,1,1,True,model,2
row2452,Q2115|Q7508366,1,Q2115,Extensible Markup Language,Q7508366,sidecar file,2,0,0,1,True,model,2
row2453,Q2115|Q5426535,1,Q2115,Extensible Markup Language,Q5426535,Autodesk FLI/FLC,2,0,0,1,True,model,2
row2454,Q2115|Q16545707,1,Q2115,Extensible Markup Language,Q16545707,dBASE Table File Format,2,0,0,1,True,model,2
row2455,Q2115|Q28846076,1,Q2115,Extensible Markup Language,Q28846076,Classification Results File Format,2,0,0,1,True,model,2
row2456,Q2115|Q4052124,1,Q2115,Extensible Markup Language,Q4052124,user interface markup language,2,1,1,1,True,model,2
row2457,Q2115|Q1931564,1,Q2115,Extensible Markup Language,Q1931564,Microsoft Access Database,2,0,0,1,True,model,2
row2458,Q2115|Q278934,1,Q2115,Extensible Markup Language,Q278934,shapefile,2,0,0,1,True,model,2
row2459,Q2115|Q7520680,1,Q2115,Extensible Markup Language,Q7520680,Simple HTML Ontology Extensions,2,1,1,1,True,model,2
row2460,Q2115|Q27915173,1,Q2115,Extensible Markup Language,Q27915173,RADARSAT-1 CEOS SAR Trailer File,2,0,0,1,True,model,2
row2461,Q2115|Q17004788,1,Q2115,Extensible Markup Language,Q17004788,Augmented Reality Markup Language,2,1,1,1,True,model,2
row2462,Q2115|Q1028939,1,Q2115,Extensible Markup Language,Q1028939,lightweight markup language,2,1,1,1,True,model,2
row2463,Q2115|Q1135858,1,Q2115,Extensible Markup Language,Q1135858,Flash Video,2,0,0,1,True,model,2
row2464,Q2115|Q826308,1,Q2115,Extensible Markup Language,Q826308,wiki markup,3,0,1,0,True,model,3
row2465,Q2115|Q4263410,1,Q2115,Extensible Markup Language,Q4263410,Structure Enhanced Text,3,1,1,1,True,model,3
row2466,Q223323|Q47103999,4,Q223323,root mean square,Q47103999,type of statistic,1,1,1,1,True,model,1
row2467,Q223323|Q56062092,4,Q223323,root mean square,Q56062092,error metric,2,1,0,0,True,model,2
row2468,Q223323|Q56651566,4,Q223323,root mean square,Q56651566,measure of forecasting quality,3,1,0,0,False,bfs_auto_prune,
row2469,Q1487|Q264965,4,Q1487,hacker,Q264965,subculture,1,1,1,1,True,model,1
row2470,Q1487|Q12737077,4,Q1487,hacker,Q12737077,occupation,1,1,1,1,True,model,1
row2471,Q1487|Q1162746,4,Q1487,hacker,Q1162746,phreaking,2,1,0,0,True,model,2
row2472,Q1487|Q13584036,4,Q1487,hacker,Q13584036,youth subculture in France,2,0,0,1,True,model,2
row2473,Q1487|Q5136459,4,Q1487,hacker,Q5136459,clubbing,2,0,0,1,True,model,2
row2474,Q1487|Q5637247,4,Q1487,hacker,Q5637247,hacker,2,1,0,0,True,model,2
row2475,Q1487|Q1022116,4,Q1487,hacker,Q1022116,bōsōzoku,2,0,0,1,True,model,2
row2476,Q1487|Q1940032,4,Q1487,hacker,Q1940032,medieval reenactment,2,0,0,1,True,model,2
row2477,Q1487|Q7445029,4,Q1487,hacker,Q7445029,Security culture,2,1,0,0,True,model,2
row2478,Q1487|Q2697987,4,Q1487,hacker,Q2697987,Incroyables and Merveilleuses,2,0,0,1,True,model,2
row2479,Q1487|Q1470206,4,Q1487,hacker,Q1470206,leather subculture,2,0,0,1,True,model,2
row2480,Q1487|Q188976,4,Q1487,hacker,Q188976,counterculture,2,1,0,0,True,model,2
row2481,Q1487|Q339747,4,Q1487,hacker,Q339747,hippie,3,0,0,1,False,bfs_auto_prune,
row2482,Q1575|Q218616,2,Q1575,Internet Explorer,Q218616,proprietary software,1,1,1,1,True,model,1
row2483,Q1575|Q6368,2,Q1575,Internet Explorer,Q6368,web browser,1,1,1,1,True,model,1
row2484,Q1575|Q498267,2,Q1575,Internet Explorer,Q498267,news aggregator,1,1,1,1,True,model,1
row2485,Q1575|Q178285,2,Q1575,Internet Explorer,Q178285,freeware,2,0,0,1,True,model,2
row2486,Q1575|Q900604,2,Q1575,Internet Explorer,Q900604,addres,2,1,0,0,True,model,2
row2487,Q1575|Q17081023,2,Q1575,Internet Explorer,Q17081023,site-specific browser,2,1,0,0,True,model,2
row2488,Q1575|Q7708379,2,Q1575,Internet Explorer,Q7708379,text-based web browser,2,1,0,0,True,model,2
row2490,Q1575|Q6543028,2,Q1575,Internet Explorer,Q6543028,license-free software,2,0,0,1,True,model,2
row2491,Q1575|Q3512599,2,Q1575,Internet Explorer,Q3512599,TV Giant,2,0,0,1,True,model,2
row2492,Q1575|Q185534,2,Q1575,Internet Explorer,Q185534,shareware,2,0,0,1,True,model,2
row2493,Q1575|Q18348827,2,Q1575,Internet Explorer,Q18348827,headless browser,2,1,0,0,True,model,2
row2494,Q1575|Q43627,2,Q1575,Internet Explorer,Q43627,Macintosh operating systems,2,0,0,1,True,model,2
row2495,Q1575|Q15477174,2,Q1575,Internet Explorer,Q15477174,web browser based on Firefox,2,1,0,0,True,model,2
row2496,Q1575|Q763151,2,Q1575,Internet Explorer,Q763151,proprietary device driver,2,0,0,1,True,model,2
row2497,Q1575|Q5530385,2,Q1575,Internet Explorer,Q5530385,Gelato,2,0,0,1,True,model,2
row2498,Q1575|Q266990,2,Q1575,Internet Explorer,Q266990,Netscape,2,1,0,0,True,model,2
row2499,Q1575|Q845620,2,Q1575,Internet Explorer,Q845620,mobile browser,2,1,0,0,True,model,2
row2500,Q1575|Q18156733,2,Q1575,Internet Explorer,Q18156733,surf,2,1,0,0,True,model,2
row2501,Q1575|Q1340793,2,Q1575,Internet Explorer,Q1340793,commercial software,2,0,0,1,True,model,2
row2502,Q1575|Q13733263,2,Q1575,Internet Explorer,Q13733263,Internet Explorer 11,2,1,0,0,True,model,2
row2503,Q1575|Q1444631,2,Q1575,Internet Explorer,Q1444631,freemium,2,0,0,1,True,model,2
row2504,Q1575|Q9361521,2,Q1575,Internet Explorer,Q9361521,trial,2,0,0,1,True,model,2
row2505,Q177518|Q1668024,0,Q177518,IPTV,Q1668024,service on internet,1,1,1,1,True,model,1
row2507,Q177518|Q7094065,0,Q177518,IPTV,Q7094065,online calendar,2,0,0,1,True,model,2
row2508,Q177518|Q168210,0,Q177518,IPTV,Q168210,Internet forum,2,0,0,1,True,model,2
row2509,Q177518|Q60229368,0,Q177518,IPTV,Q60229368,Developer Portal,2,0,0,1,True,model,2
row2510,Q177518|Q1368679,0,Q177518,IPTV,Q1368679,Internet fax,2,0,0,1,True,model,2
row2511,Q177518|Q9158,0,Q177518,IPTV,Q9158,email,2,0,0,1,True,model,2
row2512,Q177518|Q1273203,0,Q177518,IPTV,Q1273203,mailbox provider,2,0,0,1,True,model,2
row2513,Q177518|Q55387247,0,Q177518,IPTV,Q55387247,service on internet by PWN,2,0,0,1,True,model,2
row2514,Q177518|Q18385544,0,Q177518,IPTV,Q18385544,open banking,2,0,0,1,True,model,2
row2515,Q177518|Q5440723,0,Q177518,IPTV,Q5440723,federation,2,0,0,1,True,model,2
row2516,Q177518|Q56240402,0,Q177518,IPTV,Q56240402,VPN service,2,1,0,0,True,model,2
row2517,Q177518|Q4007046,0,Q177518,IPTV,Q4007046,VOLftp,2,0,0,1,True,model,2
row2518,Q177518|Q615699,0,Q177518,IPTV,Q615699,Internet encyclopedia,2,0,0,1,True,model,2
row2520,Q1240788|Q28640,4,Q1240788,supervisor,Q28640,profession,1,1,1,1,True,model,1
row2521,Q1240788|Q4164871,4,Q1240788,supervisor,Q4164871,position,1,1,1,1,True,model,1
row2522,Q221779|Q484652,0,Q221779,European Conference of Postal and Telecommunications Administrations,Q484652,international organization,1,1,1,1,True,model,1
row2523,Q221779|Q4120211,0,Q221779,European Conference of Postal and Telecommunications Administrations,Q4120211,regional organization,2,1,1,1,True,model,2
row2524,Q221779|Q28346,0,Q221779,European Conference of Postal and Telecommunications Administrations,Q28346,International Union of Pure and Applied Physics,2,0,0,1,True,model,2
row2526,Q221779|Q29300714,0,Q221779,European Conference of Postal and Telecommunications Administrations,Q29300714,international association,2,0,0,1,True,model,2
row2527,Q221779|Q18635291,0,Q221779,European Conference of Postal and Telecommunications Administrations,Q18635291,International Pure Bhakti Yoga Society,2,0,0,1,True,model,2
row2529,Q221779|Q9690903,0,Q221779,European Conference of Postal and Telecommunications Administrations,Q9690903,International Federation for Victory Over Communism,2,0,0,1,True,model,2
row2530,Q221779|Q16926150,0,Q221779,European Conference of Postal and Telecommunications Administrations,Q16926150,Transnational organization,2,1,0,0,True,model,2
row2532,Q221779|Q15285626,0,Q221779,European Conference of Postal and Telecommunications Administrations,Q15285626,organization established by the United Nations,2,0,0,1,True,model,2
row2533,Q221779|Q6053760,0,Q221779,European Conference of Postal and Telecommunications Administrations,Q6053760,International Swaminarayan Satsang Organisation,2,0,0,1,True,model,2
row2534,Q221779|Q1335818,0,Q221779,European Conference of Postal and Telecommunications Administrations,Q1335818,supranational union,2,0,1,0,True,model,2
row2535,Q221779|Q4936585,0,Q221779,European Conference of Postal and Telecommunications Administrations,Q4936585,body of the European Union,2,0,0,1,True,model,2
row2536,Q221779|Q993160,0,Q221779,European Conference of Postal and Telecommunications Administrations,Q993160,European Communities,2,0,0,1,True,model,2
row2537,Q221779|Q1065,0,Q221779,European Conference of Postal and Telecommunications Administrations,Q1065,United Nations,2,0,0,1,True,model,2
row2538,Q221779|Q15925165,0,Q221779,European Conference of Postal and Telecommunications Administrations,Q15925165,specialized agency of the United Nations,2,0,1,0,True,model,2
row2539,Q221779|Q1262438,0,Q221779,European Conference of Postal and Telecommunications Administrations,Q1262438,international court,2,0,0,1,True,model,2
row2540,Q221779|Q170156,0,Q221779,European Conference of Postal and Telecommunications Administrations,Q170156,confederation,2,0,1,0,True,model,2
row2541,Q221779|Q1345691,0,Q221779,European Conference of Postal and Telecommunications Administrations,Q1345691,international financial institution,2,0,1,0,True,model,2
row2542,Q221779|Q56296302,0,Q221779,European Conference of Postal and Telecommunications Administrations,Q56296302,european union federation,2,0,0,1,True,model,2
row2543,Q221779|Q5570909,0,Q221779,European Conference of Postal and Telecommunications Administrations,Q5570909,global union federation,2,0,0,1,True,model,2
row2544,Q270471|Q11016,2,Q270471,virtualization,Q11016,technology,1,1,1,1,True,model,1
row2546,Q270471|Q42899294,2,Q270471,virtualization,Q42899294,musical tuning,2,0,0,1,True,model,2
row2547,Q270471|Q7449091,2,Q270471,virtualization,Q7449091,Semantic technology,2,0,0,1,True,model,2
row2548,Q270471|Q1655198,2,Q270471,virtualization,Q1655198,software-defined networking,2,0,0,1,True,model,2
row2550,Q270471|Q1027795,2,Q270471,virtualization,Q1027795,passive optical network,2,0,0,1,True,model,2
row2551,Q270471|Q7112702,2,Q270471,virtualization,Q7112702,prehistoric technology,2,0,0,1,True,model,2
row2552,Q270471|Q18657814,2,Q270471,virtualization,Q18657814,isothermal technology,2,0,0,1,True,model,2
row2553,Q270471|Q10858759,2,Q270471,virtualization,Q10858759,Asgard technology in Stargate,2,0,0,1,True,model,2
row2554,Q270471|Q6764311,2,Q270471,virtualization,Q6764311,marine technology,2,0,0,1,True,model,2
row2555,Q270471|Q391690,2,Q270471,virtualization,Q391690,radiant heating,2,0,0,1,True,model,2
row2556,Q270471|Q1415656,2,Q270471,virtualization,Q1415656,hierarchical storage management,2,0,0,1,True,model,2
row2557,Q270471|Q19292902,2,Q270471,virtualization,Q19292902,vehicle safety technology,2,0,0,1,True,model,2
row2558,Q270471|Q31836203,2,Q270471,virtualization,Q31836203,DYNAS,2,0,0,1,True,model,2
row2560,Q270471|Q10379048,2,Q270471,virtualization,Q10379048,medical technology,2,0,0,1,True,model,2
row2561,Q270471|Q319963,2,Q270471,virtualization,Q319963,waste treatment technologies,2,0,0,1,True,model,2
row2562,Q270471|Q12739,2,Q270471,virtualization,Q12739,nuclear power,2,0,0,1,True,model,2
row2563,Q270471|Q2226016,2,Q270471,virtualization,Q2226016,satellite technology,2,0,0,1,True,model,2
row2564,Q270471|Q211017,2,Q270471,virtualization,Q211017,e-government,2,0,0,1,True,model,2
row2565,Q270471|Q23001701,2,Q270471,virtualization,Q23001701,technics,2,0,0,1,True,model,2
row2566,Q270471|Q5357718,2,Q270471,virtualization,Q5357718,Electrical engineering technology,2,0,0,1,True,model,2
row2567,Q270471|Q10952243,2,Q270471,virtualization,Q10952243,industrial technology,2,0,0,1,True,model,2
row2568,Q270471|Q742715,2,Q270471,virtualization,Q742715,assistance system,2,0,0,1,True,model,2
row2569,Q270471|Q56297438,2,Q270471,virtualization,Q56297438,header bidding,2,0,0,1,True,model,2
row2570,Q270471|Q54006339,2,Q270471,virtualization,Q54006339,display technology,2,0,0,1,True,model,2
row2571,Q270471|Q59285058,2,Q270471,virtualization,Q59285058,sound reproduction,2,0,0,1,True,model,2
row2572,Q270471|Q336170,2,Q270471,virtualization,Q336170,wastewater technology,2,0,0,1,True,model,2
row2573,Q270471|Q1001378,2,Q270471,virtualization,Q1001378,cinematic technique,2,0,0,1,True,model,2
row2574,Q270471|Q329864,2,Q270471,virtualization,Q329864,military technology,2,0,0,1,True,model,2
row2575,Q270471|Q1308255,2,Q270471,virtualization,Q1308255,patent classification,2,0,0,1,True,model,2
row2576,Q270471|Q8248766,2,Q270471,virtualization,Q8248766,bleeding-edge technology,2,0,0,1,True,model,2
row2578,Q270471|Q1519843,2,Q270471,virtualization,Q1519843,health technology,2,0,0,1,True,model,2
row2579,Q270471|Q5557804,2,Q270471,virtualization,Q5557804,automobile technology,2,0,0,1,True,model,2
row2580,Q270471|Q911772,2,Q270471,virtualization,Q911772,technical chemistry,2,0,0,1,True,model,2
row2581,Q270471|Q17386807,2,Q270471,virtualization,Q17386807,civic technology,2,0,0,1,True,model,2
row2582,Q270471|Q609131,2,Q270471,virtualization,Q609131,powertrain technology,2,0,0,1,True,model,2
row2583,Q270471|Q427777,2,Q270471,virtualization,Q427777,Science and technology of the Song dynasty,2,0,0,1,True,model,2
row2584,Q270471|Q4752981,2,Q270471,virtualization,Q4752981,ancient technology,2,0,0,1,True,model,2
row2585,Q1425095|Q7927899,0,Q1425095,Ogg Tarkin,Q7927899,video compression format,1,1,1,1,True,model,1
row2586,Q1425095|Q184748,0,Q1425095,Ogg Tarkin,Q184748,codec,1,1,1,1,True,model,1
row2587,Q1425095|Q2481505,0,Q1425095,Ogg Tarkin,Q2481505,audio codec,2,1,1,1,True,model,2
row2588,Q1425095|Q4681865,0,Q1425095,Ogg Tarkin,Q4681865,cipher,2,0,1,0,True,model,2
row2589,Q1425095|Q240831,0,Q1425095,Ogg Tarkin,Q240831,video codec,2,1,1,1,True,model,2
row2590,Q1425095|Q25388255,0,Q1425095,Ogg Tarkin,Q25388255,AOMedia Video,2,1,1,1,True,model,2
row2591,Q1425095|Q1652551,0,Q1425095,Ogg Tarkin,Q1652551,TrueMotion,2,1,1,1,True,model,2
row2592,Q1425095|Q5156020,0,Q1425095,Ogg Tarkin,Q5156020,video conversion software,3,1,1,1,True,model,3
row2593,Q1425095|Q267151,0,Q1425095,Ogg Tarkin,Q267151,SheerVideo,3,1,1,1,True,model,3
row2594,Q175751|Q483247,3,Q175751,quantum tunneling,Q483247,phenomenon,1,1,1,1,True,model,1
row2595,Q175751|Q21043960,3,Q175751,quantum tunneling,Q21043960,Halla,2,0,0,1,True,model,2
row2596,Q175751|Q5247631,3,Q175751,quantum tunneling,Q5247631,insurance market death spiral,2,0,0,1,True,model,2
row2597,Q175751|Q206735,3,Q175751,quantum tunneling,Q206735,debasement,2,0,0,1,True,model,2
row2598,Q175751|Q3505845,3,Q175751,quantum tunneling,Q3505845,state,2,0,0,1,True,model,2
row2599,Q175751|Q9251450,3,Q175751,quantum tunneling,Q9251450,quantum effect,2,1,0,0,True,model,2
row2600,Q175751|Q4826866,3,Q175751,quantum tunneling,Q4826866,autonomous sensory meridian response,2,0,0,1,True,model,2
row2601,Q175751|Q3,3,Q175751,quantum tunneling,Q3,life,2,0,0,1,True,model,2
row2602,Q175751|Q633852,3,Q175751,quantum tunneling,Q633852,uncanny,2,0,0,1,True,model,2
row2603,Q1071978|Q521458,0,Q1071978,Réseau Ferré de France,Q521458,railway infrastructure manager,1,1,1,1,True,model,1
row2604,Q1071978|Q3591583,0,Q1071978,Réseau Ferré de France,Q3591583,établissement public à caractère industriel et commercial,1,1,1,1,True,model,1
row2605,Q1071978|Q2946028,0,Q1071978,Réseau Ferré de France,Q2946028,Regional center of pedagogic documentation,2,0,1,0,True,model,2
row2607,Q902751|Q10843872,3,Q902751,pressurization,Q10843872,engineering process,1,1,1,1,True,model,1
row2608,Q902751|Q813912,3,Q902751,pressurization,Q813912,condition,1,1,1,1,True,model,1
row2609,Q902751|Q840596,3,Q902751,pressurization,Q840596,Java Community Process,2,0,0,1,True,model,2
row2610,Q902751|Q818963,3,Q902751,pressurization,Q818963,on-call,2,0,0,1,True,model,2
row2611,Q902751|Q386003,3,Q902751,pressurization,Q386003,flambé,2,0,0,1,True,model,2
row2612,Q902751|Q30336016,3,Q902751,pressurization,Q30336016,Reverse spherification,2,0,0,1,True,model,2
row2613,Q902751|Q1408288,3,Q902751,pressurization,Q1408288,manufacturing process,2,1,0,0,True,model,2
row2615,Q902751|Q20074315,3,Q902751,pressurization,Q20074315,boiling,2,1,0,0,True,model,2
row2616,Q902751|Q747713,3,Q902751,pressurization,Q747713,refrigeration,2,1,0,0,True,model,2
row2617,Q902751|Q2992249,3,Q902751,pressurization,Q2992249,condition,2,1,0,0,True,model,2
row2618,Q902751|Q316,3,Q902751,pressurization,Q316,love,2,0,0,1,True,model,2
row2619,Q902751|Q333331,3,Q902751,pressurization,Q333331,overindebtedness,2,0,0,1,True,model,2
row2620,Q902751|Q1765723,3,Q902751,pressurization,Q1765723,gas metal arc welding,2,0,0,1,True,model,2
row2621,Q902751|Q1172338,3,Q902751,pressurization,Q1172338,Data exchange,2,0,0,1,True,model,2
row2622,Q902751|Q191618,3,Q902751,pressurization,Q191618,sterilization,2,1,0,0,True,model,2
row2623,Q902751|Q56808349,3,Q902751,pressurization,Q56808349,language status,2,0,0,1,True,model,2
row2624,Q902751|Q31499211,3,Q902751,pressurization,Q31499211,W3C technical report maturity level,2,0,0,1,True,model,2
row2625,Q902751|Q890794,3,Q902751,pressurization,Q890794,hydraulic fracturing,2,1,0,0,True,model,2
row2626,Q902751|Q483921,3,Q902751,pressurization,Q483921,adaptation,2,0,0,1,True,model,2
row2627,Q902751|Q24255051,3,Q902751,pressurization,Q24255051,presence,2,0,0,1,True,model,2
row2629,Q902751|Q2992308,3,Q902751,pressurization,Q2992308,working conditions,2,0,0,1,True,model,2
row2630,Q902751|Q11567495,3,Q902751,pressurization,Q11567495,colorlessness,2,0,0,1,True,model,2
row2634,Q5329|Q3268848,3,Q5329,decibel,Q3268848,non-SI unit mentioned in and accepted with the SI,1,1,1,1,True,model,1
row2635,Q5329|Q17342348,3,Q5329,decibel,Q17342348,logarithmic unit,1,1,1,1,True,model,1
row2636,Q334765|Q326717,4,Q334765,hotspot,Q326717,wireless access point,1,1,1,1,True,model,1
row2637,Q334765|Q3407440,4,Q334765,hotspot,Q3407440,wireless router,2,1,1,1,True,model,2
row2638,Q334765|Q614362,4,Q334765,hotspot,Q614362,Orange Livebox,3,1,1,1,True,model,3
row2639,Q978801|Q906278,1,Q978801,mobile country code,Q906278,country code,1,1,1,1,True,model,1
row2640,Q978801|Q133153,1,Q978801,mobile country code,Q133153,ISO 3166-2,2,1,1,1,True,model,2
row2641,Q978801|Q1140221,1,Q978801,mobile country code,Q1140221,ISO 3166-1 alpha-2 code,2,1,1,1,True,model,2
row2642,Q978801|Q735637,1,Q978801,mobile country code,Q735637,ISO 3166-2:BG,3,1,1,1,True,model,3
row2643,Q8767|Q5753107,0,Q8767,Domain Name System,Q5753107,hierarchical namespace,1,1,1,1,True,model,1
row2644,Q8767|Q290378,0,Q8767,Domain Name System,Q290378,internet standard,1,1,1,1,True,model,1
row2645,Q8767|Q15836568,0,Q8767,Domain Name System,Q15836568,computer network protocol,1,1,1,1,True,model,1
row2646,Q8767|Q1648707,0,Q8767,Domain Name System,Q1648707,routing protocol,2,1,0,0,True,model,2
row2647,Q8767|Q2295992,0,Q8767,Domain Name System,Q2295992,XML namespace,2,0,1,0,True,model,2
row2649,Q268201|Q235557,2,Q268201,Wireless Markup Language,Q235557,file format,1,1,1,1,True,model,1
row2650,Q268201|Q20155966,2,Q268201,Wireless Markup Language,Q20155966,XML-based format,1,1,1,1,True,model,1
row2651,Q268201|Q37045,2,Q268201,Wireless Markup Language,Q37045,markup language,1,1,1,1,True,model,1
row2652,Q268201|Q29644049,2,Q268201,Wireless Markup Language,Q29644049,S-57 Electronic Navigation Chart,2,0,0,1,True,model,2
row2653,Q268201|Q166074,2,Q268201,Wireless Markup Language,Q166074,Extensible HyperText Markup Language,2,1,1,1,True,model,2
row2654,Q268201|Q1758048,2,Q268201,Wireless Markup Language,Q1758048,Security Assertion Markup Language,2,1,1,1,True,model,2
row2655,Q268201|Q79587,2,Q268201,Wireless Markup Language,Q79587,Keyhole Markup Language,2,1,1,1,True,model,2
row2656,Q268201|Q467454,2,Q268201,Wireless Markup Language,Q467454,Rich Text Format,2,0,0,1,True,model,2
row2657,Q268201|Q6786860,2,Q268201,Wireless Markup Language,Q6786860,mathematical markup language,2,1,1,1,True,model,2
row2658,Q268201|Q27915156,2,Q268201,Wireless Markup Language,Q27915156,RADARSAT-1 CEOS Volume Directory File,2,0,0,1,True,model,2
row2659,Q268201|Q362356,2,Q268201,Wireless Markup Language,Q362356,architecture description language,2,0,1,0,True,model,2
row2660,Q268201|Q5310,2,Q268201,Wireless Markup Language,Q5310,LaTeX,2,0,1,0,True,model,2
row2661,Q268201|Q7203483,2,Q268201,Wireless Markup Language,Q7203483,playlist markup language,2,1,0,0,True,model,2
row2662,Q268201|Q1224822,2,Q268201,Wireless Markup Language,Q1224822,Digital Terrain Elevation Data,2,0,0,1,True,model,2
row2663,Q268201|Q8811,2,Q268201,Wireless Markup Language,Q8811,HyperText Markup Language,2,1,1,1,True,model,2
row2664,Q268201|Q5531642,2,Q268201,Wireless Markup Language,Q5531642,general-purpose markup language,2,1,1,1,True,model,2
row2665,Q268201|Q5426535,2,Q268201,Wireless Markup Language,Q5426535,Autodesk FLI/FLC,2,0,0,1,True,model,2
row2666,Q268201|Q287067,2,Q268201,Wireless Markup Language,Q287067,ABC notation,2,0,0,1,True,model,2
row2667,Q268201|Q3788742,2,Q268201,Wireless Markup Language,Q3788742,IPTC 7901,2,1,1,1,True,model,2
row2668,Q268201|Q28846076,2,Q268201,Wireless Markup Language,Q28846076,Classification Results File Format,2,0,0,1,True,model,2
row2669,Q268201|Q223535,2,Q268201,Wireless Markup Language,Q223535,Matroska,2,0,0,1,True,model,2
row2670,Q268201|Q4052124,2,Q268201,Wireless Markup Language,Q4052124,user interface markup language,2,1,1,1,True,model,2
row2671,Q268201|Q7079133,2,Q268201,Wireless Markup Language,Q7079133,Office Open XML file formats,2,0,0,1,True,model,2
row2672,Q268201|Q7520680,2,Q268201,Wireless Markup Language,Q7520680,Simple HTML Ontology Extensions,2,1,1,1,True,model,2
row2673,Q268201|Q1691212,2,Q268201,Wireless Markup Language,Q1691212,XML Binding Language,2,1,1,1,True,model,2
row2674,Q268201|Q4018860,2,Q268201,Wireless Markup Language,Q4018860,well-known text representation of geometry,2,1,1,1,True,model,2
row2675,Q268201|Q17004788,2,Q268201,Wireless Markup Language,Q17004788,Augmented Reality Markup Language,2,1,1,1,True,model,2
row2676,Q268201|Q1028939,2,Q268201,Wireless Markup Language,Q1028939,lightweight markup language,2,1,1,1,True,model,2
row2677,Q268201|Q167772,2,Q268201,Wireless Markup Language,Q167772,digital container format,2,0,0,1,True,model,2
row2678,Q268201|Q61714670,2,Q268201,Wireless Markup Language,Q61714670,well-known text representation of coordinate reference systems,2,1,1,1,True,model,2
row2679,Q268201|Q576465,2,Q268201,Wireless Markup Language,Q576465,GPS eXchange Format,2,0,1,0,True,model,2
row2680,Q268201|Q826308,2,Q268201,Wireless Markup Language,Q826308,wiki markup,3,1,1,1,True,model,3
row2681,Q268201|Q4263410,2,Q268201,Wireless Markup Language,Q4263410,Structure Enhanced Text,3,1,1,1,True,model,3
row2682,Q12203|Q167270,3,Q12203,QR code,Q167270,trademark,1,1,1,1,True,model,1
row2683,Q12203|Q3842318,3,Q12203,QR code,Q3842318,Made in Italy,2,0,0,1,True,model,2
row2688,Q12203|Q4728331,3,Q12203,QR code,Q4728331,All-Trac,2,0,0,1,True,model,2
row2689,Q1201019|Q207977,3,Q1201019,proof of concept,Q207977,prototype,1,1,1,1,True,model,1
row2690,Q1201019|Q503194,3,Q1201019,proof of concept,Q503194,Peugeot 908 RC,2,0,0,1,True,model,2
row2691,Q1201019|Q11226251,3,Q1201019,proof of concept,Q11226251,JR East E991,2,0,0,1,True,model,2
row2692,Q1201019|Q6017127,3,Q1201019,proof of concept,Q6017127,minimum viable product,2,1,0,0,True,model,2
row2693,Q1201019|Q3021438,3,Q1201019,proof of concept,Q3021438,Delahaye Type 165,2,0,0,1,True,model,2
row2694,Q1201019|Q5957783,3,Q1201019,proof of concept,Q5957783,H-2 Tomahawk,2,0,0,1,True,model,2
row2695,Q1201019|Q1692736,3,Q1201019,proof of concept,Q1692736,Lamborghini Calà,2,0,0,1,True,model,2
row2696,Q1201019|Q17631870,3,Q1201019,proof of concept,Q17631870,L'Éclair,2,0,0,1,True,model,2
row2697,Q1201019|Q381241,3,Q1201019,proof of concept,Q381241,Aero A.42,2,0,0,1,True,model,2
row2698,Q1201019|Q1551151,3,Q1201019,proof of concept,Q1551151,Nissan Foria,2,0,0,1,True,model,2
row2699,Q1201019|Q4850520,3,Q1201019,proof of concept,Q4850520,Baldwin 4-8+8-4-750/8-DE,2,0,0,1,True,model,2
row2700,Q1201019|Q15041923,3,Q1201019,proof of concept,Q15041923,North American XAJ-1 Savage,2,0,0,1,True,model,2
row2701,Q16340|Q9143,4,Q16340,XPath,Q9143,programming language,1,1,1,1,True,model,1
row2702,Q16340|Q845739,4,Q16340,XPath,Q845739,query language,1,1,1,1,True,model,1
row2703,Q16340|Q4117397,4,Q16340,XPath,Q4117397,systems programming language,2,0,1,0,True,model,2
row2704,Q16340|Q2458742,4,Q16340,XPath,Q2458742,dialect,2,0,1,0,True,model,2
row2705,Q16340|Q47607,4,Q16340,XPath,Q47607,Structured Query Language,2,1,1,1,True,model,2
row2707,Q16340|Q60551191,4,Q16340,XPath,Q60551191,graph query language,2,1,1,1,True,model,2
row2708,Q16340|Q3700468,4,Q16340,XPath,Q3700468,DMCL,2,0,0,1,True,model,2
row2709,Q16340|Q7998546,4,Q16340,XPath,Q7998546,wide-spectrum language,2,0,1,0,True,model,2
row2710,Q16340|Q7263491,4,Q16340,XPath,Q7263491,information retrieval query language,2,1,1,1,True,model,2
row2711,Q16340|Q17092833,4,Q16340,XPath,Q17092833,Jaql,2,1,1,1,True,model,2
row2712,Q16340|Q3459982,4,Q16340,XPath,Q3459982,SQL:2011,3,1,1,1,True,model,3
row2713,Q16340|Q28941000,4,Q16340,XPath,Q28941000,SQL:2016,3,1,1,1,True,model,3
row2714,Q16340|Q4048871,4,Q16340,XPath,Q4048871,SQL-92,3,1,1,1,True,model,3
row2715,Q16340|Q7392729,4,Q16340,XPath,Q7392729,SQL:2006,3,1,1,1,True,model,3
row2716,Q16340|Q5854085,4,Q16340,XPath,Q5854085,FSQL,3,1,1,1,True,model,3
row2717,Q16340|Q2063791,4,Q16340,XPath,Q2063791,SQL:2008,3,1,1,1,True,model,3
row2718,Q16340|Q4048881,4,Q16340,XPath,Q4048881,SQL:2003,3,1,1,1,True,model,3
row2719,Q16340|Q2025506,4,Q16340,XPath,Q2025506,OpenSQL,3,1,1,1,True,model,3
row2720,Q16340|Q6138701,4,Q16340,XPath,Q6138701,RDF query language,3,1,1,1,True,model,3
row2721,Q16340|Q4048878,4,Q16340,XPath,Q4048878,SQL:1999,3,1,1,1,True,model,3
row2722,Q16340|Q28163355,4,Q16340,XPath,Q28163355,SQL-86,3,1,1,1,True,model,3
row2723,Q16340|Q28163046,4,Q16340,XPath,Q28163046,SQL-89,3,1,1,1,True,model,3
row2724,Q178127|Q11016,4,Q178127,push-to-talk,Q11016,technology,1,1,1,1,True,model,1
row2725,Q178127|Q12825931,4,Q178127,push-to-talk,Q12825931,alloying,2,0,0,1,True,model,2
row2726,Q178127|Q104954,4,Q178127,push-to-talk,Q104954,radio-frequency identification,2,0,0,1,True,model,2
row2728,Q178127|Q10690328,4,Q178127,push-to-talk,Q10690328,speech technology,2,1,0,0,True,model,2
row2729,Q178127|Q2976619,4,Q178127,push-to-talk,Q2976619,Brazilian science and technology,2,0,0,1,True,model,2
row2730,Q178127|Q190660,4,Q178127,push-to-talk,Q190660,anti-lock braking system,2,0,0,1,True,model,2
row2731,Q178127|Q4704909,4,Q178127,push-to-talk,Q4704909,Ancient Greek technology,2,0,0,1,True,model,2
row2732,Q178127|Q7449091,4,Q178127,push-to-talk,Q7449091,Semantic technology,2,0,0,1,True,model,2
row2733,Q178127|Q1655198,4,Q178127,push-to-talk,Q1655198,software-defined networking,2,0,0,1,True,model,2
row2734,Q178127|Q5375154,4,Q178127,push-to-talk,Q5375154,Enabling technology,2,0,0,1,True,model,2
row2735,Q178127|Q4787070,4,Q178127,push-to-talk,Q4787070,architectural technology,2,0,0,1,True,model,2
row2736,Q178127|Q1415656,4,Q178127,push-to-talk,Q1415656,hierarchical storage management,2,0,0,1,True,model,2
row2737,Q178127|Q7681758,4,Q178127,push-to-talk,Q7681758,tamper-evident technology,2,0,0,1,True,model,2
row2738,Q178127|Q120208,4,Q178127,push-to-talk,Q120208,emerging technology,2,0,0,1,True,model,2
row2739,Q178127|Q2865882,4,Q178127,push-to-talk,Q2865882,industrial arts,2,0,0,1,True,model,2
row2740,Q178127|Q7048992,4,Q178127,push-to-talk,Q7048992,non-profit technology,2,0,0,1,True,model,2
row2741,Q178127|Q12739,4,Q178127,push-to-talk,Q12739,nuclear power,2,0,0,1,True,model,2
row2742,Q178127|Q6140109,4,Q178127,push-to-talk,Q6140109,materials technology,2,0,0,1,True,model,2
row2743,Q178127|Q23001701,4,Q178127,push-to-talk,Q23001701,technics,2,0,0,1,True,model,2
row2744,Q178127|Q10952243,4,Q178127,push-to-talk,Q10952243,industrial technology,2,0,0,1,True,model,2
row2745,Q178127|Q282413,4,Q178127,push-to-talk,Q282413,Roman technology,2,0,0,1,True,model,2
row2746,Q178127|Q538722,4,Q178127,push-to-talk,Q538722,Applied Computer Science,2,0,0,1,True,model,2
row2747,Q178127|Q56297438,4,Q178127,push-to-talk,Q56297438,header bidding,2,0,0,1,True,model,2
row2748,Q178127|Q208163,4,Q178127,push-to-talk,Q208163,signal processing,2,0,0,1,True,model,2
row2749,Q178127|Q11951087,4,Q178127,push-to-talk,Q11951087,agriculture and food technology,2,0,0,1,True,model,2
row2750,Q178127|Q211500,4,Q178127,push-to-talk,Q211500,pneumatics,2,0,0,1,True,model,2
row2751,Q178127|Q1751537,4,Q178127,push-to-talk,Q1751537,membrane technology,2,0,0,1,True,model,2
row2753,Q178127|Q329864,4,Q178127,push-to-talk,Q329864,military technology,2,0,0,1,True,model,2
row2754,Q178127|Q6941971,4,Q178127,push-to-talk,Q6941971,music instrument technology,2,0,0,1,True,model,2
row2755,Q178127|Q537823,4,Q178127,push-to-talk,Q537823,appropriate technology,2,0,0,1,True,model,2
row2756,Q178127|Q16319025,4,Q178127,push-to-talk,Q16319025,financial technology,2,0,0,1,True,model,2
row2757,Q178127|Q1392806,4,Q178127,push-to-talk,Q1392806,drug delivery,2,0,0,1,True,model,2
row2758,Q178127|Q1916441,4,Q178127,push-to-talk,Q1916441,media technology,2,0,0,1,True,model,2
row2759,Q178127|Q60790901,4,Q178127,push-to-talk,Q60790901,Pedestrian crash avoidance mitigation,2,0,0,1,True,model,2
row2760,Q178127|Q5268834,4,Q178127,push-to-talk,Q5268834,information and communications technology,2,1,0,0,True,model,2
row2761,Q178127|Q911772,4,Q178127,push-to-talk,Q911772,technical chemistry,2,0,0,1,True,model,2
row2762,Q178127|Q1780543,4,Q178127,push-to-talk,Q1780543,communication technology,2,1,0,0,True,model,2
row2763,Q178127|Q251072,4,Q178127,push-to-talk,Q251072,machine to machine,2,0,0,1,True,model,2
row2764,Q178127|Q743030,4,Q178127,push-to-talk,Q743030,environmental technology,2,0,0,1,True,model,2
row2765,Q178127|Q48772760,4,Q178127,push-to-talk,Q48772760,Solar energy conversion,2,0,0,1,True,model,2
row2766,Q178127|Q42899294,4,Q178127,push-to-talk,Q42899294,musical tuning,2,0,0,1,True,model,2
row2767,Q178127|Q5063947,4,Q178127,push-to-talk,Q5063947,low floor technology,2,0,0,1,True,model,2
row2768,Q178127|Q4347841,4,Q178127,push-to-talk,Q4347841,Pedagogical technologies,2,0,0,1,True,model,2
row2769,Q178127|Q6764311,4,Q178127,push-to-talk,Q6764311,marine technology,2,0,0,1,True,model,2
row2770,Q178127|Q5532632,4,Q178127,push-to-talk,Q5532632,generative systems,2,0,0,1,True,model,2
row2771,Q178127|Q19292902,4,Q178127,push-to-talk,Q19292902,vehicle safety technology,2,0,0,1,True,model,2
row2772,Q178127|Q211485,4,Q178127,push-to-talk,Q211485,space technology,2,0,0,1,True,model,2
row2773,Q178127|Q864323,4,Q178127,push-to-talk,Q864323,biofilter,2,0,0,1,True,model,2
row2774,Q178127|Q348091,4,Q178127,push-to-talk,Q348091,nuclear technology,2,0,0,1,True,model,2
row2775,Q178127|Q1628173,4,Q178127,push-to-talk,Q1628173,directional boring,2,0,0,1,True,model,2
row2778,Q178127|Q211017,4,Q178127,push-to-talk,Q211017,e-government,2,0,0,1,True,model,2
row2779,Q178127|Q7096284,4,Q178127,push-to-talk,Q7096284,web platform,2,0,0,1,True,model,2
row2780,Q178127|Q54006339,4,Q178127,push-to-talk,Q54006339,display technology,2,0,0,1,True,model,2
row2781,Q178127|Q59285058,4,Q178127,push-to-talk,Q59285058,sound reproduction,2,0,0,1,True,model,2
row2782,Q178127|Q180165,4,Q178127,push-to-talk,Q180165,mechatronics,2,0,0,1,True,model,2
row2783,Q178127|Q11971600,4,Q178127,push-to-talk,Q11971600,gas power,2,0,0,1,True,model,2
row2784,Q178127|Q1001378,4,Q178127,push-to-talk,Q1001378,cinematic technique,2,0,0,1,True,model,2
row2785,Q178127|Q14326701,4,Q178127,push-to-talk,Q14326701,aspect-oriented software development,2,0,0,1,True,model,2
row2786,Q178127|Q4086911,4,Q178127,push-to-talk,Q4086911,biomedical technology,2,0,0,1,True,model,2
row2787,Q178127|Q1519843,4,Q178127,push-to-talk,Q1519843,health technology,2,0,0,1,True,model,2
row2788,Q178127|Q1068473,4,Q178127,push-to-talk,Q1068473,educational technology,2,0,0,1,True,model,2
row2789,Q178127|Q6887246,4,Q178127,push-to-talk,Q6887246,mobile technology,2,0,0,1,True,model,2
row2790,Q254183|Q58778,4,Q254183,augmented reality,Q58778,system,1,1,1,1,True,model,1
row2791,Q254183|Q2109768,4,Q254183,augmented reality,Q2109768,final salary system,2,0,0,1,True,model,2
row2792,Q254183|Q599967,4,Q254183,augmented reality,Q599967,autopoiesis,2,0,0,1,True,model,2
row2793,Q254183|Q16672214,4,Q254183,augmented reality,Q16672214,sports rating system,2,0,0,1,True,model,2
row2794,Q254183|Q622381,4,Q254183,augmented reality,Q622381,deterministic system,2,0,0,1,True,model,2
row2795,Q254183|Q3958441,4,Q254183,augmented reality,Q3958441,economic sector,2,0,0,1,True,model,2
row2797,Q254183|Q625083,4,Q254183,augmented reality,Q625083,water supply network,2,0,0,1,True,model,2
row2798,Q254183|Q4491715,4,Q254183,augmented reality,Q4491715,phonemic transcription,2,0,0,1,True,model,2
row2799,Q254183|Q1803829,4,Q254183,augmented reality,Q1803829,landscape type,2,0,0,1,True,model,2
row2800,Q254183|Q5499606,4,Q254183,augmented reality,Q5499606,free-bass system,2,0,0,1,True,model,2
row2801,Q254183|Q278784,4,Q254183,augmented reality,Q278784,district heating,2,0,0,1,True,model,2
row2802,Q254183|Q1736180,4,Q254183,augmented reality,Q1736180,predetermined motion time system,2,0,0,1,True,model,2
row2803,Q254183|Q47484674,4,Q254183,augmented reality,Q47484674,threat level,2,0,0,1,True,model,2
row2804,Q254183|Q1584378,4,Q254183,augmented reality,Q1584378,measuring equipment,2,0,0,1,True,model,2
row2805,Q296643|Q4830453,4,Q296643,Association of Radio Industries and Businesses,Q4830453,business,1,1,1,1,True,model,1
row2806,Q296643|Q783794,4,Q296643,Association of Radio Industries and Businesses,Q783794,company,1,1,1,1,True,model,1
row2807,Q296643|Q1328899,4,Q296643,Association of Radio Industries and Businesses,Q1328899,standards organization,1,1,1,1,True,model,1
row2809,Q296643|Q2566474,4,Q296643,Association of Radio Industries and Businesses,Q2566474,sutler,2,0,0,1,True,model,2
row2810,Q296643|Q51885731,4,Q296643,Association of Radio Industries and Businesses,Q51885731,European Standardization Organization,2,0,1,0,True,model,2
row2811,Q296643|Q7835148,4,Q296643,Association of Radio Industries and Businesses,Q7835148,transport standards organization,2,0,0,1,True,model,2
row2812,Q296643|Q15277759,4,Q296643,Association of Radio Industries and Businesses,Q15277759,national standards organisation,2,1,1,1,True,model,2
row2813,Q296643|Q659206,4,Q296643,Association of Radio Industries and Businesses,Q659206,Technischer Überwachungsverein,2,0,0,1,True,model,2
row2814,Q296643|Q294801,4,Q296643,Association of Radio Industries and Businesses,Q294801,eco-control body,2,0,0,1,True,model,2
row2816,Q296643|Q52162350,4,Q296643,Association of Radio Industries and Businesses,Q52162350,regional standards organisation,2,1,1,1,True,model,2
row2817,Q3025536|Q1378470,0,Q3025536,DevOps,Q1378470,software development methodology,1,1,1,1,True,model,1
row2818,Q3025536|Q30232,0,Q3025536,DevOps,Q30232,agile software development,2,1,1,1,True,model,2
row2819,Q3025536|Q814447,0,Q3025536,DevOps,Q814447,behavior-driven development,2,1,0,0,True,model,2
row2820,Q3025536|Q950250,0,Q3025536,DevOps,Q950250,test-driven development,2,1,1,1,True,model,2
row2821,Q3025536|Q795549,0,Q3025536,DevOps,Q795549,rapid application development,2,1,1,1,True,model,2
row2822,Q3025536|Q460387,0,Q3025536,DevOps,Q460387,Scrum,2,1,1,1,True,model,2
row2823,Q3025536|Q23808624,0,Q3025536,DevOps,Q23808624,Scaled Agile Framework,3,1,1,1,True,model,3
row2824,Q3025536|Q16001539,0,Q3025536,DevOps,Q16001539,Acceptance test-driven development,3,1,1,1,True,model,3
row2825,Q3025536|Q25111127,0,Q3025536,DevOps,Q25111127,Mob programming,3,1,1,1,True,model,3
row2826,Q3025536|Q607013,0,Q3025536,DevOps,Q607013,pair programming,3,1,1,1,True,model,3
row2827,Q3025536|Q209711,0,Q3025536,DevOps,Q209711,extreme programming,3,1,1,1,True,model,3
row2828,Q2826680|Q327333,4,Q2826680,National Safe Securities Agency,Q327333,government agency,1,1,1,1,True,model,1
row2829,Q2826680|Q59456832,4,Q2826680,National Safe Securities Agency,Q59456832,medical board,2,0,0,1,True,model,2
row2830,Q128831|Q1752939,4,Q128831,Federal Communications Commission,Q1752939,independent agency of the United States government,1,1,1,1,True,model,1
row2831,Q2493|Q500669,0,Q2493,data compression,Q500669,technical process,1,1,1,1,True,model,1
row2832,Q2493|Q1063143,0,Q2493,data compression,Q1063143,batch mode,2,1,0,0,True,model,2
row2833,Q2493|Q3242320,0,Q2493,data compression,Q3242320,enzymatic liquefaction,2,0,0,1,True,model,2
row2835,Q2493|Q15991203,0,Q2493,data compression,Q15991203,industrial process,2,0,1,0,True,model,2
row2836,Q6049601|Q2020153,3,Q6049601,International Conference on Computer Communications,Q2020153,academic conference,1,1,1,1,True,model,1
row2838,Q6049601|Q10846717,3,Q6049601,International Conference on Computer Communications,Q10846717,COSCUP,2,0,0,1,True,model,2
row2840,Q1057712|Q15836568,0,Q1057712,FTPS,Q15836568,computer network protocol,1,1,1,1,True,model,1
row2844,Q1060131|Q4825885,3,Q1060131,Challenge-Handshake Authentication Protocol,Q4825885,authentication protocol,1,1,1,1,True,model,1
row2845,Q1060131|Q7878662,3,Q1060131,Challenge-Handshake Authentication Protocol,Q7878662,multi-factor authentication,2,1,0,0,True,model,2
row2846,Q1060131|Q17086335,3,Q1060131,Challenge-Handshake Authentication Protocol,Q17086335,two-factor authentication,3,1,0,0,False,bfs_auto_prune,
row2847,Q513675|Q4071928,4,Q513675,pharming,Q4071928,cyberattack,1,1,1,1,True,model,1
row2848,Q513675|Q135005,4,Q513675,pharming,Q135005,phishing,2,1,0,0,True,model,2
row2849,Q15028|Q1328899,2,Q15028,International Organization for Standardization,Q1328899,standards organization,1,1,1,1,True,model,1
row2850,Q15028|Q1194093,2,Q15028,International Organization for Standardization,Q1194093,international non-governmental organization,1,1,1,1,True,model,1
row2851,Q15028|Q294801,2,Q15028,International Organization for Standardization,Q294801,eco-control body,2,0,0,1,True,model,2
row2852,Q15028|Q7311277,2,Q15028,International Organization for Standardization,Q7311277,Religions for Peace,2,0,1,0,True,model,2
row2853,Q15028|Q7835148,2,Q15028,International Organization for Standardization,Q7835148,transport standards organization,2,0,0,1,True,model,2
row2854,Q15028|Q52162350,2,Q15028,International Organization for Standardization,Q52162350,regional standards organisation,2,1,1,1,True,model,2
row2855,Q15028|Q15277759,2,Q15028,International Organization for Standardization,Q15277759,national standards organisation,2,1,1,1,True,model,2
row2856,Q15028|Q659206,2,Q15028,International Organization for Standardization,Q659206,Technischer Überwachungsverein,2,0,0,1,True,model,2
row2857,Q177234|Q716676,1,Q177234,mainframe computer,Q716676,class of computers,1,1,1,1,True,model,1
row2861,Q852835|Q4897819,3,Q852835,customer,Q4897819,role,1,1,1,1,True,model,1
row2862,Q852835|Q7124279,3,Q852835,customer,Q7124279,page boy,2,0,0,1,True,model,2
row2863,Q852835|Q1707847,3,Q852835,customer,Q1707847,role,2,1,0,0,True,model,2
row2864,Q852835|Q636497,3,Q852835,customer,Q636497,stock character,2,0,0,1,True,model,2
row2865,Q852835|Q11424100,3,Q852835,customer,Q11424100,status,2,1,1,1,True,model,2
row2866,Q852835|Q46034607,3,Q852835,customer,Q46034607,interviewer,2,1,1,1,True,model,2
row2867,Q852835|Q54287532,3,Q852835,customer,Q54287532,child role,3,0,0,1,False,bfs_auto_prune,
row2868,Q79703|Q26763979,3,Q79703,Long Term Evolution,Q26763979,mobile phone network standard,1,1,1,1,True,model,1
row2869,Q79703|Q1023122,3,Q79703,Long Term Evolution,Q1023122,CDMA2000,2,1,1,1,True,model,2
row2870,Q375673|Q20819677,4,Q375673,Jakarta Servlet,Q20819677,technical specification,1,1,1,1,True,model,1
row2871,Q375673|Q165194,4,Q375673,Jakarta Servlet,Q165194,application programming interface,1,1,1,1,True,model,1
row2872,Q375673|Q4672467,4,Q375673,Jakarta Servlet,Q4672467,access method,2,0,0,1,True,model,2
row2873,Q375673|Q29053484,4,Q375673,Jakarta Servlet,Q29053484,PowerPoint (.ppt) Binary File Format,2,0,0,1,True,model,2
row2875,Q375673|Q56254915,4,Q375673,Jakarta Servlet,Q56254915,API management,2,1,0,0,True,model,2
row2876,Q375673|Q60229368,4,Q375673,Jakarta Servlet,Q60229368,Developer Portal,2,0,0,1,True,model,2
row2877,Q375673|Q60738905,4,Q375673,Jakarta Servlet,Q60738905,Legacy Plug and Play,2,0,0,1,True,model,2
row2878,Q207580|Q1229441,3,Q207580,Routing Information Protocol,Q1229441,distance-vector routing protocol,1,1,1,1,True,model,1
row2879,Q207580|Q345335,3,Q207580,Routing Information Protocol,Q345335,Ad hoc On-Demand Distance Vector Routing,2,1,1,1,True,model,2
row2880,Q749245|Q36161,2,Q749245,Autonomous System,Q36161,set,1,1,1,1,True,model,1
row2881,Q749245|Q1307800,2,Q749245,Autonomous System,Q1307800,unit sphere,2,0,0,1,True,model,2
row2882,Q749245|Q1211071,2,Q749245,Autonomous System,Q1211071,equivalence class,2,0,0,1,True,model,2
row2883,Q749245|Q1322294,2,Q749245,Autonomous System,Q1322294,Minkowski addition,2,0,0,1,True,model,2
row2884,Q749245|Q726212,2,Q749245,Autonomous System,Q726212,bounded set,2,0,0,1,True,model,2
row2885,Q749245|Q280896,2,Q749245,Autonomous System,Q280896,Herbrand universe,2,0,0,1,True,model,2
row2886,Q749245|Q4915231,2,Q749245,Autonomous System,Q4915231,biordered set,2,0,0,1,True,model,2
row2887,Q749245|Q3490774,2,Q749245,Autonomous System,Q3490774,spectrum of a matrix,2,0,0,1,True,model,2
row2888,Q749245|Q56353075,2,Q749245,Autonomous System,Q56353075,parallel lines,2,0,0,1,True,model,2
row2889,Q749245|Q1055058,2,Q749245,Autonomous System,Q1055058,fuzzy set,2,0,1,0,True,model,2
row2891,Q749245|Q1174982,2,Q749245,Autonomous System,Q1174982,continuum,2,0,0,1,True,model,2
row2892,Q749245|Q778785,2,Q749245,Autonomous System,Q778785,balanced set,2,0,0,1,True,model,2
row2893,Q749245|Q7166526,2,Q749245,Autonomous System,Q7166526,peptide library,2,0,0,1,True,model,2
row2894,Q749245|Q2400718,2,Q749245,Autonomous System,Q2400718,divisor set,2,0,0,1,True,model,2
row2895,Q749245|Q973877,2,Q749245,Autonomous System,Q973877,national colours,2,0,0,1,True,model,2
row2896,Q749245|Q7994926,2,Q749245,Autonomous System,Q7994926,ordered set,2,0,0,1,True,model,2
row2897,Q749245|Q5249754,2,Q749245,Autonomous System,Q5249754,Dedekind-infinite set,2,0,0,1,True,model,2
row2898,Q749245|Q2709287,2,Q749245,Autonomous System,Q2709287,support,2,0,0,1,True,model,2
row2899,Q749245|Q8563541,2,Q749245,Autonomous System,Q8563541,flag,2,0,0,1,True,model,2
row2900,Q749245|Q211548,2,Q749245,Autonomous System,Q211548,locus,2,0,0,1,True,model,2
row2901,Q749245|Q467440,2,Q749245,Autonomous System,Q467440,sample space,2,0,0,1,True,model,2
row2904,Q749245|Q4390247,2,Q749245,Autonomous System,Q4390247,Recognizable set,2,0,0,1,True,model,2
row2906,Q749245|Q746007,2,Q749245,Autonomous System,Q746007,cumulant,2,0,0,1,True,model,2
row2907,Q749245|Q17098125,2,Q749245,Autonomous System,Q17098125,integral closure of an ideal,2,0,0,1,True,model,2
row2908,Q749245|Q1136376,2,Q749245,Autonomous System,Q1136376,support,2,0,0,1,True,model,2
row2909,Q749245|Q474715,2,Q749245,Autonomous System,Q474715,partially ordered set,2,0,0,1,True,model,2
row2910,Q749245|Q2208651,2,Q749245,Autonomous System,Q2208651,Transversal,2,0,0,1,True,model,2
row2911,Q749245|Q205140,2,Q749245,Autonomous System,Q205140,infinite set,2,0,0,1,True,model,2
row2912,Q749245|Q815741,2,Q749245,Autonomous System,Q815741,geometric shape,2,0,0,1,True,model,2
row2913,Q749245|Q26836222,2,Q749245,Autonomous System,Q26836222,family of distributions,2,0,0,1,True,model,2
row2915,Q749245|Q7248935,2,Q749245,Autonomous System,Q7248935,Proj construction,2,0,0,1,True,model,2
row2916,Q749245|Q25379348,2,Q749245,Autonomous System,Q25379348,union of polytopes,2,0,0,1,True,model,2
row2917,Q749245|Q5139907,2,Q749245,Autonomous System,Q5139907,cocountable set,2,0,0,1,True,model,2
row2918,Q749245|Q3054869,2,Q749245,Autonomous System,Q3054869,Kakeya set,2,0,0,1,True,model,2
row2919,Q749245|Q2456981,2,Q749245,Autonomous System,Q2456981,underlying set,2,0,0,1,True,model,2
row2920,Q831677|Q17155032,0,Q831677,document management system,Q17155032,software category,1,1,1,1,True,model,1
row2921,Q831677|Q907342,0,Q831677,document management system,Q907342,compatibility layer,2,0,1,0,True,model,2
row2922,Q831677|Q28168011,0,Q831677,document management system,Q28168011,X server,2,0,1,0,True,model,2
row2923,Q831677|Q1074158,0,Q831677,document management system,Q1074158,educational software,2,0,1,0,True,model,2
row2924,Q831677|Q28057030,0,Q831677,document management system,Q28057030,ERP software,2,1,1,1,True,model,2
row2925,Q831677|Q3077240,0,Q831677,document management system,Q3077240,forge,2,1,1,1,True,model,2
row2926,Q831677|Q15079042,0,Q831677,document management system,Q15079042,spaced repetition software,2,0,1,0,True,model,2
row2927,Q831677|Q1756442,0,Q831677,document management system,Q1756442,LR parser,2,0,1,0,True,model,2
row2928,Q6501125|Q23008367,4,Q6501125,ground,Q23008367,reference point,1,1,1,1,True,model,1
row2930,Q6501125|Q25413445,4,Q6501125,ground,Q25413445,Standard state,2,0,1,0,True,model,2
row2931,Q6501125|Q1878074,4,Q6501125,ground,Q1878074,standard state,2,0,1,0,True,model,2
row2932,Q6501125|Q507810,4,Q6501125,ground,Q507810,epoch,2,0,1,0,True,model,2
row2933,Q6501125|Q1757074,4,Q6501125,ground,Q1757074,root node,2,0,1,0,True,model,2
row2934,Q6501125|Q1144077,4,Q6501125,ground,Q1144077,list price,2,0,1,0,True,model,2
row2935,Q376150|Q15925165,0,Q376150,International Telecommunication Union,Q15925165,specialized agency of the United Nations,1,1,1,1,True,model,1
row2936,Q376150|Q1328899,0,Q376150,International Telecommunication Union,Q1328899,standards organization,1,1,1,1,True,model,1
row2937,Q376150|Q659206,0,Q376150,International Telecommunication Union,Q659206,Technischer Überwachungsverein,2,0,0,1,True,model,2
row2938,Q376150|Q294801,0,Q376150,International Telecommunication Union,Q294801,eco-control body,2,0,0,1,True,model,2
row2939,Q376150|Q51885731,0,Q376150,International Telecommunication Union,Q51885731,European Standardization Organization,2,1,1,1,True,model,2
row2940,Q11273|Q27493,2,Q11273,Moving Picture Experts Group,Q27493,working group,1,1,1,1,True,model,1
row2941,Q133973|Q43229,2,Q133973,WiMAX,Q43229,organization,1,0,1,0,True,model,1
row2942,Q193424|Q17155032,0,Q193424,web service,Q17155032,software category,1,1,1,1,True,model,1
row2943,Q193424|Q907342,0,Q193424,web service,Q907342,compatibility layer,2,0,1,0,True,model,2
row2944,Q193424|Q28168011,0,Q193424,web service,Q28168011,X server,2,0,1,0,True,model,2
row2945,Q193424|Q1074158,0,Q193424,web service,Q1074158,educational software,2,0,0,1,True,model,2
row2946,Q193424|Q487365,0,Q193424,web service,Q487365,gateway,2,0,1,0,True,model,2
row2947,Q193424|Q1727373,0,Q193424,web service,Q1727373,lint,2,0,0,1,True,model,2
row2948,Q193424|Q1756442,0,Q193424,web service,Q1756442,LR parser,2,0,0,1,True,model,2
row2949,Q193424|Q643876,0,Q193424,web service,Q643876,Virtual printer,2,0,1,0,True,model,2
row2950,Q193424|Q570871,0,Q193424,web service,Q570871,email client,2,0,0,1,True,model,2
row2951,Q193424|Q28057030,0,Q193424,web service,Q28057030,ERP software,2,0,0,1,True,model,2
row2952,Q193424|Q3077240,0,Q193424,web service,Q3077240,forge,2,0,1,0,True,model,2
row2953,Q193424|Q15079042,0,Q193424,web service,Q15079042,spaced repetition software,2,0,0,1,True,model,2
row2954,Q166936|Q15836568,1,Q166936,Internet Message Access Protocol,Q15836568,computer network protocol,1,1,1,1,True,model,1
row2955,Q166936|Q16935517,1,Q166936,Internet Message Access Protocol,Q16935517,text-based protocol,1,1,1,1,True,model,1
row2956,Q166936|Q8795,1,Q166936,Internet Message Access Protocol,Q8795,Internet Protocol,2,1,0,0,True,model,2
row2957,Q166936|Q28380029,1,Q166936,Internet Message Access Protocol,Q28380029,network file system,2,0,0,1,True,model,2
row2958,Q166936|Q8777,1,Q166936,Internet Message Access Protocol,Q8777,Hypertext Transfer Protocol,2,1,0,0,True,model,2
row2959,Q166936|Q5013874,1,Q166936,Internet Message Access Protocol,Q5013874,CRFS (Coherent Remote File System),2,0,0,1,True,model,2
row2961,Q166936|Q2622793,1,Q166936,Internet Message Access Protocol,Q2622793,JetDirect,2,0,0,1,True,model,2
row2962,Q228493|Q1151067,2,Q228493,access right,Q1151067,rule,1,1,1,1,True,model,1
row2963,Q228493|Q7375071,2,Q228493,access right,Q7375071,royal instructions,2,0,0,1,True,model,2
row2964,Q228493|Q23758,2,Q228493,access right,Q23758,Three Laws of Robotics,2,0,0,1,True,model,2
row2965,Q228493|Q1368455,2,Q228493,access right,Q1368455,opt-out,2,0,0,1,True,model,2
row2966,Q228493|Q425951,2,Q228493,access right,Q425951,capitalization,2,0,0,1,True,model,2
row2967,Q228493|Q21006424,2,Q228493,access right,Q21006424,legal obligation,2,1,0,0,True,model,2
row2968,Q228493|Q11242653,2,Q228493,access right,Q11242653,Supreme Commander for the Allied Powers Instruction Note,2,0,0,1,True,model,2
row2969,Q228493|Q46994776,2,Q228493,access right,Q46994776,Right to Challenge,2,0,0,1,True,model,2
row2970,Q228493|Q1518244,2,Q228493,access right,Q1518244,business rule,2,0,0,1,True,model,2
row2971,Q228493|Q211364,2,Q228493,access right,Q211364,principle,2,0,0,1,True,model,2
row2972,Q870780|Q4485156,1,Q870780,chatbot,Q4485156,software feature,1,1,1,1,True,model,1
row2973,Q870780|Q459708,1,Q870780,chatbot,Q459708,features of Firefox,2,0,0,1,True,model,2
row2974,Q870780|Q16240817,1,Q870780,chatbot,Q16240817,autotype,2,0,0,1,True,model,2
row2975,Q870780|Q55070019,1,Q870780,chatbot,Q55070019,video game feature,2,0,0,1,True,model,2
row2976,Q870780|Q6407552,1,Q870780,chatbot,Q6407552,killer feature,2,0,0,1,True,model,2
row2977,Q870780|Q554950,1,Q870780,chatbot,Q554950,recommender system,2,0,0,1,True,model,2
row2979,Q870780|Q48835386,1,Q870780,chatbot,Q48835386,Feed,2,0,0,1,True,model,2
row2980,Q870780|Q4434361,1,Q870780,chatbot,Q4434361,contact list,2,1,0,0,True,model,2
row2981,Q870780|Q5057302,1,Q870780,chatbot,Q5057302,sound recording process,2,0,0,1,True,model,2
row2982,Q870780|Q440972,1,Q870780,chatbot,Q440972,compatibility mode,2,0,0,1,True,model,2
row2983,Q870780|Q24839054,1,Q870780,chatbot,Q24839054,sticker,2,0,0,1,True,model,2
row2984,Q7096061|Q43229,4,Q7096061,Open Grid Forum,Q43229,organization,1,1,1,1,True,model,1
row2985,Q7096061|Q5380419,4,Q7096061,Open Grid Forum,Q5380419,Enterprises in the Soviet Union,2,0,0,1,True,model,2
row2986,Q7096061|Q1311569,4,Q7096061,Open Grid Forum,Q1311569,Railway divisions in Germany,2,0,0,1,True,model,2
row2988,Q7096061|Q26180917,4,Q7096061,Open Grid Forum,Q26180917,hiking center,2,0,0,1,True,model,2
row2989,Q7096061|Q47533065,4,Q7096061,Open Grid Forum,Q47533065,disability organization,2,0,0,1,True,model,2
row2990,Q7096061|Q5055151,4,Q7096061,Open Grid Forum,Q5055151,caving organization,2,0,0,1,True,model,2
row2991,Q7096061|Q5155040,4,Q7096061,Open Grid Forum,Q5155040,community project,2,1,0,0,True,model,2
row2992,Q7096061|Q597897,4,Q7096061,Open Grid Forum,Q597897,nation,2,0,0,1,True,model,2
row2994,Q460387|Q30232,0,Q460387,Scrum,Q30232,agile software development,1,1,1,1,True,model,1
row2995,Q460387|Q2023606,0,Q460387,Scrum,Q2023606,education program,1,0,1,0,True,model,1
row2996,Q460387|Q23808624,0,Q460387,Scrum,Q23808624,Scaled Agile Framework,2,1,1,1,True,model,2
row2997,Q460387|Q607013,0,Q460387,Scrum,Q607013,pair programming,2,1,1,1,True,model,2
row2998,Q460387|Q209711,0,Q460387,Scrum,Q209711,extreme programming,2,1,1,1,True,model,2
row2999,Q460387|Q25111127,0,Q460387,Scrum,Q25111127,Mob programming,2,1,1,1,True,model,2
row3000,Q18822|Q179435,4,Q18822,Global Positioning System,Q179435,satellite navigation system,1,1,1,1,True,model,1
row3001,Q18822|Q20181002,4,Q18822,Global Positioning System,Q20181002,radionavigation-satellite service,1,1,1,1,True,model,1
row3002,Q42253|Q317623,4,Q42253,Uniform Resource Locator,Q317623,technical standard,1,1,1,1,True,model,1
row3003,Q42253|Q45941145,4,Q42253,Uniform Resource Locator,Q45941145,data standard,2,0,0,1,True,model,2
row3005,Q42253|Q56277227,4,Q42253,Uniform Resource Locator,Q56277227,Launch Unit,2,0,0,1,True,model,2
row3006,Q42253|Q2309650,4,Q42253,Uniform Resource Locator,Q2309650,MPEG-3,2,0,0,1,True,model,2
row3008,Q42253|Q375479,4,Q42253,Uniform Resource Locator,Q375479,standard illuminant,2,0,0,1,True,model,2
row3010,Q1276130|Q6661985,4,Q1276130,extract  transform  load,Q6661985,data processing,1,1,1,1,True,model,1
row3011,Q1276130|Q18352767,4,Q1276130,extract  transform  load,Q18352767,JSON Streaming,2,0,0,1,True,model,2
row3012,Q1276130|Q25110138,4,Q1276130,extract  transform  load,Q25110138,borehole imaging log,2,0,0,1,True,model,2
row3013,Q1276130|Q5227287,4,Q1276130,extract  transform  load,Q5227287,data extraction,2,1,0,0,True,model,2
row3014,Q1276130|Q1149776,4,Q1276130,extract  transform  load,Q1149776,data management,2,1,1,1,True,model,2
row3015,Q1276130|Q15618647,4,Q1276130,extract  transform  load,Q15618647,data warehousing product,3,1,1,1,True,model,3
row3016,Q1276130|Q205446,4,Q1276130,extract  transform  load,Q205446,dataflow,3,1,1,1,True,model,3
row3017,Q1276130|Q386824,4,Q1276130,extract  transform  load,Q386824,data integration,3,1,1,1,True,model,3
row3018,Q1276130|Q1932543,4,Q1276130,extract  transform  load,Q1932543,data migration,3,1,0,0,True,model,3
row3019,Q1276130|Q15618646,4,Q1276130,extract  transform  load,Q15618646,ETL tool,4,1,1,1,True,model,4
row3020,Q1017587|Q4830453,1,Q1017587,Business Objects,Q4830453,business,1,1,1,1,True,model,1
row3021,Q1017587|Q6881511,1,Q1017587,Business Objects,Q6881511,enterprise,1,1,1,1,True,model,1
row3022,Q1017587|Q1132207,1,Q1017587,Business Objects,Q1132207,business incubator,2,0,0,1,True,model,2
row3023,Q1017587|Q16968466,1,Q1017587,Business Objects,Q16968466,regional health authority,2,0,0,1,True,model,2
row3024,Q1017587|Q2566474,1,Q1017587,Business Objects,Q2566474,sutler,2,0,0,1,True,model,2
row3025,Q1017587|Q220142,1,Q1017587,Business Objects,Q220142,pet store,2,0,0,1,True,model,2
row3026,Q1017587|Q3591545,1,Q1017587,Business Objects,Q3591545,financial service company,2,0,0,1,True,model,2
row3027,Q1017587|Q161726,1,Q1017587,Business Objects,Q161726,multinational corporation,2,0,0,1,True,model,2
row3029,Q1017587|Q1058914,1,Q1017587,Business Objects,Q1058914,software company,2,0,0,1,True,model,2
row3030,Q1017587|Q7830259,1,Q1017587,Business Objects,Q7830259,Township and Village Enterprises,2,0,0,1,True,model,2
row3031,Q1017587|Q25112142,1,Q1017587,Business Objects,Q25112142,dental service organization,2,0,0,1,True,model,2
row3032,Q11306265|Q7692348,4,Q11306265,noise,Q7692348,technical limitation,1,1,1,1,True,model,1
row3033,Q11306265|Q33104303,4,Q11306265,noise,Q33104303,concept in physics,1,1,1,1,True,model,1
row3034,Q11306265|Q7554305,4,Q11306265,noise,Q7554305,Software incompatibility,2,0,0,1,True,model,2
row3035,Q11306265|Q7275763,4,Q11306265,noise,Q7275763,RAM limit,2,0,1,0,True,model,2
row3036,Q11306265|Q1221006,4,Q11306265,noise,Q1221006,maximum operating altitude,2,0,1,0,True,model,2
row3037,Q11306265|Q852894,4,Q11306265,noise,Q852894,Year 2010 problem,2,0,1,0,True,model,2
row3038,Q11306265|Q18210350,4,Q11306265,noise,Q18210350,bottleneck,2,0,1,0,True,model,2
row3039,Q15171|Q290378,3,Q15171,Address Resolution Protocol,Q290378,internet standard,1,1,1,1,True,model,1
row3040,Q15171|Q15836568,3,Q15171,Address Resolution Protocol,Q15836568,computer network protocol,1,1,1,1,True,model,1
row3041,Q15171|Q1422324,3,Q15171,Address Resolution Protocol,Q1422324,Telecommunications Management Network,2,1,1,1,True,model,2
row3042,Q15171|Q28380029,3,Q15171,Address Resolution Protocol,Q28380029,network file system,2,0,0,1,True,model,2
row3043,Q15171|Q8777,3,Q15171,Address Resolution Protocol,Q8777,Hypertext Transfer Protocol,2,0,1,0,True,model,2
row3044,Q15171|Q5013874,3,Q15171,Address Resolution Protocol,Q5013874,CRFS (Coherent Remote File System),2,0,0,1,True,model,2
row3045,Q15171|Q2622793,3,Q15171,Address Resolution Protocol,Q2622793,JetDirect,2,0,0,1,True,model,2
row3046,Q15171|Q3359815,3,Q15171,Address Resolution Protocol,Q3359815,PPPoX,2,0,1,0,True,model,2
row3047,Q2867785|Q4830453,3,Q2867785,AFNIC,Q4830453,business,1,1,1,1,True,model,1
row3048,Q2867785|Q6881511,3,Q2867785,AFNIC,Q6881511,enterprise,1,1,1,1,True,model,1
row3049,Q2867785|Q9067653,3,Q2867785,AFNIC,Q9067653,domain name registry,1,1,1,1,True,model,1
row3050,Q2867785|Q1631103,3,Q2867785,AFNIC,Q1631103,hotel garni,2,0,0,1,True,model,2
row3051,Q2867785|Q811404,3,Q2867785,AFNIC,Q811404,Bauhof,2,0,0,1,True,model,2
row3053,Q2867785|Q2566474,3,Q2867785,AFNIC,Q2566474,sutler,2,0,0,1,True,model,2
row3054,Q2867785|Q3591545,3,Q2867785,AFNIC,Q3591545,financial service company,2,0,0,1,True,model,2
row3056,Q2867785|Q60614978,3,Q2867785,AFNIC,Q60614978,distributor,2,0,0,1,True,model,2
row3060,Q2867785|Q1369723,3,Q2867785,AFNIC,Q1369723,Web Agency,2,0,0,1,True,model,2
row3061,Q2867785|Q967140,3,Q2867785,AFNIC,Q967140,media agency,2,0,0,1,True,model,2
row3062,Q2867785|Q1132207,3,Q2867785,AFNIC,Q1132207,business incubator,2,0,0,1,True,model,2
row3063,Q2867785|Q16968466,3,Q2867785,AFNIC,Q16968466,regional health authority,2,0,0,1,True,model,2
row3065,Q2867785|Q3487908,3,Q2867785,AFNIC,Q3487908,venture capital firm,2,0,0,1,True,model,2
row3066,Q2867785|Q220142,3,Q2867785,AFNIC,Q220142,pet store,2,0,0,1,True,model,2
row3067,Q2867785|Q161726,3,Q2867785,AFNIC,Q161726,multinational corporation,2,0,0,1,True,model,2
row3068,Q2867785|Q1321781,3,Q2867785,AFNIC,Q1321781,investment company,2,0,0,1,True,model,2
row3070,Q2867785|Q12893467,3,Q2867785,AFNIC,Q12893467,industrial laundry,2,0,0,1,True,model,2
row3071,Q2867785|Q1058914,3,Q2867785,AFNIC,Q1058914,software company,2,0,0,1,True,model,2
row3072,Q2867785|Q12043474,3,Q2867785,AFNIC,Q12043474,public relations agency,2,0,0,1,True,model,2
row3073,Q4007363|Q1328899,3,Q4007363,ITU Telecommunication Standardization Sector,Q1328899,standards organization,1,1,1,1,True,model,1
row3074,Q4007363|Q43229,3,Q4007363,ITU Telecommunication Standardization Sector,Q43229,organization,1,1,1,1,True,model,1
row3075,Q4007363|Q1518309,3,Q4007363,ITU Telecommunication Standardization Sector,Q1518309,Gesellenverein,2,0,0,1,True,model,2
row3076,Q4007363|Q5380419,3,Q4007363,ITU Telecommunication Standardization Sector,Q5380419,Enterprises in the Soviet Union,2,0,0,1,True,model,2
row3078,Q4007363|Q4736565,3,Q4007363,ITU Telecommunication Standardization Sector,Q4736565,Alternative trading organization,2,0,0,1,True,model,2
row3079,Q4007363|Q26180917,3,Q4007363,ITU Telecommunication Standardization Sector,Q26180917,hiking center,2,0,0,1,True,model,2
row3080,Q4007363|Q1311569,3,Q4007363,ITU Telecommunication Standardization Sector,Q1311569,Railway divisions in Germany,2,0,0,1,True,model,2
row3081,Q4007363|Q7835148,3,Q4007363,ITU Telecommunication Standardization Sector,Q7835148,transport standards organization,2,0,1,0,True,model,2
row3083,Q4007363|Q1443933,3,Q4007363,ITU Telecommunication Standardization Sector,Q1443933,design studio,2,0,0,1,True,model,2
row3084,Q4007363|Q294801,3,Q4007363,ITU Telecommunication Standardization Sector,Q294801,eco-control body,2,0,1,0,True,model,2
row3085,Q4007363|Q5055151,3,Q4007363,ITU Telecommunication Standardization Sector,Q5055151,caving organization,2,0,0,1,True,model,2
row3086,Q4007363|Q5155040,3,Q4007363,ITU Telecommunication Standardization Sector,Q5155040,community project,2,0,0,1,True,model,2
row3087,Q4007363|Q1934969,3,Q4007363,ITU Telecommunication Standardization Sector,Q1934969,defense contractor,2,0,0,1,True,model,2
row3089,Q4007363|Q1642895,3,Q4007363,ITU Telecommunication Standardization Sector,Q1642895,lineage,2,0,0,1,True,model,2
row3090,Q42591|Q20198160,1,Q42591,mp3,Q20198160,lossy audio coding format,1,1,1,1,True,model,1
row3091,Q42591|Q55564,1,Q42591,mp3,Q55564,lossy compression,1,1,1,1,True,model,1
row3092,Q42591|Q830840,1,Q42591,mp3,Q830840,audio compression,1,1,1,1,True,model,1
row3093,Q42591|Q2720536,1,Q42591,mp3,Q2720536,proprietary file format,1,1,1,1,True,model,1
row3094,Q42591|Q682626,1,Q42591,mp3,Q682626,audio file format,1,1,1,1,True,model,1
row3095,Q42591|Q1056408,1,Q42591,mp3,Q1056408,open file format,1,1,1,1,True,model,1
row3096,Q42591|Q300036,1,Q42591,mp3,Q300036,Adaptive Transform Acoustic Coding,2,1,1,1,True,model,2
row3097,Q42591|Q17144022,1,Q42591,mp3,Q17144022,stem,2,0,1,0,True,model,2
row3098,Q42591|Q8436198,1,Q42591,mp3,Q8436198,free format,2,1,1,1,True,model,2
row3099,Q42591|Q758853,1,Q42591,mp3,Q758853,Audio Interchange File Format,2,1,1,1,True,model,2
row3100,Q42591|Q7259827,1,Q42591,mp3,Q7259827,Pumping,2,1,1,1,True,model,2
row3101,Q42591|Q2141903,1,Q42591,mp3,Q2141903,Photoshop File Format,2,0,1,0,True,model,2
row3102,Q42591|Q3415066,1,Q42591,mp3,Q3415066,Raw audio,2,1,1,1,True,model,2
row3103,Q42591|Q379637,1,Q42591,mp3,Q379637,Multi-Band Excitation,2,1,1,1,True,model,2
row3104,Q42591|Q1053358,1,Q42591,mp3,Q1053358,AutoCAD Drawing,2,0,1,0,True,model,2
row3105,Q786900|Q101244,2,Q786900,MSISDN,Q101244,acronym,1,1,1,1,True,model,1
row3106,Q786900|Q466981,2,Q786900,MSISDN,Q466981,recursive acronym,2,0,0,1,True,model,2
row3107,Q786900|Q1257438,2,Q786900,MSISDN,Q1257438,three-letter acronym,2,0,0,1,True,model,2
row3108,Q1359246|Q167035,1,Q1359246,Jira,Q167035,project management software,1,1,1,1,True,model,1
row3109,Q1359246|Q1480561,1,Q1359246,Jira,Q1480561,issue tracking system,1,1,1,1,True,model,1
row3110,Q1359246|Q956086,1,Q1359246,Jira,Q956086,bug tracking system,1,1,1,1,True,model,1
row3111,Q1359246|Q218616,1,Q1359246,Jira,Q218616,proprietary software,1,1,1,1,True,model,1
row3112,Q1359246|Q178285,1,Q1359246,Jira,Q178285,freeware,2,1,1,1,True,model,2
row3113,Q1359246|Q763151,1,Q1359246,Jira,Q763151,proprietary device driver,2,1,1,1,True,model,2
row3114,Q1359246|Q5530385,1,Q1359246,Jira,Q5530385,Gelato,2,0,1,0,True,model,2
row3115,Q1359246|Q6543028,1,Q1359246,Jira,Q6543028,license-free software,2,0,1,0,True,model,2
row3116,Q1359246|Q9361521,1,Q1359246,Jira,Q9361521,trial,2,1,1,1,True,model,2
row3117,Q1359246|Q3512599,1,Q1359246,Jira,Q3512599,TV Giant,2,0,1,0,True,model,2
row3118,Q1359246|Q185534,1,Q1359246,Jira,Q185534,shareware,2,0,1,0,True,model,2
row3119,Q1359246|Q43627,1,Q1359246,Jira,Q43627,Macintosh operating systems,2,0,1,0,True,model,2
row3120,Q1359246|Q1444631,1,Q1359246,Jira,Q1444631,freemium,2,1,1,1,True,model,2
row3121,Q1359246|Q1340793,1,Q1359246,Jira,Q1340793,commercial software,2,1,1,1,True,model,2
row3122,Q1377194|Q392918,4,Q1377194,European Union Agency for Cybersecurity,Q392918,European Union agency,1,1,1,1,True,model,1
row3123,Q1377194|Q2826637,4,Q1377194,European Union Agency for Cybersecurity,Q2826637,executive agency of the European Union,2,1,0,0,True,model,2
row3125,Q1536|Q6313217,0,Q1536,Coordinated Universal Time,Q6313217,time standard,1,1,1,1,True,model,1
row3126,Q1536|Q219919,0,Q1536,Coordinated Universal Time,Q219919,local mean time,2,0,0,1,True,model,2
row3127,Q1536|Q12143,0,Q1536,Coordinated Universal Time,Q12143,time zone,2,1,0,0,True,model,2
row3128,Q1536|Q2558763,0,Q1536,Coordinated Universal Time,Q2558763,Earth time,2,1,0,0,True,model,2
row3129,Q1536|Q462926,0,Q1536,Coordinated Universal Time,Q462926,dynamical time,2,0,0,1,True,model,2
row3130,Q1536|Q849275,0,Q1536,Coordinated Universal Time,Q849275,civil time,2,1,0,0,True,model,2
row3131,Q1536|Q17272692,0,Q1536,Coordinated Universal Time,Q17272692,IANA time zone,3,0,0,1,False,bfs_auto_prune,
row3132,Q1536|Q36669,0,Q1536,Coordinated Universal Time,Q36669,daylight saving time,3,0,0,1,False,bfs_auto_prune,
row3133,Q1536|Q17272482,0,Q1536,Coordinated Universal Time,Q17272482,time zone named for a UTC offset,3,1,0,0,False,bfs_auto_prune,
row3134,Q1536|Q10860882,0,Q1536,Coordinated Universal Time,Q10860882,winter time,3,0,0,1,False,bfs_auto_prune,
row3135,Q1536|Q17280916,0,Q1536,Coordinated Universal Time,Q17280916,seasonal time zone,3,0,0,1,False,bfs_auto_prune,
row3136,Q1536|Q1777301,0,Q1536,Coordinated Universal Time,Q1777301,standard time,3,1,0,0,False,bfs_auto_prune,
row3137,Q1536|Q4127125,0,Q1536,Coordinated Universal Time,Q4127125,time in the United Kingdom,3,0,0,1,False,bfs_auto_prune,
row3138,Q1125400|Q474157,4,Q1125400,Confluence,Q474157,collaborative software,1,1,1,1,True,model,1
row3139,Q1125400|Q6686945,4,Q1125400,Confluence,Q6686945,wiki software,1,1,1,1,True,model,1
row3140,Q1125400|Q107415,4,Q1125400,Confluence,Q107415,Group decision support systems,2,0,1,0,True,model,2
row3141,Q1125400|Q12313595,4,Q1125400,Confluence,Q12313595,collaborative real-time editor,2,1,1,1,True,model,2
row3142,Q1125400|Q28135300,4,Q1125400,Confluence,Q28135300,Workplace from Meta,2,1,1,1,True,model,2
row3143,Q22732|Q862279,0,Q22732,Streisand effect,Q862279,cobra effect,1,1,1,1,True,model,1
row3144,Q22732|Q602884,0,Q22732,Streisand effect,Q602884,social phenomenon,1,1,1,1,True,model,1
row3145,Q22732|Q1229501,0,Q22732,Streisand effect,Q1229501,distinction,2,0,1,0,True,model,2
row3146,Q22732|Q7572823,0,Q22732,Streisand effect,Q7572823,spaghetti bowl effect,2,0,0,1,True,model,2
row3147,Q22732|Q1784829,0,Q22732,Streisand effect,Q1784829,passing,2,0,0,1,True,model,2
row3148,Q338978|Q853614,4,Q338978,Access Point Name_Enable,Q853614,identifier,1,1,1,1,True,model,1
row3150,Q338978|Q54975531,4,Q338978,Access Point Name_Enable,Q54975531,incorrect identifier value,2,0,0,1,True,model,2
row3151,Q338978|Q1268470,4,Q338978,Access Point Name_Enable,Q1268470,product key,2,0,0,1,True,model,2
row3152,Q338978|Q369494,4,Q338978,Access Point Name_Enable,Q369494,Joint Electronics Type Designation System,2,0,0,1,True,model,2
row3153,Q1077480|Q17155032,4,Q1077480,hypervisor,Q17155032,software category,1,1,1,1,True,model,1
row3154,Q1077480|Q3077240,4,Q1077480,hypervisor,Q3077240,forge,2,0,1,0,True,model,2
row3155,Q1077480|Q28168011,4,Q1077480,hypervisor,Q28168011,X server,2,0,1,0,True,model,2
row3156,Q1077480|Q570871,4,Q1077480,hypervisor,Q570871,email client,2,0,1,0,True,model,2
row3157,Q1077480|Q1074158,4,Q1077480,hypervisor,Q1074158,educational software,2,0,1,0,True,model,2
row3158,Q1077480|Q487365,4,Q1077480,hypervisor,Q487365,gateway,2,0,0,1,True,model,2
row3159,Q1077480|Q1727373,4,Q1077480,hypervisor,Q1727373,lint,2,0,0,1,True,model,2
row3160,Q54366|Q17155032,4,Q54366,packet analyzer,Q17155032,software category,1,1,1,1,True,model,1
row3161,Q54366|Q907342,4,Q54366,packet analyzer,Q907342,compatibility layer,2,0,1,0,True,model,2
row3162,Q54366|Q28168011,4,Q54366,packet analyzer,Q28168011,X server,2,0,1,0,True,model,2
row3163,Q54366|Q1074158,4,Q54366,packet analyzer,Q1074158,educational software,2,0,1,0,True,model,2
row3164,Q54366|Q1727373,4,Q54366,packet analyzer,Q1727373,lint,2,0,0,1,True,model,2
row3165,Q54366|Q570871,4,Q54366,packet analyzer,Q570871,email client,2,0,1,0,True,model,2
row3166,Q54366|Q643876,4,Q54366,packet analyzer,Q643876,Virtual printer,2,0,1,0,True,model,2
row3167,Q54366|Q28057030,4,Q54366,packet analyzer,Q28057030,ERP software,2,0,1,0,True,model,2
row3168,Q54366|Q3077240,4,Q54366,packet analyzer,Q3077240,forge,2,0,1,0,True,model,2
row3169,Q54366|Q15079042,4,Q54366,packet analyzer,Q15079042,spaced repetition software,2,0,1,0,True,model,2
row3170,Q166142|Q17155032,3,Q166142,application,Q17155032,software category,1,1,0,0,True,model,1
row3171,Q166142|Q907342,3,Q166142,application,Q907342,compatibility layer,2,0,0,1,False,bfs_auto_prune,
row3172,Q166142|Q28168011,3,Q166142,application,Q28168011,X server,2,1,0,0,False,bfs_auto_prune,
row3173,Q166142|Q1074158,3,Q166142,application,Q1074158,educational software,2,1,0,0,False,bfs_auto_prune,
row3174,Q166142|Q487365,3,Q166142,application,Q487365,gateway,2,0,0,1,False,bfs_auto_prune,
row3175,Q166142|Q1727373,3,Q166142,application,Q1727373,lint,2,1,0,0,False,bfs_auto_prune,
row3176,Q166142|Q1756442,3,Q166142,application,Q1756442,LR parser,2,0,0,1,False,bfs_auto_prune,
row3177,Q166142|Q643876,3,Q166142,application,Q643876,Virtual printer,2,1,0,0,False,bfs_auto_prune,
row3178,Q166142|Q570871,3,Q166142,application,Q570871,email client,2,1,0,0,False,bfs_auto_prune,
row3179,Q166142|Q28057030,3,Q166142,application,Q28057030,ERP software,2,1,0,0,False,bfs_auto_prune,
row3180,Q166142|Q3077240,3,Q166142,application,Q3077240,forge,2,1,0,0,False,bfs_auto_prune,
row3181,Q166142|Q15079042,3,Q166142,application,Q15079042,spaced repetition software,2,1,0,0,False,bfs_auto_prune,
row3182,Q257597|Q15028,2,Q257597,SWIFT,Q15028,International Organization for Standardization,1,1,1,1,True,model,1
row3183,Q257597|Q986008,2,Q257597,SWIFT,Q986008,payment system,1,1,1,1,True,model,1
row3184,Q257597|Q13479982,2,Q257597,SWIFT,Q13479982,cryptocurrency,2,0,0,1,True,model,2
row3185,Q257597|Q41349,2,Q257597,SWIFT,Q41349,smart card,2,0,0,1,True,model,2
row3186,Q257597|Q27917249,2,Q257597,SWIFT,Q27917249,electronic toll collection system,2,0,0,1,True,model,2
row3187,Q257597|Q7927997,2,Q257597,SWIFT,Q7927997,video tolling,2,0,0,1,True,model,2
row3188,Q257597|Q1436963,2,Q257597,SWIFT,Q1436963,payment card,2,0,0,1,True,model,2
row3189,Q257597|Q1365703,2,Q257597,SWIFT,Q1365703,mobile payment,2,1,0,0,True,model,2
row3190,Q257597|Q191627,2,Q257597,SWIFT,Q191627,letter of credit,2,0,0,1,True,model,2
row3191,Q257597|Q16335933,2,Q257597,SWIFT,Q16335933,prepayment for service,2,0,0,1,True,model,2
row3192,Q257597|Q351764,2,Q257597,SWIFT,Q351764,e-commerce payment system,2,1,1,1,True,model,2
row3193,Q257597|Q1191337,2,Q257597,SWIFT,Q1191337,electronic toll collection,2,0,0,1,True,model,2
row3194,Q257597|Q1147226,2,Q257597,SWIFT,Q1147226,digital wallet,2,1,0,0,True,model,2
row3195,Q257597|Q40186999,2,Q257597,SWIFT,Q40186999,cryptocurrency wallet,3,0,0,1,False,bfs_auto_prune,
row3196,Q257597|Q10851060,2,Q257597,SWIFT,Q10851060,icash,3,0,0,1,False,bfs_auto_prune,
row3197,Q92438|Q4485156,2,Q92438,microblogging,Q4485156,software feature,1,1,1,1,True,model,1
row3198,Q92438|Q25021307,2,Q92438,microblogging,Q25021307,Linux namespaces,2,0,0,1,True,model,2
row3199,Q92438|Q4346042,2,Q92438,microblogging,Q4346042,Do What I Mean,2,0,0,1,True,model,2
row3200,Q92438|Q60755507,2,Q92438,microblogging,Q60755507,crypto-agility,2,0,0,1,True,model,2
row3201,Q92438|Q554950,2,Q92438,microblogging,Q554950,recommender system,2,1,0,0,True,model,2
row3202,Q92438|Q459708,2,Q92438,microblogging,Q459708,features of Firefox,2,0,0,1,True,model,2
row3203,Q92438|Q55070019,2,Q92438,microblogging,Q55070019,video game feature,2,0,0,1,True,model,2
row3204,Q92438|Q6407552,2,Q92438,microblogging,Q6407552,killer feature,2,0,0,1,True,model,2
row3205,Q92438|Q842193,2,Q92438,microblogging,Q842193,sandbox,2,0,0,1,True,model,2
row3206,Q92438|Q1344046,2,Q92438,microblogging,Q1344046,first-class functions,2,0,0,1,True,model,2
row3208,Q92438|Q48835386,2,Q92438,microblogging,Q48835386,Feed,2,1,0,0,True,model,2
row3209,Q92438|Q4434361,2,Q92438,microblogging,Q4434361,contact list,2,1,0,0,True,model,2
row3211,Q92438|Q5057302,2,Q92438,microblogging,Q5057302,sound recording process,2,0,0,1,True,model,2
row3212,Q92438|Q440972,2,Q92438,microblogging,Q440972,compatibility mode,2,0,0,1,True,model,2
row3213,Q92438|Q24839054,2,Q92438,microblogging,Q24839054,sticker,2,0,0,1,True,model,2
row3214,Q899288|Q874048,3,Q899288,multicast,Q874048,packet forwarding,1,1,1,1,True,model,1
row3215,Q762660|Q1281199,4,Q762660,KeePass,Q1281199,password manager,1,1,1,1,True,model,1
row3216,Q762660|Q506883,4,Q762660,KeePass,Q506883,free and open-source software,1,1,1,1,True,model,1
row3217,Q762660|Q21125433,4,Q762660,KeePass,Q21125433,free or open-source video game,2,0,0,1,True,model,2
row3218,Q762660|Q15968274,4,Q762660,KeePass,Q15968274,GNOME Core Applications,2,0,0,1,True,model,2
row3219,Q133454|Q317623,0,Q133454,high-definition television,Q317623,technical standard,1,1,1,1,True,model,1
row3220,Q133454|Q1144899,0,Q133454,high-definition television,Q1144899,broadcast television system,1,1,1,1,True,model,1
row3221,Q133454|Q2043680,0,Q133454,high-definition television,Q2043680,PAL-60,2,1,0,0,True,model,2
row3222,Q133454|Q917023,0,Q133454,high-definition television,Q917023,SSI motherboard form factors,2,0,0,1,True,model,2
row3223,Q133454|Q2309650,0,Q133454,high-definition television,Q2309650,MPEG-3,2,0,0,1,True,model,2
row3226,Q133454|Q2680559,0,Q133454,high-definition television,Q2680559,industry standard,2,1,0,0,True,model,2
row3227,Q133454|Q2043676,0,Q133454,high-definition television,Q2043676,PAL-50,2,1,0,0,True,model,2
row3229,Q133454|Q45941145,0,Q133454,high-definition television,Q45941145,data standard,2,0,0,1,True,model,2
row3231,Q133454|Q56277227,0,Q133454,high-definition television,Q56277227,Launch Unit,2,0,0,1,True,model,2
row3232,Q133454|Q375479,0,Q133454,high-definition television,Q375479,standard illuminant,2,0,0,1,True,model,2
row3234,Q288682|Q20155966,2,Q288682,XACML,Q20155966,XML-based format,1,1,1,1,True,model,1
row3235,Q288682|Q9143,2,Q288682,XACML,Q9143,programming language,1,1,1,1,True,model,1
row3236,Q288682|Q2115,2,Q288682,XACML,Q2115,Extensible Markup Language,1,1,1,1,True,model,1
row3238,Q2826678|Q327333,1,Q2826678,Agence nationale des fréquences,Q327333,government agency,1,1,1,1,True,model,1
row3239,Q2826678|Q6134903,1,Q2826678,Agence nationale des fréquences,Q6134903,undersecretariat,2,0,0,1,True,model,2
row3240,Q2826678|Q59562118,1,Q2826678,Agence nationale des fréquences,Q59562118,General Secretariat,2,0,0,1,True,model,2
row3241,Q2826678|Q627329,1,Q2826678,Agence nationale des fréquences,Q627329,job centre,2,0,0,1,True,model,2
row3243,Q2826678|Q28599747,1,Q2826678,Agence nationale des fréquences,Q28599747,education agency,2,0,0,1,True,model,2
row3244,Q2826678|Q819340,1,Q2826678,Agence nationale des fréquences,Q819340,Bergamt,2,0,0,1,True,model,2
row3245,Q2826678|Q10312979,1,Q2826678,Agence nationale des fréquences,Q10312979,junta geral,2,0,0,1,True,model,2
row3247,Q2826678|Q56148524,1,Q2826678,Agence nationale des fréquences,Q56148524,Body of the Government of India,2,0,0,1,True,model,2
row3248,Q2826678|Q1851579,1,Q2826678,Agence nationale des fréquences,Q1851579,Secretariat of the Central Committee of the Communist Party of the Soviet Union,2,0,0,1,True,model,2
row3249,Q2826678|Q3029442,1,Q2826678,Agence nationale des fréquences,Q3029442,directorate,2,0,0,1,True,model,2
row3250,Q2826678|Q732717,1,Q2826678,Agence nationale des fréquences,Q732717,law enforcement agency,2,0,0,1,True,model,2
row3252,Q2826678|Q59456832,1,Q2826678,Agence nationale des fréquences,Q59456832,medical board,2,0,0,1,True,model,2
row3254,Q2826678|Q22815176,1,Q2826678,Agence nationale des fréquences,Q22815176,Forestry,2,0,0,1,True,model,2
row3255,Q2826678|Q1469645,1,Q2826678,Agence nationale des fréquences,Q1469645,cadastral office,2,0,0,1,True,model,2
row3256,Q2826678|Q7138164,1,Q2826678,Agence nationale des fréquences,Q7138164,park district,2,0,0,1,True,model,2
row3257,Q2826678|Q192350,1,Q2826678,Agence nationale des fréquences,Q192350,ministry,2,0,0,1,True,model,2
row3259,Q2826678|Q3491114,1,Q2826678,Agence nationale des fréquences,Q3491114,Soprintendenza,2,0,0,1,True,model,2
row3260,Q2826678|Q7096692,1,Q2826678,Agence nationale des fréquences,Q7096692,Operating authority,2,0,0,1,True,model,2
row3261,Q2826678|Q1639780,1,Q2826678,Agence nationale des fréquences,Q1639780,regulatory agency,2,0,0,1,True,model,2
row3262,Q11278|Q1077480,2,Q11278,Hyper-V,Q1077480,hypervisor,1,1,1,1,True,model,1
row3263,Q11278|Q26430975,2,Q11278,Hyper-V,Q26430975,Microsoft Windows component,1,1,1,1,True,model,1
row3264,Q11278|Q1370727,2,Q11278,Hyper-V,Q1370727,Windows service,2,1,0,0,True,model,2
row3265,Q9184057|Q58325919,1,Q9184057,CLIR,Q58325919,telecommunications services,1,1,1,1,True,model,1
row3266,Q55692|Q756230,1,Q55692,Active Directory,Q756230,directory service,1,1,1,1,True,model,1
row3267,Q1128649|Q1562489,0,Q1128649,H.323,Q1562489,ITU-T recommendations H-series,1,1,1,1,True,model,1
row3268,Q1128649|Q132364,0,Q1128649,H.323,Q132364,communication protocol,1,1,1,1,True,model,1
row3269,Q10322548|Q15836568,2,Q10322548,MQTT,Q15836568,computer network protocol,1,1,1,1,True,model,1
row3270,Q10322548|Q1422324,2,Q10322548,MQTT,Q1422324,Telecommunications Management Network,2,1,0,0,True,model,2
row3271,Q10322548|Q8795,2,Q10322548,MQTT,Q8795,Internet Protocol,2,1,1,1,True,model,2
row3272,Q10322548|Q81414,2,Q10322548,MQTT,Q81414,Internet protocol suite,2,1,1,1,True,model,2
row3278,Q2539|Q11862829,2,Q2539,machine learning,Q11862829,academic discipline,1,1,1,1,True,model,1
row3280,Q2539|Q2001056,2,Q2539,machine learning,Q2001056,land management,2,0,0,1,True,model,2
row3283,Q2539|Q6168352,2,Q2539,machine learning,Q6168352,jazz education,2,0,0,1,True,model,2
row3284,Q2539|Q57204579,2,Q2539,machine learning,Q57204579,social ecology,2,0,0,1,True,model,2
row3285,Q2539|Q60310061,2,Q2539,machine learning,Q60310061,branch of theology,2,0,0,1,True,model,2
row3286,Q2539|Q55693872,2,Q2539,machine learning,Q55693872,medicine,2,0,0,1,True,model,2
row3287,Q2539|Q184784,2,Q2539,machine learning,Q184784,architectural drawing,2,0,0,1,True,model,2
row3293,Q9367264|Q327333,4,Q9367264,Office of Electronic Communication,Q327333,government agency,1,1,1,1,True,model,1
row3294,Q9367264|Q29956065,4,Q9367264,Office of Electronic Communication,Q29956065,commissariat,2,0,0,1,True,model,2
row3295,Q9367264|Q939616,4,Q9367264,Office of Electronic Communication,Q939616,DEA,2,0,0,1,True,model,2
row3296,Q9367264|Q59562118,4,Q9367264,Office of Electronic Communication,Q59562118,General Secretariat,2,0,0,1,True,model,2
row3298,Q9367264|Q28599747,4,Q9367264,Office of Electronic Communication,Q28599747,education agency,2,0,0,1,True,model,2
row3299,Q9367264|Q7061341,4,Q9367264,Office of Electronic Communication,Q7061341,government agency in Norway,2,0,0,1,True,model,2
row3300,Q9367264|Q8535938,4,Q9367264,Office of Electronic Communication,Q8535938,Regional Hygiene Station,2,0,0,1,True,model,2
row3301,Q9367264|Q3349544,4,Q9367264,Office of Electronic Communication,Q3349544,agricultural office,2,0,0,1,True,model,2
row3302,Q9367264|Q26989327,4,Q9367264,Office of Electronic Communication,Q26989327,official tourism agency,2,0,0,1,True,model,2
row3304,Q9367264|Q213283,4,Q9367264,Office of Electronic Communication,Q213283,diplomatic mission,2,0,0,1,True,model,2
row3305,Q9367264|Q948571,4,Q9367264,Office of Electronic Communication,Q948571,organ of state,2,1,0,0,True,model,2
row3306,Q9367264|Q1851579,4,Q9367264,Office of Electronic Communication,Q1851579,Secretariat of the Central Committee of the Communist Party of the Soviet Union,2,0,0,1,True,model,2
row3307,Q9367264|Q3029442,4,Q9367264,Office of Electronic Communication,Q3029442,directorate,2,0,0,1,True,model,2
row3309,Q9367264|Q1970777,4,Q9367264,Office of Electronic Communication,Q1970777,nature conservation authority,2,0,0,1,True,model,2
row3310,Q9367264|Q7138164,4,Q9367264,Office of Electronic Communication,Q7138164,park district,2,0,0,1,True,model,2
row3311,Q9367264|Q7139410,4,Q9367264,Office of Electronic Communication,Q7139410,parole board,2,0,0,1,True,model,2
row3312,Q9367264|Q21192992,4,Q9367264,Office of Electronic Communication,Q21192992,central purchasing body,2,0,0,1,True,model,2
row3317,Q9367264|Q30559504,4,Q9367264,Office of Electronic Communication,Q30559504,government office,2,1,0,0,True,model,2
row3319,Q9367264|Q17773527,4,Q9367264,Office of Electronic Communication,Q17773527,administrative agency in Norway,2,0,0,1,True,model,2
row3320,Q9367264|Q1639780,4,Q9367264,Office of Electronic Communication,Q1639780,regulatory agency,2,1,0,0,True,model,2
row3321,Q9367264|Q3708659,4,Q9367264,Office of Electronic Communication,Q3708659,department of the Italian republic,2,0,0,1,True,model,2
row3322,Q9367264|Q5419928,4,Q9367264,Office of Electronic Communication,Q5419928,Executive agencies of the Scottish Government,2,0,0,1,True,model,2
row3323,Q9367264|Q1148446,4,Q9367264,Office of Electronic Communication,Q1148446,patent office,2,1,0,0,True,model,2
row3324,Q9367264|Q16965797,4,Q9367264,Office of Electronic Communication,Q16965797,National Commission for UNESCO,2,0,0,1,True,model,2
row3325,Q9367264|Q627329,4,Q9367264,Office of Electronic Communication,Q627329,job centre,2,0,0,1,True,model,2
row3326,Q9367264|Q5759940,4,Q9367264,Office of Electronic Communication,Q5759940,highway authority,2,0,0,1,True,model,2
row3327,Q9367264|Q6498663,4,Q9367264,Office of Electronic Communication,Q6498663,fire department,2,0,0,1,True,model,2
row3328,Q9367264|Q2324919,4,Q9367264,Office of Electronic Communication,Q2324919,state forest,2,0,0,1,True,model,2
row3329,Q9367264|Q7209594,4,Q9367264,Office of Electronic Communication,Q7209594,police office,2,0,0,1,True,model,2
row3330,Q9367264|Q303362,4,Q9367264,Office of Electronic Communication,Q303362,Austrian Court Chancellery,2,0,0,1,True,model,2
row3332,Q9367264|Q732717,4,Q9367264,Office of Electronic Communication,Q732717,law enforcement agency,2,0,0,1,True,model,2
row3333,Q9367264|Q59456832,4,Q9367264,Office of Electronic Communication,Q59456832,medical board,2,0,0,1,True,model,2
row3334,Q9367264|Q56292847,4,Q9367264,Office of Electronic Communication,Q56292847,Jobcenter,2,0,0,1,True,model,2
row3335,Q9367264|Q1252707,4,Q9367264,Office of Electronic Communication,Q1252707,postal  telegraph and telephone service,2,1,0,0,True,model,2
row3336,Q9367264|Q573607,4,Q9367264,Office of Electronic Communication,Q573607,revenue service,2,0,0,1,True,model,2
row3337,Q9367264|Q192350,4,Q9367264,Office of Electronic Communication,Q192350,ministry,2,0,0,1,True,model,2
row3340,Q9367264|Q16296141,4,Q9367264,Office of Electronic Communication,Q16296141,Liikelaitos,2,0,0,1,True,model,2
row3341,Q9367264|Q883226,4,Q9367264,Office of Electronic Communication,Q883226,War and Domain Chamber,2,0,0,1,True,model,2
row3342,Q1340643|Q28640,3,Q1340643,master builder,Q28640,profession,1,1,1,1,True,model,1
row3343,Q1340643|Q4164871,3,Q1340643,master builder,Q4164871,position,1,1,1,1,True,model,1
row3344,Q1340643|Q2133201,3,Q1340643,master builder,Q2133201,Procureur du Bien Public,2,0,0,1,True,model,2
row3347,Q1340643|Q56654120,3,Q1340643,master builder,Q56654120,superintendent of Recreio e Vargens,2,0,0,1,True,model,2
row3348,Q1340643|Q2937346,3,Q1340643,master builder,Q2937346,Capitão do donatário,2,0,0,1,True,model,2
row3349,Q1340643|Q60028304,3,Q1340643,master builder,Q60028304,Lieutenant Governors of Brazil,2,0,0,1,True,model,2
row3350,Q1340643|Q59289676,3,Q1340643,master builder,Q59289676,Chief of staff of the French Ministry of the Interior,2,0,0,1,True,model,2
row3352,Q1340643|Q3333733,3,Q1340643,master builder,Q3333733,musicology profession,2,0,0,1,True,model,2
row3354,Q546739|Q957589,1,Q546739,Layer 2 Tunneling Protocol,Q957589,tunneling protocol,1,1,1,1,True,model,1
row3355,Q546739|Q12871890,1,Q546739,Layer 2 Tunneling Protocol,Q12871890,HTTP tunnel,2,1,0,0,True,model,2
row3356,Q546739|Q3702356,1,Q546739,Layer 2 Tunneling Protocol,Q3702356,ICMP tunnel,2,1,0,0,True,model,2
row3357,Q546739|Q1163955,1,Q546739,Layer 2 Tunneling Protocol,Q1163955,Point-to-Point Tunneling Protocol,2,1,0,0,True,model,2
row3358,Q15618669|Q28640,1,Q15618669,product owner,Q28640,profession,1,1,1,1,True,model,1
row3360,Q485|Q17155032,4,Q485,computer virus,Q17155032,software category,1,1,1,1,True,model,1
row3361,Q485|Q15079042,4,Q485,computer virus,Q15079042,spaced repetition software,2,0,1,0,True,model,2
row3363,Q485|Q570871,4,Q485,computer virus,Q570871,email client,2,0,1,0,True,model,2
row3364,Q485|Q643876,4,Q485,computer virus,Q643876,Virtual printer,2,0,0,1,True,model,2
row3365,Q485|Q1074158,4,Q485,computer virus,Q1074158,educational software,2,0,1,0,True,model,2
row3366,Q485|Q3077240,4,Q485,computer virus,Q3077240,forge,2,0,1,0,True,model,2
row3367,Q485|Q1727373,4,Q485,computer virus,Q1727373,lint,2,0,0,1,True,model,2
row3368,Q58435479|Q13442814,0,Q58435479,Security Risk Analysis,Q13442814,scholarly article,1,1,1,1,True,model,1
row3369,Q167676|Q811909,1,Q167676,sensor,Q811909,technological component,1,1,1,1,True,model,1
row3370,Q167676|Q845671,1,Q167676,sensor,Q845671,spoke,2,0,0,1,True,model,2
row3371,Q167676|Q811491,1,Q167676,sensor,Q811491,boom,2,0,0,1,True,model,2
row3372,Q167676|Q3183052,1,Q167676,sensor,Q3183052,Expansion joint,2,0,0,1,True,model,2
row3374,Q167676|Q9394522,1,Q167676,sensor,Q9394522,bow limbs,2,0,0,1,True,model,2
row3376,Q167676|Q6750281,1,Q167676,sensor,Q6750281,hull,2,0,0,1,True,model,2
row3377,Q167676|Q2559156,1,Q167676,sensor,Q2559156,Tipped tool,2,0,0,1,True,model,2
row3379,Q167676|Q786732,1,Q167676,sensor,Q786732,car wheel,2,0,0,1,True,model,2
row3380,Q167676|Q173350,1,Q167676,sensor,Q173350,printed circuit board,2,0,0,1,True,model,2
row3381,Q167676|Q2056083,1,Q167676,sensor,Q2056083,Passiver Prüfabschluss,2,1,0,0,True,model,2
row3382,Q167676|Q3191702,1,Q167676,sensor,Q3191702,optical waveguide,2,1,0,0,True,model,2
row3383,Q167676|Q1409295,1,Q167676,sensor,Q1409295,track switch,2,0,0,1,True,model,2
row3384,Q167676|Q57693916,1,Q167676,sensor,Q57693916,aero part,2,0,0,1,True,model,2
row3386,Q167676|Q839546,1,Q167676,sensor,Q839546,machine element,2,1,0,0,True,model,2
row3387,Q167676|Q1752270,1,Q167676,sensor,Q1752270,vee belt,2,0,0,1,True,model,2
row3388,Q167676|Q1068107,1,Q167676,sensor,Q1068107,chassis,3,0,0,1,False,bfs_auto_prune,
row3389,Q167676|Q978234,1,Q167676,sensor,Q978234,air compressor,3,0,0,1,False,bfs_auto_prune,
row3390,Q3003763|Q132364,4,Q3003763,Cross File Transfer,Q132364,communication protocol,1,1,1,1,True,model,1
row3391,Q3003763|Q974922,4,Q3003763,Cross File Transfer,Q974922,Web Map Service,2,0,0,1,True,model,2
row3392,Q3003763|Q165194,4,Q3003763,Cross File Transfer,Q165194,application programming interface,2,0,0,1,True,model,2
row3393,Q15587490|Q4164871,4,Q15587490,construction client,Q4164871,position,1,1,1,1,True,model,1
row3394,Q15587490|Q61022630,4,Q15587490,construction client,Q61022630,officer,2,0,0,1,True,model,2
row3396,Q15587490|Q30926380,4,Q15587490,construction client,Q30926380,guarda-roupa,2,0,0,1,True,model,2
row3397,Q15587490|Q3290825,4,Q15587490,construction client,Q3290825,churchwarden,2,0,0,1,True,model,2
row3400,Q15587490|Q56669297,4,Q15587490,construction client,Q56669297,superintendent,2,0,0,1,True,model,2
row3401,Q15587490|Q56654120,4,Q15587490,construction client,Q56654120,superintendent of Recreio e Vargens,2,0,0,1,True,model,2
row3402,Q15587490|Q60028304,4,Q15587490,construction client,Q60028304,Lieutenant Governors of Brazil,2,0,0,1,True,model,2
row3403,Q15587490|Q2660216,4,Q15587490,construction client,Q2660216,Vice President of Iran,2,0,0,1,True,model,2
row3405,Q15587490|Q56654108,4,Q15587490,construction client,Q56654108,superintendent of Ilha do Governador,2,0,0,1,True,model,2
row3408,Q15587490|Q6888512,4,Q15587490,construction client,Q6888512,moderator,2,0,0,1,True,model,2
row3410,Q15587490|Q56514255,4,Q15587490,construction client,Q56514255,information commissioner,2,0,0,1,True,model,2
row3411,Q15587490|Q334473,4,Q15587490,construction client,Q334473,division manager,2,0,0,1,True,model,2
row3413,Q15587490|Q23307026,4,Q15587490,construction client,Q23307026,Shadow minister,2,0,0,1,True,model,2
row3415,Q15587490|Q303618,4,Q15587490,construction client,Q303618,diplomatic rank,2,0,0,1,True,model,2
row3416,Q15587490|Q10312791,4,Q15587490,construction client,Q10312791,juiz de direito,2,0,0,1,True,model,2
row3418,Q15587490|Q10571975,4,Q15587490,construction client,Q10571975,länsråd,2,0,0,1,True,model,2
row3419,Q15587490|Q56654110,4,Q15587490,construction client,Q56654110,superintendent of Zona Sul,2,0,0,1,True,model,2
row3420,Q15587490|Q56654118,4,Q15587490,construction client,Q56654118,superintendent of Bangu,2,0,0,1,True,model,2
row3422,Q15587490|Q47529145,4,Q15587490,construction client,Q47529145,Stationsleiter,2,0,0,1,True,model,2
row3423,Q15587490|Q207978,4,Q15587490,construction client,Q207978,consul,2,0,0,1,True,model,2
row3424,Q15587490|Q1890052,4,Q15587490,construction client,Q1890052,president of the court,2,0,0,1,True,model,2
row3429,Q15587490|Q7647118,4,Q15587490,construction client,Q7647118,Surveyor General,2,0,0,1,True,model,2
row3430,Q15587490|Q1348170,4,Q15587490,construction client,Q1348170,Fils de France,2,0,0,1,True,model,2
row3431,Q15587490|Q1207353,4,Q15587490,construction client,Q1207353,head of department,2,0,0,1,True,model,2
row3432,Q15587490|Q1221126,4,Q15587490,construction client,Q1221126,Dienststellung,2,0,0,1,True,model,2
row3433,Q15587490|Q7231714,4,Q15587490,construction client,Q7231714,Starosta,2,0,0,1,True,model,2
row3434,Q15587490|Q56654089,4,Q15587490,construction client,Q56654089,superintendent of Centro,2,0,0,1,True,model,2
row3436,Q15587490|Q1500391,4,Q15587490,construction client,Q1500391,chief of municipal,2,0,0,1,True,model,2
row3438,Q15587490|Q1516453,4,Q15587490,construction client,Q1516453,lieutenant governor,2,0,0,1,True,model,2
row3439,Q15587490|Q7231536,4,Q15587490,construction client,Q7231536,Portcullis Pursuivant,2,0,0,1,True,model,2
row3440,Q15587490|Q1837955,4,Q15587490,construction client,Q1837955,Chief Minister of Punjab,2,0,0,1,True,model,2
row3444,Q15587490|Q23685787,4,Q15587490,construction client,Q23685787,working student,2,0,0,1,True,model,2
row3445,Q15587490|Q5390229,4,Q15587490,construction client,Q5390229,ambassador of Costa Rica,2,0,0,1,True,model,2
row3446,Q15587490|Q1414672,4,Q15587490,construction client,Q1414672,legislative seat,2,0,0,1,True,model,2
row3449,Q15587490|Q3643105,4,Q15587490,construction client,Q3643105,Rain Queen,2,0,0,1,True,model,2
row3450,Q15587490|Q49838176,4,Q15587490,construction client,Q49838176,executives of counties in Maryland,2,0,0,1,True,model,2
row3451,Q15587490|Q664547,4,Q15587490,construction client,Q664547,Grand Council of Bern,2,0,0,1,True,model,2
row3454,Q15587490|Q2937346,4,Q15587490,construction client,Q2937346,Capitão do donatário,2,0,0,1,True,model,2
row3456,Q15587490|Q5640756,4,Q15587490,construction client,Q5640756,Prócer del Reino,2,0,0,1,True,model,2
row3457,Q15587490|Q59289676,4,Q15587490,construction client,Q59289676,Chief of staff of the French Ministry of the Interior,2,0,0,1,True,model,2
row3458,Q15587490|Q11938128,4,Q15587490,construction client,Q11938128,Mutasarrıf,2,0,0,1,True,model,2
row3459,Q15587490|Q5428874,4,Q15587490,construction client,Q5428874,faculty member,2,0,0,1,True,model,2
row3460,Q15587490|Q4048723,4,Q15587490,construction client,Q4048723,SEO specialist,2,0,0,1,True,model,2
row3461,Q15587490|Q5124691,4,Q15587490,construction client,Q5124691,civil servant of the People's Republic of China,2,0,0,1,True,model,2
row3462,Q15587490|Q7559869,4,Q15587490,construction client,Q7559869,Somerset Herald,2,0,0,1,True,model,2
row3463,Q15587490|Q2114175,4,Q15587490,construction client,Q2114175,provost,2,0,0,1,True,model,2
row3465,Q15587490|Q56654106,4,Q15587490,construction client,Q56654106,superintendent of Guaratiba,2,0,0,1,True,model,2
row3466,Q15587490|Q228417,4,Q15587490,construction client,Q228417,Zugführer,2,0,0,1,True,model,2
row3467,Q15587490|Q2133201,4,Q15587490,construction client,Q2133201,Procureur du Bien Public,2,0,0,1,True,model,2
row3468,Q15587490|Q15894241,4,Q15587490,construction client,Q15894241,assistant commissioner,2,0,0,1,True,model,2
row3469,Q15587490|Q11452125,4,Q15587490,construction client,Q11452125,East Asian government service,2,0,0,1,True,model,2
row3470,Q15587490|Q932945,4,Q15587490,construction client,Q932945,khatib,2,0,0,1,True,model,2
row3471,Q15587490|Q2137774,4,Q15587490,construction client,Q2137774,government governor,2,0,0,1,True,model,2
row3472,Q16876602|Q163740,3,Q16876602,Cloud Security Alliance,Q163740,nonprofit organization,1,1,1,1,True,model,1
row3473,Q16876602|Q3917196,3,Q16876602,Cloud Security Alliance,Q3917196,state institution or nonprofit organization,2,1,0,0,True,model,2
row3474,Q16876602|Q7311343,3,Q16876602,Cloud Security Alliance,Q7311343,religious corporation,2,0,0,1,True,model,2
row3477,Q16876602|Q17635403,3,Q16876602,Cloud Security Alliance,Q17635403,French movement for freedom of abortion and birth control,2,0,0,1,True,model,2
row3478,Q16876602|Q113603,3,Q16876602,Cloud Security Alliance,Q113603,food bank,2,0,0,1,True,model,2
row3479,Q16876602|Q4998806,3,Q16876602,Cloud Security Alliance,Q4998806,burial society,2,0,0,1,True,model,2
row3480,Q16876602|Q4671329,3,Q16876602,Cloud Security Alliance,Q4671329,academy school,2,0,0,1,True,model,2
row3481,Q16876602|Q2396296,3,Q16876602,Cloud Security Alliance,Q2396296,Helsinki Committee for Human Rights,2,0,0,1,True,model,2
row3483,Q46904|Q26763979,2,Q46904,Global System for Mobile Communications,Q26763979,mobile phone network standard,1,1,1,1,True,model,1
row3484,Q46904|Q2674461,2,Q46904,Global System for Mobile Communications,Q2674461,mobile phone generation,1,1,1,1,True,model,1
row3485,Q46904|Q1023122,2,Q46904,Global System for Mobile Communications,Q1023122,CDMA2000,2,1,0,0,True,model,2
row3486,Q2551624|Q15836568,1,Q2551624,IPv6,Q15836568,computer network protocol,1,1,1,1,True,model,1
row3487,Q2551624|Q28380029,1,Q2551624,IPv6,Q28380029,network file system,2,0,0,1,True,model,2
row3488,Q2551624|Q1422324,1,Q2551624,IPv6,Q1422324,Telecommunications Management Network,2,1,0,0,True,model,2
row3489,Q2551624|Q8777,1,Q2551624,IPv6,Q8777,Hypertext Transfer Protocol,2,0,0,1,True,model,2
row3490,Q2551624|Q2622793,1,Q2551624,IPv6,Q2622793,JetDirect,2,0,0,1,True,model,2
row3491,Q2551624|Q203087,1,Q2551624,IPv6,Q203087,signaling protocol,2,1,0,0,True,model,2
row3492,Q2551624|Q3359815,1,Q2551624,IPv6,Q3359815,PPPoX,2,0,0,1,True,model,2
row3493,Q3153007|Q11862829,3,Q3153007,distributed artificial intelligence,Q11862829,academic discipline,1,1,1,1,True,model,1
row3494,Q3153007|Q2001056,3,Q3153007,distributed artificial intelligence,Q2001056,land management,2,0,0,1,True,model,2
row3497,Q3153007|Q60310061,3,Q3153007,distributed artificial intelligence,Q60310061,branch of theology,2,0,0,1,True,model,2
row3498,Q3153007|Q184784,3,Q3153007,distributed artificial intelligence,Q184784,architectural drawing,2,0,0,1,True,model,2
row3501,Q3153007|Q6168352,3,Q3153007,distributed artificial intelligence,Q6168352,jazz education,2,0,0,1,True,model,2
row3540,Q1091139|Q431028,4,Q1091139,Enhanced Interior Gateway Routing Protocol,Q431028,interior gateway protocol,1,1,1,1,True,model,1
row3541,Q1091139|Q1755411,4,Q1091139,Enhanced Interior Gateway Routing Protocol,Q1755411,link-state routing protocol,2,1,1,1,True,model,2
row3542,Q352455|Q758871,0,Q352455,Adaptive Multi-Rate Wideband,Q758871,audio coding format,1,1,1,1,True,model,1
row3543,Q352455|Q2481505,0,Q352455,Adaptive Multi-Rate Wideband,Q2481505,audio codec,1,1,1,1,True,model,1
row3544,Q352455|Q20198105,0,Q352455,Adaptive Multi-Rate Wideband,Q20198105,lossless audio coding format,2,1,1,1,True,model,2
row3545,Q352455|Q4650868,0,Q352455,Adaptive Multi-Rate Wideband,Q4650868,ACT,2,1,0,0,True,model,2
row3546,Q352455|Q20198160,0,Q352455,Adaptive Multi-Rate Wideband,Q20198160,lossy audio coding format,2,1,1,1,True,model,2
row3547,Q352455|Q44299010,0,Q352455,Adaptive Multi-Rate Wideband,Q44299010,DTS,2,1,0,0,True,model,2
row3548,Q352455|Q2441645,0,Q352455,Adaptive Multi-Rate Wideband,Q2441645,sound format,2,1,0,0,True,model,2
row3549,Q352455|Q379637,0,Q352455,Adaptive Multi-Rate Wideband,Q379637,Multi-Band Excitation,3,1,1,1,True,model,3
row3550,Q93312|Q356674,3,Q93312,OSI model,Q356674,reference model,1,1,1,1,True,model,1
row3551,Q93312|Q4380897,3,Q93312,OSI model,Q4380897,enterprise architecture framework,2,0,1,0,True,model,2
row3552,Q93312|Q7119938,3,Q93312,OSI model,Q7119938,POLDAT,2,1,1,1,True,model,2
row3553,Q171|Q121359,0,Q171,wiki,Q121359,infrastructure,1,1,1,1,True,model,1
row3554,Q171|Q364005,0,Q171,wiki,Q364005,day care,2,0,1,0,True,model,2
row3555,Q171|Q1047251,0,Q171,wiki,Q1047251,information infrastructure,2,1,1,1,True,model,2
row3556,Q171|Q1061108,0,Q171,wiki,Q1061108,water supply,2,0,1,0,True,model,2
row3557,Q171|Q1068715,0,Q171,wiki,Q1068715,telecommunications network,2,0,1,0,True,model,2
row3558,Q171|Q56397239,0,Q171,wiki,Q56397239,energy infrastructure,2,0,1,0,True,model,2
row3559,Q171|Q1200183,0,Q171,wiki,Q1200183,Fiber to the home,2,0,1,0,True,model,2
row3560,Q171|Q586034,0,Q171,wiki,Q586034,Fiber to the x,2,0,1,0,True,model,2
row3561,Q171|Q10677200,0,Q171,wiki,Q10677200,municipal broadband,2,0,1,0,True,model,2
row3562,Q171|Q924286,0,Q171,wiki,Q924286,transport network,2,0,1,0,True,model,2
row3563,Q171|Q3456887,0,Q171,wiki,Q3456887,logistic network,2,0,1,0,True,model,2
row3564,Q171|Q12103756,0,Q171,wiki,Q12103756,electrical power supply,2,0,1,0,True,model,2
row3565,Q171|Q1144084,0,Q171,wiki,Q1144084,utility pole,2,0,0,1,True,model,2
row3566,Q171|Q184356,0,Q171,wiki,Q184356,radio telescope,2,0,1,0,True,model,2
row3567,Q171|Q7170593,0,Q171,wiki,Q7170593,personal infrastructure,2,0,0,1,True,model,2
row3568,Q171|Q5227304,0,Q171,wiki,Q5227304,data infrastructure,2,0,1,0,True,model,2
row3569,Q171|Q1438053,0,Q171,wiki,Q1438053,research infrastructure,2,0,1,0,True,model,2
row3570,Q171|Q12284,0,Q171,wiki,Q12284,canal,2,0,1,0,True,model,2
row3571,Q171|Q3446070,0,Q171,wiki,Q3446070,Italian infrastructure,2,0,1,0,True,model,2
row3572,Q171|Q376799,0,Q171,wiki,Q376799,transport infrastructure,2,0,1,0,True,model,2
row3573,Q171|Q373338,0,Q171,wiki,Q373338,Critical infrastructure,2,0,1,0,True,model,2
row3574,Q850|Q1130645,0,Q850,MySQL,Q1130645,open-source software,1,1,1,1,True,model,1
row3575,Q850|Q3932296,0,Q850,MySQL,Q3932296,relational database management system,1,1,1,1,True,model,1
row3576,Q850|Q341,0,Q850,MySQL,Q341,free software,1,1,1,1,True,model,1
row3577,Q850|Q1371279,0,Q850,MySQL,Q1371279,server software,1,1,1,1,True,model,1
row3578,Q850|Q55541,0,Q850,MySQL,Q55541,Internet Relay Chat daemon,2,0,1,0,True,model,2
row3579,Q850|Q20983788,0,Q850,MySQL,Q20983788,free operating system,2,0,0,1,True,model,2
row3580,Q850|Q5014224,0,Q850,MySQL,Q5014224,CSQL,2,1,1,1,True,model,2
row3581,Q850|Q431195,0,Q850,MySQL,Q431195,IBM Db2,2,1,1,1,True,model,2
row3582,Q850|Q2357154,0,Q850,MySQL,Q2357154,Strozzi NoSQL,2,1,1,1,True,model,2
row3583,Q850|Q17089542,0,Q850,MySQL,Q17089542,WebScaleSQL,2,1,1,1,True,model,2
row3584,Q850|Q784561,0,Q850,MySQL,Q784561,authentication server,2,0,0,1,True,model,2
row3585,Q850|Q1162303,0,Q850,MySQL,Q1162303,print server,2,0,1,0,True,model,2
row3586,Q850|Q745602,0,Q850,MySQL,Q745602,terminal server,2,0,0,1,True,model,2
row3587,Q850|Q16676491,0,Q850,MySQL,Q16676491,e-mail server,2,0,1,0,True,model,2
row3588,Q850|Q15077416,0,Q850,MySQL,Q15077416,display server,2,0,1,0,True,model,2
row3589,Q850|Q35687379,0,Q850,MySQL,Q35687379,serverless relational database management system,2,1,1,1,True,model,2
row3590,Q850|Q1144323,0,Q850,MySQL,Q1144323,GNU toolchain,2,0,0,1,True,model,2
row3591,Q850|Q55069667,0,Q850,MySQL,Q55069667,Test server,2,0,1,0,True,model,2
row3592,Q850|Q2021268,0,Q850,MySQL,Q2021268,BitTorrent tracker,2,0,1,0,True,model,2
row3593,Q850|Q11288,0,Q850,MySQL,Q11288,web server,2,0,1,0,True,model,2
row3594,Q850|Q18511644,0,Q850,MySQL,Q18511644,IRC server,2,0,0,1,True,model,2
row3595,Q850|Q2919848,0,Q850,MySQL,Q2919848,query optimization,2,1,1,1,True,model,2
row3597,Q850|Q484935,0,Q850,MySQL,Q484935,CUBRID,2,1,1,1,True,model,2
row3598,Q850|Q21125433,0,Q850,MySQL,Q21125433,free or open-source video game,2,0,1,0,True,model,2
row3599,Q850|Q76320,0,Q850,MySQL,Q76320,database server,2,1,0,0,True,model,2
row3600,Q850|Q513349,0,Q850,MySQL,Q513349,file server,2,1,1,1,True,model,2
row3601,Q850|Q3958017,0,Q850,MySQL,Q3958017,FTP server,2,0,1,0,True,model,2
row3602,Q850|Q20712193,0,Q850,MySQL,Q20712193,KDE Applications,2,0,0,1,True,model,2
row3603,Q850|Q2566342,0,Q850,MySQL,Q2566342,Drizzle,2,1,1,1,True,model,2
row3604,Q850|Q186849,0,Q850,MySQL,Q186849,time server,2,0,0,1,True,model,2
row3605,Q850|Q12847068,0,Q850,MySQL,Q12847068,VBRİS,2,1,1,1,True,model,2
row3606,Q850|Q319417,0,Q850,MySQL,Q319417,SQLite,2,1,1,1,True,model,2
row3607,Q850|Q336601,0,Q850,MySQL,Q336601,news server,2,0,1,0,True,model,2
row3608,Q850|Q230966,0,Q850,MySQL,Q230966,Zustellserver,2,0,1,0,True,model,2
row3609,Q850|Q1315933,0,Q850,MySQL,Q1315933,game server,2,0,1,0,True,model,2
row3610,Q850|Q26261192,0,Q850,MySQL,Q26261192,SPARQL endpoint,2,1,1,1,True,model,2
row3611,Q850|Q3884002,0,Q850,MySQL,Q3884002,VoltDB,2,1,1,1,True,model,2
row3612,Q850|Q16688751,0,Q850,MySQL,Q16688751,Percona Server for MySQL,2,1,1,1,True,model,2
row3613,Q850|Q1645817,0,Q850,MySQL,Q1645817,streaming server,2,0,1,0,True,model,2
row3614,Q850|Q1892116,0,Q850,MySQL,Q1892116,map server,2,0,1,0,True,model,2
row3615,Q850|Q215819,0,Q850,MySQL,Q215819,Microsoft SQL Server,2,1,1,1,True,model,2
row3616,Q850|Q3772627,0,Q850,MySQL,Q3772627,GNOME Utilities,2,0,0,1,True,model,2
row3617,Q850|Q1978818,0,Q850,MySQL,Q1978818,network access server,2,0,0,1,True,model,2
row3618,Q850|Q388,0,Q850,MySQL,Q388,Linux,2,0,0,1,True,model,2
row3619,Q850|Q9011149,0,Q850,MySQL,Q9011149,Java Desktop Integration Components,2,0,0,1,True,model,2
row3620,Q850|Q12018160,0,Q850,MySQL,Q12018160,ESRI Arc Geodatabase,2,1,1,1,True,model,2
row3621,Q850|Q11189,0,Q850,MySQL,Q11189,proxy server,2,0,1,0,True,model,2
row3622,Q850|Q859477,0,Q850,MySQL,Q859477,mail transfer agent,2,0,1,0,True,model,2
row3623,Q161410|Q639681,2,Q161410,peer-to-peer,Q639681,network architecture,1,1,1,1,True,model,1
row3624,Q161410|Q846636,2,Q161410,peer-to-peer,Q846636,software architecture,1,1,1,1,True,model,1
row3625,Q161410|Q146813,2,Q161410,peer-to-peer,Q146813,client-server,2,1,1,1,True,model,2
row3626,Q161410|Q145490,2,Q161410,peer-to-peer,Q145490,network topology,2,1,0,0,True,model,2
row3627,Q161410|Q6901701,2,Q161410,peer-to-peer,Q6901701,Monolithic application design,2,1,0,0,True,model,2
row3628,Q161410|Q2860294,2,Q161410,peer-to-peer,Q2860294,Database-centric architecture,2,1,0,0,True,model,2
row3629,Q161410|Q2025579,2,Q161410,peer-to-peer,Q2025579,open-access network,2,1,0,0,True,model,2
row3630,Q161410|Q1048431,2,Q161410,peer-to-peer,Q1048431,enterprise architecture,2,0,0,1,True,model,2
row3631,Q161410|Q11148310,2,Q161410,peer-to-peer,Q11148310,browser-sever,2,1,0,0,True,model,2
row3632,Q161410|Q220644,2,Q161410,peer-to-peer,Q220644,service oriented architecture,2,0,1,0,True,model,2
row3633,Q161410|Q1052721,2,Q161410,peer-to-peer,Q1052721,multitier architecture,2,1,0,0,True,model,2
row3636,Q1411027|Q783794,0,Q1411027,Telecommunication Technology Committee,Q783794,company,1,1,1,1,True,model,1
row3637,Q1411027|Q43229,0,Q1411027,Telecommunication Technology Committee,Q43229,organization,1,1,1,1,True,model,1
row3638,Q1411027|Q4830453,0,Q1411027,Telecommunication Technology Committee,Q4830453,business,1,1,1,1,True,model,1
row3641,Q1411027|Q1132207,0,Q1411027,Telecommunication Technology Committee,Q1132207,business incubator,2,0,0,1,True,model,2
row3643,Q1411027|Q10686791,0,Q1411027,Telecommunication Technology Committee,Q10686791,sewing circle,2,0,0,1,True,model,2
row3645,Q1411027|Q28523131,0,Q1411027,Telecommunication Technology Committee,Q28523131,organization based in Belarus,2,0,0,1,True,model,2
row3646,Q1411027|Q856625,0,Q1411027,Telecommunication Technology Committee,Q856625,branch of libraries,2,0,0,1,True,model,2
row3647,Q1752554|Q4830453,0,Q1752554,Telecommunications Industry Association,Q4830453,business,1,1,1,1,True,model,1
row3648,Q1752554|Q783794,0,Q1752554,Telecommunications Industry Association,Q783794,company,1,1,1,1,True,model,1
row3649,Q1752554|Q1328899,0,Q1752554,Telecommunications Industry Association,Q1328899,standards organization,1,1,1,1,True,model,1
row3651,Q1752554|Q2566474,0,Q1752554,Telecommunications Industry Association,Q2566474,sutler,2,0,0,1,True,model,2
row3652,Q1752554|Q16968466,0,Q1752554,Telecommunications Industry Association,Q16968466,regional health authority,2,0,0,1,True,model,2
row3653,Q1752554|Q51885731,0,Q1752554,Telecommunications Industry Association,Q51885731,European Standardization Organization,2,0,1,0,True,model,2
row3654,Q1752554|Q7835148,0,Q1752554,Telecommunications Industry Association,Q7835148,transport standards organization,2,0,0,1,True,model,2
row3655,Q1752554|Q15277759,0,Q1752554,Telecommunications Industry Association,Q15277759,national standards organisation,2,1,1,1,True,model,2
row3656,Q1752554|Q659206,0,Q1752554,Telecommunications Industry Association,Q659206,Technischer Überwachungsverein,2,0,1,0,True,model,2
row3657,Q1752554|Q294801,0,Q1752554,Telecommunications Industry Association,Q294801,eco-control body,2,0,1,0,True,model,2
row3659,Q1752554|Q52162350,0,Q1752554,Telecommunications Industry Association,Q52162350,regional standards organisation,2,1,1,1,True,model,2
row3660,Q579473|Q11371,1,Q579473,Numericable,Q11371,Internet service provider,1,1,1,1,True,model,1
row3661,Q579473|Q3684624,1,Q579473,Numericable,Q3684624,Internet service provider and web host,2,0,0,1,True,model,2
row3662,Q579473|Q621601,1,Q579473,Numericable,Q621601,application service provider,2,0,0,1,True,model,2
row3663,Q579473|Q1266169,1,Q579473,Numericable,Q1266169,telephone company,2,0,0,1,True,model,2
row3664,Q79578|Q1193246,2,Q79578,Google Web Toolkit,Q1193246,widget toolkit,1,1,1,1,True,model,1
row3665,Q79578|Q341,2,Q79578,Google Web Toolkit,Q341,free software,1,1,1,1,True,model,1
row3666,Q79578|Q2533324,2,Q79578,Google Web Toolkit,Q2533324,Ajax framework,1,1,1,1,True,model,1
row3667,Q79578|Q1691212,2,Q79578,Google Web Toolkit,Q1691212,XML Binding Language,2,1,1,1,True,model,2
row3669,Q1537683|Q174989,4,Q1537683,Google File System,Q174989,file system,1,1,1,1,True,model,1
row3670,Q1537683|Q7397,4,Q1537683,Google File System,Q7397,software,1,1,1,1,True,model,1
row3671,Q1537683|Q1103464,4,Q1537683,Google File System,Q1103464,clustered file system,2,1,0,0,True,model,2
row3672,Q1537683|Q24021076,4,Q1537683,Google File System,Q24021076,subtitle editor,2,0,0,1,True,model,2
row3673,Q1537683|Q5254115,4,Q1537683,Google File System,Q5254115,Dell Fluid File System,2,1,0,0,True,model,2
row3674,Q1537683|Q4346576,4,Q1537683,Google File System,Q4346576,digital organism,2,0,0,1,True,model,2
row3675,Q1537683|Q10413423,4,Q1537683,Google File System,Q10413423,anti-cheat,2,0,0,1,True,model,2
row3676,Q1537683|Q7247856,4,Q1537683,Google File System,Q7247856,productivity software,2,0,0,1,True,model,2
row3677,Q1537683|Q7662753,4,Q1537683,Google File System,Q7662753,synthetic file system,2,1,0,0,True,model,2
row3678,Q1537683|Q28380029,4,Q1537683,Google File System,Q28380029,network file system,2,0,0,1,True,model,2
row3679,Q1537683|Q28600423,4,Q1537683,Google File System,Q28600423,A Virtual File System,2,1,0,0,True,model,2
row3680,Q1537683|Q7201225,4,Q1537683,Google File System,Q7201225,Planetarium software,2,0,0,1,True,model,2
row3681,Q1537683|Q2134087,4,Q1537683,Google File System,Q2134087,Duilianmachine,2,0,0,1,True,model,2
row3682,Q1537683|Q25374232,4,Q1537683,Google File System,Q25374232,closed-circuit television software,2,0,0,1,True,model,2
row3683,Q1537683|Q1760545,4,Q1537683,Google File System,Q1760545,XML editor,2,0,0,1,True,model,2
row3684,Q1537683|Q416,4,Q1537683,Google File System,Q416,disk magazine,2,0,0,1,True,model,2
row3686,Q1537683|Q5287634,4,Q1537683,Google File System,Q5287634,Document capture software,2,0,0,1,True,model,2
row3687,Q1537683|Q7606661,4,Q1537683,Google File System,Q7606661,Steganographic file system,2,0,0,1,True,model,2
row3688,Q1537683|Q7302818,4,Q1537683,Google File System,Q7302818,Record-oriented filesystem,2,1,0,0,True,model,2
row3689,Q1537683|Q5957560,4,Q1537683,Google File System,Q5957560,HyperCourseware,2,0,0,1,True,model,2
row3690,Q1537683|Q1142282,4,Q1537683,Google File System,Q1142282,cryptographic file system,2,0,0,1,True,model,2
row3692,Q1537683|Q1035852,4,Q1537683,Google File System,Q1035852,Postcardware,2,0,0,1,True,model,2
row3693,Q1537683|Q3251008,4,Q1537683,Google File System,Q3251008,Linux file system,2,1,0,0,True,model,2
row3694,Q1537683|Q579047,4,Q1537683,Google File System,Q579047,Journaling file system,2,0,0,1,True,model,2
row3695,Q1537683|Q5416718,4,Q1537683,Google File System,Q5416718,event management software,2,0,0,1,True,model,2
row3696,Q1537683|Q2132167,4,Q1537683,Google File System,Q2132167,raster image processor,2,0,0,1,True,model,2
row3697,Q1537683|Q339678,4,Q1537683,Google File System,Q339678,distributed data store,2,1,0,0,True,model,2
row3699,Q1537683|Q5457555,4,Q1537683,Google File System,Q5457555,flash file system,2,1,0,0,True,model,2
row3701,Q1537683|Q17073339,4,Q1537683,Google File System,Q17073339,OrangeFS,3,1,0,0,False,bfs_auto_prune,
row3702,Q1537683|Q18156745,4,Q1537683,Google File System,Q18156745,Trafodion,3,0,0,1,False,bfs_auto_prune,
row3703,Q1537683|Q20514253,4,Q1537683,Google File System,Q20514253,blockchain,3,0,0,1,False,bfs_auto_prune,
row3704,Q1537683|Q3715530,4,Q1537683,Google File System,Q3715530,Apache Druid,3,0,0,1,False,bfs_auto_prune,
row3705,Q4732409|Q43229,2,Q4732409,Alliance for Telecommunications Industry Solutions,Q43229,organization,1,1,1,1,True,model,1
row3706,Q4732409|Q1875630,2,Q4732409,Alliance for Telecommunications Industry Solutions,Q1875630,aircraft fleet,2,0,0,1,True,model,2
row3707,Q4732409|Q59602386,2,Q4732409,Alliance for Telecommunications Industry Solutions,Q59602386,Casa de Ganaderos de Tauste,2,0,0,1,True,model,2
row3708,Q4732409|Q5380419,2,Q4732409,Alliance for Telecommunications Industry Solutions,Q5380419,Enterprises in the Soviet Union,2,0,0,1,True,model,2
row3709,Q4732409|Q58952499,2,Q4732409,Alliance for Telecommunications Industry Solutions,Q58952499,Sokol County,2,0,0,1,True,model,2
row3710,Q4732409|Q9339114,2,Q4732409,Alliance for Telecommunications Industry Solutions,Q9339114,Socrates-Erasmus,2,0,0,1,True,model,2
row3711,Q4732409|Q1311569,2,Q4732409,Alliance for Telecommunications Industry Solutions,Q1311569,Railway divisions in Germany,2,0,0,1,True,model,2
row3713,Q4732409|Q2069741,2,Q4732409,Alliance for Telecommunications Industry Solutions,Q2069741,Matha,2,0,0,1,True,model,2
row3714,Q4732409|Q1153191,2,Q4732409,Alliance for Telecommunications Industry Solutions,Q1153191,online newspaper,2,0,0,1,True,model,2
row3715,Q4732409|Q5055151,2,Q4732409,Alliance for Telecommunications Industry Solutions,Q5055151,caving organization,2,0,0,1,True,model,2
row3716,Q4732409|Q1065656,2,Q4732409,Alliance for Telecommunications Industry Solutions,Q1065656,health club,2,0,0,1,True,model,2
row3717,Q4732409|Q16002704,2,Q4732409,Alliance for Telecommunications Industry Solutions,Q16002704,Alternative exhibition space,2,0,0,1,True,model,2
row3718,Q4732409|Q5155040,2,Q4732409,Alliance for Telecommunications Industry Solutions,Q5155040,community project,2,0,0,1,True,model,2
row3719,Q4732409|Q3751900,2,Q4732409,Alliance for Telecommunications Industry Solutions,Q3751900,esplai,2,0,0,1,True,model,2
row3720,Q4732409|Q877724,2,Q4732409,Alliance for Telecommunications Industry Solutions,Q877724,Seniorat,2,0,0,1,True,model,2
row3722,Q4732409|Q17127659,2,Q4732409,Alliance for Telecommunications Industry Solutions,Q17127659,terrorist organization,2,0,0,1,True,model,2
row3725,Q4732409|Q4801240,2,Q4732409,Alliance for Telecommunications Industry Solutions,Q4801240,artist cooperative,2,0,0,1,True,model,2
row3727,Q4732409|Q26180917,2,Q4732409,Alliance for Telecommunications Industry Solutions,Q26180917,hiking center,2,0,0,1,True,model,2
row3729,Q4732409|Q14622912,2,Q4732409,Alliance for Telecommunications Industry Solutions,Q14622912,Opera del Duomo,2,0,0,1,True,model,2
row3730,Q4732409|Q1787017,2,Q4732409,Alliance for Telecommunications Industry Solutions,Q1787017,cancer registry,2,0,0,1,True,model,2
row3731,Q4732409|Q10657256,2,Q4732409,Alliance for Telecommunications Industry Solutions,Q10657256,rotel,2,0,0,1,True,model,2
row3733,Q4732409|Q16702367,2,Q4732409,Alliance for Telecommunications Industry Solutions,Q16702367,stage act,2,0,0,1,True,model,2
row3735,Q18833|Q1371279,1,Q18833,Microsoft SharePoint,Q1371279,server software,1,0,1,0,True,model,1
row3736,Q18833|Q831677,1,Q18833,Microsoft SharePoint,Q831677,document management system,1,1,1,1,True,model,1
row3737,Q18833|Q131093,1,Q18833,Microsoft SharePoint,Q131093,content management system,1,1,1,1,True,model,1
row3738,Q18833|Q615985,1,Q18833,Microsoft SharePoint,Q615985,social software,1,1,1,1,True,model,1
row3739,Q18833|Q1344636,1,Q18833,Microsoft SharePoint,Q1344636,Enterprise Content Management system,1,1,1,1,True,model,1
row3740,Q18833|Q28130009,1,Q18833,Microsoft SharePoint,Q28130009,Enterprise social software,2,1,1,1,True,model,2
row3741,Q18833|Q1810858,1,Q18833,Microsoft SharePoint,Q1810858,blog software,2,0,1,0,True,model,2
row3742,Q18833|Q25595203,1,Q18833,Microsoft SharePoint,Q25595203,Internet forum software,2,0,1,0,True,model,2
row3743,Q18833|Q474157,1,Q18833,Microsoft SharePoint,Q474157,collaborative software,2,1,1,1,True,model,2
row3744,Q18833|Q2132880,1,Q18833,Microsoft SharePoint,Q2132880,Council Information System,2,0,1,0,True,model,2
row3745,Q18833|Q45211,1,Q18833,Microsoft SharePoint,Q45211,Web content management system,2,1,0,0,True,model,2
row3746,Q18833|Q5358377,1,Q18833,Microsoft SharePoint,Q5358377,electronic lab notebook,2,0,0,1,True,model,2
row3747,Q18833|Q4994515,1,Q18833,Microsoft SharePoint,Q4994515,file sharing software,2,1,1,1,True,model,2
row3748,Q18833|Q10853141,1,Q18833,Microsoft SharePoint,Q10853141,UltraX,2,0,0,1,True,model,2
row3749,Q18833|Q1625990,1,Q18833,Microsoft SharePoint,Q1625990,website builder,2,0,0,1,True,model,2
row3751,Q18833|Q28134845,1,Q18833,Microsoft SharePoint,Q28134845,dating app,2,0,1,0,True,model,2
row3753,Q18833|Q22918958,1,Q18833,Microsoft SharePoint,Q22918958,Flat File Content Management System,2,0,0,1,True,model,2
row3755,Q18833|Q13104404,1,Q18833,Microsoft SharePoint,Q13104404,OLEFA,2,0,0,1,True,model,2
row3756,Q18833|Q5196736,1,Q18833,Microsoft SharePoint,Q5196736,CuteMX,3,1,1,1,True,model,3
row3757,Q18833|Q7705753,1,Q18833,Microsoft SharePoint,Q7705753,test automation management tool,3,0,1,0,True,model,3
row3758,Q18833|Q28135300,1,Q18833,Microsoft SharePoint,Q28135300,Workplace from Meta,3,0,1,0,True,model,3
row3759,Q18833|Q6686945,1,Q18833,Microsoft SharePoint,Q6686945,wiki software,3,1,1,1,True,model,3
row3760,Q18833|Q6886151,1,Q18833,Microsoft SharePoint,Q6886151,MoSoSo,3,0,1,0,True,model,3
row3761,Q18833|Q12313595,1,Q18833,Microsoft SharePoint,Q12313595,collaborative real-time editor,3,1,1,1,True,model,3
row3762,Q18833|Q107415,1,Q18833,Microsoft SharePoint,Q107415,Group decision support systems,3,1,1,1,True,model,3
row3763,Q18833|Q11244274,1,Q18833,Microsoft SharePoint,Q11244274,SPiDE,3,0,1,0,True,model,3
row3764,Q18833|Q6158458,1,Q18833,Microsoft SharePoint,Q6158458,VQWiki,4,0,0,1,True,model,4
row3765,Q79697|Q2674461,1,Q79697,4G,Q2674461,mobile phone generation,1,1,1,1,True,model,1
row3766,Q333301|Q24451526,4,Q333301,Abstract Syntax Notation One,Q24451526,data serialization format,1,1,1,1,True,model,1
row3767,Q333301|Q1044749,4,Q333301,Abstract Syntax Notation One,Q1044749,interface description language,1,1,1,1,True,model,1
row3768,Q333301|Q863511,4,Q333301,Abstract Syntax Notation One,Q863511,binary XML format,2,1,1,1,True,model,2
row3769,Q333301|Q3021669,4,Q333301,Abstract Syntax Notation One,Q3021669,delimiter-separated value format,2,1,1,1,True,model,2
row3770,Q333301|Q29057447,4,Q333301,Abstract Syntax Notation One,Q29057447,RESTful API description language,2,1,1,1,True,model,2
row3771,Q333301|Q7625107,4,Q333301,Abstract Syntax Notation One,Q7625107,Structure of Management Information,2,1,0,0,True,model,2
row3772,Q509404|Q4830453,2,Q509404,Alcatel-Lucent,Q4830453,business,1,1,1,1,True,model,1
row3773,Q509404|Q2401749,2,Q509404,Alcatel-Lucent,Q2401749,telecommunication company,1,1,1,1,True,model,1
row3774,Q509404|Q1529128,2,Q509404,Alcatel-Lucent,Q1529128,postal service,2,0,0,1,True,model,2
row3775,Q509404|Q11885129,2,Q509404,Alcatel-Lucent,Q11885129,artist agency,2,0,0,1,True,model,2
row3776,Q509404|Q1132207,2,Q509404,Alcatel-Lucent,Q1132207,business incubator,2,0,0,1,True,model,2
row3777,Q509404|Q16968466,2,Q509404,Alcatel-Lucent,Q16968466,regional health authority,2,0,0,1,True,model,2
row3778,Q509404|Q2566474,2,Q509404,Alcatel-Lucent,Q2566474,sutler,2,0,0,1,True,model,2
row3780,Q509404|Q220142,2,Q509404,Alcatel-Lucent,Q220142,pet store,2,0,0,1,True,model,2
row3781,Q509404|Q1200676,2,Q509404,Alcatel-Lucent,Q1200676,design agency,2,0,0,1,True,model,2
row3782,Q509404|Q161726,2,Q509404,Alcatel-Lucent,Q161726,multinational corporation,2,1,0,0,True,model,2
row3784,Q509404|Q1058914,2,Q509404,Alcatel-Lucent,Q1058914,software company,2,0,0,1,True,model,2
row3786,Q75|Q1301371,3,Q75,Internet,Q1301371,computer network,1,1,1,1,True,model,1
row3787,Q75|Q11224256,3,Q75,Internet,Q11224256,IP network,1,1,1,1,True,model,1
row3788,Q75|Q14208553,3,Q75,Internet,Q14208553,invention,1,1,1,1,True,model,1
row3789,Q75|Q922437,3,Q75,Internet,Q922437,InfiniBand,2,0,0,1,True,model,2
row3790,Q75|Q1360517,3,Q75,Internet,Q1360517,internet backbone,2,1,0,0,True,model,2
row3791,Q75|Q11375,3,Q75,Internet,Q11375,wireless network,2,1,0,0,True,model,2
row3792,Q75|Q6723631,3,Q75,Internet,Q6723631,machine,2,0,1,0,True,model,2
row3793,Q75|Q2135275,3,Q75,Internet,Q2135275,Intermodal Transport Control System,2,0,0,1,True,model,2
row3794,Q75|Q182129,3,Q75,Internet,Q182129,metropolitan area network,2,0,0,1,True,model,2
row3796,Q75|Q211586,3,Q75,Internet,Q211586,mechanical calculator,2,0,1,0,True,model,2
row3797,Q75|Q1331985,3,Q75,Internet,Q1331985,overlay network,2,1,0,0,True,model,2
row3799,Q11368|Q170584,1,Q11368,Unix,Q170584,project,1,1,1,1,True,model,1
row3800,Q11368|Q56248902,1,Q11368,Unix,Q56248902,Wikimedia community project,2,0,0,1,True,model,2
row3804,Q11368|Q25380064,1,Q11368,Unix,Q25380064,community volunteering project,2,1,0,0,True,model,2
row3805,Q11103|Q15836568,1,Q11103,Internet Protocol version 4,Q15836568,computer network protocol,1,1,1,1,True,model,1
row3806,Q11103|Q3331189,1,Q11103,Internet Protocol version 4,Q3331189,version  edition  or translation,1,1,1,1,True,model,1
row3807,Q11103|Q8795,1,Q11103,Internet Protocol version 4,Q8795,Internet Protocol,2,1,1,1,True,model,2
row3808,Q11103|Q8777,1,Q11103,Internet Protocol version 4,Q8777,Hypertext Transfer Protocol,2,1,0,0,True,model,2
row3809,Q11103|Q60997816,1,Q11103,Internet Protocol version 4,Q60997816,video game edition,2,0,0,1,True,model,2
row3811,Q11103|Q81414,1,Q11103,Internet Protocol version 4,Q81414,Internet protocol suite,2,1,1,1,True,model,2
row3812,Q11103|Q1422324,1,Q11103,Internet Protocol version 4,Q1422324,Telecommunications Management Network,2,1,0,0,True,model,2
row3813,Q11103|Q5394558,1,Q11103,Internet Protocol version 4,Q5394558,diplomatic edition,2,0,0,1,True,model,2
row3814,Q11103|Q2900369,1,Q11103,Internet Protocol version 4,Q2900369,Christian Community Bible,2,0,0,1,True,model,2
row3815,Q20072248|Q339678,0,Q20072248,Hadoop Distributed Filesystem,Q339678,distributed data store,1,1,1,1,True,model,1
row3816,Q20072248|Q174989,0,Q20072248,Hadoop Distributed Filesystem,Q174989,file system,1,1,1,1,True,model,1
row3817,Q20072248|Q28380029,0,Q20072248,Hadoop Distributed Filesystem,Q28380029,network file system,2,1,0,0,True,model,2
row3818,Q20072248|Q18156745,0,Q20072248,Hadoop Distributed Filesystem,Q18156745,Trafodion,2,1,1,1,True,model,2
row3819,Q20072248|Q7302818,0,Q20072248,Hadoop Distributed Filesystem,Q7302818,Record-oriented filesystem,2,0,0,1,True,model,2
row3820,Q20072248|Q34736746,0,Q20072248,Hadoop Distributed Filesystem,Q34736746,Sinclair QL filesystem,2,0,0,1,True,model,2
row3821,Q20072248|Q7606661,0,Q20072248,Hadoop Distributed Filesystem,Q7606661,Steganographic file system,2,0,0,1,True,model,2
row3822,Q338992|Q20819677,3,Q338992,WAI-ARIA,Q20819677,technical specification,1,1,1,1,True,model,1
row3823,Q338992|Q41150004,3,Q338992,WAI-ARIA,Q41150004,LUKS On-Disk Format Specification,2,0,0,1,True,model,2
row3825,Q338992|Q60738905,3,Q338992,WAI-ARIA,Q60738905,Legacy Plug and Play,2,0,0,1,True,model,2
row3826,Q338992|Q28858025,3,Q338992,WAI-ARIA,Q28858025,Word (.doc) Binary File Format,2,0,0,1,True,model,2
row3828,Q214111|Q3550873,2,Q214111,packet,Q3550873,unit of information,1,1,1,1,True,model,1
row3829,Q214111|Q2634565,2,Q214111,packet,Q2634565,Protocol data unit,1,1,1,1,True,model,1
row3830,Q214111|Q726868,2,Q214111,packet,Q726868,datagram,2,1,0,0,True,model,2
row3831,Q214111|Q1999954,2,Q214111,packet,Q1999954,standard page,2,0,0,1,True,model,2
row3833,Q214111|Q1654276,2,Q214111,packet,Q1654276,IP packet,3,1,0,0,False,bfs_auto_prune,
row3834,Q214111|Q3189917,2,Q214111,packet,Q3189917,Jumbogram,3,1,0,0,False,bfs_auto_prune,
row3835,Q214111|Q4342328,2,Q214111,packet,Q4342328,IPv6 packet,4,1,0,0,False,bfs_auto_prune,
row3836,Q161618|Q11016,0,Q161618,asymmetric digital subscriber line,Q11016,technology,1,1,1,1,True,model,1
row3837,Q161618|Q104954,0,Q161618,asymmetric digital subscriber line,Q104954,radio-frequency identification,2,0,0,1,True,model,2
row3838,Q161618|Q743030,0,Q161618,asymmetric digital subscriber line,Q743030,environmental technology,2,0,0,1,True,model,2
row3839,Q161618|Q48772760,0,Q161618,asymmetric digital subscriber line,Q48772760,Solar energy conversion,2,0,0,1,True,model,2
row3840,Q161618|Q4704909,0,Q161618,asymmetric digital subscriber line,Q4704909,Ancient Greek technology,2,0,0,1,True,model,2
row3841,Q161618|Q7449091,0,Q161618,asymmetric digital subscriber line,Q7449091,Semantic technology,2,0,0,1,True,model,2
row3843,Q161618|Q5063947,0,Q161618,asymmetric digital subscriber line,Q5063947,low floor technology,2,0,0,1,True,model,2
row3844,Q161618|Q6764311,0,Q161618,asymmetric digital subscriber line,Q6764311,marine technology,2,0,0,1,True,model,2
row3845,Q161618|Q1415656,0,Q161618,asymmetric digital subscriber line,Q1415656,hierarchical storage management,2,0,0,1,True,model,2
row3846,Q161618|Q19292902,0,Q161618,asymmetric digital subscriber line,Q19292902,vehicle safety technology,2,0,0,1,True,model,2
row3847,Q161618|Q7681758,0,Q161618,asymmetric digital subscriber line,Q7681758,tamper-evident technology,2,0,0,1,True,model,2
row3848,Q161618|Q348091,0,Q161618,asymmetric digital subscriber line,Q348091,nuclear technology,2,0,0,1,True,model,2
row3849,Q161618|Q2865882,0,Q161618,asymmetric digital subscriber line,Q2865882,industrial arts,2,0,0,1,True,model,2
row3851,Q161618|Q12739,0,Q161618,asymmetric digital subscriber line,Q12739,nuclear power,2,0,0,1,True,model,2
row3852,Q161618|Q6140109,0,Q161618,asymmetric digital subscriber line,Q6140109,materials technology,2,0,0,1,True,model,2
row3853,Q161618|Q23001701,0,Q161618,asymmetric digital subscriber line,Q23001701,technics,2,1,0,0,True,model,2
row3854,Q161618|Q5357718,0,Q161618,asymmetric digital subscriber line,Q5357718,Electrical engineering technology,2,1,0,0,True,model,2
row3855,Q161618|Q211017,0,Q161618,asymmetric digital subscriber line,Q211017,e-government,2,0,0,1,True,model,2
row3856,Q161618|Q10952243,0,Q161618,asymmetric digital subscriber line,Q10952243,industrial technology,2,0,0,1,True,model,2
row3857,Q161618|Q538722,0,Q161618,asymmetric digital subscriber line,Q538722,Applied Computer Science,2,0,0,1,True,model,2
row3858,Q161618|Q56297438,0,Q161618,asymmetric digital subscriber line,Q56297438,header bidding,2,0,0,1,True,model,2
row3859,Q161618|Q54006339,0,Q161618,asymmetric digital subscriber line,Q54006339,display technology,2,0,0,1,True,model,2
row3860,Q161618|Q208163,0,Q161618,asymmetric digital subscriber line,Q208163,signal processing,2,0,0,1,True,model,2
row3861,Q161618|Q1001378,0,Q161618,asymmetric digital subscriber line,Q1001378,cinematic technique,2,0,0,1,True,model,2
row3862,Q161618|Q6941971,0,Q161618,asymmetric digital subscriber line,Q6941971,music instrument technology,2,0,0,1,True,model,2
row3863,Q161618|Q4086911,0,Q161618,asymmetric digital subscriber line,Q4086911,biomedical technology,2,0,0,1,True,model,2
row3864,Q161618|Q1392806,0,Q161618,asymmetric digital subscriber line,Q1392806,drug delivery,2,0,0,1,True,model,2
row3865,Q161618|Q1916441,0,Q161618,asymmetric digital subscriber line,Q1916441,media technology,2,0,0,1,True,model,2
row3866,Q161618|Q60790901,0,Q161618,asymmetric digital subscriber line,Q60790901,Pedestrian crash avoidance mitigation,2,0,0,1,True,model,2
row3867,Q161618|Q6887246,0,Q161618,asymmetric digital subscriber line,Q6887246,mobile technology,2,0,0,1,True,model,2
row3868,Q161618|Q911772,0,Q161618,asymmetric digital subscriber line,Q911772,technical chemistry,2,0,0,1,True,model,2
row3870,Q723685|Q1668024,1,Q723685,video on demand,Q1668024,service on internet,1,1,1,1,True,model,1
row3871,Q723685|Q466,1,Q723685,video on demand,Q466,World Wide Web,2,0,0,1,True,model,2
row3872,Q723685|Q7094065,1,Q723685,video on demand,Q7094065,online calendar,2,0,0,1,True,model,2
row3873,Q723685|Q168210,1,Q723685,video on demand,Q168210,Internet forum,2,0,0,1,True,model,2
row3874,Q723685|Q60229368,1,Q723685,video on demand,Q60229368,Developer Portal,2,0,0,1,True,model,2
row3875,Q723685|Q1368679,1,Q723685,video on demand,Q1368679,Internet fax,2,0,0,1,True,model,2
row3876,Q723685|Q161410,1,Q723685,video on demand,Q161410,peer-to-peer,2,0,0,1,True,model,2
row3878,Q723685|Q4007046,1,Q723685,video on demand,Q4007046,VOLftp,2,0,0,1,True,model,2
row3879,Q723685|Q1273203,1,Q723685,video on demand,Q1273203,mailbox provider,2,0,0,1,True,model,2
row3880,Q723685|Q18385544,1,Q723685,video on demand,Q18385544,open banking,2,0,0,1,True,model,2
row3881,Q723685|Q5440723,1,Q723685,video on demand,Q5440723,federation,2,0,0,1,True,model,2
row3882,Q723685|Q56240402,1,Q723685,video on demand,Q56240402,VPN service,2,0,0,1,True,model,2
row3883,Q723685|Q3220391,1,Q723685,video on demand,Q3220391,social networking service,2,0,0,1,True,model,2
row3884,Q723685|Q615699,1,Q723685,video on demand,Q615699,Internet encyclopedia,2,0,0,1,True,model,2
row3886,Q22661306|Q39998995,3,Q22661306,Kubernetes,Q39998995,Linux Foundation Project,1,0,1,0,True,model,1
row3887,Q22661306|Q506883,3,Q22661306,Kubernetes,Q506883,free and open-source software,1,1,1,1,True,model,1
row3888,Q22661306|Q21125433,3,Q22661306,Kubernetes,Q21125433,free or open-source video game,2,0,0,1,True,model,2
row3889,Q22661306|Q15968274,3,Q22661306,Kubernetes,Q15968274,GNOME Core Applications,2,0,1,0,True,model,2
row3890,Q759676|Q774228,0,Q759676,task,Q774228,requirement,1,1,1,1,True,model,1
row3891,Q456157|Q658255,0,Q456157,Amazon Web Services,Q658255,subsidiary,1,1,1,1,True,model,1
row3892,Q456157|Q21980538,0,Q456157,Amazon Web Services,Q21980538,commercial organization,1,1,1,1,True,model,1
row3893,Q456157|Q241317,0,Q456157,Amazon Web Services,Q241317,computing platform,1,1,1,1,True,model,1
row3894,Q456157|Q1210425,0,Q456157,Amazon Web Services,Q1210425,internet hosting service,1,1,1,1,True,model,1
row3895,Q456157|Q1153767,0,Q456157,Amazon Web Services,Q1153767,platform as a service,1,1,1,1,True,model,1
row3896,Q456157|Q2277901,0,Q456157,Amazon Web Services,Q2277901,shell provider,2,1,1,1,True,model,2
row3897,Q456157|Q19871383,0,Q456157,Amazon Web Services,Q19871383,ABC Heinz Indonesia,2,0,1,0,True,model,2
row3898,Q456157|Q61715186,0,Q456157,Amazon Web Services,Q61715186,podcast hosting service,2,0,1,0,True,model,2
row3900,Q456157|Q3144517,0,Q456157,Amazon Web Services,Q3144517,domain name and web hosting service,2,1,1,1,True,model,2
row3901,Q456157|Q2721136,0,Q456157,Amazon Web Services,Q2721136,image hosting service,2,1,1,1,True,model,2
row3902,Q456157|Q4022423,0,Q456157,Amazon Web Services,Q4022423,Yamaha Drums,2,0,1,0,True,model,2
row3903,Q456157|Q3854693,0,Q456157,Amazon Web Services,Q3854693,Menlow,2,0,0,1,True,model,2
row3904,Q456157|Q3129265,0,Q456157,Amazon Web Services,Q3129265,HECTOR MX,2,0,0,1,True,model,2
row3905,Q456157|Q588365,0,Q456157,Amazon Web Services,Q588365,virtual hosting,2,1,1,1,True,model,2
row3906,Q456157|Q2142726,0,Q456157,Amazon Web Services,Q2142726,Macintosh SE/30,2,0,0,1,True,model,2
row3907,Q1052698|Q11306265,2,Q1052698,jitter,Q11306265,noise,1,1,1,1,True,model,1
row3908,Q1052698|Q1503574,2,Q1052698,jitter,Q1503574,shot noise,2,1,0,0,True,model,2
row3909,Q1052698|Q1323086,2,Q1052698,jitter,Q1323086,image noise,2,1,0,0,True,model,2
row3910,Q1052698|Q2133491,2,Q1052698,jitter,Q2133491,seismic noise,2,0,0,1,True,model,2
row3911,Q688702|Q671832,1,Q688702,door-to-door,Q671832,selling technique,1,1,1,1,True,model,1
row3912,Q287228|Q317623,4,Q287228,ebXML,Q317623,technical standard,1,1,1,1,True,model,1
row3913,Q287228|Q20155966,4,Q287228,ebXML,Q20155966,XML-based format,1,1,1,1,True,model,1
row3914,Q287228|Q45941145,4,Q287228,ebXML,Q45941145,data standard,2,0,0,1,True,model,2
row3915,Q287228|Q1334738,4,Q287228,ebXML,Q1334738,international standard,2,1,0,0,True,model,2
row3916,Q287228|Q375479,4,Q287228,ebXML,Q375479,standard illuminant,2,0,0,1,True,model,2
row3918,Q287228|Q576465,4,Q287228,ebXML,Q576465,GPS eXchange Format,2,0,1,0,True,model,2
row3919,Q59430415|Q13442814,1,Q59430415,A3: A Topology Construction Algorithm for Wireless Sensor Networks,Q13442814,scholarly article,1,1,1,1,True,model,1
row3920,Q388|Q170584,3,Q388,Linux,Q170584,project,1,1,1,1,True,model,1
row3921,Q388|Q9135,3,Q388,Linux,Q9135,operating system,1,1,1,1,True,model,1
row3922,Q388|Q241317,3,Q388,Linux,Q241317,computing platform,1,1,1,1,True,model,1
row3923,Q388|Q16889133,3,Q388,Linux,Q16889133,class,1,0,1,0,True,model,1
row3924,Q388|Q15545584,3,Q388,Linux,Q15545584,collaborative work,1,1,1,1,True,model,1
row3925,Q388|Q1762292,3,Q388,Linux,Q1762292,collaborative writing,2,0,0,1,True,model,2
row3926,Q388|Q5145848,3,Q388,Linux,Q5145848,collaborative poetry,2,0,0,1,True,model,2
row3927,Q388|Q864825,3,Q388,Linux,Q864825,collaborative fiction,2,0,0,1,True,model,2
row3928,Q388|Q16082297,3,Q388,Linux,Q16082297,MITS Altair 8800b,2,0,0,1,True,model,2
row3929,Q388|Q21130352,3,Q388,Linux,Q21130352,group blog,2,0,0,1,True,model,2
row3930,Q1135046|Q15836568,2,Q1135046,secure copy protocol,Q15836568,computer network protocol,1,1,1,1,True,model,1
row3931,Q1135046|Q8795,2,Q1135046,secure copy protocol,Q8795,Internet Protocol,2,1,1,1,True,model,2
row3932,Q1135046|Q8777,2,Q1135046,secure copy protocol,Q8777,Hypertext Transfer Protocol,2,1,1,1,True,model,2
row3933,Q837335|Q1328899,4,Q837335,Ecma International,Q1328899,standards organization,1,1,1,1,True,model,1
row3934,Q837335|Q294801,4,Q837335,Ecma International,Q294801,eco-control body,2,0,0,1,True,model,2
row3935,Q837335|Q51885731,4,Q837335,Ecma International,Q51885731,European Standardization Organization,2,1,1,1,True,model,2
row3936,Q837335|Q7835148,4,Q837335,Ecma International,Q7835148,transport standards organization,2,0,0,1,True,model,2
row3937,Q837335|Q52162350,4,Q837335,Ecma International,Q52162350,regional standards organisation,2,1,1,1,True,model,2
row3938,Q837335|Q15277759,4,Q837335,Ecma International,Q15277759,national standards organisation,2,1,1,1,True,model,2
row3939,Q837335|Q659206,4,Q837335,Ecma International,Q659206,Technischer Überwachungsverein,2,1,0,0,True,model,2
row3942,Q1369503|Q186408,1,Q1369503,Estimated Time of Arrival,Q186408,point in time,1,1,1,1,True,model,1
row3943,Q1369503|Q14333806,1,Q1369503,Estimated Time of Arrival,Q14333806,time,2,1,0,0,True,model,2
row3944,Q1369503|Q15852766,1,Q1369503,Estimated Time of Arrival,Q15852766,publication in German copyright law,2,0,0,1,True,model,2
row3945,Q1369503|Q193168,1,Q1369503,Estimated Time of Arrival,Q193168,present,2,0,0,1,True,model,2
row3946,Q1369503|Q507810,1,Q1369503,Estimated Time of Arrival,Q507810,epoch,2,0,0,1,True,model,2
row3947,Q1369503|Q206106,1,Q1369503,Estimated Time of Arrival,Q206106,D-Day,2,0,0,1,True,model,2
row3948,Q1369503|Q59584702,1,Q1369503,Estimated Time of Arrival,Q59584702,copyright date,2,0,0,1,True,model,2
row3949,Q1369503|Q5401376,1,Q1369503,Estimated Time of Arrival,Q5401376,expected date of delivery,2,0,0,1,True,model,2
row3950,Q1369503|Q3186692,1,Q1369503,Estimated Time of Arrival,Q3186692,calendar year,2,0,0,1,True,model,2
row3952,Q178051|Q15087423,1,Q178051,Portable Network Graphics,Q15087423,ISO standard,1,0,1,0,True,model,1
row3953,Q178051|Q55542,1,Q178051,Portable Network Graphics,Q55542,lossless compression,1,1,1,1,True,model,1
row3954,Q178051|Q412438,1,Q178051,Portable Network Graphics,Q412438,image compression,1,1,1,1,True,model,1
row3960,Q178051|Q39333,1,Q178051,Portable Network Graphics,Q39333,texture compression,2,1,1,1,True,model,2
row3968,Q431195|Q3932296,4,Q431195,IBM Db2,Q3932296,relational database management system,1,1,1,1,True,model,1
row3969,Q431195|Q218616,4,Q431195,IBM Db2,Q218616,proprietary software,1,1,1,1,True,model,1
row3970,Q431195|Q178285,4,Q431195,IBM Db2,Q178285,freeware,2,1,1,1,True,model,2
row3971,Q431195|Q763151,4,Q431195,IBM Db2,Q763151,proprietary device driver,2,0,0,1,True,model,2
row3972,Q431195|Q35687379,4,Q431195,IBM Db2,Q35687379,serverless relational database management system,2,1,0,0,True,model,2
row3973,Q431195|Q2566342,4,Q431195,IBM Db2,Q2566342,Drizzle,2,1,0,0,True,model,2
row3974,Q431195|Q3884002,4,Q431195,IBM Db2,Q3884002,VoltDB,2,1,0,0,True,model,2
row3975,Q431195|Q5530385,4,Q431195,IBM Db2,Q5530385,Gelato,2,0,0,1,True,model,2
row3976,Q431195|Q16688751,4,Q431195,IBM Db2,Q16688751,Percona Server for MySQL,2,1,0,0,True,model,2
row3977,Q431195|Q3512599,4,Q431195,IBM Db2,Q3512599,TV Giant,2,0,0,1,True,model,2
row3978,Q431195|Q319417,4,Q431195,IBM Db2,Q319417,SQLite,2,1,0,0,True,model,2
row3979,Q431195|Q215819,4,Q431195,IBM Db2,Q215819,Microsoft SQL Server,2,1,0,0,True,model,2
row3980,Q431195|Q185534,4,Q431195,IBM Db2,Q185534,shareware,2,1,0,0,True,model,2
row3981,Q431195|Q2919848,4,Q431195,IBM Db2,Q2919848,query optimization,2,0,0,1,True,model,2
row3982,Q431195|Q5014224,4,Q431195,IBM Db2,Q5014224,CSQL,2,1,0,0,True,model,2
row3983,Q431195|Q484935,4,Q431195,IBM Db2,Q484935,CUBRID,2,1,0,0,True,model,2
row3984,Q431195|Q9361521,4,Q431195,IBM Db2,Q9361521,trial,2,1,0,0,True,model,2
row3985,Q431195|Q12018160,4,Q431195,IBM Db2,Q12018160,ESRI Arc Geodatabase,2,1,0,0,True,model,2
row3986,Q431195|Q2357154,4,Q431195,IBM Db2,Q2357154,Strozzi NoSQL,2,1,0,0,True,model,2
row3987,Q431195|Q17089542,4,Q431195,IBM Db2,Q17089542,WebScaleSQL,2,1,0,0,True,model,2
row3988,Q1505049|Q1254335,0,Q1505049,S/MIME,Q1254335,cryptographic protocol,1,1,1,1,True,model,1
row3989,Q1505049|Q15836568,0,Q1505049,S/MIME,Q15836568,computer network protocol,1,1,1,1,True,model,1
row3990,Q1505049|Q1092688,0,Q1505049,S/MIME,Q1092688,Cipher suite,2,1,1,1,True,model,2
row3991,Q1505049|Q3306713,0,Q1505049,S/MIME,Q3306713,key-agreement protocol,2,1,1,1,True,model,2
row3992,Q1505049|Q5013874,0,Q1505049,S/MIME,Q5013874,CRFS (Coherent Remote File System),2,0,0,1,True,model,2
row3993,Q1505049|Q272165,0,Q1505049,S/MIME,Q272165,Wi-Fi Protected Access,2,0,0,1,True,model,2
row3994,Q1505049|Q1414155,0,Q1505049,S/MIME,Q1414155,key exchange protocol,2,1,1,1,True,model,2
row3995,Q1505049|Q7551852,0,Q1505049,S/MIME,Q7551852,socialist millionaire problem,2,1,0,0,True,model,2
row3996,Q1505049|Q28380029,0,Q1505049,S/MIME,Q28380029,network file system,2,0,0,1,True,model,2
row3997,Q1505049|Q16934823,0,Q1505049,S/MIME,Q16934823,NSA Suite A Cryptography,2,0,0,1,True,model,2
row3999,Q1505049|Q2141493,0,Q1505049,S/MIME,Q2141493,OpenPGP,2,1,1,1,True,model,2
row4000,Q1505049|Q9326126,0,Q1505049,S/MIME,Q9326126,SKID,2,1,0,0,True,model,2
row4001,Q1505049|Q908608,0,Q1505049,S/MIME,Q908608,Temporal Key Integrity Protocol,2,1,0,0,True,model,2
row4002,Q1505049|Q206494,0,Q1505049,S/MIME,Q206494,Transport Layer Security,2,1,1,1,True,model,2
row4003,Q1505049|Q8777,0,Q1505049,S/MIME,Q8777,Hypertext Transfer Protocol,2,0,0,1,True,model,2
row4004,Q1505049|Q191943,0,Q1505049,S/MIME,Q191943,zero-knowledge proof,2,1,0,0,True,model,2
row4005,Q1505049|Q203087,0,Q1505049,S/MIME,Q203087,signaling protocol,2,0,0,1,True,model,2
row4006,Q1505049|Q4825885,0,Q1505049,S/MIME,Q4825885,authentication protocol,2,0,1,0,True,model,2
row4007,Q1505049|Q3359815,0,Q1505049,S/MIME,Q3359815,PPPoX,2,0,0,1,True,model,2
row4008,Q1505049|Q23891373,0,Q1505049,S/MIME,Q23891373,cryptographic protocol of communication,2,1,0,0,True,model,2
row4009,Q1505049|Q2622793,0,Q1505049,S/MIME,Q2622793,JetDirect,2,0,0,1,True,model,2
row4010,Q1505049|Q12237265,0,Q1505049,S/MIME,Q12237265,mental poker,2,1,0,0,True,model,2
row4011,Q1505049|Q17074885,0,Q1505049,S/MIME,Q17074885,Physiological Signal Based Security,2,0,0,1,True,model,2
row4012,Q1505049|Q7142872,0,Q1505049,S/MIME,Q7142872,password-authenticated key agreement,3,0,1,0,True,model,3
row4013,Q8811|Q17537576,0,Q8811,HyperText Markup Language,Q17537576,creative work,1,0,1,0,True,model,1
row4014,Q8811|Q2661442,0,Q8811,HyperText Markup Language,Q2661442,W3C Recommendation,1,1,1,1,True,model,1
row4015,Q8811|Q20202982,0,Q8811,HyperText Markup Language,Q20202982,Web API,1,1,1,1,True,model,1
row4016,Q1665102|Q270791,1,Q1665102,Institut national de l'information géographique et forestière,Q270791,state-owned enterprise,1,1,1,1,True,model,1
row4017,Q1665102|Q7603018,1,Q1665102,Institut national de l'information géographique et forestière,Q7603018,State Agricultural Farm,2,0,0,1,True,model,2
row4018,Q1665102|Q5189477,1,Q1665102,Institut national de l'information géographique et forestière,Q5189477,Crown agency,2,0,0,1,True,model,2
row4019,Q1665102|Q2324797,1,Q1665102,Institut national de l'information géographique et forestière,Q2324797,health establishments,2,0,0,1,True,model,2
row4020,Q1665102|Q5589413,1,Q1665102,Institut national de l'information géographique et forestière,Q5589413,Government-owned and controlled corporation,2,1,0,0,True,model,2
row4021,Q1665102|Q2324813,1,Q1665102,Institut national de l'information géographique et forestière,Q2324813,state bank,2,0,0,1,True,model,2
row4022,Q1665102|Q3631463,1,Q1665102,Institut national de l'information géographique et forestière,Q3631463,public hospital in Italy,2,0,0,1,True,model,2
row4023,Q1665102|Q4571771,1,Q1665102,Institut national de l'information géographique et forestière,Q4571771,statsforetak,2,0,1,0,True,model,2
row4025,Q3477337|Q2824642,0,Q3477337,Secrétariat général de la défense et de la sécurité nationale,Q2824642,public administration of France,1,1,1,1,True,model,1
row4026,Q11660|Q8148,3,Q11660,artificial intelligence,Q8148,industry,1,1,1,1,True,model,1
row4027,Q11660|Q11862829,3,Q11660,artificial intelligence,Q11862829,academic discipline,1,1,1,1,True,model,1
row4029,Q11660|Q2001056,3,Q11660,artificial intelligence,Q2001056,land management,2,0,0,1,True,model,2
row4032,Q11660|Q57261084,3,Q11660,artificial intelligence,Q57261084,automotive services industry,2,0,0,1,True,model,2
row4033,Q11660|Q1979901,3,Q11660,artificial intelligence,Q1979901,perfumery,2,0,0,1,True,model,2
row4034,Q11660|Q57204579,3,Q11660,artificial intelligence,Q57204579,social ecology,2,0,0,1,True,model,2
row4035,Q11660|Q2140665,3,Q11660,artificial intelligence,Q2140665,electric vehicle charging station,2,0,0,1,True,model,2
row4036,Q11660|Q60310061,3,Q11660,artificial intelligence,Q60310061,branch of theology,2,0,0,1,True,model,2
row4037,Q11660|Q55693872,3,Q11660,artificial intelligence,Q55693872,medicine,2,0,0,1,True,model,2
row4038,Q11660|Q184784,3,Q11660,artificial intelligence,Q184784,architectural drawing,2,0,0,1,True,model,2
row4040,Q11660|Q555097,3,Q11660,artificial intelligence,Q555097,accessibility,2,0,0,1,True,model,2
row4041,Q11660|Q6168352,3,Q11660,artificial intelligence,Q6168352,jazz education,2,0,0,1,True,model,2
row4042,Q11660|Q5358497,3,Q11660,artificial intelligence,Q5358497,electronics industry,2,1,0,0,True,model,2
row4044,Q2192|Q55542,3,Q2192,Graphics Interchange Format,Q55542,lossless compression,1,1,1,1,True,model,1
row4045,Q2192|Q412438,3,Q2192,Graphics Interchange Format,Q412438,image compression,1,1,1,1,True,model,1
row4051,Q2192|Q39333,3,Q2192,Graphics Interchange Format,Q39333,texture compression,2,1,1,1,True,model,2
row4060,Q853645|Q174989,1,Q853645,Universal Disk Format,Q174989,file system,1,1,1,1,True,model,1
row4061,Q853645|Q5457555,1,Q853645,Universal Disk Format,Q5457555,flash file system,2,1,0,0,True,model,2
row4062,Q853645|Q1103464,1,Q853645,Universal Disk Format,Q1103464,clustered file system,2,0,0,1,True,model,2
row4063,Q853645|Q5254115,1,Q853645,Universal Disk Format,Q5254115,Dell Fluid File System,2,0,0,1,True,model,2
row4064,Q49150|Q15836568,2,Q49150,Remote Desktop Protocol,Q15836568,computer network protocol,1,1,1,1,True,model,1
row4065,Q49150|Q8777,2,Q49150,Remote Desktop Protocol,Q8777,Hypertext Transfer Protocol,2,1,1,1,True,model,2
row4066,Q49150|Q5013874,2,Q49150,Remote Desktop Protocol,Q5013874,CRFS (Coherent Remote File System),2,1,0,0,True,model,2
row4067,Q206047|Q317623,4,Q206047,Asynchronous Transfer Mode,Q317623,technical standard,1,1,1,1,True,model,1
row4068,Q206047|Q26119883,4,Q206047,Asynchronous Transfer Mode,Q26119883,ECMA Standard,2,0,0,1,True,model,2
row4069,Q206047|Q6313217,4,Q206047,Asynchronous Transfer Mode,Q6313217,time standard,2,0,0,1,True,model,2
row4070,Q206047|Q7598374,4,Q206047,Asynchronous Transfer Mode,Q7598374,standard ruler,2,0,0,1,True,model,2
row4071,Q206047|Q2309650,4,Q206047,Asynchronous Transfer Mode,Q2309650,MPEG-3,2,0,0,1,True,model,2
row4072,Q206047|Q5117123,4,Q206047,Asynchronous Transfer Mode,Q5117123,Dhizaster,2,0,0,1,True,model,2
row4073,Q206047|Q996023,4,Q206047,Asynchronous Transfer Mode,Q996023,directory structure,2,0,0,1,True,model,2
row4074,Q206047|Q45941145,4,Q206047,Asynchronous Transfer Mode,Q45941145,data standard,2,1,0,0,True,model,2
row4075,Q206047|Q375479,4,Q206047,Asynchronous Transfer Mode,Q375479,standard illuminant,2,0,0,1,True,model,2
row4079,Q206047|Q5201840,4,Q206047,Asynchronous Transfer Mode,Q5201840,Czech technical standard,2,0,0,1,True,model,2
row4080,Q206047|Q919510,4,Q206047,Asynchronous Transfer Mode,Q919510,United States Military Standard,2,0,0,1,True,model,2
row4081,Q206047|Q43521,4,Q206047,Asynchronous Transfer Mode,Q43521,geologic time scale,2,0,0,1,True,model,2
row4082,Q206047|Q11320552,4,Q206047,Asynchronous Transfer Mode,Q11320552,de jure standard,2,0,0,1,True,model,2
row4084,Q206047|Q1334738,4,Q206047,Asynchronous Transfer Mode,Q1334738,international standard,2,0,0,1,True,model,2
row4085,Q206047|Q7248507,4,Q206047,Asynchronous Transfer Mode,Q7248507,programming language specification,2,0,0,1,True,model,2
row4086,Q206047|Q31022,4,Q206047,Asynchronous Transfer Mode,Q31022,professional ethics,2,0,0,1,True,model,2
row4090,Q206047|Q1193215,4,Q206047,Asynchronous Transfer Mode,Q1193215,Public Key Cryptography Standards,2,0,0,1,True,model,2
row4091,Q206047|Q1153670,4,Q206047,Asynchronous Transfer Mode,Q1153670,DIN-Norm,2,0,1,0,True,model,2
row4092,Q206047|Q56277227,4,Q206047,Asynchronous Transfer Mode,Q56277227,Launch Unit,2,0,0,1,True,model,2
row4093,Q206047|Q385853,4,Q206047,Asynchronous Transfer Mode,Q385853,de facto standard,2,0,0,1,True,model,2
row4095,Q206047|Q3343904,4,Q206047,Asynchronous Transfer Mode,Q3343904,standards of Switzerland,2,0,0,1,True,model,2
row4096,Q1500419|Q79913,2,Q1500419,Open Mobile Alliance,Q79913,non-governmental organization,1,1,1,1,True,model,1
row4097,Q1500419|Q1328899,2,Q1500419,Open Mobile Alliance,Q1328899,standards organization,1,1,1,1,True,model,1
row4099,Q1500419|Q51885731,2,Q1500419,Open Mobile Alliance,Q51885731,European Standardization Organization,2,1,0,0,True,model,2
row4101,Q1500419|Q1163643,2,Q1500419,Open Mobile Alliance,Q1163643,classification society,2,0,0,1,True,model,2
row4102,Q1500419|Q820425,2,Q1500419,Open Mobile Alliance,Q820425,Bergwaldprojekt,2,0,0,1,True,model,2
row4103,Q1500419|Q7835148,2,Q1500419,Open Mobile Alliance,Q7835148,transport standards organization,2,0,0,1,True,model,2
row4104,Q1500419|Q15277759,2,Q1500419,Open Mobile Alliance,Q15277759,national standards organisation,2,1,1,1,True,model,2
row4105,Q1500419|Q4330210,2,Q1500419,Open Mobile Alliance,Q4330210,Public Academy of Sciences,2,0,0,1,True,model,2
row4106,Q1500419|Q659206,2,Q1500419,Open Mobile Alliance,Q659206,Technischer Überwachungsverein,2,1,0,0,True,model,2
row4107,Q1500419|Q5098014,2,Q1500419,Open Mobile Alliance,Q5098014,Children's Aid Society,2,0,0,1,True,model,2
row4108,Q1500419|Q294801,2,Q1500419,Open Mobile Alliance,Q294801,eco-control body,2,0,0,1,True,model,2
row4109,Q1500419|Q51884140,2,Q1500419,Open Mobile Alliance,Q51884140,Nyayik Sansar,2,0,0,1,True,model,2
row4110,Q1500419|Q431603,2,Q1500419,Open Mobile Alliance,Q431603,advocacy group,2,0,0,1,True,model,2
row4111,Q1500419|Q5340908,2,Q1500419,Open Mobile Alliance,Q5340908,Education NGOs,2,0,0,1,True,model,2
row4112,Q1500419|Q52162350,2,Q1500419,Open Mobile Alliance,Q52162350,regional standards organisation,2,1,1,1,True,model,2
row4113,Q47607|Q691358,1,Q47607,Structured Query Language,Q691358,domain-specific language,1,1,1,1,True,model,1
row4114,Q47607|Q9143,1,Q47607,Structured Query Language,Q9143,programming language,1,1,1,1,True,model,1
row4115,Q47607|Q1144882,1,Q47607,Structured Query Language,Q1144882,declarative programming language,1,1,1,1,True,model,1
row4116,Q47607|Q845739,1,Q47607,Structured Query Language,Q845739,query language,1,1,1,1,True,model,1
row4117,Q47607|Q29068718,1,Q47607,Structured Query Language,Q29068718,educational programming language,2,0,1,0,True,model,2
row4118,Q47607|Q6138701,1,Q47607,Structured Query Language,Q6138701,RDF query language,2,1,1,1,True,model,2
row4120,Q47607|Q60551191,1,Q47607,Structured Query Language,Q60551191,graph query language,2,1,1,1,True,model,2
row4121,Q47607|Q7263491,1,Q47607,Structured Query Language,Q7263491,information retrieval query language,2,1,1,1,True,model,2
row4122,Q47607|Q17092833,1,Q47607,Structured Query Language,Q17092833,Jaql,2,1,1,1,True,model,2
row4123,Q47607|Q3459982,1,Q47607,Structured Query Language,Q3459982,SQL:2011,3,1,1,1,True,model,1
row4124,Q47607|Q28941000,1,Q47607,Structured Query Language,Q28941000,SQL:2016,3,1,1,1,True,model,1
row4125,Q47607|Q4048871,1,Q47607,Structured Query Language,Q4048871,SQL-92,3,1,1,1,True,model,1
row4126,Q47607|Q7392729,1,Q47607,Structured Query Language,Q7392729,SQL:2006,3,1,1,1,True,model,1
row4127,Q47607|Q5854085,1,Q47607,Structured Query Language,Q5854085,FSQL,3,1,1,1,True,model,1
row4128,Q47607|Q2063791,1,Q47607,Structured Query Language,Q2063791,SQL:2008,3,1,1,1,True,model,1
row4129,Q47607|Q4048881,1,Q47607,Structured Query Language,Q4048881,SQL:2003,3,1,1,1,True,model,1
row4130,Q47607|Q2025506,1,Q47607,Structured Query Language,Q2025506,OpenSQL,3,1,1,1,True,model,1
row4131,Q47607|Q4048878,1,Q47607,Structured Query Language,Q4048878,SQL:1999,3,1,1,1,True,model,1
row4132,Q47607|Q28163355,1,Q47607,Structured Query Language,Q28163355,SQL-86,3,1,1,1,True,model,1
row4133,Q47607|Q28163046,1,Q47607,Structured Query Language,Q28163046,SQL-89,3,1,1,1,True,model,1
row4134,Q190746|Q317623,1,Q190746,Advanced Encryption Standard,Q317623,technical standard,1,1,1,1,True,model,1
row4135,Q190746|Q543151,1,Q190746,Advanced Encryption Standard,Q543151,block cipher,1,1,1,1,True,model,1
row4136,Q190746|Q917824,1,Q190746,Advanced Encryption Standard,Q917824,Federal Information Processing Standard,1,1,1,1,True,model,1
row4137,Q190746|Q39050366,1,Q190746,Advanced Encryption Standard,Q39050366,construction standard,2,0,0,1,True,model,2
row4138,Q190746|Q917023,1,Q190746,Advanced Encryption Standard,Q917023,SSI motherboard form factors,2,0,0,1,True,model,2
row4139,Q190746|Q2309650,1,Q190746,Advanced Encryption Standard,Q2309650,MPEG-3,2,0,0,1,True,model,2
row4140,Q190746|Q11794350,1,Q190746,Advanced Encryption Standard,Q11794350,Output Feedback,2,1,0,0,True,model,2
row4141,Q190746|Q1349015,1,Q190746,Advanced Encryption Standard,Q1349015,GOST,2,0,0,1,True,model,2
row4143,Q190746|Q24574728,1,Q190746,Advanced Encryption Standard,Q24574728,form factor,2,0,0,1,True,model,2
row4144,Q190746|Q45941145,1,Q190746,Advanced Encryption Standard,Q45941145,data standard,2,0,0,1,True,model,2
row4145,Q190746|Q1091326,1,Q190746,Advanced Encryption Standard,Q1091326,IT security standards,2,1,0,0,True,model,2
row4146,Q190746|Q375479,1,Q190746,Advanced Encryption Standard,Q375479,standard illuminant,2,0,0,1,True,model,2
row4147,Q190746|Q17084394,1,Q190746,Advanced Encryption Standard,Q17084394,Simon,2,1,0,0,True,model,2
row4149,Q190746|Q6713956,1,Q190746,Advanced Encryption Standard,Q6713956,M8,2,1,0,0,True,model,2
row4150,Q190746|Q3631710,1,Q190746,Advanced Encryption Standard,Q3631710,BATON,2,1,0,0,True,model,2
row4151,Q190746|Q17084934,1,Q190746,Advanced Encryption Standard,Q17084934,Speck,2,1,0,0,True,model,2
row4152,Q190746|Q3696410,1,Q190746,Advanced Encryption Standard,Q3696410,Crab,2,1,0,0,True,model,2
row4153,Q190746|Q2995268,1,Q190746,Advanced Encryption Standard,Q2995268,Lai-Massey scheme,2,1,0,0,True,model,2
row4154,Q190746|Q3477575,1,Q190746,Advanced Encryption Standard,Q3477575,Secure User Plane Location,2,0,0,1,True,model,2
row4157,Q190746|Q1044361,1,Q190746,Advanced Encryption Standard,Q1044361,Feistel cipher,2,1,0,0,True,model,2
row4159,Q190746|Q56277227,1,Q190746,Advanced Encryption Standard,Q56277227,Launch Unit,2,0,0,1,True,model,2
row4160,Q190746|Q198614,1,Q190746,Advanced Encryption Standard,Q198614,style guide,2,0,0,1,True,model,2
row4161,Q190746|Q4038545,1,Q190746,Advanced Encryption Standard,Q4038545,FNAm2,3,1,0,0,False,bfs_auto_prune,
row4162,Q2488884|Q595851,4,Q2488884,RJ-11 connectors,Q595851,registered jack,1,1,1,1,True,model,1
row4163,Q2488884|Q14855079,4,Q2488884,RJ-11 connectors,Q14855079,RJ-11  RJ-14 and RJ-25,2,1,1,1,True,model,2
row4164,Q2488884|Q3415212,4,Q2488884,RJ-11 connectors,Q3415212,RJ25,2,1,1,1,True,model,2
row4166,Q135005|Q4071928,1,Q135005,phishing,Q4071928,cyberattack,2,1,1,1,True,model,1
row4169,Q135005|Q17073792,1,Q135005,phishing,Q17073792,page hijacking,3,1,0,0,True,model,2
row4170,Q135005|Q3149588,1,Q135005,phishing,Q3149588,In-session phishing,3,1,0,0,True,model,2
row4171,Q135005|Q209403,1,Q135005,phishing,Q209403,ping of death,3,0,0,1,True,model,2
row4172,Q135005|Q40890649,1,Q135005,phishing,Q40890649,Sniffing attack,3,0,0,1,True,model,2
row4173,Q135005|Q4230100,1,Q135005,phishing,Q4230100,compromise,3,0,0,1,True,model,2
row4174,Q135005|Q3997746,1,Q135005,phishing,Q3997746,information diving,3,1,0,0,True,model,2
row4175,Q135005|Q2267081,1,Q135005,phishing,Q2267081,side channel attack,3,0,0,1,True,model,2
row4176,Q135005|Q5973199,1,Q135005,phishing,Q5973199,BGP hijacking,3,1,0,0,True,model,2
row4177,Q135005|Q13427559,1,Q135005,phishing,Q13427559,return-to-libc attack,3,0,0,1,True,model,2
row4178,Q135005|Q7644524,1,Q135005,phishing,Q7644524,supply chain attack,3,0,0,1,True,model,2
row4179,Q135005|Q131406,1,Q135005,phishing,Q131406,denial-of-service attack,3,1,0,0,True,model,2
row4180,Q135005|Q7907148,1,Q135005,phishing,Q7907148,VLAN hopping,3,0,0,1,True,model,2
row4181,Q135005|Q19845322,1,Q135005,phishing,Q19845322,cryptographic attack,3,0,0,1,True,model,2
row4182,Q135005|Q926331,1,Q135005,phishing,Q926331,ransomware,3,0,0,1,True,model,2
row4183,Q135005|Q28134936,1,Q135005,phishing,Q28134936,credential stuffing,3,1,0,0,True,model,2
row4184,Q135005|Q11287,1,Q135005,phishing,Q11287,exploit,3,0,0,1,True,model,2
row4185,Q135005|Q620579,1,Q135005,phishing,Q620579,Smurf attack,4,0,0,1,False,bfs_auto_prune,
row4186,Q135005|Q3570419,1,Q135005,phishing,Q3570419,billion laughs attack,4,0,0,1,False,bfs_auto_prune,
row4187,Q135005|Q5204753,1,Q135005,phishing,Q5204753,DDoS mitigation,4,0,0,1,False,bfs_auto_prune,
row4188,Q135005|Q670204,1,Q135005,phishing,Q670204,ping flood,4,0,0,1,False,bfs_auto_prune,
row4189,Q135005|Q845764,1,Q135005,phishing,Q845764,SYN flood,4,1,0,0,False,bfs_auto_prune,
row4190,Q135005|Q22908283,1,Q135005,phishing,Q22908283,Resource exhaustion attack,4,0,0,1,False,bfs_auto_prune,
row4191,Q135005|Q5111562,1,Q135005,phishing,Q5111562,Christmas tree packet,4,0,0,1,False,bfs_auto_prune,
row4192,Q135005|Q2900718,1,Q135005,phishing,Q2900718,packet drop attack,4,0,0,1,False,bfs_auto_prune,
row4193,Q135005|Q4009282,1,Q135005,phishing,Q4009282,email bomb,4,0,0,1,False,bfs_auto_prune,
row4194,Q135005|Q28136728,1,Q135005,phishing,Q28136728,HTTP Flood,4,0,0,1,False,bfs_auto_prune,
row4195,Q691593|Q317623,1,Q691593,Common Object Request Broker Architecture,Q317623,technical standard,1,1,1,1,True,model,1
row4196,Q691593|Q848031,1,Q691593,Common Object Request Broker Architecture,Q848031,microformats,2,0,0,1,True,model,2
row4198,Q691593|Q2309650,1,Q691593,Common Object Request Broker Architecture,Q2309650,MPEG-3,2,0,0,1,True,model,2
row4199,Q691593|Q917023,1,Q691593,Common Object Request Broker Architecture,Q917023,SSI motherboard form factors,2,0,0,1,True,model,2
row4200,Q691593|Q1584581,1,Q691593,Common Object Request Broker Architecture,Q1584581,XMPP Extension Protocol,2,0,0,1,True,model,2
row4201,Q691593|Q45941145,1,Q691593,Common Object Request Broker Architecture,Q45941145,data standard,2,0,0,1,True,model,2
row4202,Q691593|Q375479,1,Q691593,Common Object Request Broker Architecture,Q375479,standard illuminant,2,0,0,1,True,model,2
row4204,Q691593|Q23824424,1,Q691593,Common Object Request Broker Architecture,Q23824424,screw drive,2,0,0,1,True,model,2
row4207,Q691593|Q635130,1,Q691593,Common Object Request Broker Architecture,Q635130,Single UNIX Specification,2,0,0,1,True,model,2
row4209,Q691593|Q56277227,1,Q691593,Common Object Request Broker Architecture,Q56277227,Launch Unit,2,0,0,1,True,model,2
row4210,Q691593|Q29473497,1,Q691593,Common Object Request Broker Architecture,Q29473497,signalling standard for collision avoidance,2,0,0,1,True,model,2
row4211,Q691593|Q132364,1,Q691593,Common Object Request Broker Architecture,Q132364,communication protocol,2,0,0,1,True,model,2
row4213,Q191018|Q203087,0,Q191018,Session Initiation Protocol,Q203087,signaling protocol,1,1,1,1,True,model,1
row4214,Q46794|Q341,0,Q46794,Subversion,Q341,free software,1,1,1,1,True,model,1
row4215,Q46794|Q55680343,0,Q46794,Subversion,Q55680343,centralized version control system,1,1,1,1,True,model,1
row4216,Q46794|Q132364,0,Q46794,Subversion,Q132364,communication protocol,1,1,1,1,True,model,1
row4217,Q46794|Q39999225,0,Q46794,Subversion,Q39999225,Apache Foundation project,1,1,1,1,True,model,1
row4218,Q46794|Q1025017,0,Q46794,Subversion,Q1025017,Cache coherence,2,0,0,1,True,model,2
row4219,Q46794|Q81945,0,Q46794,Subversion,Q81945,Voice over IP,2,0,0,1,True,model,2
row4220,Q46794|Q974922,0,Q46794,Subversion,Q974922,Web Map Service,2,0,0,1,True,model,2
row4221,Q46794|Q886092,0,Q46794,Subversion,Q886092,Bluetooth profile,2,0,0,1,True,model,2
row4222,Q46794|Q622993,0,Q46794,Subversion,Q622993,X.25,2,0,0,1,True,model,2
row4223,Q46794|Q39531,0,Q46794,Subversion,Q39531,Bluetooth,2,0,0,1,True,model,2
row4224,Q46794|Q56191572,0,Q46794,Subversion,Q56191572,Escornabot,2,0,0,1,True,model,2
row4225,Q46794|Q264364,0,Q46794,Subversion,Q264364,Common Gateway Interface,2,0,0,1,True,model,2
row4226,Q7251937|Q15836568,2,Q7251937,Protocol implementation conformance statement,Q15836568,computer network protocol,1,1,1,1,True,model,1
row4227,Q7251937|Q28380029,2,Q7251937,Protocol implementation conformance statement,Q28380029,network file system,2,0,0,1,True,model,2
row4228,Q7251937|Q8777,2,Q7251937,Protocol implementation conformance statement,Q8777,Hypertext Transfer Protocol,2,0,0,1,True,model,2
row4229,Q7251937|Q5013874,2,Q7251937,Protocol implementation conformance statement,Q5013874,CRFS (Coherent Remote File System),2,0,0,1,True,model,2
row4230,Q7251937|Q2622793,2,Q7251937,Protocol implementation conformance statement,Q2622793,JetDirect,2,0,0,1,True,model,2
row4231,Q7251937|Q203087,2,Q7251937,Protocol implementation conformance statement,Q203087,signaling protocol,2,0,0,1,True,model,2
row4232,Q7251937|Q3359815,2,Q7251937,Protocol implementation conformance statement,Q3359815,PPPoX,2,0,0,1,True,model,2
row4233,Q61694|Q290378,1,Q61694,Uniform Resource Identifier,Q290378,internet standard,1,1,1,1,True,model,1
row4234,Q191895|Q6046311,3,Q191895,RS-232,Q6046311,interface standard,1,1,1,1,True,model,1
row4235,Q191895|Q5655515,3,Q191895,RS-232,Q5655515,drive interface,2,0,0,1,True,model,2
row4236,Q191895|Q178048,3,Q191895,RS-232,Q178048,bus,2,1,0,0,True,model,2
row4237,Q191895|Q132364,3,Q191895,RS-232,Q132364,communication protocol,2,1,0,0,True,model,2
row4238,Q191895|Q1025017,3,Q191895,RS-232,Q1025017,Cache coherence,3,0,0,1,False,bfs_auto_prune,
row4239,Q191895|Q2525317,3,Q191895,RS-232,Q2525317,connectionless protocol,3,0,0,1,False,bfs_auto_prune,
row4240,Q191895|Q7918427,3,Q191895,RS-232,Q7918427,vehicle bus,3,0,0,1,False,bfs_auto_prune,
row4241,Q191895|Q974922,3,Q191895,RS-232,Q974922,Web Map Service,3,0,0,1,False,bfs_auto_prune,
row4242,Q191895|Q7168699,3,Q191895,RS-232,Q7168699,peripheral bus,3,1,0,0,False,bfs_auto_prune,
row4243,Q191895|Q6045205,3,Q191895,RS-232,Q6045205,Interaction protocol,3,0,0,1,False,bfs_auto_prune,
row4244,Q191895|Q5004612,3,Q191895,RS-232,Q5004612,byte-oriented protocol,3,0,0,1,False,bfs_auto_prune,
row4245,Q191895|Q21078287,3,Q191895,RS-232,Q21078287,serial bus,3,1,0,0,False,bfs_auto_prune,
row4246,Q191895|Q21078294,3,Q191895,RS-232,Q21078294,parallel bus,3,1,0,0,False,bfs_auto_prune,
row4247,Q191895|Q18761595,3,Q191895,RS-232,Q18761595,internet of things protocol,3,0,0,1,False,bfs_auto_prune,
row4248,Q191895|Q165194,3,Q191895,RS-232,Q165194,application programming interface,3,0,0,1,False,bfs_auto_prune,
row4249,Q191895|Q2928673,3,Q191895,RS-232,Q2928673,data bus,3,1,0,0,False,bfs_auto_prune,
row4251,Q191895|Q264364,3,Q191895,RS-232,Q264364,Common Gateway Interface,3,0,0,1,False,bfs_auto_prune,
row4252,Q191895|Q1867168,3,Q191895,RS-232,Q1867168,Local Interconnect Network,4,1,0,0,False,bfs_auto_prune,
row4253,Q131164|Q1514415,0,Q131164,Web 2.0,Q1514415,trend,1,1,1,1,True,model,1
row4254,Q131164|Q1091971,0,Q131164,Web 2.0,Q1091971,suburbanization,2,0,1,0,True,model,2
row4255,Q131164|Q28972120,0,Q131164,Web 2.0,Q28972120,fashion trend,2,0,1,0,True,model,2
row4256,Q131164|Q17053649,0,Q131164,Web 2.0,Q17053649,food trends,2,0,0,1,True,model,2
row4257,Q131164|Q2207328,0,Q131164,Web 2.0,Q2207328,technological convergence,2,1,0,0,True,model,2
row4258,Q570871|Q17155032,4,Q570871,email client,Q17155032,software category,1,1,1,1,True,model,1
row4259,Q570871|Q15079042,4,Q570871,email client,Q15079042,spaced repetition software,2,0,1,0,True,model,2
row4260,Q570871|Q643876,4,Q570871,email client,Q643876,Virtual printer,2,0,1,0,True,model,2
row4261,Q570871|Q1074158,4,Q570871,email client,Q1074158,educational software,2,0,1,0,True,model,2
row4262,Q570871|Q3077240,4,Q570871,email client,Q3077240,forge,2,0,1,0,True,model,2
row4263,Q570871|Q1727373,4,Q570871,email client,Q1727373,lint,2,0,0,1,True,model,2
row4264,Q377539|Q1077480,0,Q377539,Kernel-based Virtual Machine,Q1077480,hypervisor,1,1,1,1,True,model,1
row4265,Q377539|Q341,0,Q377539,Kernel-based Virtual Machine,Q341,free software,1,1,1,1,True,model,1
row4266,Q377539|Q20825628,0,Q377539,Kernel-based Virtual Machine,Q20825628,GNU package,2,1,0,0,True,model,2
row4267,Q377539|Q506883,0,Q377539,Kernel-based Virtual Machine,Q506883,free and open-source software,2,1,0,0,True,model,2
row4268,Q377539|Q388,0,Q377539,Kernel-based Virtual Machine,Q388,Linux,2,1,0,0,True,model,2
row4269,Q377539|Q20983788,0,Q377539,Kernel-based Virtual Machine,Q20983788,free operating system,2,1,0,0,True,model,2
row4270,Q377539|Q56191572,0,Q377539,Kernel-based Virtual Machine,Q56191572,Escornabot,2,0,0,1,True,model,2
row4271,Q457396|Q1969448,1,Q457396,ambient intelligence,Q1969448,term,1,1,1,1,True,model,1
row4272,Q457396|Q20986437,1,Q457396,ambient intelligence,Q20986437,naming dispute,2,0,0,1,True,model,2
row4273,Q457396|Q58233068,1,Q457396,ambient intelligence,Q58233068,humorous,2,0,0,1,True,model,2
row4275,Q457396|Q57158028,1,Q457396,ambient intelligence,Q57158028,general term,2,0,0,1,True,model,2
row4276,Q457396|Q41014950,1,Q457396,ambient intelligence,Q41014950,ChEBI Ontology term,2,0,0,1,True,model,2
row4278,Q457396|Q1400565,1,Q457396,ambient intelligence,Q1400565,spur,2,0,0,1,True,model,2
row4279,Q457396|Q1741898,1,Q457396,ambient intelligence,Q1741898,children's language,2,0,0,1,True,model,2
row4280,Q457396|Q59333207,1,Q457396,ambient intelligence,Q59333207,textile term,2,0,0,1,True,model,2
row4282,Q457396|Q3016945,1,Q457396,ambient intelligence,Q3016945,settlement date,2,0,0,1,True,model,2
row4283,Q457396|Q3107473,1,Q457396,ambient intelligence,Q3107473,Jew,2,0,0,1,True,model,2
row4285,Q457396|Q57495609,1,Q457396,ambient intelligence,Q57495609,old,2,0,0,1,True,model,2
row4286,Q457396|Q83464,1,Q457396,ambient intelligence,Q83464,euphemism,2,0,0,1,True,model,2
row4287,Q457396|Q19610271,1,Q457396,ambient intelligence,Q19610271,literary term,2,0,0,1,True,model,2
row4289,Q457396|Q7546863,1,Q457396,ambient intelligence,Q7546863,Quisling,2,0,0,1,True,model,2
row4291,Q457396|Q1743109,1,Q457396,ambient intelligence,Q1743109,Unchurched,2,0,0,1,True,model,2
row4292,Q457396|Q23017666,1,Q457396,ambient intelligence,Q23017666,Art & Architecture Thesaurus LOD Dataset,2,0,0,1,True,model,2
row4294,Q457396|Q16874643,1,Q457396,ambient intelligence,Q16874643,legal term,2,0,0,1,True,model,2
row4297,Q457396|Q1521634,1,Q457396,ambient intelligence,Q1521634,vulgarism,2,0,0,1,True,model,2
row4300,Q457396|Q545779,1,Q457396,ambient intelligence,Q545779,pejorative,2,0,0,1,True,model,2
row4302,Q457396|Q7632742,1,Q457396,ambient intelligence,Q7632742,Succès de scandale,2,0,0,1,True,model,2
row4303,Q457396|Q58157328,1,Q457396,ambient intelligence,Q58157328,rare,2,0,0,1,True,model,2
row4305,Q457396|Q11359438,1,Q457396,ambient intelligence,Q11359438,Buddhist terminology,2,0,0,1,True,model,2
row4306,Q1347847|Q8513,3,Q1347847,Central Equipment Identity Register,Q8513,database,1,1,1,1,True,model,1
row4307,Q1347847|Q16155335,3,Q1347847,Central Equipment Identity Register,Q16155335,statistical database,2,1,0,0,True,model,2
row4310,Q1347847|Q59162712,3,Q1347847,Central Equipment Identity Register,Q59162712,source database,2,0,0,1,True,model,2
row4311,Q1347847|Q333761,3,Q1347847,Central Equipment Identity Register,Q333761,translation memory,2,0,0,1,True,model,2
row4312,Q1347847|Q1787017,3,Q1347847,Central Equipment Identity Register,Q1787017,cancer registry,2,0,0,1,True,model,2
row4313,Q1347847|Q22811662,3,Q1347847,Central Equipment Identity Register,Q22811662,image database,2,0,0,1,True,model,2
row4314,Q1347847|Q2138567,3,Q1347847,Central Equipment Identity Register,Q2138567,clinical trials registry,2,0,0,1,True,model,2
row4315,Q1347847|Q178376,3,Q1347847,Central Equipment Identity Register,Q178376,finding aid,2,0,0,1,True,model,2
row4316,Q1347847|Q28324878,3,Q1347847,Central Equipment Identity Register,Q28324878,schema-agnostic databases,2,0,0,1,True,model,2
row4317,Q1347847|Q4349497,3,Q1347847,Central Equipment Identity Register,Q4349497,speech corpus,2,0,0,1,True,model,2
row4319,Q1347847|Q1391125,3,Q1347847,Central Equipment Identity Register,Q1391125,specialized database,2,1,0,0,True,model,2
row4320,Q1347847|Q5322831,3,Q1347847,Central Equipment Identity Register,Q5322831,EDA database,2,0,0,1,True,model,2
row4321,Q1347847|Q780524,3,Q1347847,Central Equipment Identity Register,Q780524,pronunciation database,2,0,0,1,True,model,2
row4322,Q1572577|Q1363963,0,Q1572577,product life-cycle management,Q1363963,marketing strategy,1,1,1,1,True,model,1
row4323,Q1572577|Q646227,0,Q1572577,product life-cycle management,Q646227,cross-selling,2,0,0,1,True,model,2
row4324,Q1572577|Q1155133,0,Q1572577,product life-cycle management,Q1155133,Email marketing,2,0,1,0,True,model,2
row4325,Q1572577|Q5057785,0,Q1572577,product life-cycle management,Q5057785,celebrity branding,2,0,0,1,True,model,2
row4326,Q1572577|Q5615027,0,Q1572577,product life-cycle management,Q5615027,Guerrilla marketing warfare strategies,2,0,0,1,True,model,2
row4327,Q1572577|Q334955,0,Q1572577,product life-cycle management,Q334955,upselling,2,0,0,1,True,model,2
row4328,Q1572577|Q7558980,0,Q1572577,product life-cycle management,Q7558980,Solution selling,2,0,0,1,True,model,2
row4329,Q1572577|Q1426546,0,Q1572577,product life-cycle management,Q1426546,loyalty program,2,0,1,0,True,model,2
row4330,Q1572577|Q16999365,0,Q1572577,product life-cycle management,Q16999365,omnichannel,2,0,1,0,True,model,2
row4331,Q1572577|Q3711935,0,Q1572577,product life-cycle management,Q3711935,Diversification,2,0,0,1,True,model,2
row4332,Q1572577|Q677073,0,Q1572577,product life-cycle management,Q677073,direct marketing,2,1,0,0,True,model,2
row4333,Q1572577|Q291046,0,Q1572577,product life-cycle management,Q291046,discounts and allowances,2,0,0,1,True,model,2
row4334,Q1572577|Q1020767,0,Q1572577,product life-cycle management,Q1020767,product bundling,2,0,0,1,True,model,2
row4335,Q1572577|Q7862943,0,Q1572577,product life-cycle management,Q7862943,pick-your-own,2,0,0,1,True,model,2
row4336,Q1572577|Q1061357,0,Q1572577,product life-cycle management,Q1061357,positioning,2,1,0,0,True,model,2
row4337,Q1572577|Q5166482,0,Q1572577,product life-cycle management,Q5166482,conversion optimization,2,0,0,1,True,model,2
row4338,Q32110|Q2661442,4,Q32110,XSLT,Q2661442,W3C Recommendation,1,1,1,1,True,model,1
row4339,Q32110|Q1144882,4,Q32110,XSLT,Q1144882,declarative programming language,1,1,1,1,True,model,1
row4340,Q32110|Q3217190,4,Q32110,XSLT,Q3217190,XML transformation language,1,1,1,1,True,model,1
row4341,Q32110|Q9143,4,Q32110,XSLT,Q9143,programming language,1,1,1,1,True,model,1
row4342,Q32110|Q20155966,4,Q32110,XSLT,Q20155966,XML-based format,1,1,1,1,True,model,1
row4343,Q32110|Q6138701,4,Q32110,XSLT,Q6138701,RDF query language,2,1,1,1,True,model,2
row4345,Q32110|Q576465,4,Q32110,XSLT,Q576465,GPS eXchange Format,2,0,1,0,True,model,2
row4346,Q2944989|Q31855,2,Q2944989,Centre commun d'études de télévision et télécommunications,Q31855,research institute,1,1,1,1,True,model,1
row4347,Q2944989|Q20168706,2,Q2944989,Centre commun d'études de télévision et télécommunications,Q20168706,Fraunhofer Institute,2,1,0,0,True,model,2
row4348,Q2944989|Q2586266,2,Q2944989,Centre commun d'études de télévision et télécommunications,Q2586266,institute for advanced study,2,0,0,1,True,model,2
row4349,Q2944989|Q3152110,2,Q2944989,Centre commun d'études de télévision et télécommunications,Q3152110,Technological Research Institute,2,1,0,0,True,model,2
row4350,Q2944989|Q3726309,2,Q2944989,Centre commun d'études de télévision et télécommunications,Q3726309,state research institution,2,0,0,1,True,model,2
row4352,Q2944989|Q57910923,2,Q2944989,Centre commun d'études de télévision et télécommunications,Q57910923,digital humanities center,2,0,0,1,True,model,2
row4354,Q2944989|Q22811668,2,Q2944989,Centre commun d'études de télévision et télécommunications,Q22811668,archaeological institute,2,0,0,1,True,model,2
row4355,Q2944989|Q22338329,2,Q2944989,Centre commun d'études de télévision et télécommunications,Q22338329,federally funded research and development center,2,0,0,1,True,model,2
row4356,Q2944989|Q2624320,2,Q2944989,Centre commun d'études de télévision et télécommunications,Q2624320,United States national laboratory,2,0,0,1,True,model,2
row4357,Q2944989|Q1005976,2,Q2944989,Centre commun d'études de télévision et télécommunications,Q1005976,Bundesforschungsanstalt,2,0,0,1,True,model,2
row4358,Q2944989|Q20820271,2,Q2944989,Centre commun d'études de télévision et télécommunications,Q20820271,graduate school,2,0,0,1,True,model,2
row4360,Q2994294|Q170474,1,Q2994294,GMSK,Q170474,modulation,1,1,1,1,True,model,1
row4361,Q2994294|Q181417,1,Q2994294,GMSK,Q181417,frequency modulation,2,1,1,1,True,model,2
row4362,Q2994294|Q12765201,1,Q2994294,GMSK,Q12765201,eight-to-fourteen modulation plus,2,0,0,1,True,model,2
row4363,Q2994294|Q9264828,1,Q2994294,GMSK,Q9264828,G.DMT,2,1,0,0,True,model,2
row4364,Q2994294|Q13043846,1,Q2994294,GMSK,Q13043846,pulse-code modulation,2,1,0,0,True,model,2
row4365,Q2994294|Q163461,1,Q2994294,GMSK,Q163461,delta modulation,2,1,0,0,True,model,2
row4366,Q2994294|Q25304371,1,Q2994294,GMSK,Q25304371,multidimensional modulation,2,1,0,0,True,model,2
row4368,Q2994294|Q183755,1,Q2994294,GMSK,Q183755,amplitude modulation,2,1,1,1,True,model,2
row4369,Q2994294|Q4874866,1,Q2994294,GMSK,Q4874866,phase-shift keying,2,1,1,1,True,model,2
row4370,Q2994294|Q349868,1,Q2994294,GMSK,Q349868,angle modulation,2,1,0,0,True,model,2
row4371,Q2994294|Q1564640,1,Q2994294,GMSK,Q1564640,ring modulation,2,1,0,0,True,model,2
row4372,Q2994294|Q749753,1,Q2994294,GMSK,Q749753,quadrature amplitude modulation,2,1,1,1,True,model,2
row4373,Q2994294|Q10646543,1,Q2994294,GMSK,Q10646543,pulse modulation,2,1,1,1,True,model,2
row4374,Q2994294|Q13199853,1,Q2994294,GMSK,Q13199853,double-sideband modulation,2,1,0,0,True,model,2
row4375,Q2994294|Q750463,1,Q2994294,GMSK,Q750463,phase modulation,2,1,1,1,True,model,2
row4376,Q2994294|Q10290274,1,Q2994294,GMSK,Q10290274,Gmsk,2,1,0,0,True,model,2
row4377,Q2994294|Q832147,1,Q2994294,GMSK,Q832147,Manchester code,3,0,1,0,True,model,3
row4378,Q2994294|Q20850726,1,Q2994294,GMSK,Q20850726,pulse step modulation,3,1,1,1,True,model,3
row4379,Q5440256|Q476068,2,Q5440256,Federal Information Security Management Act of 2002,Q476068,Act of Congress in the United States,1,1,1,1,True,model,1
row4381,Q5440256|Q7101797,2,Q5440256,Federal Information Security Management Act of 2002,Q7101797,organic act,2,0,0,1,True,model,2
row4382,Q5440256|Q5160964,2,Q5440256,Federal Information Security Management Act of 2002,Q5160964,congressional charter,2,0,0,1,True,model,2
row4383,Q5440256|Q1612881,2,Q5440256,Federal Information Security Management Act of 2002,Q1612881,National Defense Authorization Act,2,0,0,1,True,model,2
row4384,Q5440256|Q16089878,2,Q5440256,Federal Information Security Management Act of 2002,Q16089878,United States public law,2,1,0,0,True,model,2
row4385,Q58199|Q4485156,1,Q58199,instant messaging,Q4485156,software feature,1,1,1,1,True,model,1
row4386,Q58199|Q459708,1,Q58199,instant messaging,Q459708,features of Firefox,2,0,0,1,True,model,2
row4388,Q58199|Q55070019,1,Q58199,instant messaging,Q55070019,video game feature,2,0,0,1,True,model,2
row4389,Q58199|Q6407552,1,Q58199,instant messaging,Q6407552,killer feature,2,0,0,1,True,model,2
row4390,Q58199|Q554950,1,Q58199,instant messaging,Q554950,recommender system,2,0,0,1,True,model,2
row4391,Q58199|Q1344046,1,Q58199,instant messaging,Q1344046,first-class functions,2,0,0,1,True,model,2
row4392,Q58199|Q48835386,1,Q58199,instant messaging,Q48835386,Feed,2,0,0,1,True,model,2
row4393,Q58199|Q4434361,1,Q58199,instant messaging,Q4434361,contact list,2,1,0,0,True,model,2
row4394,Q58199|Q440972,1,Q58199,instant messaging,Q440972,compatibility mode,2,0,0,1,True,model,2
row4395,Q58199|Q24839054,1,Q58199,instant messaging,Q24839054,sticker,2,0,0,1,True,model,2
row4396,Q210214|Q15836568,2,Q210214,IPsec,Q15836568,computer network protocol,1,1,1,1,True,model,1
row4397,Q210214|Q8795,2,Q210214,IPsec,Q8795,Internet Protocol,2,1,0,0,True,model,2
row4398,Q210214|Q8777,2,Q210214,IPsec,Q8777,Hypertext Transfer Protocol,2,0,0,1,True,model,2
row4399,Q210214|Q5013874,2,Q210214,IPsec,Q5013874,CRFS (Coherent Remote File System),2,0,0,1,True,model,2
row4400,Q210214|Q203087,2,Q210214,IPsec,Q203087,signaling protocol,2,0,0,1,True,model,2
row4401,Q210214|Q3359815,2,Q210214,IPsec,Q3359815,PPPoX,2,0,0,1,True,model,2
row4402,Q210214|Q81414,2,Q210214,IPsec,Q81414,Internet protocol suite,2,1,0,0,True,model,2
row4404,Q210214|Q1422324,2,Q210214,IPsec,Q1422324,Telecommunications Management Network,2,1,0,0,True,model,2
row4405,Q210214|Q28380029,2,Q210214,IPsec,Q28380029,network file system,2,0,0,1,True,model,2
row4406,Q210214|Q2622793,2,Q210214,IPsec,Q2622793,JetDirect,2,0,0,1,True,model,2
row4407,Q210214|Q4112081,2,Q210214,IPsec,Q4112081,network virtualization,2,0,0,1,True,model,2
row4408,Q210214|Q2044242,2,Q210214,IPsec,Q2044242,PJLink,2,0,0,1,True,model,2
row4409,Q431344|Q11016,3,Q431344,ADSL2+,Q11016,technology,1,1,1,1,True,model,1
row4410,Q431344|Q12825931,3,Q431344,ADSL2+,Q12825931,alloying,2,0,0,1,True,model,2
row4411,Q431344|Q282413,3,Q431344,ADSL2+,Q282413,Roman technology,2,0,0,1,True,model,2
row4412,Q431344|Q54006339,3,Q431344,ADSL2+,Q54006339,display technology,2,0,0,1,True,model,2
row4413,Q431344|Q59285058,3,Q431344,ADSL2+,Q59285058,sound reproduction,2,0,0,1,True,model,2
row4414,Q431344|Q42899294,3,Q431344,ADSL2+,Q42899294,musical tuning,2,0,0,1,True,model,2
row4415,Q431344|Q336170,3,Q431344,ADSL2+,Q336170,wastewater technology,2,0,0,1,True,model,2
row4416,Q431344|Q1351910,3,Q431344,ADSL2+,Q1351910,push technology,2,0,0,1,True,model,2
row4417,Q431344|Q1001378,3,Q431344,ADSL2+,Q1001378,cinematic technique,2,0,0,1,True,model,2
row4418,Q431344|Q329864,3,Q431344,ADSL2+,Q329864,military technology,2,0,0,1,True,model,2
row4419,Q431344|Q10379048,3,Q431344,ADSL2+,Q10379048,medical technology,2,0,0,1,True,model,2
row4420,Q431344|Q1519843,3,Q431344,ADSL2+,Q1519843,health technology,2,0,0,1,True,model,2
row4421,Q431344|Q1407254,3,Q431344,ADSL2+,Q1407254,technology of television,2,1,0,0,True,model,2
row4422,Q431344|Q30032134,3,Q431344,ADSL2+,Q30032134,Electronic governance,2,0,0,1,True,model,2
row4423,Q431344|Q211017,3,Q431344,ADSL2+,Q211017,e-government,2,0,0,1,True,model,2
row4424,Q431344|Q17386807,3,Q431344,ADSL2+,Q17386807,civic technology,2,0,1,0,True,model,2
row4425,Q431344|Q23001701,3,Q431344,ADSL2+,Q23001701,technics,2,0,0,1,True,model,2
row4426,Q208160|Q157811,1,Q208160,courage,Q157811,virtue,1,1,1,1,True,model,1
row4427,Q208160|Q1147007,1,Q208160,courage,Q1147007,theological virtues,2,0,0,1,True,model,2
row4428,Q208160|Q1549811,1,Q208160,courage,Q1549811,generosity,2,0,0,1,True,model,2
row4429,Q208160|Q2974906,1,Q208160,courage,Q2974906,civic virtue,2,1,0,0,True,model,2
row4430,Q208160|Q904802,1,Q208160,courage,Q904802,cardinal virtues,2,0,0,1,True,model,2
row4431,Q208160|Q1144825,1,Q208160,courage,Q1144825,righteousness,2,0,0,1,True,model,2
row4432,Q208160|Q10391780,1,Q208160,courage,Q10391780,intellectual virtue,2,0,0,1,True,model,2
row4433,Q208160|Q21168708,1,Q208160,courage,Q21168708,determination,2,0,0,1,True,model,2
row4434,Q5583818|Q7063032,2,Q5583818,Google Cloud Messaging,Q7063032,notification service,1,1,1,1,True,model,1
row4435,Q2053|Q235557,2,Q2053,HTML5,Q235557,file format,1,1,1,1,True,model,1
row4436,Q2053|Q37045,2,Q2053,HTML5,Q37045,markup language,1,1,1,1,True,model,1
row4437,Q2053|Q2661442,2,Q2053,HTML5,Q2661442,W3C Recommendation,1,1,1,1,True,model,1
row4438,Q2053|Q29644049,2,Q2053,HTML5,Q29644049,S-57 Electronic Navigation Chart,2,0,0,1,True,model,2
row4439,Q2053|Q166074,2,Q2053,HTML5,Q166074,Extensible HyperText Markup Language,2,1,0,0,True,model,2
row4440,Q2053|Q1758048,2,Q2053,HTML5,Q1758048,Security Assertion Markup Language,2,0,1,0,True,model,2
row4441,Q2053|Q6786860,2,Q2053,HTML5,Q6786860,mathematical markup language,2,0,0,1,True,model,2
row4442,Q2053|Q27915156,2,Q2053,HTML5,Q27915156,RADARSAT-1 CEOS Volume Directory File,2,0,0,1,True,model,2
row4443,Q2053|Q362356,2,Q2053,HTML5,Q362356,architecture description language,2,0,0,1,True,model,2
row4444,Q2053|Q5310,2,Q2053,HTML5,Q5310,LaTeX,2,0,0,1,True,model,2
row4445,Q2053|Q285972,2,Q2053,HTML5,Q285972,Mbox,2,0,0,1,True,model,2
row4446,Q2053|Q8811,2,Q2053,HTML5,Q8811,HyperText Markup Language,2,1,1,1,True,model,2
row4447,Q2053|Q5426535,2,Q2053,HTML5,Q5426535,Autodesk FLI/FLC,2,0,0,1,True,model,2
row4448,Q2053|Q4052124,2,Q2053,HTML5,Q4052124,user interface markup language,2,1,0,0,True,model,2
row4449,Q2053|Q7520680,2,Q2053,HTML5,Q7520680,Simple HTML Ontology Extensions,2,1,0,0,True,model,2
row4450,Q2053|Q4018860,2,Q2053,HTML5,Q4018860,well-known text representation of geometry,2,0,0,1,True,model,2
row4451,Q2053|Q5531642,2,Q2053,HTML5,Q5531642,general-purpose markup language,2,1,0,0,True,model,2
row4452,Q2053|Q167772,2,Q2053,HTML5,Q167772,digital container format,2,0,0,1,True,model,2
row4453,Q2053|Q61714670,2,Q2053,HTML5,Q61714670,well-known text representation of coordinate reference systems,2,0,0,1,True,model,2
row4454,Q2053|Q380153,2,Q2053,HTML5,Q380153,Dynamic HTML,3,1,1,1,True,model,3
row4455,Q2053|Q287539,2,Q2053,HTML5,Q287539,web form,3,1,1,1,True,model,3
row4456,Q2053|Q1189978,2,Q2053,HTML5,Q1189978,Semantic HTML,3,1,1,1,True,model,3
row4457,Q2053|Q34305781,2,Q2053,HTML5,Q34305781,Scholarly HTML,3,1,1,1,True,model,3
row4458,Q2053|Q387168,2,Q2053,HTML5,Q387168,C-HTML,3,1,1,1,True,model,3
row4459,Q2053|Q5448353,2,Q2053,HTML5,Q5448353,File select,4,0,1,0,True,model,4
row4460,Q49108|Q23002054,0,Q49108,Massachusetts Institute of Technology,Q23002054,private not-for-profit educational institution,1,1,1,1,True,model,1
row4461,Q49108|Q3918,0,Q49108,Massachusetts Institute of Technology,Q3918,university,1,1,1,1,True,model,1
row4462,Q49108|Q1371037,0,Q49108,Massachusetts Institute of Technology,Q1371037,institute of technology,1,1,1,1,True,model,1
row4463,Q49108|Q5690751,0,Q49108,Massachusetts Institute of Technology,Q5690751,labor universities,2,0,0,1,True,model,2
row4464,Q49108|Q1770557,0,Q49108,Massachusetts Institute of Technology,Q1770557,university and college admission,2,0,0,1,True,model,2
row4465,Q49108|Q845392,0,Q49108,Massachusetts Institute of Technology,Q845392,polytechnic,2,1,1,1,True,model,2
row4466,Q49108|Q6082807,0,Q49108,Massachusetts Institute of Technology,Q6082807,Islamic university,2,0,1,0,True,model,2
row4467,Q49108|Q1143413,0,Q49108,Massachusetts Institute of Technology,Q1143413,Medieval university,2,0,0,1,True,model,2
row4468,Q189436|Q11862829,3,Q189436,speech recognition,Q11862829,academic discipline,1,1,1,1,True,model,1
row4470,Q189436|Q22811234,3,Q189436,speech recognition,Q22811234,branch of philosophy,2,0,0,1,True,model,2
row4472,Q189436|Q19935939,3,Q189436,speech recognition,Q19935939,branch of geography,2,0,0,1,True,model,2
row4474,Q189436|Q7394713,3,Q189436,speech recognition,Q7394713,STEAM fields,2,0,0,1,True,model,2
row4475,Q189436|Q57204579,3,Q189436,speech recognition,Q57204579,social ecology,2,0,0,1,True,model,2
row4477,Q189436|Q184784,3,Q189436,speech recognition,Q184784,architectural drawing,2,0,0,1,True,model,2
row4485,Q189436|Q2001056,3,Q189436,speech recognition,Q2001056,land management,2,0,0,1,True,model,2
row4486,Q189436|Q16602093,3,Q189436,speech recognition,Q16602093,legislative drafting,2,0,0,1,True,model,2
row4488,Q189436|Q2067634,3,Q189436,speech recognition,Q2067634,quantity surveyor,2,0,0,1,True,model,2
row4491,Q189436|Q60310061,3,Q189436,speech recognition,Q60310061,branch of theology,2,0,0,1,True,model,2
row4493,Q189436|Q55693872,3,Q189436,speech recognition,Q55693872,medicine,2,0,0,1,True,model,2
row4494,Q189436|Q6168352,3,Q189436,speech recognition,Q6168352,jazz education,2,0,0,1,True,model,2
row4495,Q133139|Q4925178,3,Q133139,electromagnetic spectrum,Q4925178,blanket terminology,1,1,1,1,True,model,1
row4496,Q264364|Q11016,4,Q264364,Common Gateway Interface,Q11016,technology,1,1,1,1,True,model,1
row4497,Q264364|Q743030,4,Q264364,Common Gateway Interface,Q743030,environmental technology,2,0,0,1,True,model,2
row4498,Q264364|Q10952243,4,Q264364,Common Gateway Interface,Q10952243,industrial technology,2,0,0,1,True,model,2
row4499,Q264364|Q56297438,4,Q264364,Common Gateway Interface,Q56297438,header bidding,2,0,0,1,True,model,2
row4500,Q264364|Q54006339,4,Q264364,Common Gateway Interface,Q54006339,display technology,2,0,0,1,True,model,2
row4501,Q264364|Q7449091,4,Q264364,Common Gateway Interface,Q7449091,Semantic technology,2,0,0,1,True,model,2
row4502,Q264364|Q1001378,4,Q264364,Common Gateway Interface,Q1001378,cinematic technique,2,0,0,1,True,model,2
row4503,Q264364|Q6764311,4,Q264364,Common Gateway Interface,Q6764311,marine technology,2,0,0,1,True,model,2
row4504,Q264364|Q6941971,4,Q264364,Common Gateway Interface,Q6941971,music instrument technology,2,0,0,1,True,model,2
row4505,Q264364|Q1415656,4,Q264364,Common Gateway Interface,Q1415656,hierarchical storage management,2,0,0,1,True,model,2
row4506,Q264364|Q19292902,4,Q264364,Common Gateway Interface,Q19292902,vehicle safety technology,2,0,0,1,True,model,2
row4507,Q264364|Q348091,4,Q264364,Common Gateway Interface,Q348091,nuclear technology,2,0,0,1,True,model,2
row4508,Q264364|Q911772,4,Q264364,Common Gateway Interface,Q911772,technical chemistry,2,0,0,1,True,model,2
row4509,Q264364|Q211017,4,Q264364,Common Gateway Interface,Q211017,e-government,2,0,0,1,True,model,2
row4510,Q264364|Q12739,4,Q264364,Common Gateway Interface,Q12739,nuclear power,2,0,0,1,True,model,2
row4511,Q264364|Q6887246,4,Q264364,Common Gateway Interface,Q6887246,mobile technology,2,0,0,1,True,model,2
row4512,Q264364|Q23001701,4,Q264364,Common Gateway Interface,Q23001701,technics,2,0,0,1,True,model,2
row4513,Q1046079|Q2674461,2,Q1046079,1G,Q2674461,mobile phone generation,1,1,1,1,True,model,1
row4514,Q379626|Q15087423,3,Q379626,Advanced Message Queuing Protocol,Q15087423,ISO standard,1,1,1,1,True,model,1
row4515,Q379626|Q15836568,3,Q379626,Advanced Message Queuing Protocol,Q15836568,computer network protocol,1,1,1,1,True,model,1
row4516,Q379626|Q8777,3,Q379626,Advanced Message Queuing Protocol,Q8777,Hypertext Transfer Protocol,2,0,1,0,True,model,2
row4517,Q379626|Q2164287,3,Q379626,Advanced Message Queuing Protocol,Q2164287,Software Engineering Body of Knowledge,2,0,0,1,True,model,2
row4518,Q379626|Q25670,3,Q379626,Advanced Message Queuing Protocol,Q25670,digital object identifier,2,0,0,1,True,model,2
row4519,Q379626|Q20665104,3,Q379626,Advanced Message Queuing Protocol,Q20665104,Ada 95,2,0,0,1,True,model,2
row4520,Q8803|Q385853,0,Q8803,Transmission Control Protocol,Q385853,de facto standard,1,1,1,1,True,model,1
row4521,Q8803|Q15836568,0,Q8803,Transmission Control Protocol,Q15836568,computer network protocol,1,1,1,1,True,model,1
row4522,Q8803|Q8795,0,Q8803,Transmission Control Protocol,Q8795,Internet Protocol,2,1,1,1,True,model,2
row4523,Q8803|Q8777,0,Q8803,Transmission Control Protocol,Q8777,Hypertext Transfer Protocol,2,1,1,1,True,model,2
row4524,Q8803|Q3359815,0,Q8803,Transmission Control Protocol,Q3359815,PPPoX,2,1,1,1,True,model,2
row4525,Q8803|Q828468,0,Q8803,Transmission Control Protocol,Q828468,XLR connector,2,0,1,0,True,model,2
row4526,Q8803|Q81414,0,Q8803,Transmission Control Protocol,Q81414,Internet protocol suite,2,1,1,1,True,model,2
row4531,Q387168|Q37045,3,Q387168,C-HTML,Q37045,markup language,1,1,1,1,True,model,1
row4532,Q387168|Q5531642,3,Q387168,C-HTML,Q5531642,general-purpose markup language,2,1,1,1,True,model,2
row4533,Q2897746|Q595851,1,Q2897746,RJ-48,Q595851,registered jack,1,1,1,1,True,model,1
row4534,Q2897746|Q14855079,1,Q2897746,RJ-48,Q14855079,RJ-11  RJ-14 and RJ-25,2,1,1,1,True,model,2
row4535,Q2897746|Q3415212,1,Q2897746,RJ-48,Q3415212,RJ25,2,1,1,1,True,model,2
row4536,Q280761|Q26085352,3,Q280761,Windows Media Video,Q26085352,file format family,1,1,1,1,True,model,1
row4537,Q280761|Q17154458,3,Q280761,Windows Media Video,Q17154458,Netpbm formats,2,0,0,1,True,model,2
row4538,Q280761|Q18155479,3,Q280761,Windows Media Video,Q18155479,vector tile,2,0,1,0,True,model,2
row4539,Q93249|Q17155032,2,Q93249,antivirus software,Q17155032,software category,1,1,1,1,True,model,1
row4540,Q93249|Q643876,2,Q93249,antivirus software,Q643876,Virtual printer,2,0,0,1,True,model,2
row4541,Q93249|Q570871,2,Q93249,antivirus software,Q570871,email client,2,0,0,1,True,model,2
row4542,Q93249|Q1074158,2,Q93249,antivirus software,Q1074158,educational software,2,0,0,1,True,model,2
row4543,Q93249|Q28057030,2,Q93249,antivirus software,Q28057030,ERP software,2,0,0,1,True,model,2
row4544,Q93249|Q3077240,2,Q93249,antivirus software,Q3077240,forge,2,0,0,1,True,model,2
row4545,Q93249|Q15079042,2,Q93249,antivirus software,Q15079042,spaced repetition software,2,0,0,1,True,model,2
row4546,Q93249|Q1756442,2,Q93249,antivirus software,Q1756442,LR parser,2,0,0,1,True,model,2
row4547,Q1750812|Q11862829,3,Q1750812,ergonomics,Q11862829,academic discipline,1,1,1,1,True,model,1
row4549,Q1750812|Q22811234,3,Q1750812,ergonomics,Q22811234,branch of philosophy,2,0,0,1,True,model,2
row4551,Q1750812|Q19935939,3,Q1750812,ergonomics,Q19935939,branch of geography,2,0,0,1,True,model,2
row4553,Q1750812|Q7394713,3,Q1750812,ergonomics,Q7394713,STEAM fields,2,0,0,1,True,model,2
row4554,Q1750812|Q57204579,3,Q1750812,ergonomics,Q57204579,social ecology,2,0,0,1,True,model,2
row4556,Q1750812|Q184784,3,Q1750812,ergonomics,Q184784,architectural drawing,2,0,0,1,True,model,2
row4563,Q1750812|Q2001056,3,Q1750812,ergonomics,Q2001056,land management,2,0,0,1,True,model,2
row4564,Q1750812|Q16602093,3,Q1750812,ergonomics,Q16602093,legislative drafting,2,0,0,1,True,model,2
row4566,Q1750812|Q2067634,3,Q1750812,ergonomics,Q2067634,quantity surveyor,2,0,0,1,True,model,2
row4569,Q1750812|Q60310061,3,Q1750812,ergonomics,Q60310061,branch of theology,2,0,0,1,True,model,2
row4570,Q1750812|Q55693872,3,Q1750812,ergonomics,Q55693872,medicine,2,0,0,1,True,model,2
row4571,Q1750812|Q6168352,3,Q1750812,ergonomics,Q6168352,jazz education,2,0,0,1,True,model,2
row4572,Q14644|Q17155032,0,Q14644,spyware,Q17155032,software category,1,1,1,1,True,model,1
row4573,Q483318|Q920890,0,Q483318,Symbian,Q920890,mobile operating system,1,1,1,1,True,model,1
row4574,Q483318|Q4885200,0,Q483318,Symbian,Q4885200,Windows Phone,2,1,0,0,True,model,2
row4576,Q483318|Q34825,0,Q483318,Symbian,Q34825,Windows Phone 8,3,1,0,0,False,bfs_auto_prune,
row4577,Q483318|Q18845397,0,Q483318,Symbian,Q18845397,Windows 10 Mobile,3,1,0,0,False,bfs_auto_prune,
row4578,Q483318|Q1854343,0,Q483318,Symbian,Q1854343,Windows Phone 7.x,3,1,0,0,False,bfs_auto_prune,
row4579,Q483318|Q15282750,0,Q483318,Symbian,Q15282750,Windows Phone 8.1,3,1,0,0,False,bfs_auto_prune,
row4581,Q1082861|Q4972100,2,Q1082861,long wave,Q4972100,broadcast band,1,1,1,1,True,model,1
row4582,Q1224749|Q317623,3,Q1224749,Digital Enhanced Cordless Telecommunications,Q317623,technical standard,1,1,1,1,True,model,1
row4583,Q1224749|Q45941145,3,Q1224749,Digital Enhanced Cordless Telecommunications,Q45941145,data standard,2,0,0,1,True,model,2
row4585,Q1224749|Q56277227,3,Q1224749,Digital Enhanced Cordless Telecommunications,Q56277227,Launch Unit,2,0,0,1,True,model,2
row4586,Q1224749|Q2309650,3,Q1224749,Digital Enhanced Cordless Telecommunications,Q2309650,MPEG-3,2,0,0,1,True,model,2
row4588,Q1224749|Q375479,3,Q1224749,Digital Enhanced Cordless Telecommunications,Q375479,standard illuminant,2,0,0,1,True,model,2
row4590,Q11155|Q5421990,3,Q11155,Border Gateway Protocol,Q5421990,exterior gateway protocol,1,1,1,1,True,model,1
row4591,Q200647|Q920890,0,Q200647,EPOC,Q920890,mobile operating system,1,1,1,1,True,model,1
row4592,Q200647|Q4885200,0,Q200647,EPOC,Q4885200,Windows Phone,2,1,0,0,True,model,2
row4593,Q200647|Q483318,0,Q200647,EPOC,Q483318,Symbian,2,1,0,0,True,model,2
row4595,Q200647|Q34825,0,Q200647,EPOC,Q34825,Windows Phone 8,3,1,0,0,False,bfs_auto_prune,
row4596,Q200647|Q941283,0,Q200647,EPOC,Q941283,S60,3,0,0,1,False,bfs_auto_prune,
row4597,Q200647|Q18845397,0,Q200647,EPOC,Q18845397,Windows 10 Mobile,3,1,0,0,False,bfs_auto_prune,
row4598,Q200647|Q1854343,0,Q200647,EPOC,Q1854343,Windows Phone 7.x,3,1,0,0,False,bfs_auto_prune,
row4599,Q200647|Q15282750,0,Q200647,EPOC,Q15282750,Windows Phone 8.1,3,1,0,0,False,bfs_auto_prune,
row4601,Q826165|Q7095059,4,Q826165,Web Ontology Language,Q7095059,ontology language,1,1,1,1,True,model,1
row4602,Q826165|Q2661442,4,Q826165,Web Ontology Language,Q2661442,W3C Recommendation,1,1,1,1,True,model,1
row4603,Q826165|Q235557,4,Q826165,Web Ontology Language,Q235557,file format,1,1,1,1,True,model,1
row4604,Q826165|Q13405544,4,Q826165,Web Ontology Language,Q13405544,frame language,2,1,1,1,True,model,2
row4605,Q826165|Q1572121,4,Q826165,Web Ontology Language,Q1572121,image file format,2,0,0,1,True,model,2
row4606,Q826165|Q467454,4,Q826165,Web Ontology Language,Q467454,Rich Text Format,2,0,0,1,True,model,2
row4607,Q826165|Q28009469,4,Q826165,Web Ontology Language,Q28009469,Python bytecode,2,0,0,1,True,model,2
row4608,Q826165|Q1955133,4,Q826165,Web Ontology Language,Q1955133,music file format,2,0,0,1,True,model,2
row4609,Q826165|Q1045785,4,Q826165,Web Ontology Language,Q1045785,semantic network,2,1,1,1,True,model,2
row4610,Q826165|Q2141493,4,Q826165,Web Ontology Language,Q2141493,OpenPGP,2,0,0,1,True,model,2
row4611,Q826165|Q34289060,4,Q826165,Web Ontology Language,Q34289060,Raw bitmap,2,0,0,1,True,model,2
row4612,Q826165|Q1224822,4,Q826165,Web Ontology Language,Q1224822,Digital Terrain Elevation Data,2,0,0,1,True,model,2
row4613,Q826165|Q29944450,4,Q826165,Web Ontology Language,Q29944450,StarOffice Impress,2,0,0,1,True,model,2
row4614,Q826165|Q29905212,4,Q826165,Web Ontology Language,Q29905212,StarOffice Draw,2,0,0,1,True,model,2
row4615,Q826165|Q42573997,4,Q826165,Web Ontology Language,Q42573997,readable file format,2,1,0,0,True,model,2
row4616,Q826165|Q5227180,4,Q826165,Web Ontology Language,Q5227180,Data Interchange Format,2,1,0,0,True,model,2
row4617,Q826165|Q26697935,4,Q826165,Web Ontology Language,Q26697935,PHP script,2,0,0,1,True,model,2
row4618,Q826165|Q682626,4,Q826165,Web Ontology Language,Q682626,audio file format,2,0,0,1,True,model,2
row4619,Q826165|Q863883,4,Q826165,Web Ontology Language,Q863883,Bink Video,2,0,0,1,True,model,2
row4620,Q826165|Q18359031,4,Q826165,Web Ontology Language,Q18359031,video file format,2,0,0,1,True,model,2
row4621,Q826165|Q1363415,4,Q826165,Web Ontology Language,Q1363415,MPEG program stream,2,0,0,1,True,model,2
row4622,Q826165|Q7079133,4,Q826165,Web Ontology Language,Q7079133,Office Open XML file formats,2,0,0,1,True,model,2
row4623,Q826165|Q1931564,4,Q826165,Web Ontology Language,Q1931564,Microsoft Access Database,2,0,0,1,True,model,2
row4624,Q826165|Q53756508,4,Q826165,Web Ontology Language,Q53756508,git packfile index,2,0,0,1,True,model,2
row4625,Q826165|Q29943476,4,Q826165,Web Ontology Language,Q29943476,StarOffice Writer,2,0,0,1,True,model,2
row4626,Q826165|Q27826463,4,Q826165,Web Ontology Language,Q27826463,Cascading Style Sheets file format family,2,0,0,1,True,model,2
row4627,Q826165|Q2594143,4,Q826165,Web Ontology Language,Q2594143,word net,3,1,1,1,True,model,3
row4628,Q826165|Q54837,4,Q826165,Web Ontology Language,Q54837,Semantic Web,3,1,1,1,True,model,3
row4629,Q826165|Q5172434,4,Q826165,Web Ontology Language,Q5172434,Corporate Semantic Web,4,1,1,1,True,model,4
row4630,Q826165|Q7550843,4,Q826165,Web Ontology Language,Q7550843,Social Semantic Web,4,1,1,1,True,model,4
row4631,Q846564|Q2719417,0,Q846564,conjunctive normal form,Q2719417,canonical normal form,1,1,1,1,True,model,1
row4632,Q432394|Q2165162,0,Q432394,assisted GNSS,Q2165162,GNSS augmentation,1,1,1,1,True,model,1
row4633,Q432394|Q5514336,0,Q432394,assisted GNSS,Q5514336,GNSS enhancement,2,1,1,1,True,model,2
row4635,Q747499|Q4825885,0,Q747499,RADIUS,Q4825885,authentication protocol,1,1,1,1,True,model,1
row4636,Q747499|Q15836568,0,Q747499,RADIUS,Q15836568,computer network protocol,1,1,1,1,True,model,1
row4637,Q747499|Q3359815,0,Q747499,RADIUS,Q3359815,PPPoX,2,0,0,1,True,model,2
row4638,Q747499|Q7878662,0,Q747499,RADIUS,Q7878662,multi-factor authentication,2,1,0,0,True,model,2
row4639,Q747499|Q430140,0,Q747499,RADIUS,Q430140,AAA protocol,2,1,1,1,True,model,1
row4640,Q747499|Q8777,0,Q747499,RADIUS,Q8777,Hypertext Transfer Protocol,2,1,0,0,True,model,2
row4641,Q747499|Q1678488,0,Q747499,RADIUS,Q1678488,TACACS,3,1,1,1,True,model,2
row4642,Q747499|Q1208648,0,Q747499,RADIUS,Q1208648,Diameter,3,1,1,1,True,model,2
row4643,Q487343|Q193395,4,Q487343,solid-state drive,Q193395,recording medium,1,1,1,1,True,model,1
row4644,Q487343|Q1420843,4,Q487343,solid-state drive,Q1420843,fiscal memory device,2,0,0,1,True,model,2
row4645,Q487343|Q12069280,4,Q487343,solid-state drive,Q12069280,slotRadio,2,0,0,1,True,model,2
row4646,Q249998|Q7692348,0,Q249998,signal bandwidth,Q7692348,technical limitation,1,1,1,1,True,model,1
row4647,Q249998|Q7554305,0,Q249998,signal bandwidth,Q7554305,Software incompatibility,2,0,1,0,True,model,2
row4648,Q249998|Q7275763,0,Q249998,signal bandwidth,Q7275763,RAM limit,2,0,1,0,True,model,2
row4649,Q249998|Q1221006,0,Q249998,signal bandwidth,Q1221006,maximum operating altitude,2,0,1,0,True,model,2
row4650,Q249998|Q852894,0,Q249998,signal bandwidth,Q852894,Year 2010 problem,2,0,1,0,True,model,2
row4651,Q249998|Q200974,0,Q249998,signal bandwidth,Q200974,nameplate capacity,2,0,1,0,True,model,2
row4652,Q249998|Q18210350,0,Q249998,signal bandwidth,Q18210350,bottleneck,2,0,1,0,True,model,2
row4653,Q249998|Q7295721,0,Q249998,signal bandwidth,Q7295721,rating,2,1,1,1,True,model,2
row4654,Q249998|Q1532594,0,Q249998,signal bandwidth,Q1532594,power rating,3,0,1,0,True,model,3
row4655,Q249998|Q390700,0,Q249998,signal bandwidth,Q390700,nominal voltage,3,0,1,0,True,model,3
row4656,Q168210|Q6055843,3,Q168210,Internet forum,Q6055843,internet genre,1,1,1,1,True,model,1
row4660,Q39369|Q208469,3,Q39369,hertz,Q208469,SI derived unit,1,1,1,1,True,model,1
row4661,Q39369|Q23808078,3,Q39369,hertz,Q23808078,Field  power  and root-power quantities,2,0,1,0,True,model,2
row4665,Q4929239|Q1914636,2,Q4929239,data collection,Q1914636,activity,1,1,1,1,True,model,1
row4666,Q4929239|Q7410159,2,Q4929239,data collection,Q7410159,sampling,2,0,0,1,True,model,2
row4667,Q4929239|Q6815577,2,Q4929239,data collection,Q6815577,memorialization,2,0,0,1,True,model,2
row4668,Q4929239|Q14204746,2,Q4929239,data collection,Q14204746,travelling with children,2,0,0,1,True,model,2
row4670,Q4929239|Q1168263,2,Q4929239,data collection,Q1168263,function,2,0,0,1,True,model,2
row4671,Q4929239|Q11977025,2,Q4929239,data collection,Q11977025,indexing (information technology),2,0,0,1,True,model,2
row4672,Q4929239|Q2912143,2,Q4929239,data collection,Q2912143,scapegoating,2,0,0,1,True,model,2
row4673,Q4929239|Q6765918,2,Q4929239,data collection,Q6765918,wrongdoing,2,0,0,1,True,model,2
row4674,Q4929239|Q1351959,2,Q4929239,data collection,Q1351959,insect farming,2,0,0,1,True,model,2
row4675,Q4929239|Q2518023,2,Q4929239,data collection,Q2518023,waste of resources,2,0,0,1,True,model,2
row4676,Q4929239|Q2142602,2,Q4929239,data collection,Q2142602,rehabilitation,2,0,0,1,True,model,2
row4677,Q4929239|Q2956685,2,Q4929239,data collection,Q2956685,disruption,2,0,0,1,True,model,2
row4679,Q4929239|Q2416571,2,Q4929239,data collection,Q2416571,Gekokujō,2,0,0,1,True,model,2
row4680,Q4929239|Q5377030,2,Q4929239,data collection,Q5377030,energy conservation measure,2,0,0,1,True,model,2
row4681,Q4929239|Q27939,2,Q4929239,data collection,Q27939,singing,2,0,0,1,True,model,2
row4682,Q1193354|Q55936932,4,Q1193354,IEEE 802.11n,Q55936932,IEEE standard version,1,1,1,1,True,model,1
row4683,Q4827433|Q15836568,0,Q4827433,Available Bit Rate,Q15836568,computer network protocol,1,1,1,1,True,model,1
row4684,Q4827433|Q1422324,0,Q4827433,Available Bit Rate,Q1422324,Telecommunications Management Network,2,1,0,0,True,model,2
row4686,Q4827433|Q3359815,0,Q4827433,Available Bit Rate,Q3359815,PPPoX,2,1,0,0,True,model,2
row4687,Q4827433|Q2622793,0,Q4827433,Available Bit Rate,Q2622793,JetDirect,2,0,0,1,True,model,2
row4688,Q193858|Q1328899,3,Q193858,International Electrotechnical Commission,Q1328899,standards organization,1,1,1,1,True,model,1
row4689,Q193858|Q294801,3,Q193858,International Electrotechnical Commission,Q294801,eco-control body,2,0,0,1,True,model,2
row4690,Q193858|Q51885731,3,Q193858,International Electrotechnical Commission,Q51885731,European Standardization Organization,2,1,1,1,True,model,2
row4691,Q193858|Q7835148,3,Q193858,International Electrotechnical Commission,Q7835148,transport standards organization,2,0,0,1,True,model,2
row4692,Q193858|Q52162350,3,Q193858,International Electrotechnical Commission,Q52162350,regional standards organisation,2,1,1,1,True,model,2
row4693,Q193858|Q15277759,3,Q193858,International Electrotechnical Commission,Q15277759,national standards organisation,2,1,1,1,True,model,2
row4694,Q193858|Q659206,3,Q193858,International Electrotechnical Commission,Q659206,Technischer Überwachungsverein,2,0,1,0,True,model,2
row4703,Q2264109|Q17028492,0,Q2264109,artificial general intelligence,Q17028492,hypothetical technology,1,1,1,1,True,model,1
row4704,Q2264109|Q1362473,0,Q2264109,artificial general intelligence,Q1362473,ethnic bioweapon,2,0,1,0,True,model,2
row4706,Q2264109|Q4200967,0,Q2264109,artificial general intelligence,Q4200967,Reactionless drive,2,0,1,0,True,model,2
row4707,Q2264109|Q56297767,0,Q2264109,artificial general intelligence,Q56297767,magnet motor,2,0,1,0,True,model,2
row4708,Q2264109|Q544405,0,Q2264109,artificial general intelligence,Q544405,femtotechnology,2,0,1,0,True,model,2
row4709,Q2264109|Q2427493,0,Q2264109,artificial general intelligence,Q2427493,picotechnology,2,0,1,0,True,model,2
row4710,Q2264109|Q12623,0,Q2264109,artificial general intelligence,Q12623,perpetual motion,2,0,1,0,True,model,2
row4711,Q2264109|Q7201655,0,Q2264109,artificial general intelligence,Q7201655,Plantoid,2,0,1,0,True,model,2
row4712,Q42283|Q290378,4,Q42283,File Transfer Protocol,Q290378,internet standard,1,1,1,1,True,model,1
row4713,Q42283|Q15836568,4,Q42283,File Transfer Protocol,Q15836568,computer network protocol,1,1,1,1,True,model,1
row4714,Q42283|Q16935517,4,Q42283,File Transfer Protocol,Q16935517,text-based protocol,1,1,1,1,True,model,1
row4715,Q42283|Q8777,4,Q42283,File Transfer Protocol,Q8777,Hypertext Transfer Protocol,2,0,0,1,True,model,2
row4716,Q42283|Q5013874,4,Q42283,File Transfer Protocol,Q5013874,CRFS (Coherent Remote File System),2,1,0,0,True,model,2
row4717,Q42283|Q2622793,4,Q42283,File Transfer Protocol,Q2622793,JetDirect,2,0,0,1,True,model,2
row4718,Q3109006|Q4830453,1,Q3109006,GlobeCast World TV,Q4830453,business,1,1,1,1,True,model,1
row4719,Q3109006|Q6881511,1,Q3109006,GlobeCast World TV,Q6881511,enterprise,1,1,1,1,True,model,1
row4720,Q3109006|Q2169973,1,Q3109006,GlobeCast World TV,Q2169973,service provider,1,1,1,1,True,model,1
row4721,Q3109006|Q112046,1,Q3109006,GlobeCast World TV,Q112046,transmission system operator,2,0,0,1,True,model,2
row4722,Q3109006|Q1266169,1,Q3109006,GlobeCast World TV,Q1266169,telephone company,2,0,0,1,True,model,2
row4723,Q3109006|Q7001190,1,Q3109006,GlobeCast World TV,Q7001190,network service provider,2,1,0,0,True,model,2
row4724,Q3109006|Q352450,1,Q3109006,GlobeCast World TV,Q352450,agency,2,1,1,1,True,model,2
row4725,Q3109006|Q921773,1,Q3109006,GlobeCast World TV,Q921773,engineering office,2,0,0,1,True,model,2
row4726,Q3109006|Q11371,1,Q3109006,GlobeCast World TV,Q11371,Internet service provider,2,0,1,0,True,model,2
row4727,Q3109006|Q1641122,1,Q3109006,GlobeCast World TV,Q1641122,online service provider,2,1,0,0,True,model,2
row4728,Q3109006|Q59545,1,Q3109006,GlobeCast World TV,Q59545,labour hire,2,0,0,1,True,model,2
row4729,Q3109006|Q7696092,1,Q3109006,GlobeCast World TV,Q7696092,telecommunications service provider,2,1,0,0,True,model,2
row4731,Q3109006|Q1956140,1,Q3109006,GlobeCast World TV,Q1956140,payment service provider,2,0,0,1,True,model,2
row4733,Q3109006|Q1341230,1,Q3109006,GlobeCast World TV,Q1341230,energy agency,3,0,1,0,True,model,3
row4734,Q392516|Q3244038,2,Q392516,Agence française de sécurité sanitaire des produits de santé,Q3244038,public establishment of an administrative nature,1,1,1,1,True,model,1
row4737,Q392516|Q2944984,2,Q392516,Agence française de sécurité sanitaire des produits de santé,Q2944984,community center,2,0,0,1,True,model,2
row4738,Q392516|Q51704864,2,Q392516,Agence française de sécurité sanitaire des produits de santé,Q51704864,national public establishment of an administrative nature,2,1,0,0,True,model,2
row4740,Q392516|Q2933302,2,Q392516,Agence française de sécurité sanitaire des produits de santé,Q2933302,School fund,2,0,0,1,True,model,2
row4741,Q392516|Q3591561,2,Q392516,Agence française de sécurité sanitaire des produits de santé,Q3591561,public cultural cooperation establishment,2,0,0,1,True,model,2
row4742,Q392516|Q423785,2,Q392516,Agence française de sécurité sanitaire des produits de santé,Q423785,community of communes,2,0,0,1,True,model,2
row4743,Q392516|Q159321,2,Q392516,Agence française de sécurité sanitaire des produits de santé,Q159321,agglomeration community,2,0,0,1,True,model,2
row4744,Q392516|Q3480432,2,Q392516,Agence française de sécurité sanitaire des produits de santé,Q3480432,Departmental Fire and Rescue Service (SDIS),2,0,0,1,True,model,2
row4745,Q392516|Q3591580,2,Q392516,Agence française de sécurité sanitaire des produits de santé,Q3591580,établissement public local d'enseignement,2,0,0,1,True,model,2
row4747,Q392516|Q3333855,2,Q392516,Agence française de sécurité sanitaire des produits de santé,Q3333855,Métropole,2,0,0,1,True,model,2
row4748,Q392516|Q976195,2,Q392516,Agence française de sécurité sanitaire des produits de santé,Q976195,Single purpose inter municipal association,2,0,0,1,True,model,2
row4750,Q392516|Q3006228,2,Q392516,Agence française de sécurité sanitaire des produits de santé,Q3006228,crédit municipal,2,0,0,1,True,model,2
row4751,Q392516|Q2826708,2,Q392516,Agence française de sécurité sanitaire des produits de santé,Q2826708,Agence régionale de santé,2,1,0,0,True,model,2
row4752,Q392516|Q423790,2,Q392516,Agence française de sécurité sanitaire des produits de santé,Q423790,urban community,2,0,0,1,True,model,2
row4755,Q18979|Q151885,3,Q18979,Kanban,Q151885,concept,1,1,1,1,True,model,1
row4756,Q18979|Q23847174,3,Q18979,Kanban,Q23847174,religious concept,2,0,0,1,True,model,2
row4757,Q18979|Q55387456,3,Q18979,Kanban,Q55387456,aesthetic concept,2,0,0,1,True,model,2
row4758,Q18979|Q24457356,3,Q18979,Kanban,Q24457356,historiographical concept,2,0,0,1,True,model,2
row4759,Q18979|Q61000422,3,Q18979,Kanban,Q61000422,identity lane,2,0,0,1,True,model,2
row4761,Q18979|Q33104129,3,Q18979,Kanban,Q33104129,sociological concept,2,0,0,1,True,model,2
row4762,Q18979|Q33104279,3,Q18979,Kanban,Q33104279,philosophical concept,2,0,0,1,True,model,2
row4763,Q18979|Q41172303,3,Q18979,Kanban,Q41172303,core concept,2,0,0,1,True,model,2
row4767,Q18979|Q24339576,3,Q18979,Kanban,Q24339576,Norse concept,2,0,0,1,True,model,2
row4768,Q18979|Q2135465,3,Q18979,Kanban,Q2135465,legal concept,2,0,0,1,True,model,2
row4769,Q18979|Q131841,3,Q18979,Kanban,Q131841,idea,2,0,0,1,True,model,2
row4770,Q18979|Q200230,3,Q18979,Kanban,Q200230,classical element,2,0,0,1,True,model,2
row4771,Q18979|Q4386060,3,Q18979,Kanban,Q4386060,cognitive architecture,2,0,0,1,True,model,2
row4772,Q18979|Q56291515,3,Q18979,Kanban,Q56291515,future technology,2,0,0,1,True,model,2
row4773,Q18979|Q2890061,3,Q18979,Kanban,Q2890061,special case,2,0,0,1,True,model,2
row4774,Q18979|Q29028649,3,Q18979,Kanban,Q29028649,economic concept,2,0,0,1,True,model,2
row4775,Q18979|Q21651927,3,Q18979,Kanban,Q21651927,sacred,2,0,0,1,True,model,2
row4776,Q18979|Q17737,3,Q18979,Kanban,Q17737,theory,2,0,0,1,True,model,2
row4777,Q18979|Q188520,3,Q18979,Kanban,Q188520,classical element,2,0,0,1,True,model,2
row4778,Q18979|Q6453739,3,Q18979,Kanban,Q6453739,primitive notion,2,0,0,1,True,model,2
row4780,Q18979|Q1969448,3,Q18979,Kanban,Q1969448,term,2,1,0,0,True,model,2
row4781,Q18979|Q827451,3,Q18979,Kanban,Q827451,equity,2,0,0,1,True,model,2
row4782,Q18979|Q14944328,3,Q18979,Kanban,Q14944328,example,2,0,0,1,True,model,2
row4783,Q18979|Q3033600,3,Q18979,Kanban,Q3033600,public trust doctrine,2,0,0,1,True,model,2
row4784,Q18979|Q167312,3,Q18979,Kanban,Q167312,dualism,2,0,0,1,True,model,2
row4785,Q18979|Q24034552,3,Q18979,Kanban,Q24034552,mathematical concept,2,0,0,1,True,model,2
row4786,Q11885120|Q20198160,4,Q11885120,Vorbis,Q20198160,lossy audio coding format,1,1,1,1,True,model,1
row4787,Q11885120|Q682626,4,Q11885120,Vorbis,Q682626,audio file format,1,1,1,1,True,model,1
row4788,Q11885120|Q3415066,4,Q11885120,Vorbis,Q3415066,Raw audio,2,1,0,0,True,model,2
row4789,Q11885120|Q17144022,4,Q11885120,Vorbis,Q17144022,stem,2,0,0,1,True,model,2
row4790,Q11885120|Q300036,4,Q11885120,Vorbis,Q300036,Adaptive Transform Acoustic Coding,2,1,0,0,True,model,2
row4791,Q11885120|Q379637,4,Q11885120,Vorbis,Q379637,Multi-Band Excitation,2,1,0,0,True,model,2
row4792,Q11885120|Q758853,4,Q11885120,Vorbis,Q758853,Audio Interchange File Format,2,1,0,0,True,model,2
row4793,Q752245|Q1441762,2,Q752245,widescreen,Q1441762,aspect ratio,1,1,1,1,True,model,1
row4794,Q752245|Q5502646,2,Q752245,widescreen,Q5502646,French standard size for oil paintings,2,0,0,1,True,model,2
row4795,Q752245|Q21075810,2,Q752245,widescreen,Q21075810,height to width ratio,2,1,0,0,True,model,2
row4796,Q752245|Q3420077,2,Q752245,widescreen,Q3420077,display aspect ratio,2,1,0,0,True,model,2
row4797,Q752245|Q20970434,2,Q752245,widescreen,Q20970434,width to height aspect ratio,2,1,0,0,True,model,2
row4798,Q752245|Q588886,2,Q752245,widescreen,Q588886,pixel aspect ratio,3,1,0,0,False,bfs_auto_prune,
row4799,Q752245|Q2989696,2,Q752245,widescreen,Q2989696,proportions of flags,3,0,0,1,False,bfs_auto_prune,
row4802,Q1026962|Q11862829,2,Q1026962,digital humanities,Q11862829,academic discipline,1,1,1,1,True,model,1
row4803,Q1026962|Q2465832,2,Q1026962,digital humanities,Q2465832,branch of science,1,1,1,1,True,model,1
row4805,Q1026962|Q2001056,2,Q1026962,digital humanities,Q2001056,land management,2,0,0,1,True,model,2
row4809,Q1026962|Q57204579,2,Q1026962,digital humanities,Q57204579,social ecology,2,0,0,1,True,model,2
row4810,Q1026962|Q60310061,2,Q1026962,digital humanities,Q60310061,branch of theology,2,0,0,1,True,model,2
row4811,Q1026962|Q184784,2,Q1026962,digital humanities,Q184784,architectural drawing,2,0,0,1,True,model,2
row4813,Q1026962|Q28598684,2,Q1026962,digital humanities,Q28598684,branch of biology,2,0,0,1,True,model,2
row4815,Q1026962|Q6168352,2,Q1026962,digital humanities,Q6168352,jazz education,2,0,0,1,True,model,2
row4817,Q188816|Q756230,2,Q188816,Lightweight Directory Access Protocol,Q756230,directory service,1,1,1,1,True,model,1
row4818,Q188816|Q15836568,2,Q188816,Lightweight Directory Access Protocol,Q15836568,computer network protocol,1,1,1,1,True,model,1
row4819,Q188816|Q8777,2,Q188816,Lightweight Directory Access Protocol,Q8777,Hypertext Transfer Protocol,2,0,0,1,True,model,2
row4820,Q188816|Q5013874,2,Q188816,Lightweight Directory Access Protocol,Q5013874,CRFS (Coherent Remote File System),2,0,0,1,True,model,2
row4821,Q188816|Q203087,2,Q188816,Lightweight Directory Access Protocol,Q203087,signaling protocol,2,0,0,1,True,model,2
row4822,Q188816|Q3359815,2,Q188816,Lightweight Directory Access Protocol,Q3359815,PPPoX,2,0,0,1,True,model,2
row4823,Q188816|Q1422324,2,Q188816,Lightweight Directory Access Protocol,Q1422324,Telecommunications Management Network,2,1,0,0,True,model,2
row4824,Q188816|Q28380029,2,Q188816,Lightweight Directory Access Protocol,Q28380029,network file system,2,0,0,1,True,model,2
row4825,Q188816|Q2622793,2,Q188816,Lightweight Directory Access Protocol,Q2622793,JetDirect,2,0,0,1,True,model,2
row4826,Q188816|Q1417548,2,Q188816,Lightweight Directory Access Protocol,Q1417548,Metadirectory,2,1,0,0,True,model,2
row4836,Q1254596|Q815823,0,Q1254596,software as a service,Q815823,business model,1,1,1,1,True,model,1
row4837,Q1254596|Q348303,0,Q1254596,software as a service,Q348303,crowd funding,2,0,1,0,True,model,2
row4838,Q1254596|Q214242,0,Q1254596,software as a service,Q214242,pyramid scheme,2,0,1,0,True,model,2
row4839,Q1254596|Q5441151,0,Q1254596,software as a service,Q5441151,fee-for-service,2,1,0,0,True,model,2
row4840,Q1254596|Q322948,0,Q1254596,software as a service,Q322948,subscription,2,1,1,1,True,model,2
row4841,Q1254596|Q179106,0,Q1254596,software as a service,Q179106,product-service system,2,1,0,0,True,model,2
row4842,Q1254596|Q194189,0,Q1254596,software as a service,Q194189,sales,2,1,0,0,True,model,2
row4843,Q1254596|Q5280224,0,Q1254596,software as a service,Q5280224,Direct-to-consumer,2,1,0,0,True,model,2
row4844,Q1254596|Q837171,0,Q1254596,software as a service,Q837171,financial service,2,0,1,0,True,model,2
row4845,Q1254596|Q219407,0,Q1254596,software as a service,Q219407,Ponzi scheme,2,0,1,0,True,model,2
row4846,Q19900|Q4830453,1,Q19900,Oracle,Q4830453,business,1,1,1,1,True,model,1
row4847,Q19900|Q891723,1,Q19900,Oracle,Q891723,public company,1,1,1,1,True,model,1
row4848,Q19900|Q30688741,1,Q19900,Oracle,Q30688741,virtual restaurant,2,0,0,1,True,model,2
row4849,Q19900|Q811404,1,Q19900,Oracle,Q811404,Bauhof,2,0,0,1,True,model,2
row4850,Q19900|Q2566474,1,Q19900,Oracle,Q2566474,sutler,2,0,0,1,True,model,2
row4852,Q19900|Q1719063,1,Q19900,Oracle,Q1719063,betting shop,2,0,0,1,True,model,2
row4853,Q19900|Q1109680,1,Q19900,Oracle,Q1109680,small business,2,0,0,1,True,model,2
row4854,Q19900|Q50825050,1,Q19900,Oracle,Q50825050,Concession company,2,0,0,1,True,model,2
row4855,Q19900|Q7830259,1,Q19900,Oracle,Q7830259,Township and Village Enterprises,2,0,0,1,True,model,2
row4856,Q19900|Q2865305,1,Q19900,Oracle,Q2865305,trading company,2,0,0,1,True,model,2
row4858,Q19900|Q1132207,1,Q19900,Oracle,Q1132207,business incubator,2,0,0,1,True,model,2
row4859,Q19900|Q16968466,1,Q19900,Oracle,Q16968466,regional health authority,2,0,0,1,True,model,2
row4860,Q19900|Q220142,1,Q19900,Oracle,Q220142,pet store,2,0,0,1,True,model,2
row4861,Q19900|Q161726,1,Q19900,Oracle,Q161726,multinational corporation,2,1,0,0,True,model,2
row4862,Q19900|Q5384579,1,Q19900,Oracle,Q5384579,Equipment rental,2,0,0,1,True,model,2
row4863,Q19900|Q23017800,1,Q19900,Oracle,Q23017800,large-cap,2,0,0,1,True,model,2
row4865,Q19900|Q1058914,1,Q19900,Oracle,Q1058914,software company,2,1,0,0,True,model,2
row4866,Q19900|Q835400,1,Q19900,Oracle,Q835400,combine,2,0,0,1,True,model,2
row4867,Q19900|Q25112142,1,Q19900,Oracle,Q25112142,dental service organization,2,0,0,1,True,model,2
row4868,Q1481411|Q1047113,0,Q1481411,IT service management,Q1047113,specialty,1,1,1,1,True,model,1
row4869,Q1481411|Q268592,0,Q1481411,IT service management,Q268592,industry,1,1,1,1,True,model,1
row4870,Q1481411|Q60031086,0,Q1481411,IT service management,Q60031086,branch of pseudoscience,2,0,0,1,True,model,2
row4871,Q1481411|Q28640,0,Q1481411,IT service management,Q28640,profession,2,1,0,0,True,model,2
row4872,Q1481411|Q21157865,0,Q1481411,IT service management,Q21157865,technology industry,2,1,0,0,True,model,2
row4873,Q1481411|Q112046,0,Q1481411,IT service management,Q112046,transmission system operator,2,0,1,0,True,model,2
row4874,Q1481411|Q134995,0,Q1481411,IT service management,Q134995,bibliography,2,0,0,1,True,model,2
row4875,Q1481411|Q1553237,0,Q1481411,IT service management,Q1553237,settlement,2,0,0,1,True,model,2
row4876,Q1481411|Q682496,0,Q1481411,IT service management,Q682496,systems engineering,2,1,0,0,True,model,2
row4878,Q1481411|Q1879301,0,Q1481411,IT service management,Q1879301,noise control,2,0,0,1,True,model,2
row4879,Q1958286|Q11016,1,Q1958286,web indexing,Q11016,technology,1,1,1,1,True,model,1
row4880,Q1958286|Q104954,1,Q1958286,web indexing,Q104954,radio-frequency identification,2,0,0,1,True,model,2
row4881,Q1958286|Q12825931,1,Q1958286,web indexing,Q12825931,alloying,2,0,0,1,True,model,2
row4882,Q1958286|Q743030,1,Q1958286,web indexing,Q743030,environmental technology,2,0,0,1,True,model,2
row4884,Q1958286|Q2976619,1,Q1958286,web indexing,Q2976619,Brazilian science and technology,2,0,0,1,True,model,2
row4885,Q1958286|Q48772760,1,Q1958286,web indexing,Q48772760,Solar energy conversion,2,0,0,1,True,model,2
row4886,Q1958286|Q4704909,1,Q1958286,web indexing,Q4704909,Ancient Greek technology,2,0,0,1,True,model,2
row4887,Q1958286|Q7449091,1,Q1958286,web indexing,Q7449091,Semantic technology,2,0,0,1,True,model,2
row4888,Q1958286|Q5063947,1,Q1958286,web indexing,Q5063947,low floor technology,2,0,0,1,True,model,2
row4889,Q1958286|Q4787070,1,Q1958286,web indexing,Q4787070,architectural technology,2,0,0,1,True,model,2
row4890,Q1958286|Q5375154,1,Q1958286,web indexing,Q5375154,Enabling technology,2,0,0,1,True,model,2
row4891,Q1958286|Q6764311,1,Q1958286,web indexing,Q6764311,marine technology,2,0,0,1,True,model,2
row4892,Q1958286|Q5532632,1,Q1958286,web indexing,Q5532632,generative systems,2,0,0,1,True,model,2
row4893,Q1958286|Q1415656,1,Q1958286,web indexing,Q1415656,hierarchical storage management,2,0,0,1,True,model,2
row4894,Q1958286|Q19292902,1,Q1958286,web indexing,Q19292902,vehicle safety technology,2,0,0,1,True,model,2
row4895,Q1958286|Q7681758,1,Q1958286,web indexing,Q7681758,tamper-evident technology,2,0,0,1,True,model,2
row4896,Q1958286|Q348091,1,Q1958286,web indexing,Q348091,nuclear technology,2,0,0,1,True,model,2
row4897,Q1958286|Q2865882,1,Q1958286,web indexing,Q2865882,industrial arts,2,0,0,1,True,model,2
row4899,Q1958286|Q7048992,1,Q1958286,web indexing,Q7048992,non-profit technology,2,0,0,1,True,model,2
row4900,Q1958286|Q12739,1,Q1958286,web indexing,Q12739,nuclear power,2,0,0,1,True,model,2
row4901,Q1958286|Q6140109,1,Q1958286,web indexing,Q6140109,materials technology,2,0,0,1,True,model,2
row4902,Q1958286|Q211017,1,Q1958286,web indexing,Q211017,e-government,2,0,0,1,True,model,2
row4903,Q1958286|Q23001701,1,Q1958286,web indexing,Q23001701,technics,2,1,0,0,True,model,2
row4904,Q1958286|Q7096284,1,Q1958286,web indexing,Q7096284,web platform,2,1,0,0,True,model,2
row4905,Q1958286|Q10952243,1,Q1958286,web indexing,Q10952243,industrial technology,2,0,0,1,True,model,2
row4906,Q1958286|Q282413,1,Q1958286,web indexing,Q282413,Roman technology,2,0,0,1,True,model,2
row4907,Q1958286|Q538722,1,Q1958286,web indexing,Q538722,Applied Computer Science,2,0,0,1,True,model,2
row4908,Q1958286|Q56297438,1,Q1958286,web indexing,Q56297438,header bidding,2,0,0,1,True,model,2
row4909,Q1958286|Q54006339,1,Q1958286,web indexing,Q54006339,display technology,2,0,0,1,True,model,2
row4910,Q1958286|Q208163,1,Q1958286,web indexing,Q208163,signal processing,2,0,0,1,True,model,2
row4911,Q1958286|Q180165,1,Q1958286,web indexing,Q180165,mechatronics,2,0,0,1,True,model,2
row4912,Q1958286|Q11951087,1,Q1958286,web indexing,Q11951087,agriculture and food technology,2,0,0,1,True,model,2
row4913,Q1958286|Q1001378,1,Q1958286,web indexing,Q1001378,cinematic technique,2,0,0,1,True,model,2
row4915,Q1958286|Q329864,1,Q1958286,web indexing,Q329864,military technology,2,0,0,1,True,model,2
row4916,Q1958286|Q6941971,1,Q1958286,web indexing,Q6941971,music instrument technology,2,0,0,1,True,model,2
row4917,Q1958286|Q537823,1,Q1958286,web indexing,Q537823,appropriate technology,2,0,0,1,True,model,2
row4918,Q1958286|Q4086911,1,Q1958286,web indexing,Q4086911,biomedical technology,2,0,0,1,True,model,2
row4919,Q1958286|Q1392806,1,Q1958286,web indexing,Q1392806,drug delivery,2,0,0,1,True,model,2
row4920,Q1958286|Q1519843,1,Q1958286,web indexing,Q1519843,health technology,2,0,0,1,True,model,2
row4921,Q1958286|Q1916441,1,Q1958286,web indexing,Q1916441,media technology,2,0,0,1,True,model,2
row4922,Q1958286|Q60790901,1,Q1958286,web indexing,Q60790901,Pedestrian crash avoidance mitigation,2,0,0,1,True,model,2
row4923,Q1958286|Q1068473,1,Q1958286,web indexing,Q1068473,educational technology,2,0,0,1,True,model,2
row4924,Q1958286|Q6887246,1,Q1958286,web indexing,Q6887246,mobile technology,2,0,0,1,True,model,2
row4925,Q1958286|Q911772,1,Q1958286,web indexing,Q911772,technical chemistry,2,0,0,1,True,model,2
row4926,Q1502887|Q184876,2,Q1502887,geodetic reference system,Q184876,frame of reference,1,1,1,1,True,model,1
row4927,Q1502887|Q11210,2,Q1502887,geodetic reference system,Q11210,coordinate system,2,1,0,0,True,model,2
row4928,Q1502887|Q9364781,2,Q1502887,geodetic reference system,Q9364781,vertical datum,3,0,1,0,True,model,1
row4929,Q1502887|Q3690029,2,Q1502887,geodetic reference system,Q3690029,light cone coordinates,3,0,0,1,False,bfs_auto_prune,
row4930,Q1502887|Q743590,2,Q1502887,geodetic reference system,Q743590,ECEF,3,0,0,1,False,bfs_auto_prune,
row4931,Q1502887|Q1672915,2,Q1502887,geodetic reference system,Q1672915,Irish Transverse Mercator,3,0,1,0,True,model,1
row4932,Q1502887|Q161779,2,Q1502887,geodetic reference system,Q161779,spatial reference system,3,1,0,0,False,bfs_auto_prune,
row4933,Q1502887|Q6034127,2,Q1502887,geodetic reference system,Q6034127,initial point,3,0,1,0,True,model,1
row4934,Q1502887|Q35689,2,Q1502887,geodetic reference system,Q35689,number line,3,0,0,1,False,bfs_auto_prune,
row4935,Q1502887|Q28036746,2,Q1502887,geodetic reference system,Q28036746,terrestrial coordinate system,3,1,0,0,False,bfs_auto_prune,
row4936,Q1502887|Q3427500,2,Q1502887,geodetic reference system,Q3427500,Darboux frame,3,1,0,0,False,bfs_auto_prune,
row4937,Q1502887|Q382510,2,Q1502887,geodetic reference system,Q382510,affine coordinate system,3,0,0,1,False,bfs_auto_prune,
row4938,Q1502887|Q18155718,2,Q1502887,geodetic reference system,Q18155718,Web Mercator,3,0,1,0,True,model,1
row4939,Q1502887|Q2383591,2,Q1502887,geodetic reference system,Q2383591,bipolar coordinates,3,1,0,0,False,bfs_auto_prune,
row4940,Q1502887|Q11902211,2,Q1502887,geodetic reference system,Q11902211,World Geodetic System 1984,3,0,1,0,True,model,1
row4941,Q1502887|Q22664,2,Q1502887,geodetic reference system,Q22664,geographic coordinate system,3,1,0,0,False,bfs_auto_prune,
row4942,Q1502887|Q28908158,2,Q1502887,geodetic reference system,Q28908158,World Geodetic System 1972,3,0,1,0,True,model,1
row4943,Q230187|Q3405599,3,Q230187,crosstalk,Q3405599,electrical phenomenon,1,1,1,1,True,model,1
row4944,Q230187|Q17080379,3,Q230187,crosstalk,Q17080379,shaft voltage,2,0,1,0,True,model,2
row4945,Q230187|Q858318,3,Q230187,crosstalk,Q858318,pyroelectricity,2,0,0,1,True,model,2
row4946,Q229804|Q783794,0,Q229804,3rd Generation Partnership Project,Q783794,company,1,1,1,1,True,model,1
row4947,Q229804|Q43229,0,Q229804,3rd Generation Partnership Project,Q43229,organization,1,1,1,1,True,model,1
row4948,Q229804|Q4830453,0,Q229804,3rd Generation Partnership Project,Q4830453,business,1,1,1,1,True,model,1
row4951,Q229804|Q1132207,0,Q229804,3rd Generation Partnership Project,Q1132207,business incubator,2,0,0,1,True,model,2
row4952,Q229804|Q1585340,0,Q229804,3rd Generation Partnership Project,Q1585340,arbitration board,2,0,0,1,True,model,2
row4954,Q229804|Q56342478,0,Q229804,3rd Generation Partnership Project,Q56342478,tourism company,2,0,0,1,True,model,2
row4955,Q229804|Q856625,0,Q229804,3rd Generation Partnership Project,Q856625,branch of libraries,2,0,0,1,True,model,2
row4956,Q229804|Q1517730,0,Q229804,3rd Generation Partnership Project,Q1517730,Geschichtskommission,2,0,0,1,True,model,2
row4957,Q229804|Q23017800,0,Q229804,3rd Generation Partnership Project,Q23017800,large-cap,2,0,0,1,True,model,2
row4959,Q229804|Q10686791,0,Q229804,3rd Generation Partnership Project,Q10686791,sewing circle,2,0,0,1,True,model,2
row4960,Q229804|Q28523131,0,Q229804,3rd Generation Partnership Project,Q28523131,organization based in Belarus,2,0,0,1,True,model,2
row4961,Q229804|Q294163,0,Q229804,3rd Generation Partnership Project,Q294163,public institution,2,0,0,1,True,model,2
row4962,Q1933140|Q47574,3,Q1933140,carbon dioxide equivalent,Q47574,unit of measurement,1,1,1,1,True,model,1
row4963,Q1933140|Q1514559,3,Q1933140,carbon dioxide equivalent,Q1514559,degree day,2,0,0,1,True,model,2
row4964,Q1933140|Q7351621,3,Q1933140,carbon dioxide equivalent,Q7351621,unit of data rate,2,0,0,1,True,model,2
row4965,Q1933140|Q16782623,3,Q1933140,carbon dioxide equivalent,Q16782623,English unit of measurement,2,0,0,1,True,model,2
row4966,Q1933140|Q50808019,3,Q1933140,carbon dioxide equivalent,Q50808019,unit of moment of inertia,2,0,0,1,True,model,2
row4968,Q1933140|Q2961801,3,Q1933140,carbon dioxide equivalent,Q2961801,Gunter's chain,2,0,0,1,True,model,2
row4969,Q1933140|Q2360980,3,Q1933140,carbon dioxide equivalent,Q2360980,unit of amount,2,0,0,1,True,model,2
row4971,Q17079392|Q43229,3,Q17079392,TSDSI,Q43229,organization,1,1,1,1,True,model,1
row4973,Q17079392|Q597897,3,Q17079392,TSDSI,Q597897,nation,2,0,0,1,True,model,2
row4974,Q17079392|Q5380419,3,Q17079392,TSDSI,Q5380419,Enterprises in the Soviet Union,2,0,0,1,True,model,2
row4975,Q17079392|Q17222171,3,Q17079392,TSDSI,Q17222171,federation of agricultural cooperative associations,2,0,0,1,True,model,2
row4977,Q17079392|Q1311569,3,Q17079392,TSDSI,Q1311569,Railway divisions in Germany,2,0,0,1,True,model,2
row4978,Q17079392|Q58001476,3,Q17079392,TSDSI,Q58001476,condado (Spain),2,0,0,1,True,model,2
row4979,Q17079392|Q856625,3,Q17079392,TSDSI,Q856625,branch of libraries,2,0,0,1,True,model,2
row4980,Q17079392|Q55634774,3,Q17079392,TSDSI,Q55634774,teal organisation,2,0,0,1,True,model,2
row4981,Q17079392|Q5055151,3,Q17079392,TSDSI,Q5055151,caving organization,2,0,0,1,True,model,2
row4983,Q17079392|Q5155040,3,Q17079392,TSDSI,Q5155040,community project,2,0,0,1,True,model,2
row4984,Q17079392|Q10686791,3,Q17079392,TSDSI,Q10686791,sewing circle,2,0,0,1,True,model,2
row4985,Q17079392|Q3119880,3,Q17079392,TSDSI,Q3119880,rondas campesinas,2,0,0,1,True,model,2
row4987,Q17079392|Q26180917,3,Q17079392,TSDSI,Q26180917,hiking center,2,0,0,1,True,model,2
row4988,Q17079392|Q47533065,3,Q17079392,TSDSI,Q47533065,disability organization,2,0,0,1,True,model,2
row4989,Q17079392|Q1390062,3,Q17079392,TSDSI,Q1390062,fab lab,2,0,0,1,True,model,2
row4990,Q17079392|Q816676,3,Q17079392,TSDSI,Q816676,Notified Body,2,0,0,1,True,model,2
row4991,Q17079392|Q1517730,3,Q17079392,TSDSI,Q1517730,Geschichtskommission,2,0,0,1,True,model,2
row4992,Q17079392|Q28523131,3,Q17079392,TSDSI,Q28523131,organization based in Belarus,2,0,0,1,True,model,2
row4993,Q17079392|Q7392579,3,Q17079392,TSDSI,Q7392579,Software Process Improvement Network,2,0,0,1,True,model,2
row4994,Q17079392|Q17092674,3,Q17079392,TSDSI,Q17092674,redistricting commission,2,0,0,1,True,model,2
row4996,Q309901|Q151885,4,Q309901,open data,Q151885,concept,1,1,1,1,True,model,1
row4997,Q309901|Q627436,4,Q309901,open data,Q627436,field of work,1,1,1,1,True,model,1
row4998,Q309901|Q595523,4,Q309901,open data,Q595523,notion,1,1,1,1,True,model,1
row4999,Q309901|Q12558574,4,Q309901,open data,Q12558574,point of view,2,0,0,1,True,model,2
row5000,Q309901|Q217102,4,Q309901,open data,Q217102,conservation,2,0,0,1,True,model,2
row5001,Q2407|Q5499621,4,Q2407,C++,Q5499621,free-form language,1,1,1,1,True,model,1
row5002,Q2407|Q12772052,4,Q2407,C++,Q12772052,multi-paradigm programming language,1,1,1,1,True,model,1
row5003,Q2407|Q651794,4,Q2407,C++,Q651794,compiled language,1,1,1,1,True,model,1
row5004,Q2407|Q9143,4,Q2407,C++,Q9143,programming language,1,1,1,1,True,model,1
row5005,Q2407|Q3839507,4,Q2407,C++,Q3839507,functional programming language,1,1,1,1,True,model,1
row5006,Q2407|Q899523,4,Q2407,C++,Q899523,object-based language,1,1,1,1,True,model,1
row5007,Q2407|Q28922885,4,Q2407,C++,Q28922885,procedural programming language,1,1,1,1,True,model,1
row5008,Q2407|Q28923026,4,Q2407,C++,Q28923026,generic programming language,1,1,1,1,True,model,1
row5009,Q2407|Q4117397,4,Q2407,C++,Q4117397,systems programming language,2,1,1,1,True,model,2
row5010,Q2407|Q28922858,4,Q2407,C++,Q28922858,class-based programming language,2,1,1,1,True,model,2
row5012,Q2407|Q1993334,4,Q2407,C++,Q1993334,interpreted language,2,0,1,0,True,model,2
row5013,Q2407|Q28920117,4,Q2407,C++,Q28920117,structured programming language,2,1,1,1,True,model,2
row5014,Q2407|Q28920181,4,Q2407,C++,Q28920181,dataflow programming language,2,0,1,0,True,model,2
row5015,Q2407|Q3700468,4,Q2407,C++,Q3700468,DMCL,2,0,0,1,True,model,2
row5016,Q2407|Q28923013,4,Q2407,C++,Q28923013,inductive logic programming language,2,0,1,0,True,model,2
row5017,Q2407|Q7998546,4,Q2407,C++,Q7998546,wide-spectrum language,2,1,1,1,True,model,2
row5018,Q2407|Q28920795,4,Q2407,C++,Q28920795,function-level language,2,1,1,1,True,model,2
row5019,Q29001086|Q6545185,2,Q29001086,autonomous system number,Q6545185,unique identifier,1,1,1,1,True,model,1
row5022,Q29001086|Q36962099,2,Q29001086,autonomous system number,Q36962099,cultural heritage identifier,2,0,0,1,True,model,2
row5024,Q17054505|Q1346018,3,Q17054505,Google Cloud Platform,Q1346018,infrastructure as a service,1,1,1,1,True,model,1
row5025,Q17054505|Q1153767,3,Q17054505,Google Cloud Platform,Q1153767,platform as a service,1,1,1,1,True,model,1
row5027,Q2078|Q20155966,1,Q2078,Scalable Vector Graphics,Q20155966,XML-based format,1,1,1,1,True,model,1
row5028,Q2078|Q576465,1,Q2078,Scalable Vector Graphics,Q576465,GPS eXchange Format,2,0,0,1,True,model,2
row5031,Q1146165|Q132364,1,Q1146165,Extensible Authentication Protocol,Q132364,communication protocol,1,1,1,1,True,model,1
row5032,Q1146165|Q165194,1,Q1146165,Extensible Authentication Protocol,Q165194,application programming interface,2,0,0,1,True,model,2
row5033,Q1146165|Q886092,1,Q1146165,Extensible Authentication Protocol,Q886092,Bluetooth profile,2,0,0,1,True,model,2
row5034,Q1146165|Q974922,1,Q1146165,Extensible Authentication Protocol,Q974922,Web Map Service,2,0,0,1,True,model,2
row5035,Q1146165|Q15836568,1,Q1146165,Extensible Authentication Protocol,Q15836568,computer network protocol,2,1,0,0,True,model,2
row5036,Q5392830|Q557685,1,Q5392830,encoder,Q557685,industrial plant,1,1,1,1,True,model,1
row5037,Q5392830|Q1897785,1,Q5392830,encoder,Q1897785,photovoltaic system,2,0,0,1,True,model,2
row5038,Q5392830|Q1489497,1,Q5392830,encoder,Q1489497,building management system,2,0,0,1,True,model,2
row5039,Q5392830|Q256132,1,Q5392830,encoder,Q256132,telephone exchange,2,0,0,1,True,model,2
row5040,Q29643|Q317623,2,Q29643,Wi-Fi,Q317623,technical standard,1,1,1,1,True,model,1
row5041,Q29643|Q908620,2,Q29643,Wi-Fi,Q908620,certification mark,1,1,1,1,True,model,1
row5042,Q29643|Q11680670,2,Q29643,Wi-Fi,Q11680670,organic certification,2,0,0,1,True,model,2
row5043,Q29643|Q52162346,2,Q29643,Wi-Fi,Q52162346,regional standard,2,1,0,0,True,model,2
row5044,Q29643|Q1334738,2,Q29643,Wi-Fi,Q1334738,international standard,2,1,0,0,True,model,2
row5045,Q29643|Q325668,2,Q29643,Wi-Fi,Q325668,designation of origin,2,0,0,1,True,model,2
row5046,Q29643|Q30282398,2,Q29643,Wi-Fi,Q30282398,label Tourisme et Handicap,2,0,0,1,True,model,2
row5047,Q29643|Q51885764,2,Q29643,Wi-Fi,Q51885764,European standard,2,1,0,0,True,model,2
row5048,Q380153|Q210588,0,Q380153,Dynamic HTML,Q210588,umbrella term,1,1,1,1,True,model,1
row5049,Q380153|Q48270,0,Q380153,Dynamic HTML,Q48270,non-binary,2,0,0,1,True,model,2
row5050,Q380153|Q4025884,0,Q380153,Dynamic HTML,Q4025884,concrete number,2,0,1,0,True,model,2
row5051,Q899383|Q783794,0,Q899383,European Telecommunications Standards Institute,Q783794,company,1,1,1,1,True,model,1
row5052,Q899383|Q1328899,0,Q899383,European Telecommunications Standards Institute,Q1328899,standards organization,1,1,1,1,True,model,1
row5053,Q899383|Q163740,0,Q899383,European Telecommunications Standards Institute,Q163740,nonprofit organization,1,1,1,1,True,model,1
row5054,Q899383|Q4830453,0,Q899383,European Telecommunications Standards Institute,Q4830453,business,1,1,1,1,True,model,1
row5055,Q899383|Q30688741,0,Q899383,European Telecommunications Standards Institute,Q30688741,virtual restaurant,2,0,0,1,True,model,2
row5058,Q899383|Q7835148,0,Q899383,European Telecommunications Standards Institute,Q7835148,transport standards organization,2,0,0,1,True,model,2
row5059,Q899383|Q1719063,0,Q899383,European Telecommunications Standards Institute,Q1719063,betting shop,2,0,0,1,True,model,2
row5060,Q899383|Q294801,0,Q899383,European Telecommunications Standards Institute,Q294801,eco-control body,2,0,0,1,True,model,2
row5061,Q899383|Q58195362,0,Q899383,European Telecommunications Standards Institute,Q58195362,social organization,2,0,0,1,True,model,2
row5062,Q899383|Q50825050,0,Q899383,European Telecommunications Standards Institute,Q50825050,Concession company,2,0,0,1,True,model,2
row5063,Q899383|Q1466031,0,Q899383,European Telecommunications Standards Institute,Q1466031,funeral home,2,0,0,1,True,model,2
row5064,Q899383|Q2865305,0,Q899383,European Telecommunications Standards Institute,Q2865305,trading company,2,0,0,1,True,model,2
row5065,Q899383|Q28136264,0,Q899383,European Telecommunications Standards Institute,Q28136264,platform cooperative,2,0,0,1,True,model,2
row5067,Q899383|Q1132207,0,Q899383,European Telecommunications Standards Institute,Q1132207,business incubator,2,0,0,1,True,model,2
row5068,Q899383|Q16968466,0,Q899383,European Telecommunications Standards Institute,Q16968466,regional health authority,2,0,0,1,True,model,2
row5069,Q899383|Q7231723,0,Q899383,European Telecommunications Standards Institute,Q7231723,Portfolio company,2,0,0,1,True,model,2
row5070,Q899383|Q56342478,0,Q899383,European Telecommunications Standards Institute,Q56342478,tourism company,2,0,0,1,True,model,2
row5071,Q899383|Q11032,0,Q899383,European Telecommunications Standards Institute,Q11032,newspaper,2,0,0,1,True,model,2
row5072,Q899383|Q1116826,0,Q899383,European Telecommunications Standards Institute,Q1116826,private security company,2,0,0,1,True,model,2
row5073,Q899383|Q25112142,0,Q899383,European Telecommunications Standards Institute,Q25112142,dental service organization,2,0,0,1,True,model,2
row5074,Q899383|Q2566474,0,Q899383,European Telecommunications Standards Institute,Q2566474,sutler,2,0,0,1,True,model,2
row5075,Q899383|Q858859,0,Q899383,European Telecommunications Standards Institute,Q858859,Big Four,2,0,0,1,True,model,2
row5076,Q899383|Q1109680,0,Q899383,European Telecommunications Standards Institute,Q1109680,small business,2,0,0,1,True,model,2
row5077,Q899383|Q14472468,0,Q899383,European Telecommunications Standards Institute,Q14472468,payroll service bureau,2,0,0,1,True,model,2
row5078,Q899383|Q7830259,0,Q899383,European Telecommunications Standards Institute,Q7830259,Township and Village Enterprises,2,0,0,1,True,model,2
row5079,Q899383|Q52162350,0,Q899383,European Telecommunications Standards Institute,Q52162350,regional standards organisation,2,1,1,1,True,model,2
row5081,Q899383|Q51885731,0,Q899383,European Telecommunications Standards Institute,Q51885731,European Standardization Organization,2,1,1,1,True,model,2
row5082,Q899383|Q5468383,0,Q899383,European Telecommunications Standards Institute,Q5468383,Foreign exchange company,2,0,0,1,True,model,2
row5083,Q899383|Q220142,0,Q899383,European Telecommunications Standards Institute,Q220142,pet store,2,0,0,1,True,model,2
row5084,Q899383|Q161726,0,Q899383,European Telecommunications Standards Institute,Q161726,multinational corporation,2,0,0,1,True,model,2
row5085,Q899383|Q15277759,0,Q899383,European Telecommunications Standards Institute,Q15277759,national standards organisation,2,1,1,1,True,model,2
row5086,Q899383|Q1395324,0,Q899383,European Telecommunications Standards Institute,Q1395324,family business,2,0,0,1,True,model,2
row5087,Q899383|Q4998806,0,Q899383,European Telecommunications Standards Institute,Q4998806,burial society,2,0,0,1,True,model,2
row5088,Q899383|Q5384579,0,Q899383,European Telecommunications Standards Institute,Q5384579,Equipment rental,2,0,0,1,True,model,2
row5090,Q899383|Q15634581,0,Q899383,European Telecommunications Standards Institute,Q15634581,design company,2,0,0,1,True,model,2
row5091,Q899383|Q1058914,0,Q899383,European Telecommunications Standards Institute,Q1058914,software company,2,0,0,1,True,model,2
row5092,Q899383|Q1416636,0,Q899383,European Telecommunications Standards Institute,Q1416636,non-banking financial company,2,0,0,1,True,model,2
row5093,Q899383|Q835400,0,Q899383,European Telecommunications Standards Institute,Q835400,combine,2,0,0,1,True,model,2
row5094,Q2194|Q20198160,2,Q2194,Windows Media Audio,Q20198160,lossy audio coding format,1,1,1,1,True,model,1
row5095,Q2194|Q2720536,2,Q2194,Windows Media Audio,Q2720536,proprietary file format,1,1,1,1,True,model,1
row5096,Q2194|Q379637,2,Q2194,Windows Media Audio,Q379637,Multi-Band Excitation,2,0,1,0,True,model,2
row5097,Q2194|Q1053358,2,Q2194,Windows Media Audio,Q1053358,AutoCAD Drawing,2,0,1,0,True,model,2
row5098,Q2194|Q2141903,2,Q2194,Windows Media Audio,Q2141903,Photoshop File Format,2,0,1,0,True,model,2
row5100,Q678615|Q1426186,0,Q678615,CompactFlash,Q1426186,mass storage,1,1,1,1,True,model,1
row5101,Q678615|Q3502645,0,Q678615,CompactFlash,Q3502645,magnetic tape data storage,2,1,1,1,True,model,2
row5103,Q678615|Q2248059,0,Q678615,CompactFlash,Q2248059,optical storage,2,1,1,1,True,model,2
row5105,Q678615|Q1536439,0,Q678615,CompactFlash,Q1536439,ZX Microdrive,3,0,1,0,True,model,3
row5106,Q678615|Q655978,0,Q678615,CompactFlash,Q655978,Ditto,3,1,1,1,True,model,3
row5107,Q678615|Q1224765,0,Q678615,CompactFlash,Q1224765,Digital Linear Tape,3,1,1,1,True,model,3
row5108,Q678615|Q379600,0,Q678615,CompactFlash,Q379600,Advanced Intelligent Tape,3,1,1,1,True,model,3
row5109,Q178562|Q681263,0,Q178562,Digital Video Broadcasting,Q681263,open standard,1,1,1,1,True,model,1
row5110,Q178562|Q290378,0,Q178562,Digital Video Broadcasting,Q290378,internet standard,2,1,1,1,True,model,2
row5111,Q2826642|Q2659904,3,Q2826642,Agence française de sécurité sanitaire de l'environnement et du travail,Q2659904,government organization,1,1,1,1,True,model,1
row5112,Q2826642|Q327333,3,Q2826642,Agence française de sécurité sanitaire de l'environnement et du travail,Q327333,government agency,2,1,0,0,True,model,2
row5114,Q18211976|Q428069,2,Q18211976,nickel-cadmium,Q428069,intermetallic,1,1,1,1,True,model,1
row5115,Q18211976|Q4084882,2,Q18211976,nickel-cadmium,Q4084882,beryllide,2,1,0,0,True,model,2
row5116,Q18211976|Q2118955,2,Q18211976,nickel-cadmium,Q2118955,gold-aluminium intermetallic,2,1,0,0,True,model,2
row5117,Q18211976|Q901671,2,Q18211976,nickel-cadmium,Q901671,Laves phase,2,0,0,1,True,model,2
row5118,Q18211976|Q4022771,2,Q18211976,nickel-cadmium,Q4022771,yixunite,2,0,0,1,True,model,2
row5119,Q202745|Q24238543,1,Q202745,neuro-linguistic programming,Q24238543,personal development paradigm,1,1,1,1,True,model,1
row5120,Q13162|Q15836568,0,Q13162,Internet Control Message Protocol,Q15836568,computer network protocol,1,1,1,1,True,model,1
row5121,Q13162|Q8795,0,Q13162,Internet Control Message Protocol,Q8795,Internet Protocol,2,1,1,1,True,model,2
row5122,Q13162|Q1422324,0,Q13162,Internet Control Message Protocol,Q1422324,Telecommunications Management Network,2,1,0,0,True,model,2
row5123,Q13162|Q1254335,0,Q13162,Internet Control Message Protocol,Q1254335,cryptographic protocol,2,0,0,1,True,model,2
row5124,Q13162|Q1128629,0,Q13162,Internet Control Message Protocol,Q1128629,content negotiation,2,0,0,1,True,model,2
row5125,Q13162|Q81414,0,Q13162,Internet Control Message Protocol,Q81414,Internet protocol suite,2,1,1,1,True,model,2
row5127,Q3059271|Q7397,4,Q3059271,EtherCalc,Q7397,software,1,1,1,1,True,model,1
row5128,Q3059271|Q3809412,4,Q3059271,EtherCalc,Q3809412,vanilla software,2,0,0,1,True,model,2
row5129,Q3059271|Q830743,4,Q3059271,EtherCalc,Q830743,Web counter,2,0,0,1,True,model,2
row5131,Q3059271|Q3125508,4,Q3059271,EtherCalc,Q3125508,hacking tool,2,0,0,1,True,model,2
row5132,Q3059271|Q4406907,4,Q3059271,EtherCalc,Q4406907,Self-testing code,2,0,0,1,True,model,2
row5133,Q3059271|Q1200186,4,Q3059271,EtherCalc,Q1200186,remote desktop software,2,0,0,1,True,model,2
row5134,Q3059271|Q218616,4,Q3059271,EtherCalc,Q218616,proprietary software,2,0,0,1,True,model,2
row5136,Q3059271|Q5610543,4,Q3059271,EtherCalc,Q5610543,demo,2,0,0,1,True,model,2
row5137,Q3059271|Q29645725,4,Q3059271,EtherCalc,Q29645725,printing software,2,0,0,1,True,model,2
row5138,Q3059271|Q7201225,4,Q3059271,EtherCalc,Q7201225,Planetarium software,2,0,0,1,True,model,2
row5139,Q3059271|Q12014419,4,Q3059271,EtherCalc,Q12014419,peer-to-peer software,2,0,0,1,True,model,2
row5140,Q3059271|Q210499,4,Q3059271,EtherCalc,Q210499,bulletin board system,2,0,0,1,True,model,2
row5141,Q3059271|Q1760545,4,Q3059271,EtherCalc,Q1760545,XML editor,2,0,0,1,True,model,2
row5142,Q3059271|Q1275377,4,Q3059271,EtherCalc,Q1275377,ENTIRE,2,0,0,1,True,model,2
row5143,Q81945|Q340169,0,Q81945,Voice over IP,Q340169,media,1,1,1,1,True,model,1
row5144,Q81945|Q11016,0,Q81945,Voice over IP,Q11016,technology,1,1,1,1,True,model,1
row5145,Q81945|Q1780543,0,Q81945,Voice over IP,Q1780543,communication technology,2,1,0,0,True,model,2
row5146,Q81945|Q743030,0,Q81945,Voice over IP,Q743030,environmental technology,2,0,0,1,True,model,2
row5147,Q81945|Q41298,0,Q81945,Voice over IP,Q41298,magazine,2,0,1,0,True,model,2
row5148,Q81945|Q386274,0,Q81945,Voice over IP,Q386274,emailing,2,0,0,1,True,model,2
row5150,Q81945|Q10690328,0,Q81945,Voice over IP,Q10690328,speech technology,2,1,0,0,True,model,2
row5151,Q81945|Q48772760,0,Q81945,Voice over IP,Q48772760,Solar energy conversion,2,0,0,1,True,model,2
row5152,Q81945|Q7449091,0,Q81945,Voice over IP,Q7449091,Semantic technology,2,0,0,1,True,model,2
row5153,Q81945|Q6423319,0,Q81945,Voice over IP,Q6423319,knowledge organization system,2,0,0,1,True,model,2
row5154,Q81945|Q354004,0,Q81945,Voice over IP,Q354004,audio storage device,2,0,0,1,True,model,2
row5155,Q81945|Q6764311,0,Q81945,Voice over IP,Q6764311,marine technology,2,0,0,1,True,model,2
row5156,Q81945|Q1415656,0,Q81945,Voice over IP,Q1415656,hierarchical storage management,2,0,0,1,True,model,2
row5157,Q81945|Q19292902,0,Q81945,Voice over IP,Q19292902,vehicle safety technology,2,0,0,1,True,model,2
row5158,Q81945|Q348091,0,Q81945,Voice over IP,Q348091,nuclear technology,2,0,0,1,True,model,2
row5159,Q81945|Q1640824,0,Q81945,Voice over IP,Q1640824,inscription,2,0,0,1,True,model,2
row5160,Q81945|Q7189615,0,Q81945,Voice over IP,Q7189615,physical media,2,0,0,1,True,model,2
row5161,Q81945|Q12739,0,Q81945,Voice over IP,Q12739,nuclear power,2,0,0,1,True,model,2
row5162,Q81945|Q211017,0,Q81945,Voice over IP,Q211017,e-government,2,0,0,1,True,model,2
row5163,Q81945|Q10952243,0,Q81945,Voice over IP,Q10952243,industrial technology,2,1,0,0,True,model,2
row5164,Q81945|Q1186952,0,Q81945,Voice over IP,Q1186952,interactive media,2,1,0,0,True,model,2
row5165,Q81945|Q56297438,0,Q81945,Voice over IP,Q56297438,header bidding,2,0,0,1,True,model,2
row5166,Q81945|Q3631847,0,Q81945,Voice over IP,Q3631847,voice chat in online gaming,2,1,0,0,True,model,2
row5167,Q81945|Q54006339,0,Q81945,Voice over IP,Q54006339,display technology,2,0,0,1,True,model,2
row5168,Q81945|Q1001378,0,Q81945,Voice over IP,Q1001378,cinematic technique,2,0,0,1,True,model,2
row5169,Q81945|Q6941971,0,Q81945,Voice over IP,Q6941971,music instrument technology,2,0,0,1,True,model,2
row5170,Q81945|Q1122355,0,Q81945,Voice over IP,Q1122355,Computer telephony integration,2,1,0,0,True,model,2
row5171,Q81945|Q1392806,0,Q81945,Voice over IP,Q1392806,drug delivery,2,0,0,1,True,model,2
row5172,Q81945|Q1519843,0,Q81945,Voice over IP,Q1519843,health technology,2,0,0,1,True,model,2
row5173,Q81945|Q1916441,0,Q81945,Voice over IP,Q1916441,media technology,2,1,0,0,True,model,2
row5174,Q81945|Q806880,0,Q81945,Voice over IP,Q806880,banner,2,0,0,1,True,model,2
row5175,Q81945|Q11033,0,Q81945,Voice over IP,Q11033,mass media,2,0,0,1,True,model,2
row5176,Q81945|Q6887246,0,Q81945,Voice over IP,Q6887246,mobile technology,2,1,0,0,True,model,2
row5177,Q81945|Q911772,0,Q81945,Voice over IP,Q911772,technical chemistry,2,0,0,1,True,model,2
row5178,Q636020|Q170584,3,Q636020,Web Accessibility Initiative,Q170584,project,1,1,1,1,True,model,1
row5179,Q636020|Q25447168,3,Q636020,Web Accessibility Initiative,Q25447168,architectural project,2,0,0,1,True,model,2
row5182,Q636020|Q21514702,3,Q636020,Web Accessibility Initiative,Q21514702,abandoned project,2,0,0,1,True,model,2
row5183,Q636020|Q47495113,3,Q636020,Web Accessibility Initiative,Q47495113,cultural project,2,0,0,1,True,model,2
row5185,Q636020|Q1437716,3,Q636020,Web Accessibility Initiative,Q1437716,lighthouse Project,2,0,0,1,True,model,2
row5186,Q636020|Q3827645,3,Q636020,Web Accessibility Initiative,Q3827645,technical project,2,0,0,1,True,model,2
row5189,Q636020|Q27493,3,Q636020,Web Accessibility Initiative,Q27493,working group,2,0,0,1,True,model,2
row5191,Q202519|Q240831,0,Q202519,DivX,Q240831,video codec,1,1,1,1,True,model,1
row5192,Q202519|Q5156020,0,Q202519,DivX,Q5156020,video conversion software,2,1,0,0,True,model,2
row5193,Q202519|Q267151,0,Q202519,DivX,Q267151,SheerVideo,2,1,0,0,True,model,2
row5194,Q207434|Q11862829,3,Q207434,human–computer interaction,Q11862829,academic discipline,1,1,1,1,True,model,1
row5195,Q207434|Q4671286,3,Q207434,human–computer interaction,Q4671286,academic major,1,1,1,1,True,model,1
row5196,Q207434|Q7617876,3,Q207434,human–computer interaction,Q7617876,stock assessment,2,0,0,1,True,model,2
row5200,Q207434|Q57204579,3,Q207434,human–computer interaction,Q57204579,social ecology,2,0,0,1,True,model,2
row5201,Q207434|Q184784,3,Q207434,human–computer interaction,Q184784,architectural drawing,2,0,0,1,True,model,2
row5206,Q207434|Q55693908,3,Q207434,human–computer interaction,Q55693908,Electrochemistry and corrosion protection,2,0,0,1,True,model,2
row5207,Q207434|Q2001056,3,Q207434,human–computer interaction,Q2001056,land management,2,0,0,1,True,model,2
row5210,Q207434|Q4785472,3,Q207434,human–computer interaction,Q4785472,archaeological sub-discipline,2,0,0,1,True,model,2
row5211,Q207434|Q190553,3,Q207434,human–computer interaction,Q190553,sociobiology,2,0,0,1,True,model,2
row5213,Q207434|Q60310061,3,Q207434,human–computer interaction,Q60310061,branch of theology,2,0,0,1,True,model,2
row5216,Q207434|Q28800541,3,Q207434,human–computer interaction,Q28800541,hard and soft science,2,0,0,1,True,model,2
row5218,Q207434|Q6168352,3,Q207434,human–computer interaction,Q6168352,jazz education,2,0,0,1,True,model,2
row5220,Q207434|Q11381332,3,Q207434,human–computer interaction,Q11381332,accounting studies,2,0,0,1,True,model,2
row5221,Q238599|Q217602,0,Q238599,5 Whys,Q217602,analysis,1,1,1,1,True,model,1
row5222,Q238599|Q7140480,0,Q238599,5 Whys,Q7140480,particle-size analysis,2,0,0,1,True,model,2
row5223,Q238599|Q1022240,0,Q238599,5 Whys,Q1022240,failure analysis,2,1,0,0,True,model,2
row5224,Q238599|Q13430619,0,Q238599,5 Whys,Q13430619,logical analysis,2,0,0,1,True,model,2
row5225,Q238599|Q4491721,0,Q238599,5 Whys,Q4491721,word phonetic analysis,2,0,0,1,True,model,2
row5226,Q238599|Q550089,0,Q238599,5 Whys,Q550089,astronomical survey,2,0,0,1,True,model,2
row5227,Q238599|Q16914225,0,Q238599,5 Whys,Q16914225,functional specification,2,0,0,1,True,model,2
row5228,Q238599|Q1320931,0,Q238599,5 Whys,Q1320931,combinatorial game theory,2,0,0,1,True,model,2
row5229,Q238599|Q614959,0,Q238599,5 Whys,Q614959,contrastive analysis,2,0,0,1,True,model,2
row5230,Q238599|Q7901834,0,Q238599,5 Whys,Q7901834,User analysis,2,0,0,1,True,model,2
row5231,Q238599|Q886837,0,Q238599,5 Whys,Q886837,blood test,2,0,0,1,True,model,2
row5232,Q238599|Q5377869,0,Q238599,5 Whys,Q5377869,engineering analysis,2,0,0,1,True,model,2
